0.09388159359645942
0.07366191716378535
0.07146959820057773
0.09251586024737334
0.027700008552075054
0.06112570418286539
0.058242779092342906
0.0809019609605719
0.07670569965118351
0.1052313102339795
0.12446883634119837
0.15673267701922183
0.11315373299736133
0.24312817301975667
0.35772547191796716
0.6030428358565283
0.8301109992159383
0.6768493931342993
0.2557010046302141
0.11384165345913687
0.25622705675889557
0.21357369520776667
0.05697699778904555
0.08906888323788989
0.0872900225979645
0.040744103527244634
0.06370840429263218
0.022489115854159934
0.09076200507680723
0.04317299993471507
0.061300349051959316
0.08441648031927534
0.09710783419758057
0.11718670716200784
0.1750787825028038
0.2504247897849595
0.6473320361956715
0.6967326127387887
0.801731044845128
0.3846751452919955
0.39422496309101596
0.29439324682874873
0.24931856127653934
0.22953579544786748
0.19669039914391143
0.06331457814305659
0.10269580434896552
0.08988507749152419
0.05972854523011458
0.05575500755073581
0.022969066497388953
0.04603284708985163
0.026478781908593034
0.04697235628124008
0.0832225480352892
0.1781933576781976
0.10580641869410629
0.13150758642770813
0.4689370262301705
0.07592612888905419
0.16853229867561512
0.09780539000185098
0.17447022422480762
0.08160853818558868
0.09483216391798852
0.10413528213618888
0.07601657684459544
0.13487792267788273
0.12474294900652953
0.17431834071312022
0.1443070783666099
0.0843467716493929
0.11531597746473553
0.0523483291601058
0.12152140400893124
0.10440456769983666
0.10999766954089911
0.04895154884208527
0.15433925500983656
0.13526608002992757
0.105356585009308
0.08671949957444838
0.10331074928518658
0.06455826116259693
0.16533570645389475
0.4108599394080624
0.12001864367280325
0.09964427266400791
0.16686087159170299
0.243629592385993
0.9080585145607134
0.15421141940991526
0.043195557890612066
0.12956605072558725
0.17058960615241162
0.11885896323252253
0.11023071545094347
0.10474562080303666
0.06722479803670386
0.04924467188904385
0.08644921020148122
0.08557845352741614
0.08803432947581567
0.09964427266400791
0.11942948625603865
0.11360988114658556
0.1567187169960107
0.22315057193126686
0.10416985889397902
0.3845490561640637
0.1288316084644024
0.24349922643667482
0.11708311572349456
0.1929902191508002
0.15957948649081238
0.22828617363883882
0.1581933224252559
0.12663243271089347
0.23666083207829333
0.14272851926699115
0.14207790297280762
0.09691633526977332
0.09754770579996185
0.12877476059980436
0.13903584099713132
0.10820955156666928
0.20268561076569114
0.2094848319884636
0.14738981753233468
0.1434269552564216
0.11229665082737876
0.14681459138481195
0.2656562124476227
0.25952227547353807
0.5889070146818894
0.08182057882129129
0.12361332176182338
0.059719572893211156
0.0822698685130458
0.19152701500532568
0.17438987085475713
0.13331221316159741
0.06507331642480811
0.42861662054628036
0.17274718234093162
0.07454834173943797
0.043870749361469674
0.07306810977081805
0.09205313446749
0.08273129806571893
0.08424723313921202
0.10736319519431854
0.08051128465228868
0.08155915386685217
0.24437402840606612
0.2945586244500262
0.20415985197077077
0.1333780389044549
0.0648439935195571
0.13142770393841915
0.20405706807759444
0.3143789326497312
0.23264759626162995
0.18357001217538388
0.056359918390608235
0.1718778067154995
0.10325795267184407
0.14185969726297842
0.20103181813175994
0.08837030376151425
0.13306921463528296
0.12817525052435305
0.13088144210351185
0.07508406461302032
0.114891633651829
0.1443070783666099
0.1589431248325728
0.055204840510535154
0.16690344108839555
0.8213614531463144
0.9918433931484477
0.8219529247261711
0.35382564750964846
0.4604120799774991
0.6521787817882331
0.20082506200254385
0.16002925732807702
0.1617433667681806
0.2083430435795846
0.052246055734359594
0.06721633474588239
0.08301756638988218
0.0349793502703923
0.07481830057359762
0.030785405544261606
0.08855744581682573
0.0668889848629645
0.05493100969347134
0.1395404228349813
0.12095088098541514
0.11509674556841501
0.08761846929227944
0.10596457477586137
0.10490349773434343
0.36874804961156926
0.44726539920318814
0.37901106235775844
0.09071067157028555
0.12019862213381308
0.12041519147284353
0.18247494756467006
0.10334989090517016
0.11482131535414217
0.17781300899585387
0.16951982075168512
0.09511148346890202
0.03393936691405235
0.07562122831765962
0.023517581518222117
0.04088169546890617
0.07625991080998633
0.06758331391284057
0.04305240496283043
0.18591835238425472
0.09758230244284534
0.09762648182349111
0.1109313395383198
0.10359108084893906
0.14993196550375618
0.16099428746604627
0.027082929153637733
0.050710287123836795
0.0490235299869646
0.12532723308304097
0.12518688903703562
0.1758239808492737
0.10581941068825661
0.07357388478660719
0.15558106886400117
0.07971327641577299
0.08364505141936436
0.09492741110690198
0.05585693031024661
0.02632872099999211
0.08459566534607275
0.05248867320611113
0.1208312464608329
0.13586576555581417
0.04328450326755245
0.10649763105634025
0.06610924217359729
0.32448594467946523
0.23503960020323933
0.04079580467446693
0.11928244559113478
0.06102105577364756
0.0888784942790083
0.9759747188948895
0.3034257748776502
0.14946640899601207
0.17154807276557352
0.09941609802245131
0.0556933789221328
0.05764753256852339
0.07915404194718387
0.04553177996090168
0.04980572338837268
0.05667963678579904
0.08383749297151075
0.039083072927812636
0.17259454543279185
0.17100087913021642
0.1052313102339795
0.06753264690939206
0.05667963678579904
0.16527310543399296
0.06468248569553
0.1986240980666359
0.39520461234492055
0.06898472329209096
0.12474294900652953
0.05361734328644216
0.18325359099396205
0.1782355317088023
0.15412002311351555
0.07367159246892672
0.14814581177301608
0.08168023477528548
0.11806942775449909
0.11772752832426416
0.11116289909112087
0.08679849993966904
0.06174462560495572
0.05657274806300856
0.12556966087851512
0.13160064409104907
0.03188243558592794
0.06115942482289839
0.07127162838384535
0.1262775722807751
0.09744073728282086
0.15704898918273202
0.12216906066264137
0.08732243454695078
0.10093799146747627
0.06177650422133571
0.30758235053806904
0.19794535814316985
0.28559955541999066
0.3985770906560326
0.12561987659181306
0.08983265443684964
0.1642973665812161
0.09552144675971605
0.039278488292451695
0.0829160127510079
0.05655865054027516
0.061997184047966565
0.05571487701072149
0.0898910677339691
0.1284082964343974
0.10983518005671573
0.1341804869713138
0.04484782618466497
0.07886911161257988
0.21927101537135732
0.3141861194999292
0.11924968564328305
0.050326253161443436
0.2896053350397641
0.14357195906377498
0.24003350677173343
0.07838673172504158
0.13754268406817494
0.10479284644133796
0.10269118302721408
0.06102105577364756
0.05113226807910407
0.06339608748108626
0.053182382601143635
0.0414280573034814
0.03800828842229776
0.05899221849462143
0.1252203711403273
0.046118026054818906
0.0561454090230309
0.11663455623664948
0.5677991577777138
0.34815768383106854
0.3542297832673029
0.2971335353064547
0.3245362797612952
0.3088977419159936
0.41725860272098936
0.3758357582900763
0.15135537023955142
0.11212200595828486
0.1176681248257327
0.04086436905207108
0.18061058028431573
0.04826759506584855
0.026602978510408718
0.02564307722395064
0.0695086578993727
0.04299210747688806
0.05798209653917546
0.06538914488486998
0.2220819109729606
0.0735402801069579
0.039376195974771225
0.11562599943259769
0.41697906680214325
0.5028025781213437
0.32355630956659376
0.2543330970777407
0.15640099544562971
0.15929049221640743
0.19227278339187517
0.09852609202978287
0.10153620448672097
0.13815762900439646
0.13633185737590287
0.09236315174493
0.06652307780667581
0.0688388154447281
0.041484670328329594
0.04994843256085599
0.026465849755200412
0.02358614589582627
0.032536658212404014
0.06313788126911604
0.13856759229521048
0.03860174459113426
0.11753599690019566
0.08994210758335947
0.08504849187942096
0.09483216391798852
0.1717548357026329
0.10741038219332887
0.08988507749152419
0.10954042051509273
0.19117021359172898
0.16925516364311205
0.14491284797309123
0.11020091239825183
0.08176669426734377
0.07212833093578139
0.1089698974915766
0.05669899458628048
0.07509729371037789
0.042795964855954806
0.08133302260545332
0.07527382894430168
0.0522079851141
0.07963176109041802
0.10132840121607564
0.07980041026076766
0.04546430440052397
0.07195368606668746
0.1659386813133185
0.07930270026873881
0.1883201989395588
0.07550687485434603
0.21153713222178577
0.06266784113018935
0.8098426250089993
0.6613842927056637
0.11536280581664031
0.1037207125760011
0.03215669309634455
0.04533636459626262
0.07020723737574834
0.03126535618749062
0.09413358444161286
0.04045098048028605
0.054026547404336246
0.07036450623365326
0.04133034962116186
0.07083806968166037
0.062435209002180816
0.06120640363919163
0.11162899091120908
0.09593141005053056
0.20135166627825657
0.30517079967853994
0.21277091587042582
0.09438359356793254
0.07388114906010636
0.12978528262190778
0.05005199565102664
0.07044723895238224
0.18058882960366937
0.04141288407290425
0.055835471982606424
0.051491948582393025
0.07480337652100871
0.11224673091624486
0.07806625648497391
0.10064598789489439
0.08747352663199556
0.04269062004717639
0.05221762282606608
0.15681095873644424
0.09473549297125528
0.054838488895485045
0.13103012106753295
0.0659654496209193
0.1853034074480332
0.18857582687669586
0.32237027367496723
0.14030841364530583
0.08916701575209561
0.08951634227333947
0.07227718369290709
0.11904291970218922
0.03709332828384306
0.1014686689435567
0.04140149357166534
0.033404807212056103
0.07629269991963498
0.06960380886896525
0.10137497086926109
0.07131537793951362
0.05403245771217354
0.05326668507363983
0.036299086537288375
0.04305240496283043
0.04813219307811047
0.03805322957030109
0.06273378856452339
0.08249825215567458
0.11908646003262632
0.09331083661515263
0.07904551499650084
0.0922190878775765
0.11845037482876468
0.21896291607807003
0.24560208050987917
0.08295382228928251
0.11544025847106919
0.12934341825189036
0.08137771322662507
0.06524187978961113
0.10018897661860122
0.09133926653611077
0.10873902057511217
0.06168087188445688
0.08703506283935356
0.09921111637704429
0.0378668211717892
0.06576956889623695
0.12668302148576857
0.13426297774166118
0.11144216392681296
0.10136292384469515
0.13562033890100103
0.5454561584283364
0.08042601492966324
0.41286047053798325
0.5214406015462908
0.5815329280199878
0.0915043179956808
0.5754837278420751
0.09092860880104786
0.06958329877745964
0.10659045561170079
0.11005441195303675
0.07701838727041044
0.05396526455001548
0.08133302260545332
0.020775006414056277
0.021666343322910158
0.0848287112561171
0.04196705021586827
0.11893315585294696
0.04305842913540375
0.0276314441744709
0.08824089430382487
0.07397781871592185
0.34257748776508884
0.19248560496965406
0.17450858947134912
0.08420642760338709
0.13791210329037468
0.046143826127590354
0.1584712188301093
0.09838117624995708
0.127473801894544
0.15083154466870385
0.11372425602087745
0.09273642548886157
0.1260778373339544
0.08834708917046706
0.0890418740280747
0.07317844741034052
0.02022649139322311
0.03722662696374153
0.06641405311190555
0.06975099086480548
0.11048510687443557
0.0414280573034814
0.1588607751905154
0.03634725782286571
0.13709622223871284
0.20166865630751332
0.3669171452787386
0.05432547136965939
0.13353530645537118
0.07283936301834613
0.1449551562053841
0.20158471218830043
0.11901175101278692
0.289561192957689
0.08925881325959031
0.08313095768869737
0.08505205124872992
0.0626298083749869
0.0743581673982661
0.0468749113658855
0.058573697080987086
0.05250781914266544
0.04088169546890617
0.09764623630855246
0.11007663290149208
0.09623478756397393
0.07090581685212399
0.031128227432282368
0.0974518369543972
0.3987415520857602
0.17367356847130228
0.41784836799675523
0.299683165585204
0.21747804115022384
0.11851941865359174
0.8629690048939631
0.7809800690011135
0.0781455417812722
0.45382936293135556
0.1376775091315379
0.08050144561330358
0.04349292248262969
0.030973335295291487
0.023380452763013815
0.03702265636859649
0.08343043579585149
0.046215733737138436
0.04428370289140478
0.058383123138348224
0.1547611422823731
0.06806686231273773
0.08902353763691444
0.2959934959678762
0.07376930015124625
0.07103043844007598
0.09347163030564491
0.06825675408672824
0.17982346495545437
0.13711569998503792
0.14547917595522014
0.1591623567288938
0.05295756381718598
0.13253479651070424
0.03352798064842745
0.12853862365311164
0.1182744093999061
0.13088144210351185
0.08715917035656011
0.07541577233435193
0.02358614589582627
0.07194855753789792
0.11956599780679274
0.09781980006593484
0.06161103619647838
0.06784895907290224
0.04220824015963767
0.17281259471074487
0.09273642548886157
0.041481448450508406
0.11652295502213897
0.03517352571092695
0.08862124298616862
0.07382096819896951
0.051971798223942794
0.08176339093781256
0.16070560999917952
0.17484934353227047
0.08266069924232392
0.09557429532984435
0.08919176600968476
0.04719281056033373
0.03390456576487742
0.08506738284395333
0.038590391003097274
0.023928967783846983
0.06998415755130902
0.14206023285551111
0.08120986412866434
0.23071545094383542
0.35959378546434345
0.14154969317074015
0.08902353763691444
0.03664038086982435
0.09613639169593759
0.07631980779403479
0.11419249592169643
0.055605710236962515
0.11920337242982845
0.19226637307333302
0.06087188608506835
0.1272936017978192
0.12374737823351185
0.15433925500983656
0.09585498342185547
0.11885341412258198
0.14006518501330936
0.05256673308790785
0.1779240682133772
0.04223565660415403
0.03133392056509477
0.13696316679984466
0.19488147456564126
0.09047731382788628
0.40316745733393355
0.6512867446671615
0.35751240960716585
0.7265226554306312
0.8206022821573348
0.3980424143556271
0.4872788878872093
0.3091951398310584
0.3074860762595657
0.2777501295266425
0.10202334621443827
0.15544162199953374
0.09698891399773855
0.0868276888835045
0.04038441840884207
0.08592527559419949
0.04582490300786032
0.047152634006909507
0.04113493425652275
0.03419768881183606
0.10174943335409257
0.11355983155554229
0.05158965626471256
0.08334465301856062
0.08646659484131489
0.20015872134088145
0.09611419259208898
0.17935893973122677
0.34731351902787544
0.2374296680364616
0.09634137334134461
0.1502245513306841
0.10786244775692141
0.10356440737268365
0.10761536383873588
0.21486673443464288
0.10851978867879117
0.025163126580721625
0.07454834173943797
0.06357073235018017
0.030973335295291487
0.020775006414056277
0.0379874161436739
0.05047236716813772
0.11719365658046746
0.15147984152878075
0.03449081185879465
0.06721633474588239
0.06217357339742887
0.08435347177235426
0.09834537403868551
0.15480191371403718
0.09593141005053056
0.10281975937445086
0.11885896323252253
0.08694897472885367
0.10722982342990156
0.047035163036444234
0.051971798223942794
0.03757327892707208
0.1453507472606841
0.07275179760730789
0.08176669426734377
0.05716201667333782
0.07643905849452343
0.06190445691294924
0.05697968267829209
0.08063388487532026
0.10944400857447174
0.06934210883369024
0.0570943455135614
0.03387080253644821
0.043186795585232966
0.04543407227858215
0.1395412504060276
0.16654165617274172
0.2616180139026645
0.0470951028780142
0.12478514850470854
0.1764816765382362
0.051628976335922276
0.10371424999817193
0.1647634584013048
0.09318844654774854
0.11728906453162263
0.05776499153276105
0.04992862566528056
0.12304824050337883
0.08922738180256166
0.0367814664248271
0.09042181309718005
0.06636505025568276
0.15960082052153532
0.1301633448335189
0.08518883592542678
0.09201396354800986
0.04084181120956422
0.07549921344529834
0.08856968611359912
0.04820075745571468
0.09345140992775562
0.06116569907350069
0.13213703099510557
0.06292374741377847
0.08260755574100516
0.09641635960587822
0.16025851621049786
0.06409623960161281
0.06632723453657362
0.08840924970105438
0.09909281713699718
0.09508717058601783
0.03160817807551138
0.04543407227858215
0.07264659832771773
0.03585871941126806
0.10259149763012644
0.03531065446613525
0.06979398321013713
0.0421120110797181
0.02447748280468015
0.2396196698767653
0.10845446370731271
0.1723895637873848
0.07227732936204263
0.04553177996090168
0.07971066520452864
0.1732488248077249
0.08172873810414207
0.4477691306078134
0.36704730831973825
0.16354699465530953
0.11086741331026702
0.11023478898324668
0.16313213703099486
0.09225515349177925
0.07177904119759357
0.08033663978319477
0.028317087950512375
0.07607346802331447
0.05772696984058125
0.12041519147284353
0.06057876303810976
0.36524033927043653
0.26688610232006577
0.12668302148576857
0.291755139406121
1.0
0.5548906128374771
0.26635114200304283
0.35663304046629
0.31093504781627895
0.4232870977656955
0.10638078687227887
0.12985350980265767
0.08644921020148122
0.12770915870426436
0.07702060817467482
0.11838732230249328
0.07971066520452864
0.036151842458226655
0.03429539649415559
0.06921463528315053
0.05923969552265656
0.061426312198567694
0.04346981540102867
0.06915936816118488
0.08133302260545332
0.06563477392833203
0.16864345968351135
0.6596309349201022
0.49521398441198194
0.2838901667502557
0.04600669737238205
0.20462759110111056
0.19599161034723794
0.1766719629488216
0.11424005344859532
0.13118825306055448
0.12188301095315757
0.06161103619647838
0.06641405311190555
0.07103113440793621
0.03458851954111418
0.06928379614760524
0.03214582748312589
0.08412957352598453
0.03947390365709075
0.054028729552067355
0.044292587932278395
0.06374537721927409
0.06694136809255653
0.06444395669564974
0.10932801183839742
0.40278893322498355
0.031128227432282368
0.2028407427100301
0.06898032391803641
0.15982005241785632
0.1484502446982052
0.1613546756921019
0.1132397545365923
0.11417477649176383
0.07269821583092402
0.0650396246808363
0.06077641444467757
0.04968512841648774
0.0844374074803839
0.024614611559888453
0.061494493622134716
0.05288526451503611
0.056481779328094485
0.09304810250174274
0.0523713177232688
0.08101426933928718
0.17874621300396143
0.031852704436167306
0.05053194629425556
0.09966183596592205
0.10862629160836935
0.0920367587877953
0.06342058878376183
0.07592612888905419
0.08803432947581567
0.2027258476893903
0.12888791339129949
0.06253291668450035
0.08429719157542413
0.036613377640614043
0.10167089612192996
0.08224116251260902
0.07958117836444666
0.08343043579585149
0.0402787206094828
0.06164963879014714
0.09299525283312571
0.10525803450423386
0.08027679431522887
0.06357585284055725
0.06259344451851757
0.08854494863060816
0.07876483596134956
0.0904660421906412
0.14966720650239257
0.18387322302493567
0.2216266604521087
0.09989686512171149
0.5270078103416952
0.5423797114976353
0.5558946183258902
0.11524565075025393
0.049635502618321975
0.10725832842102824
0.08490814783341516
0.09733896196643108
0.061839027966211484
0.08301756638988218
0.039180780610132165
0.05543589817222967
0.059212131195377375
0.138772573940618
0.08786054562148062
0.0724776206739692
0.04038441840884207
0.07981270517591305
0.07125510659031183
0.06497929330061387
0.29357802494684854
0.08301756638988218
0.026465849755200412
0.08044374631577106
0.15145871012755877
0.11972415388854782
0.12172747375844956
0.13701993520049416
0.09805677068811058
0.034282188802073066
0.07422406936490833
0.030853969921865756
0.10364501593875963
0.0716447050350228
0.06806686231273773
0.056303565104785985
0.038985365245493106
0.09374982273177081
0.07385889017959299
0.05585693031024661
0.03439310417647512
0.12225465119662818
0.17725453010512984
0.11687734441695777
0.10632746971558306
0.08995572127709134
0.04982213633200419
0.11177271622009703
0.1199142625631632
0.03935595274477988
0.18327786532418056
0.19073174979908747
0.04490966733071572
0.11706983263530212
0.04768134897193138
0.04760498060826017
0.06128951197672771
0.05438986157520236
0.03396325913336616
0.04912041610197564
0.03732483529418401
0.10018897661860122
0.14533198659364546
0.1392076177379305
0.11255592489652758
0.10533675134001357
0.10928585249271666
0.07401704626134807
0.292336647829759
0.3005669298558037
0.07788913295831024
0.12838789456786423
0.08774149872293946
0.0673205931181573
0.12609359548579688
0.10841487972432634
0.20464966728830025
0.21441786001095928
0.15609311018040267
0.0657991081756845
0.04048795692928437
0.05496038459871848
0.05229794382230976
0.041962869755687936
0.05990319009920802
0.051345591513607285
0.10461227658724712
0.0678922397984169
0.0635182299514598
0.10231379555055552
0.19990991802576177
0.07455096160980247
0.5562599479282054
0.38548338955571687
0.5073851422469899
0.48888712879536056
0.39807435538062025
0.1901036102695304
0.2513139666261247
0.07044723895238224
0.1328361687252386
0.09508273129806558
0.05794065561548198
0.10003104295867285
0.06827258848076113
0.04586526370895493
0.05536242350276678
0.06796188785944506
0.04855127360810469
0.04294527807772742
0.09378655648072526
0.10478606198579188
0.0337336737812399
0.18848205378558175
0.1246795618736888
0.023380452763013815
0.08266264309732516
0.03126535618749062
0.09640396773983373
0.585632560928133
0.12026191831767223
0.06239358361977303
0.08080425327825237
0.1392076177379305
0.12556966087851512
0.07592612888905419
0.07038188224484226
0.02852278108332478
0.0619858155487251
0.06998415755130902
0.05099630177541946
0.02084357079166043
0.03871098597498197
0.08079863116273499
0.08709984825679264
0.027837137307283356
0.09997669540899548
0.0682976699413526
0.022900502119784796
0.11094737413390468
0.3014370440560741
0.06713154243372889
0.026602978510408718
0.024134660916659438
0.11421774438741181
0.09285812835120295
0.09635538253585837
0.14771778035918598
0.06458477801321047
0.04338221094987203
0.07101208070800245
0.12342755762860494
0.03229382185155281
0.06723397969353412
0.04220824015963767
0.0213920858124936
0.028934167348949696
0.03565347635415601
0.12561987659181306
0.03429539649415559
0.050664200608038064
0.08001964215708868
0.04662377677081937
0.10248514097725099
0.11134854922913343
0.16376622655163053
0.11697712272813843
0.06074803855727368
0.1703431834412539
0.14809884899162837
0.055262888348941996
0.1449220233028314
0.10167089612192996
0.07508406461302032
0.08843106864499675
0.03201956434113625
0.06415652504264911
0.043186795585232925
0.027082929153637733
0.0379874161436739
0.061823394762462736
0.11613883794744435
0.10106173624145572
0.08177496670397567
0.03688763515103061
0.05675958245551808
0.027651274096427435
0.056303565104785985
0.09093974700913474
0.08386688445686778
0.07037343871897367
0.058367966392184764
0.145828465693408
0.1002144216361681
0.08357231551608271
0.08086057439047652
0.058804155276365164
0.026808671643221125
0.06729199431165069
0.09798122650460171
0.03140248494269893
0.02447748280468015
0.050293633998095236
0.07300422147482331
0.07276848411952648
0.11728906453162263
0.04777905665425091
0.07473851608061034
0.13726404101607978
0.0841850481871834
0.037384441284250475
0.033416027353279774
0.03723045703905137
0.01995223388280655
0.060601769575583664
0.10597551067547925
0.03949308149998819
0.6201351666278264
0.2574781010971679
0.15752967192269912
0.05819334839864284
0.08978196068831715
0.1035157309305936
0.020089362638014804
0.077138196224656
0.024915458991480562
0.06898158937310618
0.04015812563759811
0.045071318857772553
0.06774265596312404
0.07090984346819151
0.08878891800992013
0.07139222335572981
0.1795071527919442
0.5392682358424593
0.10635872527818624
0.15496453887181252
0.2506773895817022
0.13581367842414893
0.41697906680214325
0.3294055041692361
0.060062394781232153
0.09643748244937758
0.15497553017944501
0.04357762631451109
0.07550509675103725
0.03181387120832379
0.0787321772452227
0.019060896973952624
0.05721952493972648
0.048553917098790284
0.042218703740191994
0.053833605220228294
0.0806859295213826
0.08576862786858802
0.07871295183633288
0.041278737338059444
0.2995476188440022
0.14199682601818683
0.06579293001008711
0.4465669302731064
0.3515618352441411
0.30713911076824324
0.2572518921753172
0.21789792589140006
0.15372771146587672
0.06595268556568389
0.11351916491103616
0.08871959349970207
0.08050144561330358
0.04045098048028605
0.02502599782551332
0.032801832352632725
0.06618503845257494
0.04428370289140478
0.020225490240143047
0.03974643730495554
0.02947224966118548
0.15537608721859414
0.10742362919718712
0.09711973007011007
0.10234189328902626
0.2969004893964104
0.1722096198513216
0.597527779962536
0.18757311296145004
0.19022296693780405
0.154276392449312
0.11030111787978072
0.14622767484596713
0.10548550093271668
0.1484502446982052
0.131026001990492
0.08196514104514754
0.07719303213950436
0.07550687485434603
0.07497730854171042
0.0367814664248271
0.057096247960848216
0.0526802828696291
0.054730099323700244
0.12853862365311164
0.08173379873594606
0.051345591513607285
0.03800828842229776
0.06268934980191067
0.2212750491419732
0.14348715178498134
0.08825109361929977
0.04051991055325214
0.06441791711659112
0.11437975813717083
0.3101743504515909
0.4173426300488891
0.10553872259624499
0.039287388367175734
0.08103521925957043
0.07054805855253718
0.1080253271295504
0.050046913332141583
0.061824283659241044
0.06028877148821715
0.03485194687467224
0.05045179007985032
0.045915888571194094
0.08200458088158193
0.07607307532416317
0.07782732319388057
0.10090887904917238
0.0844042800835044
0.08900814990624066
0.04491009472180648
0.07838673172504158
0.03729902141665552
0.11010320933071206
0.1471046024312502
0.08246528387768486
0.6428677631346525
0.04367550853384108
0.22466843262115707
0.3803309251922618
0.08334825508489412
0.07101408727885629
0.05089107813533469
0.0654918259102132
0.023449843756687568
0.017552480666661423
0.03726384631236583
0.05082165690632555
0.04511536046352817
0.08301756638988218
0.041541837617670996
0.10659045561170079
0.03712891928142199
0.07718078200619465
0.17735860412351928
0.5182250796938006
0.09624280248482703
0.09166403244492159
0.036133426997385025
0.2968589654541672
0.15858877198637886
0.08373548374783875
0.15565464638776114
0.15042790386708055
0.1609162118994599
0.06321687046073705
0.03825892270311355
0.06764394298434863
0.056101430645750724
0.03883158094686666
0.07492869042178221
0.08199272922397578
0.051646608930077255
0.08129279168985003
0.09646203438114755
0.04691144406314016
0.20876602791662252
0.22173482662053404
0.3696662171788693
0.5972966674434869
0.14775623373693483
0.6816592868795143
0.3221091699039775
0.6005593101841068
0.34261031512437307
0.650897226753668
0.1378829633619377
0.5379061968092157
0.4059659752971326
0.09811232812864115
0.021597778945306054
0.07457469121416911
0.03634725782286571
0.048840963613295124
0.03834920105932794
0.042893672538274336
0.05456384820548104
0.153326270764523
0.06693020939599684
0.22057646966559757
0.0805574412189656
0.0944817123385132
0.12168032663164127
0.1293404800745743
0.07492264884128397
0.05370519109666467
0.11130503345606413
0.10474562080303666
0.051101117853114914
0.03620199137498918
0.09834537403868551
0.021323521434889445
0.0585060311464572
0.03302519662400166
0.05623564784823634
0.07440833728278311
0.06752342406680352
0.08286965680925883
0.02242055147655578
0.08040083896527592
0.04534370942863933
0.07609542725923264
0.07736767700859827
0.03302519662400166
0.12790854673404076
0.03229382185155281
0.07804655509020157
0.05309204020454593
0.05377306779670562
0.022765889980450864
0.05125286305098852
0.07666909753222262
0.09299577607194985
0.3294391182957004
0.349160090391858
0.2797803347724554
0.35802198164249827
0.1342344441855042
0.07439871423400224
0.07142975145940574
0.0707448549159975
0.08769275852831608
0.025574512846346487
0.049541448239992576
0.09585498342185547
0.03393936691405235
0.019472283239577486
0.07522826386441166
0.12083622361086047
0.08698584496525959
0.13845178584677625
0.24495306626150426
0.031950999963532095
0.1305057096247956
0.056634175901024555
0.4230471613714542
0.18957529580271568
0.18656042150559854
0.21453845498284374
0.0901008775356242
0.08196092286729662
0.017621045044265576
0.04498192451298529
0.07783733395478905
0.06292239571195503
0.032700162719315355
0.02696732032019073
0.04869938396395871
0.12514565369377748
0.09520996121652005
0.08330812060190035
0.09535609852527026
0.09337560151546946
0.06664649648152046
0.1111505714346408
0.1455699791570046
0.04162347266812045
0.08944661369888265
0.058038363297801515
0.04655521239321522
0.1573653013462422
0.15194929859645656
0.12361332176182338
0.11622459294583497
0.06295057532380266
0.11581462965502093
0.12811352837944778
0.06516030568306727
0.06656101941021277
0.07344268526746484
0.09076200507680723
0.059029965753738936
0.14512700494823846
0.05294119265737425
0.07410038095642736
0.10269580434896552
0.0646389049301879
0.05135471882550548
0.1840279270960202
0.4075682226826791
0.06668901945222745
0.07066865352442213
0.4631581928370271
0.15860540053747813
0.2484256420824387
0.1880075611682144
0.3000220870892674
0.051980486993990674
0.06042712470648975
0.05796209100033129
0.050807994806156324
0.05978299890339637
0.021872036455722613
0.06884311150427726
0.030875627612971957
0.09484968538802124
0.05579108660445233
0.10531085606362277
0.07684374240131654
0.12887438825448563
0.06887383285679122
0.35120018643672735
0.0981299600447708
0.11372640410160774
0.06732171677490077
0.09228618037753435
0.08785830808669268
0.12747611279422003
0.07787302280866648
0.17096673271366042
0.18903329512500391
0.07318305405732907
0.138772573940618
0.035996298242176726
0.08900159166851286
0.09337560151546946
0.026534414132804565
0.02173490770051431
0.07168883009689825
0.05113226807910407
0.10517379436708643
0.14732383432757118
0.03167674245311554
0.08076276829040402
0.08301756638988218
0.13175836968879487
0.08504849187942096
0.08518883592542678
0.10194283178916734
0.06949651113369062
0.12209932002491128
0.05101189693748496
0.0985215202959629
0.1458637196789516
0.15544162199953374
0.12647367521619066
0.11596419307835092
0.16245083517370548
0.10650198089023533
0.06758756433934014
0.08296434397576329
0.023791839028638725
0.09265170372401683
0.08101426933928718
0.0922345554684377
0.05185583791041176
0.05024316847002113
0.2621626779385454
0.6003262642740614
0.5910044278722876
0.3033728352025323
0.114891633651829
0.22658411529899383
0.2251664199476904
0.4131903985085055
0.6340412534675697
0.38352065855671474
0.10913844955563451
0.08097851454525742
0.03688763515103061
0.08462745974140402
0.07337846942196813
0.10402536462110387
0.03318515876040674
0.036249550140546184
0.03126645834225008
0.06690002258237222
0.029507720060498545
0.07620601258447908
0.16335975906677896
0.09337560151546946
0.09415054765788819
0.11709771770002336
0.1050120783376585
0.06922346018662101
0.06452768135604693
0.0977774257590726
0.0967987396565662
0.7445816825914693
0.28175250524353246
0.6327196457702154
0.273851051287732
0.07633661720300203
0.060628627874438706
0.08389652761594019
0.05712002672429742
0.05229794382230976
0.034610756930902896
0.024817751309161033
0.05290142158005138
0.019198025729160927
0.02785743850536084
0.09580433869218549
0.0695086578993727
0.013232924877600184
0.036299086537288375
0.038594612651552444
0.1184217109712722
0.11387237886361215
0.04230422098175818
0.10999766954089911
0.11771791718549028
0.09092860880104786
0.09663336595231531
0.11662590223069112
0.14309018876718657
0.06694410994469274
0.07125510659031183
0.03957161133941028
0.11622459294583497
0.09064068705973512
0.06272438349457779
0.04048795692928437
0.04714577844363678
0.027358151049468846
0.052982287387930684
0.07416590770907754
0.048559039917953385
0.053931046494914314
0.14512988621703232
0.1128366129885387
0.03592773386457257
0.2483897385314555
0.26981427547405906
0.1342344441855042
0.2141691913306919
0.11039294506500176
0.2050804008389647
0.17407012567870758
0.15892683087545043
0.05498863083852519
0.043195557890612066
0.040590111541654525
0.02605446348957555
0.08076276829040402
0.07876172871399863
0.04112080547965406
0.03533432676221097
0.026478781908593034
0.0790025635050103
0.09851030872711455
0.08330560255779129
0.05390595243245132
0.05089107813533469
0.06294612053849659
0.035565596364309476
0.24570524879427078
0.06595268556568389
0.09954757538352414
0.08777662537403452
0.10497623632696375
0.431372826661937
0.12396439470829615
0.11296355865618944
0.17431834071312022
0.08614897655093227
0.06863973948167718
0.11862036821253762
0.06694410994469274
0.05800618147653044
0.023352136074368042
0.01618119311457848
0.0708119025116152
0.04750340439354126
0.2163473795611144
0.16902779206332932
0.08366348170589584
0.04209852784894572
0.05969451108291616
0.09601491493824249
0.10003170345649104
0.03935595274477988
0.08922738180256166
0.07108046172121792
0.03675050639582235
0.10596457477586137
0.1727064412764785
0.1502515460834163
0.13959250052224606
0.058488561364069214
0.04123264193884233
0.09291107035795548
0.09508273129806558
0.0695086578993727
0.04823798875387141
0.09033281205671699
0.07946341543772521
0.03957702097359198
0.0716447050350228
0.09395893957251897
0.14597806345988054
0.0868276888835045
0.4239105103705421
0.37798615413072284
0.13939779207910238
0.2068671238123211
0.15173296763797553
0.23185681585285503
0.04189283471613327
0.10501563828533135
0.146151913175274
0.1196317353293226
0.09742414636109073
0.07898616299997648
0.13131990589615336
0.06106730144970741
0.08925658354695877
0.06599049638669666
0.056303565104785985
0.06637084506904041
0.054629522263759486
0.08219763980825363
0.10580284316010227
0.13306921463528296
0.0786279216688105
0.21707556248613638
0.5044598293469136
0.275589603430177
0.08031625127519622
0.06391533509887973
0.11256117455138648
0.1521789792589138
0.1614580156550587
0.1378178531775437
0.22419016546259554
0.21444570229662596
0.12951810929423202
0.1992817937555984
0.15230136253748744
0.07424200033698644
0.06446910165732016
0.06618503845257494
0.06525285481239804
0.02599024349699539
0.02931230469585949
0.12677697506408744
0.12444651596364444
0.1377301328361685
0.12513471649119987
0.10017255567965747
0.3483988737748379
0.5286500187472417
0.6149454691798171
0.6292454633453284
0.5386796144575895
0.6180666088091193
0.8569098112328091
0.2896055703950913
0.36624692961377026
0.842946641353439
0.9126623843834516
0.32898308330140436
0.11319978742444539
0.10181795868174452
0.09273509214369434
0.07474800397219007
0.08937199739750262
0.03810599610461729
0.031071042977611023
0.04462940662979516
0.1356327196457698
0.35442777921299334
0.2793014359126871
0.23853685438789524
0.15606257915827773
0.12193833903311802
0.41917138576535085
0.2060065536341521
0.1154046663642064
0.07259364152555281
0.08789953208851527
0.5743585704307422
0.13133294155861425
0.08148820705448909
0.36830958581892775
0.051217590070297074
0.12537869960382184
0.06455826116259693
0.07684374240131654
0.05553706837186069
0.04771697564191937
0.10269580434896552
0.05852346718435403
0.10744850276220012
0.037024763906238906
0.041846455243983637
0.11663455623664948
0.11378135419048994
0.07473851608061034
0.1158238172920064
0.10485748220357627
0.05246902540558833
0.14228150071219292
0.10041205213883479
0.05178507162935162
0.15828542914361077
0.14863922570549576
0.10164331381265061
0.10408834197996539
0.06162403063307078
0.11648812768563219
0.03990446776561305
0.11622459294583497
0.04244943010340701
0.05080454465404339
0.07420335563737608
0.08308888870557934
0.07199649560089597
0.140060591936611
0.09884899590714849
0.030511148033845043
0.06554066948463612
0.101127451200715
0.09837308285162075
0.24931856127653934
0.14929934117673632
0.38358164614399665
0.12956605072558725
0.0868276888835045
0.10618049232088628
0.0867326204314887
0.16154650391185912
0.08333112557231333
0.05764753256852339
0.10851978867879117
0.03825892270311355
0.13400139827545984
0.06563477392833203
0.03412837704336417
0.03771516537533917
0.06796188785944506
0.07434164530412475
0.09391750174784431
0.03743615017186382
0.06819996225903306
0.16219995339081744
0.2777501295266425
0.10181795868174452
0.1395945001165228
0.047152634006909507
0.07010372272923379
0.09536587489954397
0.1056790666422508
0.06096959376738788
0.07573364234357831
0.034282188802073066
0.04827835182594177
0.061891724288489505
0.033220611988640715
0.04491632721842487
0.07587956212764257
0.05178695297608306
0.05661987726829615
0.07958117836444666
0.0650396246808363
0.03985770906560326
0.07683043383350245
0.05725670183924527
0.11277338431501757
0.12339895053508396
0.1807718628551337
0.314535409238117
0.13054657495829408
0.07993474714518722
0.09733896196643108
0.043675333996830615
0.16399153207917389
0.08998877541628862
0.17771908656797014
0.10415638935262041
0.05432547136965939
0.11531597746473553
0.10048633694004178
0.10290078599437255
0.04859977366952573
0.07912291512714692
0.02026077358202516
0.028994754728320967
0.06113829508646056
0.05276149377891681
0.028139812508025087
0.10741038219332887
0.13482517856707124
0.2541568233803126
0.44139464586029575
0.3365182941039377
0.16668781003728975
0.11220286129150145
0.11292344237308213
0.5013851046658082
0.364333143430655
0.10896954032920698
0.1043749481661897
0.10721754547848363
0.2151887671871353
0.030146899777823016
0.05889180080130865
0.11531597746473553
0.10234189328902626
0.08396581629086289
0.04280493403172181
0.04266458998571614
0.06818111975576557
0.06389857863380405
0.062468195436263876
0.07670569965118351
0.05305004939013387
0.3944215835908029
0.26293137312185927
0.36524033927043653
0.20212347248291193
0.10212362120938316
0.10531085606362277
0.05930818662758643
0.44604006040588556
0.16640254852553144
0.31380928686862275
0.19985710427193867
0.24433898409582835
0.058850346279723534
0.026877236020825278
0.07645815373685425
0.08404247461691775
0.0804581059497302
0.0684638695659767
0.036178491565403724
0.06456921830324192
0.02427178967186774
0.06968330276846661
0.06161648653973957
0.05488016036899072
0.20744142515200173
0.4189730409562702
0.5156334201464979
0.2360043599783169
0.6203682125378669
0.5588221037216962
0.29340338007775457
0.11069008851984308
0.09394471256248034
0.04840645058852727
0.07892235158639506
0.06120640363919163
0.08587875239297449
0.08633915089210414
0.05675958245551808
0.09536587489954397
0.04934469750756522
0.0245246282622024
0.0524753012242216
0.05759984235939993
0.04230742644435716
0.09797577156167894
0.09578186902819814
0.09071316073906123
0.07433335842485823
0.06514253617202537
0.026602978510408718
0.09821492676986567
0.11279422046143082
0.06832342731816748
0.03800828842229776
0.07452769262473186
0.06483894925460806
0.06258879040814834
0.06436952527429185
0.05697968267829209
0.08336436332735321
0.10935024617392083
0.1158238172920064
0.10303899127077139
0.05962484282164129
0.0690580473410491
0.04182252570968227
0.06618067072786853
0.07873300980916693
0.09793978570359843
0.07378764437474998
0.05914422010450321
0.031950412118486836
0.1273131100623494
0.20607798254154278
0.1761014399253055
0.13369256184394118
0.1492868578200483
0.06302145509609801
0.06560366470526545
0.1072319496236558
0.07018627363688335
0.10912769641096158
0.13077828976974043
0.09675133663215912
0.0772780803184828
0.0593085306581316
0.0977774257590726
0.02911688933122038
0.033822915087360496
0.0688388154447281
0.07543324550981867
0.07670569965118351
0.09339278783265687
0.05882973223184253
0.07621602223111709
0.05431314580418468
0.027700008552075054
0.26960091237684447
0.3591278427532681
0.14061373721753562
0.11998102506751043
0.07985576217721194
0.30076385988038973
0.634364043919374
0.053000263888004835
0.08429588534739088
0.23535696515146692
0.1276069829264362
0.12540064469549203
0.08081775777681374
0.24551507445309836
0.04739382395067884
0.051717038733890504
0.05772696984058125
0.06637084506904041
0.11273990497391422
0.07006314421747244
0.04750340439354126
0.04349292248262969
0.05221762282606608
0.13911712215881236
0.05800546345310759
0.17239012911296883
0.13539967373572545
0.11011094353860884
0.10688265988546797
0.08373548374783875
0.13939779207910238
0.07572345379763683
0.09304810250174274
0.11400058608681096
0.06343550879455145
0.06536247476149605
0.07211579318703797
0.11745513866231637
0.07761025744112193
0.03664038086982435
0.03791058073997823
0.08199272922397578
0.04940110419398726
0.16849219296201295
0.2523613507352918
0.332842122401714
0.14192495921696532
0.07240139259877283
0.12699933364927873
0.09552627338003021
0.21236774548891973
0.3529572804387753
0.18183399679664833
0.2899091120950823
0.25493777056421124
0.2658611940930302
0.1602729005384471
0.16571222921392548
0.03839605145832185
0.1498485201584708
0.4047020806081791
0.08238195500531353
0.08690967391562025
0.026191592244783804
0.08646003262642707
0.02427178967186774
0.038876002101550865
0.09413358444161286
0.15435117899155856
0.08840924970105438
0.04835858372575635
0.3838448104194263
0.6108453033132069
0.5625728268468895
0.343755613430999
0.2486668320262081
0.1978532582755266
0.5446282917734775
0.20241340327983215
0.19104289351943257
0.35213237007690423
0.14265678574302523
0.08313095768869737
0.0646389049301879
0.08856968611359912
0.0728367726688896
0.08177496670397567
0.0844374074803839
0.03751975001070011
0.031950412118486836
0.07223638815892292
0.07143511941687322
0.06467340941463336
0.04396845704378921
0.08824089430382487
0.07836908360153916
0.060415623230416694
0.11177271622009703
0.09627601555987242
0.1070825071023074
0.0819767454660872
0.1997203449079466
0.1650102245527288
0.09964427266400791
0.13133294155861425
0.10858954880923237
0.04934237957136338
0.133731456755682
0.055400255875174206
0.057644396560876596
0.03140248494269893
0.10391591885605445
0.059084843368376765
0.035565596364309476
0.05325068686414456
0.12561987659181306
0.07835182856287894
0.07325959201494676
0.09141970076576976
0.077138196224656
0.09660720804424196
0.26364618828561326
0.05403245771217354
0.06793685407752798
0.08405705879804015
0.2947636060954337
0.18130971801444828
0.22527482830242093
0.20670999885380742
0.842927056630153
0.08145448059372576
0.23612703006024033
0.08287378683962887
0.042795964855954806
0.05800317405747096
0.043085622123733076
0.05192729702208886
0.06269750800471062
0.07873300980916693
0.03860174459113426
0.047485933607292315
0.10883243999067785
0.0995312809296387
0.12503880369834108
0.3250990445117679
0.19072539588772552
0.20439040963795987
0.12644998545108643
0.14852616045536032
0.11592418200066305
0.172754734300783
0.1344326694917643
0.0816427959659276
0.133950688652003
0.09622821663305008
0.09717908833891044
0.03160817807551138
0.09601491493824249
0.0800633976334273
0.10545054213030002
0.040646395844925104
0.06828614381571532
0.1258391084881336
0.10761536383873588
0.03537921884373941
0.0959953274678613
0.07891988479575371
0.09037960614556675
0.053480214531233757
0.14425666187156277
0.10495060244844369
0.16732696341179168
0.06102229606768999
0.534238654558243
0.1574259036726653
0.0637054088723347
0.08500568361799263
0.0646389049301879
0.11151001510147114
0.13806657169089828
0.09441918080774511
0.06975099086480548
0.09904451176881808
0.07932789677255393
0.09668126627746855
0.07643905849452343
0.08714400104701418
0.13609881146585853
0.12048473549289193
0.06848789445075468
0.0670581786641273
0.03441931755728137
0.12937167487560403
0.11938902216583232
0.11408284340290625
0.26167989345272163
0.7173153111162882
0.2865788201400912
0.2196787975577189
0.20205080400838912
0.07621199220923448
0.06009022462651211
0.10290078599437255
0.06873913397426701
0.1386623164763454
0.08160853818558868
0.08405705879804015
0.0792361969592634
0.06694410994469274
0.06479324643383756
0.08086693078536462
0.15083154466870385
0.08732243454695078
0.1351751286786798
0.29668731325593417
0.304766769541918
0.07338442193432775
0.07010372272923379
0.07716962750491804
0.04191659571507904
0.07669840211865588
0.18853414122582118
0.11424005344859532
0.21309808559368607
0.11859071887476999
0.07999610622321775
0.11107413674372138
0.06764583017472081
0.11273990497391422
0.0583314863447601
0.1435562805872753
0.288160380957641
0.5689815893731067
0.18877487263861545
0.19946234499766188
0.23555720453264434
0.5573408961480709
0.5947969952822678
0.6722352168363342
0.29782866420592874
0.42967453533434186
0.21232948159903947
0.391813063653322
0.18853414122582118
0.1664938906724817
0.7294336984385915
0.20805106960842987
0.45359195669024527
0.15324138394526648
0.16107766697271447
0.14861169292015966
0.08125920263726855
0.046899687513375136
0.07338342905574753
0.07667210440456777
0.06915936816118488
0.06641405311190555
0.027357186664054293
0.09248672631772
0.07433335842485823
0.07131204847354917
0.09042181309718005
0.07686811702766876
0.27137878485249517
0.11648812768563219
0.09995495901288064
0.22633975034569667
0.174580045195929
0.1547611422823731
0.14301110456137098
0.1910224354653315
0.22042853131286297
0.11418869102712231
0.10435438264869595
0.06813615911484379
0.10007150999080541
0.07549921344529834
0.0804581059497302
0.07335084501943877
0.027494315419262595
0.1067350268002792
0.06758756433934014
0.16499650431134916
0.030511148033845043
0.0784850188828431
0.0383274870807177
0.2098352510793414
0.05607666192637581
0.10896954032920698
0.06970389374934458
0.02838565232811648
0.11378135419048994
0.13323806951462563
0.23211372640410102
0.3366085838745038
0.10421553896227577
0.046898034281235935
0.12095082731298064
0.03243095060676111
0.07704888125709919
0.10836634817058914
0.05754105886231435
0.05623564784823634
0.05536242350276678
0.05266597522442052
0.06927727923736962
0.04559531110675719
0.08504849187942096
0.08097591385856884
0.09220603822570886
0.09787928221859682
0.19412724306688367
0.12319396888967694
0.13936660553693372
0.17341242998974507
0.15414619734615156
0.19226637307333302
0.15544162199953374
0.12155411572641983
0.13508290432328976
0.14396197626723134
0.0622270054924945
0.06203206833449532
0.09508717058601783
0.08666953280174942
0.09671405266837554
0.06409466695746191
0.06887383285679122
0.03478393490575324
0.03458851954111418
0.10164331381265061
0.09622932287073982
0.0693340130302788
0.14776229812021272
0.08576862786858802
0.06903328584544914
0.09168855627429859
0.13329299296304045
0.09224174043320232
0.09251586024737334
0.11553520936105653
0.2912789181235124
0.5366719907874864
0.121141055326587
0.299068220648983
0.06231275642650645
0.06500214960131218
0.1756784128105175
0.09343500496523721
0.09948017542390585
0.03860174459113426
0.05197643288229669
0.08063392065694343
0.08199265816284661
0.1750174784432528
0.09309931829497235
0.1685998045285953
0.10983518005671573
0.0712947753708679
0.4200951196490274
0.1624290105442221
0.3895384293626069
0.3680292022439247
0.11197450588255212
0.5166627825681651
0.2800302175277774
0.10630745671516789
0.2724240414874902
0.46865532509904373
0.19903717769031012
0.12339895053508396
0.06998415755130902
0.08725429473567456
0.07020723737574834
0.0787321772452227
0.09909281713699718
0.08363251132610372
0.07550687485434603
0.05252031324477592
0.08603090020146063
0.1666162412038007
0.08055748240724048
0.10238129558180885
0.06374929172161337
0.030973335295291487
0.04902838534405505
0.09088790491726874
0.08462351197982491
0.1540440236293864
0.05667963678579904
0.0724175277389129
0.14315092692575804
0.7055468234912963
0.044566845442695006
0.0904660421906412
0.04347991863219156
0.07227732936204263
0.04586956861717375
0.09133926653611077
0.06949651113369062
0.044208374491778224
0.030484796883693845
0.059466686739886206
0.14244058153785485
0.06784895907290224
0.10497623632696375
0.14007702344527068
0.2915986420171539
0.7942204614308994
0.4565966080267342
0.38178878135661115
0.2822187222993015
0.42082731802080986
0.09249334538799331
0.299075530274004
0.09269903852080544
0.40203275982125364
0.15640099544562971
0.11229665082737876
0.10269118302721408
0.08937199739750262
0.07502328221900464
0.06968330276846661
0.06436952527429185
0.02907129610415795
0.08404247461691775
0.09941609802245131
0.08050144561330358
0.04547147090582903
0.05270000271360486
0.11421981798313195
0.046899687513375136
0.3689116756000926
0.5227031957881458
0.11255925003210043
0.12710710036645176
0.295036122116056
0.4009629394381284
0.11403053494536723
0.15039308087606235
0.09362840039897018
0.10478606198579188
0.114891633651829
0.1121326619643072
0.047514418922563535
0.06922346018662101
0.040646395844925104
0.03488164258807277
0.05646172118654107
0.0648439935195571
0.13237007690514987
0.14169191330692096
0.04084181120956422
0.15957118030841855
0.16173386157072925
0.03483070382290624
0.19311340730376805
0.1051555840938507
0.06810225457671354
0.07180286111677787
0.09711973007011007
0.15414619734615156
0.10257230889580256
0.06932995872678854
0.06989133491081129
0.0977762448591947
0.10858954880923237
0.0792361969592634
0.08238195500531353
0.08215531538631943
0.025985899111971397
0.02406609653905529
0.08614897655093227
0.02262624460936824
0.08802101402332642
0.10370542996970361
0.0860922910709889
0.06136455972094671
0.11509674556841501
0.0772780803184828
0.07078924849630658
0.11745950261567721
0.07761487544789344
0.07178690335154123
0.14285950291881147
0.11638669679728617
0.09719954733905146
0.153462327424553
0.22887809975890497
0.22861803775343673
0.1750543251776775
0.12912758693294527
0.030579712411449196
0.046899687513375136
0.0808240949981153
0.08919176600968476
0.08040083896527592
0.0378668211717892
0.10228584105815101
0.06415652504264911
0.045190782813817755
0.19156373805639676
0.11180826712360284
0.02269480898697239
0.059113147803316814
0.1009953282109074
0.05985670164841956
0.0712947753708679
0.08935818619158487
0.055302548192854684
0.04257847849217474
0.1131180836278287
0.2294849718410769
0.3911049794367783
0.4677667053368158
0.7451692155943659
0.059150374576376515
0.07154509438359354
0.024546047182284304
0.036444965505185285
0.041846455243983637
0.01967797637238994
0.03284050676532097
0.03714325134048114
0.07424200033698644
0.07912291512714692
0.32309300782371825
0.04678288792832087
0.0418383550578479
0.018759875005350056
0.053456755633195935
0.24312817301975667
0.4929808572041138
0.07053761246273768
0.03297946562759428
0.07631980779403479
0.05595606695449088
0.04437894965356187
0.024820304692700912
0.05616497084154985
0.042408878081364024
0.035426962313123825
0.03957702097359198
0.06066561483387969
0.07410859939408042
0.04890056334629251
0.030148742971169745
0.08911968422277768
0.06721633474588239
0.03673808855214388
0.07519654043803094
0.12351433232346751
0.08715917035656011
0.07970170123514335
0.060508003384538156
0.020500748903639718
0.022668182298131334
0.07085392462624786
0.03880743772394672
0.021597778945306054
0.12298909383596343
0.10905023535658598
0.05099630177541946
0.03256064240886334
0.043334766400874664
0.016455450624995087
0.07768804360929732
0.0583835227398152
0.015975499981766072
0.06548590072244238
0.05683933863228628
0.024614611559888453
0.0495028535893203
0.025927918955205975
0.01474134118489143
0.030213562353244974
0.01651259831200083
0.08666953280174942
0.04744682452650514
0.057877220628688525
0.07563500423067246
0.402728993541292
0.3921212645397727
0.7025963083647667
0.4088222060144443
0.1563267809374531
0.22887809975890497
0.05246902540558833
0.06065927085799371
0.09602357058850602
0.05440569212372595
0.05655865054027516
0.048839728009964514
0.03654267318750482
0.11171499674687865
0.06680961442411239
0.058156741408269375
0.09997669540899548
0.32120623835295153
0.09445154296179935
0.12225465119662818
0.19117021359172898
0.0843467716493929
0.05667045574532809
0.12101600676907631
0.15823817292006495
0.08441648031927534
0.08764379104061992
0.06907933139990882
0.07670569965118351
0.03976733901040475
0.0816427959659276
0.09962107966785881
0.04760498060826012
0.07037986483337179
0.04681420019948504
0.06514253617202537
0.05851775024935618
0.1580408486088868
0.07537185742792447
0.057877220628688525
0.15185225777810837
0.12000000927955476
0.06089009147568146
0.07378764437474998
0.18093208438128192
0.025094562203117468
0.06516030568306727
0.3814708421026436
0.2999196950771966
0.07549245239980894
0.07494372056701451
0.4327637633372401
0.22322501184834978
0.0748894775403857
0.08176669426734377
0.07971066520452864
0.10044100624948687
0.0857608948962945
0.07387555348403606
0.04140149357166534
0.08199272922397578
0.14529319665543547
0.12188301095315757
0.03726384631236583
0.06863543355390314
0.0659510860918422
0.15269432205414227
0.49599142822668163
0.20284114849534765
0.14708056021391627
0.19292406876229556
0.1277971572676081
0.0682976699413526
0.08236636579723577
0.08855709302956224
0.07645721217488648
0.12570523951471596
0.036133426997385025
0.08177496670397567
0.08240262145366066
0.06251940184917029
0.0785364716849216
0.07133361260167638
0.04486132954110061
0.031852704436167306
0.11956599780679274
0.06693020939599684
0.06653969512477667
0.10636476520228678
0.06009022462651211
0.12025168958284758
0.06861853900238256
0.08767254456016182
0.08650225436180294
0.09954757538352414
0.10459588764462
0.1661777774111592
0.37205206596096563
0.19439909467810246
0.12913843660648336
0.08881141732734099
0.10999766954089911
0.08448711569539823
0.07891988479575371
0.07970170123514335
0.057282611645222754
0.09470817921058144
0.04054868816260558
0.06089009147568146
0.0748894775403857
0.039767026704049344
0.022831937742180647
0.055550025905328794
0.07562122831765962
0.07038188224484226
0.03292748894168213
0.27313555319091437
0.1262383255568346
0.05473417794220161
0.10457361454501696
0.08749707941604469
0.09572642840512355
0.08862124298616862
0.09125605917264491
0.114891633651829
0.04703203903502481
0.04462013959733126
0.31567173392695913
0.07059305514083936
0.029276989236970405
0.06702899804812709
0.07092364931086236
0.07169572662185737
0.04914696420672432
0.1626700670700265
0.2331537422769161
0.11511958999736156
0.3229316498589895
0.22616510547660276
0.08809293753754469
0.04841869587194758
0.059334394445675086
0.10531085606362277
0.03414506004686477
0.06483894925460806
0.2608859566217406
0.08532917997143209
0.12811352837944778
0.05964621955239903
0.09183177714238827
0.051646608930077255
0.0876252621766488
0.07597296667443472
0.04630846920371674
0.01954084761718164
0.04317661031911967
0.05013547791634063
0.08103521925957043
0.04280493403172181
0.04329359490659977
0.06887383285679122
0.27503342617197485
0.13325744393257044
0.3282647236072043
0.12931241616141942
0.26066672472541963
0.37198101133250233
0.24656533145607148
0.5048983165504716
0.6397241554909632
0.18985482221380443
0.13656490328594723
0.10817875992043158
0.040744103527244634
0.09552144675971605
0.08855744581682573
0.06828614381571532
0.040399315581367494
0.0561454090230309
0.06641405311190555
0.04112288541267556
0.10281975937445086
0.09093974700913474
0.04659422327387422
0.0619968352220838
0.05575500755073581
0.17276352063294934
0.11698904684222768
0.13521395657331767
0.0903071226821149
0.07087374323285096
0.044635409820299156
0.09430822931070679
0.07211917328028755
0.08330560255779129
0.05637733269836951
0.049202748528948966
0.08424745626232477
0.10630745671516836
0.06315482070254032
0.07936194646812614
0.05448919915729722
0.08352735249822135
0.08646003262642707
0.020912135169264583
0.0867326204314887
0.06820720635874354
0.07980041026076766
0.19319505942670673
0.1376776308894562
0.07133361260167638
0.05807402783071179
0.31173800232189525
0.10106173624145572
0.07738885940123903
0.03414506004686477
0.09225515349177925
0.17361945365982742
0.15683989745979934
0.0903071226821149
0.1082092001268886
0.055204840510535154
0.08879049172687008
0.06280496988539776
0.05567094077776613
0.035565596364309476
0.06866885121138419
0.051646608930077255
0.07841554622316174
0.1327416901380813
0.08280298714333048
0.02228342272134748
0.08522669611782384
0.1378968627857772
0.37313268753798495
0.16209737313652015
0.1395945001165228
0.09588003313255199
0.06497560874248859
0.15927612061363824
0.31077670064860874
0.6063854579352107
0.10301252976814337
0.372517505777292
0.172754734300783
0.07211917328028755
0.06065927085799371
0.03647624888540574
0.07150555228068549
0.06275753258677182
0.026602978510408718
0.07399837399196905
0.02941001237817902
0.1342344441855042
0.036064862619780876
0.09578186902819814
0.10736319519431854
0.11675600093218332
0.09162679549698127
0.15763088531807232
0.4410142971779515
0.19669074807737102
0.07634716102707113
0.14122582148683274
0.06106730144970741
0.12871326852220555
0.16486475642464296
0.050807994806156324
0.08814210752506003
0.08313095768869737
0.0639968849785742
0.2985318107667203
0.10260052747812985
0.07993474714518722
0.03871098597498197
0.05192729702208886
0.06231442020376327
0.14244058153785485
0.08065960169505866
0.08527236448936033
0.11838522401322668
0.05784294793316245
0.20415985197077077
0.2572518921753172
0.40054190730011147
0.05866381123035984
0.10513346617581619
0.15850466103993127
0.09403051082378241
0.16025851621049786
0.08345172054419778
0.0990057071786406
0.10160801677930542
0.0772780803184828
0.10347238405965975
0.056920826729568434
0.0561454090230309
0.05377306779670562
0.08599394080633886
0.06702899804812709
0.07297346576493349
0.12133122966775889
0.1409927755767884
0.08670723600721043
0.09128368376257735
0.14181163370424799
0.3419546536858593
0.07113119272861895
0.30594944367143084
0.16674856633328333
0.10440571330344764
0.07006314421747244
0.16738582097593435
0.11735181266222254
0.5186054283761434
0.17604202804665284
0.12874802897346846
0.036064862619780876
0.0619858155487251
0.12342755762860494
0.054991307179413806
0.05985030769557563
0.0528241313061756
0.021940600833326766
0.05411515438747871
0.033709150400238364
0.08236757619536485
0.1104912922209531
0.1216499650431132
0.6176862601267716
0.19095179162754725
0.20946417358066635
0.15574604561733346
0.20547925591797497
0.24812865925045055
0.4706724993029308
0.33908179911442454
0.38491286653220075
0.20914722909003391
0.22445490172079238
0.3211719142636852
0.3531319253078692
0.08051128465228868
0.029756939880199423
0.06186522057684017
0.025437384091138233
0.03485194687467224
0.021460650190097748
0.07036450623365326
0.14167988417316688
0.12491260778373312
0.08287378683962887
0.1247543678088556
0.05377306779670562
0.063736900947272
0.45649412432164826
0.5206245630389162
0.17020678260062383
0.046898034281235935
0.07911030155634927
0.1486832906082495
0.1314104697498767
0.15497553017944501
0.11253492332850672
0.09109350942140547
0.06096959376738788
0.11335484991013527
0.0556933789221328
0.055886358110048516
0.0657991081756845
0.03726384631236583
0.07912291512714692
0.06169947526754222
0.048817836854151996
0.04220971876203763
0.03263436589472354
0.13221848434719408
0.21265493943116662
0.09554882311815428
0.08400418203416693
0.03757327892707208
0.05800317405747096
0.05641830649426935
0.0903969056245382
0.07354257801608283
0.22240508526672123
0.24616345669390188
0.1126459405655666
0.07031236704882822
0.09979648758741554
0.028934167348949696
0.03757327892707208
0.0808240949981153
0.05868067601555111
0.036349107915462114
0.017826738177077982
0.05571658626424129
0.16683547310012123
0.08599394080633886
0.042103213801693594
0.07585423612699346
0.04823798875387141
0.0872529603113418
0.22815194593334853
0.08578734507654887
0.05487071220752887
0.09093974700913474
0.13400139827545984
0.27053216005985514
0.40804269092794393
0.14169191330692096
0.12747611279422003
0.07282691041215704
0.1312202954087048
0.05952456878684745
0.09121683220616675
0.04448906258378955
0.10435438264869595
0.03955515077817474
0.04469097017542845
0.06525285481239804
0.09853123893337583
0.06531718104111929
0.0533675134001396
0.07754232187769218
0.07666909753222262
0.04196705021586827
0.024820304692700912
0.043089087902913395
0.09337560151546946
0.056369952486956865
0.05248811816348212
0.09101185056075974
0.08557845352741614
0.07645721217488648
0.13730587432620978
0.06478019337784953
0.035104961333322846
0.09014263771554511
0.09378655648072526
0.03722662696374153
0.045190782813817755
0.061494493622134716
0.03116875065993055
0.0501230774299499
0.09101185056075974
0.03703121159910246
0.06436423665783442
0.07037986483337179
0.027425751041658446
0.09292000588587453
0.11439238925650572
0.25407291980584024
0.24957029700941707
0.12893345496107633
0.045582310833508326
0.0562916049869226
0.40293637846655694
0.06784895907290224
0.05894449932237096
0.07142975145940574
0.04645387922786857
0.024408918427076046
0.10062744041124275
0.05693618943180632
0.06832342731816748
0.07410038095642736
0.040255565115646985
0.03955515077817474
0.029898550789776664
0.02755356641410791
0.052678292504654
0.03291067878832382
0.03700852313067398
0.13989054014421498
0.196987361236239
0.27918900023304516
0.25602937809165977
0.2369896799227744
0.19261244465159585
0.1268358361794461
0.15601665486049154
0.12095088098541466
0.08224161095930822
0.2000620859173457
0.16254952225588395
0.11355161966907472
0.032829781259362596
0.08260760309906814
0.02520858203843915
0.0379574596212041
0.04716323661066491
0.07563500423067246
0.020323197922462576
0.014261390541662413
0.03123409771813189
0.1132683518020496
0.1751898743989203
0.671405266837564
0.27338217471202525
0.013232924877600184
0.13518539514599326
0.12964281249771503
0.17102603290783167
0.15391356095381598
0.2871792852153702
0.24865295108243732
0.7810935627788475
0.09838117624995708
0.067653779227305
0.11908646003262632
0.03147104932030308
0.046173191135857286
0.024306071860669794
0.044797710157108574
0.042264058320724184
0.05441621999533917
0.02216343506054025
0.39184803790137873
0.1279903214707815
0.045223114456754636
0.056197256898260266
0.11909152956152796
0.07317844741034052
0.09418467304193436
0.0889620341066886
0.04887480568121304
0.06426931182655582
0.04872036864141019
0.06986710077862508
0.15637380563971062
0.10185251665023114
0.06126224571741694
0.12155411572641983
0.04182427033852917
0.1305057096247956
0.03820370378693682
0.048553917098790284
0.09088790491726874
0.06949651113369062
0.06047544049270733
0.12364678952492596
0.025505948468742382
0.04910794477585707
0.13301489255204335
0.1306369235296442
0.06998415755130902
0.020706442036452125
0.2351780935697103
0.06784895907290224
0.029800843107457134
0.05076810224336049
0.046997395195694666
0.11011094353860884
0.07693959206242525
0.12503880369834108
0.11544025847106919
0.15806619724728974
0.20813022022637193
0.292336647829759
0.051085232746055
0.06702899804812709
0.061426312198567694
0.11395945001165209
0.01995223388280655
0.084877406379636
0.06848789445075468
0.07053761246273768
0.08900814990624066
0.27087419196464135
0.12444651596364444
0.19599161034723794
0.42333679179544614
0.18774323427594403
0.14833598611418794
0.16266604521090613
0.15852084102078606
0.2790039634592229
0.12125725574887741
0.21253786996038193
0.09916386326039568
0.11908646003262632
0.11372640410160774
0.03867030896873841
0.07073339918684515
0.03791058073997823
0.04799766373393065
0.0556979725005826
0.04750340439354126
0.11559077138196205
0.04220824015963767
0.028942793252322945
0.07946341543772521
0.07575676316065301
0.05178695297608306
0.05178695297608306
0.09318844654774854
0.0724175277389129
0.06735026800279621
0.07621602223111709
0.08595880220976039
0.07892235158639506
0.08051128465228868
0.04381263728904938
0.10757071492113372
0.051903233846338596
0.06488009487395728
0.13806657169089828
0.09558510679586449
0.023037630874993102
0.03673808855214388
0.05257940774171992
0.037384441284250475
0.06619040538658885
0.07297346576493349
0.20489085723206965
0.26912774327370226
0.23498697597847334
0.26590538336052155
0.09997669540899548
0.11838522401322668
0.03830141146925635
0.11158903522728232
0.08681583094303302
0.1898854942456379
0.21154105806014398
0.1418472986217247
0.37963064444527045
0.10668780539751212
0.14096610933426837
0.1471046024312502
0.09535609852527026
0.02701436477603358
0.05923969552265656
0.060946467177179685
0.03781287305765871
0.032732073577043067
0.01960941199478579
0.02447748280468015
0.06566647077930712
0.0790025635050103
0.19729337400333513
0.08116041607838884
0.03979634072194407
0.4987525641297961
0.10836634817058914
0.06966140764581248
0.2701622885608672
0.3218679799602086
0.06614810093032295
0.1139697948463568
0.14029363784665536
0.11860445590954768
0.11728906453162263
0.07971066520452864
0.049202748528948966
0.13986994985266432
0.06531846176482187
0.05726037077030322
0.05712002672429742
0.0349793502703923
0.07085392462624786
0.0781455417812722
0.07544045099714335
0.09183177714238827
0.15200722514839185
0.3898750895643352
0.5124541135177901
0.1715372557371765
0.220568203577078
0.3563867153563957
0.21098021306119272
0.1097305948562646
0.36226729554157555
0.10877972315040473
0.30202038700414857
0.17079302869454102
0.20827030150475087
0.12052920749938426
0.12741680858526436
0.040744103527244634
0.056934227324611994
0.048237604935280114
0.04618787423183204
0.2166085745949491
0.06047544049270733
0.06395427336702038
0.022969066497388953
0.06307117029568711
0.2013946273011862
0.15865579354510834
0.34706817263896594
0.19272896760661806
0.046429064175601435
0.21649965043113442
0.30300884787791926
0.1998732325718097
0.30123615641650486
0.18346105483581984
0.23327895595432227
0.21185421606564822
0.11347986854348302
0.03675050639582235
0.08979336005164956
0.10792457137834129
0.18527149848520127
0.0816427959659276
0.07006567866499841
0.07816165422170658
0.1669604948537699
0.07523491538603919
0.035996298242176726
0.07521512223174835
0.13892540761115035
0.1254177728317284
0.13664685463633497
0.29153726501673133
0.16989046842227903
0.11753599690019566
0.09225515349177925
0.19397782799547664
0.6308552784898627
0.2290414830812129
0.14914671820619183
0.13255545564227114
0.07775060148712726
0.09345140992775562
0.131111391774909
0.033048030005198424
0.04980572338837268
0.05245881276983547
0.054267737348105645
0.08995572127709134
0.04134431969530011
0.13635500262034989
0.13936145420647844
0.07650511525619308
0.0487561334774462
0.12853862365311164
0.13534977354777372
0.2761102763633859
0.20101637991062682
0.11648555818468533
0.07525126245603954
0.12503880369834108
0.24168943105461488
0.13342867998774072
0.07199649560089597
0.0802388740534092
0.06619040538658885
0.3219651596042571
0.12141691913306886
0.06898472329209096
0.05535462861425596
0.03664038086982435
0.042811215019061044
0.05305864118699824
0.02406609653905529
0.041481448450508406
0.10588900592294152
0.15806619724728974
0.11536280581664031
0.09182008855744565
0.1443965792343319
0.47022789456392516
0.07461331892819059
0.06948877779301227
0.14644690674228814
0.11578954820925702
0.07115103341196043
0.08538124009435288
0.12162202686960832
0.05018912440623504
0.09552144675971605
0.06445417751831237
0.05641029271733026
0.08404247461691775
0.04491632721842487
0.044185151880757126
0.06828614381571532
0.045223114456754636
0.12386602142124646
0.11605686320205075
0.039380864356999265
0.07778130553936283
0.030148742971169745
0.13942886266997154
0.16412045643146694
0.29209884470514097
0.15722092202725826
0.10992076919743696
0.13811609468209773
0.16157390758842244
0.18783500349568816
0.13711569998503792
0.07623123140591827
0.06458477801321047
0.11931950594267067
0.10325822316709239
0.11581617377377006
0.0724175277389129
0.05209702785418115
0.01995223388280655
0.07923560941505466
0.05646172118654107
0.023928967783846983
0.16025851621049786
0.047789371190089865
0.10817875992043158
0.07885009963186179
0.07438234438299177
0.10229994338854935
0.28432935554983674
0.5296642615110306
0.3045131039895779
0.30126239918698017
0.3115285246718432
0.6175762519356682
0.23440072988455618
0.084877406379636
0.11027364384935776
0.10023602460407988
0.07912291512714692
0.07207607530420163
0.0613828406893014
0.09285668536942386
0.05606100297914243
0.060059622104285115
0.07912291512714692
0.07543324550981867
0.11429477904439357
0.05227361004094927
0.1227840055988629
0.10058726799619096
0.41415527976265915
0.13047801058069033
0.03116875065993055
0.481911848352132
0.6087480660916895
0.19965946758327344
0.2807450945475329
0.38234042718345845
0.2691409004195439
0.10169436056847606
0.07939435304101848
0.10761536383873636
0.09081533192882901
0.07870425077916361
0.04701525541189116
0.05963107579925511
0.04610624544079001
0.059714743128019325
0.051345591513607285
0.09339278783265687
0.07831197767115
0.06256735824559993
0.04250284180899622
0.039193365862520695
0.12281519459333447
0.13217208918560844
0.13540413091448952
0.042702142073854615
0.05204417098998293
0.2185742006318279
0.2102669323516319
0.45443952458634224
0.12696681983126643
0.2906908782657214
0.11292344237308213
0.08336436332735321
0.04357762631451109
0.0668889848629645
0.057821746954325966
0.05329859955144085
0.05595998919614283
0.05309024616044314
0.037505036256135174
0.10208085941274399
0.09546751926836207
0.0495028535893203
0.14613621954163564
0.10105595118570843
0.07245642398654585
0.05390595243245132
0.17634403115684397
0.03985770906560326
0.025231690958325774
0.08035280499958951
0.10960216465622682
0.0999249607560195
0.10327592138602593
0.07709136135011024
0.0792361969592634
0.0724175277389129
0.07891988479575371
0.07643905849452343
0.01501559869530799
0.040559429295631465
0.04450407495312042
0.035696111677865
0.04767804926263513
0.1306497723851887
0.09135399673735695
0.04139083397525468
0.05245881276983547
0.05780482400480696
0.058142592208315996
0.11101214039046516
0.23351200186436663
0.1561896521822447
0.06390199992706398
0.028934167348949696
0.05305004939013387
0.07625991080998633
0.06722479803670386
0.04045098048028605
0.04064050552513684
0.08016779305523156
0.26633342536820015
0.027357186664054293
0.02180347207811846
0.06445417751831237
0.053711814598593796
0.02208193620421411
0.07549921344529834
0.07055468057482513
0.05466384402639113
0.04633973195421999
0.05117094664451337
0.02941001237817902
0.248027790942611
0.15414619734615156
0.1322926841574929
0.2308093327284133
0.07522440865902563
0.030991098677074065
0.04816988738352902
0.0836645672484038
0.06810225457671354
0.03839605145832185
0.03935595274477988
0.04856071811280714
0.04396845704378921
0.06976328517614554
0.03712891928142199
0.07629269991963498
0.0527427504663581
0.06770206545724501
0.061494493622134716
0.06342058878376183
0.18181871947611244
0.0646389049301879
0.06009509181036357
0.14961547424842644
0.23543583437098056
0.12233139814700089
0.35789795288082554
0.41670265765804937
0.27803839172532
0.048612143721339394
0.0897226590822014
0.14740146819567582
0.3998789788891214
0.1873593014175363
0.2331220645068952
0.3067512123104942
0.10630595836365055
0.1420522802671317
0.035036396955718696
0.09280507849195335
0.08018513344979342
0.1188236878058682
0.09473549297125528
0.07366191716378535
0.06533110510359541
0.032681237380748025
0.11372425602087745
0.16661143757807495
0.47740225215317417
0.13553976206404986
0.03853654933653789
0.05305864118699824
0.12817525052435305
0.12458147410673347
0.21379585615962263
0.23325180446138224
0.18017886631285535
0.12114415243560579
0.03901313085675917
0.06576956889623695
0.041911361665079534
0.023037630874993102
0.05599727435625242
0.03803323646752985
0.050776549092933755
0.04944393847271836
0.02180347207811846
0.051917595139965994
0.06315544162199938
0.06668901945222745
0.035696111677865
0.04977378769176207
0.05229794382230976
0.0570943455135614
0.04348657240438153
0.021691105474935992
0.02173490770051431
0.1051037054299697
0.05149405299475792
0.03441931755728137
0.25803594196956997
0.27712724539099254
0.05739486071399244
0.05536242350276678
0.04377597479413849
0.03943667692758632
0.054874521988207414
0.08646003262642707
0.08040083896527592
0.03817358051353551
0.054150278391235325
0.06918961468078323
0.11201268695032908
0.09298531810766691
0.022668182298131334
0.04510251948486994
0.03038993291493913
0.015221291828120447
0.017141094401036557
0.174580045195929
0.1306369235296442
0.22402537390065866
0.28810138783249806
0.33330015543197133
0.2883353705249374
0.4397557803784443
0.15145871012755877
0.039835903388008895
0.08557845352741614
0.19657739794542448
0.05266444077022738
0.020569313281243822
0.020706442036452125
0.07946865532509899
0.058727569331158185
0.033887187099594825
0.13552441841686766
0.07269821583092402
0.23900859854469786
0.38584813752459113
0.0805574412189656
0.21134171685714673
0.5415986949429028
0.1428571428571427
0.08739221626660447
0.1462943756233907
0.03572204073176016
0.08729399661551145
0.06017689097045493
0.04162347266812045
0.04953779493600244
0.09887358524067666
0.029894068635407726
0.08922738180256166
0.06661903475731307
0.08109997669540896
0.06928379614760524
0.02550170508539774
0.046023419790709966
0.06231275642650645
0.051875194815645585
0.07783733395478905
0.0938901667777766
0.031539613697907226
0.07809800690011134
0.13616482827917803
0.25715901438428695
0.04120719094009184
0.08617124424746597
0.03791058073997823
0.032732073577043067
0.05344610222878362
0.05305004939013387
0.03712891928142199
0.08834708917046706
0.08139954668327434
0.14029363784665536
0.053190393436139675
0.05712002672429742
0.05643844684202965
0.05266597522442052
0.052191506979155755
0.0570523023516106
0.06017689097045493
0.028042830440095767
0.08412957352598453
0.0955101780025757
0.42618069856653285
0.3931396083440534
0.2886846498991507
0.07211579318703797
0.02901918164890085
0.05693618943180632
0.1435968920901175
0.037916100815092835
0.09741319039850811
0.07397781871592185
0.11419249592169643
0.09326664866023789
0.12868912314030373
0.03297946562759428
0.1497738094220011
0.057568813758826165
0.07338342905574753
0.10873902057511217
0.03263436589472354
0.0583835227398152
0.08273129806571893
0.43854203074271514
0.15752345742799678
0.0424387031898181
0.0629195542440668
0.2207652321034646
0.26336446259360363
0.6357073235018017
0.18716339636502177
0.22955022139361414
0.17591126558413314
0.24589542313544263
0.19930270954829357
0.05149184758071387
0.07963176109041802
0.1614580156550587
0.1827079934747139
0.11276528629132705
0.14425541831740832
0.07386700783356577
0.07227718369290709
0.03764184330467622
0.051085232746055
0.07053761246273768
0.07300422147482331
0.09413629888015795
0.1520963808920804
0.0627283320491394
0.13675469811722585
0.3453566035684175
0.07432378532289423
0.2971460107238489
0.5562349395323947
0.5098952075781731
0.4113639686447992
0.2495743344790921
0.7618308397147447
0.4022372407364244
0.2509937017452124
0.22364502521831442
0.2667560778089098
0.2378666075080574
0.09360947868576548
0.06674186650061713
0.06287215287380452
0.04787620383821757
0.05326668507363983
0.035093136818441575
0.09536587489954397
0.17361920298298716
0.11771064176928957
0.17956392137663382
0.16754359457256368
0.25787640662928063
0.6094150547657854
0.6192029829876451
0.29400241609947064
0.18738644399213122
0.4635670719247062
0.3291036782732893
0.3220445209251761
0.5710990899156597
0.45513866231647526
0.07912329175518489
0.1840735175755906
0.12668302148576857
0.16335975906677896
0.16469011155554905
0.08128101105027376
0.14246224355794576
0.03243095060676111
0.11535772547191771
0.11866878889135064
0.08500793050390003
0.12980657189466302
0.13133294155861425
0.11640287617169252
0.14118534123058887
0.0766549741614356
0.1709390480348758
0.0337336737812399
0.033048030005198424
0.1012940240744628
0.18366355428477654
0.4426291986716756
0.22032805580239448
0.3130069725366669
0.16640254852553144
0.2207652321034646
0.09038156562763532
0.18267853307222104
0.15882357797212227
0.07259364152555281
0.08296434397576329
0.09306166701483087
0.05250781914266544
0.021323521434889445
0.04872036864141019
0.10181795868174452
0.06813615911484379
0.14624406836129583
0.5180449710060261
0.3797781593205557
0.5151188749080823
0.08839611439146952
0.06993497492633216
0.3179265320264378
0.06837734905861317
0.2540200419482631
0.1754656840922081
0.4175758820035189
0.15016812922604064
0.11794676022058516
0.09147385810374924
0.10564119537097862
0.10347048587705461
0.11055020213643965
0.09640396773983373
0.11171499674687865
0.11007514358362154
0.09613639169593759
0.07592612888905419
0.06009022462651211
0.06859079298831118
0.15630715783904173
0.08373548374783875
0.13380004516474445
0.24874803825302322
0.1886223978315871
0.22605453274294987
0.1170445195274635
0.11605686320205075
0.0924247298096096
0.08080425327825237
0.11260713020957197
0.20827056427237775
0.2150257460320652
0.19296201351666237
0.20671172220927467
0.1227840055988629
0.08199265816284661
0.04124348038456021
0.0545938338961958
0.036151842458226655
0.04209852784894572
0.09531577720810994
0.05868067601555111
0.29219630378375316
0.14399039643030656
0.029756939880199423
0.0797154181312066
0.11859071887476999
0.16518494214864451
0.18820136569357016
0.16542018784354284
0.273851051287732
0.11519968471879939
0.11167094396521285
0.44907946865532417
0.11838522401322668
0.03592773386457257
0.13181030426995413
0.09984152911531868
0.09640396773983373
0.14307718849416728
0.1012198923232108
0.09663336595231531
0.09710783419758057
0.058367966392184764
0.11334289039784842
0.06419394728393236
0.039835903388008895
0.10399493809018306
0.23142427766463436
0.1991185069295663
0.14898302901322616
0.22445490172079238
0.18547285097772362
0.167170978415053
0.19535891203985806
0.1134386191729762
0.6261943602889756
0.3183707257755527
0.18058882960366937
0.18547018428738868
0.12083622361086047
0.16255044480784314
0.06671313940883428
0.17207381694945867
0.16756000932183604
0.04394976604425768
0.12826458230331894
0.08471256057103403
0.11387237886361215
0.11683741742382
0.10375038963129117
0.20629721443786375
0.10648536017417172
0.6688765156747328
0.40749040999833036
0.45050438767812095
0.15091019510672563
0.610839983844582
0.21906315544162133
0.2735093962344522
0.26214194850994627
0.2818108443793356
0.23280575234338505
0.11314549612601761
0.22756226442935404
0.08266069924232392
0.16451546668645514
0.08871959349970207
0.05862254285154492
0.07946865532509899
0.062453100472512256
0.1657379807701125
0.03483070382290624
0.06624238971466467
0.16014934495910782
0.195797229212711
0.4137336948834528
0.5143609286106878
0.1507295054100629
0.7724881738408098
0.41106771075053483
0.8047075273828903
0.3834365866650625
0.4396856293982646
0.4450407495312042
0.4218130971801435
0.4419651688838119
0.11463963935413214
0.36830958581892775
0.260570144688101
0.24399367972372238
0.1307249495229921
0.2034865450540788
0.14637883998388823
0.10310870096140076
0.1627690179955165
0.11492700820609936
0.22120498338767755
0.19549922272485312
0.18931282986075548
0.4476975067580082
0.6305235412722922
0.3414994212482559
0.2738112337570139
0.2365488187998122
0.25602207511348857
0.2570478516379437
0.0826886393906004
0.11299748865594425
0.2314273318633092
0.19397782799547664
0.10876663565437515
0.14795563743184417
0.17198788161267722
0.1518913992466734
0.09334050823874174
0.0868729644774945
0.10269118302721408
0.08465767026304472
0.18481248859842617
0.08568963739422933
0.14154969317074015
0.18582214071591147
0.28346684194278177
0.2034865450540788
0.13335771444006433
0.3492887237737264
0.22721701048313983
0.2279187307131679
0.3441940772236409
0.12437578097392088
0.3074724681106746
0.2390888257895513
0.3183407131204842
0.24057054158262567
0.16925491948280805
0.173536164542053
0.2162666045210901
0.1323808107731772
0.15433925500983656
0.09796014411194016
0.17259454543279185
0.14262409694709835
0.10359223354953609
0.11814259307099795
0.18247494756467006
0.19900785723600517
0.12913843660648336
0.045663875484361335
0.23724073642507523
0.20761260581578836
0.15910501824554713
0.36076072520335234
0.7294916182052262
0.47634584013050485
0.09907558987200488
0.6869097203133965
0.0748894775403857
0.08697314480876296
0.20939919804358814
0.2843106400521941
0.11119134247962703
0.1420522802671317
0.11395936535658371
0.18061058028431573
0.06038334767347071
0.0909033350802331
0.1656956420414817
0.09697773578990096
0.1294118479985812
0.14061373721753562
0.22721701048313983
0.2801303700266182
0.27838392133567913
0.6225292571014107
0.23459614524919523
0.15574604561733346
0.21514142984226745
0.5108362420996618
0.26222278354981843
0.3193027188278484
0.3824283383826605
0.3446325410162825
0.101127451200715
0.2003176648507052
0.24454310297068976
0.3185439453541081
0.1623780612285313
0.1091394811509169
0.19302695628961675
0.18285317794131495
0.3243999067816354
0.1783772824731753
0.2683398410966475
0.23068147584167975
0.3171754835702625
0.411348398842546
0.3371786565413756
0.19424287245122857
0.2122001975605355
0.22721701048313936
0.20042884327233668
0.13718158597662236
0.2750656688228953
0.4211139594500109
0.8738367543705369
0.26943600057825157
0.21192914955172273
0.16353338853468755
0.23764737561173688
0.07836908360153916
0.20723644350659468
0.09477645184994558
0.13936660553693372
0.16080167793055183
0.10503822051155538
0.25957056524381555
0.09304186040882642
0.17551809343937114
0.2773283488458
0.18922346946617577
0.22003171273604583
0.21201887107999634
0.30553192261317513
0.7646236308552747
0.21618348258587267
0.3921212645397727
0.16245083517370548
0.0986743510380546
0.11509674556841501
0.37101677818688095
0.2223011428692816
0.0995312809296387
0.10688265988546797
0.08557845352741614
0.0619968352220838
0.06796188785944506
0.0678922397984169
0.0881312223209576
0.06808241413958878
0.17419969651358477
0.11115248443647097
0.09106355992180346
0.14651918402989353
0.42104599135488774
0.19111622661700364
0.21224546171523292
0.08344284754424564
0.24722664352364676
0.10698991213988726
0.6190445691294924
0.25964097446771406
0.6186346058386794
0.4432533209042174
0.1328281062238116
0.09954757538352414
0.09902364077624241
0.04953779493600244
0.11069008851984308
0.029345553614574558
0.09429155688727346
0.04738822592497279
0.09163893266209028
0.10345484159758776
0.057644396560876596
0.09403051082378241
0.09020503896973969
0.37094036857477736
0.5749242600792333
0.33465826899361617
0.2959100289636367
0.14771778035918598
0.11199454871250485
0.05656561152342036
0.14154969317074015
0.5623298140628292
0.3559262432133718
0.21277091587042582
0.15841522619630577
0.10628088693937154
0.12011924420857023
0.042893672538274336
0.03400793129165651
0.035104961333322846
0.0582014380858465
0.07112863095626938
0.06800711515465732
0.17933169119040637
0.037024763906238906
0.11529578359940741
0.15906810681619746
0.058965364739565915
0.12699933364927873
0.15036923228984922
0.2525373871415673
0.1641661769482673
0.1916086773843705
0.1429730979065354
0.2631088324399903
0.09032563394162463
0.0748894775403857
0.12513471649119987
0.0781455417812722
0.08911846921358452
0.11948138349483074
0.1199142625631632
0.2495921696574219
0.36681426240969395
0.09370229315439559
0.13636223951153162
0.11719365658046746
0.14724331211392072
0.11943278315080387
0.1580051270100206
0.09702372854329476
0.14459337128973027
0.15241363396213062
0.24192422142315997
0.36611068565128485
0.39543091280986237
0.25358434992434503
0.194928699701337
0.17903268454667942
0.2628590436886277
0.15770431679179303
0.44220440458702787
0.292303826350548
0.18123614713695058
0.08862086786381522
0.13743763504510992
0.5362319843850157
0.06760447631768791
0.13395820124649951
0.10778422733233547
0.14315092692575804
0.27324985757299114
0.2195206414759638
0.20817668395993078
0.35787731731439515
0.12444434535152507
0.3325747867186389
0.3249016703474114
0.6899682184403562
0.16116104730836225
0.13784005286418835
0.16123547740981567
0.1173469264657574
0.8725429473567455
0.26220134799966516
0.20410489547465566
0.1655633359010186
0.20563951874890124
0.17606924353979608
0.35486532062701925
0.14757491438434708
0.11961966059721053
0.13842927056630105
0.13819622465625717
0.12167370245803884
0.13329299296304045
0.06862823849676049
0.0657242596771499
0.09032563394162463
0.34048007457469065
0.1464525317051458
0.181743242049935
0.18181871947611244
0.06077986582987816
0.055111902151298256
0.07932789677255393
0.08133302260545332
0.1012198923232108
0.026808671643221125
0.05992690764441064
0.07980041026076766
0.04895154884208527
0.06210641052060955
0.038985365245493106
0.03627055575259334
0.09451664756250172
0.08925658354695877
0.06313434678539183
0.03859008394822414
0.026534414132804565
0.04934237957136338
0.10207410859939366
0.43649498951293314
0.37181729616006043
0.37996833366172805
0.3642334562818042
0.3896701079189282
0.3800272351483302
0.10092676383330319
0.10556554738466474
0.10059544459808714
0.15613251296994782
0.1926466076072725
0.05005199565102664
0.1089582524714327
0.08522669611782384
0.03407649566926061
0.04023602357918308
0.10009321836401765
0.07493346216244631
0.06947098578419941
0.017895302554682135
0.052393030992895696
0.048362558253545164
0.06982116288780862
0.0409492896601157
0.0754349247280341
0.1876559118413973
0.09695688637002323
0.35140680661259455
0.0656709608692512
0.2655999169180056
0.2787856045345953
0.2660539935776496
0.29651205874762615
0.3578320403493031
0.26945956852498065
0.34721840915511437
0.13665299759569652
0.12843383673165548
0.12551852714984804
0.04785731968792503
0.06770206545724501
0.05623564784823634
0.017621045044265576
0.06861958354840757
0.0167982725130158
0.0421120110797181
0.12573408499523855
0.09601491493824249
0.07453884474906888
0.0747580766453894
0.0965351901316971
0.22668578079569734
0.25520214853185996
0.07947208647200359
0.2385848782095971
0.0547143733281084
0.0639968849785742
0.14681459138481195
0.028385652328116524
0.05464580895050467
0.2385848782095971
0.14755054060412273
0.07953405340809848
0.0425700250752917
0.06948877779301227
0.05125286305098852
0.06273378856452339
0.025163126580721625
0.0599031900992085
0.17604202804665284
0.14646381579697768
0.24798734088833474
0.14332323467723093
0.04015812563759811
0.07946341543772521
0.05290970534412807
0.09593141005053056
0.09600074162529547
0.17851316709391707
0.07276848411952648
0.06784895907290224
0.11512467956187335
0.06790683921207447
0.09418467304193436
0.17664879981356274
0.05989480926187305
0.07399837399196905
0.07055468057482513
0.02756287979686675
0.05052929321968037
0.10184106268934978
0.08249825215567458
0.07994284170877547
0.09924966186109103
0.06834755040474935
0.04123264193884233
0.058211156585920194
0.2973872006676183
0.3180283066199948
0.32291836295462434
0.45382936293135556
0.13061513933589827
0.3661313292628647
0.3294055041692361
0.06822155571612523
0.15412037406861992
0.2533573137231958
0.3237007690515023
0.6337862299417681
0.14646381579697768
0.26328543030659046
0.17823936844555585
0.10425409703493994
0.14550359521461578
0.157274180149274
0.05807402783071179
0.15404334653926813
0.11403053494536723
0.16690344108839555
0.11745950261567721
0.21204439040682013
0.3731065019808894
0.2569255349234208
0.25336604297153714
0.1929726725810747
0.14049314224565115
0.13952657035229107
0.3008558077341611
0.11422028063153243
0.13856362269549602
0.1783772824731753
0.0612279892005026
0.07452769262473186
0.08344236070088015
0.15448215898427375
0.051980486993990674
0.10370542996970361
0.08995572127709134
0.025231690958325774
0.0926270703637258
0.050417164076878206
0.07894780731418131
0.09262688283891592
0.1590098041243958
0.1869404886344302
0.24665612050013064
0.36681426240969395
0.10531488399996863
0.40360592112657506
0.28397255714668385
0.2642788126126336
0.3756700069913763
0.353297599627126
0.16268261707243198
0.22554676863003467
0.15704498748031695
0.2896390649602553
0.2890241200240343
0.10680181901029581
0.050905702488475854
0.03174530683071968
0.07439871423400224
0.07986882128628373
0.09449653853268047
0.07563822715522617
0.10251653815812017
0.19358176445125763
0.19665012259973305
0.2653441413280457
0.11203419300517496
0.22285950804288693
0.6802475909893605
0.16875253923260336
0.2799557251575243
0.267901377304006
0.23023917999472263
0.3473515138639718
0.9902120717781403
0.3829961979229262
0.18265550193744529
0.18107667210440395
0.06143368233331472
0.10232698489549591
0.05002633334760009
0.03798466519269699
0.10858954880923237
0.032362386229157006
0.08749707941604469
0.10592710803282411
0.1041715217897923
0.11410460470322169
0.040060149751007926
0.22269415351245406
0.21172679804160352
0.42718174902843076
0.365882078769517
0.1872839913369067
0.21184422621090293
0.1807718628551337
0.09098492908070187
0.10953031188019502
0.19511887404250886
0.2883043012168065
0.3963712685479887
0.3889173840730818
0.1845681474081049
0.03647624888540574
0.05629135401300404
0.13819622465625717
0.10290078599437255
0.12234910277324625
0.13901731579874588
0.14244058153785485
0.09870048306828691
0.1573550270536052
0.41851369007638883
0.656351228593588
0.37143251340481137
0.5356170394487937
0.19844430279096834
0.1997095774660332
0.4332022271298816
0.19198719524040905
0.27914430750522823
0.5230292234564503
0.26244283471026164
0.8699060929567239
0.40962425174549427
0.3462036629617324
0.13918568653641655
0.36988909357961025
0.36114107388569655
0.4705196923793975
0.09880126812757443
0.1804560892824747
0.21489700552440072
0.14989955005265587
0.19568939706602498
0.1462684004323386
0.08803666084372368
0.12526124873363928
0.3541046232623312
0.7055652711393617
0.4925098651770314
0.5200055187667377
0.39503215961786614
0.3121050468540731
0.8040571144753679
0.6432207844976566
0.4818975076511773
0.9529247261710541
0.5096672343410564
0.5609415054765771
0.7964694793334306
0.35789795288082554
0.21598559464546008
0.259534130159983
0.2964343975763222
0.17115197171202381
0.059513879760399034
0.12687101758910338
0.21836401771148875
0.14812484639640966
0.5215526813471593
0.4630622232579808
0.11032008356507092
0.20730345961446123
0.14616110592423104
0.2545872035956384
0.16107766697271447
0.20147411271880653
0.15592223511227193
0.09536269794386276
0.19739732452705303
0.16716324589021944
0.19022296693780405
0.15879557487865
0.06026808791404427
0.19051251790276694
0.0551943239713378
0.12027484742683774
0.16972480239709262
0.08217216083072626
0.07767760744402744
0.12383621201417852
0.16070560999917952
0.18410626893498
0.16224508338823473
0.20047204920815975
0.13680501071808956
0.19621254720710724
0.21528572218701622
0.1361723863910697
0.14174748646570193
0.16970147572313338
0.14835040468620583
0.20170193908060233
0.12883583423318223
0.16100289122660716
0.10395286576459338
0.15595786810085394
0.18591835238425472
0.11536280581664031
0.19818563427399435
0.13032061136613404
0.1176083105527308
0.11859071887476999
0.10216882881374081
0.05168736394703209
0.0786279216688105
0.18294103938475825
0.15229032584988225
0.08139049937216955
0.06369630679425188
0.1500199425516614
0.06993566515622927
0.15072274591253113
0.09707895236716654
0.20414821719878778
0.08676442189974416
0.23094849685387975
0.20344719978569362
0.36249373938249924
0.556849016654809
0.1265248654040135
0.15651348278458552
0.1940202282438996
0.05677130465623296
0.06259344451851757
0.058729751307838605
0.10137497086926109
0.033318319670960245
0.10392569422140811
0.08995572127709134
0.13635500262034989
0.11608656400818235
0.14287220684876029
0.07621199220923448
0.09116979874481725
0.17967839664413832
0.07523491538603919
0.14358162758488713
0.1117138606204937
0.12392379262298484
0.17724248597233774
0.15040643374902143
0.17998938687936888
0.10214394118632321
0.08246528387768486
0.1287390505485837
0.0943052680138188
0.06077986582987816
0.033322287515615036
0.11027364384935776
0.06554066948463612
0.06452768135604693
0.08382953716507302
0.07290995368906297
0.09707895236716654
0.057114126544253956
0.11782628090748778
0.08510339130031216
0.09659657247962776
0.10890697970038048
0.2693398072287938
0.45687927193252686
0.7249508516087865
0.9170470223098668
0.6142260046032538
0.5076244144024169
0.670699943772084
0.46159156731256706
0.20870996542702064
0.34946438305689703
0.19424287245122857
0.27423226589503075
0.3288562885038168
0.3794904125312883
0.20971465610745693
0.3320443996863749
0.2028407427100301
0.18873113099952257
0.32160335586110367
0.36425075739920704
0.18814065214577694
0.25863710399396916
0.2217964388653364
0.35258322853295476
0.6546259613143786
0.297366581216499
0.38036537662081593
0.2399227760223609
0.22418605273361833
0.6747957768753942
0.9291540433465381
0.43292123509983016
0.13877430027079182
0.32466481164556293
0.2961822919293875
0.17290386467895516
0.1532762092654273
0.3041249126077833
0.16116104730836225
0.1438526471557861
0.15309508713885636
0.07315819090362378
0.3227093513842033
0.10792033034892583
0.42973665812164896
0.313416935827481
0.2850151479841524
0.2711886105113233
0.18463090195544343
0.1748627092327844
0.12752974234371167
0.31415930742769244
0.5532509904451155
0.29724868943995647
0.3205823777174196
0.3038448596022221
0.19563960013186968
0.4756467024003718
0.14148072399868167
0.1379632474351786
0.28237222056335837
0.09283616727601383
0.10669678909292866
0.3130069725366669
0.12995858660122725
0.18062278720926533
0.16971824418902617
0.15673267701922183
0.28515541540429584
0.15095836918367603
0.45362438128594856
0.42846279066059734
0.5693311582381698
0.4548970240835103
0.4774870701866814
0.5080400838965271
0.20948527089307567
0.26637299931871483
0.11745077883590244
0.19248413416947704
0.3253633911219386
0.19813753880652776
0.1984464810519824
0.26975584535576547
0.18216657171532774
0.11155034899332791
0.127473801894544
0.12518688903703562
0.16942437660219034
0.1614580156550587
0.2805872756933107
0.20557846280697092
0.24265485554376065
0.37613571730831374
0.22076118436687997
0.26975584535576497
0.2865825419435277
0.2187592789988078
0.2916888814143265
0.08262007501299619
0.47145187601957494
0.32202616493458003
0.5374326881521719
0.40363551619669
0.12741081774466892
0.159556272243338
0.14840671127475216
0.13723916709681466
0.06301447665653452
0.06357874486551691
0.1052313102339795
0.06076897192044451
0.063736900947272
0.1337683523654155
0.19156373805639676
0.1976979918142965
0.44729005043662884
0.27930364037936023
0.2867693219245562
0.2904589915418839
0.3437556134309995
0.27243066884176137
0.26860380866642053
0.27254813734296307
0.241263396644176
0.4765823255715457
0.43497105155390076
0.20614898583048705
0.26633342536820015
0.36978688831443784
0.18948968296688312
0.1498835846781612
0.1627990933665487
0.10142057424767359
0.22721976229317112
0.04559531110675719
0.0490235299869646
0.15490999888629092
0.24817050663513449
0.5373822622019374
0.8654834266739341
0.3067570254009498
0.5523941650782193
0.6138037532912227
0.5776382767572564
0.3618611150554789
0.6017838910778384
0.4374523913995959
0.877804512868443
0.6273851515265491
0.29893281799202415
0.1501559869530799
0.13712875520829246
0.42224063231384207
0.3609508995445242
0.26356611839860156
0.26651334336472016
0.17811877347367092
0.12233001826405339
0.07672353853903932
0.26240969470985726
0.26094163460325936
0.24589542313544263
0.2749941738522483
0.24561639496554147
0.44963774042951343
0.2632872099999211
0.5891601089509656
0.4511768818457228
0.42624096947098467
0.33584208326757287
0.41078321739586116
0.1556411371614116
0.37668341947915196
0.2291245150393016
0.3205414352694767
0.797250058261474
0.6159746910562267
0.4439524586343499
0.35752776140342796
0.15652770707588967
0.09455027671611739
0.12096211071157999
0.19395547157980192
0.29387089256583476
0.22212363048893793
0.2601217080216308
0.5265927507053662
0.1315064762447524
0.49064098396592953
0.19102035600515094
0.2913542395077194
0.4914938242833823
0.3826469081847384
0.27953914482868597
0.45722026728783455
0.2642015729920132
0.3205458010768937
0.3880608991266492
0.3097333529529149
0.3877116093884614
0.32722493315113016
0.2565055051987125
0.26735540764075405
0.18290878130216315
0.36760700148554576
0.3506814851212345
0.40492131250449964
0.27507433017106464
0.35790811008577167
0.40579824008978266
0.6487562473590822
0.6520624563038897
0.3313013166711316
0.10648047841923908
0.16405119861449347
0.29113299677953375
0.21345310023588174
0.3091951398310584
0.39540959399032755
0.13562033890100103
0.2873456070845949
0.21769727304654488
0.394179704117885
0.19942137961416412
0.1950245339097848
0.3474438889650623
0.29008512756497074
0.17956591313628725
0.12428417191044398
0.2033887211369521
0.08378566943226663
0.2308716501828516
0.2057610623632774
0.2492182281969977
0.08707675955726583
0.08735101706768215
0.4089955721277081
0.1566010384478699
0.5292472617105543
0.30468692387825597
0.487607010765102
0.39618098479631797
0.3335511764213311
0.22322129295854076
0.48846422745280754
0.3106185445668536
0.5010487065951967
0.3859804383016004
0.402728993541292
0.4511768818457228
0.13075226809110665
0.40483874967905475
0.41697906680214325
0.12183889900256788
0.3038820722233888
0.122387414023401
0.18027067387953585
0.30300884787791926
0.3464976496154498
0.5612397451246853
0.3348608937694695
0.24700552096993578
0.37635502117945946
0.5530179445350701
0.27114469688290643
0.43766021906315444
0.32653907431187446
0.16750277448692907
0.41153727429628606
0.4323062901636086
0.4250906469660122
0.13582603203381363
0.4193906176616719
0.2787232753672113
0.4779771615008148
0.21490023989849807
0.2514681699904771
0.34980191097646174
0.24607462055330728
0.22983264772757445
0.22076118436687997
0.25304973080802745
0.2279187307131679
0.3424402220530744
0.25529955547986555
0.2505963515763632
0.14993196550375618
0.12721540238002987
0.32896465005043557
0.3417800088167654
0.28517910148347114
0.42717315311116205
0.18925978065293256
0.2126089354326891
0.22833976285118482
0.12027484742683774
0.08031571486665473
0.1582282513990748
0.33776317682760587
0.34863668142624
0.07233541837237435
0.21748552577695038
0.1448350554778258
0.17377164474843199
0.12614061787451503
0.3136797949195987
0.1177377571950355
0.082551510635392
0.22268376311106405
0.8075040783034244
0.9405048352161892
0.7674201817758088
0.24260817519939668
0.18217555129421634
0.5236541598694909
0.2033296869069453
0.1594807423072439
0.20479530214173824
0.24806385716678486
0.4842694010720113
0.3506814851212345
0.37050190478213585
0.15990893271908427
0.24331321309824716
0.22896990677113135
0.18547285097772362
0.18244725980733886
0.24684629484130297
0.2854399290096689
0.2887284074544811
0.278160092817457
0.3500349568865061
0.14604212429683128
0.7748776508972252
0.18515605799551232
0.33345745330941284
0.34980191097646174
0.3193027188278484
0.7410181795654225
0.5466400591919894
0.23798695466399147
0.21476148573833026
0.4343417894365335
0.3058288486995459
0.17992106697923727
0.33766777468958226
0.31526177063614513
0.0766028229385126
0.12294998784210692
0.06708445399069854
0.06500068984584222
0.0626298083749869
0.11027364384935776
0.22209275227219738
0.21879343252814892
0.2312896506184336
0.0913963153463266
0.43334766400874664
0.2705833206988842
0.24023908818587106
0.3425039884508369
0.24106934879747358
0.3106515970865597
0.3170371999267524
0.3442155575213853
0.31036452479276283
0.24266245933551778
0.2155117684618746
0.26240969470985726
0.08111165870570475
0.24225124543447316
0.19674616570324102
0.08419705569789135
0.2078605549010354
0.07123838833070764
0.23094849685387975
0.3602889769284541
0.3478288700036539
0.09338468229684695
0.39917594212010377
0.31032237303636534
0.5419230287983772
0.24456420274723853
0.1538895996532624
0.354497976350718
0.7192805937335703
0.5174643823291102
0.28628350919622736
0.5246219278956513
0.3973170771886261
0.21538261978603684
0.09509879173695052
0.18393552308108507
0.15535521488805534
0.19355891867499186
0.15603916866429204
0.1389403242583739
0.23501993748795524
0.1667828461165111
0.1700389103573976
0.2266376651549392
0.3538402806617555
0.21588305159559837
0.3325747867186389
0.2757642482992709
0.4180843626194354
0.27367088971100806
0.1473448474713101
0.3963712685479887
0.10504062648955184
0.16305892028942276
0.07363814154685319
0.0913963153463266
0.34901717894269824
0.31504691485599406
0.37427173153111065
0.2595067630854093
0.20992313265086987
0.23828844948856118
0.2630782755849483
0.12300687132237266
0.10343407746778101
0.1497353851870998
0.11752774284431841
0.06956786981150648
0.31531111628990866
0.24926666611673853
0.3729134556416645
0.2245504736090324
0.38495553007456484
0.2351780935697103
0.26317172004034844
0.37147518061057944
0.3267303658820779
0.3033280741693975
0.2117647706294965
0.23914625439361933
0.31547469880561746
0.29895406432244037
0.34353638153467847
0.18314898003736693
0.08810522522132787
0.09290473165361804
0.1969043217849961
0.18978729810602024
0.06561610936716804
0.04209852784894572
0.038876002101550865
0.16825914705196907
0.07932898488799699
0.1640621897805995
0.2525515250764637
0.18595744664617483
0.27192206117920487
0.19608742428448817
0.8322069447681167
0.7258954602536608
0.3740893095991372
0.4124710612170843
0.49151791155121166
0.37094036857477736
0.6075655969866927
0.4179821725522975
0.13945994404683335
0.27175913353483944
0.21303624212400785
0.2336790757641125
0.2718056618098366
0.10600298028663295
0.13487792267788273
0.12456419346768374
0.09796014411194016
0.09936358457199676
0.06938715013539568
0.41917138576535085
0.761927825764646
0.7681141639938556
0.3528315078070373
0.32767038983941776
0.5060539218587877
0.10484034312885712
0.211473867383304
0.42000739143918175
0.20354677388926645
0.4386039127445776
0.25312884598594154
0.29388043233582095
0.28279325270137534
0.3662302904899116
0.20801965565828273
0.3020781161520825
0.4115590771381955
0.1005839419452822
0.2535539501281749
0.07425783856284389
0.14776546309067184
0.14061740874928164
0.2648362858659946
0.2826249180962155
0.36984385924026947
0.32862861258486464
0.1408997959765201
0.2929050634102916
0.9729666744348594
0.8233512001864334
0.34554677790958943
0.46634075627805394
0.6327824831018232
0.6946827962847185
0.8784622085574069
0.6473917898352928
0.42218703740192
0.28925517292266684
0.2773401662358285
0.17444764918501707
0.19248560496965406
0.15632330844341363
0.09431119891579355
0.16179313948474344
0.11687734441695777
0.14332323467723093
0.06959284326820828
0.09249334538799331
0.3334886972733621
0.27271000524069977
0.12399104886348539
0.32798306415834727
0.4383518564015432
0.1409683603541243
0.31401147463083523
0.2225203747656021
0.2752403136919892
0.07768343982549762
0.21719878816126748
0.10510919086715603
0.19297306325776226
0.1812542427426725
0.21382702253278327
0.19200148325059094
0.1845681474081049
0.2372089118190949
0.16870694354470903
0.24283383826613772
0.17571661617338585
0.160295646708365
0.18219580618177963
0.3160102540200412
0.3989745979958045
0.4073642507573982
0.3805639711023062
0.18946446210762094
0.09372750418486796
0.17186781320005584
0.35772547191796716
0.3538402806617555
0.26061889343248307
0.2804107329516453
0.1635626602028958
0.11306265866923698
0.32253553950128105
0.2603266896670378
0.14333716996275273
0.31274761127942124
0.12516354105131974
0.2470743471535309
0.22609475488404948
0.18042785067201042
0.10928585249271666
0.10680181901029581
0.19568939706602498
0.1081624043277216
0.27118985574881765
0.2732405333276862
0.36404740224303894
0.7944535073409447
0.7259380097879262
0.3808058039092129
0.1628787064266591
0.31488469897630483
0.2068671238123211
0.3451409927755762
0.15174003064223227
0.2675752980290547
0.2982482940673544
0.16171785729735444
0.3005669298558037
0.3001284660631621
0.19595538529446607
0.23736874538144076
0.1947290290397005
0.22273960666192313
0.16432416894346294
0.12035677821556814
0.25211668076890864
0.2063391601716589
0.42884313934294105
0.2328307723233653
0.18547018428738868
0.22756119212218912
0.612130266174126
0.18739394453775665
0.24071662216022754
0.211339548053242
0.35997877375873777
0.12483382205293403
0.10174943335409257
0.5624030267208424
0.34677231414588616
0.08500793050390003
0.06258879040814834
0.07006314421747244
0.0527427504663581
0.05024316847002113
0.07103113440793621
0.06489264131095389
0.0844042800835044
0.07522440865902563
0.11948138349483074
0.09624280248482703
0.0472886684447501
0.06248109045142526
0.11938902216583232
0.24618295613394683
0.2626398117923067
0.10925521700199298
0.05885532088464502
0.16603513277976437
0.09064068705973512
0.10761536383873588
0.06717139933976624
0.1285234916702618
0.12145447056171783
0.05582909685952121
0.1287284733156693
0.17319319809342454
0.03263664373957357
0.06769080299114716
0.07453884474906888
0.07093502925716937
0.07597051805584745
0.02911688933122038
0.13723916709681466
0.06294770692794417
0.023723274651034576
0.19152701500532568
0.2639084499450546
0.3877883943136791
0.27712724539099254
0.3295055401701477
0.4708425670771587
0.08813232945221756
0.1633703713894717
0.13630598267704255
0.14021415220047906
0.2598461896993704
0.059815106054800615
0.09552144675971605
0.10167089612192996
0.094906501823495
0.06077986582987816
0.09356577585664183
0.08791199042463708
0.0802388740534092
0.06294612053849659
0.143158428297476
0.08518883592542678
0.020980699546868733
0.07276848411952648
0.10199260355083843
0.1458637196789516
0.11733890764379275
0.11902723725017798
0.08686212958206369
0.14617775543159578
0.18637689309549707
0.24049739026390704
0.23655121613013283
0.2581107254241877
0.28545168609922583
0.13253479651070424
0.06968330276846661
0.08253566406866365
0.0814503821038336
0.058488561364069214
0.08139461802163142
0.04885384115976573
0.1072319496236558
0.11005441195303675
0.04856071811280714
0.12225140836573127
0.18154276392449264
0.09663336595231531
0.0786279216688105
0.3550530188679022
0.5499566927766951
0.6557211283611813
0.3187268860963704
0.14218231749776047
0.17890276632706242
0.30808669307853576
0.20700746785832694
0.8963847353653185
0.5073295723826147
0.07068987330987452
0.09020503896973969
0.12288727552364803
0.14547917595522014
0.09727719208530329
0.09356577585664183
0.12071778140293628
0.07789161161588001
0.07457335910309615
0.3452902367052445
0.41761827079934666
0.12015566993660434
0.08839611439146952
0.2136036380205921
0.17762283465468148
0.16869989417005704
0.28615437698833457
0.12967789850921613
0.18152401015361447
0.21353186701644963
0.13767012438822002
0.13092829430817246
0.19464028462187183
0.26154365231070265
0.14530453108612623
0.14814581177301608
0.07572345379763683
0.11227523680451597
0.09864668700166732
0.06595268556568389
0.10525803450423386
0.07187460324326858
0.07368352782153877
0.18503172049474714
0.0961356715138671
0.14061740874928214
0.11943278315080387
0.08998877541628862
0.24245327333044125
0.44701383659809135
0.2993538501300411
0.6101141924959212
0.09362840039897018
0.11878604730640908
0.12406413666899017
0.12925686637119918
0.21265493943116662
0.43176610319119674
0.33444492431482153
0.20924049616188778
0.24228830487121158
0.2656562124476227
0.21337561079502423
0.14006335791363372
0.11938902216583232
0.02790570168488746
0.056559041813914586
0.05656561152342036
0.07271876804646168
0.16179313948474344
0.15877498376923888
0.1023851311300926
0.2330459100442784
0.2220927522721969
0.21627017489469952
0.07795769733591396
0.12342314742065148
0.23490155767180487
0.47752777068298224
0.09032563394162463
0.08465741955313928
0.1391284082964341
0.1293404800745743
0.09096585223948392
0.10652113091828466
0.19796640237767382
0.12434714679485774
0.11212496003769268
0.08872556186456454
0.12887438825448563
0.11023071545094347
0.058429194027080106
0.14643424270246772
0.14798153001653372
0.12190211862754347
0.06390082423697376
0.1305057096247956
0.18230691576133307
0.46996934273168917
0.20335852266217982
0.3605627142711177
0.13386041879199367
0.286262507976581
0.1703962096901443
0.10250572610197704
0.2242653239286144
0.36142313073838295
0.08374658439454187
0.09558510679586449
0.06946270380557518
0.06371619688656305
0.08404247461691775
0.06985794763756052
0.02084357079166043
0.058156741408269375
0.16708013676639888
0.07154509438359354
0.07550687485434603
0.14392203439706544
0.1936755248467948
0.032279130581298415
0.06804940573292927
0.13880481263926545
0.08944661369888265
0.21498783385459286
0.33783635223033764
0.09719954733905146
0.10974904397641436
0.13749604866738216
0.11745448281827756
0.09483216391798852
0.06680376589868693
0.106117282373996
0.1097305948562646
0.06713154243372889
0.03292748894168213
0.07778130553936283
0.07084595665346048
0.07649445266312871
0.1095315777208109
0.0646389049301879
0.06218700956325569
0.0750407830342578
0.10062744041124275
0.1957574713637964
0.3385103272862241
0.30807354908164225
0.12561174551386617
0.13342867998774072
0.3553511244862936
0.0795750740852008
0.10062744041124275
0.05285985613486645
0.09033281205671699
0.02907129610415795
0.1324160653777574
0.09640396773983373
0.31296722259258886
0.1258886092670637
0.06575727020104483
0.09157237133615508
0.09236315174493
0.0724175277389129
0.12406413666899017
0.16890487581546407
0.10722285114831273
0.09406407807004943
0.058038363297801515
0.7529713353530622
0.25618954304181174
0.28309933280121474
0.14245780082187695
0.22712424458833885
0.2790822040163661
0.3029596830575615
0.34222099015675383
0.1899324166860868
0.059426707061290746
0.05248811816348212
0.04575215899784035
0.07030870437464082
0.046734567319879836
0.041962869755687936
0.030751717830593165
0.042811215019061044
0.08552784898625015
0.03063112285870847
0.09657861260892764
0.10961594816039522
0.09657861260892764
0.07078924849630658
0.04977378769176207
0.07748306196388981
0.05350020945125718
0.024408918427076046
0.03822860608744324
0.04278799292800588
0.012341587968746303
0.050204104257461114
0.09081533192882901
0.07859266576316112
0.032243535165445425
0.059649658813471076
0.045407665964414416
0.05646172118654107
0.046734567319879836
0.02809862844913023
0.03077791993065243
0.053711814598593796
0.06190445691294924
0.07686811702766876
0.040517609629785165
0.07778130553936283
0.19855511535772485
0.09492741110690245
0.0570523023516106
0.07891988479575371
0.05978299890339637
0.06357724993302931
0.49232388597570903
0.6016515740284912
0.8090016473458435
0.35399673735725856
0.5195427285652288
0.26439366696287325
0.14851044189058055
0.4474481472850142
0.1447805964788445
0.1638312747611274
0.12329927758029476
0.07754256692184848
0.07706018703430971
0.1031528738141492
0.1123299416830997
0.07199519821515352
0.13917735194441486
0.15752967192269912
0.16453041249126046
0.21072113147851593
0.1296879870391142
0.07718906903242978
0.11505547640908156
0.255612111822674
0.07045271109483403
0.10018897661860122
0.03729902141665552
0.09904451176881808
0.08575063072510557
0.03743615017186382
0.10327592138602593
0.12285262439713539
0.10775588423093754
0.11540938809363764
0.05882002475635823
0.13822841545388484
0.15450943835935632
0.11531597746473553
0.14118534123058887
0.13416992054832352
0.10988938802242015
0.18345857263936907
0.09839163609576818
0.2316476345840123
0.555295277407879
0.30539939386893783
0.4235583308450371
0.2471027285860955
0.22861013364391705
0.21393614542064754
0.13868421766738098
0.07247254712758228
0.15508464375538486
0.21309340322380813
0.2689267873028343
0.1449552413479384
0.055107132828215624
0.10573693369165224
0.09229662835105282
0.03455644631248968
0.0659510860918422
0.11376481320094978
0.1195042992723487
0.07283936301834613
0.08627456533238731
0.12069587956485468
0.06497560874248859
0.10311776530427132
0.15450943835935632
0.14107522492547536
0.16084473514485256
0.11613883794744435
0.21743286202190765
0.3782567645911797
0.26132061366251164
0.7815617103836159
0.5077395356734277
0.390618096767362
0.5229550221393597
0.33758853195851196
0.3306921463528309
0.17365675951393794
0.19248560496965406
0.18722403945795477
0.10081739649559182
0.11395936535658371
0.29572110052251604
0.13024256963545336
0.1301219746635689
0.32468243845109046
0.2335001899785466
0.08522552136195388
0.22844056126306486
0.20953366068642854
0.5339081799114412
0.3812658604572366
0.30562852091432796
0.4960555818852239
0.8707890921861814
0.5368989140896151
0.18800352339056853
0.2747153459532987
0.38015850800289996
0.5385690981123282
0.4616186654568261
0.1194391457864228
0.10853740974736314
0.24188314369505387
0.25393363966253285
0.14483456123349966
0.23388405740952
0.1615359969524979
0.10630595836365055
0.17809659438116368
0.16449154165070218
0.24589542313544263
0.20247895779437627
0.29113299677953375
0.34824186897323967
0.3157741035127016
0.10216092263017783
0.21572418597965776
0.2953785510316547
0.08419705569789135
0.22476794652385146
0.27955628152289275
0.22363497513916383
0.13982754602656713
0.15105077656502439
0.07885009963186179
0.15474248426940068
0.09165217863235602
0.11806942775449909
0.07844541655048846
0.11302726637147469
0.030853969921865756
0.1490216562109737
0.10624044282627354
0.1209567568003331
0.17534344857027723
0.14553677570785387
0.22792449686204358
0.1627690179955165
0.6202744590019363
0.17259454543279185
0.11055110114675684
0.13388273618511354
0.14111305422787235
0.1001503743775197
0.07767760744402744
0.08429719157542413
0.07449151450661284
0.05812677644841538
0.07139222335572981
0.0975581938627516
0.3488787604829124
0.040744103527244634
0.03352540218394079
0.032279130581298415
0.03497254184655693
0.12320832573228394
0.11519968471879939
0.07177904119759357
0.03123409771813189
0.03620199137498918
0.1997052734410285
0.3388487532043807
0.6175716616173376
0.06712452567445899
0.1396507179563433
0.054750117235644415
0.10003104295867285
0.057821746954325966
0.26429928067433267
0.2221646248269366
0.05379061968092157
0.027944397143386025
0.07968304895108307
0.07914271457180515
0.14751806105802825
0.2402703332556508
0.1646431541369136
0.12057754297643479
0.13982754602656713
0.14169191330692096
0.2374737823351196
0.05629135401300404
0.07432378532289423
0.125539365731951
0.3352055694744885
0.29933441300478464
0.3710301396266425
0.19186660026852412
0.20967400473243386
0.23059156719881482
0.1678799675884285
0.10778422733233547
0.12107735177221754
0.17787758352990152
0.13205149421372353
0.24049739026390704
0.1648623860332341
0.1559429597610694
0.16091059164458651
0.08827640493755064
0.0972584238819121
0.11177271622009703
0.10720439730086659
0.09919828564533632
0.10918766779239208
0.28673697622184574
0.3209042181309711
0.06712517775351824
0.07034705142185399
0.4125944288757275
0.6938628697030876
0.1458637196789516
0.16526150247849922
0.15708400580810164
0.07247254712758228
0.09301771356819405
0.15368748480263356
0.20761260581578836
0.050514871759197735
0.09937025683297548
0.11788528663838348
0.13918253723143204
0.08666537329164063
0.0490235299869646
0.09204683958141985
0.08013645026922354
0.07873300980916693
0.14732383432757118
0.13901919586265976
0.212234564747992
0.5335672229947235
0.5759787782716876
0.8208042198250398
0.7746446049871798
0.11158217320890514
0.2375504347960356
0.3860864705615298
0.2597768291564492
0.3249016703474114
0.2941039384758791
0.07411809219008211
0.2308805169421379
0.7176407405703132
0.3262093989480566
0.19358176445125763
0.06321635615102295
0.06673434702424011
0.04257847849217474
0.11531597746473553
0.09527734492719019
0.030168326145824282
0.13674693250052503
0.15017384897974134
0.06644782950845807
0.11908646003262632
0.1647634584013048
0.10967697779097009
0.4988272968942506
0.5283150780703778
0.7226753670473063
0.2259001615227571
0.31920164104307064
0.24446462116346773
0.12050495967479216
0.17857370636054185
0.5302060631876349
0.1451157435698374
0.14792420412253493
0.13669510080949823
0.09164466204168613
0.11945709046022869
0.10212362120938316
0.059091536223492926
0.1272936017978192
0.10457361454501696
0.0988906574094588
0.059719572893211156
0.13604835302414936
0.10841487972432634
0.058759671606753314
0.10269118302721408
0.2487795166006417
0.10552057713278075
0.1307249495229921
0.13936660553693372
0.25781671007324947
0.11840922124566522
0.1165610322534476
0.12975338154270488
0.09431119891579355
0.11788528663838348
0.04182427033852917
0.06009022462651211
0.031539613697907226
0.0836645672484038
0.09236315174493
0.09851030872711455
0.042991380220593865
0.05125286305098852
0.07999610622321775
0.04182427033852917
0.07175400827138413
0.10581941068825661
0.3505122522714605
0.1822419016546257
0.16171785729735444
0.6807271032393379
0.226709699820271
0.14841999380917523
0.10808132488614965
0.12252449143483388
0.13458398862330184
0.19568939706602498
0.27529034978175737
0.24865998601724498
0.0832469453362411
0.1445120600120169
0.15246497071897616
0.07201056186949473
0.17431834071312022
0.04134431969530011
0.06750548612871549
0.10288431857407163
0.09484968538802124
0.13483360789097343
0.14344756615180065
0.08526064512246795
0.11508211772462919
0.43312621674523716
0.2563710085248828
0.4860856160357259
0.7100564196902497
0.33018903302025127
0.2862123834639143
0.21219351594909072
0.36745287933261717
0.34193346542732084
0.5786529946399438
0.17267830178420876
0.1531635501953518
0.1851235612395358
0.08520109898263169
0.0732807617396486
0.11845890523450764
0.11683741742382
0.12715449986605862
0.10597551067547925
0.13703099510603542
0.17494705326399063
0.12673067354309758
0.44861337683523544
0.17136545504812903
0.29224367781771865
0.12988078471979952
0.16955653046985883
0.22185970636215302
0.08574302501000673
0.15262430454682918
0.20817668395993078
0.2104626204679585
0.14202416141600538
0.14939504626656355
0.21538261978603684
0.2555665077762798
0.12320938740492916
0.037847536437488685
0.10806491542434661
0.13200817964218303
0.04497823170831987
0.07876172871399863
0.05129653321775397
0.11815427639244892
0.12679217496217252
0.13918253723143204
0.13395261459502245
0.10723468657288479
0.07055652711393617
0.06563477392833203
0.13727086710780675
0.07317844741034052
0.033513735035599304
0.021666343322910158
0.07125510659031183
0.040060149751007926
0.09502883784512697
0.03880743772394672
0.05999251694419258
0.0806978264532458
0.02564307722395064
0.14169191330692096
0.04134431969530011
0.08824089430382487
0.08881141732734099
0.05389211366616774
0.07235852082871197
0.02502599782551332
0.07194855753789792
0.06199892852833496
0.07519654043803094
0.27727418942882875
0.2650677482025246
0.11597367315369807
0.04614309018876708
0.01680572135895942
0.021007151698699284
0.0625228631356167
0.03947390365709075
0.08383749297151075
0.34462210214418204
0.40360885980661215
0.07112863095626938
0.03468622722343371
0.038115615702959134
0.019198025729160927
0.0747580766453894
0.05780482400480696
0.01960941199478579
0.05064256805010264
0.058043282004091416
0.04697306226949289
0.02892147396658132
0.05897338011029258
0.0767311637122765
0.07256350247411898
0.04076110049702153
0.036349107915462114
0.07892348267548462
0.054730099323700244
0.051081031842744165
0.024133797532924276
0.059029965753738936
0.03429539649415559
0.08725429473567456
0.09098123697312777
0.03979634072194407
0.048027339000822955
0.059034713877249546
0.05124541135177901
0.05585693031024661
0.02393838216828522
0.017141094401036557
0.0731764157539035
0.06993497492633216
0.0583595941676011
0.08500793050390003
0.03400355757732866
0.07980041026076766
0.023395424545627735
0.01618119311457848
0.01741535191145312
0.07015420682265268
0.07439871423400224
0.28375996884464955
0.49091647776757275
0.20557846280697092
0.08547734613476736
0.27365049661850027
0.12189293435435937
0.06475949990207283
0.09884755109688552
0.09489364905301036
0.05667045574532809
0.03092253429946991
0.08452811664144819
0.1097305948562646
0.042795964855954806
0.03345941627082329
0.08538827918624427
0.2883043012168065
0.23188068049405666
0.11924968564328305
0.31810766721043987
0.3706068148960664
0.08148820705448909
0.2844964917539655
0.06282998035191772
0.018238124442702893
0.03352540218394079
0.07440833728278311
0.24756689715395802
0.15850466103993127
0.34682485997949014
0.12192151657541066
0.16266604521090613
0.11703550049871285
0.09410286864423495
0.03003119739061603
0.035036396955718696
0.06465927599849206
0.06661903475731307
0.030148742971169745
0.10126093283111544
0.10618049232088628
0.05080454465404339
0.06968330276846661
0.0626298083749869
0.15629108356254393
0.16583015113435734
0.29340480074574604
0.10985162266006401
0.11923931191486678
0.06641405311190555
0.030093966154415723
0.03931396083440534
0.08679849993966904
0.06292374741377847
0.06278796445674198
0.04305240496283043
0.06675119375138466
0.09859617144082324
0.053751769620161934
0.03955515077817474
0.03316361726828676
0.03999367502250347
0.06222325798182246
0.06563477392833203
0.04896155858517958
0.0752719385794718
0.09824083220395177
0.23852430319701995
0.12525961674997332
0.07247757810269229
0.25602207511348857
0.08103982110650439
0.04659422327387422
0.2966084409040973
0.5233065365177283
0.07760428804474469
0.6342314278087388
0.12561174551386617
0.07101208070800245
0.04112080547965406
0.07146959820057773
0.08610480992566105
0.07433335842485823
0.08679849993966904
0.03820370378693682
0.053190393436139675
0.07073117198303008
0.10580284316010227
0.17230228091921923
0.2801268045464089
0.2557383841978625
0.7353037802599304
0.349335819156373
0.13972198571693015
0.28082032160335507
0.0654918259102132
0.05800317405747096
0.06531718104111929
0.11561490334016311
0.10375038963129117
0.12868101761482328
0.6672104404567676
0.35405951255807644
0.09052190967364111
0.11071210764199926
0.05752380158899166
0.14192495921696532
0.03421362442446892
0.053754472041650556
0.07754256692184848
0.04777905665425091
0.09291107035795548
0.02722005790884604
0.10359223354953609
0.04416387240842827
0.11794676022058516
0.03489926820051039
0.13097180144488427
0.04525248921873648
0.0517661050911302
0.21347005360055887
0.08215531538631943
0.04317299993471507
0.11207071162050278
0.13825674603207014
0.24624901929256182
0.13342867998774072
0.10782885144454436
0.4364059230717509
0.3598553961038822
0.12141691913306886
0.05812677644841538
0.12228210137361926
0.11926215159850974
0.04230422098175818
0.10290078599437255
0.08178133010144767
0.039835903388008895
0.09473549297125528
0.1232035876871582
0.07728677671474932
0.4564408081398853
0.3683520167965882
0.2863593586337416
0.7287097494222998
0.5111855318378505
0.2844964917539655
0.1535964766063038
0.308597483688924
0.20047204920815975
0.15525928862447877
0.1871482422566973
0.16398545844795107
0.1067553551846363
0.09631705378880563
0.0914142152544
0.14518760195758526
0.11724950117287053
0.11376481320094978
0.12654392915404308
0.10443524565213216
0.07522440865902563
0.198322069447681
0.05800546345310759
0.12673067354309758
0.15442156503169338
0.1044159702282
0.15689083310097693
0.1520963808920804
0.22097021374887163
0.1750543251776775
0.07718906903242978
0.059788137270815354
0.11369380978013006
0.09797577156167894
0.23392043337428323
0.15129088159408563
0.11002973206842595
0.06253291668450035
0.05119882553543444
0.04970917376300612
0.14798415287811648
0.09572642840512355
0.07838673172504158
0.07220597723413377
0.1512467956187364
0.11799929385673555
0.32761385881738925
0.27170047165618205
0.5830808669307854
0.3533065701769631
0.12848560225018374
0.1629007642076677
0.08852316018149568
0.3055575499506929
0.0714865489532677
0.04929778749738092
0.12934341825189036
0.03825892270311355
0.20814692147295616
0.13493430928327318
0.13838657153563994
0.18128137411946973
0.18480540666511258
0.11928244559113478
0.08350470737335904
0.06053867588610877
0.08746031321052436
0.35189932416685993
0.10972572724483408
0.2995717539916838
0.11175993549475816
0.25927918955205975
0.7006752148047332
0.4616375523745515
0.4738115298517553
0.44767991356914216
0.18857582687669586
0.18704280139313734
0.3008558077341611
0.32204513860915474
0.2702887437193243
0.11251414364840387
0.2089722845024058
0.2773246329526913
0.2525515250764637
0.19532276096744622
0.16897423139079693
0.18477427150134798
0.2146280264980537
0.06419394728393236
0.146151913175274
0.2146157827412507
0.15985186840043014
0.40503379165695563
0.33542480137080904
0.10483493335673923
0.14275092386883556
0.39571195525518454
0.23443662534381612
0.334547873785526
0.21632480865544274
0.1894547008308307
0.19644920920014203
0.13671736894266728
0.24307588768177757
0.2474717795060586
0.19848588260254646
0.09420745482809688
0.2982482940673544
0.224423480010369
0.09928121877080383
0.24956751793518553
0.178241904137904
0.10698991213988726
0.16039131260662304
0.21332294992858097
0.19837872875029713
0.3164763458401299
0.34594793239420707
0.3926443263105355
0.26647613902925127
0.21682975944865268
0.32067661337270265
0.3010373692264768
0.1378178531775437
0.2129952621126805
0.1992817937555984
0.212234564747992
0.13823888531556064
0.17197960049657077
0.22512234910277296
0.15879557487865
0.08344236070088015
0.14392203439706544
0.181743242049935
0.17423439859604894
0.05889680036196172
0.1693148391062781
0.10754613559341172
0.1580273958023566
0.10532888154045525
0.13648869855457987
0.05546858148175411
0.248027790942611
0.16792394325490792
0.1619354998716221
0.157274180149274
0.11213489275851064
0.14750159235193322
0.21543570932287925
0.07569507287497727
0.223491027732463
0.16924702395965033
0.10208085941274399
0.05185583791041176
0.03136416602456961
0.053302977573028085
0.06095105931377149
0.05082165690632555
0.07276848411952648
0.06415925501242739
0.03943455580629004
0.06974683205396275
0.09876728197355225
0.032078262521324605
0.046592713587148844
0.07912291512714692
0.06944768119319487
0.029612593707191145
0.05985030769557563
0.06576956889623695
0.11241558085052177
0.19662200845390887
0.4689980046914821
0.22497150574704936
0.19801226946327458
0.09922324052599096
0.04662377677081937
0.14821719878816084
0.0868276888835045
0.05641830649426935
0.06599049638669666
0.0487259184771986
0.027082929153637733
0.03820370378693682
0.067084960274162
0.09304810250174274
0.13943148606002276
0.12570523951471596
0.6776975064087633
0.44716615574838964
0.2961014492048603
0.11930201703121439
0.24951099682940073
0.04465241082002592
0.03634725782286571
0.17431834071312022
0.0659654496209193
0.12430448521388798
0.046606564466416554
0.07269821583092402
0.0700316789568171
0.0678922397984169
0.08243237821232172
0.0684638695659767
0.0792361969592634
0.0659510860918422
0.08366348170589584
0.06389857863380405
0.0487259184771986
0.1549969506987986
0.1195042992723487
0.09299577607194985
0.39807435538062025
0.14034866378496275
0.27877503775367857
0.08922738180256166
0.21357369520776667
0.08552784898625015
0.10003170345649104
0.06319176526757204
0.03160817807551138
0.3506814851212345
0.16381688721007998
0.12877872529714235
0.20603595470045924
0.24504898286966775
0.368748047532578
0.21683155107872176
0.3441940772236409
0.1973237286839374
0.3348869727336277
0.27557449367523335
0.15433925500983656
0.10298389716478605
0.2012044529600143
0.06239358361977303
0.282451642973665
0.31997203449079414
0.1330778633192021
0.15358420583328752
0.1158052337734026
0.34594793239420707
0.5587799653797973
0.5517031414676343
0.24495315957506536
0.3136235101201988
0.4725832378125095
0.39790589182223424
0.1044921114687187
0.2529936083541922
0.08578734507654887
0.127840044176736
0.08378539546537016
0.14332323467723093
0.08350470737335904
0.05571487701072149
0.1416238050232304
0.18878809541995442
0.20827030150475087
0.26146095770851696
0.677861742207266
0.10901736039059255
0.2720106434552436
0.2724459957864866
0.2467248328779242
0.33269847562388244
0.1259527616588165
0.4609648100675821
0.312220382209434
0.3822976184465506
0.23757209461281767
0.301611688925168
0.2904344173031586
0.23114664377129757
0.15779790694604356
0.22394901176510423
0.21809723674016857
0.11861712633591126
0.18230691576133307
0.26921676868193056
0.15894417294400717
0.33234918588569456
0.14529132360914332
0.4166860871591692
0.23691781046901575
0.4402592723197092
0.5247087226702377
0.7414186114375388
0.7549921344529834
0.8120444368045955
0.8943349189112483
0.6058959492034686
0.42218703740192
0.31125562243435645
0.6203682125378669
0.4394806477528576
0.42750219782554133
0.2844773812534431
0.2414311337131274
0.294960403157828
0.22379085568334914
0.32253553950128105
0.2457253308151195
0.12379563349884633
0.2523324054961603
0.19439909467810246
0.24307588768177757
0.1199190964296517
0.2088319404564
0.33451666612161124
0.2915357335728294
0.1498131650650594
0.23465524492143888
0.3737903832269475
0.12581563290360812
0.9869866226352675
0.41672768511266756
0.5301027253036716
0.6220278695424832
0.3803323646752985
0.28117823924118174
0.12602132603642072
0.2919561269197616
0.1980169438346428
0.1707624801887053
0.09119062221351447
0.43276625495222454
0.08625398702601592
0.2752403136919892
0.1188906307655892
0.22157667053877894
0.2018894686725504
0.20279714647815755
0.1611199681449076
0.3275324531032606
0.44694908703967845
0.2615704940178687
0.5602148368976504
0.6157845167150529
0.6324865998601701
0.5308785830808667
0.6387788394313647
0.49831410033715506
0.3066763901288914
0.19946408349725914
0.2630151728554158
0.2380409565749878
0.11412257294921291
0.20417950154572703
0.25233591266522964
0.23584246096480962
0.19985710427193867
0.08238195500531353
0.15845081189970087
0.16685505936139292
0.1198823099703029
0.12831851002485478
0.1327416901380813
0.2700009676191718
0.15632330844341363
0.06119000405846145
0.0268696126378712
0.03798466519269699
0.32533209042181227
0.045183924841132324
0.14075972966674408
0.12408525331756748
0.039278488292451695
0.023654710273430423
0.11559077138196205
0.09671405266837554
0.07782732319388057
0.049424497953574245
0.044208374491778224
0.040559429295631465
0.03732483529418405
0.06971574303001114
0.059786563598404834
0.05018912440623504
0.08128101105027376
0.2086713150244443
0.06792651826673242
0.0988114658587742
0.04610624544079001
0.08477165982068939
0.23144217320636773
0.23039471490945548
0.11998102506751043
0.04787676433657044
0.20744142515200173
0.4454520020219177
0.13844692037324202
0.08033663978319477
0.041605265300214245
0.06380311655465423
0.09711973007011007
0.07022130029922752
0.033122904306321185
0.022765889980450864
0.0505863747517614
0.03312119485733229
0.04326412226821621
0.06536643947176671
0.10433565751222215
0.038590391003097274
0.02901918164890085
0.12052920749938426
0.10254020041948235
0.1279422046143087
0.06849794403049764
0.11463963935413214
0.2855394320521131
0.10232698489549591
0.0781455417812722
0.38282155305383236
0.1319021721836844
0.03894456647915502
0.08382272333015889
0.104637613609881
0.028111394817699916
0.06119000405846145
0.041962869755687936
0.048027339000822955
0.034610756930902896
0.060855789175051564
0.060347939782427584
0.18700480756163426
0.19122604913796357
0.42984651041872296
0.40709354777853335
0.06441791711659112
0.3665557306483611
0.3139400755313719
0.07864334111195546
0.07302694701006197
0.04100229044079087
0.19051251790276694
0.06161103619647838
0.04950348063019352
0.3297623075923104
0.18389858791335884
0.10264329705900607
0.08413903549366905
0.10597551067547925
0.05113226807910407
0.0779714798805347
0.09718014448846424
0.07737124213470034
0.0625228631356167
0.0670581786641273
0.1117138606204937
0.09580433869218549
0.07651193181595599
0.07397781871592185
0.16798879583535806
0.49312514565369464
0.10239765107086889
0.04543407227858215
0.02931230469585949
0.04112288541267556
0.05248811816348212
0.10232698489549591
0.13190398508506168
0.061300349051959316
0.017963866932286285
0.04284116389008733
0.05458874218387685
0.03232963799924612
0.03803486823440723
0.03990020513038383
0.013095796122391928
0.03335716999693519
0.011861637325517288
0.015975499981766072
0.1457892110533256
0.053182382601143635
0.03284050676532097
0.03803323646752985
0.015437813806486003
0.029893281799202417
0.029857371564009662
0.02556613403955194
0.02741924444774257
0.03321277716855358
0.15940340247028623
0.11268519470888637
0.04872036864141019
0.0349793502703923
0.03761220432951292
0.03463618190434875
0.06478676299230933
0.030912141829620578
0.02858100833666891
0.03891866697739447
0.023636614489397075
0.03976643920898057
0.05022050312474344
0.03396325913336616
0.15390079121719505
0.08714778967785687
0.046402539245976766
0.045223114456754636
0.06947030277279435
0.03917591428143942
0.03585871941126806
0.10325822316709239
0.10588900592294152
0.25458409945424065
0.30580967624630095
0.5008156606851561
0.08983265443684964
0.10018897661860122
0.04980572338837268
0.09461663947797688
0.054838488895485045
0.08273129806571893
0.01686683689061995
0.07804655509020157
0.04593160057169615
0.060946467177179685
0.08681583094303302
0.07018627363688335
0.07171580750888483
0.03345941627082329
0.2245816360921241
0.06138493096982121
0.0463135351818629
0.0423858299103446
0.07185615155489017
0.019815105127598247
0.03368724541381864
0.11487751367209399
0.10288618948246653
0.08033663978319477
0.04209852784894572
0.2598047272876344
0.23429478832394834
0.05582909685952121
0.10588900592294152
0.09432647322132982
0.06989133491081129
0.0582014380858465
0.08219763980825363
0.0483957610170352
0.06641405311190555
0.18918377401560982
0.3774075621119215
0.08007506133142682
0.09736628156838018
0.09362840039897018
0.0646389049301879
0.05535309209506765
0.24260079235609383
0.10592710803282411
0.16669651016978823
0.06865293716310489
0.1762624446419152
0.11915209505879275
0.14041242710387464
0.252057906626139
0.12415252417768821
0.3398415476744282
0.1249445421500275
0.09410286864423495
0.07686385573293811
0.06326243270200675
0.04491009472180648
0.08552784898625015
0.06313878614038779
0.15870426474015367
0.0868276888835045
0.06961064681880015
0.04475011850234545
0.08671949957444838
0.13775394720862008
0.2644123318081671
0.2527423687869748
0.23019349113683002
0.08168023477528548
0.15520857608948938
0.11356212229416943
0.11367867726457256
0.26053167131244487
0.06439771498641851
0.029825504257803573
0.09275227219762257
0.11792123048240458
0.11908646003262632
0.10020974131903981
0.037916100815092835
0.08055778664499702
0.039083072927812636
0.022831937742180647
0.06956786981150648
0.12988907502050068
0.05686587110996716
0.1683700963743668
0.14110936114965075
0.11866878889135064
0.04849445699886928
0.03732433464606105
0.05440569212372595
0.09076200507680723
0.06819996225903306
0.16219995339081744
0.06624580861264247
0.06947030277279435
0.09326036009614332
0.09881146585877372
0.06326243270200675
0.10160801677930542
0.06038334767347071
0.06861853900238256
0.06932995872678854
0.05466384402639113
0.024683175937492606
0.06804940573292927
0.08484274387614593
0.17096673271366042
0.0981299600447708
0.5454489580461275
0.31437066305264544
0.5045490268122829
0.3515618352441411
0.36107493324034184
0.07689594598547118
0.17385089378238658
0.33330015543197133
0.4566963326805528
0.11786216510152715
0.44786057346014496
0.13775394720862008
0.27709158704264697
0.13996813235319028
0.077189225303105
0.050649888191565295
0.09470682190367408
0.089722675367047
0.0889620341066886
0.024340354049471897
0.05819334839864284
0.07276848411952648
0.12038035796189901
0.15175912425528468
0.19596245300920342
0.07452769262473186
0.40163283405968797
0.08313095768869737
0.08540428414770923
0.0883504542172786
0.034369566987133504
0.08192485034909885
0.07473851608061034
0.06605039324800341
0.15850466103993127
0.0487492724765478
0.027700008552075054
0.05964621955239903
0.022969066497388953
0.042702142073854615
0.05408937996021579
0.09602357058850602
0.05985030769557563
0.02228342272134748
0.03183707257755527
0.06354431007620585
0.19226287578652934
0.06186522057684017
0.020500748903639718
0.04940110419398726
0.06445417751831237
0.09805677068811058
0.36138664681021415
0.13601423030931464
0.5416165236579572
0.1044921114687187
0.25826888150594285
0.6440902772183086
0.5788512592233633
0.1656956420414817
0.0490235299869646
0.13323806951462563
0.1017432725270394
0.06777437419918947
0.09183177714238827
0.040255565115646985
0.08462758182155626
0.04898007205597032
0.059426707061290746
0.05944467716806358
0.4204148217198779
0.09008648309860816
0.11255592489652758
0.3674168271443734
0.3218704937400608
0.30736311864174803
0.04504324154930403
0.031071042977611023
0.03284050676532097
0.08445534765717921
0.06610204566865886
0.0335965450260316
0.08983265443684964
0.36704730831973825
0.16014289132171228
0.11885896323252253
0.018855203841140214
0.0790025635050103
0.08044374631577106
0.04462940662979516
0.031852704436167306
0.057562339780936916
0.034007782071479475
0.10497734641222274
0.12874802897346846
0.09505180513476545
0.23388405740952
0.1373377024227679
0.10390854571304625
0.05885532088464502
0.1931433006586161
0.08501945517869856
0.07481830057359762
0.06114165074553249
0.09557429532984435
0.06801556414295884
0.12749858344322623
0.10873902057511217
0.05290970534412807
0.05680023175768398
0.11465828177577347
0.11355983155554229
0.088894238368796
0.07454834173943797
0.023174759630201405
0.02488886907030506
0.059854640458878096
0.11840922124566522
0.04846301043048762
0.102307154509438
0.06600408982109152
0.13057330812433296
0.0785364716849216
0.03688763515103061
0.2027258476893903
0.24100991934958432
0.05962484282164129
0.06077417840274882
0.20938756321075613
0.22118221650489692
0.07983387138765743
0.1182744093999061
0.07117023678975753
0.2119510213509585
0.08404247461691775
0.05493508096910726
0.08133503353501324
0.048027339000822955
0.034794337986103735
0.06147069215047258
0.061524120251689414
0.04366121727347539
0.10083432815375641
0.7459799580517364
0.09135399673735695
0.0865293252332765
0.07300155528125095
0.05229794382230976
0.07509729371037789
0.08260760309906814
0.05515055893989036
0.09109790309088982
0.13726404101607978
0.11448495338556544
0.11395945001165209
0.08435347177235426
0.06186522057684017
0.06793685407752798
0.12141691913306886
0.22295883855824367
0.09093974700913474
0.10370542996970361
0.018855203841140214
0.04175320558332451
0.0299075530274004
0.11956599780679274
0.08919176600968476
0.043186795585232925
0.05661987726829615
0.15182983848481618
0.1623604461666179
0.22296893105317123
0.5274177736325083
0.614739954575943
0.18692220642125237
0.24027815836758606
0.2920559597377479
0.17150042421889852
0.10295960922251624
0.09356577585664183
0.11353408167970556
0.09032354128416571
0.021666343322910158
0.07738885940123903
0.04076110049702153
0.07891793348173991
0.061084530331320684
0.06511187320727489
0.06168087188445688
0.04925515436355728
0.07404531273719309
0.10983518005671573
0.08086057439047652
0.03908169523436328
0.12257096336013834
0.30808741304689613
0.14034404600564532
0.32018133012591593
0.4700536005593093
0.41693266675807455
0.1754835702633415
0.1863460753231932
0.1031528738141492
0.10385459404417725
0.08951634227333947
0.07666909753222262
0.09068741885727848
0.08673393766924484
0.04491632721842487
0.06313434678539183
0.04222621895386599
0.014878469940099734
0.051717038733890504
0.05519647253250088
0.11509674556841501
0.09669704769788935
0.2155032147579213
0.3551521922003798
0.14941717016511755
0.02269480898697239
0.06438936264857141
0.07548937974216467
0.45117924262818654
0.24450281673146207
0.08550183506623735
0.1512467956187364
0.11227523680451597
0.0816427959659276
0.05579108660445233
0.07131537793951362
0.04633973195421999
0.03439310417647512
0.06294770692794417
0.04890056334629251
0.059029965753738936
0.0431372826661937
0.06971574303001114
0.03550704363942824
0.11847861455017829
0.0770220118146932
0.17472782136767012
0.03673808855214388
0.08837030376151425
0.07125036630425673
0.059034713877249546
0.06077641444467757
0.028042104825705554
0.07031236704882822
0.05724247669278296
0.04543407227858215
0.13899302226738125
0.054618594416617976
0.045922610690179846
0.09492741110690198
0.025574512846346487
0.028335227872664143
0.016661143757807497
0.058754148213971576
0.05923969552265656
0.019335154484369232
0.03677014005347905
0.03710167781868809
0.08725429473567456
0.10269118302721408
0.06399853191929329
0.08939915730559612
0.14062473409765644
0.06804940573292927
0.10722982342990156
0.05774524025084292
0.2071821616978786
0.19999026555804436
0.0545938338961958
0.07771696674678609
0.09568442946178529
0.13445325920862966
0.09448894731426044
0.04533636459626262
0.10040820851492176
0.02043218452603557
0.04827835182594177
0.06025247983739584
0.026123027867179703
0.029703135425137608
0.05283488701331027
0.08182057882129129
0.026808671643221125
0.052067641068094195
0.3072674864652675
0.14885845760181676
0.06009931106690654
0.03606841982345084
0.09736628156838018
0.037384441284250475
0.055931018410626955
0.08281258474447517
0.1263835305351436
0.33429951758544674
0.7106815129599008
0.45797543141413094
0.1023851311300926
0.26660452109065413
0.04926076014798145
0.029619811124991118
0.026283366543953975
0.03985770906560326
0.06338848753204372
0.05780482400480696
0.02207772958853507
0.05899221849462143
0.028728474216137237
0.042702142073854615
0.21687058084072933
0.02911688933122038
0.033660858387450386
0.027044689980107894
0.03956164587759234
0.05436951028755584
0.04253098788623332
0.05422776368733986
0.1332540351186468
0.1131236585015279
0.09151391140520466
0.0517661050911302
0.10160908930808725
0.074807826670123
0.08051128465228868
0.06310427662025167
0.06479324643383756
0.04305240496283043
0.05288526451503611
0.055931018410626955
0.0487259184771986
0.04434871853778389
0.17268701934281028
0.09536587489954397
0.03473135190278754
0.09290775845573693
0.12561987659181306
0.11199454871250485
0.36475438636796514
0.20027095365005596
0.4109881990412686
0.3636106174535029
0.34863668142624
0.08041713836123467
0.06792651826673242
0.056559041813914586
0.03038993291493913
0.05800980565021397
0.051520236382701194
0.04925515436355728
0.07190806199321925
0.048839728009964514
0.07169572662185737
0.03931396083440534
0.034384291271383094
0.06333932843079884
0.10925521700199298
0.23914625439361933
0.416583119342715
0.537118145985938
0.2569255349234208
0.15870426474015367
0.08243237821232172
0.056559041813914586
0.14833598611418794
0.5849106993838694
0.17341447201442037
0.21839749408315395
0.24641665146456834
0.04065867591925868
0.06887383285679122
0.04729594350390243
0.06898472329209096
0.026381074226273504
0.019266590106765076
0.08109997669540896
0.04714577844363678
0.02706502800251026
0.04278799292800588
0.0235475514390071
0.05999251694419258
0.07014681892332791
0.05667195366926684
0.02701436477603358
0.1324160653777574
0.06944768119319487
0.15351283993353962
0.08834708917046706
0.0946575190488946
0.0613828406893014
0.042991380220593865
0.15105077656502439
0.33514158186148063
0.3111427499945153
0.1567734634500827
0.04534370942863933
0.0449455338669845
0.106877979738684
0.08265042491293782
0.08265042491293782
0.10556554738466474
0.08916701575209561
0.038985365245493106
0.10987016193821451
0.05396016517446316
0.12328128641342317
0.08586361998189167
0.07850732669692605
0.1784000602196591
0.05305411890963127
0.24974216280427944
0.10310870096140076
0.01960941199478579
0.2453000828020313
0.08746031321052436
0.11929931762694167
0.08508797198419907
0.02564307722395064
0.09511148346890202
0.02941411799217871
0.05403245771217354
0.058331386277363284
0.041605265300214245
0.07410038095642736
0.048027339000822955
0.0494057329293871
0.03605789659351904
0.07404942449581442
0.06769080299114716
0.023723274651034576
0.23479736095956624
0.06764583017472081
0.04562948764322121
0.09378429470342504
0.11970928091775619
0.06636505025568276
0.04434871853778389
0.037471860283507255
0.10722982342990156
0.153462327424553
0.11508211772462919
0.10216206368548833
0.046801979831055614
0.06863973948167718
0.10873902057511217
0.04738822592497279
0.06150343566118633
0.043870749361469674
0.07264659832771773
0.02694580039842943
0.0547702102575466
0.07544045099714335
0.08435347177235426
0.10495060244844369
0.08040083896527592
0.07631980779403479
0.09516728257922369
0.18149543268644186
0.17762283465468148
0.3371786565413756
0.12715449986605862
0.06764583017472081
0.07017433189248137
0.12011924420857023
0.05647504038068903
0.12207676349663736
0.032732073577043067
0.12741680858526436
0.06025247983739584
0.027736843533476194
0.05178695297608306
0.08615813525407051
0.03946974041522179
0.03606841982345084
0.025204349123897903
0.05408937996021579
0.1056482626123512
0.034762139445302084
0.27243066884176137
0.05295756381718598
0.06301447665653452
0.08552784898625015
0.13473028416541935
0.043787342353761284
0.04449954462544657
0.08855709302956224
0.07223638815892292
0.1547611422823731
0.1262682403548908
0.05637733269836951
0.07670569965118351
0.10618408040909233
0.051003410170795384
0.1262775722807751
0.11838732230249328
0.04982213633200419
0.054722004287236115
0.02242055147655578
0.05305864118699824
0.062435209002180816
0.2655694805444866
0.17484934353227047
0.11931950594267067
0.032088128718740394
0.15347069332583302
0.26109407929538275
0.5935679328827764
0.15947572012673644
0.08260755574100516
0.04449828106509085
0.0899638490259708
0.14547917595522014
0.1782355317088023
0.6003262642740614
0.17987984315025773
0.6125339183202889
0.2527670610702872
0.18875866273220038
0.058722317074038216
0.05606100297914243
0.04697235628124008
0.039998053111608915
0.0555309076222346
0.031071042977611023
0.08176339093781256
0.12811352837944778
0.08278166795050955
0.30446912021642974
0.15648180270813566
0.04222621895386599
0.08063392065694343
0.07543324550981867
0.022277351568853167
0.056277962448263545
0.04796570502526523
0.03830141146925635
0.1125832099738452
0.06248109045142526
0.07093502925716937
0.04586526370895493
0.0424387031898181
0.054299697040316994
0.05288526451503611
0.030875627612971957
0.017895302554682135
0.06758331391284057
0.021984228521894578
0.020775006414056277
0.05197643288229669
0.10057620655182242
0.06682401640272007
0.043334766400874664
0.06599049638669666
0.09851030872711455
0.1067350268002792
0.039380864356999265
0.23978740526592693
0.49045962588268016
0.26453250857030225
0.6055157805326224
0.17980710308005662
0.05128615444790128
0.2661475221334394
0.20770918808835498
0.10830055678247065
0.05396526455001548
0.04080426909279439
0.05572108196340648
0.061604162866142204
0.042243557847699204
0.06073193539392638
0.037384441284250475
0.15280463173559097
0.13806657169089828
0.3889058050355871
0.03243095060676111
0.060347939782427584
0.043414189878484465
0.038876002101550865
0.07143511941687322
0.04152576498580092
0.138772573940618
0.08631158829347177
0.15544162199953374
0.1701239515449334
0.07552803843299777
0.0550383164507458
0.06948877779301227
0.05077048316344975
0.10929853181076654
0.08177496670397567
0.04703203903502481
0.053614911714951016
0.033416027353279774
0.0731764157539035
0.07585423612699346
0.035242090088531096
0.1012198923232108
0.08793712587965301
0.10864027206577193
0.08599394080633886
0.05099630177541946
0.06380311655465423
0.04890056334629251
0.03812179394790525
0.07042746358065273
0.03483070382290624
0.07171580750888483
0.06693020939599684
0.1673534202313918
0.05246902540558833
0.11232812864134213
0.04426158009074779
0.11023071545094347
0.055009425145896095
0.05038351251602645
0.07707309867307578
0.060059622104285115
0.06637084506904041
0.08137771322662507
0.17757783601984026
0.1463528315078065
0.04533112685982341
0.03174530683071964
0.17921230482405012
0.34923641083901924
0.1489065078549659
0.03517352571092695
0.14666613863860867
0.42837912541082435
0.11634521413867999
0.05622278963539983
0.053754472041650556
0.16376622655163053
0.08125920263726855
0.06998415755130902
0.06095105931377149
0.11356212229416943
0.02214629396613922
0.028823766284261792
0.08319738988580713
0.0379574596212041
0.03712891928142199
0.07760809129755955
0.1591623567288938
0.08348653577452401
0.08111165870570475
0.14565382082431408
0.12258214868329012
0.03979634072194407
0.07826613675315665
0.03077791993065243
0.07457469121416911
0.11027364384935776
0.10347238405965975
0.11942948625603865
0.11676624627669693
0.06438936264857141
0.04719281056033373
0.06961064681880015
0.04559531110675719
0.0622270054924945
0.12978528262190778
0.033513735035599304
0.04136407535644491
0.03761745769301964
0.06752342406680352
0.05040869824779591
0.07201056186949473
0.09449653853268047
0.3944661530347853
0.4353297599627119
0.15460275395615866
0.1409927755767884
0.4462829177347929
0.410415442370669
0.07690853721109338
0.09622932287073982
0.09908289647998564
0.17571661617338585
0.049160658742173
0.09304810250174274
0.11535772547191771
0.06371619688656305
0.07416799305709422
0.09019192397913119
0.054716302098937505
0.07970170123514335
0.045705494344293364
0.048237604935280114
0.035816706649749695
0.040399315581367494
0.027837137307283356
0.06273640550779355
0.1441908861015193
0.4221185822041405
0.19828818003119086
0.5676998368678623
0.1625184052745371
0.2550583655360962
0.4460498718247486
0.4691562581264915
0.3463207754132071
0.35749804703521654
0.10552060039909417
0.054577244572900474
0.13482761623728604
0.07939435304101848
0.09663289781401664
0.15641636485571167
0.2322442042462629
0.07651193181595599
0.04336631021574435
0.0487259184771986
0.04735341095183699
0.05314044346968577
0.03473135190278754
0.19621254720710724
0.10876663565437515
0.04856071811280714
0.16493056775536924
0.2983714418080019
0.209748487781776
0.024134660916659438
0.16196690748077355
0.23770682824516395
0.26474015381029975
0.2240549980398477
0.11745950261567721
0.10322929593328521
0.1962246562572823
0.08067803619085007
0.035996298242176726
0.14122582148683274
0.035663304046629006
0.04027874120362019
0.03412837704336417
0.04767804926263513
0.051365920838066126
0.04112080547965406
0.05784294793316245
0.15631234207672365
0.09321836401771127
0.050943332559880754
0.10668780539751212
0.07196101719853296
0.057807451670081555
0.03849682683389546
0.07340946166394785
0.08400418203416693
0.20764390584945205
0.07416590770907754
0.05930818662758643
0.5641094881603866
0.11209508273129777
0.06975099086480548
0.05178695297608306
0.08076276829040402
0.03155958138920867
0.08016779305523156
0.06073193539392638
0.07592612888905419
0.06998415755130902
0.04322596616973874
0.10281975937445086
0.0868276888835045
0.09033281205671699
0.06253291668450035
0.09080686891535271
0.07623123140591827
0.07404942449581442
0.049424497953574245
0.038985365245493106
0.1154046663642064
0.19736951828545352
0.09979648758741554
0.4369614624729417
0.15714955346870302
0.4008389652761583
0.4008389652761583
0.18040814977400016
0.11792123048240458
0.10370542996970361
0.033709150400238364
0.07256350247411898
0.07416799305709422
0.05669899458628048
0.03822860608744324
0.06514253617202537
0.12537869960382184
0.038594612651552444
0.03702265636859644
0.08266069924232392
0.08168023477528548
0.1041715217897923
0.26176156118488797
0.1180308802419941
0.08786054562148062
0.09552144675971605
0.13627406867148176
0.3282409128629339
0.4861337683523641
0.5898391983220658
0.3707089435735032
0.12076070664424277
0.024614611559888453
0.0626298083749869
0.11816599211690616
0.09405048352161892
0.06865293716310489
0.0727849895785023
0.0735974700335781
0.0322252574739487
0.11220286129150145
0.03774622619990451
0.34395920099314153
0.08662385507057513
0.07809800690011134
0.05456384820548104
0.10916007183274848
0.03957161133941028
0.06559412653027748
0.09796014411194016
0.17571661617338585
0.16640254852553144
0.12668302148576857
0.07034953127006272
0.16288929896634702
0.1213491340810128
0.10164331381265061
0.1270886201524122
0.03585916948696842
0.09299577607194985
0.08697314480876296
0.060909315966449835
0.0666634218526816
0.10126093283111544
0.09360964983433114
0.0872900225979645
0.45023447252407856
0.11169137111715395
0.11815427639244892
0.14244920669573
0.29148228651772157
0.04659422327387422
0.07059305514083936
0.12561987659181306
0.1567642993883058
0.27677314307127987
0.1663970093074797
0.08635322063823925
0.08477826523492918
0.09859617144082324
0.09408657524186645
0.11395945001165209
0.08086057439047652
0.05964621955239903
0.06371619688656305
0.061300349051959316
0.07364250757399171
0.024340354049471897
0.18830109531577685
0.042989864757799603
0.07344233787776937
0.2409508902649694
0.3278575574781505
0.734327662549519
0.49667052682144114
0.12890102989579472
0.12257096336013834
0.29971476168712885
0.07871190548955967
0.44006342547209115
0.15029311570828832
0.4775110696807261
0.3058738621142031
0.2214123683802706
0.13493430928327318
0.11007514358362154
0.07686385573293811
0.10610823781926254
0.08278166795050955
0.10626893498019097
0.029688375502595267
0.061997184047966565
0.4472699502783281
0.1560525234270368
0.11442554183174078
0.21430535825062016
0.11255592489652758
0.032829781259362596
0.14938242833838258
0.11745950261567721
0.27795511117205
0.49708049011225897
0.14358162758488713
0.326585905205596
0.3201079094721543
0.672803542297831
0.15845081189970087
0.15148924035766592
0.13657228763143112
0.11771791718549028
0.10877972315040473
0.06399853191929329
0.1246795618736888
0.03167674245311554
0.050319456394558676
0.10782034548414338
0.13886103978090517
0.1891403932286953
0.09907558987200488
0.05823377866244057
0.06904927063477741
0.07719303213950436
0.06671313940883428
0.027651274096427435
0.08208300643085394
0.09382288812628052
0.07367159246892672
0.04525248921873643
0.13447654920230417
0.15556261107872565
0.10668780539751212
0.08429719157542413
0.05432547136965939
0.03915025961196743
0.08374658439454187
0.07891793348173991
0.03943455580629004
0.05396526455001548
0.07667210440456729
0.05716201667333782
0.06680376589868693
0.196450094430713
0.31885310566309144
0.04833788621092308
0.04631344141945796
0.05064701203723163
0.0903071226821149
0.0760481904460402
0.032732073577043067
0.09640396773983373
0.07874851664069543
0.08746031321052436
0.15334420880913505
0.03441931755728137
0.11028012522902857
0.07631980779403479
0.08096774993581105
0.08294333118933629
0.09695631827756614
0.0743581673982661
0.08459566534607275
0.032438950530084484
0.06753264690939206
0.0748894775403857
0.07915404194718387
0.029002731726553797
0.06991377301328357
0.045223114456754636
0.1504565277288233
0.202281628564667
0.31997203449079414
0.26981427547405906
0.039698774632800596
0.0844374074803839
0.08429719157542413
0.1508082525494248
0.11771791718549028
0.17431834071312022
0.14798415287811648
0.05040869824779591
0.04727322897879419
0.05002633334760009
0.08709984825679264
0.08902353763691444
0.04280493403172181
0.046411149101777495
0.06796188785944506
0.13749708692612414
0.03805322957030109
0.025574512846346487
0.12819247920322563
0.6842287323689539
0.445425115469664
0.055295554126224354
0.04360694415623692
0.05819334839864284
0.050046913332141583
0.10062668098604757
0.11596419307835092
0.10457361454501696
0.13073875553483993
0.08924352810698381
0.0844042800835044
0.04982213633200419
0.12360393218049144
0.12238000811692243
0.12912758693294527
0.07282691041215704
0.05487071220752887
0.06095105931377149
0.08739221626660447
0.031128227432282368
0.17128156710613868
0.5404334653926811
0.15287811698904638
0.14820172962934516
0.21703957735758234
0.1479967479839381
0.18656634376899273
0.1378763973497259
0.5330586783052178
0.23790810080621694
0.18305863342786005
0.10874865042163878
0.26179265877175845
0.11292344237308213
0.19516460488569115
0.08486240119854631
0.06566647077930712
0.026808671643221125
0.03037401927863674
0.05677803335005123
0.07519654043803094
0.03400227344719695
0.04594668428806271
0.06278796445674198
0.07512413883363317
0.17231627050814102
0.04134431969530011
0.089722675367047
0.08272583840983555
0.049082153557064516
0.06302145509609801
0.16545167681967157
0.15875218600635652
0.22022188707721768
0.29738903348596224
0.23127408405033123
0.17897925891400576
0.14228150071219292
0.04093293342967524
0.12811352837944778
0.07512413883363317
0.046606564466416554
0.10090887904917238
0.07718016789644828
0.05501486603421274
0.03478393490575324
0.077138196224656
0.06315482070254032
0.1188236878058682
0.12247227571479112
0.07017202300282242
0.09927755767886243
0.2687071829017739
0.22909733165522597
0.10880375344550053
0.33558611046376075
0.5541831740852919
0.5589223887046146
0.3629305678869417
0.6597783919774179
0.4322596616973874
0.27074798770742164
0.11217132176038286
0.10790025635050093
0.06161103619647838
0.08957697904290965
0.042795964855954806
0.05466384402639113
0.03304302229640207
0.019472283239577486
0.060824982521556846
0.08177349732765476
0.1688748149607678
0.05745816193189373
0.21277094793258708
0.09228618037753435
0.046023419790709966
0.05290970534412807
0.046606564466416554
0.06161103619647838
0.07607346802331447
0.10539837855023967
0.21851031800666934
0.42787229084129463
0.10214394118632321
0.08784636915423251
0.04582608931617801
0.051400726570380334
0.039278488292451695
0.04244943010340701
0.03030545490103259
0.0801478233541825
0.018306688820307046
0.05919261200661358
0.016935401268224105
0.0751188647629541
0.043332686645820365
0.0668889848629645
0.14239105103705404
0.08527236448936033
0.11478972142798535
0.029703135425137608
0.04676090552602768
0.1409927755767884
0.07201118620368176
0.04377597479413849
0.5618546900609074
0.15565464638776114
0.0856098680634437
0.042372785359362335
0.047485933607292315
0.4008389652761583
0.10478692145634104
0.2694979633105489
0.046118026054818906
0.05972854523011458
0.08177349732765476
0.07649445266312871
0.060855789175051564
0.04396845704378921
0.06409623960161281
0.028248523572908222
0.026465849755200412
0.05794065561548198
0.23265416753707693
0.21725880925390334
0.09477645184994558
0.10373790331507299
0.13323806951462563
0.09829392841344864
0.17751410492256267
0.1077832015937179
0.1945168477638242
0.14946640899601207
0.0702099226666456
0.07066865352442213
0.02859134546092893
0.025985899111971397
0.023174759630201405
0.032829781259362596
0.09984152911531868
0.0541471423762207
0.0876252621766488
0.08547734613476736
0.16202853867857483
0.1492868578200483
0.07572345379763683
0.15994747595707323
0.3501575650056076
0.3425243294752915
0.04317661031911967
0.06927727923736962
0.05732929387089257
0.06150343566118633
0.04038441840884207
0.08609992046329339
0.19311340730376805
0.49462071036737093
0.23410461398277646
0.06095105931377149
0.016112628736974326
0.024817751309161033
0.03822860608744324
0.055340733281062725
0.045582310833508326
0.034243947225377436
0.029002731726553797
0.05001585172824528
0.03761745769301964
0.44744015461857595
0.3742975706970556
0.5255729388238469
0.38447743474644663
0.49064098396592953
0.21679874893612097
0.1901036102695304
0.22187432592701695
0.1584818607222803
0.4450512140586179
0.10076702503205338
0.09551121773266576
0.030579712411449196
0.06764394298434863
0.04252424593971048
0.032829781259362596
0.08133302260545332
0.04015812563759811
0.042227673828589565
0.05406665113027265
0.05424753604197087
0.014467083674474822
0.04331192753528761
0.04017872527602961
0.08878891800992013
0.07876172871399863
0.08978196068831715
0.036151842458226655
0.08793712587965301
0.08878891800992013
0.021948284883011596
0.027425751041658446
0.04807944885352518
0.07631980779403479
0.23816384607158014
0.41215596508308605
0.16265874932054292
0.17035656024236726
0.10194283178916734
0.07177904119759357
0.11535772547191771
0.10160801677930542
0.06694136809255653
0.0528241313061756
0.04869938396395871
0.04715559945789682
0.020089362638014804
0.09565769360953395
0.07809800690011134
0.13530755845461
0.2680027965509197
0.18005005558848758
0.3193614035442874
0.15194966457469541
0.1955524897183889
0.12434714679485774
0.11275629871217485
0.12609359548579688
0.17735860412351928
0.07513066748415509
0.051101117853114914
0.058367966392184764
0.10062744041124275
0.04305240496283043
0.0399624420686884
0.03716667921242902
0.03077791993065243
0.040559429295631465
0.060855789175051564
0.05885532088464502
0.05413990941910939
0.573949104567829
0.5557199734567957
0.3967036756848674
0.19133069214635243
0.04602219056363272
0.06012584479142379
0.385293215214545
0.12033031480569825
0.038072581462470535
0.07290995368906297
0.1836401771148913
0.06165354754362459
0.05129653321775397
0.08967984539760726
0.13294632817443916
0.08526064512246795
0.06237718390442804
0.024957433447909214
0.052191506979155755
0.03859453451621499
0.04317661031911967
0.016386886247390934
0.01563267809374531
0.04827835182594177
0.13103012106753295
0.053205957020817436
0.2701658086465795
0.11698904684222768
0.050417164076878206
0.04713051236299511
0.10360077455986459
0.06721633474588239
0.028460413364784262
0.11314986826472824
0.14111305422787235
0.07669840211865588
0.08252229905131936
0.041961399093737424
0.0977762448591947
0.07807037986483338
0.052982287387930684
0.07283855987692985
0.03003119739061603
0.0599031900992085
0.07340946166394785
0.059649658813471076
0.04767804926263513
0.06389505702902708
0.14410209672120286
0.053190393436139675
0.18145601898856364
0.058965364739565915
0.08086057439047652
0.07947208647200359
0.18812815614009934
0.08957211469202898
0.24225124543447316
0.10307449291524352
0.08364505141936436
0.11816599211690616
0.13552441841686766
0.10212362120938316
0.063736900947272
0.1284698912439832
0.08644921020148122
0.0724175277389129
0.03537018099967042
0.061426312198567694
0.05096672343410564
0.06047544049270733
0.055345044259921296
0.06500068984584222
0.09954757538352414
0.024817751309161033
0.14263075587902724
0.03393936691405235
0.06461860156474364
0.04633973195421999
0.12547281101558758
0.05952456878684745
0.05145039299718603
0.10040820851492176
0.17713937222719875
0.12437401912651137
0.15061231277238288
0.14206697009259883
0.09711973007011007
0.03462501069009378
0.08465741955313928
0.13351222485936146
0.10954042051509273
0.0915870426474013
0.07457469121416911
0.08809135399673704
0.04895154884208527
0.0772780803184828
0.13032061136613404
0.22756516926816123
0.5101374970869252
0.13597465393800565
0.22937446121056324
0.31559704142220496
0.10666147496429049
0.10018897661860122
0.10069680152370689
0.13156911432618473
0.37142674147769494
0.08706956970073813
0.2620223338925397
0.1031528738141492
0.09413629888015795
0.09133926653611077
0.18200885574458137
0.0863773671503915
0.032801832352632725
0.034369566987133504
0.05641830649426935
0.06379648182934984
0.07387555348403606
0.060879548685913665
0.0803432895315485
0.04572719532554079
0.15369418428862333
0.17431834071312022
0.03716667921242902
0.015426984960932904
0.0988906574094588
0.04801178529425306
0.01983465951086488
0.08983265443684964
0.33630172895609256
0.1745879932310229
0.08793712587965301
0.04232883513152231
0.0772780803184828
0.06268934980191067
0.0418383550578479
0.051520236382701194
0.04488114451660048
0.036902061396711795
0.018238124442702893
0.042227673828589565
0.045407665964414416
0.057885125922336335
0.04328450326755245
0.060508003384538156
0.0411349342565228
0.38848753204381165
0.16305892028942276
0.04628089030988392
0.04393027281074031
0.040559429295631465
0.14740026951525317
0.14643424270246772
0.38624408692040535
0.22228571219264168
0.15433841398693277
0.577939822821817
0.481706866706723
0.3021356235324497
0.06793685407752798
0.07264659832771773
0.04564184188128862
0.03772329172428276
0.04959914282266816
0.06576956889623695
0.04202852939901997
0.053273350805952274
0.07501007251227015
0.08646659484131489
0.1233624164389621
0.12350276048496789
0.12496218090285052
0.10249082270355803
0.053480214531233757
0.0875271625888385
0.11652295502213897
0.08119508400753049
0.11661533781248458
0.1226006981039191
0.16091059164458651
0.08777662537403452
0.12540064469549203
0.043089087902913395
0.057644396560876596
0.031950999963532095
0.09793978570359843
0.04434871853778389
0.07502328221900464
0.07125510659031183
0.09531577720810994
0.07440833728278311
0.06751600848279636
0.029139860481762103
0.1462384959378824
0.3696662171788693
0.5570682485511271
0.13003961780470738
0.3115823817292
0.07625317209144723
0.08459566534607275
0.11186203682125344
0.3970494471535847
0.1428571428571427
0.13526608002992757
0.1416423169763177
0.10635872527818624
0.08888371794631962
0.0622270054924945
0.07368352782153877
0.11794676022058516
0.09857841994872986
0.06456921830324192
0.024408918427076046
0.06405321311078169
0.0468749113658855
0.10820525947035241
0.04257847849217474
0.6427406199021206
0.14293919640115546
0.09667577242184616
0.3059905149458062
0.20549383209149288
0.08528120766878745
0.06301447665653452
0.1396507179563433
0.067653779227305
0.07083806968166037
0.05969939389723399
0.08404247461691775
0.025094562203117468
0.06750548612871549
0.04086436905207108
0.11652295502213897
0.06770206545724501
0.08767037128030875
0.023517581518222117
0.08179911442554152
0.08550043956510846
0.12196407901723437
0.11991984728747225
0.07235852082871197
0.20518299526025338
0.036835796234463404
0.07702060817467482
0.032243535165445425
0.13921225416370178
0.02084357079166043
0.07683043383350245
0.055811403369775116
0.056084209651410914
0.11991984728747225
0.09173052741790967
0.063920022088368
0.05501486603421274
0.08793712587965301
0.1025039698917274
0.1195042992723487
0.08386688445686778
0.0409395188918837
0.08824089430382487
0.08529480307620581
0.042931809990945737
0.18294771620749847
0.12285262439713539
0.06948877779301227
0.026191592244783804
0.11048510687443557
0.09173052741790967
0.05937925549192676
0.1703431834412539
0.09880126812757443
0.15556261107872565
0.4845024469820565
0.18275754186632656
0.14553677570785387
0.08176669426734377
0.03757327892707208
0.1131236585015279
0.034693575067697935
0.051646608930077255
0.12890102989579472
0.04934469750756522
0.039278488292451695
0.06636505025568276
0.035663304046629006
0.02262624460936824
0.11181634980079704
0.08224161095930822
0.0487561334774462
0.07806625648497391
0.18877124224133493
0.41933442228433937
0.0556933789221328
0.38843133679032177
0.1273131100623494
0.5450104942534864
0.31268653450057776
0.4805563167351726
0.6348955717450111
0.7473782335119987
0.4088674866382739
0.40040156325410564
0.3000398851033228
0.04676090552602768
0.04533636459626262
0.02845421670572063
0.07422406936490833
0.0920367587877953
0.05716201667333782
0.03830141146925635
0.027837137307283356
0.068004546894394
0.055111902151298256
0.3005669298558037
0.1986240980666359
0.16595854551483816
0.07919185613278859
0.1628990911209505
0.1666278256816591
0.049366351874985115
0.33391510036819283
0.41917138576535085
0.36465848666806644
0.3519564254454358
0.7684761886312786
0.21960344380200042
0.23214532087800718
0.33095202693294373
0.15251982161997266
0.046606564466416554
0.07195368606668746
0.03732433464606105
0.05641830649426935
0.02948268236978286
0.09326664866023789
0.21300396178047015
0.1391284082964341
0.08501945517869856
0.18202370112151947
0.05764753256852339
0.18489344415721917
0.2351780935697103
0.1044376317181532
0.09367661195105241
0.04729051824265326
0.10290078599437255
0.3694057453005318
0.13047876744788914
0.2073933739194678
0.09220499566317492
0.07648750507307646
0.12606371192537663
0.10592710803282411
0.05754982488620387
0.08557598585601166
0.0703794563809826
0.07385889017959299
0.046899687513375136
0.1308090069513325
0.08041342254897425
0.10944400857447174
0.04484110295311156
0.1113959450011652
0.04679084909125547
0.053751769620161934
0.07347617710428767
0.0728367726688896
0.0378668211717892
0.035036396955718696
0.18366355428477654
0.17122011102653745
0.1569700377656857
0.15105077656502439
0.046899687513375136
0.11888935433612764
0.15982005241785632
0.08393410043173655
0.056084209651410914
0.09205313446749
0.026602978510408718
0.02358614589582627
0.0881312223209576
0.10679543725710781
0.05618191733373045
0.12145447056171783
0.029962633013011875
0.1596807017721439
0.05978299890339637
0.06415652504264911
0.08827640493755064
0.21166958134180855
0.05704142170145337
0.043332686645820365
0.21319816282121778
0.18580033132507906
0.12067309037907782
0.081883985909697
0.17281259471074487
0.172754734300783
0.10413515075237544
0.12304824050337883
0.08160853818558868
0.025231690958325774
0.08902353763691444
0.058383123138348224
0.02427178967186774
0.09511148346890202
0.08178133010144767
0.11028012522902857
0.19283271921175643
0.15351283993353962
0.07311924796894097
0.07440833728278311
0.11314986826472824
0.036933503916782934
0.11116289909112087
0.0865922763854829
0.14622767484596713
0.08875789930712384
0.07738448439706884
0.1414588673968771
0.0723029758048753
0.12189293435435937
0.0486807080989436
0.3090369837493033
0.09065485900722439
0.04269062004717639
0.06637084506904041
0.06446910165732016
0.07215353918330494
0.07017433189248137
0.07537185742792447
0.13487792267788273
0.3147164447512114
0.5770233318210345
0.36015275098030364
0.1558468302942242
0.6951759496620799
0.40037287345607014
0.12145064912317761
0.2875649502655669
0.2959112748636879
0.5380032111756886
0.32150619504455424
0.11068146656212496
0.2334819695816417
0.10877972315040473
0.033048030005198424
0.09601491493824249
0.0872900225979645
0.11290442660520689
0.08310618709217979
0.10003104295867285
0.044137759709792536
0.02447748280468015
0.1418430369195514
0.16335975906677896
0.4589667159787737
0.3059500202923068
0.35239305419178285
0.17956591313628725
0.09508273129806558
0.055835471982606424
0.17761383186849808
0.1465228908398849
0.4323252995445986
0.3112511688938735
0.31520507093774913
0.16268261707243198
0.12071778140293628
0.10688265988546797
0.07892235158639506
0.07621602223111709
0.1044376317181532
0.03757327892707208
0.07300155528125095
0.06389857863380405
0.052769361298122736
0.06385654093256839
0.1109313395383198
0.10228584105815101
0.04924467188904385
0.02701436477603358
0.0706426543170213
0.2731476113187979
0.6475370178410803
0.32797063265138643
0.12478514850470854
0.22110220229351368
0.479679389149889
0.1678799675884285
0.5297737114893962
0.5453274295036135
0.28404832283201076
0.3972481961332722
0.16786179822495512
0.09145439065108157
0.08691221765261745
0.020912135169264583
0.06721633474588239
0.04112288541267556
0.06811149894662141
0.08319738988580713
0.5003495688650657
0.029345553614574558
0.0841850481871834
0.09619582177861723
0.29113995831400974
0.18304860934855502
0.11661533781248458
0.0690580473410491
0.0460672792599474
0.10288431857407163
0.08192485034909885
0.06750548612871549
0.11815427639244892
0.0972584238819121
0.10554675935047989
0.1158238172920064
0.1080253271295504
0.08715917035656011
0.08690967391562025
0.025368819713534076
0.08137771322662507
0.04015812563759811
0.04294527807772746
0.05661987726829615
0.06694410994469274
0.06776220920843407
0.07235698313080736
0.14265321618651602
0.16891069531435843
0.046804824917165616
0.09188868349966475
0.04715411465535344
0.3365182941039377
0.3212150020444399
0.07199649560089597
0.6970403169424375
0.40646113011039403
0.1017432725270394
0.11028012522902857
0.11294488661932124
0.10076702503205338
0.08633915089210414
0.06819996225903306
0.05969451108291616
0.036444965505185285
0.057885125922336335
0.08773214423424601
0.07101208070800245
0.1336033248568346
0.11028012522902857
0.09484968538802124
0.08079863116273499
0.04232883513152231
0.20953366068642854
0.3294055041692361
0.3798648333721736
0.2778812110911774
0.11928244559113478
0.06488009487395728
0.05706128647460621
0.07537185742792447
0.07860357263224355
0.07544045099714335
0.08644921020148122
0.05794065561548198
0.09473223105381047
0.045922610690179846
0.11628990911209462
0.04739382395067884
0.11724950117287053
0.059084843368376765
0.0922345554684377
0.08429588534739088
0.17365675951393794
0.052246055734359594
0.08160853818558868
0.07276848411952648
0.06516030568306727
0.06961064681880015
0.027768572929679203
0.06311916277841753
0.1125832099738452
0.24702866464693501
0.03825892270311355
0.10343407746778101
0.11030111787978072
0.6087159170356542
0.11655944192704831
0.1898854942456379
0.21509227118682298
0.08065960169505866
0.09101185056075974
0.0817876765174396
0.08957211469202898
0.031950999963532095
0.14389711507579583
0.042372785359362335
0.08856740578280946
0.032910901249990174
0.10884525371117895
0.1240138954713055
0.09551121773266576
0.05309024616044314
0.05862475058643551
0.07597296667443472
0.08614897655093227
0.09580433869218549
0.11220286129150145
0.0844374074803839
0.10479284644133796
0.0593655314603879
0.04750340439354126
0.07804655509020157
0.07264659832771773
0.059714743128019325
0.08109997669540896
0.052982287387930684
0.03791058073997823
0.06998415755130902
0.1613546756921019
0.11171499674687865
0.1199142625631632
0.06865293716310489
0.048553917098790284
0.031071042977611023
0.06887383285679122
0.06035889070146814
0.06427892731614829
0.05221762282606608
0.09690049817378955
0.07073339918684515
0.10018897661860122
0.08435347177235426
0.09251922628757822
0.07667210440456729
0.07980041026076766
0.10766721044045659
0.05424753604197087
0.07522826386441166
0.09228618037753435
0.07716962750491804
0.07245642398654585
0.06275753258677182
0.10763867710337248
0.0613828406893014
0.039376195974771225
0.08286965680925883
0.08319738988580713
0.04491632721842487
0.06389505702902708
0.06971574303001114
0.06618503845257494
0.03400227344719695
0.09757126321378719
0.03249951498436526
0.0646389049301879
0.06295057532380266
0.08033663978319477
0.07294336984385914
0.057807451670081555
0.08273129806571893
0.0687485434630623
0.06620907146649853
0.07108046172121792
0.05234966306091084
0.03302519662400166
0.060628627874438706
0.10533195044884153
0.11163233826798533
0.08634599986942997
0.10741038219332887
0.3217473849883236
0.13200307881368728
0.08016779305523156
0.07108046172121792
0.05536242350276678
0.07188590096302973
0.10643904302112663
0.20764640679740873
0.2578120125123703
0.6356292925734136
0.5452298361402258
0.4645553517897784
0.47643120288816343
0.029825504257803573
0.11419249592169643
0.10474562080303666
0.06624238971466467
0.062453100472512256
0.10533675134001357
0.10433565751222215
0.05559567123981327
0.08321053060042839
0.15805360652998088
0.23928611400053265
0.11175993549475816
0.04514094923162356
0.058102435046337095
0.12276986193964241
0.08550043956510846
0.07841554622316174
0.024408918427076046
0.2000076257080813
0.17178111231090967
0.17571661617338585
0.12923720312948728
0.13986994985266432
0.0888377811215734
0.08505205124872992
0.08445534765717921
0.12503880369834108
0.08196514104514754
0.08670723600721043
0.0981299600447708
0.08417882690326037
0.10454063915762916
0.17431834071312022
0.0657242596771499
0.17934899671018958
0.04924467188904385
0.0470951028780142
0.11619290505001906
0.13057330812433296
0.06357874486551691
0.1072011186203679
0.05238318448956752
0.10203012144610418
0.0875519495882769
0.1552161825951196
0.12667865686159815
0.06512128481772668
0.10338976250358974
0.10126093283111544
0.12257902395345542
0.08406608355738128
0.09900613473163729
0.0872900225979645
0.09413358444161286
0.10536056573925771
0.07087374323285096
0.16364224234098604
0.1435968920901175
0.17096673271366042
0.09459188700780467
0.09762648182349111
0.16316499695997078
0.3990635258795652
0.042600549491315746
0.03949308149998819
0.13328915006246014
0.0548515020833168
0.3417432910861489
0.27731983490715517
0.3998789788891214
0.14192495921696532
0.07573364234357831
0.13754268406817494
0.07620681698106531
0.024820304692700912
0.07492264884128397
0.06736514208270968
0.07736767700859827
0.0484791786976408
0.056197256898260266
0.18597063621533383
0.09797577156167894
0.33814961547424766
0.6182339476246272
0.23507627705945577
0.27736843533476196
0.19111622661700364
0.3729318830383627
0.3915149427275923
0.12835251487496158
0.4863668142624094
0.23633198423381185
0.30754961447436097
0.4759524469124359
0.3147306026924839
0.12780164847394704
0.1085993940806335
0.043773041679150144
0.10474562080303666
0.09558510679586449
0.08348653577452401
0.06413722902458
0.07781279222346861
0.10084667230756375
0.06292374741377847
0.11676624627669693
0.11022380430259651
0.054267737348105645
0.43035221247771144
0.12101600676907631
0.1477917663385311
0.22773690929844748
0.1886105360276381
0.18240093773889754
0.20228384991843346
0.10817368978055696
0.08959794468701052
0.12430448521388798
0.07859019109225567
0.054520886734298446
0.11512467956187335
0.12211605686320189
0.1652140461628308
0.08148820705448909
0.0865922763854829
0.1293404800745743
0.11202749901992386
0.10552060039909417
0.15435117899155856
0.10359108084893906
0.19563960013186968
0.39213949149673843
0.030785405544261606
0.18653329732047577
0.18752357274733963
0.37614131932205874
0.4369852538891121
0.6855784999251895
0.6450772380961971
0.27324985757299114
0.2074781044835551
0.11177271622009703
0.06165354754362459
0.13713272077736088
0.0573544095215648
