0.10395580947983779
0.06047198335284822
0.12472101794639656
0.11403816400719874
0.0929092885820575
0.14711910229029646
0.1429377113074937
0.1727697364627182
0.16800977307964865
0.1411951750867477
0.16492705149645404
0.1471691257864854
0.16477466833485466
0.12328854106772152
0.2655481811351966
0.13395653028265425
0.08222167485581627
0.1859177671414568
0.16538838590623375
0.12305696166959335
0.10398250392645277
0.14776940774074632
0.14585561195129215
0.06643720912437587
0.1398371616905985
0.11976198440453027
0.15679603252407562
0.07944193942106219
0.0657175797798952
0.049091780103326266
0.1629365751425687
0.13326793891735472
0.22129459603637122
0.17482886091294514
0.07684613357132829
0.08348488247549493
0.1727697364627182
0.139765648350591
0.11911884371344338
0.15062074702348915
0.11174137898733198
0.10385793503737052
0.24161348659032067
0.2730300336164782
0.19159469147739974
0.301835272689305
0.10480488036692448
0.143328496870784
0.08409323304119164
0.11935443645370643
0.06767085942919984
0.07927159161446169
0.1680987255636928
0.11398414795613424
0.12150765199462314
0.13119991011766408
0.1877632541992806
0.06391670414628509
0.11167127971466945
0.22311285392999203
0.1764828945529293
0.09697209106258874
0.17311573727005303
0.17435149640205014
0.3277161106476593
0.3640209817635112
0.41191396113257595
0.19432914423708353
0.42100623803119824
0.30620595192252825
0.21503643118609853
0.3131581392960858
0.10258676561871509
0.05911934429783367
0.05553034200519529
0.06368224671008263
0.18423921521603354
0.2389584813489334
0.18647594491485917
0.2056448249440898
0.19038942649332477
0.09514527975955095
0.059425942483636945
0.19456760327408296
0.1182054339326848
0.1514029020563715
0.23570019993347502
0.21044441778195633
0.272051362107871
0.29216668079971364
0.30256456480708444
0.4219922435219886
0.3079407185283433
0.1589476279400358
0.21160912618214786
0.12440178510451402
0.15904503777175497
0.05589104575319906
0.11016052552436895
0.11769038017690321
0.22527912477386813
0.18303015035548087
0.13551893133615872
0.1979954556131672
0.05544016606819425
0.08764057373853831
0.15269617001116884
0.2818839530231711
0.12765196529166317
0.29312744908456795
0.17603454456839704
0.23206096808158377
0.4975537179081171
0.36913901246096076
0.3442526876659391
0.6216019683371928
0.5511899477097498
0.37227956865232614
0.19842417469961876
0.06453891811159179
0.08377899127395903
0.12290303760117766
0.09720708028220539
0.1348571280803752
0.12439245382216571
0.2424588055141931
0.14918108637045155
0.18923214401562782
0.13980212451985766
0.21774644383481107
0.050751017344143966
0.08923208771968015
0.17630676252729427
0.185249936072552
0.049849257974134344
0.07332508999297652
0.3343326112970548
0.09188927980398492
0.2217637843044026
0.2980238813674466
0.31809007554350993
0.11325867311226645
0.1541527410894471
0.1408348932233777
0.09773340286680923
0.04840644298211889
0.04831626704511784
0.18251542586932692
0.04831626704511784
0.15581569690329308
0.06669412300591489
0.19226111527593562
0.17652888224094018
0.3269765582432146
0.10518121291792747
0.24971027178433014
0.20120836559044825
0.12849032235499447
0.05792902192942099
0.1422668231600151
0.174724022112241
0.20975574253589716
0.1626155329398744
0.3330453020126321
0.21168516460915807
0.2521224964442998
0.260050394657413
0.16697163575188378
0.10561703512848575
0.052933275019567426
0.15489302808373237
0.07895361950873603
0.09475159830027899
0.07887651636468453
0.09199184300997958
0.18839093297185314
0.20710853207315788
0.2101220579648642
0.2088799296888838
0.2428640739950327
0.06178855203306236
0.11654420828403685
0.08512187103285603
0.11617504702878169
0.17911696603677588
0.1838366171798293
0.34971426185360927
0.2930403103450358
0.22458698224505388
0.16805958078168035
0.0858379059258637
0.07908212474882186
0.04921802641512759
0.11930259819661107
0.09205528566033129
0.14468600426734268
0.17113704099961646
0.07616259639101636
0.09675716500236323
0.1929739980269787
0.18764065331505067
0.1690342229155004
0.13335981615893758
0.051724917463754405
0.1884988595046654
0.09535430347862026
0.044132103568273
0.08198634317476164
0.5156593190742256
0.5182934440087599
0.332391654006017
0.6242932324321321
0.4262219740279467
0.2210698763732996
0.23209424920712068
0.08253888810757473
0.20762459744465095
0.11356027059762135
0.14112344307277205
0.05165277671415371
0.10570917498392055
0.10828846221296537
0.06016538516704495
0.07358210047314818
0.1482696427026319
0.11739917032846266
0.11663135590190235
0.2599406662442193
0.19180692135211447
0.18718643676835234
0.27997231993541266
0.28436491492300736
0.24081311065130526
0.19976995603021896
0.19314516874947119
0.08528840121551415
0.4462826995443701
0.23128018185715904
0.09553079547980844
0.20445861987099812
0.1079793908986105
0.1722238893489008
0.19105011245026193
0.08563589199319936
0.20546934877826922
0.4934817898992773
0.15353121385113858
0.2566649511369212
0.10948646455313003
0.17498020659641603
0.07351142384318801
0.20177892798277594
0.08359309359989604
0.10452616228581683
0.2082566430419153
0.16491916958926986
0.31708592354484105
0.5292680172238302
0.5065803320658003
0.3155221248665387
0.39047827673130264
0.6230811738473763
0.3199270073999498
0.1582101505170606
0.15835042586974174
0.16873255416871533
0.17622054935779752
0.09360321687852098
0.24775510503882783
0.3668185225765522
0.22651519520212193
0.24358456836399325
0.19561600023522682
0.20254513606712388
0.1928122427897388
0.20161715411734774
0.15850136036550092
0.20989271380291838
0.15459082811501265
0.20679314918401467
0.30425148550487274
0.2076130658826729
0.32899911566775086
0.31981440042297027
0.3179411945008649
0.10142989393868722
0.1644433497116323
0.07948107087265201
0.21816251014081903
0.13643341958135266
0.0739262331533924
0.21028180841162783
0.21019921601349517
0.3687834597658745
0.1248134204017513
0.2488322472752433
0.19583167388488043
0.20294532403663157
0.18477839934016566
0.18178538514890727
0.19496897928626852
0.1176147759242766
0.14029654789851773
0.1626179318383249
0.2175191742114059
0.3946827788649012
0.4300019732361069
0.16587080934454626
0.20898776651370998
0.16387697351343478
0.18408646597357814
0.15907471787934108
0.1547156323357733
0.10596542097477814
0.1465901389470105
0.17140663306168377
0.17053009850650144
0.15422243874905975
0.13776992375496272
0.10382857386291293
0.16279384080248788
0.1780956230248575
0.1690293936208472
0.118574313507346
0.1917408844946438
0.16301589007871833
0.20860727701609977
0.08299793241568969
0.29502335505449456
0.37141937877683434
0.3289562341331647
0.3766912167987528
0.1081389836515591
0.3161955269107722
0.11136728219619371
0.2233425594293384
0.17656089592880955
0.19679986517649672
0.31774120435121006
0.28493166484055105
0.23292754162518695
0.1144724678684604
0.0974840751291132
0.12539439842015487
0.19404473422506124
0.231795254964509
0.2362543898991278
0.3636257733148768
0.23180303935867913
0.20046865735241842
0.09750977617713036
0.12942197692836516
0.17248101485785225
0.3519981546623602
0.5320129752814176
0.577034849646471
0.3687548709395793
0.3260635014826133
0.2765964357881387
0.3415660634666639
0.11285259573148575
0.1580070353497493
0.12339113544709177
0.16986352510160224
0.07876405041164795
0.09677681558943735
0.1584003424260338
0.16132388994040706
0.13366532043421395
0.10732757651968795
0.19124247835675523
0.1800502416981534
0.2251052128445473
0.19536450902158337
0.14210109448691463
0.24624538949125765
0.21185432795060904
0.07694893776339695
0.08851440937112197
0.09517098080756825
0.10177615014798007
0.07949334151709653
0.1693118211225643
0.1608755637421264
0.12403427613817866
0.15251549998296182
0.12492896156147218
0.0496689061001324
0.1574417642466548
0.3083412238401514
0.07549675391853493
0.10537824223419044
0.05323987320537071
0.1710397324260417
0.13921734085098006
0.08774118543641497
0.18010069893486355
0.1047310481158735
0.18752823837324123
0.11989980026690604
0.17645908001194086
0.3218929221070297
0.26405519231194524
0.6405896201052843
0.43531712201170547
0.2207419804197955
0.3323096967072486
0.2200565134651982
0.06145120580904551
0.14644675621354303
0.18797691117590012
0.1669853232437981
0.054303949261982065
0.30539388790857874
0.1855564382831288
0.11956244348830677
0.11754094367322562
0.15680653093103555
0.10207308707803675
0.12247236303125349
0.12282614347735576
0.13541267663278259
0.08111142847466128
0.23153220690848214
0.28973488133462627
0.2850246225103788
0.5304991929050694
0.42996366991522983
0.30799838532956514
0.1622622702793008
0.14919224714742932
0.13361397843261663
0.14338173410777644
0.046675064991700356
0.060962885896719346
0.14236378583415354
0.07047227366307095
0.09106547974805274
0.07219773610024596
0.14047632777809826
0.12485033652727671
0.05572872906659732
0.3033850412317628
0.2631627980011468
0.19939028910415418
0.2602422867862154
0.20920344016336231
0.1536818305627
0.25001743394998366
0.2666082585452376
0.24231744794945123
0.31324713313221314
0.09839955069550221
0.1358701950009782
0.04743254286250844
0.09880334143518735
0.14791796682431133
0.14520228462884963
0.14962359444673526
0.11405357130971658
0.13568998327662793
0.17317354484016953
0.13222997520327492
0.16024552169214284
0.1419132614716419
0.17102823350179375
0.09722248797222433
0.11888915060948378
0.15075588110741323
0.1400209161737667
0.04148093102044464
0.14025541155989424
0.09576042961317445
0.14497554560277467
0.13786938054064973
0.15323883705639385
0.268618537349412
0.3429211029481925
0.19132487042544283
0.0885342185658114
0.1390923245487578
0.1068532319620013
0.07440453400969749
0.10147651923756021
0.09048142366302636
0.13366374437241646
0.1421557252654693
0.0960204513073131
0.13900284692059678
0.29634969148261314
0.09830412455214645
0.12351457714571427
0.06713113742083934
0.1454876120480039
0.14767276505585014
0.11227398921544769
0.0912622525309349
0.2029044634017692
0.16790565899446097
0.13618358706360797
0.08885936832075245
0.09689295102471839
0.09437094239816869
0.09859533440058699
0.1293466351421491
0.10816365799220509
0.07822478788365841
0.11540420570680524
0.1097861128620882
0.09102387834113264
0.07140470297084968
0.24336430895691702
0.2056974799607859
0.07545827697840131
0.09118731836490737
0.12450848201310714
0.13614667093808333
0.11467259051071592
0.14369125950195222
0.23386118667001557
0.056197643939002326
0.13721723857832271
0.4278965209114555
0.4258644240622901
0.5774501647264858
0.2643080576496925
0.18421386937559098
0.13071139554047814
0.10993111955505985
0.16775272475635802
0.1870276488938971
0.11576283145122172
0.12773196470791756
0.3014755743232334
0.11252772670642736
0.17691307594486577
0.15137535320915754
0.1062446092624194
0.13107663917882434
0.11905592092856372
0.12444772372530594
0.11810547450098277
0.0984289287729066
0.15282178085578213
0.19010590177889952
0.4699844299636703
0.2778367785495202
0.20311538247966882
0.37460700176683215
0.17665605990433705
0.1330219593902839
0.11405357130971658
0.09768010344834525
0.08798697563596689
0.08952622769200981
0.045250285187084974
0.13061530476904462
0.2826827769610559
0.12390820005884547
0.13806484948018358
0.19874326815519464
0.13886522541919902
0.07648011499898649
0.10683526727082761
0.1611787094169881
0.13961132575976062
0.15214769733026945
0.051508495214952175
0.15189435442016036
0.20855641921440402
0.21452050054783392
0.20263525631315008
0.22017184706764312
0.09947807575148129
0.10081793881016934
0.08904169476753145
0.07391068765974224
0.08080409496597199
0.13130554701105443
0.13061134854810028
0.11565499462639517
0.11248381907358183
0.1029087793055031
0.2095611556426968
0.15283275967561366
0.2566649511369212
0.08915693557155112
0.14530385756483696
0.15591567896776953
0.18728796972963974
0.0543941251989831
0.19432036594981356
0.22456079157168024
0.23750266949421653
0.15026391735802513
0.3876362378178882
0.1739597472643887
0.21510325138272118
0.12784055583178675
0.06044886493637603
0.1296198634414243
0.08977583613353027
0.03881172328521608
0.10777200437783971
0.07649021208885795
0.2697076293178012
0.08269212117714371
0.11418157625040412
0.13746456752592143
0.05783884599241995
0.13193835517519265
0.09232722993930197
0.17052073121503888
0.12633120717777457
0.13737429078047322
0.13037472121520874
0.0985442639546563
0.391893726443357
0.11627285316904637
0.36532159266441216
0.44436690489408626
0.1041403901074653
0.3564620709006913
0.12650987844395994
0.18600547558647573
0.29727236030217385
0.10138262866423231
0.1502473836246944
0.1802664206216476
0.252478659872381
0.10395909885211055
0.10354973209905709
0.08902843033146528
0.19536450902158337
0.0642783210909339
0.08856178513569989
0.15022055905398146
0.0951840190331405
0.14153583258474967
0.2018338042788763
0.4609435886744741
0.5254468039637121
0.18008458627849985
0.11416504930790218
0.12859696672625515
0.16740672394902195
0.1806348447365731
0.16417711449056585
0.23404508799636115
0.21296349691482544
0.10521095774770506
0.20137195234888655
0.21745213793128798
0.15233246654599997
0.09144432884507904
0.2140739728903382
0.1731426617647392
0.09666164159256388
0.1308307488624098
0.21982584626030835
0.10511728639021167
0.1672549153058642
0.17183798036098846
0.0813952190703668
0.21246733237176263
0.09890709189831595
0.05603532725240059
0.04948855422613045
0.16391738221641466
0.1312496395824924
0.06713113742083934
0.050805122906344584
0.06447579495569113
0.1614317267652345
0.0734348677821044
0.11128760322092297
0.08428445042007983
0.03744104904280132
0.06109139113680518
0.08760196587203653
0.16269137337410752
0.06478239314149441
0.07410658502739435
0.2434287515763742
0.1660687102327725
0.1858601003402337
0.13943301450063364
0.14681983700124726
0.08212651088028863
0.19370278530649918
0.448978620165032
0.28746572181774493
0.3323536398845109
0.2649682291939166
0.14338038979486498
0.15199600459291737
0.06617068431683351
0.11315314837832405
0.1268700244083487
0.12572720677855873
0.116592219569888
0.2639409491955483
0.20584688462330583
0.3517674874574703
0.14421773951136466
0.07318109718069754
0.11562750853325766
0.14786945473312418
0.06918722126221265
0.06585347106507505
0.13620958238028172
0.12486117131243324
0.31859964722437883
0.1175713866618603
0.6356441639396614
0.3748591456620508
0.5009515022201716
0.3182170020299014
0.07509846230616099
0.11694827287930333
0.06677132274859902
0.2634579902416499
0.1026268289609194
0.0880818755038682
0.09118816227195732
0.160731954666058
0.10801111222378629
0.13366532043421395
0.12800752909308266
0.127910079753923
0.12830182534740345
0.03686392304599518
0.07597229793874463
0.041805564393648124
0.08031577505364583
0.25551935642633367
0.12141288157810146
0.2564194079001967
0.4283278682107614
0.33613288833446375
0.184252631249029
0.10937985610555681
0.12363491966355446
0.10845486784064576
0.09564420848877325
0.07708087009726602
0.11314226399861592
0.06371289803455613
0.15604636410818296
0.12428047637473218
0.09882446803179178
0.08383681863199773
0.1064291898900469
0.14164717364138396
0.14987958097200196
0.0845379274534192
0.08489056160070153
0.07565536054441416
0.11520411172205136
0.17356336955821225
0.33160481455994945
0.6717302446998763
0.24259219223403677
0.23478655834224707
0.0783087836916394
0.1593289086811185
0.18817525932219953
0.04405996281867229
0.1989779165825014
0.14429320790741448
0.13810989608585675
0.12017761374776532
0.12077263406195254
0.13947866679823437
0.16767875922375858
0.14112344307277205
0.18181711131409306
0.12449366234609786
0.1788746900925564
0.06833908667764617
0.04957873016313149
0.10785250559790704
0.09284405569665906
0.14870698143570965
0.23597255060261768
0.22267388002073177
0.6503554739463266
0.386880995507351
0.1342900053818391
0.18048477424800755
0.21313948426952956
0.16948272879303325
0.14003033569298529
0.17178940084193567
0.17752608036601933
0.10121622303655192
0.1189444502234473
0.30015415092836983
0.09916086249972283
0.1821694250619921
0.05116582665434848
0.10388197722878667
0.10399272560536321
0.04750468361210927
0.12406626696286027
0.06612879654816987
0.0809201471519192
0.10763045632167612
0.22684490947049066
0.17453073111755382
0.3011414470546017
0.18853209973003204
0.10714766918356793
0.2079332865277301
0.24228028605657556
0.14056602428960643
0.13668317546755807
0.11382176860434508
0.10491874825243896
0.07626871533570488
0.1326541567375915
0.11714348301939093
0.09511757834861953
0.2903188938582418
0.21234974132006446
0.2254630261002137
0.20623792748063438
0.23050121306659244
0.18000928774318145
0.15775322379944637
0.12368098277339452
0.16058143071150446
0.15929308164257844
0.1553393293861626
0.19511059845517045
0.10336961512504436
0.12420834103597629
0.05798156432672795
0.10034259349123027
0.14865306302329723
0.04236465520305417
0.09959492987687832
0.13263364281183282
0.11795540401241736
0.05780165699060779
0.10900119819468086
0.13032697076293165
0.06748767125152338
0.17402261572725714
0.35726780977806794
0.13589513706045672
0.19647869483383873
0.3640505161178713
0.19968574198200678
0.2905830113603603
0.06905673255534028
0.11700566715701516
0.05574676425399752
0.18365612457755376
0.14466310050471748
0.1647207499224422
0.08120659245018878
0.10175704132651305
0.15190249556180827
0.09748175332045009
0.06445773275733738
0.08711334609064524
0.12065667280659478
0.1113415216333362
0.2134152175000052
0.07400585163526974
0.05244632495976221
0.12139751144799713
0.1487698776645162
0.12905830113603614
0.09289594165253622
0.09827072614890911
0.09738987607886625
0.1199469465428752
0.1281687520094514
0.26505778127316615
0.27464323337255264
0.3690233313823593
0.25948344631881365
0.15517324781189448
0.15192833807212852
0.12093899904289247
0.12259961939911192
0.08478366730312073
0.10111090436301158
0.051659106514504956
0.099136152690548
0.04234662001565397
0.1956923814107314
0.14739378471783943
0.08755085748535982
0.11420364179828187
0.07622634439757962
0.11086774944201033
0.13874632374142176
0.13731449703735588
0.047811281797912546
0.11025178559939265
0.13145832299634305
0.22249348854225207
0.28539676260716806
0.4701358451844887
0.33335940627306027
0.22740333323714537
0.15686783137314986
0.12535888144831123
0.13900166720132773
0.14423994029739118
0.04470922956507925
0.1485309712454649
0.04822609110811694
0.1182000712976051
0.2722340642744382
0.10882859265605375
0.09944635442630549
0.13515142236982233
0.05805526824122231
0.12449366234609786
0.0791335268448562
0.13156092628830043
0.09923054541257235
0.08485454484541213
0.12375864441342714
0.07423283133919568
0.35511346117415427
0.5423575420170692
0.47385241755156426
0.3032659711920696
0.4148549679949249
0.21596217057839745
0.17222982464912637
0.15032060604635933
0.06153605940945958
0.17911989186101884
0.05569265869179703
0.18528702988210125
0.3456170235688543
0.08005876457347416
0.09824094406962298
0.15172641253085128
0.11539980839274609
0.06592318816403255
0.117097544398599
0.1666570555331293
0.04449280731627689
0.10143247470855503
0.14649632652676745
0.15652351957372934
0.2584653575328664
0.2561497007950294
0.23369100257052358
0.22439798892690604
0.30319198670246295
0.048460548544319505
0.049506589413530665
0.07973883113510279
0.11962416854215452
0.14654420032621845
0.11218810547202668
0.12685357937824412
0.33204435108398295
0.09562256359582497
0.20143013667031842
0.13183382743085403
0.10813799752448973
0.1304615876071543
0.14337443549157602
0.14271703462571048
0.1470495251549297
0.05208562121175831
0.14386757503804593
0.12467941653947646
0.12622827661395308
0.15870936740010078
0.17813274897641446
0.1418603310074387
0.09491020492615822
0.06399560956274496
0.1482036791419175
0.14309489786828242
0.13574765007784975
0.14289833342944436
0.05230204346056067
0.09048142366302636
0.1383007278399557
0.32783476443282933
0.17119999197408958
0.19049375105596916
0.050570665470142016
0.09037067528644982
0.17346173807738907
0.12841031471580858
0.15030868406680872
0.15697373103942597
0.04041685496383328
0.10545956654239998
0.09626565561306262
0.09151507517774068
0.2023018833744684
0.06332738231429863
0.1467532584241198
0.33702983075012904
0.1710324095596908
0.11158526036560744
0.04955162057709733
0.10478599402636499
0.10816033530095516
0.07850185485818886
0.09196911882541985
0.11730509856196712
0.059137379485233885
0.19822514871712618
0.22061076614045105
0.2946383925501006
0.1306443132772748
0.14633457128952757
0.09116161731689021
0.26794423248614285
0.07268256379254737
0.08501315147129149
0.18687830938152214
0.35793328151145964
0.22954446851762417
0.3731752815660019
0.31232339542125576
0.0851080493415122
0.13485460654468961
0.12000461334409779
0.06263345401783516
0.036575360047591994
0.10765056379759208
0.08288782268450912
0.16165571367621026
0.16083862422868866
0.11569513739695014
0.11167678714515272
0.12285770663888765
0.06260775296981799
0.1300795381687473
0.06445822842705394
0.0754565605741436
0.09532263814322994
0.13335981615893758
0.2578534785050353
0.390980912288795
0.37172020068046874
0.3906388979339078
0.2451154895731049
0.12585803214006513
0.10633319608772174
0.05397220083605003
0.10114750929309074
0.1332323970731105
0.04896049647270251
0.10545956654239998
0.14013281067566302
0.11670845904595385
0.1471414023965138
0.15173526447570462
0.04460101844067814
0.07387896633456631
0.14541795827850196
0.11683293927685826
0.13387941802207004
0.06759375628514834
0.1132286660677995
0.07416449618075077
0.2857675857901612
0.21795280510261428
0.4526626170094842
0.24145456576413793
0.26215327835764995
0.3405239559507036
0.03845101953721218
0.12892276004532502
0.12100707273567762
0.12980796955192883
0.11291541437645293
0.03354544856435954
0.05667081087785248
0.15154069528222122
0.13695276752962413
0.16397868265853027
0.07727314812838278
0.12256153674469511
0.1374968916647032
0.12300328700766967
0.04460101844067814
0.06467705192069448
0.07758662390594712
0.04005615121582939
0.20883697012005875
0.5209947128029371
0.14814102930518788
0.3914476741201073
0.18749754098879498
0.1061641526501226
0.05176191070657362
0.0715544199025357
0.060551669128444695
0.1348609726537446
0.10093526803758122
0.1004677636719247
0.03911832147101935
0.13728989536110028
0.10034216550103563
0.1513507915827703
0.13643965169252062
0.19928773731696467
0.0777530295336275
0.07388409869006007
0.12231128539299921
0.10733707414395721
0.09575910044591047
0.04047096052603377
0.07856127631524205
0.40010798568681205
0.42778043681434
0.24371494132609425
0.20225516932125218
0.2338636552041089
0.12076922463266622
0.12934393286336374
0.07704580561598613
0.1319798518743236
0.0672242645819547
0.09257791411352946
0.06820084912808824
0.13148656165582528
0.07634998775616779
0.10208985258187356
0.036647500797192825
0.1369889672014992
0.0317419298243403
0.0659382299683251
0.10965150364513097
0.061243852246821995
0.029830199959919697
0.13853899918066476
0.16215904503777187
0.17512694118897312
0.22859057706058467
0.03686392304599518
0.08376268881738347
0.09215287330858753
0.15619352650988197
0.17329634986006123
0.11008592353382156
0.1557319244846026
0.19309069528750203
0.07878473465813947
0.13161204922163122
0.06997356643957267
0.06886199256708508
0.04898619752071968
0.14422466985756296
0.15844401075549086
0.12148502232770217
0.36929819502912137
0.11412259961939909
0.1660221755419921
0.11755923110171865
0.18186680506985145
0.16357673200975037
0.05358254176597439
0.21934010169705145
0.23637832001963455
0.23643580523885982
0.2434240556400077
0.25050458451069674
0.242014145471355
0.17438300452612068
0.16505746450536166
0.179916797608518
0.11604173692433524
0.09918689810276216
0.08616162303635407
0.14248481870127083
0.10611106530165046
0.043768884773234824
0.10544952996529934
0.09350854595611825
0.09316352296600978
0.13505564846318016
0.0429237460124601
0.07955708354104438
0.23136390766520304
0.15448936047517448
0.08933702377173561
0.10318057084380206
0.04433049062967515
0.10163512586343945
0.14498661097919602
0.1574739660013103
0.04721282520753522
0.13179595054797677
0.10305057378467217
0.045079638222110294
0.08114164390507227
0.1226008842306764
0.09694553561325898
0.1076211511768228
0.05350958197174104
0.06331115527625068
0.08931822065740945
0.08875341536998564
0.06264961722231362
0.08889403026542948
0.14725039146631885
0.12565595986390626
0.09254872669245502
0.22526219795666536
0.31614958828998013
0.34940314860734606
0.2758519895190224
0.19908866495907795
0.15732389551274475
0.14972032409209715
0.09716018297490664
0.03228298544634602
0.1319798518743236
0.10390424938549825
0.05142026811006104
0.061836721529303
0.19769285693684252
0.1521714754053323
0.11581674986363494
0.04366608058116616
0.13078830517271137
0.13363496381143747
0.07704395397174059
0.13901026651634418
0.0465960000551231
0.08513999051277962
0.07658597266455083
0.22817712947345625
0.40534038961518987
0.3003495972755538
0.4018856985081571
0.0862081957729241
0.38077388847240656
0.047811281797912546
0.12665435075869508
0.06973456111768951
0.10722074092833667
0.04999280847714745
0.10651058185802427
0.043861575757270135
0.28234983638324795
0.08653092639376414
0.053663788259844046
0.08918935926963352
0.09293754305945631
0.03356348375175974
0.05855756627462837
0.05731333707828163
0.041738501979878696
0.06335894273928015
0.037314802731
0.20419716942007587
0.21054298535662908
0.30934806185770614
0.2362543898991278
0.2529842569632659
0.27962088677505176
0.044691194377679044
0.1071503288357074
0.05456067930247065
0.052371907865336687
0.07442290905942926
0.0917691379273309
0.07520152223636976
0.3546213984418655
0.21324732109435574
0.13514993554889454
0.1070502818433304
0.14687585930834976
0.08834149426884175
0.10965548783030835
0.11498628872709808
0.057493244414401797
0.12211048069375367
0.08811879162939376
0.11579653515587394
0.22834414687963472
0.2606557343733426
0.20064424321196198
0.09468266089524195
0.322501625968794
0.12407509789124099
0.10985094908398599
0.20167845455946334
0.10312602814670464
0.12329985925520526
0.2000912284655262
0.27960305590985063
0.36804708313276113
0.1988963264848968
0.123981855634812
0.11462667415656339
0.23416766511069237
0.24992791649847207
0.2706703537059811
0.24848244091221106
0.23275932776496103
0.20332433562502952
0.22425533341292017
0.2607494424304187
0.25643596943735925
0.2152224384101356
0.2433627551978921
0.07675775757522284
0.1469690318017309
0.1255148267867359
0.15895204640507174
0.0903337591609244
0.061656814193182835
0.16565680235575395
0.14821824398492528
0.2497993016200033
0.19356710056352452
0.10357522350918169
0.21694250619918123
0.18351005998731293
0.39338477402614525
0.12682185805306873
0.14163571691019303
0.18698782875250863
0.17687461245414143
0.18265195626866643
0.2245701877011353
0.22413884040182935
0.10025978831496714
0.20428904666165998
0.21628571457749046
0.19863859630425335
0.21004866049539486
0.10295839835676972
0.1107391461889099
0.19167995612906083
0.045719200059490116
0.05975493663991254
0.1052419122311285
0.10422429119478879
0.04880629018459951
0.13731299033835762
0.07330798248140097
0.06759375628514834
0.04337462569746491
0.2547033369892306
0.13075384303201648
0.10887453127684568
0.044041927631272085
0.11565432318774763
0.06898161287807532
0.23746153640667686
0.3635582449472388
0.19967144204536805
0.24669674589262386
0.3146361378539264
0.2070086008343124
0.0847620563606157
0.09899772780658335
0.07495749139054537
0.14214866501355164
0.11986063079462773
0.12444495703823308
0.09069126867776955
0.09289594165253622
0.09558649322102454
0.1592180381754217
0.1408937499688131
0.0761629017472279
0.14687734271380015
0.1267082691711088
0.16242629212396953
0.10999356132300525
0.06030223915930043
0.12285770663888765
0.24485284882092262
0.4622964680311014
0.37847777216197986
0.1196093628380821
0.2676962631590404
0.15358946295058815
0.18758074380263542
0.1287922288843258
0.1622622702793008
0.13112164568470885
0.05230163271493424
0.06263345401783516
0.08661412920760433
0.0772285345993681
0.14849201314803046
0.18825365773620423
0.05073298215674375
0.09798517314525025
0.1522273074056786
0.08798697563596689
0.07943019824034094
0.14767276505585014
0.2031496651702304
0.16237922137245922
0.3055187128769972
0.18696549058648904
0.6568342372658489
0.3453872704166763
0.445283051336062
0.20455957533888308
0.20063634704350178
0.06934281683441904
0.13684493070479797
0.15533532032026723
0.12629029467735414
0.1460789535608506
0.04613400936969451
0.08757096156676605
0.10875343783750074
0.20663271219551907
0.1251822357447418
0.15662356656610596
0.25384513079961585
0.24845069189346622
0.15962635126834093
0.1037487310948913
0.06448945408251318
0.13199227358760635
0.26874113823364326
0.22918215072271525
0.2845836698162179
0.34873821519415865
0.32426042327432064
0.3417105024634527
0.05475482894698687
0.11934853681740298
0.11716471017396586
0.117097544398599
0.11295907400573331
0.10106496574221967
0.11227398921544769
0.13093774435836203
0.06515560191120616
0.26312185257660087
0.16213966939506955
0.15316302404705587
0.297041693097284
0.23721141892573466
0.10475234262475872
0.12695321562086512
0.07229290007577362
0.08503238708584031
0.28946068766862704
0.32086120415377295
0.21108270736499032
0.2933724495512323
0.37782746671153
0.11723276470078227
0.0761629017472279
0.11153897128277697
0.12409699684259537
0.06778847190080213
0.11069450068437728
0.13891932414508978
0.11764027449397378
0.12676931429451951
0.08719588849125595
0.10965150364513097
0.14153689065989922
0.17012146691811025
0.07936966987984775
0.06303297996367567
0.14313653233931525
0.13824680942754197
0.03516861543037695
0.09639045983382279
0.04932031114494284
0.09977868436004587
0.09897213253389386
0.10199925482698564
0.1126028899202508
0.04314016826126247
0.046963627990103424
0.06235074248964632
0.07464027813878679
0.05507734590078818
0.09265947506903155
0.1236429917466372
0.06496527396015114
0.11806465151414139
0.13465198085462227
0.0867389334283645
0.1190058974323753
0.10223876901228905
0.10077865008369132
0.276512311862061
0.14460918209230378
0.148993482620961
0.06781230462472687
0.1639095432651109
0.143529896043185
0.17612867211621341
0.1561640838407348
0.17052416037960008
0.1159888297014732
0.17176450314098157
0.11864721253606504
0.10065151815509236
0.08213837929426104
0.12380458303421905
0.10340783540260749
0.12761748855994812
0.20339080791188474
0.16244617160564634
0.03549324880358043
0.11066259154604685
0.09634885842690269
0.16526599194295175
0.051196487650195965
0.11781327489764144
0.36297875236591715
0.1735415516285224
0.1484697366873851
0.10576091344213133
0.13009817408271232
0.08147388903480186
0.2830854416886315
0.21614391495186383
0.11818458303346684
0.14362693587623762
0.11011892411744885
0.10438604643202842
0.09223031914181493
0.09802367376726638
0.0937102007742074
0.10161622919172271
0.06160281349151046
0.15565654263792056
0.22430059563906923
0.14528204781335147
0.07782002362150914
0.1133445174712603
0.07168367003808054
0.07423486834369268
0.06892240635612824
0.08696153624358452
0.09366707555223681
0.04633239643109666
0.21605394577274797
0.3618464657052392
0.3464981182373373
0.5360110658565169
0.15062988516641473
0.17291634860925395
0.32235130209688884
0.10904792111181591
0.040074186403229586
0.03316670962895556
0.03219280950934511
0.03895600478441761
0.04872918704054801
0.2610190344924848
0.22981535749040305
0.17703567682909696
0.08128914912183416
0.0907029204161794
0.10916325471426097
0.12449366234609786
0.12762752048413425
0.05370420352272252
0.05652740146337365
0.10880110420992689
0.19710746598733356
0.1991147581288417
0.36012107650801545
0.29722287652370977
0.40041354160576004
0.14073893894200507
0.048695005980521955
0.085460830591557
0.05014274468149215
0.10575077639084064
0.09718088656530435
0.08425143053237767
0.217115506602848
0.29196820321768313
0.11959103873256154
0.05605398572544049
0.061862422577320164
0.10789458508736521
0.08057634086902425
0.06132270056895968
0.14306719909903048
0.10670453816579768
0.19634222253975261
0.1460132597844612
0.2977913917583128
0.38141721391448125
0.38863254188824053
0.25235413437719834
0.141445388959138
0.2230065537411514
0.1842078285565917
0.12891892408005226
0.11014359033504403
0.07601030245702625
0.09294348276525523
0.048497877608393525
0.1411683293927691
0.4163455587766536
0.18880773145478305
0.10820116391527142
0.15196379600392387
0.11567393427164323
0.05846240229910086
0.11103364645406583
0.06814716772009251
0.10923738784953264
0.08656749640490839
0.08448112363633727
0.0850539437793117
0.43124861028140393
0.12907783622318383
0.4770197797128186
0.28536504128199136
0.17253906925782836
0.0655759413871029
0.1111175378317868
0.21007661512926395
0.15058679895590724
0.1029674215208254
0.13304571639394042
0.19052177409447169
0.157239011769026
0.1497234635053643
0.13164349947979775
0.13861588785770276
0.08591860352138818
0.14901999514545836
0.17834523146637887
0.27357130499971205
0.12218278227361036
0.11490938568475222
0.25119658612536755
0.22390483773980852
0.5528253626099411
0.5687853325472456
0.2700272130148937
0.2183241835165738
0.29264831065862484
0.2086384868231361
0.19110777925148503
0.2286506490902115
0.2959581657362629
0.27403263940949174
0.26947657396729924
0.29221920756381686
0.20754748568597078
0.1863270459320201
0.25330870151739143
0.15023219603284976
0.14658424363762626
0.2076581512023523
0.20454414393633533
0.1608755637421264
0.12295185638161403
0.20229513868865728
0.2374779127548201
0.15619131069252182
0.2053915735606653
0.14020744474588906
0.0695617178025456
0.15997064286183663
0.15216826941615447
0.1677788062161352
0.05615678991750916
0.045214214812284687
0.11004747973541847
0.10139762677403301
0.13780339387527996
0.0636614959385218
0.09761956918282585
0.0856988982553626
0.1819964246583241
0.28646852515153326
0.2104199162017593
0.18269789488945848
0.08730646011431514
0.09768968351325052
0.2156549553617604
0.1799345157899343
0.0904676890204267
0.18973889328218344
0.20056513465198078
0.323053329947832
0.2191783464598116
0.2010654501383098
0.07517954066677633
0.14719726588813947
0.054023602932084365
0.22097918228475893
0.22957015572194187
0.08703014327680504
0.07383225105102119
0.08427843072110343
0.1696796237752567
0.0850704689368217
0.08640888977902902
0.05268078239596465
0.22065353792324785
0.0721710254023732
0.1412662405226836
0.09964086849767023
0.13561369816694846
0.047180050238905785
0.30015415092836983
0.6600542067931484
0.3399457938601936
0.29359372548114815
0.3872902370105534
0.14454644250796797
0.12899564718370574
0.0676298652749229
0.13253145771173847
0.13369626425355308
0.11910577302084238
0.13141172448711694
0.1227657518211528
0.20784762666310186
0.08931114185965411
0.10062004345781209
0.15016435038348389
0.11465347747173744
0.12147818316702484
0.09146379399670884
0.06946993279040148
0.10541049626787997
0.0851164785584815
0.09634885842690269
0.25503409071461525
0.4080502854506663
0.2941909275514435
0.3623856498293713
0.43809468888760694
0.06738814790101101
0.10163512586343945
0.08218995353064035
0.053072664155449215
0.1565790696480429
0.09136741067563861
0.10389880158345673
0.12577129346635132
0.13154833550427025
0.08826645613149571
0.149851781023237
0.046043833432693596
0.14050061332835542
0.1121157916496127
0.06585347106507505
0.12817922446317223
0.059446524063706555
0.08099793927339362
0.15458408838875304
0.1606230321184247
0.1776076996596122
0.29266914257905513
0.1200602425230869
0.15961140849171124
0.12673326186115813
0.1557122174666035
0.1555192216466128
0.11775560809641886
0.0661072416664818
0.11250792918516803
0.12270205613521308
0.12339113544709177
0.4139322991753641
0.09838361180971401
0.16164004382676905
0.135011704682748
0.08830337225702127
0.1019979087282947
0.09463355883135113
0.18463693165139844
0.05928715675367306
0.05541715508221865
0.036936063795595886
0.1250538292017572
0.16536054294244998
0.13461463875504234
0.36667222706150077
0.08795760895074284
0.0975430749157542
0.16487744343720465
0.04027257346463175
0.18003939849274794
0.09498519097713873
0.10772898800164922
0.07641637983780683
0.10549955346148777
0.3141110662591541
0.16188769967071923
0.1585744829174568
0.11425366529447042
0.0695213348864358
0.0724294382810517
0.11717894008419344
0.11074294522125004
0.04119236802204158
0.05455644188558484
0.04995746909853547
0.05983203978396404
0.10405097609369425
0.0854889713489293
0.09281659746455179
0.16267185025073863
0.1837264286950006
0.203264474211505
0.04204002182985057
0.11925665957581914
0.09414398386013859
0.08019151004456143
0.11125225552316202
0.09858428021945606
0.1450368460448903
0.11296334410806227
0.0832827791855518
0.10111326781437338
0.31254680418557435
0.0982196305814528
0.03859530103641372
0.12192109958175043
0.12415662303212037
0.10639384575408209
0.0389199344096172
0.08099793927339362
0.07172191622260815
0.10836920644813455
0.10765056379759208
0.15147339246700026
0.0449436870012817
0.1733576503021768
0.11305494576891023
0.10419894256058757
0.11898102785106776
0.12230813634503199
0.1118605416283204
0.0658717860679982
0.11250368231940718
0.1525891071294632
0.09772170485526535
0.08272903730266913
0.09402537171347536
0.17046306441381706
0.11800542750860579
0.21366482594152528
0.07034376842298512
0.11378996370158095
0.10428066919765386
0.1509829889300779
0.13633218326451166
0.0389199344096172
0.13856508444206792
0.3244185400325246
0.09903397719901938
0.17470626002871392
0.0993192981521268
0.13743559122258883
0.1313452526386468
0.10088121125905197
0.10730039932427282
0.18228562011079286
0.1992357983745487
0.11784472302830143
0.1459469982559231
0.08416876619816405
0.06607552034130601
0.1247132879118192
0.10795007856511055
0.09896974706286774
0.10991169271280145
0.034248820872967115
0.091371916755125
0.23947803018826824
0.34456978513031616
0.3348333410862069
0.18177500208761435
0.24673794444298852
0.17834523146637887
0.05241025458496179
0.14272203765784008
0.10885112770611544
0.06887880868600664
0.07601030245702625
0.1295196355458159
0.07720970547803105
0.17104047455424445
0.27951098552563297
0.1427670581218994
0.05312406625148355
0.10424896605677599
0.06486944519532874
0.05096517821804147
0.09484676227580652
0.04665702980430015
0.06322060107547908
0.08682399329672509
0.25302992332188423
0.10465819248332184
0.3778063157795581
0.3342494048819949
0.5111564868270096
0.1812197841208919
0.1723660688541603
0.12075671979897178
0.0832367572614435
0.06972347273652935
0.15997592963007679
0.1341490100841361
0.12126250951737186
0.3032697076293179
0.06978691538688106
0.19144128072620079
0.07759036138014136
0.1460123406954613
0.10846108368971852
0.07682245721858753
0.16685980343795
0.14298403558431097
0.27597459040325234
0.4480080887415939
0.26549221480152985
0.23821188884950456
0.12958468410255447
0.3923649155181367
0.19292367199631813
0.352967945700118
0.1644087601481523
0.13655498529496554
0.13154364868128893
0.1060498119195609
0.05304696310743205
0.12870325043039868
0.13902940271758712
0.22065364168735083
0.13946550737345995
0.15977504682597987
0.07042134189039811
0.03848708991201259
0.13228635408490036
0.10438604643202855
0.0951424176262204
0.10519941248435694
0.07916747736891014
0.1528377913747112
0.21164014763775196
0.2698568775914817
0.6800671048275625
0.2354858524572892
0.3321821669463591
0.09265799083867256
0.13247753929932604
0.04683738167830209
0.05461472703647919
0.09849222290206218
0.044997792563482325
0.11539126924629485
0.26279834210212105
0.16901009176088783
0.34305980047286727
0.28218254199917164
0.13028192856587928
0.07061166984145327
0.152331598656615
0.12196344887874401
0.1341490100841361
0.12633084028421632
0.08760494985018763
0.09980177520126929
0.28976718987920386
0.16188769967071923
0.1290806793172909
0.114468789553304
0.13907350333382396
0.05383503438957705
0.06697693113273637
0.13831496696112577
0.05723623393423013
0.079652247516572
0.14719726588813947
0.0648180430992944
0.03852316028681289
0.08923501784356926
0.15055388583527116
0.06340448545835013
0.14072705639855024
0.09162423618119918
0.07175732606392939
0.12898494258613344
0.1582413526416947
0.06169837609606132
0.0817807347906243
0.1541700113776768
0.1804347507518186
0.20714729771646306
0.13453894997953486
0.19404878611383394
0.06447579495569113
0.2160014565418227
0.06453533157110544
0.08637716845385324
0.1468145588662354
0.159407014147955
0.1194292834953219
0.128056623578941
0.07866888643612045
0.1199469465428752
0.09096133329485803
0.053131662080969456
0.07657740570122087
0.1349577862703343
0.07165452187186072
0.11870575645524446
0.194015899295045
0.12174777522909103
0.048983568978925016
0.03985776415442723
0.0954604540056057
0.04140879027084381
0.13285496818621825
0.1767904750606358
0.21234974132006446
0.155716375049431
0.09476800496393979
0.07077027646733251
0.0616825152412
0.12300328700766967
0.12958913463182492
0.06661478286929555
0.06975519406170515
0.18366260592608766
0.07289560525411486
0.16814711272237276
0.10204793222448325
0.09651526405458308
0.06903315473270476
0.08218419259674135
0.10956361058872449
0.1588143705668651
0.05621018821161506
0.0905009407267144
0.1033416238031077
0.2431186220409405
0.09627183034223193
0.3249698034820279
0.24803944740590494
0.3692734488633015
0.21037831479483907
0.17906874384689686
0.03926260297022089
0.053149767299500716
0.1000543160847974
0.07759769585462326
0.11216192837783286
0.1726042373114071
0.21945558277291052
0.14438508514899856
0.10896640851842952
0.10712886368675283
0.09908960504816719
0.11886155726164077
0.15318980484622974
0.061982174757332295
0.08734102434507236
0.24535817364963386
0.2899202048260305
0.19127959081040632
0.33976203937702537
0.30016501664792666
0.14568824381876191
0.14681896131316538
0.0999319517975571
0.11797348636016443
0.10113302022271185
0.10055964091350854
0.11078454662817014
0.12225742468462597
0.09849626399510161
0.2501275151850099
0.15845975895858072
0.15647123282321673
0.0669002747958782
0.03305849850455431
0.06242784563369782
0.03450131349656978
0.08874636576332741
0.10395909885211055
0.13106288511934153
0.11430368879065886
0.20824781463260958
0.1841007179957215
0.2691067963544704
0.21858037923654752
0.24330145475577775
0.3076589901296049
0.1331245602482843
0.07263116169651304
0.05068246668985264
0.12627692187180312
0.08058192520419279
0.0652507658867338
0.04267125338885745
0.22635632025283653
0.1930107836918283
0.20056513465198078
0.12417209200055443
0.040561136463034816
0.12382689307298317
0.13884550139124152
0.131918551432208
0.06356953565241347
0.07479932964230195
0.10713588546510364
0.13153215524739365
0.24058239004975265
0.31504528373054824
0.5819414251760764
0.5564545136525028
0.07681186313742332
0.14356743406091482
0.08915181502972906
0.03522272099257757
0.1019650483611134
0.1237655926308678
0.08603170951072311
0.04429442025487473
0.1599721122397141
0.07903072265278753
0.1268595863339654
0.13676128635931964
0.10891519307474051
0.1051493889881685
0.0927500753788825
0.13378697883628338
0.06482471642279657
0.05364076087237079
0.08896786251648045
0.0811735429393191
0.09764624488037378
0.10159772075878698
0.188397439594026
0.11561030983089927
0.13181191245662466
0.15316302404705587
0.1640399831006446
0.03994794009142814
0.053586685115792544
0.11435326682428922
0.09763850204142516
0.11256559598639063
0.10962458912404122
0.07549347669966915
0.1145709202550436
0.29421601983738005
0.10964089281076632
0.14231841307358994
0.1187359437172019
0.15316302404705587
0.04047096052603377
0.05954092735507981
0.14393343808681439
0.2335519481061106
0.26816266900682856
0.10698293177292956
0.059857740831981206
0.07879577173682388
0.15616169771062788
0.0998270103284158
0.13097735165110516
0.1274598682882276
0.12472825059146189
0.1328544913302263
0.10845486784064563
0.15372220378717544
0.13534398246929186
0.0847911021950604
0.10129757978165614
0.0541521081721702
0.15355963855290125
0.13817705784198556
0.10728902494766221
0.0865754267362023
0.2316366337309995
0.1845863911982999
0.10943751714437304
0.12678326986868285
0.2572562764347412
0.044997792563482325
0.10961970723440795
0.14948427205690062
0.08531316608945491
0.06533206405963772
0.10244498358515192
0.10634790713329018
0.13424796823259103
0.047726846167878534
0.11683864267183464
0.07124609634497032
0.24722468305115908
0.0703261779148706
0.04523224999968489
0.05296985996338056
0.05137639498631613
0.08519001400896807
0.10880828475472529
0.13596438061182053
0.06810150312816923
0.07345585464627691
0.12449366234609786
0.39340291794014237
0.2530600404773748
0.2213117244758222
0.4476771287683153
0.09311567254719814
0.2605337687807652
0.23737067629092373
0.13171005430896982
0.12131642792978521
0.10443996484444178
0.05096517821804147
0.13737429078047322
0.14756934432846974
0.5032744614651627
0.17116827064891416
0.09535430347862013
0.059921583257190124
0.10270457297733686
0.052430137955020065
0.041969811412033195
0.08703014327680504
0.08680864398531299
0.04289504914065117
0.09311758434521786
0.19409431462564275
0.29876220387795643
0.13891416453278552
0.23791844617593164
0.2783807562888479
0.37737154720027666
0.24444453180513895
0.18788585508351185
0.07882749306199968
0.14263941755890583
0.14509814648700592
0.1584003424260338
0.057416141270350295
0.17321046096569548
0.10242815899283586
0.18334962236697694
0.08994224176121064
0.08793421100176611
0.1166381581906798
0.07815143773750591
0.12392595582723026
0.12746312694489453
0.043591047946267274
0.14337443549157602
0.13218276200778745
0.12771005515799175
0.181007721509263
0.21430366599429718
0.11506359197285522
0.07585599820521308
0.16995083592652604
0.11735756892154256
0.099136152690548
0.07268256379254737
0.136413583405492
0.04108415689764033
0.14805996048675135
0.29540683055381467
0.2069661495876827
0.13351271132703207
0.07840985061618441
0.07783623234746757
0.1321194733975561
0.0971070607562414
0.07187569639816904
0.09489640584729858
0.05345043292131564
0.07400890291082035
0.05515160306979118
0.24990609710803388
0.2807318606097051
0.1479606774311858
0.11657995380586801
0.13736452053354478
0.11125225552316202
0.06111709218482235
0.10923870354921991
0.09048306005117164
0.1046017200816814
0.05998502590754184
0.09755529922758496
0.19793449196899646
0.07928773313295918
0.12462379882048254
0.09755529922758496
0.1188361809587762
0.09027889145048344
0.0703261779148706
0.09904652245317486
0.031633718699939056
0.11457052631356705
0.1371903894541264
0.06260974889126593
0.06907476774274038
0.13777098046120537
0.20027680064586784
0.14539573480642107
0.20977011291868716
0.110941769212482
0.08742397218465639
0.11285123718090688
0.11277876348043475
0.11565499462639517
0.11342245473524558
0.14087999538665613
0.07623179921017932
0.10359866060632575
0.12093899904289247
0.1551829279276527
0.41459605264706045
0.14043931288623981
0.10285657195310445
0.029866270334720113
0.1127793140441587
0.12922133197913255
0.07933503426481342
0.08725505801828082
0.07623179921017932
0.05754248386900101
0.06844249672429654
0.10290251057389635
0.053149767299500716
0.12873092844221018
0.09727399075972033
0.10499931849960308
0.1252522922553485
0.14211675267144955
0.07169111577054152
0.07324159304261296
0.049654424769166
0.07362519573315943
0.06445555516754141
0.033094568879354726
0.11314682301049407
0.05021984782554365
0.14514730874415496
0.03464559499577143
0.18421102984210877
0.36436982793357087
0.15975771447470805
0.15191889482947235
0.08021297086157717
0.17114315793626733
0.1628765035896649
0.19806429834649614
0.07026666527893362
0.08612339785244635
0.06312543709995144
0.11630462863819774
0.0939441258419507
0.1461686558627155
0.09812489401153686
0.05782797579558368
0.19013995145774862
0.1268095628377765
0.07833601836513342
0.06231441988706189
0.07505048319336304
0.09532218748935095
0.09906151445838658
0.1211909740620237
0.0778581875247155
0.0741348213513157
0.03552931917838084
0.12683061473663512
0.05549427163039487
0.07055365310955625
0.07542315370760849
0.17299375420354857
0.4957798021397217
0.14036099417565331
0.09431038948781885
0.04968012581718316
0.09235512336257522
0.1052419122311285
0.08829147077265333
0.09904366642737526
0.12120614244895805
0.1114140431544175
0.04285160526285928
0.11824307842223061
0.11325759760106097
0.12670801385240393
0.03022697408272401
0.1566226296046887
0.06309371577477564
0.06836478772566333
0.17838428655563407
0.1357804792854737
0.12510874940595532
0.2667089556542292
0.15558926188109545
0.1711909594120302
0.19346419531600706
0.08415667569154335
0.06090494433764168
0.09227192054873502
0.06895932248165378
0.09040720571849467
0.1057047664422034
0.09813151059209294
0.17077377540692362
0.06116849428085668
0.11820552149335964
0.15509011855180604
0.06921773536033228
0.08447200923493607
0.10353644673280624
0.05199322013872812
0.10120523614555098
0.09452528174185156
0.09679546512469356
0.039810923378591115
0.10650002338525716
0.12306956510154846
0.19286616120215122
0.17518352454045205
0.316098472414956
0.14826741426316156
0.15692632862519204
0.07666622623520812
0.09908288091047039
0.03735087310580041
0.12340695461622744
0.046878711583312055
0.1927321590807332
0.11207144184629574
0.14785666638219572
0.09500424267212512
0.08212117726023571
0.07931398465987285
0.09636429500531163
0.10970152714131941
0.05230846521498497
0.1024330387747302
0.16507777621514946
0.1479967472317722
0.12314218433266919
0.07028312529855339
0.10005138364278973
0.24930889808308096
0.10585406211182813
0.24887979498827295
0.11296926359494838
0.11685488709627098
0.04901189856873684
0.0699138006875845
0.11239259558272297
0.07908427455506994
0.042130197766851604
0.15227152239770889
0.15593371421975655
0.036413043360990376
0.07986851969321264
0.042869348092634006
0.1250367983862986
0.059858140606838396
0.06801830031432904
0.13579456306090976
0.06537065738689936
0.09405455279395651
0.08078993223879326
0.05233811383536096
0.1412123221102699
0.05504339194539006
0.16243896312022255
0.08852486901017434
0.10530265944305353
0.12025648483708708
0.1258289602675739
0.06283994517336877
0.033671694876160986
0.14589505223450505
0.045645061278487956
0.0996412261396635
0.06846759191773198
0.13074131477379847
0.11100657844818995
0.11441093362551179
0.13713165330719146
0.08103806382532487
0.10929262196163313
0.07870986189278935
0.14462833746612083
0.1054750733382438
0.07001516784649277
0.13829379741220357
0.25363221199187125
0.10409691471448632
0.05620819201354349
0.08564541121918451
0.06112699361387264
0.08182996741179517
0.13994890934931745
0.11603660749327767
0.13551698287295988
0.09202231210721458
0.036196621112188014
0.10611106530165046
0.11694155485234185
0.0652507658867338
0.06951595096345187
0.0952591395030926
0.09748018789804481
0.09655971383530264
0.08596479122656712
0.086047108761474
0.17550316577621305
0.08694664544207482
0.18704297266152156
0.18742040154841505
0.09243594156244148
0.32210859575668327
0.04815395035851611
0.12023528054898791
0.08788058157493915
0.1090512216908693
0.11309931570279899
0.1048319326471569
0.03240923175814735
0.06235133601258731
0.18687830938152214
0.1051493889881685
0.125604605894328
0.0551633844808119
0.053612386163809714
0.1187359437172019
0.11074837657653164
0.11956244348830677
0.1301611370824049
0.09686724997670121
0.05616157356420204
0.21145556701012486
0.18072976965671633
0.33310246520907244
0.2732888550911202
0.16266193290064754
0.35897583761028795
0.12931718771586304
0.0912734867826531
0.06044886493637603
0.17487966569448846
0.08831216928958031
0.09942555249001064
0.09659846686842327
0.1746427062504917
0.11798627530130897
0.08650242295118166
0.029577707336317042
0.052558643195105774
0.05965645884922513
0.0805879020221896
0.08195379866663341
0.02728723853649246
0.09691599898434972
0.069992973996368
0.18182663590800077
0.33221844184303106
0.2522109695902885
0.36001323968318927
0.20426290797758784
0.326703453606912
0.08852486901017434
0.10770604251608427
0.09930671622684788
0.10269823767493336
0.0956286896999276
0.0777281463799253
0.12265728620033436
0.2534690551869887
0.10244312436597715
0.08544928981384202
0.08516550158735284
0.0238244825556554
0.055258548456339415
0.09049250460494619
0.15220899777238503
0.06988222561979146
0.12256153674469511
0.13557898515253664
0.2946043751385707
0.2463657187282254
0.24819399368519124
0.165172940190677
0.6271841300963038
0.18823434359352337
0.13075215010210223
0.0583037956732215
0.11490013685260983
0.10824058589470038
0.0668920194522251
0.051196487650195965
0.08864187000736308
0.02936128508751468
0.03545717842878001
0.04380715006785577
0.027070816287690223
0.13551698287295988
0.10098918644999455
0.05998870397895472
0.029974481459121356
0.050427427467847445
0.04831797027227336
0.14098268338192477
0.2422015085602642
0.18963813682454808
0.25817126382870453
0.2269827253328668
0.34761547776944773
0.10198406044037384
0.09911979703599581
0.0539979018840672
0.23283452679077596
0.04000204565362876
0.035006298743775206
0.12046594775387803
0.1076062510812525
0.03208459838494387
0.09440268085762085
0.06951306436453644
0.08438963806995253
0.06382330625382034
0.027052781100290017
0.061760678004179226
0.08977583613353027
0.04250953342039368
0.06739749531452248
0.1986134324536955
0.2409107375132791
0.05096743959294633
0.14470665549454162
0.05785305908664212
0.06943923211348534
0.10584258230457916
0.17665605990433705
0.17536474251773232
0.16728890653275802
0.09514241762622053
0.07184880152331158
0.05563920435844972
0.044488514117715476
0.0849864484650484
0.08844455901054805
0.1938150411211023
0.10714491667147215
0.06728093069798852
0.08519109161291587
0.06344265035171003
0.16434332103554872
0.09683746869417521
0.0745768354884352
0.09166273967984277
0.0469095224279028
0.07481575077797216
0.05437609001158289
0.14687585930834976
0.13430926867470666
0.07846529959640988
0.1711897894761246
0.09761956918282585
0.05867549262319144
0.033419202252558206
0.08379960494290903
0.06728093069798852
0.1490110143590333
0.13731299033835762
0.042869348092634006
0.043284449760464
0.23060953808892268
0.13176188896043572
0.0557455731492345
0.19606712415662342
0.33365830643378563
0.21507334731162445
0.1973413894324506
0.2021401281372285
0.16526810416620452
0.36680695964725696
0.18908944120869559
0.0667482285681155
0.08961274362179046
0.1549969065519311
0.10375390885867677
0.05728871326759414
0.05858928759980417
0.114468789553304
0.08907498571552909
0.08524003750515649
0.062300682645379225
0.15848092688101678
0.12268254900731274
0.03511450986817645
0.06670994684482305
0.0718480029185598
0.07642178451218493
0.09225716538358399
0.12076187096721633
0.024563925239063276
0.07133383311227724
0.07438650753738005
0.44666120995981834
0.2733347937119122
0.2653414736941188
0.13675527649934432
0.17649618108254855
0.25767609292286336
0.13679101229238427
0.21307214120621837
0.199930799838533
0.08664688874807323
0.07226164382017707
0.12302998732548377
0.055321991106691136
0.2733999718344081
0.07564114120177111
0.0747920703146844
0.07493519729033134
0.05886599079191165
0.10586586353318904
0.03608427141610202
0.07025138687504662
0.12460852900548414
0.09565126362108392
0.03949706040642333
0.11989538900008245
0.28148221305253285
0.22367480455906796
0.2226780691698792
0.41825730926705473
0.05659370773380098
0.07083371911768421
0.0547510072535258
0.12156161697710625
0.08704822398915386
0.060874690991566976
0.11236597146918773
0.0980775921796796
0.1599389215366612
0.08556852049980848
0.09169348710066832
0.0637541487825568
0.09299367941436977
0.08168639480605533
0.07506370637399401
0.05258434424312306
0.2693691098075113
0.4718908034038736
0.21221355347774487
0.5064642527569245
0.21730236098514477
0.5384017830990157
0.39093766293922183
0.5086710686730764
0.2913420626473288
0.13614828193816608
0.18107375583876337
0.17164409052655172
0.10900119819468086
0.06740781599869196
0.047058618919432214
0.12369528862234003
0.043563276389097495
0.031543542762938144
0.0801818246414089
0.03626876186178871
0.21101257350381872
0.13318283082495774
0.3767372123868289
0.1337715811972426
0.13166008718963687
0.049834332105286164
0.05757420519417681
0.1806700882302055
0.26754652749213076
0.2068864827969262
0.43020206722086013
0.15724260889671288
0.13861510793825685
0.1330088002684145
0.08844459111208781
0.10847125309959049
0.05990914292801554
0.08976406502740777
0.11066259154604685
0.13782365492186102
0.26247483162764257
0.03350937818955925
0.10816365799220522
0.16515209722174815
0.1422639986159966
0.0583037956732215
0.036376972986189963
0.05975493663991254
0.0591396330918679
0.04505393717409313
0.10359158988577517
0.06305274239757205
0.10424896605677599
0.08200990528053485
0.13296065894816828
0.10143247470855503
0.12605962747246402
0.058161471662848116
0.12623262787613165
0.09465294584740913
0.1386886569401999
0.12757096376972069
0.07372035970868708
0.0871589723657304
0.11224110951318425
0.06951595096345187
0.07409066392969967
0.10777925148492003
0.2335745625741465
0.15645003171674085
0.13521351019744077
0.057030625550092806
0.06299855179924813
0.07350968602777945
0.051119384506144463
0.13436468373378843
0.06807333546904154
0.06077805903693825
0.07464027813878679
0.1330219593902839
0.050570665470142016
0.26568535540709937
0.16937955809416727
0.12228860854808579
0.053098365203466384
0.047703070673511296
0.13212606837817079
0.11829699683464383
0.044637088815478426
0.06630136144381703
0.050595513655488714
0.12063894815754567
0.12632698154829716
0.1819964246583241
0.15864137016319704
0.1051493889881685
0.11651768922500706
0.12155359061541506
0.041120227272440746
0.15075588110741323
0.2233048869853392
0.054768933324582186
0.17749841416296672
0.03670160635939344
0.44089171053899634
0.31132491327403583
0.04889339304192411
0.12609500943125074
0.11986063079462773
0.07392570009698016
0.0777946309405476
0.10225936988280948
0.23730723364057163
0.14019921693364384
0.07232274912030705
0.0779578394838849
0.0317960353865408
0.09479452527715466
0.053072664155449215
0.09176979373374851
0.14428233665878606
0.053418711596139846
0.09620342311948057
0.28588428071711885
0.13214381808121659
0.3037926923525913
0.41255197543622646
0.40323430823469425
0.046999698364903836
0.09938576113206857
0.05744731989347349
0.1067614350197765
0.1283662995213653
0.033635624501360574
0.09922742091054296
0.07737861687134677
0.13503768127361537
0.04043489015123337
0.08931822065740945
0.08734102434507236
0.10090052772184664
0.04788105245598154
0.04178990407591303
0.08033843449572439
0.09678355028176201
0.0458055935539347
0.1555296573372176
0.258968758077491
0.25347737236404055
0.4673894239086561
0.3933036366120097
0.12524120698765315
0.13489152267021554
0.2856341632361754
0.24360951234284367
0.09967697098050898
0.10559960045386464
0.08301108777099593
0.05811346772216634
0.06696371744622993
0.14315834051863324
0.10479394403167881
0.05659370773380098
0.05978122174415339
0.0949772216135171
0.06046084578517966
0.04353757534108033
0.09491955481229451
0.11291712990653446
0.12352895130946753
0.1735415516285224
0.14368823631835323
0.10352382141314737
0.24501508433113675
0.31692328573629885
0.15217794651364858
0.3387924571823997
0.08239679217293955
0.1299433739159028
0.05728871326759414
0.04137271989604352
0.07906036638289088
0.0783354492305086
0.11030180909558107
0.21049887196109024
0.09689551211707055
0.11788075018779544
0.059213465342919
0.09249344445248507
0.0911712127328297
0.045286355561885386
0.05490961387940503
0.05189608798769887
0.07283421045041547
0.10978909182857073
0.10690909952187859
0.22527161847222693
0.37489187474770747
0.15633947508842516
0.26252875004005494
0.09797539714470507
0.0971306976884681
0.08420549191158574
0.08856939533284797
0.03361758931396036
0.09473465061005894
0.13823249697008796
0.11856294331353438
0.13629433544018452
0.13106034524259325
0.08645756598074579
0.07467700119233447
0.07505443007922709
0.05624190953679098
0.02254398425024168
0.14854522619846974
0.10694206079943047
0.07049797471108811
0.17338143778924425
0.09484676227580652
0.17966594591719093
0.24305625298731656
0.09262872248739291
0.23122061966179855
0.3298576790226343
0.18124675624243142
0.1509176363446531
0.12368883807596767
0.11754213906085846
0.1109925536627705
0.08020751254191216
0.07392570009698016
0.10899568613060676
0.07641637983780683
0.10372873332504588
0.3460125231356621
0.1010324206850982
0.14514730874415496
0.07550967907443565
0.0687140639947366
0.15296837324513027
0.1802846802632531
0.0644036542060903
0.20155585367523213
0.20549652234224333
0.10594928025821534
0.08319631947709186
0.24900239587250417
0.21707552837569558
0.09376823721982742
0.055668470005183004
0.06648594207144454
0.13059039486486235
0.06803641934351598
0.058716172900507596
0.05063106459381831
0.13786469431739556
0.0921057331861489
0.040308643839432036
0.08906861221588887
0.10616679046004135
0.1994117986275302
0.06926432440626415
0.1399862080010486
0.15955210609057094
0.15974940257310252
0.17798359943858347
0.1643683851934822
0.4229730505958333
0.25383527911341053
0.12958161334336787
0.18766394661647587
0.2792803183207431
0.18699832410575482
0.10044718034645206
0.04847858373171959
0.08713848025807373
0.10873671541446991
0.05605158158573583
0.08544583467296749
0.12812243238527848
0.13561369816694846
0.2166976568347465
0.12980796955192883
0.039322603466264955
0.08114164390507227
0.14687734271380015
0.09550201673449582
0.12171246585760827
0.18124674332709875
0.11114359308490197
0.2561609950215177
0.5253270921421761
0.4838638329963963
0.37746738349834574
0.15452548564485602
0.38388789573842347
0.08851669976014877
0.07205057366377234
0.15463800680116677
0.057698852798539126
0.03478987649497296
0.10000578404860819
0.06661478286929555
0.12238087252844858
0.11702475766618192
0.10812525229225534
0.09583426186422542
0.04860483004352104
0.1525351887170495
0.10185159032488368
0.10799725236452483
0.15092088800062026
0.04988532834893476
0.1965292174217749
0.3452916774366547
0.5823735426261925
0.6802375872210367
0.17732196251870036
0.45490964553048785
0.35756795075519904
0.15711503023657247
0.11506359197285522
0.23988098366476754
0.0960204513073131
0.14050061332835542
0.12767429790669446
0.0636614959385218
0.1890833631795341
0.14497433827345563
0.043591047946267274
0.08945064619356165
0.08360828984129078
0.051472424840151756
0.04592777280667678
0.1524273518922233
0.1445013452674776
0.15509011855180604
0.1418593430592282
0.16279337985121964
0.08530177836897619
0.18024925269745382
0.15188673666520827
0.3926532495242484
0.17492133280483604
0.07197568682401502
0.1448590046710107
0.07616623327300011
0.0788762675204696
0.11562750853325766
0.08534008449753348
0.13949599215731445
0.4167551678242803
0.09725758298917155
0.12394949395721389
0.09365088518539876
0.09242850503333906
0.23470684923482446
0.22690657871090977
0.17240764383206897
0.1876899936104811
0.25678755202115117
0.16162146588450627
0.26174961074909203
0.24825109082624075
0.46806985383553384
0.6195022680176082
0.3381486887618615
0.31545207512553053
0.2526616805684332
0.07855751511828649
0.1148539472487321
0.14344303454989205
0.10837918165991792
0.03293225219275298
0.08316121243323774
0.18648759379062435
0.11016052552436895
0.07113737388765887
0.06398296384308133
0.048470184868706474
0.1299603582203362
0.12465936949940587
0.05645013656260511
0.15765743789630712
0.055313919756392924
0.05222990271095984
0.1677788062161352
0.20504631087654795
0.18768158217169517
0.23251254252926595
0.26365261518943534
0.21902337274285366
0.23342066169780276
0.05958825917023869
0.10190579946101953
0.1243296234357879
0.08675472557289977
0.06997724333793622
0.11241180507782346
0.06743789532253568
0.03436230119895189
0.15789170174730435
0.2372528236652106
0.2897915853752574
0.11755335147446008
0.5146512464843547
0.562020644714838
0.6373156347244714
0.502170582932272
0.3186407113914635
0.28224890932452384
0.2831445485196819
0.4385433628931299
0.30164168201648733
0.31295773023470347
0.25509716125752135
0.36508851853987695
0.2559252638256161
0.2352605025743851
0.20292947350210502
0.25801356086345834
0.19448371357454886
0.10553684886006967
0.14508967187590055
0.16396589214865648
0.1384910836369421
0.07425086652659588
0.1911584647977619
0.16713966235158065
0.23855200314584915
0.13449841874562568
0.11430701774242527
0.23600478145760773
0.24822402803353336
0.30794464253623516
0.4913211464160078
0.5383028424841487
0.3575179272590101
0.1199520313986858
0.32556664807456187
0.23065781499622048
0.2504510256594897
0.2508284545463819
0.16647819531523547
0.20339080791188474
0.1917421140649328
0.10953014443418979
0.1806348447365731
0.18917316436793333
0.1383649904573134
0.07836249540434122
0.1709401810346045
0.12342767625925187
0.15807479414498943
0.10180185119599723
0.1522306395189288
0.1731426617647392
0.2256485559494008
0.42252465255752225
0.4215787230074314
0.37207762917162035
0.4334308871717467
0.43273082341003505
0.26362811565253946
0.29203530623747126
0.1154339023149364
0.10515619295795936
0.05545820125559446
0.3127847298310368
0.11854259218217021
0.07522696754624682
0.11339302385173929
0.18230751485101537
0.18903795392081144
0.17755333207679197
0.17334769590855992
0.10506102898243183
0.18320321971816847
0.22780529244593054
0.3019431095141324
0.21356864806162695
0.09690306190123868
0.16599586483137937
0.7519750879418712
0.4920614410506932
0.4190349408400711
0.6504054974425143
0.2121255738854821
0.12285100952205669
0.1739118673506806
0.1514711464586935
0.10624999327388154
0.13932299175364768
0.08231683883134379
0.08391035331948556
0.26420490551710707
0.06303027312442393
0.11969887555738797
0.10123702374001203
0.07971114404095864
0.08876943834178089
0.06179314144256561
0.103284634772584
0.14230186473888565
0.12763140445324908
0.414797301193703
0.2837783288161005
0.14751683759994014
0.10216166586823756
0.1139112787064953
0.2113062582474796
0.16935932757164113
0.14148191417233597
0.1887440612731266
0.10678785451132747
0.030425361144126164
0.11855568596667904
0.10267824054319148
0.09634525365899729
0.22413453084376747
0.05294415891536326
0.12259961939911192
0.10384294894338289
0.10942128917587873
0.09578202435114902
0.07827940982942834
0.07010412863863953
0.09244342095629651
0.11902427772331461
0.042252805134238874
0.11843920550146468
0.34040989156255297
0.455913730465371
0.42519971760201325
0.28443359932765233
0.11466772149042917
0.15292123570214108
0.05554404038292208
0.0982167712531207
0.11199590774472294
0.1344931700010522
0.0740989953373638
0.06312177393016132
0.11503789092483804
0.09031665442349125
0.06493355263497522
0.07911885127731959
0.06647318428590533
0.10647886795434248
0.03866829538936725
0.07947573989711262
0.12922133197913255
0.06757571118491142
0.14211675267144955
0.09693913227603909
0.37926583536759706
0.4679698068431572
0.19851205295050117
0.15434121967349257
0.20672319319235405
0.1427772334212807
0.15996770659131568
0.06023752591664565
0.1608925426411024
0.15910270457297676
0.050841193281145
0.1253302461591084
0.16110821629075472
0.211593287367574
0.23607862273563954
0.21676950579551324
0.08856581146715628
0.35505274574117146
0.23179635217468073
0.2075793738299462
0.30361458029894245
0.2713134943970672
0.2671330799050035
0.14145856828648548
0.2540865116000988
0.11096987332968483
0.1107391461889099
0.10874070270283098
0.08155552702712329
0.14251694064095724
0.156417314410803
0.11415361830209343
0.08736052953430466
0.05777595594259063
0.09985811954650611
0.10161622919172271
0.045250285187084974
0.08834028838254683
0.09643414702883367
0.16852211302395523
0.08968898694116137
0.12422802220010004
0.10500195106627916
0.13982232865838543
0.155641822530844
0.12715529669569164
0.13890680183335588
0.17715827771332693
0.15191889482947235
0.3149979554988095
0.16091739116570047
0.11461187606481735
0.14761146461373453
0.38085964686259655
0.11862050730912335
0.1231762874113372
0.10088134962516801
0.10287633088445787
0.07327850916813852
0.12266218467279176
0.37500255833406876
0.048244126295517144
0.16988639640159114
0.03698380809670284
0.10352335183341667
0.08747573089858768
0.09169021394383252
0.09927335953133487
0.1348609726537446
0.12579165616008395
0.1470495251549297
0.22821548799870578
0.23660936448670233
0.49684008334481683
0.31197817681608964
0.27524593855089446
0.42604000826852745
0.09177270366569412
0.042653218201457246
0.0831489036333717
0.11544893604751745
0.10531415955415109
0.12395843013803386
0.10314844914062961
0.11448226255966076
0.10414624300790026
0.09719565309420139
0.0858819194035889
0.06550847324927513
0.09129288054396172
0.07398475086275028
0.03271743412585313
0.04939741428899433
0.10728152174474172
0.18489333943549752
0.1483754867413907
0.4308863387347905
0.25838633838061037
0.48542800701293437
0.6475165700643178
0.3378003917976805
0.041120227272440746
0.22899486765469113
0.10769389897202782
0.0675565097116843
0.042021986642450486
0.07566090844428898
0.08062481814771504
0.2206341435949693
0.11209023473228001
0.08711334609064524
0.05808174639699055
0.0898922226506845
0.10419894256058757
0.026836358851487652
0.07667198245162421
0.08544013148991048
0.0591155992334321
0.05528295428492551
0.1662518686459511
0.3785915305043291
0.48746111570116896
0.4913307795631732
0.5874411032422263
0.15860143799730064
0.26786667286896626
0.13331387753814553
0.1300795381687473
0.12479095784556826
0.09774522807219875
0.09019236362781534
0.03592609330118503
0.19602009491911423
0.05387110476437746
0.0543834176043247
0.09651395821969581
0.12250754216556825
0.16984299910169862
0.08069905124737517
0.09967697098050898
0.13519736099061438
0.07441822886255585
0.16312662107060832
0.1814352206755885
0.47011309058252854
0.2168654431688527
0.44207369817196274
0.24351437944548257
0.23012378417969892
0.164836888848145
0.1356323164754048
0.07652712821438336
0.03332902631555729
0.14989318650880132
0.05798658242146291
0.04934601219296
0.24133556311631393
0.1019234469541933
0.09015024879581099
0.08310296501257965
0.06344214555312035
0.03772961204120438
0.04618624945604488
0.09784926228678532
0.08399102492010073
0.1409856272103959
0.16435038348422812
0.19745112738596385
0.16992981655224051
0.3718246471689133
0.3334131046653245
0.17478450171896093
0.353519649679156
0.14343754898380753
0.10701984789845512
0.1819964246583241
0.17317374897583
0.15183668761893726
0.10790583491106737
0.05596318650279988
0.09214327997916569
0.11469312719779777
0.11280298390500465
0.11523589716861853
0.08792652019573106
0.0672174880476368
0.11023155081917453
0.08893716985315334
0.1324236208869123
0.032246915071545604
0.08180929762853005
0.21142522485580104
0.07798415031843593
0.06178855203306236
0.18268842627299492
0.11989980026690604
0.15707377803180259
0.1296387878747931
0.07771142812670741
0.07181708019813579
0.046570299007106054
0.0666428175085132
0.09820656248197909
0.05006564153744065
0.04281794599659968
0.05601729206500038
0.08926380904485608
0.13956555436583779
0.10344324139846323
0.07452139433759873
0.15032736000837724
0.26677952408595135
0.11966407956792796
0.3366587855371666
0.3540282959053197
0.09261068729999271
0.15242096746998382
0.30426160124790075
0.22877324997444273
0.09702145626480421
0.3076050048226833
0.18502184467558336
0.18706206386469032
0.04603057699874557
0.09849471467102985
0.06304467078610981
0.0673719290840568
0.07962509284503107
0.07608413470807723
0.0872399912846188
0.08551411675089675
0.1458493055778079
0.11525413521823981
0.09136722570102754
0.06115732047405561
0.09839998245545477
0.5095289973050984
0.3152609573802018
0.14242875003958855
0.23232867561713166
0.14593773547563668
0.22340118793610497
0.05062477103234264
0.18234242546565887
0.1660728164249549
0.1517619324444476
0.12366902051046041
0.1511209819853747
0.0870433162825462
0.0572256496208134
0.08529864339787414
0.1335895092628978
0.06501080095942315
0.12668723148891167
0.11923382925032389
0.12390793495184821
0.10324067996172705
0.24931398156211745
0.10114220620894902
0.11640871350696161
0.0775365982499927
0.15584367556311118
0.06208101619748994
0.19607336106896256
0.41047540955818196
0.22566927349684623
0.09230948511144071
0.22808556276057548
0.14031607587916614
0.11419682423929083
0.06547284196607117
0.12683064063470634
0.060062544028125955
0.04891428677155674
0.07265093698373487
0.050405186542030744
0.20401341554340885
0.07756184802498202
0.2494265760016023
0.07643590225853941
0.10818291914106175
0.09138913784472574
0.1524541995534918
0.11448707184834803
0.15438282108255813
0.23781170088128661
0.2522489667690143
0.10316400674107272
0.2669952640427755
0.10560029151047251
0.05201892118676604
0.16354957956374758
0.12390475249076568
0.21504195094061318
0.10308828634795764
0.06518940464376363
0.041030051335439834
0.09322493506248825
0.07331803878390115
0.06615482365424569
0.14054926152291952
0.0895781673490571
0.1224085981200622
0.09941388250330892
0.17197231272706237
0.28563467804316284
0.09607732665206206
0.1050577453296304
0.21626478700612375
0.13395545368374392
0.18855936675258284
0.18709654223655087
0.23741135109131764
0.21222278404915818
0.07998164064457858
0.05511552540232003
0.221985827167249
0.28333063726026403
0.20145129512679583
0.15641362291863037
0.10358750270531346
0.10394882476359206
0.12381062204261312
0.1307521500169361
0.08319631946284835
0.06003083016924624
0.07129309578940335
0.11294781978390732
0.16779409942733453
0.06941743630289893
0.217371367740233
0.06911083811742953
0.18328581686599268
0.20609670404962033
0.2882854085341258
0.1359842450588192
0.2818793771792001
0.44184303096706656
0.2854354825632454
0.2686202844829485
0.12036684070888994
0.3348872594986206
0.36099830361722623
0.33684592942378344
0.1004396956510873
0.1941641197162789
0.15807479414498943
0.157669332227099
0.0843152823174226
0.13614828193816608
0.18142373557846397
0.14227014341371022
0.311432750098862
0.42462816253294716
0.6139239277851117
0.2605906863196485
0.3328063201419054
0.3286543699582616
0.11758942184926038
0.37899252085264845
0.18034425393645886
0.42468946297506277
0.31692493763650764
0.15901624730750427
0.302638397058135
0.23580294052491457
0.3404408559771842
0.2749020969278819
0.18943544201603163
0.16446571708667304
0.13360982596000398
0.07912587596199006
0.11805545100479421
0.09140432680116416
0.05230204346056067
0.17398171974350646
0.2062181741028307
0.2525969123753335
0.39376616585387564
0.37705145800577233
0.2162441131705702
0.30004093013845645
0.1325405922040204
0.2565301562767732
0.3724122022951383
0.22725566873504294
0.23652161624194568
0.2762240267930179
0.1735077751638919
0.14109645438220336
0.20029407873864194
0.2009539230641381
0.1429609879044489
0.19922643687484906
0.102959074090649
0.17690631112783367
0.14553743990682236
0.10525285911203572
0.11340373750368168
0.24967670073577208
0.24801649410244514
0.1129543786874107
0.32247275243642237
0.24132976154337726
0.2922914850204743
0.4213179386587194
0.3553762562156513
0.21849629535334258
0.5078283742734033
0.15068399072861546
0.47049206671791316
0.3699881459796385
0.45361560363257
0.32681452658629173
0.3603929881486437
0.15140588506435657
0.24630517641942873
0.09905183905816033
0.21357083156883552
0.1443984834195935
0.3212008690261795
0.1533011845004908
0.13535489452537333
0.18210724721734395
0.17510171497072013
0.15549134050385893
0.3331079518889831
0.38383022893720037
0.18689802118083623
0.3503645673040591
0.3061863549317806
0.24821936950106535
0.39461275260257556
0.24393699060232468
0.5152528689233609
0.37407985102535013
0.25171606428013077
0.12592167842814966
0.19960549071643596
0.17971807789474117
0.13243653260919455
0.20814776764023296
0.21540975359329798
0.16881854926584808
0.09529793022262148
0.16140406408968602
0.09789529189738785
0.24421890317744102
0.22980220287180692
0.24264779502291067
0.3863153862108618
0.41193667083713664
0.2652423619007933
0.1657794425825764
0.5290985191854704
0.14687856618717463
0.3246994845000514
0.4012113936448879
0.19273877176849447
0.1559539593681677
0.39185643535506026
0.38057875900189625
0.2604719798901757
0.1421781976309659
0.10979487712933603
0.18163174261306506
0.17452082038849684
0.23343521134882667
0.16016893124298218
0.10103081975548213
0.28187532437575724
0.1410647330570267
0.33921787202632364
0.2122677217716852
0.2852139858100949
0.37432582197833736
0.19946583366123097
0.13160276245921035
0.5265707977707548
0.4413493260151175
0.35446239803044005
0.26998019857170197
0.24577682746252413
0.17470686034567215
0.5799724148091462
0.315148025987375
0.13865715405261386
0.21325016425145646
0.23375979768873092
0.10226447006030623
0.22403552274955274
0.19647869483383873
0.23837606165205158
0.19900813101897233
0.09868854545385783
0.09324191885899948
0.3191857447667374
0.21494369939159322
0.26001970246648337
0.3166739892305611
0.6023381442253133
0.5083567776833646
0.30933781393461746
0.28656109260167106
0.507988603793935
0.4072412824703518
0.44933224070542915
0.31752774691373775
0.4248231714039014
0.3451856762695484
0.15667358871264808
0.30880572054668093
0.20634692177744768
0.1081243090082201
0.23697142255618037
0.23999123088154875
0.235395882590393
0.0636101059604818
0.16568048139349123
0.3429146731932023
0.47596169657262266
0.12541669318094437
0.16302174757288837
0.29840689183772556
0.5174983323376849
0.5216538838590628
0.44275796476416696
0.5263248947580882
0.41399885057676505
0.21486076142351274
0.336268987411876
0.2960868491914313
0.6123514097771426
0.41992690267796917
0.6154247592846968
0.15016097029400907
0.4216244408692962
0.28932620100943496
0.26221764748026843
0.3514354346472341
0.22794743636949727
0.33389077907848447
0.23063819996491797
0.2418705798333389
0.4513119826123955
0.17126213955223543
0.3210595436953652
0.36571736012445877
0.2291248430730412
0.4548281818572229
0.47732420063040115
0.2427206974741226
0.2553656130985686
0.2536179418334003
0.4609940596468979
0.768155840147303
0.5918731902830712
0.5259249862836368
0.18116345743494217
0.5190308433905689
0.15378604296144788
0.3372354152334704
0.4593855132123449
0.4647186516763789
0.5487077296913515
0.3895329648196325
0.3944131868028352
0.23959116905323322
0.3958359253393804
0.564515771440149
0.3196936470509209
0.49108890025977003
0.3138978153434166
0.2495160924269258
0.286381362016817
0.29033208340492167
0.2200939403830943
0.19277600749421567
0.20669615484587114
0.1164712402304484
0.2880351523653256
0.20483735269681794
0.16206179105699173
0.25275358975837603
0.28573900005766684
0.12707562865447455
0.06678429894291592
0.1164807060457397
0.14539691718567632
0.24921090217398556
0.2812409895623082
0.4794425231785106
0.39991238781785576
0.6311493520195222
0.45336824859543956
0.20774732366282625
0.5451819387578565
0.4178117561024949
0.22544959320658542
0.5565467139651551
0.15993604186491447
0.41489487738718833
0.163777536781155
0.18359820773396826
0.4345266952802238
0.5667364328755433
0.4272506809457407
0.3721815350902484
0.15763185599393045
0.07899412081284679
0.11161965153855484
0.1319013165026492
0.2379244290119159
0.2432962343578803
0.24002929363777156
0.14420858042432252
0.22310834531238294
0.11210316317147166
0.14323456703898133
0.18894554731715918
0.1285309411338499
0.09942798813726571
0.22588977209059863
0.3579537332106255
0.4716456016354125
0.5420185091838201
0.43113162565624946
0.2881729682277018
0.15787703540023004
0.24765510468922988
0.2945486243641999
0.1792065597092717
0.14685296642787904
0.16225520863705434
0.12596906015399895
0.055548377192595366
0.2610729529048973
0.16407706749818926
0.22325486348915155
0.2678829320440285
0.24981733996523042
0.13415947064960979
0.343982469292428
0.25302312435184887
0.14828531080438903
0.4976530790388479
0.6570085989393933
0.43922806150252447
0.717490340810795
0.5780053810699092
0.41781377779018003
0.43815235568883004
0.48757280433654315
0.21085164844390888
0.0922319483645886
0.21896267281015924
0.19523540267592984
0.19315769310543027
0.07993025933338835
0.19260598912639232
0.20743170932784377
0.05569417105320017
0.15238976616930752
0.22515575634431342
0.09387315041800623
0.10382857386291293
0.3595883934485735
0.5274903044024851
0.27605878667976746
0.3235329241055749
0.8423906755489776
0.5009352908313606
0.2239525557415367
0.2790810852354867
0.18985963357770116
0.1888287860102383
0.2780572528150678
0.14677457158868132
0.09342330954240081
0.23852002027078043
0.15992201121766306
0.09657258437473559
0.07075498519125978
0.07873232908647215
0.03830673803801065
0.052788993520365896
0.05103958034254716
0.3020010380024224
0.18788895903894462
0.11252035060175627
0.3100585382887627
0.4088920578445715
0.1330029234888373
0.2034308798391859
0.2642002208248651
0.08725423664213525
0.07884983931364513
0.2597369619575042
0.07291626265898153
0.15517324781189448
0.10401214132547353
0.12150765199462314
0.08636452076608375
0.09847053017982683
0.1386651314344445
0.09169348710066832
0.08925874019869677
0.10390078072030941
0.056337073512318495
0.09716018297490664
0.07641637983780683
0.09703553371294046
0.17483211917870953
0.05601729206500038
0.14400297204018545
0.29676873309957885
0.2613850851798017
0.2561132471578833
0.1541700113776768
0.16010523640413882
0.3090768291455349
0.07178004585276936
0.1100518876095077
0.29413815758821626
0.2016447131357306
0.1182727998737843
0.07903742475011817
0.12600918689876134
0.2271043530845573
0.0494231153370115
0.11580439367631305
0.0539979018840672
0.07408854983999415
0.05075412028136807
0.07160311977582638
0.1893389330733672
0.17478209568252187
0.26677952408595135
0.2486958936619274
0.08445878259510536
0.12485760237153831
0.08665907545792892
0.08810189044994438
0.29798144912265884
0.27012687941774916
0.17594225425458285
0.1412233396829063
0.33503036143545845
0.2363542039744179
0.20073813505564883
0.09129397385611067
0.08716510435022073
0.11382348983280675
0.14417244295175696
0.16967888975702844
0.15752987614799568
0.13179795135117733
0.12906450379356701
0.1828285686089968
0.13888304669401855
0.14486799047188811
0.12039447162670831
0.11461866425791695
0.08558237477013741
0.2677557656984158
0.22134770594304654
0.2921565770021422
0.40070353497491495
0.3394511982136855
0.3280922262897126
0.1632157344273266
0.23557212682563894
0.2455896716439873
0.24892301062308736
0.13026319177020795
0.12351457714571427
0.17219306845049354
0.06989794002499654
0.0774777184466653
0.29050520117752826
0.10057301983767636
0.17876708378986222
0.08608840472549065
0.09823934741691936
0.11721862858637908
0.0756895864105558
0.1293607611433895
0.10288027931335514
0.0725797596004787
0.05571069387919711
0.2598328294193931
0.35365086701842746
0.3393026531691062
0.11885188496727402
0.12202857598550736
0.31229074414345825
0.19770172428091964
0.2657913888123835
0.16790097415580074
0.13274591300866564
0.12253947915432793
0.07322228580090785
0.15177902081771544
0.10500195106627916
0.10635350009893996
0.039028145534018316
0.08039287819769733
0.11634116959364649
0.17950787452677217
0.21109653422524632
0.13970215527775864
0.22801491179833533
0.07617076858530714
0.18068059999675978
0.06389866895888499
0.15391186975324864
0.2864569660049761
0.19344753215476718
0.22409318955077584
0.1995271353561284
0.18126540733505508
0.17565307652384526
0.09803301676995302
0.09705608234454406
0.040957910585839
0.07534581219756707
0.11356027059762135
0.05511553269499077
0.22680653171853318
0.05846240229910086
0.07321281850587333
0.08749109483363779
0.13346268783084314
0.17065177528789804
0.15598869730695986
0.11824600991839702
0.17496107490917445
0.15202140491676674
0.1605151137542089
0.1555007013997774
0.10768012713625587
0.05826427585491678
0.03982169377962681
0.1751917421140643
0.1877632541992806
0.2052361455510062
0.0434090701009945
0.09830412455214645
0.09906151445838658
0.034230785685566915
0.06860072001121013
0.07549347669966915
0.06427417369152189
0.07669684562597312
0.03787389354040592
0.17618275357579946
0.10501889623132574
0.396978259615939
0.22836181994098026
0.19451012052361494
0.14311722259521945
0.1984891298079695
0.11140119263040892
0.12932784274196074
0.10991439173433756
0.2254771927801163
0.13705437485717567
0.04738502222925025
0.11010948590969374
0.0944866904041111
0.10848347876735452
0.06533977437404284
0.08275487859053704
0.05688669968119672
0.09947672452039567
0.07107092486171294
0.07537342905779898
0.08432605182699993
0.04190295440560921
0.07940482118020036
0.07830081288909996
0.2014026025699431
0.20567717599153756
0.18354621221474168
0.1815264600592638
0.1481444117338734
0.2482851806997538
0.07387393110993189
0.23077339496627894
0.25304769044461056
0.23293554999407418
0.22088216829207066
0.2032094890730494
0.2121473854811255
0.09573827993785913
0.13146174798330462
0.04815395035851611
0.06139151674892408
0.10501124502623839
0.12525641390805728
0.027034745912889808
0.02746759041049441
0.3093833313561117
0.20754281759990734
0.16083862422868866
0.09386340119535494
0.18022329981909477
0.3830805605213077
0.36174999230545124
0.40972601592819446
0.3384274452948419
0.40744137645510503
0.23737067629092373
0.2229046990158315
0.23980732955520317
0.1888761986835728
0.21540975359329798
0.16757842578034268
0.14926584802924311
0.091371916755125
0.10594976492718404
0.031092663077933336
0.11096409274644357
0.07190803186135644
0.41189299568348614
0.09804922939575605
0.05063106459381831
0.04314016826126247
0.09686791337893975
0.12108029819623854
0.199930799838533
0.17855886964475118
0.10913542775541983
0.4263935451654361
0.37619608442556146
0.5373554725794353
0.20284913568536542
0.16565892080528546
0.1653389580779052
0.864516468376968
0.3182718954628359
0.08454895853210628
0.10521728329272777
0.17031615993080246
0.1593289086811185
0.13239510512230837
0.13911534290014116
0.050101750597737006
0.2674009572689
0.03987579934182743
0.15361874792817348
0.10121622303655205
0.1406181182440608
0.14052547052903827
0.19545424499798694
0.1654709120924888
0.13153062170960977
0.5339001197158812
0.28466717212812337
0.38820557750211393
0.2942953526893705
0.3474632045251273
0.15596830063687134
0.22169978394179657
0.2425758608281302
0.30194301142593305
0.11647714961379935
0.2144335261674474
0.2067663912550362
0.1295181706930158
0.10895408472368666
0.06507505357946607
0.24581546027015216
0.16636939990102764
0.2364915518136205
0.22987665793251866
0.1971627933798509
0.2458140421919517
0.23868289026007675
0.14843974073807834
0.23312533269359909
0.5151365121960744
0.6256323122291413
0.2671250843025943
0.2766553740923239
0.2542529265901614
0.2695265974634882
0.19292367199631813
0.34945181812866305
0.2466444550318074
0.15005494174604123
0.209524911150226
0.16221671183899372
0.15979470618764763
0.049500218481063
0.051196487650195965
0.0933681651708008
0.05965645884922513
0.06620589969222138
0.10701984789845512
0.06654001331644453
0.14714417627631932
0.1936409537455753
0.1663640262733952
0.11627285316904637
0.23020428708976245
0.28693262546632026
0.5978893950752545
0.29738968484046685
0.2267070936081158
0.21480899082300844
0.24651498155332371
0.37972835956669193
0.1211754621717662
0.45226764332223973
0.18785174884772102
0.053816999202176835
0.0866973320214444
0.11444792542933646
0.12066940698082629
0.08774121231458021
0.07355128743469956
0.1368140754834627
0.2855085282217706
0.4459950406550942
0.10090687350408158
0.34546226467758884
0.09206115399749101
0.16804347485683585
0.23026378730263722
0.14847665686360298
0.1830877918552678
0.2781111712274803
0.16697163575188378
0.14467429593447625
0.07358356459278871
0.18228444730233131
0.05159867115195308
0.11222805059465576
0.10529316091471971
0.13409509167172237
0.1237081060740916
0.055004777854932546
0.12903743065278697
0.11441093362551179
0.09660950050026115
0.11802740477257763
0.1147043118358917
0.15583887032261554
0.2699959633239141
0.09744411752324453
0.24283154950607885
0.10889646152236732
0.3445012834040653
0.5015490722679389
0.300741259085094
0.3812570941740044
0.33389077907848447
0.33397064648759495
0.17062633217890932
0.21220877669932253
0.1387856592926997
0.19533101560723606
0.11917701868568725
0.18186680506985145
0.07072928414324262
0.1291106436624461
0.1584882417321166
0.23055829393266802
0.04924320800089134
0.19304067179131437
0.2035638083155528
0.11714537686224567
0.19772276831463492
0.2886800069200157
0.2719105537999584
0.1097441153301763
0.2766416768586317
0.3867702471307744
0.6094227553197616
0.31700272073100183
0.28362659241249755
0.23268233918729297
0.15369226714265732
0.2862003344674466
0.16076367599123342
0.227158271496971
0.24284852950922378
0.16865210365399985
0.12022382241649054
0.08635552133768
0.08337419976768873
0.09208700698550709
0.0971306976884681
0.05008371541033679
0.10871798967262865
0.24900239587250417
0.2563865982353958
0.2356356292293334
0.4636177626747601
0.465747246425549
0.14644572168956987
0.18731345633840746
0.5393825901728604
0.5343120984307992
0.6935009515022202
0.25212109249769593
0.429576127856735
0.4297518557551648
0.3638953653769428
0.28804567210656795
0.20872631965712563
0.1616187975506856
0.12139751144799713
0.2187812779096426
0.18073489172894971
0.14533942653707707
0.04600776305789318
0.08076156917806573
0.16785762276449603
0.2841500334177636
0.35486825940569305
0.2766423744089308
0.3395781613785723
0.26598331159954386
0.5562402117545784
0.24907584528081425
0.363420429084864
0.4566057320800418
0.28076544913149276
0.45285739000057706
0.4103427392340368
0.2950336751998803
0.3810622224785195
0.2465299374083874
0.22788324286897618
0.16565680235575395
0.08256508791808496
0.1814352206755885
0.24851199233558055
0.11610005014362938
0.10745364653035186
0.24698755288450858
0.2603341640277995
0.18587269202094603
0.297041693097284
0.36289861732280254
0.35634678763908934
0.6059548703101179
0.4165009995589761
0.4903199792298315
0.7184089269939808
0.4006631500472801
0.3843137971276895
0.3380530326325612
0.35101700147104536
0.1889541050222095
0.22858386921721072
0.19995415357355636
0.1277251971681689
0.21348595391402705
0.24636353178070777
0.11445054123448484
0.0884116051790533
0.05690101624760992
0.1562548843918165
0.10241867634840922
0.22726610832179717
0.2764546450608379
0.2131552004744998
0.10675027422174427
0.1791303232680537
0.15325534932636523
0.39102954018080593
0.264111753414169
0.42018618793636214
0.3966340519174205
0.43180281909889223
0.42321665417219306
0.30334498823687644
0.27403263940949174
0.24790957845568262
0.23621638811204304
0.15997064286183663
0.15191342626716958
0.11140529401760277
0.07625500946693359
0.19745112738596385
0.14751683759994014
0.17688918222417613
0.06719910825312031
0.0989233338180745
0.12267110218593652
0.2037031806497676
0.3668198870234653
0.15999014742711523
0.18959663122263867
0.27540454517677276
0.14392079545354208
0.1873349389971283
0.25686240140650285
0.41494269267872386
0.27798060103996697
0.24907309892061966
0.1784641754393598
0.20400787135984513
0.15276036621052916
0.06119339084885589
0.20471714434000338
0.07080638728729424
0.14903049191018944
0.12843365836833262
0.10065176478298801
0.03717052123179846
0.15172126393963564
0.1081243090082201
0.22615622626808204
0.23109581544103788
0.22795707512002805
0.11825672378306755
0.44676796525608853
0.325858640013682
0.3195090664232938
0.2085126025632737
0.2702339691731091
0.20419482649638876
0.31375015084131413
0.2731523310892879
0.44489937143186675
0.2825418433413401
0.30705998447710275
0.2663867617920845
0.26488208748619957
0.12431596925903515
0.24407189226746032
0.18674049351914723
0.2268908480912827
0.19789789271881525
0.3530577644818816
0.2295813846431501
0.10141185875128703
0.09899514363966111
0.23788751288638996
0.16266193290064754
0.19838638964450975
0.38208565570490366
0.30474686695962044
0.5414055047626666
0.526097109414162
0.7272360302174037
0.643532041326821
0.30456390006189826
0.18554044689121643
0.29338391596400837
0.26091119766765863
0.13433778078733288
0.22478872123694582
0.1400157658315332
0.1568736840470481
0.18165042385098928
0.27103396574591976
0.0894224156707353
0.12931718771586304
0.06249192434166982
0.21440885705216525
0.3214325296810504
0.19414571672167732
0.2888317661115945
0.24829782489384664
0.6259927681176918
0.49093820306385105
0.7236606885416058
0.44027574166974276
0.40991031332628425
0.3212460642368494
0.2912682303962782
0.2588095535328681
0.30599372618488435
0.14772962400267453
0.2519273964228789
0.26932650347873377
0.23195895182594561
0.22870742457369506
0.17712357027140005
0.1999395125834139
0.06112125009925519
0.09289925029839577
0.17343195771884853
0.36180151087019197
0.12509205980774088
0.16778134838399905
0.5195825473696069
0.641197760418225
0.559486462624769
0.8297099359898498
0.4806848704676733
0.4492119919230118
0.5575226342194793
0.40914217532551367
0.4883224727524358
0.18216902834567716
0.12061933333249296
0.15877625588522043
0.1406523558297412
0.12274611737232262
0.20627414797301186
0.1763613719658278
0.1611757047192575
0.218392203244778
0.09027889145048344
0.13311252335752435
0.32544404719033065
0.1801174165657306
0.5082175191742111
0.34701157993979953
0.1708473302420318
0.5445759653737026
0.3486358894629216
0.4460131074823041
0.4330033830074153
0.3015111957965021
0.39867274138348097
0.21178781213985443
0.3020010380024224
0.332838359826917
0.2607476116149267
0.14009669636931255
0.10931168655599645
0.21786177127791223
0.04422227950527403
0.12505874047118037
0.13116160700617352
0.15667162504354779
0.08601457247443965
0.14466071687374957
0.12621623317172065
0.14299973389275492
0.08720013107993475
0.11974118271197946
0.31774407473617383
0.32541375929877125
0.36897900220068525
0.32430232578986457
0.6166887722738011
0.45470337763646224
0.4412404527063732
0.500640710755967
0.17519687894624766
0.15251613144551132
0.2609225561190708
0.18265195626866643
0.1216386336065573
0.12271830665252935
0.14755484998364096
0.08682126700631512
0.13737429078047322
0.10873671541446991
0.1735415516285224
0.08912989613175544
0.25326936532944067
0.3158983784302015
0.23316224881912503
0.22035235326177205
0.24475391223413492
0.33567350212654457
0.4524537223920192
0.27083667435144954
0.4197971800136586
0.2177649798494535
0.46202641139495987
0.36994371323731573
0.4543588769588864
0.38352166749536026
0.3221012919575715
0.2450492412383386
0.27222786625766554
0.2258540381691088
0.15172309831611455
0.14725039146631885
0.2323395421255979
0.20391943574686602
0.19289626870526388
0.2036551044880288
0.4187433200898752
0.13791182366011678
0.1659025306697217
0.11589411423364226
0.32225136244613706
0.1338571608842344
0.517927435432493
0.3947046298441596
0.21599160753626856
0.4596005474104396
0.1802977684397327
0.43123946248107686
0.40023637534346485
0.1380052539862796
0.38282072813398826
0.313547274109343
0.07003063267495062
0.24525690559944666
0.1352045724902559
0.08702374858612633
0.16282648009347722
0.20211578725217025
0.1421800313509866
0.15619580516591022
0.26470975223246146
0.16918999909700824
0.31366890276721593
0.15387217447877646
0.10858986333656404
0.2064308176738825
0.35649902419985535
0.4338037589464307
0.17524791596767839
0.2918996342682182
0.5542971458031314
0.6241854564327318
0.22123462133177094
0.6868726261639104
0.5242487238939119
0.5860252578479507
0.45478798005369436
0.2069499254472783
0.21776822447498714
0.12263536899574608
0.14182604486124806
0.32650335962215754
0.2494314989673109
0.24836665857576393
0.2905830113603603
0.2733784066699997
0.24748977902202066
0.2511034858245232
0.2206434972273764
0.5725789695504657
0.6234357880168379
0.3715608034142636
0.5568615595700723
0.1874757730250097
0.3870788187927013
0.5455739348265103
0.2642703600400486
0.3687493090967263
0.3010277804736907
0.39710426402316107
0.34034946081540823
0.21400217886814146
0.13234136863366702
0.15163712822368822
0.3470831032570448
0.3704385717029884
0.13616140484941847
0.10069670613125896
0.14889143536696237
0.06730731937752142
0.2985410299290694
0.26529217192934335
0.4666397554927622
0.23961549979896876
0.741378170682021
1.0
0.6823204880107602
0.6198038717245575
0.2034369138741801
0.30256456480708444
0.12539865799354416
0.3104566094960935
0.19112098418452675
0.27114929934836474
0.13248890252849396
0.3685323488444808
0.25610781091494256
0.2906983449628052
0.23556064355151493
0.2776989626871441
0.21890875439774554
0.2251052128445473
0.2403608932965996
0.4347427354819785
0.3147217732560697
0.2508148823211552
0.4590790110017681
0.3615913856795716
0.43204444889514515
0.4654152829801448
0.44911052183975564
0.6797494252936892
0.5533646665970602
0.20501726003293835
0.5279194074972932
0.2995761949607752
0.3741398637354568
0.3720909640637546
0.23321748719396293
0.24796724525690572
0.1204141503675457
0.2501009169021388
0.23675574890652804
0.1446454982406146
0.22771774326553704
0.23429028976482233
0.263285398885378
0.14198560181822942
0.20904819057162496
0.13751256758252636
0.20209492460142722
0.09805731389485108
0.2638767103503865
0.1970756361956335
0.14906607849956616
0.38416868844431984
0.20896386695955654
0.2454041122704259
0.24491503733876016
0.6399284931664831
0.34429324367057307
0.18763163841518288
0.26932650347873377
0.19411216468908762
0.12331362838636567
0.13027948249723717
0.24072683618693352
0.24796724525690572
0.2023450420823694
0.17940141860330996
0.14519112169183299
0.14347555377039248
0.12662231055250162
0.21422427642453812
0.6228124918918359
0.43150267812176113
0.2450851938917009
0.16440876834016288
0.48995661359909204
0.5858483252962877
0.30706833212119633
0.14217138227572337
0.1302501234041967
0.20476115401014422
0.4455337062453145
0.3261796524957142
0.29270961110074045
0.18138213417154375
0.19719066880117397
0.16915132053704127
0.20180836113889575
0.1319924340567324
0.17888241739230715
0.20294532403663157
0.15711050652894015
0.2858342572209299
0.3990658781708517
0.43641563007274703
0.23006129427498215
0.35316560130670777
0.3673461437713891
0.24263641627011492
0.3907467347587353
0.28584326694786255
0.2939612344474833
0.2190353439358654
0.16579031973506786
0.19449135318077965
0.12110333825688939
0.12739754918853732
0.11665495666061336
0.1379872952016268
0.13136170099092803
0.10358750323099652
0.0675347012993954
0.21694250619918123
0.08581334363930285
0.10464817816398922
0.05354647139117397
0.14027994413450662
0.0790482263750473
0.08092388586466748
0.09275496879919425
0.2695381436537763
0.10287270893070269
0.3421017352449063
0.3305052393172358
0.1975125540119256
0.18761765052531662
0.23263506749708104
0.37056117258721966
0.3612825096591891
0.06099500378745386
0.21896517923598816
0.11289619630086807
0.20996482325125468
0.16746439075024505
0.08977583613353027
0.15991003979009258
0.11229885384860308
0.09214327997916569
0.1944413296845907
0.15264817904798653
0.09313370773459834
0.2638777240940608
0.14482540557673373
0.36529724409968684
0.2976996679200843
0.45948907214116763
0.30511177746834467
0.4118856740203372
0.2719151994074289
0.7011129692635946
0.2950400454606274
0.24387354795197388
0.41712267679061543
0.21234255072717367
0.31803242140227295
0.4168156392364912
0.3032120408280948
0.06665805263111446
0.104706069621937
0.2696459804786025
0.3051702579207112
0.19202343491021748
0.26794423248614285
0.17199973559822834
0.1519467726630014
0.2393169260182808
0.21160912618214786
0.20323853040170273
0.1685354006593179
0.4461748627195427
0.23472767154078317
0.6698575630009802
0.3316977257095533
0.4217498218963461
0.45534099282979373
0.17817868351277727
0.4261725850866235
0.28132811372970573
0.12544681537179045
0.07358356459278871
0.1405295525760267
0.17293122632354765
0.11172272576594465
0.11565191123781937
0.09310208939113446
0.08918935926963352
0.21761656950945107
0.31787939958724337
0.45116191212382994
0.213230747832098
0.39703648924790347
0.26408003208899355
0.3150562016465921
0.3540282959053197
0.1599633228588451
0.41866097687561266
0.3845461173312121
0.5971804974979812
0.6667435557349634
0.5419339631654532
0.6532495242488898
0.15762753787768968
0.36202004191597265
0.27013124619032214
0.09049339006844388
0.19146428247940722
0.14934905084308353
0.16031370739865045
0.231303822475639
0.16331238106222246
0.30251768183919375
0.23962257078608853
0.42591547181736994
0.20818705712913596
0.3766912167987528
0.28563525991326144
0.2311532965564561
0.4395363589181705
0.14195496002692162
0.38233546242226985
0.3362707041968399
0.19532796493046647
0.4665985713835112
0.26170093270080447
0.43123946248107686
0.23486860447206434
0.19802269693957592
0.23821351806020488
0.13703612475969318
0.1448680449618158
0.09879482857798866
0.11960824670265416
0.20125713626665165
0.1745836591444827
0.4523960555907961
0.3240749599074144
0.2283085211773931
0.14261511544725794
0.11026713576478195
0.3955365895853754
0.34017126391511815
0.16690260582347996
0.22347673586389913
0.17332786782777151
0.284406001322764
0.3600691255646231
0.2511034858245232
0.28436570706741593
0.33278444141450453
0.13292582034478606
0.10131353128367108
0.1357775096828278
0.0643134782690894
0.11898002379142568
0.1475089113628489
0.1141446601248787
0.16661460166948883
0.14178792261277692
0.09815997777233258
0.08552285865171672
0.18960122069902216
0.2244472523339167
0.3572373467103651
0.2049879399905969
0.37497612742878716
0.30651916618714115
0.1553190338904649
0.28767372885234604
0.2528506829767406
0.2920777509950144
0.2695355154351909
0.30787413487958826
0.42234837831927036
0.343391190419587
0.3770771142687036
0.2105514004736939
0.16965132658455373
0.11302308160157137
0.12892276004532502
0.12742510939620205
0.16882929963609403
0.06530636301162043
0.05908327392303325
0.24306416797978592
0.32360503392686996
0.10404499611171529
0.31924995267482864
0.3344970133866515
0.20730465330646664
0.13282915520242397
0.35138451043738045
0.42420954636404395
0.4511118886276423
0.5158432204005711
0.3649198152127933
0.39138457989735287
0.5999474269828147
0.8306209906628325
0.34470041055782996
0.2502353520098373
0.1708985796276843
0.10753318490382541
0.06728928419012122
0.22766984201636556
0.10097941765944779
0.13414948416869105
0.085892902473371
0.2591397598872101
0.10882432077276648
0.24669674589262386
0.3861057568713152
0.4225484723040236
0.40655679400847494
0.5962694004558946
0.42337032921831613
0.4849961196570743
0.2728668391627053
0.5236017029449522
0.18285876505056012
0.3686335198686114
0.2494882225080997
0.3321821669463591
0.238875278535093
0.38643798709509175
0.17553617687380266
0.1735610696705697
0.15873351117997894
0.1366267712592585
0.38152650286404344
0.11855893450318981
0.33429444668704233
0.28183343855841697
0.3741422063318148
0.3084133190037203
0.17738565038338175
0.30016294825439194
0.27880148958615064
0.28534405006482116
0.32935833858626495
0.3569890221739951
0.3662720390919931
0.14282072383139502
0.25950957636745264
0.3199883078420654
0.1904447658072049
0.3827797928341892
0.27201430136670357
0.18218557311841496
0.14759066985099076
0.19583645695173227
0.15723563402584229
0.13101694649855075
0.3310651058185805
0.06286476344998965
0.18126540733505508
0.13676128635931964
0.10820116391527142
0.0833741997676886
0.17844558699774965
0.2229975203275471
0.19852191382261605
0.23035819994791482
0.4467098209630563
0.22458698224505388
0.36576329874525076
0.2713134943970685
0.1583044588452667
0.07545827697840131
0.04903767454112565
0.08603170951072311
0.22166239868906235
0.10859168260026099
0.06332738231429863
0.03480791168237305
0.06042316388835886
0.09899649895698642
0.18849597475487778
0.10249890199756513
0.12461795744190061
0.056115024236087545
0.0469095224279028
0.44236203217807446
0.40594067156945207
0.309763209284559
0.288029632596763
0.3418433223662285
0.19511059845517045
0.17654211970334058
0.12380833216136218
0.21545368643908855
0.1137014364279454
0.20454414393633533
0.11174511196572041
0.15542285625341457
0.39536358918170744
0.12453792264040674
0.1574417642466548
0.07302249055481831
0.08802667736299764
0.10454910703390684
0.05268078239596465
0.09713928515838426
0.0852315322069084
0.08539010799372192
0.15040253299645906
0.2992405541994398
0.38317403602538863
0.452357598938017
0.49378482088043185
0.16785354460011534
0.08950863506715942
0.18938895656955615
0.214578167349057
0.12081048569590916
0.1344164044371521
0.20333314111066295
0.20137246986909657
0.1718470676431575
0.07464027813878679
0.14698159223848586
0.09954899125608639
0.1450368460448903
0.14381755154185696
0.11795540401241736
0.12640562827979931
0.10379294389548284
0.11760286922731013
0.1392712592633938
0.06813740647773653
0.09720612159569857
0.20419177268619196
0.09141862779706186
0.4066058325510389
0.29410068623493385
0.15744462015316305
0.10646171122334121
0.2298397975218291
0.3793884362518282
0.10191684399849245
0.14572494225733454
0.21329301633687595
0.24108588191598612
0.2138334530104385
0.12403427613817866
0.06281336135395531
0.08396532387208355
0.04470922956507925
0.09439359230165904
0.24996575994777
0.11080233750920382
0.14434000346000786
0.05219383233615942
0.11071146045100622
0.0627444169652726
0.23280935126114996
0.22055359469497424
0.08597373833672153
0.22631165364522873
0.11778780891066253
0.30902914986317953
0.39866628251511577
0.2263748309352042
0.3829902815422204
0.2076162899554709
0.25771566264266044
0.19015496258190484
0.19314516874947119
0.07440453400969749
0.10270066121197038
0.1415143302001039
0.11205263146217756
0.041444860645644226
0.1621911356241461
0.038649406598614336
0.1452050054783455
0.15848092688101678
0.23024446058520978
0.09775071570904781
0.13058702497522445
0.2997797382660891
0.14289278977173164
0.31098268100771664
0.682607101151591
0.38525668598422763
0.1742559806606676
0.15347944477564573
0.5471064458793929
0.21036242583585443
0.3620989268823846
0.26985331327099904
0.09508150797381924
0.16083103915302455
0.1750730851057837
0.08605995520209464
0.11419586199561664
0.23157958131485665
0.36189063879776656
0.06261789589713782
0.10842266066842447
0.07527836964228114
0.1092717315555113
0.05058870065754222
0.06269031140307198
0.32469667955251774
0.329219768179459
0.2873920116742395
0.2409234647106184
0.37372554002407515
0.20720184911439748
0.22913839113684398
0.22570822786867487
0.23535387018378273
0.1268603730127341
0.24611560124728327
0.1753805648919831
0.10299914284600119
0.08489056160070153
0.09676487249610352
0.11890585043999831
0.10372873332504588
0.31410346539899336
0.057724553846556295
0.2789790348060486
0.11632294332569636
0.12608934157221963
0.3885222021270136
0.3021163716048674
0.3237276348111011
0.32685395735898337
0.23405727293482187
0.26566304403966184
0.4067284334352688
0.25025441493743555
0.20346057967793443
0.17803115961491392
0.36987373081756364
0.24771635312531406
0.2537915921803817
0.15879257021394122
0.340580128020298
0.0953912683579193
0.13585134193387838
0.12633084028421632
0.11357184089181545
0.22174572256258862
0.08657252780068425
0.0952307609016461
0.11760286922731013
0.08519897417690753
0.1832650942852196
0.20774757967072524
0.2100773128814415
0.2245939170516867
0.2720777957691
0.24163714536548814
0.42266643490737166
0.11816654784606663
0.27802053303268837
0.256796890226822
0.09470276903841514
0.3028058041127443
0.15321400059937937
0.20612659149333554
0.21105742220310988
0.22386921460521544
0.15997514081073436
0.1870968910739353
0.17480349304371764
0.15332201581766772
0.10007961629965918
0.14269282573587067
0.07273591078497972
0.28921836418460756
0.09798517314525025
0.3833800747884502
0.519844172390603
0.3375466211962734
0.38925780743239713
0.19870238090155623
0.34196413124963976
0.2915010582889926
0.292464409332278
0.2553776418524985
0.20110120105166102
0.18853757616179803
0.23263506749708104
0.2069661495876827
0.13272202453577708
0.08527607732095903
0.09200975190145667
0.05823562011522426
0.05938987210883666
0.20449827489676875
0.15182714171728873
0.07347929628107952
0.1703300045217482
0.0726998404101793
0.2095984490296982
0.186510800415187
0.3442180855938413
0.2583759625530483
0.3985141741918138
0.564515771440149
0.44026768943519556
0.15762753787768968
0.49549147361827844
0.3505564846317979
0.33860762995513427
0.1172106829138564
0.5247879080180439
0.22943325564924744
0.269327508400591
0.1223808725284487
0.16149666166374685
0.11257898304910947
0.14201633489663948
0.30469311528398335
0.10115930598580163
0.12554961956385913
0.19561600023522682
0.1876133273141936
0.2701689637275822
0.24195871571103247
0.3231759308320632
0.21872804373864999
0.2777836445649619
0.46696933691938736
0.4572399977383074
0.36367969172728914
0.23150102317047705
0.2205513184219979
0.2558680453894221
0.27856908321550305
0.13351505766517388
0.166278101330481
0.1402456605732084
0.16014070699498245
0.12634796147857671
0.13061530476904462
0.09561276511107235
0.19489582188045315
0.07172803189606708
0.16072975922641686
0.04097594577323921
0.13437056911682102
0.13498357353797458
0.1569291318152655
0.13436311076223642
0.13710649020174617
0.06413312639508743
0.10274537224459446
0.14309489786828242
0.16168359442133312
0.1730194552515665
0.284758664436883
0.240718372949651
0.13944806897829493
0.20909580805541925
0.049524624600930864
0.08272921605862989
0.16331238106222246
0.14399473852893
0.11829699683464383
0.1506833515944867
0.19967932296748656
0.03459148943357081
0.16811760990447608
0.11885582694380988
0.20535147915345112
0.12104826578670405
0.1014242300711524
0.19824562980100438
0.10840702053640906
0.2237074931025234
0.16869370506092007
0.42746517361214953
0.21919781306189592
0.21646278117151707
0.12276152843055889
0.14014481462692696
0.3939219191511439
0.2456563078630665
0.18251542586932692
0.07928773313295918
0.11910482801218597
0.14563363192815557
0.09300692541560694
0.19785479499452174
0.3208145538587654
0.10233149995671524
0.19291249133696908
0.19454688730351852
0.17178940084193567
0.12028726506684226
0.14392569894107934
0.2737064740449849
0.14382522504738868
0.23337754454760357
0.2498852536821813
0.3033574592612156
0.21031167592447533
0.28183237752585166
0.3488841473963432
0.12758091566896776
0.3700445145541025
0.25111795086613015
0.24453127847537953
0.20327241479790648
0.16197608065827288
0.16954039559425635
0.11344433971745246
0.11795540401241736
0.12656090028173417
0.08391035331948556
0.16757972435268997
0.03919046222062006
0.14160402128643132
0.17764868125025055
0.11640846508672031
0.06314119108807678
0.19202343491021748
0.15835285527786888
0.22939680401552295
0.1538207723827419
0.10896860227196802
0.3544164704953251
0.1366781733552918
0.12648076923755572
0.15274132836602192
0.12738350798928183
0.12026730923324142
0.13846248307719433
0.1387859935516741
0.10730039932427282
0.1398643617999396
0.06521904456155787
0.07752386360357215
0.08370203072319873
0.10579664368378726
0.10391889335431223
0.15582380172618543
0.22735679017660643
0.3093823885589068
0.40308933228670796
0.12182769088830585
0.45000307000088374
0.16255114403794266
0.25740650086079736
0.243474690197165
0.22602044379678843
0.16101706582754968
0.1077241743413547
0.2488322472752433
0.05886685167423102
0.06676626375551571
0.1227657518211528
0.11673003543226364
0.16720099689345044
0.13921538989251775
0.06889871828195715
0.1555273628971801
0.12335794160077233
0.11625627126463285
0.043302484947864206
0.0747378165864011
0.12675841540271662
0.22036265245565836
0.2663322461764785
0.5501370051111231
0.27849655631401815
0.4645060838475291
0.14321742314493488
0.4983112939555838
0.4135854029896379
0.3190660729169877
0.2552885099545161
0.27889583199220935
0.2565671971228618
0.14319006184380992
0.13259513923507416
0.19389061103800304
0.1985467966091926
0.0836312102478604
0.15291261760394298
0.1392654133887067
0.2144628337466121
0.3082799233980358
0.14120418013507785
0.14718694881596678
0.2527695173932593
0.24845069189346622
0.17345553273338607
0.1311692360190082
0.17121273282970975
0.1318897802935971
0.1672337235453552
0.04119236802204158
0.0556205179421962
0.040218467902431124
0.23442478190115823
0.1482654738719461
0.18725864631117517
0.10753667365581222
0.16078470581627494
0.1443678099999302
0.10140859681857756
0.1431978327814296
0.07667479271648545
0.17593234986501352
0.15598596711149706
0.1539370674397935
0.17305114809160005
0.1268824706272779
0.1322924740058504
0.07226699591257457
0.05810937380342281
0.3134291605357243
0.170035674170502
0.1708478289320624
0.26307594717720945
0.19450412043298046
0.26278761317109767
0.28400102429942947
0.2769553974770983
0.2371696208513702
0.28603435120568316
0.1417665881981295
0.12065667280659478
0.15558502969840193
0.07754006186779189
0.10524943598054537
0.11225272544693153
0.1391520036018183
0.04746861323730885
0.2714376333544777
0.14725039146631885
0.2117994828619912
0.10890257030025616
0.31358948659539176
0.3212143166843725
0.31912807796551557
0.23773984838428752
0.27103786267231617
0.14220389867898378
0.12072754445689408
0.14236530738923772
0.3059800472867769
0.41175506968872727
0.10204309031029378
0.20969849602207483
0.07784847444399788
0.1331245602482843
0.17473040770428458
0.15269940130930737
0.06854978370502275
0.08352224918802631
0.2191783464598116
0.1296737818538367
0.16606289769045088
0.11466279749662732
0.14056191377047103
0.07985315618933685
0.16054585790007128
0.1026268289609194
0.1707056937003105
0.13632781047709808
0.15114468600426767
0.35891817080906485
0.14658424363762626
0.18122126020473167
0.10362662560521603
0.2367536067821692
0.3238567556657628
0.23723271098635895
0.20596948550753577
0.20173975500157768
0.0559992568776003
0.11007732271052875
0.1479521236619252
0.1893201084135867
0.25610781091494256
0.16067686899144878
0.09846299334585393
0.1619169924769529
0.18469823209351405
0.23147046942751692
0.15384200279045115
0.14398246935039252
0.069128873304941
0.20754281759990734
0.29125085582076005
0.49530015570036234
0.37640952981287373
0.30347052895141047
0.2951493895500634
0.25740055644230475
0.2781806623040934
0.28129235755986187
0.12945472804266495
0.13611980344249824
0.0687681695569371
0.1436431573679446
0.08504476788880454
0.1115321793183062
0.16062295057903508
0.173602852070638
0.049470519038730246
0.14701937205555865
0.1625050458451067
0.24196365106363943
0.18779708179736054
0.2629175962326856
0.1895232196325311
0.1670931600686243
0.046061868620093684
0.21734512043776164
0.18003939849274794
0.15180353385136783
0.16802892369707734
0.17458200169776739
0.1520115408859677
0.09789200949268859
0.0960204513073131
0.16128146320545483
0.19900813101897233
0.06600029130808403
0.1537973588605036
0.0952436038558172
0.12913346304608186
0.07371060571323401
0.08948468827383756
0.12886052618150393
0.3428132661233663
0.14681136502095882
0.1754823708728302
0.23074969223780456
0.1439772709921675
0.1536151639986048
0.39440704457008563
0.3040928333297224
0.3025421049478793
0.2062873094365525
0.23155876385643792
0.27547939350991607
0.13713128873522065
0.07477388696120153
0.14032154554142556
0.0759979989867618
0.18930754598287874
0.13538111547378257
0.1494723487688143
0.12017543199165757
0.2682441017558585
0.1514291211890871
0.1644080502854512
0.16247631562015719
0.1439621611433455
0.15963670725191523
0.07093489252738007
0.17519666356563626
0.15832436543651462
0.1160679253070202
0.11122828620836332
0.5016828182719285
0.3871881195394615
0.10601682307081248
0.23747188743440434
0.5075063602728849
0.2215336692785892
0.19929646502508527
0.19874335035680007
0.22431828532693568
0.2919093477884776
0.15404801103584448
0.16636939990102764
0.054141632575380315
0.27570497664494514
0.04815395035851611
0.07044657261505391
0.10629159468080163
0.13389478728102674
0.05971450548204014
0.16453356436891173
0.23567738065826255
0.07654133532642046
0.22560442972758746
0.2925826948689146
0.356667527823807
0.4417074713442094
0.49985583299694286
0.2539609293578954
0.55709765434359
0.19908866495907795
0.2005764941772446
0.17580966798678985
0.12481523269164131
0.08411804479239957
0.13404117325930995
0.0608507222882522
0.034952193181574706
0.3700355904788998
0.13312450214425234
0.12306956510154846
0.1257732396654145
0.18510190981464544
0.09314059801421198
0.16335385545038417
0.11624584018164485
0.2231499467193032
0.23966734317684224
0.09598326734382885
0.15093006518671775
0.27831067033682405
0.30609482726995074
0.09589309140682782
0.233215182692886
0.25514192753944137
0.22020279629566336
0.1141446601248787
0.1406523558297412
0.06153605940945958
0.04799163367191436
0.1115749733596516
0.10008078092982255
0.2924994920550754
0.04728826136330691
0.09745857138734784
0.09834572595906654
0.11150237300410444
0.14153583258474967
0.0714998669463772
0.14041595380104088
0.15992511731454542
0.12784718166390835
0.21173760554678556
0.2855936585063412
0.30161959903965263
0.278934317513407
0.3467504757511101
0.1816143371199467
0.5536881770715399
0.2388265224813572
0.17075139841993003
0.15408569286661658
0.12172571664815089
0.07216601477507018
0.059600730351809544
0.20345616738080716
0.2948384865348551
0.15749568265906727
0.2499657599477713
0.13932299175364768
0.14180542464681575
0.20744069611830412
0.1424432172943506
0.12403818176571543
0.06232960765506808
0.14784428683709777
0.1394024844451122
0.34288586559087575
0.44430302590644327
0.5054834456830786
0.293262245115601
0.20569874335650226
0.23355970370397644
0.18222709186321395
0.14099532898910108
0.0821014631687355
0.10458593699707833
0.10250586665107439
0.11406493281817649
0.08976406502740777
0.10171543991959295
0.048652083896496515
0.12219237548943995
0.13264310881659774
0.0672980968330058
0.16814711272237276
0.1998154662360881
0.09648825259103429
0.348562057211871
0.5289615150132535
0.26845757496326045
0.160765660485323
0.21301028596627777
0.6108369119574332
0.22126032237978763
0.25509982723392416
0.2535691021793653
0.2714376333544777
0.1718307094074024
0.09843127202067814
0.15532295566520624
0.0469095224279028
0.12697786123317487
0.06258205192180082
0.16688772273801913
0.0871589723657304
0.12083116221806604
0.18182663590800077
0.12846033821199623
0.12326222629033133
0.2850338812819145
0.36253081467011017
0.31603956272704387
0.6573438671356894
0.36653991240700484
0.4789227841531632
0.1406023209719067
0.11042945245138369
0.3156359764518761
0.260425931955939
0.21204960034293338
0.2498606020621189
0.17378580245582534
0.15209474369980813
0.12280768314269909
0.16446026243506628
0.08789758421870997
0.17850688743986529
0.09838194726805456
0.20891190672907242
0.1452305115579954
0.17006655148928237
0.2770801453879469
0.06308708552587629
0.11372713747596246
0.20047614113593015
0.33100513380486707
0.32832516796975164
0.23070375361701254
0.24111325162843636
0.13816883414028847
0.20162460665572882
0.10208456272418606
0.39771726844431465
0.07389016277859198
0.08269749473345409
0.10774764392300437
0.044907616626481406
0.05545820125559446
0.1575457009399683
0.09524473674285093
0.10099743880452532
0.23853505651616427
0.05640051616267021
0.18299909173052942
0.04500253507805879
0.1409856272103959
0.32464276114010526
0.36041750764085156
0.2799349798599461
0.1953022638824498
0.14260699290504683
0.10712886368675283
0.10942128917587873
0.11034229919575106
0.15232154589389785
0.40126082517931666
0.4046037667489368
0.5391373884043991
0.13001859410084815
0.13447898045095424
0.059883441879998375
0.15502281468807513
0.054717531228547854
0.053149767299500716
0.15104428937219352
0.15962532677230803
0.0814369729092763
0.09397757823245821
0.10514090420581378
0.11595446416487848
0.04274339413845816
0.17216149083546822
0.08682126700631512
0.1815972130077854
0.13315264402283564
0.15792702995837318
0.07216854283220404
0.15110558981430913
0.1816413066112439
0.39126924629490795
0.21585138605325715
0.1926071160832704
0.13598223610618607
0.12358169130452186
0.10495254486902657
0.14031671200200857
0.09769588805608607
0.1023371467603255
0.04465512400287863
0.19479149415791072
0.10967005084852573
0.15092168848796228
0.07450811979386125
0.10126833037453867
0.052687148435191726
0.13345169340052165
0.0668741269406677
0.16110674311725695
0.14460918209230378
0.06517916726429872
0.05857828867582795
0.10657685439214899
0.16031957743877126
0.2239701335632729
0.15988373965098573
0.06896655661833925
0.09817750141927126
0.10499931849960308
0.07280044127858723
0.10503306738098735
0.0668051108203507
0.05821287375888245
0.12692462949080177
0.09648173425644371
0.08952622769200981
0.11980671238221452
0.06908441707014398
0.10625602989170646
0.11658112440956239
0.120541035668249
0.08985086386801473
0.19389107122651747
0.08982516281999757
0.17287821583596588
0.1814058408323588
0.3381082490285167
0.14940019212379033
0.09306156698499751
0.06734338975232185
0.11809468555610828
0.4180266420621649
0.1448957926876293
0.10657685439214899
0.17559540972262216
0.10559960045386464
0.11356027059762135
0.11844760971108934
0.10399884857583358
0.0416793180818468
0.10904792111181591
0.1107391461889099
0.0720317574017275
0.05681084031060901
0.1604290410010954
0.364223516521538
0.34022142558494456
0.20321818667173672
0.35011744063938405
0.2294589566972641
0.23988098366476754
0.2021299314844388
0.156081378721859
0.18713789924107418
0.16702845377330872
0.06268485611386948
0.12580265452631856
0.13395997923995143
0.1482036791419175
0.10508515388011935
0.0843533468257917
0.10860101022517303
0.042256444078652936
0.1591359477314186
0.11112552369564967
0.11069450068437728
0.11370340683639718
0.2372412202295132
0.09288358753404034
0.38826648778772577
0.4112646661518037
0.31423144719201984
0.32232770081677137
0.19571348065072394
0.2737418624308424
0.24148704716929761
0.3979178836096952
0.44675762213658493
0.1961506336281722
0.24947917630139985
0.0848391595046672
0.17528875875543604
0.12017543199165757
0.0974304950068248
0.16148564517764696
0.19877746381408246
0.07567564633121114
0.1365641445945294
0.06258205192180082
0.04263518301405703
0.10525155950779962
0.11676619797232235
0.09193264875740519
0.2889487721225415
0.2904364188702691
0.32933322929197373
0.3642352524992864
0.3894109878587962
0.5153998303328572
0.6641485496799492
0.4046745680106466
0.3394164061413324
0.28642568664474316
0.15518072276028297
0.17020259003405577
0.05515160306979118
0.17968975260942296
0.06145120580904551
0.1788746900925564
0.13096151302142034
0.05947222511172372
0.13669998591720406
0.18877360612151303
0.10871798967262865
0.08306578719148261
0.21808411058400373
0.33971708890936375
0.359469707696758
0.11037534688918307
0.3364857851334986
0.25751270883528826
0.29749166088548445
0.4286373334871112
0.3410359669656173
0.49663327015915126
0.6114872174078831
0.3958859488355681
0.28348999480998754
0.0894910491957744
0.06624324332091007
0.08368085581390554
0.1630240470561095
0.14791947822931187
0.09099824942038359
0.17645908001194086
0.10193779953726602
0.12692840924806992
0.0973478230107713
0.18009342021798083
0.16272628131645092
0.26862153064275074
0.27255383715844994
0.27482908805946626
0.3138051602450441
0.10880628558536627
0.28198244801441713
0.4197566460988414
0.605270745631739
0.39507213881049474
0.26773028197529763
0.26375291987330013
0.21898940531507335
0.07248341816137695
0.15334311620342247
0.20333356649657722
0.11585991827241973
0.1154896926708819
0.10038829355505297
0.18346220451754855
0.16781039155757985
0.13706060435445033
0.04874911154272257
0.13366278181559763
0.19059933766566783
0.22601801429623636
0.33046594968073495
0.34340507673012466
0.18899565539774474
0.25805352712524987
0.4334813447898046
0.4200685923547845
0.7585929711773108
0.5978538188484541
0.46132593660766336
0.10584851485173466
0.24021304812093974
0.1739487834762053
0.1234421336264515
0.18393823765083994
0.16371604867078038
0.06485453389109523
0.08418839701671915
0.18895359023099897
0.09776512419198516
0.06857039610980065
0.0815872483522991
0.1422639986159966
0.07198863549608388
0.1155843890203736
0.09652799251012685
0.13498190418615935
0.13799247721435842
0.19572929753625734
0.147883830290777
0.5023359487246369
0.3363473749488384
0.34816353347176615
0.26508416489474224
0.14582774644940372
0.26504256348782324
0.20969849602207483
0.16752886566715763
0.0833227976716544
0.22386921460521544
0.11192969259334806
0.13208446697125056
0.22672692419766505
0.08862938254133891
0.0912305312057591
0.11300026023358782
0.26772575160070294
0.1921667360243553
0.599677065913153
0.5898674318008221
0.37754121574939636
0.45840470613849893
0.2907365598474002
0.35009822905520693
0.33709113119224465
0.388824486382794
0.37495348057067096
0.14639391568657126
0.187838228187713
0.18696634845178148
0.1428298744826675
0.11484655197979501
0.07073855514215671
0.09822092173830625
0.10139762677403301
0.12165714273036429
0.051864714898642285
0.07084204488345483
0.050532071005137
0.13222505364278478
0.06508312930147518
0.07959116663300082
0.1826301763791466
0.47004209676489206
0.25368613040428367
0.09024717012530753
0.06741384894902817
0.1203834853386899
0.04761289473651039
0.1759935693131354
0.20003731005311248
0.3252601458639851
0.2466729790721211
0.11207144184629574
0.12093528991666933
0.12068075682036869
0.1500021818562332
0.11640004646974786
0.147269172778862
0.14540464869758268
0.34830747938411855
0.2035061415143297
0.08390290509013648
0.06759342583720986
0.10154903429191257
0.03585395255158432
0.1027145756472181
0.09591984021352477
0.05426670452250051
0.05820036828119036
0.04411406838087291
0.2817663290696946
0.17821106695103306
0.20432333173647463
0.276427947935023
0.342166245174408
0.30064121209271744
0.2803634026930752
0.1325853761241522
0.1405113827488979
0.05245583900303723
0.04874911154272257
0.08247062442399064
0.035276826554778186
0.1211754621717662
0.055437160573028506
0.13001106659383935
0.08103089552849574
0.11911884371344338
0.14664667550890906
0.16877927613990507
0.1858601003402337
0.10133923233168812
0.1176886081753277
0.21405609728055391
0.3020010380024224
0.34297774283245985
0.5822734956338158
0.48616842384086895
0.7241304795430035
0.2388473321500528
0.1904398326435567
0.14831966619881956
0.16619572112334954
0.16768626260517014
0.17127039963093285
0.08812889365086447
0.18071370335601714
0.26907329450435347
0.0816265285025213
0.12503491715490422
0.10629816066429015
0.11781518439766349
0.09414293888688148
0.302211179628617
0.27802053303268837
0.09102359080877571
0.23346709563548299
0.16437269796536197
0.4683070376993283
0.513942906694996
0.33817783685332187
0.2513137202581016
0.12595782029304203
0.12146095409834885
0.14803067873825074
0.13004599803216724
0.09472543607293497
0.11264149818178294
0.15184119511969263
0.056079686773457656
0.12790496511158556
0.1864575058157932
0.1958549125585057
0.13759978847858242
0.08493989652802565
0.09586693727073689
0.10809357472338317
0.051075650717347446
0.19070411164292717
0.11508496773800202
0.05675673474840838
0.20377701290081823
0.2109785337446118
0.5029452941595561
0.5452454901792748
0.5463939556990735
0.6395503987696162
0.4449570382330886
0.2768710477419762
0.24117705872441245
0.16113888791885356
0.12177816735010744
0.17129879623685634
0.14701937205555865
0.24759248570385148
0.38873190704111693
0.19160998732309034
0.2223367035523315
0.19148994340947126
0.17031615993080246
0.30257770601464706
0.1714537625754967
0.3910962458912399
0.1630741644725478
0.18976624182483467
0.3688659262509009
0.41138034919162597
0.7591712467783887
0.4266640293723295
0.3454611026677281
0.5133299022738425
0.440556930931874
0.2539609293578954
0.35756795075519904
0.3249536436534083
0.23630826535362584
0.21520407799756847
0.24384219916350136
0.22634949531077284
0.17533235414059511
0.11981144518920445
0.12190505265081089
0.2730282421966809
0.300237353742209
0.2431531198516219
0.24434783485335473
0.4164119716279333
0.14033179316090422
0.4900524767891123
0.253009289602619
0.1396103856648959
0.2722006913340115
0.3047719070964981
0.17520404433302564
0.21491197806641785
0.21208878012576657
0.23683680959600967
0.22231791858090125
0.28333064345709263
0.14572776785787736
0.08348488247549493
0.2079238317865548
0.21953751225419538
0.08063532286626429
0.1959395107097066
0.056991192184610955
0.19634166526465732
0.16855902914948115
0.1018266680614914
0.3303551688286703
0.49555277406039405
0.27524593855089446
0.3162298906780989
0.3952965685545891
0.3783045422214443
0.28051167853008563
0.14285671939693073
0.33971708890936375
0.30654398464295757
0.26161213702903063
0.22002984120029784
0.1672669647560887
0.1273606330630114
0.09663594054454672
0.1441072735711532
0.19450630283196862
0.056864945872809505
0.13595339781481736
0.13992903893218261
0.10594928025821534
0.1379996168589217
0.10770058729378051
0.12918851614211832
0.1422009155242666
0.08214054946286463
0.04319427382346296
0.12404128942967532
0.06844189086971482
0.29599401023636146
0.3505116766423341
0.2610665061972873
0.37384849600462833
0.3571976762060762
0.16291110949902934
0.11993685615058752
0.1525863560348312
0.05615678991750916
0.11506949154093828
0.11037099020989788
0.22000005497249586
0.11463054479054363
0.12751972720693672
0.07540687488236698
0.04398782206907146
0.08199071479215897
0.07923721796253984
0.04526832037448519
0.07854345626510896
0.07113737388765887
0.053638087211826876
0.08470046448928066
0.14912004213783497
0.060706440789050665
0.20152512924376165
0.4562591906644627
0.35496772285915
0.19746726684471683
0.18005088915010167
0.09468986197293455
0.07568708186959007
0.10700025834714184
0.12854149519315877
0.09031532847691082
0.09930437766362345
0.14601765311873502
0.24012456029064025
0.1460388754975072
0.11110218503459661
0.0861565137314834
0.09419546648592657
0.0828284011778771
0.09464445478858925
0.07946191956551685
0.07121760405556878
0.14056530116131163
0.07383225105102119
0.1002593906773902
0.1223556824622151
0.12761489118246425
0.11997740795790932
0.16336482465565297
0.1454876120480039
0.07031806737496796
0.12161928377832873
0.11530415871442823
0.09759584106370922
0.08627272984722205
0.11615455814963233
0.0937940553533853
0.19449135318077965
0.04586348155869165
0.08037391816959243
0.079565691211602
0.08357722650243858
0.06394136243616125
0.03994794009142826
0.12632698154829716
0.15027061539569356
0.2346580924175147
0.36762585779366797
0.2201838094556628
0.3996231148742783
0.43094400553601236
0.344043635229053
0.09663594054454672
0.3392979471083965
0.34407938159339385
0.122057330699872
0.1347960310330944
0.11880580344762133
0.09385260227788847
0.07441822886255585
0.12450119793625196
0.12493279441144714
0.17986275301308968
0.06283906240197248
0.1028775733810045
0.06496527396015114
0.04662170110314039
0.04822609110811694
0.09334620639834931
0.0885342185658114
0.09956279054230195
0.1872728506623583
0.17046306441381706
0.24678457361538977
0.1301662586029506
0.12100232716591201
0.20846465007651516
0.14503200507467873
0.15318220966600904
0.05649090354173232
0.1348609726537446
0.1537415088252677
0.10478599402636499
0.0680739638273848
0.06518732323638207
0.13768079299105002
0.12010326177826777
0.08701130786362844
0.08403484197855937
0.11713486629244506
0.16923452335088043
0.11547930492343787
0.1566966355212318
0.07036213525162313
0.08611491232456331
0.05929969617183562
0.1544762515639269
0.14778965399430855
0.11695652592337738
0.39918749958400757
0.1814058408323588
0.1844184303096702
0.11388184094316481
0.1408071155389322
0.1390346577475347
0.08611491232456331
0.08083153364571337
0.11244208507510414
0.18570868049123174
0.0814369729092763
0.04005615121582939
0.11752494089152873
0.06398191287969957
0.031633718699939056
0.03502433393117541
0.14139899659765895
0.11888915060948378
0.08301438509544827
0.13614399134342597
0.11905185460842917
0.2377323625981755
0.13248648664181964
0.12076308494448008
0.3336066960809208
0.2878852205646574
0.20329548850995036
0.09554463142967529
0.08461175970447017
0.1427829998269994
0.18580243353901188
0.052712849483208896
0.13413297964361945
0.07604721858255169
0.23400590987345246
0.11635593398776731
0.1693118211225643
0.07908427455506994
0.03383401156276273
0.07216601477507018
0.107675069589236
0.03821656210100961
0.07419617958632489
0.12350801208933776
0.20385214232166576
0.13645422786986275
0.15872768430910197
0.5056801799204201
0.22293747333590944
0.40338947326383906
0.1429235280234642
0.11755659363052033
0.1821694250619921
0.19387578571016595
0.1419179978086618
0.16636872152701632
0.1680987255636928
0.05500732157058964
0.10198898474809315
0.14434205080474666
0.19994391426532318
0.07784413198154824
0.09911979703599581
0.05789295155462057
0.10087381405921897
0.18578726484398556
0.16851491537506513
0.15987509381835652
0.11805545100479421
0.07283216260376316
0.44997404993945006
0.377293892564023
0.5507179516752208
0.21919966766194982
0.16081976604752374
0.1496058005079274
0.30852115582854656
0.1919929847052387
0.12380458303421905
0.1535057201404888
0.16730845692416565
0.11194938602193233
0.42315898737097
0.15086243068065824
0.13694302858070714
0.11262326278761309
0.11009559403914738
0.05998624607206704
0.0734348677821044
0.14663607756780256
0.18539876593045398
0.07806618125777919
0.09429429031526998
0.07245150670165285
0.04205805701725078
0.19885472507797658
0.114403869030217
0.11955767458779756
0.3469605023728148
0.05911241043948339
0.06576898187592954
0.07553039282519458
0.1556624566370173
0.05325257149156938
0.0868221362422047
0.07759036138014136
0.1962754378489329
0.12345909042029114
0.10111326781437338
0.09478856902247215
0.10449388325685499
0.0840580178215875
0.08311961102631764
0.0944256504150703
0.09716097916865461
0.09426878808089877
0.11579653515587394
0.05756831818141709
0.37302521107743636
0.32465737960429625
0.5258351924653712
0.56108294668169
0.29097522409600907
0.10794275103659293
0.079652247516572
0.10434901304915296
0.11934853681740298
0.12676931429451951
0.11872834413394977
0.04193181070544945
0.12287671057007385
0.13601388613645615
0.10196233870146021
0.08374610570366654
0.1177406850896859
0.13436468373378843
0.11231992783623962
0.08265520505161815
0.1331445602745151
0.07617217607066448
0.06855911860429002
0.041661282894446594
0.0878234626251896
0.09668659913600608
0.11986665958133279
0.09206391351413466
0.09368636838401767
0.039028145534018316
0.06417551689886511
0.06144420686563122
0.061031829638345
0.11713486629244506
0.10740547752716982
0.05836723832357322
0.06531420853708551
0.13545931607173808
0.09310208939113446
0.08543028360906203
0.3920407766566518
0.24290244792163623
0.11530415871442837
0.1234646214174499
0.07317687477241881
0.09968680711846216
0.09829326582933258
0.03311260406675493
0.07023101393934297
0.10055783915068861
0.1797100685733217
0.15887203736808692
0.13829379741220357
0.06493355263497522
0.15496751766757483
0.1098318060857655
0.036936063795595886
0.05368948930786121
0.1234579885931492
0.12438729023701049
0.06490183130979942
0.10716522422612328
0.09729570008657838
0.05368948930786121
0.09782856684233687
0.12942793609243958
0.15698883829530702
0.19964246583242007
0.07793929595707576
0.09554463142967529
0.07787585330672403
0.1332323970731105
0.05791098674202078
0.1533360244507239
0.17148054493408238
0.09028778168430654
0.08580618460068777
0.1256838193352574
0.1563161273941119
0.07137298164567375
0.08553249262768221
0.11409136066641126
0.0631988770742128
0.05199544527475739
0.07650526495162005
0.15075588110741323
0.14091618876292644
0.10014703936932123
0.0781613452333067
0.10147651923756021
0.08195477163255545
0.09099273956683088
0.0861565137314834
0.10353644673280624
0.10399272560536321
0.3427109723872226
0.28801961135003284
0.6362954846894635
0.28076544913149276
0.127148071171363
0.2751163842136376
0.13021116057859258
0.23226065483480032
0.07034376842298512
0.07866888643612045
0.10391316023131862
0.038252632475810025
0.20247536030696248
0.23105852889455236
0.06993255165471046
0.16537767839908898
0.034880052431973875
0.11383426561328638
0.10350430041715633
0.1312442465689388
0.10325469197563587
0.06060307122447903
0.09272953602485583
0.1752579640077519
0.19277049309367114
0.16725832794939263
0.16092797717192525
0.47947521096650525
0.2000826588136422
0.07476434868193782
0.041228438396841864
0.08114314979983706
0.039659377093025076
0.14436254118162112
0.15515141899392038
0.06832773442879168
0.03947902521902312
0.19298892670224665
0.09358237820716923
0.16358742864001993
0.09766550780361778
0.10175704132651305
0.09628734917986015
0.07283216260376316
0.15539662076238284
0.09879640497223245
0.1056496239500532
0.04295981638726051
0.11959716256702481
0.159114167082089
0.12727431748316437
0.3401597740816108
0.318603898949822
0.21529484406477753
0.14760078860443301
0.07977574726062833
0.11705687334913945
0.11932144667049535
0.03515058024297674
0.06914390310928129
0.12735529012006835
0.1033439140770272
0.08437872496777431
0.10949322830866437
0.06172969879221389
0.07102404706873937
0.07359288884161964
0.10624999327388154
0.13315264402283564
0.09514468975047406
0.10212790496511157
0.1265241125260581
0.15469192521357922
0.3044429978030412
0.5244218903177436
0.39537170437821795
0.36529724409968684
0.18151658920893537
0.17888402236997675
0.09196911882541985
0.12438977743733967
0.10368510707065642
0.091542998024904
0.08221221154531204
0.09479452527715466
0.1287885802139711
0.0985537329936669
0.058161471662848116
0.08378921289017159
0.04903767454112565
0.1068532319620013
0.07184562975097623
0.09766550780361778
0.10253500160756099
0.03098445195353209
0.06648594207144454
0.22368531327886862
0.12290241161809103
0.2198233854256029
0.15349724993507285
0.14028127699693965
0.09650743530446088
0.1504701276419806
0.4286373334871112
0.18498688890497014
0.13601388613645615
0.0838839215660423
0.06905732490783638
0.10195971787343276
0.10735042282046124
0.13316254685371332
0.08431643070026613
0.0425630422644562
0.2102610673646084
0.16251507366314175
0.33565765942464826
0.15338438731433124
0.050660841407143054
0.13308418443418654
0.17485741145613012
0.19965553996965707
0.14598153845928452
0.14179483814348642
0.15355079294201085
0.10214266706625319
0.2427195663456544
0.0896452554838774
0.08753776954646965
0.061554094596859794
0.134799672211629
0.06756642262457119
0.07228177377894975
0.04433049062967515
0.10260673882239169
0.04036274940163266
0.05635996062560407
0.0637281422782927
0.26802842810620486
0.21308240624464467
0.06982670360371543
0.11554715780156874
0.13646409760215153
0.12700965682253096
0.06512388058603037
0.0895420581773651
0.11370340683639718
0.09150973261750077
0.1444553370624528
0.059966998105642794
0.27050867507721443
0.1147923000277834
0.0880818755038682
0.12100707273567762
0.12865463352747825
0.09579499520092417
0.10818291909347778
0.11290303089738164
0.14319204261891208
0.11731944692007257
0.08391035331948556
0.02975805921031899
0.07570684706508089
0.03522272099257757
0.040556253771089054
0.10745939593958304
0.10451036230161347
0.06700276782880164
0.08250716678239894
0.3064565393028847
0.5251138919324144
0.17546433821648139
0.3635869203007534
0.6570555331295763
0.10473177066995418
0.07369177571718996
0.09630790071703234
0.19877641216662947
0.08345880653767458
0.051724917463754405
0.05881274611203039
0.12555304608479811
0.43198421558678873
0.19719262197495696
0.12811017373867747
0.08137235193567435
0.05931887807884886
0.06899388225748465
0.0634219036528272
0.04690441263132922
0.10616535404166531
0.06843431438352987
0.08829402916206644
0.3218886215476405
0.2620888635964976
0.2917481400281103
0.44515041288369217
0.28168536756159246
0.22714953001556967
0.23513115191228556
0.0945599979293393
0.1105283216253547
0.12040828095265556
0.08407644338547948
0.09730569078606452
0.09221389228621053
0.06947154186554469
0.13810989608585675
0.19059933766566783
0.03204852801014357
0.07943731194729381
0.09100440778878964
0.07001516784649277
0.12155709573798731
0.03877565291041567
0.1188552195706654
0.1783081898505777
0.4398306721775514
0.37557750167447185
0.23341413224373572
0.3874187941689377
0.2455878667535941
0.04613400936969451
0.07952536221586858
0.0714681456212014
0.1031298877548756
0.09803301676995302
0.09008563537295122
0.08994781951057547
0.1020482511749536
0.1997438202805687
0.09739574707895524
0.13143515955979068
0.050532071005137
0.09974685139981351
0.11375343033258574
0.12204918025163844
0.1385156565365319
0.08055410814537736
0.078742095745914
0.10200393567992283
0.0659803563657785
0.3827599605681716
0.25461051774944626
0.2385126439972539
0.3424242696562787
0.14405166945389491
0.1344973485726146
0.10349861361394888
0.05682501716595548
0.07165419964501597
0.034194715310766496
0.045619360230470786
0.07746347607943793
0.4046037667489368
0.14297615416030235
0.040218467902431124
0.11301299241814652
0.027846329345898514
0.056186343049827094
0.08797245881652299
0.08128818130626728
0.04651889691107173
0.12137487538836965
0.04202121350806753
0.22697727615595104
0.10985094908398599
0.12467941653947646
0.08702374858612633
0.16391197373624278
0.18051884475951988
0.12466480794111016
0.17256074455467643
0.1592180381754217
0.06880170554195515
0.17875208920832647
0.06299326869007547
0.08309148823949977
0.13121163050236248
0.12420834103597629
0.18287978482066672
0.15907158488942538
0.08361741316355381
0.08990226596404906
0.08003416013930695
0.2387121238113889
0.1715683882989224
0.031254979764535076
0.09672024887683768
0.09493441059162006
0.08146036305159567
0.12234003999154204
0.08142092011838398
0.1471691257864854
0.08514003677199491
0.08306128243239873
0.11791956794775121
0.13046127805953472
0.13130554701105443
0.041030051335439834
0.04205805701725078
0.12174644602493152
0.05085922846854521
0.09406228783900092
0.2176778699515654
0.1326707368470594
0.1097260801427761
0.09664641662578669
0.09357697055313696
0.10887453127684568
0.09669541813231669
0.07059758754337385
0.1622092700162623
0.06138076421527951
0.17239830620413382
0.1059171820185209
0.15833904198391818
0.17749941366437952
0.26018485270379876
0.13277161405668356
0.09173110225877402
0.09846220989844279
0.15162935938850813
0.05723366382942847
0.05784791887703879
0.11853307578461746
0.3245196049982674
0.13150389587894468
0.07483117140678254
0.07781550099522373
0.06131499025455456
0.10302183150404232
0.14323280087653478
0.06689725788388307
0.16921169482728746
0.13296694202161297
0.2142053846990759
0.37071912790314837
0.2390921457736171
0.2612201959213926
0.24189095624536472
0.19457302836416854
0.44844587970705185
0.4021604679986884
0.33653255433535356
0.07464440581258233
0.08505475321077631
0.08865259814668816
0.11978106389337087
0.1222330409408102
0.2659016204371147
0.0906078642719318
0.05361861214077468
0.11838382578077278
0.06209373200947466
0.14433959003023772
0.061656814193182835
0.12101105947262365
0.044258349880074446
0.08378541653596339
0.12405827054741088
0.39053106110908165
0.24773637820907007
0.46848509313188363
0.28576311317728603
0.18910188604830752
0.3369582703255479
0.1538801484280732
0.22501585837033658
0.10349861361394888
0.03675571192159394
0.09188423643299584
0.11925494492820472
0.23215904581069885
0.18495985516667024
0.08793151338747013
0.16240225818867257
0.08287327190862016
0.11043192434115674
0.12692462949080177
0.04279749970065878
0.0808979112145677
0.1190819445245372
0.10816971884966564
0.3222013389499494
0.36222013590072716
0.09080180264464988
0.07134720135516474
0.19114077200492874
0.30519335024586897
0.13717272168466738
0.13951980625450944
0.046927557615303005
0.13482498125828904
0.07322228580090785
0.13215402882484625
0.081705163191035
0.03960527153082458
0.2321726838514025
0.12897284249246474
0.10871798967262865
0.10552101195903572
0.1127029369126278
0.10013458645662993
0.05584837734130316
0.11535418221061679
0.07019929261416717
0.09732273440589438
0.06436256878180988
0.35224898829568346
0.49979816619572104
0.32382825310977853
0.6500298881910465
0.2937546854275991
0.0962357599674315
0.0696283087610017
0.0941361200900519
0.126751629087135
0.13720144002242027
0.11619417875052754
0.07637946371228141
0.045069933313083156
0.16172954592726213
0.15291261760394298
0.14507416446087673
0.12294562020644707
0.07213410927684764
0.15122819069853907
0.03513254505557653
0.1048319326471569
0.21119842142265216
0.15080510008528628
0.1115321793183062
0.18932800289327845
0.22726610832179717
0.19489154115028734
0.24286901359942045
0.33310246520907244
0.07805629106803663
0.2937546854275991
0.40728013741430674
0.263285398885378
0.10218736691625473
0.19216522184077925
0.1920402018675445
0.21077215846836922
0.06153605940945958
0.2361245108704589
0.26787582208926847
0.34698114295599997
0.2462387275599471
0.1146091478603642
0.12142923277317293
0.15026428179532467
0.15154069528222122
0.11889304812741297
0.10832832547554487
0.1622870883952273
0.17788355244620688
0.12010099738421978
0.20165486242551012
0.07574778708081197
0.21065923729852004
0.22386921460521544
0.12755144853211342
0.15600527595029642
0.14373286090887247
0.055025356757989856
0.256155931030506
0.2659016204371147
0.2720777957691
0.27407427669767725
0.12449587659515532
0.0833406009762934
0.13884424029471717
0.20704536390917394
0.1739189919321673
0.2536437779917215
0.36240977942744146
0.1576033677411914
0.10665068664319996
0.10478599402636499
0.08171413365300252
0.12160091242739061
0.20546934877826922
0.11877201675682533
0.05972923559189538
0.11380345382877416
0.15120235280548952
0.10391316023131862
0.0636614959385218
0.14566633988812647
0.051607704418470624
0.07019929261416717
0.15264302554187692
0.09494827485161317
0.1507410183957098
0.15656132916257437
0.05371519035587837
0.16312804243210072
0.20387559907453154
0.2360067021440518
0.11127840871689944
0.17626648797858957
0.1489765734977757
0.2647933233614109
0.24060625145886044
0.41070295830690223
0.2842835288390868
0.29338391596400837
0.5623690414700713
0.14357071774591998
0.16884839397958548
0.09313938470086311
0.05437609001158289
0.08523933383840394
0.05751894546241896
0.08659921773008418
0.11490397074492054
0.15420665950186083
0.21731006729887428
0.18598554137793555
0.20624687478507106
0.18554608937855654
0.06559397657450311
0.07728305138762022
0.046043833432693596
0.05751894546241896
0.10745046981283823
0.1362205031891339
0.27085361298067046
0.19289626870526388
0.1918396804270493
0.25587811781098363
0.1391480823787191
0.17084573072514317
0.1299433739159028
0.04314016826126247
0.1126150085326536
0.10639384575408209
0.13651412109834046
0.09876174002826738
0.07233913666217541
0.05103958034254716
0.0987167639472608
0.0749257700653696
0.12440843502073029
0.17470626002871392
0.13771468500686357
0.15443169367395138
0.12817922446317223
0.06826429177843996
0.09326069601701381
0.30932993201474596
0.22147829237782007
0.36988686772395046
0.1394024844451122
0.26740871162975455
0.12935956406713617
0.09668333275131212
0.1641773830805601
0.13526461571434767
0.19151144686004296
0.06643720912437587
0.11910594442475216
0.11986063079462773
0.14402867308820208
0.14421773951136466
0.23220607473290172
0.07996946076833047
0.1068532319620013
0.047414507675108235
0.04609793899489409
0.13876517842682115
0.12409895623089778
0.04286964045025948
0.06677132274859902
0.11280189974734448
0.35198713862627207
0.3386615483675467
0.28849453857324486
0.15862686836195222
0.1610057090133213
0.1759935693131354
0.04456494806587772
0.14411769251898807
0.0617596183852515
0.04189574033064903
0.08723364423360123
0.04277946451325857
0.1340424517831292
0.10258676561871509
0.20806181881091015
0.08180613416453146
0.12611729427368662
0.11020675127981139
0.17433188421682522
0.2146358341502801
0.1499163857590979
0.11368922943026434
0.22429831770002218
0.13318283082495774
0.0901579018135664
0.3377988537689348
0.38827057263133596
0.22845661582459412
0.3393593981425954
0.2992471888934705
0.22839172399123353
0.2024450890747473
0.26025027391730543
0.25323212637846226
0.12926440009160864
0.22022974807645485
0.17588261259866836
0.13551365117457057
0.23312558136463077
0.16505746450536166
0.1161634927939811
0.108164247789746
0.11438716577187594
0.06767085942919984
0.19151144686004296
0.11121496606654774
0.17302588033806837
0.3100167233723546
0.3980257204345214
0.27200257370894665
0.31359206504815124
0.05145438965275155
0.20296576384388484
0.17200904057563848
0.12401234855044707
0.05911241043948339
0.0866626603804359
0.10229785961647404
0.07096060441838767
0.11254962094019923
0.09180151505892443
0.14122599619399095
0.14871487257181046
0.2626723944642244
0.1049341436817284
0.40869004758295946
0.3386590691959566
0.06386710432265913
0.07525266859426398
0.09350854595611825
0.10930864768103672
0.09845530677653663
0.07705174195546574
0.13186440037712327
0.1541527410894471
0.16802451183814154
0.06399560956274496
0.09316553204148618
0.04546670743588734
0.1733576503021768
0.09184732030747028
0.21365035222096415
0.195693018152051
0.15628318793410464
0.12345939758442778
0.1910397319437746
0.09417303621557745
0.19052177409447169
0.11252772670642736
0.11319276163128598
0.0862813179522437
0.10848384577543456
0.13106156001379693
0.036719641546793656
0.0945876202105592
0.05171050861053929
0.3269073344614612
0.1310617068372054
0.17874966736594364
0.24360795696635454
0.19597751344273567
0.12380458303421905
0.1551490014351063
0.1346342757958545
0.13601388613645615
0.11585441717250149
0.16275267381622313
0.10598039816695493
0.10533725747586803
0.12876225056600488
0.17426430891958428
0.12347297573879418
0.06867320030186931
0.16785972037366892
0.06851806237984684
0.0808463149008681
0.10529316091471971
0.10760054030140366
0.1590395051816199
0.17194825762414975
0.22668819560578995
0.07248341816137695
0.25131409920419656
0.5775114651686014
0.58549103281241
0.5755790525113146
0.08635247727212564
0.15189435442016036
0.18040720114544032
0.06422691899489957
0.04822609110811694
0.0897713502476697
0.12155709573798731
0.13189777842409942
0.1754855314251273
0.15637670772606269
0.06620589969222138
0.13486334572412073
0.16083862422868866
0.1555192216466128
0.10069729782739448
0.1348499494455081
0.07833601836513342
0.08904175976862501
0.15844401075549086
0.0799139153702566
0.2804766854551715
0.26462429483701794
0.2619230260428407
0.17635836522017365
0.045358496311486224
0.17685239271541994
0.041949845892849655
0.12155359061541506
0.12230813634503199
0.15247102243238503
0.06623160074023854
0.2377262803299661
0.08878798916721814
0.0889783171182733
0.10175404505409848
0.08996167819872486
0.04649471311769841
0.09722248797222445
0.09447679511549924
0.12150707224179887
0.08184305029005688
0.24263285585957017
0.11377853957199678
0.3257478916371055
0.41699586422710344
0.1830391169245622
0.32795581383350336
0.07702828538622569
0.12173734509858275
0.06552183582490229
0.04683738167830209
0.14040354592407173
0.15016277857086738
0.1452626722795686
0.045214214812284687
0.13012387709239537
0.12491857854251705
0.07489285392202365
0.12577129346635132
0.13211464160082997
0.15997514081073436
0.14255233262210953
0.23447419109116915
0.22022951386886624
0.2725280072347966
0.19968574198200678
0.40676050324546653
0.31388261521199523
0.2228884075313695
0.1011336239475508
0.19525978893950763
0.12007827771048711
0.15604446259633306
0.0936096305939482
0.10624999327388154
0.08193618292923348
0.16619572112334954
0.0457372352468902
0.15902469438315342
0.2202378482348977
0.11323902963645481
0.15152116995488243
0.13148030678738223
0.04128254395904248
0.14013032697076347
0.4792468564577139
0.20006116587865924
0.28210113374606005
0.2325125769434772
0.2080477206478551
0.12444275866487922
0.2868247686576672
0.21028180841162783
0.16955702289102545
0.12482341456698953
0.14351465212785877
0.13111158350998586
0.10986238956391951
0.16361088000583787
0.16948272879303325
0.07160311977582626
0.08393576216049972
0.16193736502274025
0.14301366703188928
0.1546046940776194
0.27518597543394235
0.3398096096082908
0.09050057037417007
0.12201297682333427
0.13533517685299054
0.04182359958104833
0.0472702261759067
0.05556566581311433
0.08571924347023549
0.09947807575148129
0.1570643353597613
0.21416393410538134
0.21578649769444905
0.2799358671652111
0.26832748404559303
0.05717154405861278
0.08881971049239407
0.14376752804566928
0.11333057749366174
0.13695865290352344
0.10480488036692448
0.13387941802207004
0.17394079844510577
0.42234837831927036
0.10123642813961946
0.08862938254133891
0.06788363587632978
0.0677736636212685
0.10175704132651305
0.16937955809416727
0.13580531687907285
0.10515350299270036
0.10575070506299533
0.3008625699020799
0.33704399599515034
0.3986505968513924
0.33410089897515394
0.14066183579795255
0.05475482894698687
0.18578726484398556
0.09548118877932356
0.15086038804584795
0.16406204947811515
0.13517098206562508
0.10800169748179932
0.13798892680416805
0.12598653738015095
0.19514445533706268
0.14346631273316013
0.08990188088978354
0.14374953676046756
0.08582370247612277
0.0675347012993954
0.04903767454112565
0.05201892118674528
0.06124559742490818
0.11545422920299366
0.1290059628591642
0.16571220271866666
0.3947354084232339
0.2694138840851756
0.1652063366543475
0.3602626983118427
0.13262479822626735
0.05192330452515657
0.09369312658374576
0.09679408112788879
0.04669310017910057
0.09867853721442718
0.07600429512134867
0.07260546064849586
0.1561640838407348
0.0773365907787345
0.05109368590474766
0.0974954875128734
0.10421152433479772
0.03964134190562487
0.08575615959576105
0.10583853188163882
0.23297387693904567
0.1786780427217394
0.4256858660025133
0.30884534758406484
0.351615091288507
0.12727158978100953
0.08514411971631261
0.12843964563703644
0.11052687982337857
0.10166700969725605
0.11947924067446658
0.0984183906510112
0.0824120028068713
0.05453840669818463
0.16164740041488684
0.19946946542875205
0.2190353439358654
0.15947490584884877
0.15544678298736495
0.13321031082405874
0.05993484397603271
0.11877201675682533
0.10519944161349228
0.13782365492186102
0.13695865290352344
0.06718576672246089
0.13389571356728394
0.30776720839474403
0.16924140119304285
0.3805561548126324
0.09157283408516485
0.1300732938835938
0.2320089753221333
0.0974796322654025
0.12385817656265703
0.09535430347862013
0.12826024422724303
0.04317623863606276
0.14511816244275796
0.26463295081021787
0.07473864763392066
0.1759357797043956
0.16220096983718515
0.15772603756276463
0.07962052619139609
0.10010025470558945
0.12926071415101165
0.09908960504816719
0.0683594557539676
0.12099291745530569
0.11993685615058752
0.3374661207542811
0.17662433857916038
0.06694661562951766
0.11549734496528813
0.1728085117844278
0.21234974132006446
0.15055549164376494
0.13979122306980646
0.1820623130825542
0.06036377222844698
0.17911989186101884
0.17375007208350204
0.15339788331566137
0.10280881489494617
0.20230764185234368
0.23896224129233104
0.24050855779870078
0.1236497255354828
0.21082099253575995
0.09952587441677652
0.07888976024801608
0.09770168154163343
0.15749568265906727
0.05551230681779508
0.2226830432666729
0.10280419206866671
0.07669192728322528
0.11236540009113316
0.1324869823638912
0.08219195155889897
0.13009817408271232
0.1336127583194087
0.08082979601398917
0.09568659736212334
0.0952436038558172
0.12801012674630086
0.06551197139575789
0.12488742357407683
0.22282451992388033
0.16365993482359084
0.1677106462047457
0.17535159624617552
0.24834820757537368
0.16501508109903215
0.16277645659728826
0.2641716164004382
0.11530701701423297
0.14469690033664792
0.36633144208126156
0.0838636214108989
0.2306090498914186
0.1820355026298507
0.15269997551233508
0.0987167639472608
0.15674523048891992
0.13616207202724484
0.15235568882994008
0.1530059035198842
0.04337462569746491
0.12097689132358941
0.18917316436793333
0.2906741613197653
0.04757682436170997
0.08761430013571155
0.11960094573554003
0.0895954366504141
0.13781546212823603
0.07257710278315378
0.13713165330719146
0.08266199555019683
0.06626584829236117
0.25526623286160377
0.16637814832285885
0.1791707513984201
0.12936315615004082
0.11074837657653164
0.30691592551080393
0.08296298299941407
0.10245988031801166
0.11172272576594465
0.04543063706108692
0.153613556965315
0.15306720396199977
0.09339760849438365
0.09863988740416427
0.21209861219628523
0.04820805592071673
0.1796102953979412
0.13938065855486953
0.08771271424861306
0.04921802641512759
0.1423216654172197
0.13689884911721042
0.22351652153854992
0.24230934538509039
0.13017798265459485
0.5505449512715528
0.3862519236184469
0.18997007011543374
0.20376266959138398
0.048767146730122786
0.40023058657104327
0.26786667286896626
0.14762701112969284
0.14061921957372406
0.14331731657997265
0.11787850095206166
0.1767904750606358
0.08114314979983706
0.23722703776946427
0.22773114245848117
0.2302316210045251
0.11517831163959291
0.11923908544739915
0.20224499508999277
0.04718005023890566
0.15288330263565295
0.15187308033808075
0.0903337591609244
0.10213145398879367
0.22578832119227737
0.15991233897666626
0.08525037627294187
0.07096846241976078
0.30441037108335955
0.17173381594467466
0.14761933725218077
0.07864520693253003
0.08897702823543108
0.20460181073755843
0.06485453389109523
0.1429609879044489
0.08507659412164321
0.1576033677411914
0.15072854052065954
0.2116679584093609
0.06404295045808653
0.13461322824317856
0.12778963150914066
0.05926661672758639
0.04828019667031756
0.05777595594259063
0.1097861128620882
0.17628741133729303
0.2304472946541787
0.19055000033136166
0.06404295045808653
0.10757358978133777
0.13992903893218261
0.1424016158874304
0.15819662202043924
0.1267905933856938
0.07527836964228114
0.13461322824317856
0.11544375405008998
0.19329911769794128
0.12836029121961962
0.17744074736174362
0.14889568075658835
0.12657862868346698
0.1551806610350993
0.09812489401153686
0.1107484190967906
0.10919610162238913
0.11412259961939909
0.1017477912473524
0.04422227950527403
0.2566516430870116
0.3803258415362893
0.2352999517713703
0.17078021598744358
0.06012931479224454
0.3002133671645228
0.131960712731557
0.08221765260691613
0.12876595407974675
0.12536649614114423
0.1998755548158726
0.14967751285914774
0.1570643353597613
0.21079107675066566
0.19009267099966368
0.17561226922991582
0.10521095774770506
0.14266766622455448
0.13716442654879032
0.13240297560694297
0.11484621844019662
0.048063774421515194
0.11983161294043014
0.14295263101296843
0.05581890500359835
0.2390622882847089
0.1822973651237861
0.07152601663177488
0.15697373103942597
0.2114680134847195
0.17721957815544254
0.1617498838083431
0.1615934820024744
0.16234833977625887
0.1287200154589547
0.04880321710492307
0.19223818647370117
0.12169140647779082
0.10712291511886235
0.12147610820663045
0.11340633761436852
0.16814711272237276
0.1265776614845458
0.129115967937258
0.08717020158324951
0.07988649563720486
0.22861406863212871
0.08834389061475624
0.30159165852029834
0.1369772483044679
0.3053999510246714
0.20379572347183592
0.24457467128314325
0.16694644597027705
0.0663875248201116
0.15131768640793444
0.1493540023846692
0.048785181917522985
0.045214214812284687
0.12488742357407695
0.17674874574707278
0.07838092444124012
0.07898609968787904
0.21354016492705136
0.14552724958181265
0.043266414573063794
0.06720824056489084
0.11510293524018214
0.03643107854839046
0.18020875382042578
0.13236039728840815
0.20771582475195366
0.25638344263969487
0.41693097283893615
0.23905190652524352
0.1594236008504851
0.1746893377434334
0.1731984354601686
0.11429528853029208
0.17317340407127613
0.11741911474414243
0.16452338388789614
0.10013458645662993
0.15032060604635933
0.09116708855540737
0.10460326542986834
0.12943047781445197
0.18429313362844724
0.08485454484541213
0.16207836895295397
0.1238106222247852
0.11070199706508892
0.1268700244083487
0.13517098206562508
0.08852372226602603
0.16887037003109018
0.1660687102327725
0.20303869039030845
0.2552615036901052
0.2828882699019878
0.41370163197047427
0.5004707040196734
0.250867833385188
0.1954871099058133
0.07229704807228987
0.14353081384403954
0.16137780835282078
0.14919224714742932
0.2633066143821005
0.24711654426776802
0.22597206642387932
0.12809073190692308
0.080329489143511
0.11194938602193233
0.08069865039876613
0.07449674131048037
0.08193618292923348
0.09173942572146025
0.08257879273635665
0.04366318869586798
0.29993325515043295
0.42649199819622335
0.1735077751638919
0.2433342854239842
0.33775445476039406
0.06126553159845672
0.1199784575575076
0.17292854720736883
0.07360780152116535
0.045917587120892146
0.1604232570158401
0.09915464325022899
0.0457011648720899
0.1266632514271891
0.1483295525488174
0.10468037308032153
0.12104683586771903
0.16515209722174815
0.06692552903670203
0.12120859110495866
0.10690909952187859
0.13363496381143747
0.04842077446434202
0.07003535584677913
0.18357130879267267
0.2319519583549295
0.3583683266942144
0.47620741843371667
0.3641649574390089
0.15539286457495124
0.2127275744380882
0.10951216560114721
0.050877263655945415
0.16498471829767586
0.14460918209230378
0.05585497537839877
0.1445013452674776
0.25345338815508117
0.2691543792198473
0.13500227104679205
0.11718942164018284
0.1616492658581472
0.11175249048504672
0.04012829196543009
0.11254962094019923
0.036016269238186065
0.0938985408986804
0.15870178985480227
0.08417021959670216
0.1759357797043956
0.1886699155924069
0.14811957221406635
0.1286281382173706
0.21913384464563748
0.26837333558095083
0.12504492579560092
0.17850688743986529
0.19278989045273914
0.11881361816374529
0.1675954087433348
0.17795518346082734
0.13212606837817079
0.30554351471918767
0.24961540029365772
0.10820116391527142
0.06057737017646186
0.125140627818748
0.12689557854776037
0.06697693113273637
0.09280713957113351
0.09633328780065208
0.09370479456947571
0.1900021355953725
0.15761540793707024
0.18193545563747282
0.12998167797532223
0.2043143735704219
0.14404672180054173
0.1280251233224706
0.07854240274046138
0.20650751954270044
0.11776244042637869
0.1792424927452488
0.17715827771332693
0.10528478999875616
0.13981044338752588
0.12440843502073029
0.17679847430300752
0.0884887083231048
0.19454688730351852
0.11691406743009118
0.17547473438889236
0.21437194092663933
0.1554103541390583
0.08136951802234964
0.1130090071481183
0.1546046940776194
0.1405295525760267
0.14731919627505094
0.18445303032505286
0.12603165254409313
0.16252633911634612
0.1369889672014992
0.1319596627504899
0.16974092421737103
0.1476286131874454
0.08113820859019516
0.1125036823194073
0.12196703820254236
0.47232529273996315
0.15331240573046095
0.18396262678813052
0.08398418557053654
0.06481804309929427
0.1199469465428752
0.0369540989829961
0.09880334143518735
0.035511283990980635
0.13296065894816828
0.16571220271866666
0.1863840002204929
0.23042370607741142
0.4595081140965748
0.43446168041058714
0.26641540991618556
0.14970860469999528
0.16666181276931832
0.12784112346540302
0.13551365117457057
0.07951904256511369
0.12971318677680546
0.10816365799220522
0.16666181276931832
0.24996741045379473
0.16837908817039737
0.15427246224524868
0.13706437955641373
0.16538859282718296
0.10764742203238889
0.12669614280355218
0.11584280189905222
0.12455850550929569
0.12520881095974581
0.12515878746355738
0.1244714095048761
0.35753299271217975
0.39729343608675344
0.3345339295121774
0.5046763401879067
0.06469221720449349
0.1797100685733217
0.20425307312830632
0.16257636261253508
0.1966152845488696
0.1586990369644189
0.0951956968527409
0.05049852472054132
0.12089772987275206
0.14498661097919602
0.1255212837208583
0.12541243476193614
0.1471691257864854
0.16238487116353073
0.09727399075972033
0.12695455568223118
0.09668166968226334
0.17167406723949072
0.14700001184258343
0.21290748177420862
0.20431705545768206
0.33844587471789433
0.33127472586693313
0.33844645637506493
0.18683191847807393
0.14901999514545836
0.08478775740863287
0.09065954735259363
0.04995746909853547
0.18757935287293506
0.06931572650229847
0.0984183906510112
0.2582212873248934
0.11787850095206166
0.18170504983261157
0.16574519975829272
0.14291504928365684
0.14029570909924557
0.1590507244317369
0.1613757987040107
0.12795129107141998
0.21301903635080055
0.23460853638432516
0.302211179628617
0.22935615250519495
0.4490959568617905
0.4212112140410963
0.31648194413020275
0.2439882359725499
0.16856005997347379
0.14696309571705748
0.08380774111460897
0.08425183966707087
0.12626027000243947
0.09550201673449582
0.11573179754704052
0.36862314341285163
0.2039465709177308
0.2355688829940598
0.12530639044836478
0.12055662581421793
0.14831901274436243
0.0851285854618274
0.03974955303002611
0.1076843381579143
0.1282493176859814
0.09591631120006605
0.12280735322807289
0.18278585507267714
0.05580086981619815
0.23365975069635303
0.22440540390148572
0.16607800734572778
0.11248343447623071
0.15956403898275778
0.12288581061838076
0.30598699044512456
0.09764315201497549
0.06985544851065896
0.04957873016313149
0.143052865146033
0.1661140527835762
0.35947405555905715
0.28946258934990926
0.14132015893509609
0.17721008015685377
0.06891245105613863
0.08534250677771478
0.2781814063194054
0.07699221501142528
0.261396463379377
0.08499983821711109
0.1248813923154128
0.09681288596423777
0.23711137193335807
0.07280805153458042
0.1413819463087859
0.20742748399746244
0.11627154122966202
0.18458544250438952
0.21830253736649233
0.1530236726483243
0.08193385635907821
0.183170994669107
0.20726237731648617
0.13824680942754197
0.09738473913629686
0.1759935693131354
0.1413990747975231
0.08472765954470882
0.1276099387767919
0.11933562531156662
0.1783652732391368
0.05354647139117397
0.32299175364742516
0.3554840221320738
0.31109634000286884
0.22672692419766505
0.1735101707310743
0.09375742316662398
0.23210493631173126
0.19824562980100438
0.134463157754613
0.06420121794688229
0.11585991827241973
0.06255635087378365
0.13910950402615388
0.14481802146562686
0.20401329953606648
0.20425580993022366
0.12060498209184309
0.10995251848976859
0.10174084194830714
0.04173342364404729
0.2418705798333389
0.15332201581766772
0.12344752375730736
0.2121996708314989
0.2411625627126459
0.24279502289599453
0.356607260118916
0.5900780558022457
0.43095241966368786
0.13872666148228663
0.3089879706485233
0.12737439397307743
0.1390345682457722
0.15656128835368982
0.27403263940949174
0.22960122671800592
0.19290572388840624
0.16014215252966474
0.2571382961730075
0.2470002472650421
0.08999558512696465
0.1622094555590929
0.2179023493969846
0.2657286200334466
0.21690187947321474
0.11051450647381668
0.24838939145135058
0.2183003260031939
0.15417481404581293
0.08054514692926336
0.22537487360515024
0.40968062022232526
0.43049081544106327
0.405465448355661
0.2169738642028477
0.26414706955352807
0.256796890226822
0.2104199162017593
0.16479228428856693
0.1666763067476801
0.20954628665643713
0.2201838094556628
0.24526928625971114
0.14617281605228769
0.1092165225804688
0.04503386293828274
0.11207735709545001
0.08222167485581615
0.08630411924164567
0.1375402306510025
0.1275098917844153
0.12922534028766597
0.15681970123236882
0.34579579397262333
0.40550242459296165
0.3889674271490977
0.25302312435184887
0.3637045153105352
0.10148242906962854
0.17859408338619417
0.17348025118640678
0.08364913448872974
0.15889756138181255
0.10853807065448581
0.15938114949987975
0.09456127034922383
0.18242216934454553
0.06020145554184536
0.22611152759356404
0.07232274912030705
0.10795565095760473
0.10679835114530206
0.046025798245293396
0.09085747271345239
0.15944870538031286
0.05908670939146622
0.11495399424110897
0.2205178478749779
0.2077746799018505
0.3902833172624603
0.23308929686242685
0.11024372833820914
0.1131974282295347
0.09256282686314492
0.19168648249466194
0.06548627034774072
0.14261420083301393
0.08650405375455666
0.16212615114683843
0.049019639353725435
0.27142528808824
0.07565536054441428
0.10619673040693264
0.04992139872373505
0.20725679479195852
0.050047645035536506
0.055154449044839675
0.12640937486826917
0.11645469912676316
0.043591047946267274
0.10111326781437338
0.04032667902683225
0.1467697636140386
0.1607392341509206
0.11853767906241441
0.14563363192815557
0.055692658691796904
0.11576896964800111
0.18569501235119126
0.14166654120575292
0.12200730720368355
0.15429321280430694
0.054303949261982065
0.20267931226136063
0.2349281342523825
0.10067027430806727
0.05540409569339383
0.14557971351574184
0.16354304826711233
0.040669347587435935
0.1250367983862986
0.10050899911891066
0.11441487114089066
0.1365773850329741
0.13846248307719433
0.060201455541845236
0.13437046581636009
0.08815356266370108
0.13345731339961284
0.16514339105872053
0.12109420440749585
0.11219899446345277
0.16407372897348266
0.058397936801826006
0.1926071160832704
0.18828210599158107
0.2211106947100244
0.12237695611706746
0.17151446988650995
0.1508637179322394
0.11172250726936135
0.10386464423771334
0.1886699155924069
0.11252035060175627
0.127910079753923
0.16024552169214284
0.08920036639450438
0.05917344986003429
0.1576610345424145
0.1467689378169777
0.13703265795069558
0.07908212474882186
0.10023938755570191
0.19647869483383873
0.2810227654977958
0.14635374954483762
0.1744997404993947
0.16202610415446184
0.10778924532992447
0.22362401283675426
0.12684268969932022
0.25185290438223373
0.4312900063433484
0.26209740274074905
0.06379045783448375
0.164407785753337
0.07355639942513101
0.15570312297295963
0.1105283216253547
0.0905961047022419
0.03928063815762109
0.08599177352412174
0.08658693470832808
0.49322335726001104
0.21440230781349814
0.33501612992739505
0.3779141526043842
0.27090004680994006
0.11952595326262164
0.40721883697219113
0.11360620921841327
0.12638507422319978
0.11562750853325766
0.12045657882184094
0.08675782435596342
0.06797927200540584
0.2166976568347465
0.04873107635532237
0.11960824670265416
0.0862397165453236
0.07765380403049309
0.1485922716875792
0.13603598408396272
0.04319427382346296
0.12125227450413893
0.09209325648297724
0.08152372431045264
0.18203341496629208
0.1761819583065336
0.30438930136724895
0.05149046002755197
0.1675381500281246
0.5915492664130141
0.2748098820030608
0.11809468555610828
0.11930259819661107
0.15322069084827897
0.07527836964228114
0.09265947506903155
0.1541527410894471
0.07334910715658627
0.22062029117310203
0.17813274897641446
0.046927557615303005
0.06846759191773198
0.14655024493917992
0.061913824673354496
0.0875650497465111
0.12210485406491811
0.129288968340926
0.04075952352443685
0.22624632569511835
0.5209597007367042
0.36817293194715495
0.3896683665104697
0.35786185596904146
0.26508416489474224
0.3389654575860677
0.16395493760635502
0.1915025811683164
0.049344272726928914
0.11798159002534375
0.11199835749069617
0.09121974617353663
0.2503431888346635
0.09826252314522635
0.19236078735793113
0.06443972458089071
0.15280478077911555
0.04557491856028858
0.10496974850953267
0.14061275538986712
0.13652142023031819
0.12420834103597629
0.05030013765913916
0.08463913446910719
0.20800703460039396
0.16406269380952224
0.25692123514907894
0.21690187947321474
0.1416527905628689
0.15077055343907542
0.1995942395275415
0.04683738167830209
0.15992201121766306
0.1099109170828485
0.10462753840399842
0.13611393312883277
0.0667199206525647
0.14350727509556788
0.1576549861239996
0.18113598178253265
0.11179955887467498
0.4772852423100233
0.4294097222290541
0.15641657823247643
0.22836088395662443
0.24961540029365772
0.17421351786579586
0.31342773135815183
0.2696722969638546
0.2529458469522681
0.2649682291939166
0.3171498091081986
0.4790111758792047
0.2499412527758343
0.2619230260428407
0.2234827579746637
0.2594718747296055
0.35799458195357525
0.2959042473238491
0.2602722506686209
0.360933806438604
0.1830670664810068
0.2998204623861196
0.4349266368083241
0.393794040148932
0.4652703556554169
0.4261501640295942
0.3025421049478793
0.20975429369103826
0.2915010582889926
0.24311419147597488
0.08943649431755872
0.21054472042251995
0.31388039905426424
0.30576660527130717
0.18066751832184905
0.18227073446046288
0.1628890047780154
0.15613236251555812
0.2615728615695206
0.1394024844451122
0.2607692751283083
0.28152932356842114
0.19182408730848421
0.2634796147857673
0.15343604987561105
0.09145643530638031
0.17012146691811025
0.414624300790035
0.16697970896753248
0.3322991757027849
0.3482135569679551
0.1882087746297112
0.27572951099085824
0.2384119828342578
0.252868923360821
0.2557403019486075
0.2028895958247681
0.3553586629426154
0.4859782654710063
0.35065825892934566
0.3270284297330028
0.2444148023768746
0.16882089258590044
0.2266152163665317
0.299207457964966
0.2528002302179253
0.3400948528558969
0.29727236030217385
0.22980794148984157
0.2898284903213194
0.24678227089418353
0.2166976568347465
0.2253548212860674
0.12051112220809172
0.1719914133308799
0.34933739402536795
0.17476093823776692
0.21657692442593074
0.23138702528947944
0.19908866495907795
0.3507611297839649
0.24963046538328287
0.2784808032812245
0.2653414736941188
0.3081137189320113
0.1538801484280732
0.14937572025310086
0.3249536436534083
0.2612347081421372
0.1551172801099309
0.1354959251465027
0.12337871700472243
0.2993483651461852
0.12667915629895737
0.25662053544686264
0.19750127156148184
0.2008099912032207
0.24091315764368187
0.25321367780505244
0.2929548128692016
0.2380117948647501
0.18658483468437898
0.18001014031223594
0.13858237998308548
0.1477622903697839
0.19360599471331608
0.21629600249051803
0.46606891398799527
0.2888409352977153
0.09906728438926193
0.197877626446984
0.31070872498702545
0.1306641281192757
0.334148709970708
0.28948734213713156
0.2952475158296568
0.2865224435639457
0.09940995294986564
0.30199702792654487
0.20863115568159812
0.22142292090201268
0.27893743339912963
0.3470831032570448
0.15007358940697013
0.279297376300572
0.1465901389470105
0.05681084031060901
0.17729048640785425
0.14664768628797836
0.24937019852519532
0.09730416779299303
0.13557050368725349
0.2114641600830401
0.08843730622707047
0.15067077051967812
0.061013038974853946
0.14947020661115498
0.12529333003358284
0.058001162679021695
0.1945786086286952
0.19419980062139183
0.35340580975222546
0.06829925468453209
0.20241405986484687
0.18448950110034326
0.1668216417495164
0.14664768628797836
0.11503064713749095
0.17857778191264376
0.2031601407069949
0.21933298188868056
0.11976688375999663
0.26603344684691504
0.13728989536110028
0.19314337584900734
0.26284290040713465
0.2953693558618306
0.1371182372085798
0.12573632353988895
0.2155936549196448
0.06606289144690813
0.09481504095063072
0.14706907879410752
0.24398001502587624
0.16532399110039342
0.2561124589628795
0.17488214267489846
0.594430387192435
0.4098184360847002
0.28390586032390197
0.4585087365203851
0.07450335915019866
0.13345179377472063
0.12945472804266495
0.25291237597527233
0.3470203414621486
0.3265776552097458
0.2558486525584857
0.1096663718892502
0.40090489143431246
0.5826607023062899
0.138311852172083
0.1623571200611954
0.18554044689121643
0.16844828077290463
0.2439645909111792
0.14287212592742962
0.21021512874381634
0.21434960461508923
0.22257520644184545
0.12329985925520526
0.27861050941421217
0.13452236141496002
0.20104443118146967
0.2852509019356196
0.17948620230503187
0.2501817288327849
0.1904447658072049
0.6336626701462508
0.31371323471578816
0.27760708544556
0.16538424235428767
0.3145977675293018
0.11400984900415129
0.21821117582607677
0.22938625439559504
0.12370593663598597
0.06418723195728807
0.13112763461208923
0.08866861565922494
0.17181044176177362
0.16161206794596822
0.1946831209272817
0.143761045696975
0.07922857824904923
0.16675719347466234
0.10226447006030623
0.13307095911271172
0.11674176804145138
0.3506494925047102
0.29663802548872614
0.15929178709698263
0.16524121898852856
0.2226830432666729
0.14785309664466065
0.2597889395075257
0.19443723314286362
0.26720862718075933
0.09284514473619516
0.18949681076666122
