0.1198289714997041
0.17032589895442338
0.2644897032426176
0.1827205066248151
0.2040445628319418
0.09355249303848549
0.17342873857278993
0.15611798616824651
0.21850421550780016
0.19917497004135618
0.22938034263024917
0.19960186670593466
0.3329018809011317
0.24265159596456204
0.214515646494562
0.28773818800028395
0.23526968002351553
0.27619395282970044
0.36830382253382854
0.11070639383143514
0.26064431421287576
0.30445562088262396
0.1276174801861499
0.07600644169865288
0.0777779107264525
0.22504989590396549
0.16581531228883886
0.1099464537233248
0.1452537016577048
0.16095658071490299
0.24779164895074018
0.19843177985463403
0.17459261989184302
0.4569667776439761
0.1929464001755643
0.3208501368703134
0.27919396000710645
0.36137580183914797
0.19108782857362527
0.2854868834529266
0.2890132464404623
0.2884775797440095
0.25825908596952896
0.31784373450449765
0.2718817166408632
0.20416496129505693
0.2202961812963553
0.12023174328054705
0.10762991580046712
0.09687880390207616
0.11389644787383871
0.258944453869569
0.24811935233829793
0.06639882732435104
0.06621126001552519
0.2990032506293019
0.17792793199795784
0.11128993657000447
0.1895665826273135
0.07265107095187934
0.1581123779316183
0.11089682825577939
0.14430843291238124
0.39047278450447276
0.4094885168524753
0.18023403509656497
0.21660041800144952
0.14614754892059173
0.12152914333761354
0.16224666327735202
0.2032436036310649
0.19451987126583065
0.19620213792956495
0.15474726195253255
0.2229937922038469
0.20671006985783227
0.22398526599135812
0.2743340785340978
0.18359111320183996
0.08550985201249599
0.4494767300806224
0.17791801282736433
0.40542361863799165
0.15618811456806228
0.27053340199751347
0.18059521537331813
0.14981820858204317
0.17339961909375134
0.19205197623497008
0.21209845285323764
0.36381667493093445
0.3098041378361815
0.18547903660034556
0.13156018088468754
0.12929925689412713
0.16181400550861239
0.22323621341835553
0.10710888837370681
0.1745177367053357
0.06183468947625527
0.08847392913068194
0.10914457521156638
0.2376085196975239
0.330935120000383
0.12833026108549075
0.15485196388178205
0.1283181012001104
0.14000665164187567
0.12567324672058675
0.07210920983749355
0.1723139532927075
0.1394947443232582
0.16451045633213196
0.26188606529377173
0.27228154269474636
0.28642549942887524
0.36437481043927367
0.13240154168577306
0.23059514527701414
0.16121918550522352
0.16270556587866628
0.22417760948573262
0.11304716349914848
0.14478445328230535
0.21024186666713693
0.1874169675745091
0.25688696659171
0.23476453130533306
0.27916040700787753
0.4737602567698683
0.17278996968187632
0.27666060656627106
0.1609102880261944
0.3490481450404013
0.3257774314656085
0.2881596598694134
0.3988218116504115
0.30831775746273876
0.38376637405262976
0.28175635362031537
0.3186337673457586
0.11359945583244668
0.19034420463925986
0.1963267502750264
0.1116908907853131
0.062105620033448224
0.15359350790256068
0.1448922794423526
0.13621000569546288
0.07804884128364546
0.15718101072773905
0.2793154416226688
0.08788570459095672
0.18326282006505112
0.16436187903563457
0.20335921432710038
0.24873641252118123
0.09601362130674354
0.32199324872760904
0.25954601260053495
0.2554603758980301
0.15582473801390337
0.22983324096616795
0.18488385990733927
0.11419343991523072
0.2806545299992915
0.3111142594035564
0.17157426962328529
0.17393629218597062
0.17411884374617462
0.1881023354745491
0.10740213652804965
0.15681312939823122
0.18558520662702035
0.3209605440249347
0.21094469880326577
0.23769563161137502
0.18167003171949658
0.24185757610704572
0.14057583398807863
0.3201667488673091
0.2659850513881591
0.21892259500281253
0.1048678898155214
0.13195356399047328
0.23093236533165654
0.23960316753434718
0.3047394908267712
0.1810018960744912
0.26112516991514895
0.19301710849423412
0.13407705853455684
0.20096337748813534
0.1778841231466832
0.190407663865592
0.1495404825710282
0.06252243627528335
0.15246306306156773
0.25162386324409297
0.10512105619084315
0.23584655704850074
0.12821267598851452
0.269533186937735
0.1996865132040285
0.19580685288975722
0.4938726358291428
0.19503250753073187
0.16509011025413126
0.362145960986708
0.2848764228106172
0.24488429710661752
0.09811854332801145
0.08054973873465673
0.09503745324544553
0.19531502732214912
0.09236452487291744
0.06302261576548572
0.16551907158553958
0.1461495394652852
0.13159510926133042
0.24149872550492008
0.20913974912889366
0.13587385893684797
0.24158989569781703
0.32882340440603525
0.3829000842692155
0.20857101740204922
0.22189535574969801
0.24675931292184164
0.25019480059502813
0.2109687008667852
0.12959786949665406
0.19514050902772415
0.22676074390496975
0.11588629455116518
0.08042469386210621
0.07834061265293008
0.20679418729381513
0.158689254956605
0.20436353332861035
0.1967810561863887
0.19338386342707423
0.1720896490827117
0.1898469083110149
0.09664121026896255
0.21636541763113565
0.2669122334773681
0.09157452833119842
0.439675383920689
0.3460366933484454
0.24595966081407392
0.193358889119998
0.23607808847733283
0.15886190454428598
0.16431380595021886
0.1473571975572553
0.2944052510096393
0.25855585484503657
0.38130078005368007
0.2155740494612493
0.22044343699086263
0.242694414707358
0.2266770560317352
0.1532089232192367
0.18468808691730731
0.11550311679176935
0.19191650586413883
0.12652642558494928
0.1969256924275697
0.17775144515515479
0.07125473654173126
0.145381678487359
0.37876157016126666
0.2571951078454877
0.490826662888716
0.23470849153211676
0.24464903935592788
0.16445022610585944
0.13263664568567493
0.06387708906124785
0.2708790819579235
0.28299620610087023
0.1743897598756813
0.16918536880307095
0.19041594284070892
0.27084493286116773
0.21177868111228668
0.18043596033330742
0.157102843137892
0.11667610940914054
0.1764545843330128
0.2114413448287878
0.2423319402139261
0.07308872800580622
0.10855059112878236
0.07479767459733067
0.12815206586065556
0.37610304135319356
0.23135227031239
0.07415160942248615
0.26478713607706994
0.14013596175656437
0.2814775419340701
0.27394748458592827
0.24307148841542345
0.21579057921591482
0.21185808742616072
0.07786127397481962
0.14759994353470185
0.18903692806551342
0.20249506137538512
0.16700589873348806
0.07971266390961747
0.08732300266447918
0.15368111361133352
0.08354386124357455
0.11396356398146977
0.11033254337713458
0.24655939989489933
0.2066599569219073
0.2828700241982294
0.16135577608828242
0.24720857594901519
0.32972321910269314
0.15681440462539942
0.3056670181940281
0.17715575269033917
0.37068782319189614
0.2504781469150676
0.2550204040721406
0.23875725390476146
0.19532094604322447
0.4894537276291997
0.16209291731298167
0.24127952262686683
0.2574491057240275
0.274214035288517
0.23838341686837572
0.1528469935505308
0.15075719586304442
0.23723170645321287
0.21177868111228668
0.2012983705748462
0.27775023021888523
0.11535170887665956
0.2637289465894975
0.13317131809092292
0.163938318787242
0.3643125309910046
0.16480546274065158
0.17027486854174248
0.13705685613596505
0.11128993657000447
0.13429980111747034
0.16312779886609718
0.2625524420502451
0.25242351535185925
0.13416103061182993
0.23524828221293514
0.06754507198939778
0.15743935473580176
0.16614058319600877
0.1043927025492942
0.22723447395719124
0.1631119788148313
0.07419329104666969
0.18586501560135707
0.20051283926810018
0.2856757154998481
0.24099037718796074
0.21791529618851568
0.32174907598230296
0.2524798446022683
0.20559825665516226
0.0624182322148246
0.10160097736020915
0.20536114532100513
0.09653464160903752
0.310035515508897
0.2748741990602718
0.17754652167382332
0.22257838547382036
0.23423142990015555
0.20777627266818874
0.13557012154719106
0.10195736780987956
0.07867406564639821
0.1549395542941953
0.1753928840662678
0.12081823958923257
0.09384617684920042
0.28399153530738513
0.20985571045156493
0.47396755684635555
0.3448667062750084
0.30185952734966454
0.08050805711047332
0.15327358298271104
0.1958497499827955
0.22656683692337587
0.2749470497206368
0.13774490879761767
0.27064463941997813
0.28498843407107943
0.17662051581659005
0.30937422259199593
0.1946884121244097
0.2601534857269434
0.1073923221673535
0.17988948562484447
0.11924230461889505
0.1678629415633087
0.11475772479387554
0.1981507912481761
0.09201218538512546
0.20344050020722226
0.31290159945451707
0.15875721955733174
0.18008177796650718
0.15276167566409357
0.21900619714906966
0.175267263891986
0.1107744903029918
0.060188265321006164
0.263685282536248
0.3092008065479419
0.3284571032653944
0.09140780183446434
0.17921022045933005
0.23603193282586826
0.2753309772977921
0.21258866135778812
0.22568534391159636
0.08891941719276997
0.20295457689097546
0.22752991327161767
0.21863236011268394
0.2012983705748462
0.27914522328641483
0.30033600414224715
0.17356214898949499
0.19907143710050174
0.24991005882359024
0.21229074519490038
0.31926110402607216
0.14211069180608035
0.1543170647072929
0.08505135414647717
0.26293204892434474
0.2283186423635056
0.11220359323790424
0.09320011167435575
0.34984915988393345
0.14050252194949292
0.1976364848733241
0.17204852822602196
0.07046278568224444
0.1876361596662217
0.17147669567713006
0.17571139414629217
0.09471076199991432
0.2058489517492214
0.26832896507756687
0.32673356980077445
0.31812826354006773
0.18313484323539678
0.2631578947368419
0.17234201121460932
0.2178223798671825
0.23283983849259754
0.10163067656434835
0.24204859389388664
0.26914101761984893
0.09284581786879582
0.256074236735851
0.19609603926779587
0.07571467032936814
0.2827087908195795
0.17081480339300228
0.08152431536210873
0.08523892145530303
0.09818556888420102
0.17406575873283722
0.19853794988130885
0.1860629717470555
0.21780780972273012
0.13278514170637107
0.28021801488701803
0.1724368792472311
0.25599631825194924
0.19731935185340976
0.3125900685908628
0.3298171878643234
0.1737498757274095
0.24312929376344045
0.28843851249307123
0.09153284670701488
0.10890698157845277
0.21128121040117406
0.2735000354182904
0.25003041281843985
0.38924700715449484
0.14420477989807068
0.06698237006292022
0.1565477043315457
0.15753947730452372
0.2657358266972348
0.15515057648430935
0.19913942392179126
0.27921186096206274
0.20833047425664233
0.2724374867181413
0.23868286908801548
0.3121539253817471
0.0905533285387022
0.1454144285347348
0.1943114112494982
0.165245334972167
0.22289742195716322
0.22844673536688553
0.206521974945038
0.2534897181622157
0.09407542578220981
0.3026683227899009
0.0849679908981102
0.11633178261325319
0.2200373802828935
0.2470779910745911
0.1967628934841421
0.17629532929300207
0.18619102596577303
0.14137173782485565
0.11564974086894077
0.21071947617586093
0.09913974312050768
0.19623433466611945
0.2866083945620823
0.10434994614344797
0.3249273925054901
0.13183476717391662
0.07998703680817919
0.21243465396591596
0.352715243829555
0.15416942079029158
0.38270017124227323
0.26385002686993264
0.3850676489339102
0.1499231189077558
0.3005596089820788
0.2646766217608105
0.13306135003304445
0.12041502337701125
0.21352325394875096
0.07544373977217533
0.2065963138161042
0.24582638546277955
0.2328320387115624
0.26715044166990626
0.12188553378728395
0.2658078751921168
0.529468017284126
0.6175533045264581
0.3114529444355066
0.25948796057408247
0.2277347072167957
0.0791534043245088
0.2519661625237088
0.2250362198338263
0.31635616632429014
0.21307051279411332
0.20960219191303706
0.1859466943871994
0.0658778070220569
0.17277466898334895
0.25539909304689457
0.15003609958181222
0.1754459690796052
0.13143181552600927
0.1407283703570452
0.05451956443204706
0.18219168378550743
0.16419523279487325
0.31274350074378443
0.15310294720983952
0.1642365988897852
0.3721714184900043
0.34320323014804927
0.09090762234426213
0.33938568207154796
0.24362734216642012
0.19721082454787683
0.34986186866898034
0.06183468947625527
0.2042396342118494
0.19499402945003413
0.18358978530496656
0.13199832547355175
0.0707962386757126
0.1328047578979944
0.18205863671965328
0.09759158480141698
0.13330919755663065
0.11876249791925103
0.16392652118542206
0.19564821570038576
0.06519006022302883
0.07025437756132681
0.2674836300481429
0.2412283858431184
0.21768081037047532
0.18945602962253225
0.06794104741914127
0.4468598708259252
0.17852191608074186
0.31686214770277044
0.15890456348750312
0.28587562852678894
0.3378196500672951
0.3151547573937891
0.20816492309389517
0.15472398705212767
0.19490871156359837
0.10747544856663535
0.15595882895239194
0.21137635474959252
0.1669996504238181
0.1350372969321727
0.10358991052159323
0.1446038409298596
0.13339125420668005
0.27601634519783214
0.11223329244204344
0.12584011423235295
0.24875844319126023
0.19584451908476896
0.07544373977217533
0.08321716999804334
0.29780377246765105
0.296904479595229
0.12814944344780255
0.17214971887294808
0.10240285587196757
0.16521667262638
0.2404220254043972
0.23147190627568864
0.2309901706796735
0.21825180778642397
0.20816492309389517
0.09049347501214777
0.17950408363768752
0.17815608259127974
0.18567239473804475
0.2095346036693353
0.1678231411855517
0.18494818646697306
0.15364158098797634
0.2488250808669067
0.1588305315959179
0.10403631209962379
0.2085038903006963
0.2284479705319822
0.15566248380292683
0.21042899286885228
0.3667749331738067
0.24622621151666413
0.11814235018085456
0.1545533512792547
0.2231184045493083
0.23036055819225115
0.1662091767589243
0.09459196518335752
0.071025487608722
0.15715091622330768
0.1998463892661638
0.15445882344003994
0.17066831787925255
0.07252602607932881
0.23177896255890132
0.19840674490748486
0.2673497345829558
0.2829323303709608
0.28287693312266177
0.40036835021605144
0.2391407247502038
0.26330166615275125
0.14748624775527522
0.07196332415285125
0.10038330999050189
0.09895774819182024
0.16585214468351617
0.2551437773329846
0.2074930998129448
0.12565683413588877
0.28726532363083157
0.1405657017549565
0.15235398827790297
0.14704548694417782
0.15224746151092608
0.06577360296159816
0.09194873601496861
0.10501949527401434
0.17089981865214485
0.2182324898294278
0.25362299351351014
0.16699862487473208
0.1626833791882871
0.1301655245089093
0.10047240760291949
0.22592218232219835
0.07142146303846533
0.21934727510951027
0.16602860700493044
0.21371396188991992
0.07846565752548074
0.2774668838988458
0.2045052064886308
0.19191650586413883
0.1450813414506995
0.14120613547708047
0.0808631785600265
0.04359897889596425
0.1441872280772517
0.06762508782496245
0.16503426859120898
0.14922328369047552
0.19333605398394346
0.11226299164618264
0.47614377200944286
0.4026847943597258
0.4415244032018144
0.11829244943283618
0.09350950521605955
0.1637141811320739
0.12140735239877466
0.05841679629320653
0.07908898062269425
0.13940284137070744
0.14974766106931958
0.18296420746252381
0.3315136708828652
0.22496879298518388
0.37897570305305667
0.06218898328181519
0.14866252813589695
0.1756038818445852
0.13541986902332034
0.13329646848983043
0.20997531596454816
0.11678702934194625
0.21632703172164103
0.07727732917020298
0.1820868462564994
0.20248785057370172
0.10804570465841594
0.11969015781603502
0.17820638977314257
0.07030624500368578
0.10013623692051105
0.09222863523757938
0.060794270872946046
0.12358295850289888
0.19849376968064752
0.20231198326511196
0.20084595440087236
0.08556340712504024
0.2435399068322572
0.2385626712700234
0.07060867136688674
0.20854289154919645
0.19444873753873493
0.26595096350825537
0.19059458238378488
0.12848873697298277
0.27038322589785335
0.21850421550780016
0.16091992469561064
0.2869433190244272
0.2605533117808265
0.1465507651328135
0.23931414079425628
0.13709351215525784
0.07023353674923503
0.07423497267085312
0.1305790251906708
0.06658639463317689
0.07631905388002924
0.36461572282115373
0.21191440583375556
0.17899134220698554
0.1579660667367054
0.12316422482397495
0.15638174685665976
0.09168144317771582
0.20740950626903715
0.10593589575633562
0.0638354074370643
0.10850181710683514
0.31408939576397293
0.16133327465445707
0.20135145558818215
0.25202846869644024
0.09140780183446434
0.14748822605479
0.17533979905293037
0.15323092403949393
0.09286941134328387
0.18123223553336545
0.24474038393426373
0.20549691860876965
0.08065394279511562
0.24750301055465104
0.2715166111780127
0.09518594926614156
0.12202788822589668
0.26974931102015026
0.118719838976033
0.13441833008030177
0.10476290313896443
0.2283006767675477
0.1342050353642112
0.1810432396748178
0.17604363879160484
0.2519657150952751
0.11630208340911401
0.15058292725502676
0.23308739218624994
0.18390270421332297
0.36891690869164917
0.21515150532275937
0.22781087653868817
0.1508395193900761
0.24630858790442728
0.2623786923567338
0.12250441647670371
0.15930705984672416
0.24236122632912135
0.1608242159323186
0.14941669602432472
0.29255507544095777
0.2061916763799793
0.162631247960676
0.19873478648566487
0.1804386762286504
0.16546134863217202
0.0581250249239218
0.053644250324193135
0.15559217409147547
0.22137655833843134
0.13808322467616482
0.47645938087798256
0.14052959593474543
0.2919044192442081
0.4024915609095124
0.2563737645209251
0.443557643671188
0.19024474012988968
0.24212178723222866
0.16138134773987273
0.0765899844372222
0.08463453790464191
0.29407206263140406
0.12140473589791823
0.17794096470645557
0.059104543092234604
0.13537380853008127
0.16435120129212122
0.21543960536762494
0.06289757089293505
0.10954816618413672
0.12200457760382831
0.1568995931562519
0.1471306951593015
0.10611525638936786
0.2509574864876197
0.22217001060799904
0.14893041861725598
0.25602194983681187
0.1596797201184434
0.1097979577026288
0.09753500058944212
0.1381606976555665
0.3382768966009638
0.24972314030539736
0.1591970917888457
0.2848760633920804
0.17014674051348685
0.104511499365851
0.11803238212297608
0.0982152680883402
0.20364824106718982
0.13271197235157683
0.11645617329338356
0.15094948820470713
0.1979467107660293
0.1906578567579198
0.14827359803957701
0.12848360654570734
0.3179294140986511
0.49618413286957375
0.22953959767026136
0.21414631567606102
0.2126658753579884
0.13433301219386556
0.15480272199203415
0.10417640683027891
0.19487508396103864
0.25788780475493606
0.13082499423318364
0.20743536356793296
0.23653948408939585
0.21040794531220663
0.21370702580079512
0.0911765567073494
0.19652277317861205
0.21196559963047953
0.06256411789946689
0.12601451826633184
0.12250441647670371
0.15510791754109077
0.20908194378087663
0.3638417090340962
0.2093709705209661
0.22656809720071935
0.06742002711684726
0.09313670418053667
0.09978932590771787
0.2314051255225156
0.06921233695673867
0.2621526159963605
0.29769889330818106
0.13559061536425102
0.1691000509166352
0.14870907605837252
0.2178223798671825
0.21187221080966268
0.1619092906786068
0.06758675361358134
0.11918908735143229
0.22263937097116956
0.12045167939630418
0.18665346874991642
0.2276285371901209
0.19110604801409364
0.4115542847975403
0.25897477630398236
0.5881441252628067
0.480724192119407
0.30910092291793273
0.32350007127719066
0.22604679466765978
0.16777762367687293
0.11619958115833351
0.25139902245519624
0.09209554863349242
0.140245929814443
0.23271355514986417
0.06527342347139593
0.15912191272534465
0.21227713049413383
0.06364784012823844
0.18844543453847304
0.08176190899522234
0.14715165697085264
0.08511791906295221
0.19161294892682576
0.24431536445420382
0.22324425404527115
0.2845522908619637
0.3292417237574634
0.34478716162542716
0.15978358809753193
0.15053318573879088
0.35128220185674347
0.29686358585490896
0.17264074320373882
0.10670924047215188
0.2687948682834045
0.33911913136895777
0.11372831158474055
0.20561362289980037
0.1872315222300968
0.07117137329336429
0.1298111642127446
0.16185620566526937
0.09465136359163594
0.18947307127462912
0.08654348086163387
0.15044292779776106
0.12745297908123837
0.2712819775600378
0.21085367297555002
0.25962038432176443
0.16399903031620983
0.18603565137422856
0.3587164411702212
0.47928030034709945
0.12074492755064685
0.19055749935534996
0.14964757280917168
0.15131127159467841
0.18344689394559294
0.12010358153893189
0.14006264971797866
0.07763202504181022
0.10555097151072303
0.2522776933873631
0.10166037576848753
0.1758706491863029
0.21560778808857045
0.06708657412337911
0.2781044131189349
0.21750537331269
0.17581756417296696
0.06602369270669933
0.2707488761548588
0.18258157840811365
0.10591300705033012
0.17697526114587894
0.3053980817291892
0.25512657409881545
0.12312751783812477
0.07954937975425229
0.24635948686795853
0.09991085316790285
0.3380732932377961
0.24123632389847863
0.24488116652472688
0.21113164222558586
0.24538370233614046
0.07834061265293008
0.20224583668446078
0.10757051739218872
0.09361189144676388
0.1759237341996403
0.22890041584837315
0.21701239962168103
0.14105236223888565
0.15806430484620265
0.08665609667754287
0.25810087890008626
0.2578869947923528
0.1632131167525344
0.08598919069060643
0.22237312086973315
0.08021628574118858
0.06744086792893904
0.14715165697085264
0.1686005034097816
0.10293010217432201
0.16891651243912428
0.12518030588508172
0.14623832583398694
0.16822640726573956
0.20705077888460902
0.13830029391315088
0.2270345609302504
0.09447316836680072
0.14290745978070804
0.19648037791296633
0.1031750351795868
0.07761118422971844
0.24006561031849058
0.08657273342917575
0.24074053548442156
0.41072229064201027
0.14827359803957701
0.06004237963636386
0.16460224446271293
0.3447400537200005
0.29914287738188
0.07556878464472584
0.1082085689524923
0.1943952589203692
0.23092725083233004
0.20531036405925157
0.18616362820388294
0.3149296551089998
0.2668838909673175
0.1994820569916887
0.21190329345774808
0.05624935183566328
0.05385265844511076
0.1623174172343656
0.19738079526721417
0.1749557330283317
0.24607736651235482
0.1402396419453107
0.22199689344015258
0.2009798604948218
0.3552449092528653
0.12842108410943215
0.40472730611319435
0.33512087083012204
0.14574433270837042
0.23636383552086704
0.18622222678706768
0.189659989792822
0.08155009771506133
0.4072228358804679
0.24622795211447274
0.23746436965768264
0.23904181505762923
0.2965927605015234
0.2254237329403512
0.0646898807328266
0.19418497878765392
0.1483251455694094
0.1571989893087234
0.2215607502310354
0.21175611820228285
0.30332223560246463
0.31457670391361026
0.1590362370722297
0.2549793901071179
0.19017959497901119
0.06650303138480979
0.11790931905488863
0.16585797123205745
0.08880062037621331
0.05595758046637868
0.10038330999050189
0.265817688156961
0.13031214858608073
0.2441028547141746
0.26475148534660453
0.08653105180499221
0.09212693123980384
0.07166417958789381
0.055394878539901125
0.15688371452068023
0.20082170432811486
0.17969100215587894
0.12946989266699968
0.2920062946863376
0.20997180210309094
0.22230842430380687
0.11001864703240706
0.41970673655875973
0.06796188823123303
0.19867698113764787
0.21626407877027654
0.234298067575802
0.21919311566726254
0.3449033080682861
0.2702978073318702
0.23283816749532707
0.37525795928100864
0.1433639463792248
0.2619160318692705
0.10155727732315196
0.14417118316111993
0.06931794246089693
0.13518151618841914
0.14237400577049986
0.1384709296860233
0.2903467649259352
0.10151559569896856
0.288517047487945
0.19461888472418915
0.439291854526947
0.4703953523940803
0.4016893633766403
0.3834384075936822
0.2769710278387756
0.16293064169127153
0.18518610062376326
0.18723004905631768
0.06851010005833613
0.2807468188265891
0.19171546463706177
0.12331648598242774
0.07938597266408626
0.2689134415065106
0.2392557032866086
0.055499082600359864
0.0976882914154445
0.0843754389594722
0.12650158678266268
0.22341857335127918
0.2263014118566889
0.09799349845546078
0.3229261761866712
0.24086670277331512
0.3483817682839294
0.22226695084305834
0.07496440109406474
0.2778919033789057
0.22018057060031979
0.17059244965701215
0.18193402437419184
0.09974102849584406
0.15028367275775034
0.15866430571614998
0.16865995706324147
0.09807291045846202
0.10351659848300754
0.17393629218597062
0.11077803143922245
0.1699251276925319
0.14705680535763033
0.08452878048931134
0.13804190083900966
0.14013596175656437
0.2733477455051028
0.2462928491923106
0.11847012531127582
0.21205037976782198
0.1644042863054586
0.1539134671309829
0.17576571327383314
0.15838665356914594
0.12354029955968071
0.11166900756339862
0.21662211366162187
0.2740848538431735
0.15883347421285057
0.09538839694399079
0.40539774739675594
0.2950197278807525
0.33765310250471814
0.21271487995640712
0.34278420352955824
0.18561008856531333
0.10677032270785165
0.09955935989552495
0.08331291610499184
0.12934761458932248
0.050747377443438386
0.1008040530553366
0.23601578230460138
0.16859231055219961
0.12682982675325993
0.23766160471086129
0.21028333296674523
0.20091164174410905
0.10041300919464109
0.08832543310998595
0.11287556375515022
0.13100967032253336
0.10277258582091273
0.12624688007117318
0.11285697572896668
0.142384428210912
0.24984742750006333
0.1606266765412675
0.22550513665663083
0.39862567993169046
0.15040123393588836
0.12884812073198038
0.13311437351555214
0.10677032270785165
0.05602010290265387
0.1476348588378092
0.18245230014390634
0.20066135041479888
0.22911491756356367
0.14415993689168524
0.068232818788426
0.1427770636840701
0.14993995341098085
0.18866309102912768
0.17210161323935935
0.1110007542244167
0.12950889210938887
0.2092553598249306
0.16460224446271293
0.06304345657757748
0.17464969387954712
0.2528983975784719
0.11003555133574242
0.21442232769001932
0.17389652809190745
0.1968548558475595
0.10168379751836511
0.08624648882024187
0.13527150894466414
0.1467269768641549
0.11458671630944822
0.233302384600392
0.43252945109782065
0.16713773952860111
0.13738676030960068
0.2197044166090494
0.2240529971402712
0.1567716163265975
0.26592052135722927
0.18040467086943648
0.517016621320905
0.40145814198456936
0.14148700851915716
0.201351513975623
0.3561117386590121
0.3080682864631296
0.11469832638559713
0.07544373977217533
0.25742134102540504
0.16509011025413126
0.24216131330218052
0.15707022892912487
0.17341604405380875
0.19982999220797604
0.1456376321466679
0.21844410012808524
0.25255156549036395
0.07506860515452363
0.2485393230235102
0.12638995452174567
0.06691984762664505
0.22847789740351634
0.20457604306864105
0.2337649661706245
0.14367532075863423
0.10993140185925623
0.11499531842698915
0.10826801881669906
0.25888214769683754
0.107292168470171
0.17545418241017888
0.08580100075815385
0.05997985720008853
0.18666929350173908
0.1235307850169035
0.10201370169200073
0.2527567037300959
0.17663799969206603
0.16159078059858387
0.06462735829655127
0.23121059715236952
0.15597136209107568
0.131304227225379
0.21093171491745027
0.2079761989091175
0.22896705352402105
0.1341719813946934
0.1724911584855219
0.2979370478189455
0.1664215168122739
0.1625463108386541
0.19646763436115616
0.19838285397514646
0.1783294986353337
0.1506937618023101
0.14715165697085264
0.17385769576372803
0.09402268948615951
0.1979882411277188
0.13715251269045522
0.1513340728880311
0.08532581349192662
0.15681312939823122
0.36360416519090527
0.28218890938787555
0.1466843692435179
0.07094212436035488
0.23293703852384604
0.2213645056163255
0.3371112842671958
0.15897769346909763
0.2465112984345122
0.22636818417377705
0.22221386582972094
0.3129639056272485
0.2586812726208689
0.20100894044378934
0.28929659276050174
0.2423319402139261
0.18237016758330757
0.11116920602642544
0.05397770331766128
0.06314766063803623
0.15123920299782054
0.1467671297735578
0.18117253184736268
0.22514966657928911
0.39377003069818256
0.2579400798056887
0.2317026979501023
0.2944052510096393
0.46487060876024444
0.09227542726049984
0.21324392883816728
0.1813797512727261
0.15493728176821778
0.12013328074307109
0.07265107095187934
0.28602086199275034
0.25671912449893297
0.13495318360853276
0.12072726482585512
0.07415160942248615
0.12587677025164587
0.21563951839456724
0.19831372272627626
0.21028333296674523
0.21364038812514866
0.14499774799839607
0.10608555718522865
0.18697414812502774
0.23654129249675876
0.43074593538395556
0.42924541784499
0.5479204829954256
0.4803910037411718
0.5822154652366556
0.21729030319942244
0.1332900281767375
0.23495426903066133
0.22156789895275003
0.28058369341928135
0.18676393683926304
0.08432192572326555
0.1099464537233248
0.12550337041658552
0.13822984875333624
0.12591342627093866
0.15898988137394035
0.23553162853297463
0.215641663821601
0.12180795211013955
0.104511499365851
0.19912188502801875
0.31601690809106137
0.38827852263647866
0.34604944963627415
0.27704519124959504
0.18760550674080448
0.14606068595659413
0.1698252529513428
0.2545426389521055
0.23361904087270713
0.10575886593969744
0.10326413279200455
0.10253679549146479
0.3557785502807754
0.3619365573937251
0.19081345301465868
0.2532745921510574
0.2504910227580886
0.22057070639246507
0.10450631100391453
0.137319138219134
0.16636843179893648
0.21165406876682527
0.08850362833482114
0.08960249888797173
0.305504251755864
0.2843030661710394
0.10422490127089744
0.45748664494040514
0.21128974575935716
0.1868461712953734
0.2635520071849537
0.2692498406176955
0.269533186937735
0.18526779039630237
0.1401726177758573
0.26661333171442797
0.2526515304237488
0.14574433270837042
0.15566248380292683
0.18855796737390587
0.24567323907789015
0.1608805888220558
0.20374118483000223
0.18729235522904766
0.09022618217489496
0.14912271095891724
0.17268554838606925
0.22976670563178733
0.25182377627103386
0.23054821292366898
0.12919153800552757
0.36084153857051793
0.19498125398771343
0.17502964402395316
0.11959869506856548
0.2886021920894709
0.29864702132181126
0.2103678217782791
0.24343021685957725
0.12910244039310997
0.19328718973119652
0.15832645726608507
0.2351360950182877
0.17503249212335698
0.12574643032538024
0.15830733828244992
0.2392292555736998
0.1162426850008356
0.21450210712401424
0.2710915916979527
0.2080428233707775
0.18168479968326756
0.06016742450891438
0.16185620566526937
0.20947346262878205
0.3691017672577781
0.26115305086165197
0.2784308949538672
0.203698097384874
0.41969011544428475
0.43720337182120933
0.35984344849525907
0.25714810971883856
0.20798364216853588
0.1856517208852655
0.16753321054923742
0.24451662211587066
0.21341734488222125
0.20295457689097546
0.13881220123176835
0.2171141177303964
0.21203001652979103
0.08038301223792266
0.16508297531686825
0.1709478917375605
0.15816045101703402
0.14347165951221375
0.23575041087766938
0.4241178384075991
0.28459266565983016
0.14469452256619086
0.1893118103662852
0.22653538287171474
0.23631083091308422
0.17210161323935935
0.1372338203326978
0.23707498724102713
0.230813637990356
0.31365181834532346
0.24856299647712726
0.12496036976932459
0.16896959745246168
0.14516838377126845
0.1687041723857747
0.05210203022940291
0.17390380392434693
0.13266327370116412
0.15775079474094852
0.15707386145456712
0.15145154305116867
0.1139158788935664
0.26917900403768524
0.12797387063582033
0.3435302683792468
0.2766394069251407
0.11557642883035506
0.09589873016548238
0.20150944319052674
0.172086521049397
0.175990101384441
0.06339775038313741
0.19284731749968256
0.08918671003002292
0.15306856155149604
0.2370900332931924
0.13518619105822793
0.22960284232724332
0.13740445610557034
0.13027062272960724
0.11029796205218477
0.11581903083720062
0.17543923123443778
0.21117479412619902
0.23583073411568953
0.27356387198253795
0.17052380175033746
0.15710878989637694
0.28035593788699104
0.342451421038589
0.24741781191435444
0.2885173903803921
0.252146928054239
0.3323411253465546
0.257703478076079
0.07554794383263407
0.10338292960856135
0.2074055886883555
0.30343106119942265
0.06733666386848015
0.3590290165394029
0.23036644471261275
0.06789936579495771
0.18838762919045454
0.10878030520621053
0.14449740630398974
0.11231404311329139
0.13207208820330515
0.14132907888163748
0.2330319517385047
0.22512625900084107
0.3081255468644931
0.4411364608325335
0.39781908994933834
0.13763272305399052
0.22166499685092542
0.25408945724304116
0.2056085863221445
0.3534006117295935
0.13748977399200651
0.09757832335756586
0.22516870601212619
0.22193458726742116
0.2009891950583649
0.13893121685082915
0.2075097219656
0.09073106864526137
0.21143760812225992
0.05864604522621579
0.10857512914542083
0.08921640923416213
0.13133851712628053
0.12199123220660377
0.06343943200732083
0.17677866069589715
0.2805252106023688
0.6914325225160763
0.3023797754818249
0.09342936060736516
0.17063376980821593
0.3122785377272085
0.39942622782973736
0.13034980696695642
0.11700601358277632
0.23192842327043842
0.17266457452957587
0.17443735382619754
0.26677056031734764
0.1718132072750398
0.3938513848551394
0.4683295844490153
0.21257418531479216
0.064919129665836
0.23163256054991152
0.18202904090848238
0.09052317421628696
0.17578606332254423
0.14081717156302004
0.2570659488559899
0.21422661975447257
0.2648693784413176
0.1663328755376715
0.3279545887046212
0.17170224645293966
0.20785339223024088
0.24389389286900887
0.09156264636115902
0.13067870877900914
0.1833025510535181
0.10449583182809026
0.24174795019584291
0.16577265334562172
0.1839926562269028
0.19408372805671492
0.05891697578340876
0.17732285489738622
0.09963106043796541
0.20056357002072644
0.25034620203270597
0.06871215746653644
0.23149394347240898
0.12400731326771053
0.305518169582773
0.16483415659482253
0.07569382951727652
0.25162296321855737
0.3000895803954641
0.18302350432919878
0.07692343743069037
0.23549754573745288
0.20997531596454816
0.07625653144375408
0.2082895354393566
0.2070009512522306
0.2599535727000011
0.1863814818270784
0.11552062142463196
0.2701707161578241
0.08577130155401463
0.10282013411644338
0.11991428938614031
0.20291172234593738
0.12072480930728467
0.08918671003002292
0.06446063179981719
0.17758918061704046
0.23533041440456284
0.23731170112241193
0.1455243965926133
0.12179643617486637
0.24636639325244575
0.15513184663585652
0.22492528355850408
0.16466971137214415
0.21488813398918052
0.18792518640631115
0.17969277014658527
0.20604124409088412
0.21392523009902756
0.22561130668330562
0.2994970602819297
0.2686642168155877
0.07550626220845066
0.16532329533129844
0.1183359084870699
0.18365343408387722
0.08265288511939851
0.13907543610707562
0.15753550090663165
0.22572988401004213
0.07156734872310777
0.21526782678521675
0.07375563399274265
0.21385121655448583
0.2676205992774675
0.069274859393014
0.11172840597167702
0.14387487572443508
0.10087736509392232
0.14299277766714424
0.12811278742850976
0.10513518265277423
0.14573979895768555
0.2550950008031534
0.21732393048533533
0.09515625006200235
0.22660621945172496
0.21283788604871243
0.17109299798595173
0.1493630763859956
0.1375324329352247
0.19724751991591977
0.10866938794533916
0.2155556400811698
0.2301235328169713
0.2061821918018722
0.18829254230722034
0.13001890043173792
0.2177527459835673
0.20157044714724068
0.1665276868389472
0.06227234653018231
0.0885630267430997
0.15993915517740825
0.184151911266915
0.2564245238075666
0.1535721955852384
0.14556105261190622
0.1350407750748583
0.1449124301119597
0.1445711585662148
0.15691929942490604
0.10443299896532882
0.2040445628319418
0.20617696845265476
0.06971251644694104
0.18195662829771278
0.22543525671471493
0.25947439257632604
0.24892243628151983
0.3243010342130428
0.3798184289674897
0.232232299630737
0.1503245380943048
0.06471072154491837
0.26335209415801136
0.144131467859485
0.27819706124341215
0.2572214279984627
0.1957192314847432
0.22502737153659572
0.22897518478601125
0.22052740268842771
0.40143089891620054
0.11000471389784194
0.14772859148186843
0.06410633799425726
0.13311437351555214
0.14741708203753814
0.057020461883058454
0.11297385146056277
0.15975774235186654
0.4576751434440755
0.1757548460586622
0.1154164173641732
0.28093399136717145
0.2537994487653834
0.27987823771853465
0.14468130814887772
0.2315659228742636
0.1313751731455733
0.10733292375907512
0.24859711745833304
0.2177527459835673
0.30686406460296156
0.21313632854905226
0.24943007669739561
0.34191791374614405
0.2646766217608105
0.07140062222637371
0.07548542139635887
0.19052642706711906
0.14388861547472478
0.15936227815242157
0.2450267333550133
0.2696160356688559
0.15578808199461106
0.12607312157091147
0.21594429968647874
0.1505462712357344
0.31726197375665355
0.18457247622127185
0.16792453599210488
0.14601630909330743
0.06183468947625527
0.297513636041652
0.14661878784068405
0.13694688807808642
0.2725791598781617
0.26372458737692234
0.20246624086826456
0.16205437093569078
0.1825872312735207
0.1338804036365402
0.18885032230643845
0.14844968776310066
0.07010849187668451
0.17387785255706387
0.16026964967048402
0.13617085097824
0.2939387872801083
0.09249152406323591
0.2547165499554056
0.22983334330743524
0.1431050993192852
0.4200609194588094
0.3385762150649692
0.08785024584375872
0.1598389751584541
0.10253989119128674
0.10123312043413243
0.1516525431404229
0.08509303577066073
0.2535863414679349
0.11062953541852642
0.2571367854359986
0.06389792987333964
0.14149971465451003
0.10510548344863502
0.1458935858059766
0.21963777893340294
0.23743003833122353
0.3004026418178936
0.10795660704599833
0.34117738071849435
0.2265341992298118
0.13026070935453882
0.2035279411350096
0.16777762367687293
0.19922805505469354
0.1454144285347348
0.31060020486962137
0.09276245462042887
0.17479062322279015
0.15052773252107446
0.06815967349946807
0.11820793165741553
0.17632328976267767
0.059771449079170896
0.18425317316470263
0.2346312559540387
0.09131014405848858
0.07914837903097263
0.14249421703553972
0.07926717584752946
0.08128672172899512
0.18305369500305177
0.22959824651331984
0.3131970755421699
0.20709885197002467
0.1620062978502751
0.20763681008042797
0.17507437398624487
0.19788440459329928
0.2214984440583054
0.13610379963435099
0.15246700188095486
0.1423528935188724
0.11313151741445894
0.1452287910402612
0.17278996968187632
0.27194835431650966
0.2706665722178928
0.18654468115627768
0.10145248133951312
0.2266770560317352
0.17926453551444357
0.24481122051427395
0.22237073047653685
0.16814116049630154
0.2201435503095683
0.379723331129825
0.30486540544659735
0.4061694986756589
0.4698554530479852
0.4056102571367851
0.4499568289716171
0.23679979380379446
0.2307074679636812
0.23271355514986417
0.07962356629719987
0.19988788915769784
0.22177018455411593
0.23496444433227537
0.29860342457541733
0.1937142611534905
0.2302700791403011
0.2551437773329846
0.17293935580626615
0.11591599375530438
0.20918042076928559
0.1771012466707454
0.1339917406481205
0.13056874072113064
0.2714679945884763
0.22382828569462362
0.07836145346502185
0.3558497223984175
0.1958531110816956
0.3106892399234965
0.11012285109286582
0.187821544718405
0.2587945430763021
0.15835400334511013
0.35531208655124435
0.10564207649313716
0.1855237440556111
0.21807251773103853
0.317347878444429
0.20071032784126344
0.3281150386059359
0.21149069313559735
0.27633349861868645
0.3053056598427423
0.21994934920824885
0.09236647919068539
0.17029450132674162
0.26042003642953215
0.10424574208298922
0.284178453825578
0.3930414387489857
0.38956385183394177
0.25360741743173343
0.20757841769938054
0.24801909587016002
0.10211997924962952
0.14321506737716383
0.23981645884118574
0.1267562032661131
0.27574670182840455
0.10016094291300405
0.17976478672116467
0.20941583822005094
0.2665458069427362
0.3448499714746233
0.3369200880725983
0.26861231139760633
0.2838046167891923
0.24261528653396702
0.10768931420874553
0.24474038393426373
0.17942734507989977
0.18786209887585528
0.325923589555273
0.27168513568430186
0.21918802006949806
0.21219459902406898
0.1620062978502751
0.09337429781365028
0.2215768222710205
0.16143152555857168
0.12565683413588877
0.07608980494701985
0.09599278049465175
0.327640712565664
0.12243977103909669
0.3254441093409825
0.12377358301296944
0.1428234727054212
0.07769454747808555
0.11838102769885823
0.10676863888043028
0.22619232679418555
0.1160644897760004
0.10712502933010071
0.13324463012950866
0.23190357490436272
0.13731344827101497
0.1276291332499452
0.17774973677312172
0.35878911683841286
0.38649851875416813
0.47977615640716964
0.4831763122476447
0.12929639821728608
0.1323707008058319
0.11821566221944028
0.3413755203925333
0.14444318173656043
0.1686734614844535
0.30093574322307254
0.6334577447029506
0.0791742451366006
0.2443432060718167
0.2154983374108673
0.15814025473166324
0.09913594341665544
0.21032282284217751
0.1579660667367054
0.2616703265566344
0.19625529430780658
0.12755808177787153
0.10897660642781892
0.27098798248724004
0.24094230410254505
0.21282546771520952
0.3067332883541598
0.20349337056386196
0.2164232229791541
0.09432467234610471
0.14816932945047798
0.12657323461821005
0.1158696769846979
0.11321336617863709
0.24429723137801698
0.23925633544623925
0.1442725459636879
0.06629462326389216
0.15092734110571532
0.09836376410903622
0.08850362833482114
0.16435120129212122
0.21555571297017861
0.18498702683800475
0.1607414203851884
0.17443241881889995
0.2961677410214634
0.2809444405288911
0.1562772121804796
0.2203558903629179
0.25462255864822014
0.19153072812079136
0.1820868462564994
0.07721520879997495
0.17395958870616243
0.11692816336087189
0.11426972403267155
0.11518311265556622
0.18468808691730731
0.2701595649611277
0.18508137884972015
0.1423528935188724
0.1446566613440015
0.16711162198565713
0.10065742897816533
0.20405271569365652
0.11788575804580466
0.21317392439561758
0.1535154087984551
0.18311038234768467
0.095888576434193
0.28828913826806646
0.19601521941137212
0.2048394169554951
0.2517106752356204
0.193397157789075
0.39590564567542735
0.2665458069427362
0.09372169825021358
0.09387588518112874
0.10068952790302538
0.11253028448343545
0.1936490854309672
0.1851505297014507
0.17937947129222465
0.123369570995765
0.1395421101152986
0.1834535210569349
0.08300927556906892
0.07950476948064306
0.15838229108191573
0.12946081902397333
0.1276694570760822
0.17289962932821312
0.09082425909589502
0.24329415378818345
0.3184468488275657
0.10908517680328797
0.2330319517385047
0.23636383552086704
0.15127939162159004
0.12950571616163795
0.08890690438345294
0.33433492287394173
0.2997356875657161
0.3950556067153075
0.3883363279844972
0.23898873004429183
0.33794868089233326
0.2226662005650908
0.1362870797308152
0.21578736415095673
0.1326214778015302
0.2715874477580229
0.22116326151662508
0.10468969459068621
0.18745888266363367
0.09517998882307316
0.21248303753656161
0.18479548081764655
0.328260568063447
0.37255546797559996
0.13732011087261417
0.14438805999453505
0.11698516510431563
0.06660723544526853
0.16806715222572738
0.13001890043173792
0.33452113174929665
0.27503345410028396
0.2686101674864764
0.30993182943545405
0.14657343144135607
0.250941505868971
0.21526711601879484
0.2607494510165058
0.20821486356060684
0.24089519746488175
0.24136166119441277
0.1668817858692924
0.24028020646463033
0.399943330735993
0.24454778550870923
0.3567503668685129
0.40221010129631013
0.1777171574466948
0.28161081728536447
0.2167631749307582
0.10513518265277423
0.12461786056809046
0.3249266907915787
0.2156840175191278
0.26521093670629275
0.06731582305638852
0.23170645321243966
0.08130000796996015
0.14896502971768122
0.42594802273735066
0.07711100473951621
0.268416557507205
0.07615232738329518
0.24529328405760203
0.09078257747171145
0.1483835660974555
0.22969885271027354
0.10055691834274752
0.24642419860046275
0.27142367319335114
0.18969639504960917
0.3585892650931125
0.1505749649857527
0.299547313428946
0.08100823660067555
0.06452315423609252
0.07614875941291332
0.0553139331129102
0.07763927665698174
0.07734420070791292
0.048559092173803504
0.18272270508469676
0.1808312603016182
0.20854289154919645
0.13234520414890408
0.15383394047256135
0.11799463694132482
0.16952624684665563
0.22463158239770134
0.17272237987759437
0.17224586504377945
0.1767730944130372
0.18121976603623105
0.06879552071490357
0.28214391869054195
0.151908679336847
0.2164731036260497
0.2313428193497856
0.22690128557895456
0.1802370751199258
0.2516823687752357
0.11623623717762643
0.1625463108386541
0.08150841609087776
0.13266931340835883
0.1514392484243328
0.16812023723906477
0.22750102465977998
0.0966252668559518
0.13225863626503861
0.14936901927834736
0.14124376099520128
0.05716634756770076
0.18885117278436375
0.05741643731280194
0.21888158480360825
0.23694836013317339
0.2110310070395167
0.06821197797633423
0.19863207866606927
0.12550261094771437
0.15522057899811367
0.20952654764211948
0.1456652765974093
0.16305525403673293
0.06454399504818431
0.1742649346312306
0.19991302694181023
0.22906183255022625
0.08609799279954584
0.197041658724504
0.06427306449099134
0.1442850662506409
0.09316640338467587
0.1594673800650938
0.05618682939938794
0.19168253402747684
0.09765163539615158
0.0981281636469586
0.1254599520044962
0.13353787828385147
0.190196217326627
0.07639114420629871
0.12616999978004728
0.10114435437016678
0.15373419862467091
0.12229792929706201
0.08225610729315466
0.09704909582122709
0.23808174541333124
0.14087163311971107
0.04366150133223959
0.1921449768116203
0.34586156482915625
0.19850746632060787
0.19339836015667491
0.1860876956860526
0.14513442646403676
0.0739213191024731
0.16533257774314697
0.18899199546645892
0.11987163044292229
0.11612388818427878
0.09153294715701982
0.10216526223885397
0.28536183502647805
0.08721879860402042
0.19631459245685767
0.1853817510935217
0.18685204251494517
0.0740401159190299
0.09534273809250217
0.13094303264688603
0.06614012761800225
0.13907543610707562
0.12349764061646254
0.1865854918123564
0.06433558692726667
0.13686407417796218
0.11318645047035476
0.1460460334923248
0.09524534767441994
0.16530673153219147
0.21610598212409682
0.20861372812920667
0.1945153752143814
0.16306390572941562
0.22065594673089187
0.2149508971332707
0.24695143977948433
0.07425581348294488
0.20565134166849963
0.1661705626732773
0.12247382597922761
0.14849776084851635
0.10212551006418354
0.11580806276596799
0.05699277274312815
0.08118494306834646
0.0683259213572009
0.31546275651417727
0.141969934732052
0.12157683301582933
0.2542324856555923
0.31097258624353596
0.09526899414211641
0.20216759934830342
0.13080686541560763
0.17676473507283708
0.16085254380030323
0.1889656826706349
0.22970006795614087
0.191159133027431
0.10406601130376283
0.14479613327152155
0.20305581692996222
0.059833971515446234
0.11612626911974781
0.15711493591275116
0.035950400858287886
0.054141649145764845
0.04580810497769092
0.069274859393014
0.08075321050214786
0.0455371744204981
0.11519447894182884
0.2594882072525165
0.1161926474492921
0.18890787732261644
0.19218305656672757
0.08984390328677457
0.1590676589819557
0.15919227132741715
0.1936672097471137
0.19571485337603223
0.13138374244059373
0.20012742681161075
0.2023876895993043
0.19881899718426216
0.14582453163742104
0.19118349143201904
0.1763899274383241
0.0814863308880048
0.13408288371687
0.12098659340154104
0.0713404587566196
0.07283591592240746
0.0783452574909684
0.06868089858117615
0.045891468226058024
0.12641167070287163
0.08387555997402575
0.10922272079724583
0.0756343063257299
0.10469646525465755
0.06411639165683702
0.17885552143727376
0.10425896619435562
0.09613695915375657
0.20627612098887926
0.16099662436380527
0.05963600191151706
0.1753928840662678
0.039618383786437956
0.1053737514744379
0.23551733292275423
0.10715472853423991
0.2608136390514947
0.08902356736656532
0.044489407800524176
0.07993881961372873
0.051648331183625204
0.11681584540966476
0.11641601935578105
0.0963492992071056
0.10109769862882138
0.031115332452999446
0.12148473471700792
0.2079761989091175
0.06931653248277879
0.07516868567631968
0.1595972331752121
0.13185399882891308
0.16672746446947082
0.1209518829054277
0.11434511872843281
0.06058637644397164
0.05597374146018143
0.1360038041700301
0.0864715495118324
0.0978715715119087
0.07941567186822546
0.253149979805596
0.2054402068557464
0.17993755871026013
0.30033600414224715
0.13202942926008698
0.1979168926556623
0.31791457108450794
0.17638308422469332
0.1269530150171304
0.19713820216759892
0.18642224735784543
0.19701211817506642
0.18205863671965328
0.13508537001758822
0.21003045972940398
0.13085493850102317
0.16508297531686825
0.20135021198953526
0.23196574892814822
0.11297385146056277
0.09500775404130635
0.17098821943705625
0.14066184792578756
0.109798927089029
0.07968690593145157
0.1001183351540503
0.060115871640273454
0.10618403343486583
0.1213724244797689
0.06660723544526853
0.09451308283613671
0.06795177907049367
0.10465510694956913
0.09272091532258785
0.21265141318977085
0.10098733315180095
0.25009119670420543
0.1969143315376831
0.08900851480518772
0.14061377484037205
0.26230898719703616
0.26029748212476783
0.10570459892941247
0.10859709995364113
0.17465734787149576
0.150033263935977
0.13358443433502284
0.17405190288200612
0.10864517303905667
0.11913682226496698
0.15532683764802488
0.05185194048430173
0.2167631749307582
0.17345786970984492
0.17688722438299037
0.1029952933574836
0.07207996844584262
0.17553304526457494
0.05266473215588046
0.051914462920577054
0.17921654742509088
0.16856039482030225
0.1770914500247927
0.11402735522203951
0.060917693744217793
0.16143529354573005
0.2812212226393705
0.14955655871482654
0.06792020660704948
0.2633611655697191
0.13669974297156717
0.12289180587572972
0.20663030388892897
0.07311944059071467
0.19491520126826598
0.19968831904795703
0.048559092173803504
0.08277168193595533
0.10243255507610677
0.24516540341432363
0.13438096672758706
0.24714882765460133
0.12723304296548127
0.16162375305814974
0.29673443366154234
0.08431604055119378
0.17395958870616243
0.12844905790204755
0.2631520695645123
0.22520963587788026
0.3856322289707525
0.33059655251008885
0.22984214083328258
0.1663328755376715
0.1042442065285982
0.20037665150253361
0.11201028901814258
0.05164353236338409
0.2145734518425805
0.2162392574753927
0.1598430602383023
0.28773818800028395
0.26665607040674144
0.06688260772148229
0.09589214647009486
0.06825430914899488
0.09427626451204921
0.12701140978369707
0.1211472943267373
0.042160962861632775
0.14989020330098532
0.18137326881961327
0.29425535582834783
0.44561374737130804
0.2838234962931822
0.4020361954647482
0.1505007516735336
0.15813670250957693
0.23462418769967025
0.26628415188649207
0.08276929156325463
0.10740233661732587
0.10128620544746968
0.13565205071899142
0.09172344697279647
0.06339775038313741
0.10195487429131114
0.1058993975688596
0.3218814195650633
0.10416523712832146
0.051142029527705385
0.09350215113317042
0.12422369289054545
0.10067510599476749
0.15838665356914594
0.15570312565448852
0.07700680067905732
0.14617948277315093
0.20029553088215052
0.09965129135753256
0.10256024576756372
0.1312759453487336
0.048914589217265304
0.051648331183625204
0.05322454001321772
0.1190212115689312
0.06628862363869825
0.12012630102515116
0.07704205145192793
0.06608072920972384
0.18052146332845567
0.04476606437310292
0.0581213425004178
0.031886442500394484
0.07427291696696572
0.05259195544456992
0.07989857310107706
0.0473039160488636
0.1592406318622934
0.035721151925278624
0.0341372502063047
0.12623230595277812
0.16044485372246295
0.1234757410224395
0.11196221593272705
0.050013459770415734
0.06488115414834393
0.10722002011645776
0.054030972437660515
0.05846635077209523
0.10768371133074647
0.09576536406039597
0.09906681464211123
0.08089983457931929
0.12959683928024604
0.12191925971739213
0.0822073970573105
0.10314418091427348
0.06930861227350575
0.055764779081993704
0.0677197704894808
0.021736967011706868
0.02967731641866782
0.15095275200113292
0.32607996816917983
0.24781675531696365
0.26995097524376377
0.18552100304597366
0.13713588618068348
0.1355410322665476
0.05704130269515024
0.11190188622467402
0.13003298248936218
0.08398368022089905
0.14068144789969547
0.038409616685115736
0.09787680190598205
0.1482886910995127
0.10090540628715926
0.1383860031549398
0.12977261457816827
0.09767642454053688
0.110281925733671
0.12642029611522698
0.07350554424764148
0.14316072820004258
0.12023078662419502
0.16828897254612732
0.08868182355965636
0.07533953571171645
0.23261852844382166
0.20580087866380575
0.18983229732064238
0.11531221330371431
0.11455006029015528
0.15011682118457054
0.2483895804330733
0.11261938209585305
0.12035568982992054
0.17576447915962956
0.15933115291968483
0.25863292300591467
0.15027646500889058
0.10234360586563634
0.129893476792713
0.1032346425878548
0.15324197759555
0.05195614454476047
0.09937353704976906
0.17663799969206603
0.1818542168414009
0.2267680102276602
0.37243796919259303
0.23435629140062056
0.15657420422187163
0.18101989548001732
0.06291841170502682
0.29638025076149416
0.20889707444924613
0.08888971798863077
0.20157896883299214
0.23971877823038265
0.2310312884861313
0.2587691495611267
0.18509715462343085
0.23044361126429333
0.14008497090080133
0.15088468216249673
0.10062077295887241
0.09082016625767898
0.09281304084949539
0.1748311206828703
0.049517769530024396
0.14422434330475142
0.05212287104149454
0.15091283142866224
0.2500969773417831
0.13279729023801318
0.1557723257101129
0.07137978141428193
0.1802236202799578
0.24442711562327155
0.18872539720185766
0.15694924910910568
0.14768250710422515
0.0818213074035009
0.15435290784160938
0.320415044063422
0.27867875955688376
0.05806250248764646
0.09440424134170358
0.13563220907666934
0.22731458525182435
0.13869354049895563
0.08958378075805573
0.20255736754811507
0.056999621070966684
0.13339451544306682
0.252957427215414
0.22725694209676056
0.24872624154170306
0.24870723241481912
0.3395686413833376
0.13298803799445874
0.19595291323864067
0.10191221534809297
0.13470594544417885
0.05135176099409951
0.05311457195533923
0.09465057878031369
0.07017396159381037
0.10081252694328113
0.05483217661342357
0.05764615523419058
0.2635520071849537
0.1827440046196933
0.11429203371509555
0.1390296499302533
0.04693350883064602
0.11714145807696245
0.04743368832084839
0.1682713680802128
0.06041751425401557
0.18473780214708194
0.08507219495856895
0.15916043576955335
0.3839597332136931
0.1342709986697084
0.11465430871599566
0.12658496847772205
0.07081165481704889
0.05641361369169568
0.029864883727493675
0.02905209205591508
0.10896308101381019
0.06479893474832703
0.13083516327831707
0.07584130391690597
0.12575839659594115
0.11758330454200501
0.11800798464870288
0.1248123664873372
0.06263562152957651
0.10318254621201663
0.18885000954732056
0.12035073457334368
0.147127576680598
0.1030400702322005
0.2466926752461937
0.3160681694099769
0.32721602221079826
0.19746597593058207
0.17224663465710094
0.11900478991599514
0.09105042377697932
0.06903295065667493
0.21757201098833792
0.24093269053875893
0.30098462846213875
0.2740646599538332
0.11317724843501328
0.14085983050623818
0.282567117659559
0.07741751274649863
0.13728129205921943
0.054111949941625645
0.11950131047673021
0.03186560168830271
0.06057569936973297
0.12654494605416616
0.07234999355034533
0.09873812480728177
0.129893476792713
0.18818637228054552
0.14744015296937435
0.20529883914827368
0.11291822269836838
0.1739940975339891
0.04520372142702995
0.1539356417717644
0.13906737753534093
0.18258157840811365
0.11579636494611219
0.06871215746653644
0.25734940937585343
0.3184812637245868
0.21614011320344817
0.18056244244527941
0.1722745625841189
0.11876550250883301
0.05395686250556965
0.14031350098995868
0.0976882914154445
0.10835371577402941
0.15898961494505867
0.23881956007749142
0.21297707350904008
0.26531889665956654
0.24115100601204287
0.3019751380457
0.254583021778406
0.32561205869161874
0.23766160471086129
0.1248504017114461
0.17889649494652723
0.31911879294467743
0.31022881794287926
0.1140449438945347
0.211707895531378
0.2262800130508144
0.20143585643895937
0.20704325823606892
0.1599399454001886
0.15458161454533134
0.05053896932252076
0.17277041864418763
0.05460292768041417
0.08921640923416198
0.18565256435329433
0.25182404193525615
0.15625970900798006
0.18108721396092692
0.1779304521627864
0.14888234553184032
0.10226586493427196
0.3319222623990526
0.20399074736470824
0.203581026148347
0.05587421721801157
0.16026964967048402
0.20267858092161417
0.13298803799445874
0.17040289281256704
0.20110480575440037
0.06981672050739977
0.05870856766249112
0.1501430550235128
0.1809212893823388
0.16706065284770602
0.14025060523700994
0.17071891328263167
0.15619005034446437
0.18972229596555196
0.1006209036236155
0.11264908129999227
0.24049018913366885
0.16139645041768838
0.18006483919226468
0.17136689019407303
0.12469209102656999
0.18112404412869043
0.13079231990676135
0.09301790736397987
0.3199263834402307
0.35798852027508055
0.16783020259062942
0.09322580179295427
0.09649271424826654
0.232232299630737
0.17778931862691727
0.05339416057909209
0.13260546835314624
0.047475369945031806
0.14022919015704793
0.23956931359354025
0.08591979757471065
0.21725579089041538
0.15479589889141596
0.11835132849471902
0.16337587798823122
0.3937620253997198
0.17968018504217126
0.19060015829856855
0.313663539271701
0.18505449568021226
0.11223329244204344
0.24551958631437334
0.142873209854901
0.12750758127896603
0.23857760147340137
0.1416276914841644
0.26517507114265765
0.1969143315376831
0.06000069801218031
0.16448829600954296
0.16405157767490372
0.07876228937716302
0.16474524185111955
0.20634695756888805
0.05666616807749854
0.15453047382473042
0.1469113490298048
0.31134394513624564
0.2071091693239817
0.34199900828787977
0.2690373308776648
0.13633527023839145
0.06579444377368993
0.08705207210728622
0.06604453351879097
0.22810289836777986
0.2061916763799793
0.31446319137946865
0.16641253749389354
0.13742341632889346
0.2940426436211667
0.17518054401291963
0.2828415678517635
0.10501949527401434
0.18842530282637998
0.1422589614721416
0.15073442231412504
0.1025520994963648
0.16546134863217202
0.07923747664339024
0.06946242670183986
0.17582801944656462
0.29171750072601527
0.24302319105792236
0.14309301582203202
0.24941160944174307
0.19301205703189006
0.20967627682935427
0.22703123893178487
0.13163176528062334
0.28540990811189376
0.31452155994551995
0.11318366697449789
0.16683912692607378
0.21356697696499918
0.31632904629759145
0.1423955524620906
0.2462928491923106
0.07677244269983655
0.1107603887973392
0.11556769733889033
0.07118899232166659
0.14374034049015744
0.05979228989126268
0.18872539720185766
0.2044306195962222
0.18860078485639625
0.23177728979244844
0.13460463916343304
0.1110838881399891
0.20110505064815432
0.13724013623242923
0.2171141177303964
0.14393737939810375
0.08532581349192662
0.13573837910334385
0.13069349011829717
0.105410248691979
0.15733155220320474
0.16791513550974158
0.12410808219450953
0.04161910174724699
0.03617964979129729
0.05922021305356824
0.04470354193682758
0.05993299395290907
0.062101035855070895
0.1547449166440157
0.2108096621095136
0.062105620033448224
0.10880987993108485
0.0718382792803006
0.23476453130533306
0.12518231442199276
0.17319543812424754
0.05283488416363985
0.10056889468925068
0.10080308282442185
0.11662955075834498
0.1398832514956403
0.12506334863017862
0.11227833855009657
0.222338020046742
0.12386467138900437
0.09849472383988715
0.10935512747473147
0.03355370746773537
0.14491800748096667
0.11566384350972139
0.11950969034296233
0.20677670753348018
0.1749189831022759
0.09434635633940264
0.5370829496351922
0.2720287501430549
0.11407353203934825
0.14728388551867058
0.263751920211896
0.150267958584594
0.07439719697240443
0.138212587110886
0.11277945838479064
0.2757048143341779
0.14329139026967114
0.13827317696808572
0.09237090033293202
0.03019833672096182
0.031886442500394484
0.05464653561613126
0.12061537130751913
0.09701071094199189
0.1202805128568394
0.11674920773401744
0.11457019977155011
0.1018695564048748
0.1658992703832259
0.08289047875251213
0.11162570433481848
0.19489370830221636
0.07788211478691141
0.17041383369245897
0.0739640421136603
0.06714517662532377
0.05333163814281676
0.0915277677416738
0.11588864489622451
0.09401355862026668
0.06594417870783663
0.17445722697289184
0.10350135289959694
0.05425090855341749
0.03445107680147405
0.046360457661294
0.06455137621809386
0.06717077705244837
0.0463424543405534
0.06254308412558092
0.03900200452759215
0.0294714395114512
0.047863334290732626
0.04339057077504663
0.042911232096936175
0.07316008761907894
0.10068677513311425
0.046037353910700324
0.26781681842637955
0.060490381483296635
0.09411972864694118
0.12021436686767548
0.26861231139760633
0.24509337103065976
0.05862622897078421
0.13446041990718646
0.18983276289090326
0.1561946589218681
0.1270808245377915
0.058912000584226215
0.11248439649259209
0.06462637908405294
0.05784552700377313
0.07526256311935328
0.052427841215071755
0.11475525961606578
0.0249672928859299
0.08650820553112533
0.2407735354537083
0.4599332373174593
0.39757568819579286
0.10845558612552492
0.3631791457108453
0.05179541201876781
0.0632316332801657
0.11638793066129796
0.08199048886523015
0.10835043437901337
0.17931218955163897
0.2663507895621385
0.04791302699895884
0.1519109499130178
0.054373678747404765
0.10108935395690895
0.0800281774771965
0.06598223692200991
0.06729475100942131
0.04903454712382202
0.06205638059124318
0.04889032786757557
0.05907706567433107
0.06403806570460835
0.059750608267079126
0.15657541207271994
0.07114816641495747
0.07659208612376575
0.08336373223473512
0.10635663685162507
0.12176808103704767
0.09818238360846514
0.07211155395385857
0.15210049466489425
0.05818754736019713
0.09438515371362743
0.08079603845512269
0.10999121943069098
0.08162809903553903
0.03092776514417345
0.12607848232463525
0.0657159077630047
0.08878901455555041
0.08756190580051311
0.12522754646256865
0.05117180293281817
0.029194317668835304
0.21917131520387192
0.07008765106459275
0.10441822123436738
0.21124708681613852
0.284742788040786
0.06893680448584387
0.07840656469911575
0.036283853851756184
0.14863803734429537
0.08005674613558371
0.09167537388738109
0.09079695978838877
0.06726379540237923
0.0673577949877095
0.2912091804207692
0.0852325685498073
0.06420170954327337
0.06667477675158391
0.0817723182917856
0.06946560842541458
0.06476371627144285
0.10417592080604403
0.07426895789521791
0.07335498663476135
0.03880559211485922
0.10739527281825342
0.13119145009893174
0.06513774628339397
0.05850300679138816
0.04901512575762192
0.021966215944716275
0.1173944745846798
0.1341719813946934
0.038378852199613706
0.08407982639173012
0.0942805226172544
0.12485595136920803
0.12017731852928985
0.1075179473133618
0.3077924932905841
0.14168423679003828
0.08674091179306366
0.13053143187120936
0.07969866007413519
0.03720585958224251
0.08349700758602963
0.04300021476386675
0.04475066624330037
0.07936674282862677
0.09357512219310053
0.09835720925537085
0.06076457166880685
0.18131096264688326
0.08810092824147502
0.08124724924107732
0.11426952078844778
0.09946263466218665
0.07320853820313228
0.07950690584619097
0.1389996251584861
0.15715554681556063
0.04522456223912173
0.15549638616824854
0.09981434053442977
0.11383438407593688
0.058613387981699315
0.07196765828233084
0.022257987314000863
0.06268000976727284
0.06763030699165429
0.06883671894363014
0.21832082924902965
0.17752276792432853
0.0740104167148907
0.0418483506802564
0.18334813795148688
0.14654411826304692
0.21203001652979103
0.07019627694580714
0.07542667101693805
0.079983434096998
0.0963492992071056
0.06370816153097274
0.1085006382296668
0.07846529733577101
0.06774388464151926
0.23808174541333124
0.12660614298916342
0.28349308592553796
0.08442993504509144
0.03189694524550261
0.05096161280375835
0.0719686896990518
0.06042786836729839
0.05971292450252829
0.04504448103433464
0.03667982928149966
0.22582701707161534
0.26972342175201197
0.10722892326985736
0.10340520672876588
0.27179995749805214
0.153614854528457
0.040639583578934185
0.1176338832165007
0.06687816600246149
0.03119869570136641
0.09545305662371972
0.11041862854752675
0.12169724445703775
0.1661983914737811
0.1131828714191196
0.11532195225614515
0.045410083128839415
0.07729970375083348
0.116419970908124
0.065614274534201
0.025925970242150792
0.05601119244539399
0.06686973152936183
0.09855811837058169
0.03963922459852974
0.07905928141855505
0.17503459379831138
0.1177386832820161
0.039910155155722556
0.0697059738524921
0.12580576609761288
0.0424104635107801
0.12389317843734511
0.10708674476516324
0.1122001805028146
0.08124351435221491
0.2625518906974678
0.20008018149936055
0.19833014904953994
0.09431892345526724
0.12878090245802942
0.03908415264718943
0.09788876459388589
0.031073650828815892
0.03474806884286606
0.05674351786533129
0.07909892099330977
0.23009669589516699
0.19915215281805176
0.33496643415803634
0.17579750500187932
0.2481587041104348
0.07243635889551303
0.10922272079724583
0.04552677596171934
0.057220046116138325
0.054262175773450896
0.1234722233663123
0.05215180246843822
0.08736551571071349
0.11215450827438903
0.2037968406885314
0.11215450827438903
0.0314487854464676
0.05372586028781603
0.023633480912057157
0.06191813401517915
0.08262318591525933
0.05187085916333723
0.0374991077365852
0.07586597719062127
0.05674351786533129
0.09809567558643816
0.24551958631437334
0.37608005860363675
0.12947222693478433
0.21457331558421075
0.0699606668777198
0.059784497932213056
0.09907836650274314
0.15733155220320474
0.1202375552088673
0.20637688147959557
0.30400107630284623
0.19870535751001073
0.20919590210429254
0.29520490311740705
0.11863095287960986
0.09850031302256367
0.08057049115639776
0.06390309694074647
0.09882367298490174
0.09042732585334574
0.0487158496401973
0.17450530005830753
0.15293617624141062
0.16426187047052115
0.07060867136688674
0.05606178452683742
0.1536466150316749
0.04455765625218529
0.07761118422971844
0.13042211664395922
0.14674676467033843
0.06400178491997977
0.21908226898797903
0.12290763268892504
0.130986918608644
0.12138454067416735
0.13994075164455488
0.0606676039991166
0.21850493844739857
0.13555354110206105
0.09042547366657769
0.12353002871433019
0.033970523709570634
0.0820572294865789
0.02855191256571271
0.23994107118664718
0.1250122795142789
0.10153035639756088
0.09512655085786315
0.14704537727286573
0.10786874710128856
0.14474179433908732
0.15713616762729857
0.11774949391253649
0.1031133822707862
0.05062233257088773
0.16023234398243225
0.11191082690107007
0.09196995240575996
0.15017829415059866
0.26156131312426617
0.1724911584855219
0.08667577300416782
0.04168162418352232
0.0883843771194249
0.09607611835102858
0.041905577040413686
0.023508436039506496
0.07251412821868114
0.24537791315435287
0.13827317696808572
0.24653980929649824
0.27850616675041745
0.40218634497787864
0.23451629690876827
0.10503769294247618
0.40495715490846057
0.2558617269958203
0.26966194850367287
0.11983466952762654
0.12613251997918987
0.16279584160628155
0.17482467946447555
0.15673181312237933
0.1141255047764251
0.07071380505543937
0.0876445421292036
0.06123975893503406
0.1272447769693842
0.16143152555857168
0.06967433291056734
0.08834100649576775
0.04297375453321151
0.19713820216759892
0.08724132591698228
0.16228088577196859
0.14533901954414097
0.1070359317176831
0.21011048278882938
0.2243425556576119
0.18990921448374484
0.06145955485860356
0.1248504017114461
0.18573882268656744
0.24690336669406868
0.13456709395472313
0.1598317872695946
0.18922384658370484
0.06360615850405504
0.1623861654673248
0.13292487339646966
0.2120847205496919
0.10315003829007899
0.11744254767009535
0.10120726926755808
0.07638635304602692
0.13699867480250943
0.08666227767819067
0.07885138698958064
0.18234121298103673
0.3116090282896472
0.36206116973918795
0.27959306477661716
0.21378479846993015
0.24084437203371856
0.1786941033921861
0.21210772158526112
0.18145439078751632
0.05433199712322135
0.17246348611909595
0.13670964806241973
0.11612388818427878
0.24123632389847863
0.13928926741285613
0.1486419801047619
0.18064171255605072
0.17109275031901738
0.17346038488279025
0.15840567979834874
0.16439840976301162
0.1202129019886672
0.3069825130450826
0.25955374664611797
0.1864754983267704
0.09565932750118361
0.5635548229489641
0.5380992308517074
0.34386677997715653
0.37394279632803024
0.19805247223926684
0.2678121773670992
0.14827071766600655
0.12554605654259215
0.2377632267094602
0.1942911488143287
0.06145955485860356
0.18594602252603212
0.15173903854708282
0.13501555528535542
0.3130976836438341
0.14713598782917245
0.12809665120774724
0.11025757270146475
0.07782072895871996
0.10647672227243195
0.15906413177003462
0.21630761228311862
0.28218901138905506
0.24667013784158298
0.3395686413833376
0.284742788040786
0.42018707474237943
0.27211377836673445
0.24481122051427395
0.14387074172245642
0.11662530521803159
0.05987359554463066
0.11884781580568736
0.06311080879580373
0.13028041258814405
0.1336078101591574
0.06239739140273282
0.2108096621095136
0.07588146657566051
0.10374654990647227
0.09677189093312322
0.08790113426425349
0.11052932187815362
0.1576346170091457
0.35458442901148063
0.0749435602819731
0.2045052064886308
0.31477078463644426
0.3421498549181664
0.3742296521923916
0.3094325427428197
0.13897656491691604
0.08763723471247802
0.07781191484470859
0.1236154466980808
0.12841302199835916
0.1666213140501641
0.3179909673654712
0.12466973793291512
0.06485660722956067
0.1448442063569371
0.12965311136563532
0.08020337021275513
0.10542683648777515
0.050458947832503764
0.15095275200113292
0.05057774464906056
0.06062905591037341
0.280937876319331
0.1791302466013018
0.11859191979541264
0.13660723507690392
0.05810148066308186
0.14361572814469573
0.10521449643442614
0.06473453007117251
0.05699277274312815
0.07439719697240443
0.05039308363787847
0.08236607535103331
0.11418586368842105
0.10465510694956927
0.08280100878637436
0.13700706113078764
0.1603031805624425
0.0681435398654076
0.05060744385319976
0.16815575738417735
0.11708239611225382
0.12131011830703804
0.11092846284642002
0.09917477521220085
0.2666704192881991
0.06689900681455326
0.1374900202606618
0.10546033113027896
0.1372215571681884
0.13466033859885257
0.034926264067701274
0.07947024982689818
0.10370279434417805
0.12974925753646638
0.15510791754109077
0.1715084675692181
0.1295125516102177
0.05789577599091239
0.07661108032205582
0.13467667883659898
0.12249393558892493
0.06444727298206779
0.09387588518112874
0.10191082855562189
0.06444128191682982
0.055092023678219276
0.0995566874170217
0.10667988949493526
0.10894666005525257
0.0901185375599629
0.1771557526903377
0.09214331735114303
0.08835833099371071
0.1346527122488486
0.07188031932253529
0.1089835323813707
0.10329815690805239
0.11844403436141714
0.1048589013045367
0.08533521291375414
0.22445816635364738
0.10131499014303932
0.13420827875360222
0.09325244987481429
0.051393442618282915
0.20557722937182935
0.09127854305075021
0.047786019459975654
0.04437061098396738
0.06403334977346167
0.06215849944225681
0.07947864277112714
0.047991311120386994
0.026759602725821306
0.2320904934225556
0.1488342724464246
0.14885241114567932
0.08988055930606748
0.14802653296688206
0.31427233525459713
0.38966585098890894
0.11136098661167734
0.10064028159111449
0.1741457527828303
0.1903838393242513
0.11021961956094
0.09240982463727407
0.19918001250969045
0.35391269536265263
0.12435712575153876
0.057913448071443385
0.09530007914928414
0.0741412433130957
0.04580810497769092
0.12006800311680958
0.10598279981523963
0.10049985661492153
0.05604705349876713
0.06209529668208743
0.14854583393393203
0.21121792555770807
0.15058606955996937
0.15893085641874022
0.09719865942050161
0.1471048738176255
0.10989507325986006
0.10012601957853624
0.09342962347355706
0.05001794902022676
0.06590806727199815
0.0856097204145639
0.08530761643295802
0.1370112738352216
0.1083799674151732
0.08549613785544777
0.05128177099069666
0.060283649111051794
0.02632194567189427
0.057831921754860696
0.05857631882997386
0.06588416356195899
0.05429416998086449
0.07805487648575651
0.06499889854466197
0.19128311610115478
0.033432244609763156
0.06957370398668188
0.07990392612134034
0.051733681862962115
0.05396668760524181
0.04846212171294519
0.057969806579900175
0.08826302722061617
0.07295061381051943
0.12361558930559283
0.1399397352573294
0.2481724677271245
0.096827079514885
0.09343345916633473
0.019507001608539427
0.0724351558117317
0.06835730097622685
0.019465318680036352
0.06763724107987291
0.05959731393569748
0.0617909555838842
0.09006073224424621
0.0858579060405712
0.05310217700504159
0.0729682548384155
0.08087341220686807
0.06878231919086651
0.044745223561193086
0.18815640779863516
0.12133342548977474
0.13466033859892979
0.09810866331377391
0.08984550107795687
0.10047414888170611
0.08638436001669952
0.03701328227496855
0.0942227172692374
0.04801938527363343
0.05483740486210316
0.03474806884286606
0.08436826490422317
0.05857631882997386
0.031990646560853375
0.11388378768118482
0.08059452769910559
0.10187059241500111
0.08303897477320814
0.09370036877860458
0.13835281601020338
0.12119308544893782
0.09969365504735228
0.04422420325871714
0.042077599613265806
0.1272182344627155
0.08182539906646372
0.06909659636702166
0.2815754055394201
0.18134164482538756
0.14882765460083622
0.14840210366647125
0.0367006700935913
0.11141819368223575
0.07638933419230036
0.05729096074193764
0.07030688742018602
0.06030908097461966
0.05650067173751627
0.06680389957489845
0.05859113946755527
0.14260579356024922
0.05889352180803702
0.11433182696117863
0.10285221334091853
0.18725186856882975
0.16988991782471546
0.1956789686193946
0.28311924888915224
0.11917585494212242
0.12322093295842071
0.05414651389560463
0.14550234091877717
0.0977102850270202
0.07029189102309195
0.22091055853826563
0.1413973661326448
0.11098633229879214
0.16959693985974417
0.07154521845578406
0.07620593616485284
0.12381327491961809
0.08103066264282241
0.12569024225001943
0.16493589289509172
0.14119257026333953
0.16487493708647588
0.05841679629320653
0.12184072261165231
0.11516869072994167
0.20196925692427653
0.22982928384217585
0.23611152232141336
0.29570509578079246
0.24128688451763552
0.12062925745219577
0.18542562848620991
0.1885726063041125
0.2543090648934218
0.15261281696008408
0.1965502585535172
0.06994459566823401
0.04304878145674179
0.11880541016325628
0.06483716692519254
0.10541091098377393
0.13497201955089613
0.07537210686995754
0.04033113955997622
0.12071001182756881
0.073641942759335
0.07559338429551024
0.14848206887724702
0.15955939647233802
0.06210353595223895
0.29129993532447784
0.19902959376055704
0.1477886771308999
0.24297899985859447
0.1828171365266502
0.3673160019834244
0.17448876415863793
0.31257349295176073
0.27959906495714437
0.3306931270778215
0.15199627963962997
0.17754859002364198
0.1254250166178192
0.1161020667792291
0.11628597176690067
0.0379099419333314
0.06938984452136449
0.11710553942196975
0.15484898390475335
0.3292567553731621
0.2572880656741106
0.18110415534019558
0.175990101384441
0.18176975705241738
0.24913225189487906
0.1068522962386569
0.2768795423144075
0.12008511920337563
0.17546676176661816
0.2686642168155877
0.19773730115880528
0.25146985903520647
0.2796628178791527
0.068232818788426
0.0899538713446532
0.09037740058116217
0.1360074959960785
0.05396356317092414
0.0700905585358162
0.10081252694328113
0.11000154795638183
0.028327873835726283
0.1795866001199105
0.1392166247729643
0.1310678672450857
0.18427446051535137
0.38023457724332366
0.22938072706011398
0.21440003579852654
0.15327358298271104
0.18868686025588433
0.1872315222300968
0.13474752692051545
0.3352695154649061
0.179541182496378
0.15395528102996905
0.1268676971306942
0.158039821481038
0.10536758974876084
0.13426980223506255
0.09761280725366588
0.03682571496614196
0.0702347777920628
0.07769038773610652
0.09409239801394549
0.12156464688172036
0.2045776642371193
0.378621520153007
0.11888591416922464
0.18648765185375318
0.0599173347638132
0.24498044327744886
0.23628788648517698
0.2111556193849781
0.08167514258761184
0.10109609088984271
0.35038089855334653
0.20774905347225353
0.26751423292084214
0.21138452310892253
0.11893281331797624
0.03280343823243197
0.037826073946546405
0.14670255720053807
0.049558938083932726
0.05801616277664566
0.04782966375059173
0.04982564567876628
0.047479403801769536
0.1134173239516539
0.197635179902375
0.36220831068038967
0.09242392328119585
0.08638436001669658
0.042536097479284475
0.10935512747473147
0.4080187008571228
0.2135887185011193
0.22077061941940587
0.1629709909453518
0.24362734216642012
0.07794463722318658
0.09901714660009864
0.18006483919226468
0.15798099969165105
0.19364791586008742
0.1495349441524742
0.10696323581497487
0.08461751125957374
0.05434749365988724
0.05256473166594649
0.08907665237990257
0.10242969469434025
0.03970174703480492
0.20563859176879012
0.08480370063400787
0.05834721870939358
0.028215854470733073
0.23538995537295415
0.12759960315840982
0.19701211817506642
0.24849189248867
0.16118681694967313
0.11818055807091854
0.08067738870871888
0.11790769663288961
0.3235672419475254
0.3375197014238161
0.23016535170332858
0.3403249100550986
0.23956723830310955
0.09545280705645875
0.09864134791705857
0.13616305921004185
0.11636234923524823
0.20429269674860157
0.04345309321132195
0.06364539447030935
0.15751000466368428
0.30920167174328894
0.14041783717014591
0.11189432012066558
0.14934525944955968
0.5710136714599423
0.45992855555391965
0.360500325573253
0.45087051342942985
0.41813672519698614
0.34430033071346133
0.6682876284353634
0.4894687144847302
0.32600816383601705
0.2161400622036548
0.41414963085463363
0.39105317934134054
0.28348698469527245
0.1639396068483932
0.104787603197375
0.14418963609582444
0.2774078651380767
0.09757668221362568
0.44903308068286535
0.400880088504389
0.16918571256091644
0.1440516931782529
0.23441524337777367
0.21410780868953513
0.4622299355387126
0.21927447460886212
0.13635309719155644
0.25603683888405826
0.2325833773753311
0.37561424558556034
0.49929947403972813
0.5307970483591452
0.729028830488065
0.3370520973977525
0.18754646801375885
0.19117674696445583
0.15943902151617953
0.2533608403626153
0.14589571875313748
0.15068525160295151
0.14076760871370164
0.07825443298638275
0.23142310689239873
0.13753338438677207
0.1626981801153748
0.44997995111082506
0.247180367733124
0.5782550941967525
0.25143829873737295
0.2413483336592835
0.17307306898343053
0.2307855776723096
0.15221397998155844
0.28274541185276797
0.24837801936346934
0.0776091001485093
0.20815487115637685
0.3880640362683295
0.06486911171681577
0.12210269317322996
0.15554566249585777
0.0934471899832617
0.0527022456176456
0.10254356770772122
0.09444789930995653
0.09684803787809007
0.05810626819303929
0.1687899720377855
0.2598056678893237
0.19399669935615838
0.6035134943684929
0.566693457471951
0.35253329547675416
0.2796744303986555
0.14021698375336888
0.2803085795324211
0.45785824003376696
0.6621119452312768
0.6688090316338284
0.2999025633976587
0.5010413186327044
0.36628936825045677
0.2707070255132978
0.23655228930254718
0.24417248159667468
0.05912538390432638
0.08449423577602899
0.12849935731566298
0.08306867397734734
0.12503809516574615
0.16039688528297985
0.13694688807808655
0.26743644260498356
0.26999046596486836
0.5373662959552317
0.22964576769693618
0.3676418502514694
0.24367944155050153
0.24070146914668794
0.08013292249282161
0.2322891487277537
0.5996724431497843
0.6413743005698463
0.49621266845557027
0.10414987434736717
0.1658318312808518
0.195860005997363
0.13756522861257559
0.20270023335969653
0.2004727834172478
0.1288641356733023
0.13677273531567266
0.20700573776298145
0.12777345372588889
0.1946479228474079
0.3457161493588302
0.46887297669902056
0.3331279534846352
0.48274691263479225
0.25958663625879647
0.42073124526836125
0.34616737757107174
0.344567744240728
0.4363677604171164
0.37954651601954753
0.6617931516321943
0.46324199619422846
0.4689433336112343
0.2234944694140613
0.14718183091284961
0.18191216069370347
0.06401750403271615
0.05673012331960513
0.20573776298080357
0.12798265865477182
0.10593589575633562
0.13881200137557057
0.15240089849975133
0.05772279725055076
0.1741380721106949
0.33887704286602355
0.17842984854790964
0.3402654005727809
0.37442377192688236
0.24183445396783923
0.1411484375919702
0.18294714388523753
0.34730890170600753
0.260015703827176
0.3646680162121211
0.3049787101238246
0.22745780364349416
0.21549861164255915
0.18173321245009078
0.08801908578834393
0.09046674572842242
0.042077599613265806
0.13582745655333472
0.0732880644487333
0.09981044207669428
0.11956506339873914
0.10157842948297642
0.1756909458665566
0.1610890535889847
0.10349207418377293
0.16810221347580226
0.3034878317466439
0.3504876655805059
0.20090546117039138
0.15208888826014627
0.2541827499889477
0.25773571411858864
0.24876860240819054
0.23845069490633578
0.268277828004446
0.34412945322723854
0.26856790881832876
0.29941205638591856
0.47629278668886416
0.20036865064553813
0.22307915154711877
0.14398610178227017
0.09738843834318223
0.042715994073362094
0.10189858523055055
0.05300680306006011
0.14613080442503337
0.21388924407610754
0.20868755022305124
0.27317547863347946
0.07066925624923057
0.0651598410454958
0.0961261616920391
0.26533706719175737
0.19939221397338588
0.20490897499468794
0.14893547916821318
0.25041439399305776
0.25510534009347985
0.2495798361081168
0.19622260701471606
0.13993839733272675
0.06186595069439286
0.12435065004430446
0.12001926504836677
0.15964710638835347
0.10608047393213915
0.10675636185322543
0.051020634030786466
0.10364246001218425
0.0895424508096027
0.07278630828409344
0.051231812351380634
0.16270403258987173
0.11818375617821585
0.042393453924882626
0.0908100583499018
0.12353002871433019
0.11595752812398061
0.10983289259476672
0.11199263299567906
0.24821137635475043
0.08226910573222714
0.2205638514673426
0.07569382951727652
0.17387785255706387
0.1425858790723076
0.06546765045702958
0.059466406658988044
0.053264978640387074
0.07381622265551838
0.10056685421420494
0.1098229355655771
0.10821048187464705
0.11168429340766851
0.0977378406434528
0.10637240782534393
0.12458655693064234
0.1343868153201814
0.0807521360544895
0.11707426271673338
0.13786177963683377
0.110699957651026
0.17289788843941742
0.10431868492531038
0.40640716866189736
0.16655977023735508
0.4967769356095491
0.15450689652545563
0.12323753686256066
0.1214230639075647
0.09955530873529178
0.053071127991669756
0.07874629344586441
0.1017469119431228
0.09387367073542814
0.09983392495818506
0.14916760376884777
0.10729824020237473
0.14997301388770679
0.07988283274772043
0.07279885431559957
0.07383222149005549
0.1201926791513495
0.15543858082023154
0.05131007936991595
0.10288857119938521
0.09138345609707428
0.1576094045982907
0.2161102063430044
0.31367120948284943
0.5023730254303325
0.24421127391079947
0.0718382792803006
0.08787994504789791
0.06391877068543142
0.20004630229310463
0.22554367075157586
0.11688550441765372
0.053289956518633205
0.1489643818422224
0.1482886910995127
0.22044343699086263
0.3283343767418784
0.5255084188310606
0.589325523042862
0.40798081904185163
0.43427773219326016
0.45169471056414956
0.4838168115556813
0.33286108946660087
0.23949580627628858
0.10220334249799663
0.20703155201526763
0.23123154084861172
0.11745881694916581
0.11458671630944822
0.16612507943519494
0.1951508549085531
0.11652160427526
0.09157922771655003
0.11790181462202852
0.09838470232652788
0.05227059928499502
0.10381840504021383
0.0932703684335453
0.049496928717932764
0.06913325238631458
0.09743302631019019
0.1425479882122313
0.09038660204196798
0.13170391808971302
0.18569137665369514
0.09303297696525252
0.16104483614196446
0.28433803215980746
0.1576346170091457
0.19564821570038576
0.1391829052549503
0.11698516510431563
0.23116609682038047
0.0585001595415735
0.09198828041540628
0.07031260315926931
0.08008537824590613
0.08251284337467353
0.09090470601436493
0.048320605134481276
0.10137214303315396
0.09968996276831622
0.11795197799810682
0.07059500823888257
0.09427898368695294
0.08460863033130082
0.0552039650550317
0.11891493219255377
0.05048450257107731
0.09820231649547013
0.16464485753429262
0.06271822244108863
0.10855212111774526
0.13390404305654197
0.08946660055252542
0.04120541162722558
0.11544414535666221
0.1428298915411274
0.102605036247567
0.07325968920814677
0.08283710519894641
0.0979651966268363
0.14354096073741873
0.13636041651909053
0.11365020896791114
0.10301702599324943
0.14070269887369855
0.1559414873479867
0.10713821318914113
0.0871374649444179
0.1021511054301144
0.12264761481437841
0.15696504498714559
0.10196767197427657
0.11559654119013973
0.11615418898095971
0.05051187626680144
0.13604096367936613
0.1774194795270747
0.149494033184358
0.20289256401418929
0.1836104498342316
0.19987249415598157
0.11478410604661755
0.16524477618631847
0.11751827252046479
0.10306693551598069
0.09751716950052511
0.10202643925165782
0.13277888439720004
0.06245991383900815
0.10937753041126433
0.239785919829062
0.15203022598857416
0.14475462018746343
0.26388141370187956
0.04925725937887739
0.08697092048594582
0.18722108096621043
0.1330663004301366
0.06621437562835025
0.13633558550338795
0.18065865499149383
0.21956558074367227
0.20663030388892897
0.17694217028290346
0.12676701184934894
0.04193171392862337
0.06554614353521823
0.04928582926900531
0.0522780240860299
0.07685083617237261
0.11335068627600672
0.09066583909365522
0.13682435531702902
0.07882876948927327
0.1637699301956294
0.1665877873191901
0.1228267332366327
0.10155163051415594
0.17142542060260235
0.13490844050555414
0.1795049009415205
0.17914916010944623
0.17810552824780237
0.3065523836509174
0.1862687840594836
0.32205851101508887
0.14219505542896546
0.17841950830601624
0.1602075220317103
0.09971903488426835
0.06605993976682638
0.1601898420344267
0.15118592813149845
0.08910346381765108
0.054168378429490044
0.08632037160186941
0.09729992488099583
0.1339234863389716
0.27053340199751347
0.2704186441878585
0.20300770800430484
0.2894025366860594
0.2685365053233701
0.13851708810523689
0.23244334789980856
0.11416596863866744
0.13752513468698765
0.48955829099840226
0.7446522233932019
0.3504944092687326
0.2868389274011875
0.18552711044690012
0.28866449826220236
0.07434542897493954
0.07714643412007222
0.15048539580843212
0.14730074102166915
0.07687638991432375
0.10828188099107801
0.18385334711081802
0.10221164419618216
0.13656882031370535
0.278383979761605
0.07775915399557001
0.1946070999076538
0.1481564419420662
0.21375543267736408
0.15842251742913885
0.13082899845810994
0.2590005294250264
0.1812535838394776
0.31171105537523564
0.2740262522790281
0.11561023691662661
0.2332862379835534
0.08851718119733701
0.12111148774357541
0.18499948807255134
0.13599286174699735
0.1412730160500144
0.16166582638483376
0.1529574272154149
0.10307830974794044
0.07200341869694463
0.08476704461471493
0.14472567186133997
0.2925054898349503
0.1084431674759665
0.318017881949235
0.14759141174605722
0.09606801562907585
0.16137451629983235
0.1622141207048658
0.2595310618403339
0.2202614980875448
0.28667693135208633
0.1941134079038725
0.41775042692605524
0.7291067507260756
0.26445368664725716
0.16060926920043606
0.10154117284177948
0.11375051232989028
0.09252717824682377
0.11960053504882043
0.1595948147623431
0.05589390218997771
0.09855811837058169
0.07184579781398537
0.11143341199315634
0.1406465357901475
0.1894483668316793
0.12283432065033933
0.08394679110561384
0.33813238323091904
0.11201797321203416
0.4901802790961263
0.5436309059998591
0.2566391254785261
0.2566983222446325
0.24356916779568055
0.29079469459199914
0.33126629777939987
0.32019436796227985
0.2283218461528918
0.126202517562186
0.16406639856727048
0.11497441814787893
0.2310291406748073
0.19008798269740917
0.07175667905473376
0.1694963962045976
0.23064939819120972
0.2347160906690366
0.34995161874865344
0.17390184804913109
0.2530107185916013
0.3021233617649443
0.37095421119653216
0.14357859797576059
0.4838761401598407
0.15354051273162986
0.34742748015226776
0.473080848970455
0.2367115663602153
0.3013555722953529
0.4410497978829199
0.39153502857240124
0.24086263097147695
0.1149448297677505
0.22204768334129868
0.08993512997433067
0.1877347290554374
0.07702785585543362
0.12589933911964288
0.09825279411255432
0.19819289729461723
0.19308290879386328
0.41207055323369074
0.2358651394327118
0.23088541463361972
0.4052206559467318
0.3631439592374478
0.46300340018049807
0.37343204626257387
0.47478677521923524
0.31020156326574094
0.17845362169812287
0.6703548912658496
0.38451918237950605
0.5540189715638398
0.7220991808489491
0.4364547399798664
0.33649649188201114
0.37167953531203507
0.31807301179118147
0.14628639891940245
0.12737960444931168
0.11415533205169387
0.18594602252603212
0.07953446868478226
0.12912862112125462
0.31050405869879144
0.14621913763579614
0.5856780236703419
0.34438564859989707
0.45531015939357916
0.49791032088970844
0.2705003589461097
0.20415232925287213
0.5810805316441959
0.5071710511336491
0.4327749789478449
0.5701014804876202
0.2842365386623454
0.2770828498346511
0.45328327548346015
0.2812808234552793
0.15950649740866862
0.19626444410229496
0.06004237963636386
0.16012686391838146
0.10157842948297642
0.10570886129450575
0.14492415777204434
0.14046699568358556
0.35983829141165424
0.3603007341957976
0.21918802006949806
0.28699631993060526
0.43047938468136526
0.2641015174633914
0.26752315062700976
0.19925900440932817
0.47030431147393126
0.189588867598751
0.44789693681632414
0.18852598618207075
0.2198335090383715
0.25256203199977145
0.2617239777509475
0.2730070520746912
0.23914798508430404
0.2007793167252259
0.11688550441765372
0.08654486155041811
0.15844445891716438
0.19676313860569042
0.0658361253978735
0.27116488755213997
0.45261587498044203
0.3377134250439702
0.13267260977615142
0.34784866687875043
0.340693956339732
0.46872933745446704
0.2539529016608627
0.3103665153525587
0.6773393780548285
0.3704823869928324
0.21801573529191332
0.9363179145710859
0.3922927184720775
0.46981826376579733
0.3629422888997801
0.15063738979924904
0.43238648438053406
0.20926214081372288
0.19071919472924628
0.14902218719024088
0.16062531330022864
0.14889849118084647
0.06420967934895418
0.1333547389426298
0.19723241468843855
0.6330263661444218
0.2528532210820778
0.21451653889582023
0.1597031430591657
0.3562021758713173
0.6148658331973623
0.49822429456659384
0.5318352893408643
0.2232676199390375
0.5731978309458584
0.6264078770276975
0.13138047942646225
0.2857318352526594
0.17089981865214485
0.15748742782121597
0.06577360296159816
0.06666975788154386
0.13196447384401983
0.1607566728378814
0.16166300112027715
0.14656088404051906
0.1399467475514241
0.09783491549261593
0.06814945554005888
0.1587854011274349
0.22690128557895456
0.14295847524211377
0.3284781426372388
0.2659883816040271
0.36099439837201347
0.3056378888637807
0.3735592388542163
0.29295294962908647
0.5512896040470601
0.7299081294224832
0.520126960678359
0.27517673683142296
0.20133008172016378
0.18941076510189772
0.1504095155426711
0.1919831435397853
0.1564415343048709
0.08392995089738417
0.10059610027408555
0.04161910174724699
0.1446566613440015
0.1566377182454514
0.17000552852075096
0.13071357343952578
0.07636073550421281
0.22916210330420414
0.3844290857495755
0.18282830068092598
0.18588731870726344
0.22767053582788904
0.43234253257962774
0.24884963148237133
0.21593165408273704
0.6683601065318606
0.5381227801996856
0.39790108942388336
0.3398638006187757
0.4281362895799392
0.27607834213366494
0.13002445892883532
0.0842566421429154
0.08573842912597546
0.07962356629719987
0.13139155604476954
0.2032436036310649
0.13336035657517947
0.38657534344262046
0.7296675888514231
0.6855564213359788
0.22974127520073154
0.1751576208536075
0.32254454103712044
0.1431798631550916
0.29621437442184567
0.3292567553731621
0.29828468994199836
0.4340111814906714
0.24953271317757264
0.3590670302131476
0.09303338517762168
0.2771127009987961
0.15006268345456317
0.16249911454274943
0.08247468989456332
0.15145154305116867
0.07222846446653863
0.1378212540807232
0.09299632094595973
0.16512816025393534
0.1728373231554817
0.12521184465087462
0.3942951268048972
0.3150811078841118
0.2902737151195092
0.15452495913626615
0.1342356706830334
0.4600064732721426
0.6484380534107814
0.5216272781029908
0.36505729613748966
0.6048751616596868
0.5548157302761534
0.3492585518222722
0.33056415099722564
0.15176279365220474
0.3643471085570527
0.3069997717069733
0.22187888477961848
0.18499634258308742
0.32407735354537165
0.17512745899958226
0.23732421193194997
0.15193919996886243
0.42521500830523085
0.4372097899217394
0.5924470118358304
0.7022030176383085
0.1477196761064031
0.265722557305681
0.47675650478182646
0.1755213194368121
0.42937812507723194
0.4274658755147312
0.5326019388126124
0.25695751421237295
0.276789601680308
0.3821670698370943
0.3030572241630369
0.29621437442184567
0.3315224363451695
0.1458776166507583
0.17999574980519906
0.14189624065046472
0.04997626739604321
0.14160232343982437
0.10691454196409825
0.09570886637363052
0.1518006251244815
0.1931095841141106
0.20140454060151955
0.12349764061646254
0.10211997924962952
0.2274337671007863
0.35751953623516086
0.6565810181525535
0.3429822711719615
0.39199302923132096
0.46122887183511563
0.39323783869888684
0.5674198081365055
0.27847758132789896
0.11743065316640364
0.19317135368704355
0.17295360126966536
0.046996031266921354
0.0671538273445006
0.10162136772407755
0.06403334977346167
0.0871704648110482
0.09202611404455484
0.06766701161460055
0.12437818624917275
0.07056530903474337
0.18747927374724052
0.14099835952369616
0.34347937792257816
0.36257559319679744
0.3233974485365812
0.15259900831613338
0.39844797461402576
0.15049150411460674
0.46779648304383775
0.4018909940736782
0.6716605420389677
0.3718432388579367
0.10514189700293493
0.08986558173967397
0.09869045535456743
0.13372114859652842
0.10681839579326718
0.1087318596217385
0.06894997228985024
0.08250239618384762
0.060616075648110834
0.09734799796641151
0.05985481232753801
0.18898444813565815
0.21829988087183966
0.2449342515380643
0.21279479765738055
0.35700582935877534
0.4116209224731882
0.5021384206205124
0.37315827640120997
0.20455257068063495
0.6679094230125888
0.2947349018774385
0.4238166008720408
0.5362117197195452
0.1931526464664416
0.3461346652718396
0.3648026413393466
0.21320939820417265
0.18123553201647907
0.11300547174966268
0.21277409834173447
0.097740080822113
0.06133450998605305
0.162779860018509
0.06076457166880685
0.260961960756535
0.433411442409846
0.3366583468564626
0.5674198081365055
0.16232908538272703
0.19845008205814668
0.2244665848840863
0.4917826213648946
0.4734121489415806
0.3733937299882194
0.2949724955105518
0.5000162603551505
0.2669364468031454
0.32035904120897035
0.5956741826109486
0.13836859208454103
0.13177838935779462
0.1273796670426527
0.14748822605479
0.17464420216467744
0.07231756207895623
0.16673131822785442
0.2124349644511474
0.30050267108107115
0.2589486950590978
0.39816011199244006
0.317624407172542
0.27975873924302863
0.17604233973910582
0.4222259092044398
0.3877575069615185
0.5551462775377207
0.3224630017191984
0.5407770308665483
0.4872990837912046
0.8129914287738188
0.3280899322905741
0.6110674856854675
0.2707780145162804
0.48700148756818107
0.3877004691562998
0.23041973727485274
0.28034470144806567
0.21341734488222125
0.15753550090663165
0.20260774480286753
0.24190692073386766
0.17517911620052928
0.4247862767246603
0.17709635428206047
0.26104895164900066
0.10753859039348744
0.28386421340382806
0.3190462363283328
0.3173062970232314
0.2928815941498686
0.4456855748872103
0.5221698537832894
0.5957419166728527
0.20999202263658556
0.39963155905915004
0.4738304377030245
0.33886717909394204
0.19838237641290235
0.2701491370740334
0.1584639714029886
0.1904721814689142
0.11036224258127363
0.09247068325114413
0.2211866205859619
0.30290308610233885
0.5108444215119743
0.41405970785247825
0.2769728817767726
0.2908288570694696
0.529036506963678
0.5960740086648317
0.31315237281881475
0.23687667023495662
0.5177912200915193
0.6745767514344412
0.3880684064552543
0.45010829874543656
0.46937942590564447
0.2883904394076556
0.3845789803633315
0.4070978253169942
0.2149331403554033
0.22733762092995496
0.29281316326588186
0.16785990179476806
0.14853019017462632
0.11701486430845483
0.19782209842056786
0.09934383784562985
0.3028500010890014
0.18852598618207075
0.6683934029292925
1.0
0.6645775392302264
0.5833715721970149
0.9036622511865126
0.4603001506472799
0.49265233606026915
0.390349949449557
0.5987502788501999
0.5829463865623202
0.5795720187427161
0.16332944436313174
0.2678868213356001
0.18707528687283148
0.09878544931494775
0.253223167459627
0.3338836901516007
0.30486736608626186
0.10768931420874553
0.14492208641068777
0.10234345746368917
0.15736884153165073
0.1552736640114511
0.3646913055717225
0.49868061529011026
0.5413331444357872
0.3493318638608569
0.511924162046845
0.42587946369601964
0.3359827939690116
0.21705908180735148
0.35551902160244353
0.46086278954452126
0.6274854655727685
0.2509471080788497
0.2234754754373421
0.11374362786571264
0.2870751066884398
0.1494102022086684
0.11595228202221443
0.10041915233545876
0.08654486155041811
0.09572666858146525
0.20241315585492717
0.06521945228968702
0.14187115530823083
0.1020503577112935
0.14448584067977843
0.20448885890277224
0.3124750552008269
0.53070244885486
0.20228092216263374
0.6264885668090742
0.6446196630737631
0.47696884483517604
0.42031856752815433
0.6685757997690622
0.3224630017191984
0.5995391677984899
0.4484663880427849
0.26380290486086555
0.4330279004796678
0.20347756309460813
0.29140655560551215
0.05985481232753801
0.15591068417149836
0.1938968095385221
0.1695119359637316
0.14884944665408983
0.05497806229806587
0.07075455705152904
0.15888154729826623
0.30769786749947625
0.3448964855264235
0.3524844885593294
0.15036645924205724
0.4991491801348807
0.39037198938903284
0.20936679827383223
0.46615459734716974
0.4073949984207317
0.18604592954315172
0.6137781075719725
0.5420407483641906
0.3516877373411254
0.2414230349567004
0.0909701447805373
0.08039574560481909
0.19111709286675707
0.054915539861790534
0.08624648882024187
0.12379625321898945
0.1722608682793701
0.2510448395551465
0.17104602478507325
0.12719169195604693
0.06821197797633423
0.09185963840255103
0.07167155278356652
0.15611798616824651
0.3000637529220086
0.2852788616743725
0.2661491467378613
0.41043744802203846
0.5030600386291862
0.6383792590493739
0.5518717986540337
0.47496467379056834
0.5472952300910311
0.15553148985956172
0.15466604517731428
0.09717707265088145
0.15413294377213532
0.0980073736593658
0.07046278568224444
0.06804087668291127
0.30573365586967605
0.3603099122247901
0.17850155556593353
0.318960918441897
0.48584270431118937
0.36367289116834717
0.42442964864280625
0.22535756100826232
0.2773760979889942
0.354289379012795
0.32092344890889957
0.14573979895768555
0.2808950727485699
0.5096161280375835
0.5225293954787736
0.28790408492542224
0.3270048537374666
0.18437195258872183
0.22642423230706
0.4107813274775101
0.38329673443366175
0.08863597382626014
0.20851793238871183
0.26885267363142296
0.1801487172101278
0.13330919755663065
0.19997124524141419
0.19509407199041576
0.3135869673545571
0.19435021429068908
0.33530977077319507
0.29770075479528846
0.07811136371992065
0.2812776289071278
0.19653818326098335
0.22945605117947326
0.20970608042690306
0.23177600998868844
0.2998241553287785
0.20301263970970668
0.2654999634463822
0.2311688132990024
0.25078234524182164
0.05722887000397609
0.15569834411814878
0.11850634053414813
0.12814722219611732
0.06097246609778125
0.04830900242870232
0.180188274950219
0.3045185733584894
0.4254888535792305
0.11606248253901773
0.11214440986576663
0.1666422344250614
0.1637911108276972
0.47821775164695046
0.4340778191663179
0.35986330541320566
0.28905699924599265
0.19579942960209573
0.416180650035996
0.43155208777504916
0.2542857259309021
0.2619974563333819
0.2168780673209306
0.20179846993061623
0.12577612952951947
0.09981434053442977
0.15046787161153627
0.1496580460184368
0.12774442421581703
0.12198936064899658
0.11142544299488413
0.13172025403850232
0.3242190267053907
0.269533186937735
0.1491688874776679
0.20835184161208806
0.21258866135778812
0.12809266745237716
0.25622186286375415
0.2701590874003652
0.42174781913886505
0.3285591806659744
0.28078510778322885
0.5429359891769541
0.4771257576344544
0.33520720929217457
0.20970908637439262
0.26372458737692234
0.07983681001982658
0.08612840635738787
0.061985328624208795
0.1276111488645225
0.05170631440635021
0.055968533502175816
0.18112913508535836
0.17284125522419785
0.09474046120405354
0.23289774716426562
0.13318122072697627
0.11403687602005547
0.2504607750148171
0.12962985121075424
0.49533402716569797
0.15766074347417353
0.1923398547948633
0.5924070903252793
0.5725720762201602
0.3877860224285994
0.42156356469718476
0.32790252886590665
0.21850421550780016
0.13457050880992447
0.14997095776324554
0.08324581981406166
0.16210244402110643
0.1606876194729586
0.045516333608406324
0.07938597266408626
0.18998401327036815
0.15734638352949026
0.22504781469150717
0.07431833591922023
0.09349309463020708
0.2643650908971562
0.2593147912084625
0.3254877367542696
0.3103438119118359
0.3439908864253691
0.6397805807405157
0.15997407361635896
0.3093164172439774
0.5202403337782389
0.5182004386027922
0.2868700069858411
0.38822976228615985
0.269549397993208
0.1375324329352247
0.05191446292057691
0.1581312043109725
0.07954356186548389
0.1439788908194578
0.09167873239165716
0.2518415501782474
0.27324741750176956
0.1177870436160742
0.07754866179344325
0.07798631884737015
0.3935621123727774
0.2320323866037947
0.18492651885055789
0.3216689098250341
0.4068896475022327
0.45284126340809105
0.4555224994469273
0.5347572745139301
0.5767239571749517
0.217338419163529
0.1797989818587272
0.1456745963027845
0.2904736281464515
0.09879811249317003
0.10273218353294873
0.036929919026600706
0.0506431733829795
0.05042924862836456
0.08484863806084421
0.06919914564434011
0.17623593113326608
0.6234327406672809
0.3398502553850638
0.5122193100517108
0.3741485672489796
0.2266199219367133
0.30181202326821205
0.32685282293724904
0.444820259349731
0.41016573904224085
0.29708113900443456
0.42400461336481404
0.4137917492157817
0.17131147539427685
0.26789816340980527
0.18694569839353353
0.205548063839198
0.15470622689079425
0.05078905906762195
0.1427434417264633
0.056561964017039786
0.08243938738961902
0.11333650347502504
0.1841042714457749
0.11297385146056277
0.3143346414273271
0.35994275986633795
0.31597488630436454
0.3468491017440419
0.2414230349567004
0.38412315650832923
0.23925678854540963
0.4349593918343264
0.34411523675077554
0.3029561711156762
0.303328559648331
0.5010567566194727
0.4012073609664353
0.36622702752757497
0.08242541182291524
0.1296050382802198
0.18389176170574567
0.040285289773374255
0.0808631785600265
0.22548603911308265
0.049300678871074914
0.17852233305903709
0.15867110486503577
0.3849658522142806
0.2877130954295766
0.3251022351082836
0.5117395285710735
0.309450114870237
0.3140564557814484
0.2885173903803921
0.15071404638962374
0.22619232679418555
0.2634928044789233
0.15076143787778543
0.1483251455694094
0.4745342494864345
0.19584451908476896
0.0981261704759226
0.19392682656617422
0.14553668361363817
0.08518990960658927
0.11925401460691873
0.09107684377069009
0.0923003239977827
0.10229952576420909
0.08190517097879381
0.11390522065594681
0.08636158145395392
0.14124376099520128
0.15897769346909763
0.2186844655551636
0.44114141278492863
0.09247068325114413
0.2109063946940538
0.11689606749189801
0.09975962670357867
0.19418218683614616
0.1337873967113693
0.2800878373592126
0.2616703265566344
0.18946041260063867
0.20757635964124646
0.09956597347109622
0.07157508197547621
0.12734459816193344
0.14107195934527114
0.13926471629949713
0.1293681775028741
0.11266262328695816
0.07089200028027458
0.06960978063712162
0.16743013206568153
0.10412540971204139
0.17772897924488187
0.5135099285378647
0.5282317324124638
0.45703761422398487
0.2072678331090181
0.10490952721613585
0.04420336244662536
0.22838893001886706
0.10415510891618059
0.18940570788846067
0.42289438265920554
0.20988878656938498
0.13753709737377934
0.10923493749269207
0.11428330888134824
0.12063976131343342
0.08917557344577445
0.15336119572147053
0.04793386781105062
0.1223078707290201
0.09101689590414574
0.09892608932282439
0.13478284886327332
0.06860795340607771
0.11487596886180533
0.07882168778544144
0.20815705821258984
0.14261882938100157
0.2788201229707222
0.2117409897897016
0.19705157711818305
0.23545502675002425
0.10914457521156638
0.18556210970387546
0.30330644885395974
0.06537762753185468
0.09334599735899804
0.10743879254734244
0.09508856295188238
0.0488254916048477
0.07547474410235357
0.06565093055349379
0.1039890022878513
0.10439645852039331
0.10124191788506783
0.17469759239997024
0.18097076724879838
0.16624190172102055
0.1737861874673998
0.2812500637072265
0.3159958579193548
0.29350703874164574
0.2142401272059741
0.21456962390915763
0.12947434752954862
0.21788468603991393
0.06298093414130217
0.1598920601717915
0.0750795880639021
0.06493997047792763
0.13056874072113064
0.05577001315755283
0.09093462784670639
0.07177248577539966
0.11914816405731916
0.03638805791221493
0.09792225954238433
0.08636242763886226
0.14507331586031033
0.08436826490422317
0.16224527379123152
0.12351899001494002
0.13210206001116945
0.0901781939210505
0.06742002711684726
0.26769143585747623
0.09866075615042823
0.16066333256055984
0.20589702483463712
0.2770794553413498
0.25707526868764174
0.09987842352013547
0.16354463658357093
0.515309145780341
0.22805471044407902
0.17363956339022896
0.08546817038831242
0.08173766502388718
0.2236471611898263
0.08918409493950333
0.0966678092871291
0.14330240136006248
0.05429014516646085
0.07776725348663609
0.0434114115871384
0.10776783932649685
0.30396611908228116
0.23328724851342933
0.1751576208536075
0.17401267371949983
0.07619400900747873
0.08853332753896034
0.16626100073993974
0.168732733583622
0.2692872785428963
0.3225263501327881
0.3418739697743805
0.17341365296879893
0.4593211053721025
0.10207829762544612
0.09214331735114303
0.0530607075856238
0.13966667009030032
0.14916097751774413
0.11636216556010612
0.12697935190269793
0.10085733320174373
0.05363676267539842
0.09845806782059437
0.35975713538653237
0.4647977876397106
0.6119274141178748
0.12583682341005378
0.3454051187104524
0.33548204292696776
0.2945437943408404
0.35805841495974006
0.20388077930682974
0.21801144235934555
0.13621376769222948
0.20809325228201264
0.2078680213366726
0.30051426050216323
0.23206925814303156
0.12156445693124276
0.13876422486356704
0.10797214984323952
0.06094276689364205
0.09311756644984645
0.08237441935419323
0.10058130555120944
0.08203314780844817
0.1661943630642918
0.3376779769072747
0.20448885890277224
0.060917693744217793
0.19983308809800565
0.20835184161208806
0.3260581469420927
0.30293261181757547
0.3070448192178141
0.3422478068107647
0.48573892260999874
0.19093618341092763
0.21863639246974795
0.1232416869571538
0.3039983252263276
0.10021755674665109
0.1725579089041584
0.07205095509540767
0.07239563810337811
0.11707329856133769
0.10409971115434385
0.12237392175397141
0.04086883251194359
0.04199423636489869
0.12740403200939596
0.11096729363371072
0.06381456662497254
0.1583499972256685
0.14282513676948563
0.14116031727362593
0.10664735804530448
0.08031333827063375
0.2640184709144847
0.197436161801507
0.2865420052832623
0.3005300043452513
0.12045167939630418
0.20117588722816457
0.165572156598877
0.0779901100695438
0.09878797199422998
0.07136841200391783
0.08244534148760277
0.056816829903917
0.0961252390734576
0.04735957692636176
0.08548406898677768
0.24311114259403574
0.11484330844449811
0.09850605908753321
0.0666280762573603
0.1909169407294288
0.15428736550315283
0.25103902807184747
0.08548901120040421
0.244826820328071
0.12022237835548868
0.21632703172164103
0.271162428277963
0.26597851096498976
0.18232703996263402
0.1518231789132959
0.23474751830083926
0.18984152391766806
0.18065473867975004
0.15546569728508203
0.10803819544552325
0.07533569372320315
0.1208745753689143
0.04812143511987647
0.1321816832097483
0.13335693787737937
0.16837855068357377
0.18717371688207832
0.13458896585317429
0.3437171309886204
0.36297541925068055
0.32732219223747305
0.08311315862194348
0.14984980686916965
0.1882539164215714
0.24161532729836163
0.23552002550725082
0.31308851797271
0.25602194983681187
0.21450210712401424
0.24330270980749438
0.2871769689531081
0.26584974679293905
0.13966667009030032
0.1350910983179175
0.13367517734842413
0.053310071429867066
0.13574094529348946
0.06887666025126453
0.05964640420662038
0.12193627563565934
0.11923174629465046
0.1480484522207266
0.08511791906295221
0.10674232818077828
0.23038895788365826
0.14476283137067603
0.12836937956355968
0.16162221206392294
0.09578217841221622
0.26151139443314403
0.19084062294740808
0.13441833008030177
0.24829197946172918
0.08799874186445474
0.05545740097617631
0.047475369945031806
0.12787769956711154
0.06788694773035768
0.05708187035554575
0.0804743449855667
0.108752686656345
0.09311111339353353
0.07533052484610699
0.07052618111944275
0.12955696519480425
0.1266671056536955
0.2700448941304234
0.18152102846316423
0.14700271832964715
0.12989902763624664
0.06688260772148229
0.1457656089763221
0.20873027244205994
0.24750144226532123
0.19654957544826035
0.09203302619721723
0.17175049753700428
0.15927683179853833
0.20209676276829316
0.16619037555156677
0.09116216165712629
0.1505345092871842
0.06417998014481498
0.1221427003618997
0.05871532658320182
0.044307566507084103
0.06189314142609649
0.1266515175072987
0.17955297402693618
0.1496015818281221
0.16758277575847472
0.24682595059748957
0.16700589873348806
0.2575228254199074
0.1824854322372823
0.22647632954500801
0.15926404479697542
0.13138954511181516
0.23363519511938685
0.3120916192090156
0.23474250951625075
0.28760820809361876
0.16069623910266426
0.19040872706665768
0.035700311113186854
0.0901383526466476
0.07960158804501523
0.1022534868938379
0.047786019459975654
0.1484026351207763
0.10696261504951378
0.15987763922745718
0.16856039482030225
0.14068919473336566
0.04876750029472099
0.2231184045493083
0.08036604640067987
0.10656204015886829
0.12294307435462705
0.14974766106931958
0.09684725379041405
0.26887276672895755
0.5859601898420352
0.1334088249932943
0.3170045285303628
0.16710204490431943
0.2168254811034882
0.054019384941844835
0.07772281723229099
0.14965942689959125
0.12959683928024604
0.08732285676749532
0.14866252813589695
0.08663257847405147
0.09734799796641151
0.1069622642965354
0.18498618759682245
0.2607494510165058
0.24806970319472996
0.14002941644454303
0.43890344974144613
0.1814817916950564
0.26335475116608864
0.24752831680446954
0.3033411689718788
0.40209173485562927
0.2707476170601631
0.19248054202616638
0.4345806063988464
0.32906026966917884
0.19838285397514646
0.0980964712717834
0.0976882914154445
0.06138825495573007
0.09830945967472171
0.12913714747206997
0.05597374146018143
0.1100392925161065
0.19026705390663723
0.14555386630916403
0.19695634083806823
0.24299407365046152
0.17841872982649215
0.5009562938301337
0.20335045074111488
0.24401912043250046
0.5951689452433245
0.31362880925079883
0.38793169054837223
0.3811149987106999
0.5058546005049622
0.3813157135158396
0.41602724952401454
0.16878973713117368
0.3788639861596488
0.35917320023982247
0.12759289916540223
0.15867568030923537
0.07255515571206984
0.15724706239413905
0.04874665948262936
0.10745787796644884
0.09380701613664978
0.09393499296630414
0.1797977746314273
0.3480201175887231
0.24307627607125978
0.14965428965743804
0.381438389458494
0.22367502972496958
0.2517291332452307
0.32287058709145866
0.205208985463674
0.2654781516995787
0.13603048759576528
0.47912488790387303
0.3525133041740595
0.17863179721945466
0.1979882411277188
0.13576515038060388
0.1394543300369513
0.12810149113470473
0.04334888915086321
0.10231546599174755
0.08868794295047516
0.1176338832165007
0.1561320740415539
0.1615920769102448
0.1420116219731275
0.193416694468015
0.17339807871006027
0.44747467592264606
0.29103445910550907
0.13097195693335195
0.1332900281767375
0.1358064662988209
0.1502021390710063
0.20474889644176683
0.16256995112275968
0.19678401926754924
0.22186016859105992
0.36125118949368656
0.09076173665961969
0.1426394308371861
0.14747871085401124
0.15598214918183742
0.16079671133686296
0.07921765755605215
0.1283856779478368
0.12820030720945458
0.299001204221861
0.048579932985895136
0.24332661211616707
0.21722357032942666
0.2100043127621546
0.07448506241595429
0.24629878869448152
0.23601578230460138
0.16212163073195637
0.18382100669703752
0.22221435149110963
0.16875877937088923
0.14475462018746343
0.20717653358736332
0.44202025926188315
0.06864963503026125
0.16206854571861895
0.18757526386626014
0.18835446624636973
0.07547474372397758
0.12590004798306556
0.07899372157609114
0.05210203022940291
0.16686167947724104
0.0864715495118324
0.19469541684750827
0.3048076000985789
0.242942681627204
0.3250972772528746
0.44039327064581135
0.6093543693080796
0.2356248920144385
0.4502244041533939
0.2354049558986815
0.3672876673514212
0.1499035264684804
0.24959852795993595
0.05483217661342357
0.10523943138977147
0.24179977075902873
0.07920777743925105
0.04901759003982217
0.14249421703553972
0.11868170032778824
0.1117955430666891
0.1199263299567897
0.07883124480581362
0.08930926268771186
0.24977690878550354
0.1040297827531075
0.30140220695260367
0.1674604789015906
0.13838200963530123
0.07635665384188774
0.07503487149246332
0.11869808982208714
0.14317958493557958
0.1213646934555565
0.10881932433199233
0.11970099467004976
0.14099835952369616
0.09517210231962978
0.20315931146844227
0.1937380463271239
0.13494115076134164
0.1053737514744379
0.13628957993908059
0.07994285959076029
0.061150661322616456
0.09439613331329018
0.1152511156761352
0.048092697312218845
0.03999351840408966
0.11740266182442885
0.08429900117955023
0.2924727584158686
0.35571191260512897
0.4539004683445153
0.2383740934614022
0.1740245692041522
0.14051762866954098
0.3513445080294749
0.14188364514347312
0.17703851947972274
0.20497749029100387
0.15092069291779617
0.22776757536237022
0.12089155162781828
0.04953861034211617
0.049496928717932764
0.05043476526206188
0.1627116242827801
0.11307107840833892
0.10052082160383516
0.08194782992201197
0.11006138262615096
0.10255596031504084
0.17624141106467434
0.1785434392332113
0.23253389948198178
0.2799416340798779
0.30920167174328894
0.46746329466560105
0.1111648916974538
0.08782318215468139
0.33340033028297883
0.2536498671027047
0.3238591036457333
0.19593252620083332
0.26094070763539845
0.09278031373086626
0.27264462850010696
0.09381978587573829
0.16859106042360297
0.14003826518366091
0.043911591077340766
0.12942126251621136
0.11057608278148826
0.059457806686681845
0.06044577581390921
0.11434511872843281
0.07862043235099848
0.23057306793228036
0.10736548050875672
0.3782203920813578
0.3418957834751195
0.27435309846632583
0.09534230618070212
0.1598389751584541
0.22098984547257114
0.14844968776310066
0.2047775772640616
0.09126191614982206
0.3123222953409103
0.2012715064513708
0.12784885282471095
0.08090063207518551
0.10201108725171605
0.14187161145303828
0.13104767301834672
0.09821331350389065
0.09449132374030193
0.08181985309235762
0.0622495318757669
0.17602890132464363
0.14764260247791897
0.22636818417377705
0.3693183684865962
0.08181985309235762
0.09183707307343951
0.10347157295210621
0.11594700766685498
0.2045052064886308
0.23184126873163277
0.16969799151675724
0.1871004484371713
0.22522240517167244
0.23719959958648856
0.1568877625733974
0.1117664312314791
0.12902153677603417
0.10497451200057265
0.08419283115287574
0.049558938083932726
0.08955441749993782
0.05571714932513152
0.05410428447624622
0.19678401926754924
0.13373946305872367
0.0425152566671927
0.13264984174405953
0.0979248749913976
0.13227600470767426
0.10619344568286555
0.27966227371077673
0.22285031937146865
0.29786000983530064
0.3072350888905356
0.18306016034849112
0.32683998016575755
0.29283901183517097
0.07604812332283645
0.2027811608469215
0.21601550085798674
0.21352325394875096
0.035491902992269224
0.027697439269950563
0.06514020629407195
0.04842260148585446
0.16526143560522974
0.0556266093527249
0.09445393866130822
0.10841274055174424
0.1007611870309128
0.48778778573801773
0.2045776642371193
0.1443154024173664
0.168691000785694
0.07521449083916591
0.05126839774573239
0.1751238116010268
0.11280565334165267
0.10716661709712651
0.18064830038665552
0.2712819775600378
0.07980176152203507
0.1576094045982907
0.19884682413145374
0.08771897809422265
0.034554066448139964
0.10055625255173084
0.06893680448584387
0.09263683559569129
0.0916792819564472
0.11175138206047214
0.043598431676348144
0.07720537517731199
0.08959828942780146
0.13456424682405124
0.20813298396121663
0.1503898427844251
0.07573133585902747
0.09948131499400327
0.10229614583705607
0.1017937655762436
0.14845312239906377
0.1117218505056494
0.29733730873812
0.09984872431599627
0.19931101213271263
0.19158381313412876
0.07137978141428193
0.08211279964153888
0.09495880760353907
0.05702247194726735
0.12084720549691876
0.04241105260673395
0.12290146631720626
0.10040788950715561
0.11673868385634349
0.11240033560652103
0.08933071901667475
0.11326018923894582
0.21526782678521675
0.21275153597569943
0.38399294254045974
0.16248791471782534
0.13998882472997043
0.15894722243072174
0.12022237835548868
0.33809844994493404
0.25549245447116303
0.2049335632198575
0.10351631365977759
0.2659883816040271
0.18935424257396535
0.20990949593035949
0.10536758974876084
0.13912304313947724
0.03322025447426723
0.07699939250870991
0.06927812378622981
0.05069654146561737
0.08732285676749532
0.14691506694056877
0.1290496674228506
0.05315122797463201
0.3642314978610173
0.4064854708963102
0.42863214564000934
0.3487899549475077
0.21137506364579292
0.459729404264362
0.3378240685468718
0.19324501277809164
0.20226791445794476
0.32036866356809496
0.379969667124205
0.1675216700175642
0.33098933493999194
0.2849603515943481
0.24662603757054727
0.11671486864478119
0.12774981911963962
0.10999214763477848
0.10133277507544255
0.07741751274649863
0.15973648792236356
0.12007830016885568
0.14231676682015948
0.10406643877240027
0.12537463411806
0.19324925937708406
0.08850362833482114
0.2859867851368804
0.2748741990602718
0.07763744886225561
0.1591970917888457
0.1270531953075051
0.31819490121571564
0.1719093534458697
0.0899281041759493
0.3305986084024747
0.3189699103629734
0.0848209270215602
0.060319083606718685
0.0869001668330754
0.05253789212224783
0.05805882171986384
0.10962055254141773
0.06759369957601485
0.11955776342837787
0.09547071492215654
0.2114413448287878
0.3748339351490196
0.271264418153339
0.08390025169324496
0.1595948147623431
0.1412867980361892
0.13435816875657547
0.20557722937182935
0.17156619678401955
0.10483621517755015
0.09019648297075575
0.15123920299782054
0.1269610185823667
0.3528370050293969
0.15044292779776106
0.11658689181512681
0.1460031473431691
0.0937481335535804
0.14726924984061845
0.03355370746773537
0.037159167959610113
0.12967691680958784
0.07840713763490792
0.1338336590259464
0.17248707232414814
0.1581312043109725
0.1643285081461691
0.17376287614191668
0.1522592866792447
0.11816527271419736
0.17139285687318115
0.059104543092234604
0.04334888915086321
0.2110660130288996
0.3159640322660405
0.13497289634213738
0.20251887302521607
0.23084436996793845
0.13625266463868105
0.17152537711607424
0.12523540718908396
0.07411847101014218
0.07277615713011584
0.0580916432962786
0.10122262930820346
0.12814337323794012
0.04632912527998506
0.10604922642661911
0.11774255958201676
0.1845292909258348
0.17805586932950604
0.19089822218499672
0.13560766994219492
0.13833981681121474
0.24070146914668794
0.07472319761423167
0.32725762510374357
0.11244118687101785
0.15503394338410514
0.12260514314604326
0.07914837903097263
0.13324132718134346
0.09288635288808111
0.22548603911308118
0.10647672227243195
0.08736551571071349
0.14564000850038972
0.08976675755328685
0.05700011000038134
0.025905129430059157
0.10925210775389993
0.10901923735893418
0.17262874548416862
0.1947152882413237
0.18610853794716048
0.0871077657402787
0.19105021608072317
0.13347254857341528
0.10532066646110065
0.13196960952494885
0.12004846318408285
0.05091410394017246
0.10016319867615002
0.2879506977403132
0.2342686193006028
0.3008024678717782
0.13585453938423644
0.12034087881832158
0.0738916198983339
0.16226274020110257
0.18758505694706645
0.12161776555563583
0.08247604340891179
0.17023674991282337
0.11378899317851653
0.045787264165599285
0.17892215911292023
0.17625665208702976
0.17027486854174248
0.14629489357212408
0.15624785569248287
0.09486577792989508
0.13783104553775144
0.11462458042709331
0.1454529365440603
0.09028377551828883
0.24309424076124117
0.05347752382745906
0.10857512914542083
0.18520833504946774
0.15479533503794823
0.1991187197910499
0.11015133797501335
0.08251269942820472
0.10899359992230123
0.04141069362632936
0.04011856327664018
0.09092781243221407
0.11503264255569351
0.13047656891735512
0.11417357786184049
0.3147084784637128
0.2723821019642903
0.13514208865329502
0.19838285397514646
0.12936467285314227
0.18089785241187792
0.39919564868679575
0.33278538853925993
0.13147837672424606
0.12384568126047123
0.14214039101021958
0.17620548474072806
0.2698159486957967
0.0980073736593658
0.14095242284465154
0.16301583264399996
0.1253454678925153
0.08211846569488451
0.08066806162546833
0.14287117658774742
0.06744378922785052
0.053517965858841623
0.13750972321706875
0.2542104756772269
0.2680261402394596
0.09524251125934835
0.2484947226747899
0.13320871361889322
0.08651378165749467
0.18644187858610228
0.055436560164084686
0.24281715443375065
0.2642282457899875
0.18657913820060573
0.09201218538512546
0.1392001698004385
0.19126530305410583
0.219522561450734
0.249834714133522
0.15957355009176857
0.06848636474499929
0.1131828714191196
0.11408260227025506
0.13280888756500966
0.11370876523386976
0.13584256784215065
0.08247604340891179
0.11095591131033473
0.2861797832400647
0.16398097773046058
0.13087763779319772
0.2735708719983006
0.37123849103094214
0.13529855209971334
0.47531345186654406
0.1461566151995208
0.4087546026968116
0.20955758440620703
0.48926825812849817
0.12858781060616623
0.3775754067491783
0.2781456581517063
0.09586773562210124
0.07178297640445061
0.07382522285579934
0.11717144043235715
0.16915775306368191
0.07699939250870991
0.12523907345753352
0.08595467672293514
0.15017354962102475
0.1658992703832259
0.34525749096833575
0.22899320719487817
0.27240258717944066
0.2681657674337406
0.14628166007207147
0.29637362946185797
0.3786828348655012
0.1276916556862205
0.42643005232831754
0.610787411280891
0.4056754906508087
0.13588209483828254
0.4831763122476447
0.42006171053764507
0.2904140684421134
0.09026155716941747
0.12075959056376571
0.07455834324165629
0.07914837903097263
0.07279885431559943
0.09153008017424571
0.14150749194790843
0.04880918191890454
0.23752217500570114
0.10578856514383665
0.16673133203747872
0.41475337202869406
0.5456959258754956
0.43380321598073285
0.40625598587005735
0.47233831550612754
0.27217094324940844
0.5369545965947883
0.40208328641534086
0.2837175893266572
0.5577638030250692
0.3456365218388241
0.10618393760752293
0.1963614643344814
0.18265386894916716
0.15069854228276053
0.14822638492678125
0.07680214190397575
0.1675643289607828
0.22017088033858045
0.11876249791925103
0.16374062193677297
0.13177347560077826
0.47942197350711996
0.15253511245894083
0.22848129987626073
0.2263657428382395
0.1727265958979333
0.20509337476763853
0.13970803903934892
0.1583561564702237
0.20038053032719474
0.5101629423205064
0.38222910213873457
0.3089905198642551
0.36523878454846226
0.15903254031715747
0.2009891950583649
0.15114063582180542
0.26573118483845315
0.11315713155702696
0.1615782390026208
0.16816604094354307
0.12173806292577417
0.136478426670348
0.12759960315840982
0.15989108209199257
0.15220148133122624
0.33512087083012204
0.12595008229023158
0.1290433032348184
0.17810108793565793
0.2631520695645123
0.09851451875775494
0.23694412152552222
0.05639523752030557
0.25408457239655885
0.1966228874868465
0.30983920096337814
0.1033699744058361
0.11803238212297608
0.1701926236031275
0.14423198123730363
0.15442374442161963
0.12087098270550511
0.06441757377792859
0.03953502053807085
0.11774949391253649
0.1414606502798045
0.10852435154690179
0.1711411773039596
0.09526899414211641
0.1702204639007845
0.10938156156986349
0.25607836992394745
0.20039668484805495
0.1396904392626498
0.08328247583335459
0.13389596519867727
0.0823261938738673
0.16156594771013272
0.24031735399214418
0.32407735354537165
0.166899281932309
0.2421321617060592
0.13056649998853012
0.17751646950485264
0.05468629092878127
0.11326018923894582
0.14124809358092197
0.13191180417693096
0.13109218742578735
0.12610769360731627
0.12462833032667098
0.17928738400509964
0.07229677714631941
0.14460799611029201
0.12234584914957325
0.1337393236259539
0.12556823510054504
0.1961146794299168
0.12138454067416735
0.14444432129065266
0.12236095574235735
0.16939427755915937
0.11722677596339863
0.11429346815510538
0.15109797687858684
0.07033774080969378
0.1446519140152751
0.04851741054961995
0.19551210412108594
0.026968010846738933
0.0526380437045322
0.09371679535312041
0.029844042915401898
0.18561008856531333
0.11445128875510731
0.09828620517455257
0.12422284265117071
0.06679351010906467
0.1400057565349148
0.09979972532260246
0.06744707549884343
0.12594520697334075
0.13624720527827616
0.16249449848215433
0.21624980693510013
0.20926214081372288
0.33087766522632317
0.25111567613515673
0.35844741172079647
0.1477613577305858
0.2343255750971429
0.09204326444434566
0.12196141769915345
0.1556279662817877
0.03784691475863819
0.06946643848159292
0.05945606329300222
0.13181640020933338
0.18892722568296125
0.17604363879160484
0.07248434445514526
0.07210966764998182
0.29607119290082123
0.14436347550278192
0.21317392439561758
0.14061249000737142
0.18815534703019693
0.24928722263171774
0.3292014569621482
0.3233631168123364
0.22740623910256177
0.13819319273404332
0.21024186666713693
0.2285840674301911
0.11466862718145794
0.09596545850868056
0.14305497259011773
0.10983289259476672
0.11577841408853846
0.12821226190378301
0.0760612400326631
0.15945314160232413
0.08565250473745784
0.11709879913374427
0.3400688623895204
0.10388781607892777
0.26175278994247736
0.10757051739218872
0.22869023745686592
0.28885332404562775
0.20330504162088653
0.32407735354537165
0.174750117155063
0.3548092261340937
0.33239848555560536
0.2377509411334236
0.39569568941584826
0.26333684259983253
0.336947373596552
0.09486737664169664
0.12883000851872786
0.07638635304602692
0.11948365435307462
0.1350910983179175
0.10139054936402227
0.20527207472423473
0.17255542531730306
0.15229553459634174
0.2115474310835338
0.29906266436989953
0.1470319293073743
0.4360228847186926
0.4949290592166493
0.5003156687597053
0.22697407146132575
0.3625706410934057
0.37701974016176026
0.4223873103115074
0.6958306091087952
0.18221122011826787
0.12160613855542617
0.39136306907641805
0.33646352482316694
0.4420077025683428
0.159187734186121
0.2257352638040055
0.1584488895295266
0.1439788908194578
0.20526679081169244
0.24382725519336243
0.3097319164085117
0.2140681447899696
0.2208164294285172
0.2631189674425376
0.21545474530340963
0.2857944927952177
0.43381126846372914
0.23617473230383096
0.398509195122723
0.7367291604886003
0.5008487701648828
0.5036480838705109
0.3001394859698533
0.6204633979517336
0.14403085236616125
0.2932458210346215
0.16689485584034436
0.18948593080279533
0.11863452108959666
0.16546134863217202
0.09648268242893222
0.07167155278356652
0.046975190454829584
0.16174682440938434
0.14907999253825788
0.21190844753196386
0.4085103944427574
0.25622557485702013
0.10935174104547063
0.20860940579560772
0.25687837953894516
0.61592406318623
0.5049803060550144
0.1317764548562057
0.33377143203989773
0.23533649359903477
0.40655408335898285
0.16831039845306264
0.37660184233685656
0.18909483275429687
0.2830543269265328
0.1923761982036927
0.1660169595075128
0.07671304429155815
0.14936901927834736
0.12431699888451361
0.06865672413550755
0.15952397818233288
0.10733789696791605
0.0930391551587236
0.3294127352282031
0.23863264155929859
0.06095937536840134
0.13686407417796218
0.2601827583764254
0.13832819780692193
0.12994642234432113
0.10600115334120358
0.09462166438749674
0.15233508623191333
0.15670448247693275
0.19885645996133178
0.09272091532258785
0.17978844889633439
0.13980605758292877
0.17354962102429725
0.14191212938403394
0.07083260187199618
0.12200949078456896
0.08144967486871202
0.06254652391715891
0.11994234811170199
0.16131068120026718
0.18685621201993194
0.2037638517632253
0.08796906783932369
0.1837500885457252
0.04939272465747387
0.17555484193047327
0.14205549569047635
0.16014167284082964
0.09988765257301546
0.23233722181316793
0.23890950335813133
0.12012177522266841
0.2344313429270964
0.2601818714287323
0.13185170139638033
0.1296050382802198
0.04664173746136144
0.043119640217853805
0.1358075829691368
0.04078546926357648
0.1032217595776216
0.07456135547945876
0.08033012572932026
0.11151047757217036
0.21717218493445334
0.26478713607706994
0.17109275031901738
0.11689606749189801
0.1278654298156754
0.14997095776324554
0.08584839718385395
0.1559987986902595
0.11667610940914054
0.1258313010751022
0.10663812172295911
0.08519524197449149
0.09283213250519179
0.1250348273085132
0.12796225410277035
0.11903611451021705
0.04392895133491302
0.09293367245565806
0.05751629494493251
0.040830091803138256
0.051394325374155336
0.08519141454245231
0.09892684179075599
0.10809651061243702
0.08614718105681032
0.4221244576303325
0.275147036212118
0.06933739331724002
0.21657246421976262
0.20520899342959395
0.11861862337833509
0.1994049751683421
0.12639541767041698
0.16059679888386238
0.10008816404211915
0.17849536625130769
0.07250518528967437
0.09361947329367015
0.11630926423619889
0.06931794246489374
0.05571570696714084
0.08962767374782046
0.02409197877842641
0.07816599353480841
0.046589800521366194
0.04274091849553978
0.06322055384930138
0.08201634560607651
0.06502333372630016
0.2107004935253866
0.40055906831574617
0.41970673655876123
0.10826801881669935
0.14798034988523387
0.09549443492563126
0.08902356736656547
0.1389792899362447
0.06275441834613332
0.10095067713250802
0.15483083923625565
0.042160962861632775
0.12092766038225156
0.0930391551587236
0.08459268440153547
0.059529375331587926
0.08631623168636579
0.04882581769807579
0.07451328239404337
0.029823202103310117
0.10482106379315605
0.07975190109553601
0.02525906425521449
0.11838535274073385
0.21537296769197703
0.17359114506113926
0.03369959315237782
0.12461245346039536
0.07290882237347807
0.18877030742725545
0.04282786884856907
0.10993906262144125
0.14599419140043926
0.11621610632883933
0.150244386201035
0.07059949315802846
0.10871810731468445
0.08838933034794842
0.061642172950186064
0.09121623687801936
0.10118003542079518
0.0930261952035893
0.1150673257645043
0.09730078358621395
0.12249262529299491
0.17914599917608806
0.06645679538213647
0.11606915971113088
0.1788867073971925
0.19611520003675664
0.09267945244930922
0.18286155082101013
0.2808529415996668
0.2162808629454403
0.23384131208776177
0.17932914428532928
0.25880466254036316
0.15733450892718134
0.242669950381729
0.16696281846265315
0.1832682893897222
0.20107443207926223
0.09326142926499302
0.08990542498372744
0.17521741288406928
0.1505066272280536
0.07350264899328479
0.07413515301062135
0.06662125454423032
0.16095487688288498
0.18369341917389354
0.195841231163374
0.062109788187935736
0.25870769040133695
0.20140256427745798
0.18241072282692714
0.20918899139032576
0.13724235212083416
0.15868724137849563
0.1701083127896839
0.18225146778936188
0.16845770591300116
0.17519116101558743
0.26059556744693757
0.09583855848517277
0.113259768411047
0.12898008816981815
0.06880414622928863
0.09377288898207534
0.059641941752344926
0.09606365711648245
0.08106612386731193
0.040785917044365766
0.030648498262143952
0.05023026396063188
0.15146077297868094
0.1214471918870459
0.04044159586406251
0.1285613090599987
0.04124396712959529
0.09888053026105822
0.24610626370049907
0.19694765037550704
0.11774294917633796
0.07151524669287841
0.20524899421009027
0.10937325908343826
0.07817597023740527
0.1842209217842533
0.21116146659106974
0.1598283581557878
0.11910153592345019
0.09835753276013709
0.048642455422170466
0.1436780343174266
0.06992677614575055
0.06758453557119169
0.09475205135397381
0.07674343884940117
0.041285648753778846
0.3263597327643888
0.11585659534702598
0.10554829283872422
0.2388929732947039
0.17569230047062795
0.16702855309782733
0.08525899028261351
0.16279584160628155
0.09005302913345516
0.11026130603289186
0.17474556705822195
0.06988966334972092
0.17454073193911265
0.08068160044465901
0.10626375241006386
0.11688248308531195
0.10632928171450827
0.13572288729900137
0.07356863072074929
0.1156830049236611
0.03472079294487404
0.1206975666614513
0.0804121079661596
0.19405553269923642
0.21607639089104616
0.08911078290091762
0.0895411218148377
0.15933068247262333
0.045516333608406324
0.12023078662419502
0.1709959648229762
0.20311163537287968
0.19196531818386492
0.46001275058440144
0.1563745783032973
0.10858029033292156
0.1428517708905351
0.20772877988477947
0.09816481966625153
0.15023609949861713
0.05045560607415365
0.16899314544147667
0.13494129318572218
0.1176340541159157
0.0716047811796154
0.04116060388122818
0.10391718567934465
0.131066897929666
0.19393694260017688
0.17432415949325908
0.1290496674228506
0.12959786949665406
0.16436368366408155
0.12335553717620328
0.22728684946615282
0.153415688544648
0.10970886009021119
0.14499774799839607
0.1562291942515213
0.19827234370152147
0.06116778348931897
0.20804016726867672
0.14728802674970273
0.06911004803192251
0.09907862904136978
0.06322960561236055
0.09581844907373308
0.03567947030109508
0.043767287035662475
0.030263489017846545
0.04855819876759488
0.10609729951203449
0.050830740691805355
0.16132981274204192
0.23569745876439516
0.173110228492767
0.16313024598536402
0.1524601583045778
0.2103759078555149
0.24764468371467005
0.13510135894329683
0.18190833746546797
0.2079053623291073
0.11505116985927442
0.1926046610469646
0.12402856037202042
0.17007862860381054
0.13980584350797293
0.07448251485884061
0.07749381368980503
0.06811956203378026
0.06049038148329678
0.08673019244139542
0.09246236033263709
0.1527217294633881
0.24397090848372255
0.3194656102635601
0.30146631864067464
0.3886831600726051
0.1902566878006982
0.2656112143517734
0.28688139314186845
0.1796590216397469
0.20032584826804617
0.2419971748867672
0.14207873077908542
0.17589032561929605
0.24806970319472996
0.19718088224027333
0.1216633060580834
0.23083290844214382
0.1654034143231572
0.07044651221818655
0.07349531868216373
0.08287799925634241
0.11873218482884147
0.12186527152832238
0.19003382682920625
0.12990837014390047
0.12345168334703434
0.17479062322279015
0.1406404117276394
0.10087369365130697
0.08704836733200029
0.15023609949861713
0.03984763271944722
0.06752038753742914
0.054457041995771865
0.13223476822308539
0.09717579594346817
0.12108365527552553
0.09893133499959005
0.1804473298126551
0.4326540634432835
0.1390254959478589
0.10797214984323952
0.18042076928525896
0.12584224263504765
0.08792008197254898
0.06248712550888051
0.042536097479284475
0.14549606096114598
0.062209824093906976
0.13248942340515052
0.2567637378239875
0.05718718837979253
0.04901759003982217
0.11426972403267155
0.15133440111095792
0.12518231442199276
0.0915667361935385
0.1585022642651814
0.15596109640545272
0.21563132417590267
0.1315674743366637
0.24566125947439232
0.17763583445911932
0.2790070414889136
0.2016227749571522
0.036075445730838554
0.12311397605723608
0.0872526500291539
0.09990599510070129
0.03167803437947686
0.11508326584283568
0.07690432847639866
0.06940704007331452
0.17553304526457494
0.21817666643054548
0.04849880035931648
0.11065576277005629
0.12841264726280358
0.13680714810384578
0.0448457982501946
0.14623832583398694
0.06650529247705195
0.06191201658562309
0.16767018488347438
0.08702138980122515
0.1752496989445355
0.15954276052950514
0.24466954735425347
0.08169187626270326
0.11411773039597647
0.07532816283164308
0.0947793440532692
0.07909892099330977
0.07692018432567271
0.08833321527236668
0.11301799339500168
0.03728421283216062
0.05883361253504164
0.09363776872828279
0.269533186937735
0.06637731564739757
0.07977222381788776
0.07659424747500133
0.09295185835352178
0.10240099072755197
0.09758836339348902
0.04803807187150936
0.12925275816810589
0.12793488214276832
0.1181155708659125
0.17040738241897738
0.1039171856793448
0.17325795668290261
0.07537817381538907
0.062168608720673146
0.06634085787340632
0.08162115140132634
0.05315304324977978
0.052982407476907245
0.16413886123877164
0.04802361309308926
0.11153161302155863
0.24006568353211005
0.38329673443366175
0.13115523702981616
0.12257772851528943
0.1427770636840701
0.13127923798301502
0.14259403555996322
0.03380379721283656
0.24734908416874957
0.3837925904937319
0.41475289322860975
0.06787852498286608
0.05789577599091239
0.11313151741445894
0.050476446886245425
0.1117377377186712
0.07397184693297078
0.11969015781603487
0.07965352992336237
0.13700706113078764
0.04562053766886506
0.13423531911879308
0.10797214984323952
0.1841042714457749
0.17890755211551257
0.2721475784684453
0.20335518232078648
0.168331239265154
0.1723566027149794
0.25834476102296056
0.22853904157689556
0.1483251455694094
0.21249245931393443
0.2187325386405793
0.15329978294356703
0.09941112432220844
0.2666614047998436
0.2939718070411565
0.1539134671309829
0.13488757845570104
0.15422466851185382
0.13425199872990096
0.1563884935545271
0.0936363803637774
0.09361947327393819
0.12135234048894958
0.14728802674970273
0.11894878260529722
0.08633558643265947
0.2318481263724587
0.14163081558377846
0.20075048853891933
0.18358679640822928
0.18396259828575443
0.07472319761423167
0.04889254516727165
0.1042863748881574
0.09834809976271573
0.06864963503026111
0.21265096753051954
0.214893989748831
0.23749667600687147
0.19916679287646558
0.11231579119885053
0.03984763271944722
0.07243229412267103
0.12074936275246004
0.09494434369563579
0.123369570995765
0.11534978246180132
0.09196995240575996
0.1250760215155331
0.13183476717391662
0.2886788779201482
0.18538601365070556
0.1061781096699052
0.042390211794642176
0.16235744138273045
0.1321816832097483
0.17284125522419785
0.2109748810992582
0.2295813558121415
0.12773018794901492
0.24376638124464448
0.12759289916540237
0.18845134673048064
0.045099517366571064
0.12198059077707735
0.03655972029535733
0.03751009482781177
0.04068790967070644
0.025717562121233304
0.054987377808159064
0.0938924849870038
0.1371716744634495
0.11841514962519921
0.14546699637379534
0.33701408830137036
0.24490499301523663
0.1431784113578709
0.08360889600616611
0.10202939563419121
0.13116033465269783
0.10100155245799032
0.03776355151027122
0.15329035914146033
0.17289669686304757
0.04851741054961995
0.14946830647682774
0.13040681952574762
0.09995908011403855
0.08286720973208035
0.08436255787762166
0.04959559410322566
0.05139012830918206
0.0699695594296338
0.07556712418400438
0.1383197034625702
0.12396401501735504
0.10792183211462583
0.2290997971314727
0.24376515259163783
0.1538338733296376
0.3469434574437482
0.23344290277772559
0.18462967638695013
0.07124839072994499
0.1372736118333767
0.17613978496243474
0.10231375825954997
0.10287804313819479
0.0738916198983339
0.16246265322804487
0.0402436081491907
0.1496776935609546
0.28242544449954
0.11283603933101197
0.08244534148760277
0.040702106015209516
0.10065878019409222
0.10848613595375595
0.0311153324529993
0.09431593764050235
0.1348930776759261
0.3199263834402307
0.08321451085425098
0.03799280044328048
0.18623315029262338
0.1512793873905956
0.1270531953075051
0.1297261236800332
0.1280391849619739
0.11397352363507206
0.11445128875510731
0.11507950103394922
0.13894276518987922
0.10268007632601917
0.06452315423609252
0.14715171445688174
0.11994234811170199
0.08576238438127301
0.10859965906993696
0.10908833321527245
0.04885519080898689
0.0800522001125704
0.0328659606687073
0.10864844118400654
0.04576642335350751
0.18439906017721788
0.07850334848353077
0.16108238294255212
0.07686767245710589
0.259332719416307
0.07014952017679454
0.16051569030247173
0.19451724870723208
0.071025487608722
0.12575839659594115
0.05299818514934861
0.17339123203419698
0.1324629232258668
0.12140735239877466
0.15138935967947
0.15435290784160938
0.0853297266125335
0.09332345344688255
0.10624622965696721
0.08624311523542819
0.11541645422107207
0.034991723502067
0.044641019500552395
0.19158331748590215
0.19610316197370628
0.26502301948730367
0.1257585646070231
0.2678669772997543
0.20320943105498668
0.10619344568286555
0.13215291180724195
0.046975190454829584
0.12115139873946594
0.06250159546319156
0.11235069913258432
0.15907383963992897
0.1527255833712633
0.1619961894985138
0.09119464303322591
0.09401355862026668
0.12717176563946014
0.10149854550081869
0.13246440461854506
0.07695673356549174
0.15977398192157613
0.055092023678219276
0.132535241198555
0.11186606976189599
0.08802844106859394
0.18715024438620165
0.1905751978807211
0.16838566230575175
0.1281628457177544
0.09076030376909584
0.10929221252482799
0.061355350798144824
0.09471915385272367
0.1522592866792447
0.11990183910691142
0.06129282836186949
0.1770914500247927
0.2812212226393705
0.048579932985895136
0.044667603025359395
0.03436649913931411
0.0637751201110921
0.10255538282114884
0.08757510224717373
0.14113859702091833
0.11830786320757462
0.13711858945011238
0.06599163159730624
0.0550405847343412
0.07162436566322657
0.09146547798007874
0.15952046507843118
0.1709286675639304
0.0781386060902398
0.11082793448068037
0.15775922935460715
0.1269046992868091
0.16154307702358922
0.06471072154491837
0.13614297789672947
0.14777057930757334
0.12718763920483012
0.11831988147892838
0.14691795529943266
0.11881787139780256
0.08408077708291802
0.07646445624488442
0.13896405663511927
0.15090555035420986
0.2290146631720626
0.2936722365775195
0.20694314590421212
0.2203028053495805
0.1070062325135439
0.21671224971924355
0.3070437171426441
0.19665954350613882
0.19158381313412876
0.3161103673501571
0.4677162286604804
0.4792165147078878
0.37400860453268137
0.29520490311740705
0.08550985201249599
0.2279008507136646
0.17549905409294256
0.10153035639756088
0.045724741729323955
0.04395327270152418
0.15584047602181839
0.043265525902496105
0.11709879913374427
0.2044343699086206
0.20205891816626795
0.22930024190225629
0.21437340255726847
0.20705532336898744
0.3174187150244392
0.1601574852384785
0.1537331177182522
0.1446038409298596
0.20051276602263568
0.08133970681083354
0.08975441653092826
0.056478600768672685
0.1251436498657888
0.18218324906511468
0.2280973693872976
0.17428312427407855
0.0781139771130628
0.13214302556900268
0.07638635304602692
0.12849935731566298
0.19820075086774802
0.22228518807111988
0.22596869023163582
0.20504412796665034
0.17676261203752744
0.07112969166918075
0.07492271946988133
0.37674433965445137
0.4195650633987392
0.16760698790399997
0.09349309463020708
0.16386204441663804
0.09879019052887673
0.15451369525194472
0.2271729120918039
0.20804031074843377
0.1989660078777373
0.08569741932132184
0.24835304951476941
0.20476292744698452
0.2718532980247193
0.13749672836747914
0.0749644010940649
0.23669702389910374
0.18642742524135475
0.25828763080881917
0.20954438656502003
0.09688893541459745
0.13260694648153584
0.3018686706821347
0.32872365396798464
0.2782185549005176
0.3041139359223631
0.22709768705674838
0.29458358467163676
0.23209685638609098
0.2054881294816921
0.21677005506726202
0.08686450479846036
0.21324392883816728
0.42891549196004886
0.1485554191042873
0.3947096042501728
0.2718585517283544
0.23243581833595936
0.20531036405925157
0.14175566831381875
0.19959965014805386
0.18661971758301746
0.14556105261190608
0.09209554863349242
0.26399125386077044
0.12158854174589195
0.34029893036764153
0.27863160306830653
0.24349724788903862
0.3423177398000272
0.13667573744860642
0.28660864295890875
0.197041658724504
0.15985690013611809
0.1706357728724876
0.07367227074437556
0.19991302694181023
0.20305581692996222
0.14367532075863423
0.3317985407664518
0.18170388763465545
0.1506713874464066
0.16642902170850138
0.20590264963988986
0.23822969043899128
0.10253679549146479
0.220688463812804
0.07325545450254044
0.19413189377431653
0.12444718549922477
0.14922665454119108
0.19112448459291906
0.45426903488744164
0.16784791234195842
0.2184991071632202
0.10558067071486224
0.23134448812372851
0.22367916010388544
0.14248194699130676
0.1987822081931416
0.22950090977365317
0.25655986945892073
0.3155908619276649
0.1364084446113536
0.22720385708342317
0.20277227428262828
0.24941160944174307
0.16799091839296307
0.18770860716051044
0.23928596727350077
0.12441052947993185
0.22550189439036286
0.26286974275161473
0.13133851712628053
0.2793794715591132
0.3637750713584483
0.26149932192708697
0.4532028320770851
0.21015156848899105
0.16848358508169214
0.10632315081834226
0.0958052131858259
0.23214627764003276
0.2616236192969961
0.24971910343748505
0.2378739447642094
0.1978095197024302
0.16961195823525266
0.21402137626985893
0.3345218413921346
0.15413856112643368
0.13987936962151445
0.23456461827839076
0.21078178234859238
0.2015123311573457
0.20825954522915696
0.12260180280888199
0.09298820815984067
0.07185912009239237
0.1957192314847432
0.41271608816939886
0.2214175906296629
0.24174915073782918
0.3165955970001802
0.3067998586800325
0.2504127676137009
0.22417274661122943
0.2881660488803552
0.08480126440137599
0.24197775731387638
0.2101802453932174
0.14090573816171426
0.25682604399671893
0.09230395675441005
0.1757121871154436
0.22670137255201375
0.11542980475318365
0.07260938932769578
0.23171665638617134
0.07231761795841118
0.08123748553368496
0.2797449623672403
0.2768263254433336
0.24238811536536792
0.5012396401501746
0.41641883511979166
0.4989162775711121
0.19003290664751893
0.3404055178272394
0.20230698582825382
0.1235307850169035
0.12034171133842553
0.09833406490489702
0.2200654020854954
0.10881788396603516
0.2954714538199958
0.19854184276606324
0.32536283400069443
0.21717218493445334
0.18282478593348298
0.08209195882944711
0.09441376995852233
0.17815885454988736
0.10020511476566668
0.20070016831827542
0.18425808129358834
0.22132848525301568
0.2748819024058968
0.19934524165828255
0.2576236647417283
0.2660473575608891
0.203696453866531
0.3390947085074735
0.13354703128429177
0.19718088224027333
0.11835132849471887
0.07796547803527835
0.19638905644775784
0.2183183395905645
0.19954656513471647
0.2637079976578256
0.1528922564704765
0.11134231631786741
0.17159119970086453
0.12268712069531831
0.2215607502310354
0.1407742276198163
0.07073371623943726
0.25165463166005453
0.3135935397039028
0.24387255127131927
0.09217891188185953
0.3975273783193497
0.23709645726930398
0.16663385686562202
0.13482083895910116
0.13983601586900327
0.15495545158171706
0.1307587923301921
0.08049661836709797
0.1793808562322016
0.19977975159051586
0.19786881957024666
0.29119541726239745
0.32227911597043485
0.34816161111203064
0.08207111801735532
0.24934930326901164
0.20253190885555133
0.2540908124955733
0.1931763635342463
0.26089112417652477
0.19977528274998863
0.1097979577026288
0.07784043316272785
0.3073599206630303
0.29089023984926204
0.16031230861370113
0.1923491749705111
0.299318853799184
0.17392842303332232
0.10370962085409258
0.2781044131189349
0.2309901706796735
0.18654248218131192
0.20391743532612355
0.2234299354129626
0.3663396770403507
0.37585889353262114
0.21616217430927517
0.10895094097908306
0.16532807328087765
0.11926932491588482
0.05710382513142557
0.1709478917375605
0.14462898074087707
0.14529799480842978
0.04787134537477529
0.14312604169241064
0.07834061265293008
0.16557306307604927
0.19832142702104766
0.3303473278191659
0.2140718634353659
0.0706503529910703
0.0875235545982275
0.21612240561025756
0.14606422157884902
0.24339596810452185
0.11301972397362069
0.4584543458241836
0.28948358867817436
0.14337670815610734
0.06260579952365045
0.12614249509598618
0.16879323241453587
0.14890346241098087
0.1809212893823388
0.08321716999804334
0.17405190288200612
0.16722976760970157
0.19264952029625865
0.2120410839096132
0.2717172192794006
0.16687982805817472
0.25638990078760177
0.2410590455644445
0.21663856258529532
0.22450232925565286
0.11166900756339862
0.22671267081955404
0.23240618839047353
0.12554686607801024
0.12125811182074682
0.1448922794423526
0.10038330999050189
0.2987380385566961
0.16186207859402807
0.22044343699086263
0.07112969166918075
0.05522815204316705
0.1374370995301359
0.10021755674665109
0.0899538713446532
0.1334508851134607
0.19584812872732663
0.11125101855379883
0.0938494850798775
0.24098604519373754
0.22116326151662508
0.1829135362713203
0.131066897929666
0.1632895010253762
0.06527885069796542
0.1896508248921315
0.22310293806706116
0.28729376246212235
0.19595291323864067
0.21626834433594996
0.17892802391653528
0.16841750782514475
0.1579200855899556
0.23553162853297463
0.20697662056042104
0.06539846834394644
0.05687457619841616
0.05099746718853943
0.25231989799532484
0.10725551245087822
0.17557879475564175
0.14317028097055862
0.134124374592537
0.056853735386324385
0.1824854322372823
0.19051363750167277
0.1676496468472186
0.26475148534660453
0.1931159840257897
0.1894509118651892
0.08431604055119378
0.18960024887877924
0.19266522494378213
0.2376980489683357
0.11835132849471902
0.2104702514849381
0.19614912428113176
0.38016195946586767
0.2257018074173037
0.16759375425288497
0.1758163915846144
0.1489065764942039
0.1033699744058361
0.1722037260041087
0.06329354632267853
0.20106201940257362
0.1735879936128021
0.10655904808431407
0.14542433743057717
0.24062864676229298
0.17401267371949983
0.1654389060273339
0.20753575875616195
0.17937426006656235
0.17511496191039036
0.17503459379831138
0.16902268246579907
0.12448217062408927
0.23017661783030868
0.33965223277413675
0.2505331205508988
0.18810998323089764
0.1497328906956074
0.10688895225794968
0.13480226056926486
0.1486900531901776
0.15751957334887612
0.11902209464388293
0.25295661675703823
0.21677235888057017
0.20952654764211948
0.08196691395689658
0.3026138698023667
0.2168203541172065
0.4945240929650546
0.22607671609815003
0.16509011025413126
0.074339176731312
0.25777431465608924
0.1421153867983782
0.28201064333924764
0.2815045689594114
0.25628850053940205
0.10528367867347023
0.22540199759155688
0.1377030687080971
0.1479208838235297
0.14008497090080133
0.22131152554011257
0.07037942243387733
0.10626579992997123
0.29128135751689954
0.11389937839238515
0.06500249291420297
0.07040026324596911
0.1499231189077558
0.23800957983199
0.3755699399480146
0.2735349068208755
0.08698896892372188
0.21030850434278486
0.3610019648027622
0.21330719974691198
0.23346122922263562
0.06681564356618615
0.13529736720990818
0.0731929320662651
0.20913974912889366
0.32103138060494496
0.232232299630737
0.19464448361129208
0.14589358580597647
0.1216729791866604
0.20422186016859137
0.08944068707455323
0.11573371295076441
0.14873316045014995
0.18152102846316423
0.10421306284957169
0.22576844509295163
0.21456400085003977
0.44227425327093306
0.22129238847093372
0.3176384912021347
0.2168780673209306
0.2064258287742081
0.40875550242035547
0.1467269768641549
0.1432883794157494
0.28573610814385086
0.17171706110420845
0.13992133375543947
0.38903449741446566
0.12606005034811008
0.19834955042440197
0.07531718169701569
0.18700857122618122
0.13757672828268877
0.15414547133621564
0.07778221564056939
0.05670784970168209
0.1598389751584541
0.14590181423607834
0.40422414047634075
0.2681657674337406
0.22367916010388691
0.12921393900769096
0.13335185649984865
0.14926364232020858
0.1950183206476778
0.18245395592222632
0.2210809662109518
0.11193630040065143
0.1890233718537926
0.2381393698308964
0.25621590989587
0.182004701383127
0.10198706701401876
0.1692653337480176
0.14581764474695613
0.11974365361326793
0.09581883443150915
0.17632328976267767
0.09981434053442977
0.11912510565963821
0.07454758485222962
0.16729433724598067
0.2344006862127328
0.22422487001436206
0.39321385563505024
0.1296073268634764
0.18846721113766152
0.2862520833848213
0.3750796911525115
0.25568876145857516
0.24000337735937863
0.2338350662590214
0.134124374592537
0.13196166945425897
0.25628850053940205
0.24403201813416434
0.2570201328891842
0.12259831468662478
0.12985382315596278
0.16850258947228527
0.09999762063089396
0.11082793448068037
0.10069408499745812
0.08030664799240149
0.2075315097387643
0.19975358977522503
0.14288516320352806
0.11196599960479064
0.08928203900110465
0.13339125420668005
0.18903573249394098
0.185662737718284
0.36190921644032403
0.1914750992099834
0.17964912019776755
0.1693134068334333
0.2659913579372395
0.198449403850702
0.3272320191826216
0.11389644787383871
0.17219779195836374
0.09420047065476035
0.21726162431260537
0.16104483614196446
0.09004798695005975
0.11740922979499764
0.060855171307942456
0.18532174427679854
0.15075719586304442
0.2182324898294278
0.46822979386555313
0.2867330069075437
0.19821943980128445
0.23296531406285675
0.27474881912925175
0.19867698113764787
0.1923183928556742
0.21632703172164103
0.07444338079177074
0.110985925868197
0.180063399323692
0.23503654504093016
0.24582638546277955
0.15860595088497723
0.19128280686832214
0.21595319468525676
0.22710119860589686
0.07090044273617134
0.06858711259398592
0.12228448036094659
0.21632703172164103
0.1510456343755385
0.25132818587518596
0.1723847895444301
0.22263854593641869
0.4714882765460091
0.4971170603286359
0.21392523009902756
0.20977560795709102
0.15813670250957693
0.12349412899761072
0.21768081037047532
0.12682503818747604
0.17929553834576584
0.1263404144081643
0.24431536445420382
0.1701374677458815
0.17647972749876006
0.20873511169276873
0.08840672489325072
0.21318941356238968
0.19924665018533835
0.20634695756888805
0.09721176316463748
0.1779892316538581
0.18240419352553666
0.12592920037989547
0.16287161338775438
0.21584366422925225
0.12331084890114638
0.08017460411700504
0.17396946756386444
0.19974366990145226
0.2844276785165023
0.32726499964581746
0.1426394308371861
0.18771833229836082
0.08627618802438106
0.1494873975576908
0.16436187903563457
0.0650650153504783
0.2526032443153643
0.1797533083286104
0.19933413614790735
0.0976149793768588
0.09585549045080194
0.1095908251273549
0.10699892031582833
0.18572858318162963
0.22024972033624307
0.11066452224511332
0.19075764845919005
0.28193543160726653
0.4195074609970661
0.38816291194044317
0.4032245753416322
0.1891969040627059
0.234298067575802
0.28420968663560703
0.1930698623799071
0.18478893142696085
0.282677020095721
0.309319997274601
0.4737602567698683
0.4183629901108542
0.11524652465671945
0.19451987126583065
0.15288483841127548
0.06296009332921038
0.06075096724748372
0.09560173812409035
0.12959786949665406
0.06364784012823844
0.14144968659989055
0.1997591556279658
0.17580327336452645
0.1858441938776651
0.3981893664966841
0.4101878980569169
0.2044306195962222
0.10076532646366515
0.37472550825246176
0.19607574047683995
0.10011601715324908
0.22642354818625648
0.19937064531386223
0.2882283550530852
0.14288516320352806
0.14955655871482654
0.10339126878722693
0.32604230301610426
0.3640291846709637
0.07736109448461741
0.20894261249540955
0.2571375748603732
0.17844729306237997
0.2003959253481119
0.3070765743429908
0.20175473018784465
0.10305623836303014
0.21763546134898962
0.23996227000581963
0.06441895017563364
0.1272975301802753
0.24902543926127066
0.2218099749219597
0.17844729306237997
0.09651380079694576
0.07961190219052747
0.22916210330420414
0.26131208843334186
0.10531337787760943
0.18428344948118092
0.12595008229023158
0.06656555382108512
0.0939979811005735
0.1839366173930745
0.22603952681164602
0.08669197688232988
0.1590957849717335
0.2805128568392726
0.21697244457037593
0.08128672172899512
0.19582830089317924
0.13006711787205336
0.14085414026744955
0.12345498167324451
0.20195508960827419
0.08110852650415991
0.22862015141093803
0.3992579548595272
0.11555960330563397
0.25035496226568243
0.11345095981175068
0.12577430097377848
0.14816932945047798
0.26875398455762534
0.23316522708979906
0.24397090848372255
0.21854176610643736
0.19324925937708406
0.12836937956355968
0.1232741928818536
0.1936541286542814
0.07600644169865288
0.13868422440211398
0.23321200453171134
0.1539987850174201
0.1829309559601578
0.41935089284827237
0.26972342175201197
0.2548891093508089
0.15249050807131567
0.24119855493376824
0.07421831114386526
0.13075569721657232
0.11445128875510731
0.07650111226417734
0.0966985788945375
0.2105084173697271
0.09310700497639747
0.13621000569546288
0.12844607802976477
0.10754876060522106
0.1711616354811102
0.21077496807231588
0.19900591570245502
0.2207267833109021
0.0940573795088519
0.08457201546836673
0.1411425787799426
0.13228538291939573
0.2385640499375941
0.23700192687353924
0.07631905388002924
0.11290053942197706
0.22579756997673694
0.23296277984078848
0.07389853489438505
0.1709478917375605
0.12676701184934894
0.15856493483836095
0.1601314475190695
0.11222777311413375
0.12089155162781828
0.3433449033080683
0.1459979604069094
0.19478192591697158
0.10443299896532882
0.17815608259127974
0.10457962304250024
0.17699997563092196
0.18319638102684332
0.1665276868389472
0.11806903814226886
0.10474909299896461
0.15487168151228933
0.33558733455965306
0.13958006220969454
0.2642850216170735
0.28858822696040237
0.07729857204834206
0.07488103784569777
0.23567240386912752
0.08060658642497645
0.1288358689135717
0.10305781579375878
0.12170596500130142
0.19284943332319945
0.14699240193084043
0.2665507025890808
0.2154848763901684
0.17571139414629217
0.06627378245180038
0.06402297474589015
0.19159148114747918
0.10355325450230045
0.24969894453495797
0.33526953318693853
0.19752933462790123
0.1836833126764697
0.3395197279875333
0.35394214591382545
0.2650826731574092
0.23969184649572434
0.15657541207271994
0.11645891498547245
0.12448773311631324
0.035512743804361
0.18346674222568574
0.10681799381817701
0.17805586932950604
0.2830149838958175
0.37963483816249816
0.24359173654758387
0.2031782730485276
0.14120613547708047
0.19818044737498186
0.15883347421285057
0.20710571815746942
0.07000428781622563
0.14226757563243622
0.2251745082494269
0.07388067886529319
0.1389922753714641
0.19549768699666104
0.2987366999267132
0.20082060545480965
0.12124032141792075
0.20677670753348018
0.043182162654129136
0.13763324354461023
0.15545390096356423
0.10245357392351498
0.08072243685035031
0.18947307127462912
0.19772256806563138
0.11446073275248353
0.22890041584837315
0.24139513332290233
0.1637141811320739
0.16965970834620736
0.07109989470924899
0.0874047577816707
0.15954276052950514
0.1181226137709792
0.09575023414478638
0.1452963606009228
0.1642369313897693
0.1554159352604422
0.21499430401585534
0.11726260571782621
0.11003555133574242
0.23994426028436208
0.11930170302717345
0.08333596681460015
0.05529067447944224
0.21900619714906966
0.19675810695831633
0.13813099845142726
0.16961215483898148
0.2174637192434764
0.19123473378290648
0.20688534055619512
0.1933010837719795
0.2031181231026937
0.1831432960135059
0.06623210082761682
0.07739612598675978
0.1694727898280145
0.09996096461160117
0.13807160004314886
0.17109299798595173
0.27127642099973265
0.15168260783381166
0.2504781469150676
0.2076637355858163
0.3961978553149365
0.46319848342417513
0.09372113197664976
0.06129282836186949
0.13052800219179164
0.18672576227777654
0.22479327612961839
0.34480890092699135
0.33801098706506466
0.12010358153893189
0.1778223429519776
0.22876714049707877
0.23935680385350955
0.14926693021516427
0.17528671403959445
0.11513655659884095
0.2179051993665731
0.18967275265398828
0.270015861722739
0.26095313783470964
0.2260210149597117
0.4151248042972817
0.15255474451169168
0.2731302693847491
0.0837383829846962
0.27035561267988867
0.3038678009515518
0.0751092872680413
0.09973660924396875
0.12642951202058186
0.27907858561076837
0.26947419706108916
0.1097979577026288
0.11045630408633396
0.20653850846808722
0.14527686412567672
0.12624333044457442
0.17665314354281403
0.19190301201113347
0.14337670815610734
0.2147693774033696
0.14431520490690605
0.29373887425316747
0.28754157041797085
0.34047349982564534
0.4260812980886465
0.21733353838730662
0.4241181177791519
0.1810074232680922
0.14638254509023382
0.2001835852947638
0.1383860031549398
0.22313522703123972
0.227626059442449
0.10353715447186938
0.311449773249635
0.24772934277800873
0.11270847970827065
0.325125219483032
0.10868509720329933
0.22171849543104094
0.15368965407339055
0.14979573415473527
0.11916871872105435
0.10875840924188503
0.2187932422478896
0.07154650791101601
0.21435728385580802
0.1976388839295587
0.28728475844309787
0.11576749773460837
0.12814944344780255
0.23928596727350077
0.10166037576848753
0.12841302199835916
0.10446281460790714
0.11848574976873813
0.10748141977977112
0.35204684044452844
0.24847701685077875
0.10887728237431357
0.15432184122289688
0.17626675337727968
0.14570952189441622
0.1264837666417311
0.253223167459627
0.1938791372521584
0.14039058213083877
0.2573492951760293
0.24102847281617612
0.167078135936809
0.4237489794409912
0.3292881228827402
0.41926543533758703
0.1380099126375791
0.10247427305518945
0.36155767541006467
0.33449033080682894
0.12195457618731098
0.0990445641292799
0.2506906566550968
0.1884464948288059
0.18765669121651818
0.25618147217926235
0.19567135916109668
0.09886865057940264
0.06041751425401557
0.06112610186513542
0.09196995240575996
0.12712365079000293
0.1765076693463502
0.09849949989064329
0.10696261504951378
0.09189664036717425
0.14226783574382548
0.20156379564153173
0.09265825055996998
0.24561492372821142
0.1446138175094328
0.23283983849259754
0.15952046507843118
0.2140402141790318
0.23538337712903662
0.23842960346593353
0.34235319118792945
0.3172935552704537
0.4422492140438394
0.3015126952615566
0.2783912376412296
0.20379593880320288
0.2187325386405793
0.12908596217803658
0.20422186016859137
0.0818807058117793
0.16902283760444567
0.21229723028972117
0.1456376321466679
0.06239739140273282
0.08918671003002292
0.206080140464401
0.08007040005654628
0.16224666327735202
0.18420499628025094
0.21364038812514866
0.11042164098955218
0.20903720951212806
0.23607808847733283
0.186133220617756
0.18255936086679747
0.18829657536479
0.1162426850008356
0.20565876525456508
0.1897925412204405
0.2807445275019488
0.2304699225475131
0.15763518404491306
0.15145001180699338
0.1364284842767281
0.20464687964865128
0.10399312673381456
0.08654348086163387
0.19744826138418212
0.1727265958979333
0.24296946943401526
0.2620245094566841
0.09583933175720413
0.2405610257136791
0.18123553201647907
0.21729030319942244
0.24374174772323154
0.2155170514761396
0.20830067910541222
0.3277563232616995
0.43461092057149686
0.3794349251355573
0.23819081336493755
0.320819681499547
0.1615339713131185
0.127782883254874
0.1818556248644284
0.10201676621815794
0.15670695937155643
0.1877908046108948
0.23730254303322307
0.2133738374225599
0.2089125971666652
0.23543090806180642
0.24248064283584092
0.0917412548279325
0.354833653702405
0.27981702173441647
0.2907841609407093
0.20131124409349793
0.16445802520646588
0.251186512715167
0.2128709034823653
0.12066344439293465
0.18871789743306938
0.3922221435149114
0.23567240386912752
0.1920497812154332
0.1198289714997041
0.0525396872833298
0.13017764373639285
0.12018860719788202
0.09645187061617344
0.11781541054437378
0.10948332914597164
0.1177386832820161
0.03780523313445463
0.14709857195751522
0.13965231313206186
0.18999126273401118
0.21172562630836989
0.2142797578643406
0.20130755304631665
0.22277067781548163
0.10222466064713236
0.23687752355316316
0.1256934901551817
0.19981589594795646
0.13449093478546553
0.1093227704364016
0.25575539913422307
0.1365436718658651
0.13492348440439356
0.14345008687988725
0.14346202604254354
0.14120110205198314
0.10659044365559509
0.2558617269958203
0.10289337104210972
0.2735864044613278
0.12908596217803658
0.23962908162758442
0.07225509552213585
0.352715243829555
0.35864235010644996
0.1772454659269924
0.4915672235029195
0.20284327500216906
0.18171000065340057
0.08954310047969334
0.1564730037240702
0.2228518807111988
0.0873750585775315
0.1899561096743343
0.07513112759079894
0.2574491057240275
0.1754459690796052
0.10663236012289978
0.09583933175720413
0.05514478879479994
0.19543812424736215
0.10340663042512904
0.17883187774570394
0.2243394488914078
0.1075408181880495
0.27906934766164504
0.2851726916476977
0.1953019664193905
0.32592487159079836
0.18359111320183996
0.17740461306704686
0.19150911798342288
0.1588303599050465
0.1930245231202892
0.16573441946416012
0.2423319402139261
0.23888256001761704
0.20935828698455425
0.33229439682652195
0.20679418729381513
0.28047154858302803
0.1862351328996935
0.21028333296674523
0.14299277766714424
0.21237427228784989
0.13842827074280525
0.07277611582442986
0.07567298870518473
0.15630236795119867
0.09961113068288267
0.28823404406035263
0.2436495418956023
0.21924110508283545
0.15285560045118268
0.23755543468418647
0.23944464828331752
0.08926119818901287
0.20284327500216906
0.31486859814408114
0.12788477302340273
0.29978376065113177
0.2621392060753588
0.1492202145770102
0.0962845518639365
0.360503515420915
0.16075639762947186
0.19022074534739913
0.14354187606391938
0.19104625628674682
0.11249163326618711
0.11546646077247658
0.18156659812433898
0.07275527501233807
0.1871004484371713
0.20075797366629392
0.1926985984142112
0.27121876989755345
0.21445784114654354
0.20543900161515152
0.0789241553914994
0.3073599206630303
0.16737138409115213
0.19102674773074882
0.3597789898703688
0.36737350584340084
0.3823758588935331
0.2347889491693602
0.12230132264523277
0.2207274854562782
0.08748972916121324
0.13045877266325215
0.22568534391159636
0.22928671564966555
0.22456896693130077
0.09117855290145495
0.22619232679418555
0.10834269669980795
0.20729114431168738
0.32379400722533075
0.2448362240212018
0.33875866113783615
0.1984456965952333
0.2026280550263827
0.24574961264409678
0.17283313096578573
0.17950883306185594
0.27972007905879515
0.3134670037564517
0.2638882227473013
0.2452857269856672
0.21448765229331532
0.07786127397481962
0.24695148204487957
0.06850374934561881
0.10780535274027098
0.20091259207652026
0.16164386561192126
0.06321018307431156
0.21077496807231588
0.11667220970156315
0.15110317971888546
0.22370267714788658
0.29085278807478315
0.569738613019764
0.4111355103775598
0.2592672051391207
0.30247219664234626
0.11838102769885823
0.2992845505419005
0.2576983304149503
0.25226253875027455
0.245237095868773
0.30860247353608555
0.22242620588307052
0.4403201813416449
0.10914457521156638
0.24137411315945867
0.20244525861640633
0.17813334783760748
0.1734738494018272
0.12644110769851294
0.0951956821035307
0.21647658851030727
0.1435900028721979
0.11226945473831715
0.14713726144149827
0.27439638470682925
0.11516632761907203
0.28079620315931203
0.2371753429175932
0.26266203867677324
0.17825500072071726
0.11619958115833351
0.21158886448962322
0.20978488358489805
0.21272368070600686
0.1163911810215316
0.44080822440669193
0.2540648738320704
0.2102236025220335
0.13797325661828633
0.12411728132558916
0.1919137554195493
0.06923317776883045
0.20104586742781463
0.15907383963992897
0.2256145073315861
0.19084062294740808
0.20788091222866453
0.0905950101628856
0.10691336603073472
0.42988243800503734
0.3643459143641637
0.2778159702205082
0.1471361333678339
0.3504160196847307
0.08182102827225429
0.21945172487072379
0.1408345403837197
0.21619324219026778
0.13171597035735969
0.27315026125221065
0.15413856112643368
0.3285903786166888
0.09984872431599627
0.10412540971204139
0.19735071190762965
0.1644259898368115
0.05199782616894402
0.06133450998605305
0.17339123203419698
0.18885117278436375
0.11315713155702696
0.11279057136409858
0.17997808143725624
0.29673443366154234
0.28374231061646227
0.3256175253850364
0.2556390785483339
0.13575506212029118
0.21133143809558513
0.2173831296160324
0.22523681442215834
0.11962839427270468
0.26493077372488505
0.32737490830444105
0.43323652334065393
0.0838842686693385
0.2239656712698507
0.15751091490137456
0.29220620771327993
0.2988033376023596
0.12172105227207591
0.10839184904895649
0.12931509248953685
0.06214730165763164
0.11662955075834498
0.15771011307739669
0.18695622918092575
0.1902531017157263
0.14688066930644897
0.2755002886534846
0.2176268576760216
0.12476635658878661
0.155022599654655
0.16149759971846006
0.12780619388149295
0.13199832547355175
0.21423321284140756
0.21142542965742106
0.2302700791403011
0.26956569772654665
0.28847449787703294
0.20230814285719223
0.2013735502662279
0.15234360768175745
0.16955353259917158
0.2181051123935154
0.25125734929517574
0.12177129609084679
0.2637420291698462
0.2792377983990928
0.28334632003966864
0.3133303508934643
0.28509597642446205
0.27201246723808137
0.1969453994811913
0.2536498671027047
0.1515847379264861
0.08140551854555207
0.2288337781727267
0.16735103424469122
0.2701226669497608
0.27227303340674663
0.21184431202119322
0.2988827105900668
0.4065564591239961
0.15955457049408428
0.22122263937097078
0.1807502070923047
0.06569023971323104
0.09765163539615158
0.17553304526457494
0.20507189912870974
0.23701268106829568
0.1709270179625576
0.11068893382680484
0.3617093034133832
0.33496643415803634
0.1927373494418041
0.2773161096737848
0.24498044327744886
0.10524610106339366
0.2624362800014309
0.12987461970072922
0.16649163962812275
0.19680616758330965
0.25736140443492866
0.2483847774049849
0.20533283158847676
0.08159177933924487
0.09313670418053667
0.14030526424440257
0.1818604821268814
0.2744917475384292
0.20480434802754904
0.1895134976139761
0.22653915888229345
0.19440755742032953
0.26485797265708017
0.2632455548736822
0.4624364140086469
0.26223996588600623
0.28192958843946986
0.22589542836749046
0.32572495856385747
0.23343177779238783
0.11725245794156842
0.09032407960569279
0.28061125215065447
0.1204005735803239
0.07229677714631941
0.37530338924542583
0.20984505772214238
0.3236805673369601
0.13557012154719106
0.22077061941940587
0.21457331558421075
0.10289344615502907
0.12435081948082508
0.09031527978731257
0.163833075096065
0.09981902511185708
0.21658685441597286
0.14339834747362804
0.10492728822379982
0.07896583701568295
0.1641089983740883
0.1390254959478589
0.28306297371962913
0.18902348801865193
0.21017522899149046
0.11947989825200868
0.34116716400186115
0.34953762902027913
0.35588505133103365
0.2175954696693805
0.24031585537772238
0.11567840012219077
0.11396356398146977
0.18324295321685866
0.12844607802976477
0.20870920012725086
0.13365046910237557
0.3020471771622863
0.23416946482066034
0.1322000650329594
0.22635449687002626
0.1783143826517495
0.1455243965926133
0.11202539801306903
0.06508585616257008
0.15285560045118268
0.3116554759998999
0.13093530091405917
0.21977105428469734
0.21413898136997983
0.08813579433605792
0.1435098320638671
0.14704075969318717
0.13166842129991613
0.23156822415985387
0.08453033384418317
0.19501002263796002
0.23289867638720887
0.12030505531913274
0.18760388609270195
0.08841453072240353
0.09052317421628696
0.12277243858175452
0.19271615797190508
0.23567240386912752
0.24046846292055246
0.24941391636101673
0.5208701508650796
0.3133884438237219
0.31456704729042995
0.3447695790888602
0.4331525128251307
0.5921229723028977
0.0975558414015339
0.25015928351451305
0.08450949303209139
0.19802281441852176
0.30050267108107115
0.3024341624357283
0.1366902959430365
0.26435165929272136
0.09355249303848549
0.20601826033592532
0.1629179059320144
0.1987135487801594
0.06360615850405504
0.12232113638023938
0.21788468603991393
0.25015928351451305
0.40218634497787864
0.2779656740092815
0.14205129339780198
0.2519661625237088
0.18769935015973532
0.24689258827313604
0.21595319468525676
0.15276167566409357
0.12206454424518946
0.22736774930848563
0.21308142137451824
0.2831504730973642
0.3169458521444689
0.1392374655850561
0.32099368359290054
0.21563132417590267
0.23252663663167278
0.16272739413150733
0.17436108080206195
0.08300895456148459
0.1452963606009228
0.21711688715536995
0.16878460289386232
0.22902478884706443
0.20225390081491645
0.2012222351598809
0.22956679260484647
0.29813696084588776
0.2368066869731529
0.24112488846853433
0.15955457049408428
0.15527855331396376
0.24635948686795853
0.21605600428260036
0.19190775697872303
0.24144961861456876
0.3743713253524121
0.22237717382500136
0.13201296239875185
0.2355912891907086
0.20916182185758947
0.16234280944818336
0.2571367854359986
0.2019140806266517
0.2551533611957209
0.13156018088468754
0.16578449665222658
0.08286306887684229
0.16325577569575153
0.3011263016221577
0.32519185715867854
0.12242011946178957
0.10449583182809026
0.23810022848588
0.1828383157807337
0.1947067897840235
0.15101265899215108
0.2705957081702449
0.35772472905008235
0.19392755586958207
0.18793541091443997
0.4036268328965074
0.21461714333037066
0.0800495592444545
0.06646134976062623
0.21997096731163962
0.12169798405226107
0.21433323419425243
0.13364784634172996
0.13526071119061542
0.25288659063540375
0.14589095678554184
0.0931584300501722
0.42636537507969074
0.42088073891859523
0.3905907365571971
0.44012991980856864
0.32758761730415853
0.24265159596456204
0.3083337263276736
0.1485939070193477
0.24046157324838976
0.4495390362533538
0.32084582061032807
0.3221229130186887
0.20320943105498668
0.16491543079853155
0.16854437670852315
0.23716348762863476
0.09251236487532767
0.14710060542220596
0.16493513643883115
0.14653346995424832
0.23347736771268668
0.15901381169238252
0.17912031625819652
0.09743079652898323
0.08813579433605792
0.15897983975714633
0.22440036100562893
0.1893118103662852
0.1698273373837727
0.16858814359801774
0.24013600623361916
0.2441028547141746
0.23283983849259754
0.22343482113647817
0.3077327861390946
0.3840009268831525
0.22214572770508073
0.27101542685744756
0.11835132849471902
0.2251745082494269
0.16541290155886623
0.11773913396863324
0.18127757138424808
0.09943293545804746
0.13842827074280525
0.20757635964124646
0.34211782677308494
0.14347685519648362
0.14430178292335408
0.23957266519100173
0.22168350964878697
0.27411296030105436
0.08726048022820383
0.1698902838584185
0.19753230797233834
0.1846705651912492
0.21865716993612555
0.24636754689816964
0.29359336258309876
0.2700845624419001
0.15229751882582607
0.16450609829188156
0.3915846142948223
0.1622947363627677
0.15287241162132695
0.08077898766766614
0.2111556193849781
0.09898744739595944
0.24056200908664505
0.21661826167032625
0.30240177208731217
0.15707909069223833
0.5537149570593971
0.2897395423374831
0.25565742423218796
0.30149956984476545
0.16825579895429132
0.2160185855430292
0.14380156368584937
0.2128709034823653
0.12576680219376737
0.19320573028494195
0.15301762932340232
0.1622947363627677
0.23136600984732278
0.2320904934225556
0.2793794715591132
0.18339079689470553
