0.08435436881633727
0.06884979820995416
0.11758257963432721
0.10643694515759836
0.054890546153458133
0.08481651122042064
0.10035291751788808
0.10170435212966679
0.13665749017909615
0.0980966063652901
0.13249618192714765
0.08945474539835249
0.11471956437375093
0.21039109917093296
0.16363714977527122
0.09153463836478976
0.10140203755439962
0.20085407487417486
0.19451671710678664
0.11872976418374587
0.26827636108402586
0.12438819492327585
0.2246658172883847
0.10127358648594212
0.09838005544348602
0.05322307140980062
0.05031349813260252
0.0636232803668579
0.05978092062969843
0.13665357968687508
0.0269321954351697
0.09275883558652127
0.06696623471807571
0.12097811903675448
0.13928406245274313
0.1428545098821638
0.0795441990488729
0.18602493117634325
0.17739318152326466
0.2258653221565779
0.2139750832094732
0.36513238174492724
0.1275810324609531
0.07526548259880235
0.07420262609275623
0.10987728748810556
0.10158662179073526
0.03132415546662337
0.10640174514372977
0.038131586580447734
0.037083864027984186
0.097064814060552
0.05029648308419781
0.0961984131521576
0.05570851098032869
0.09483319443497974
0.06550334555033895
0.10027041326809187
0.08777637850264174
0.0921875322564896
0.054280369463626854
0.19156175569921782
0.11876486565096084
0.21187750704702718
0.13344323242543316
0.15894660058421087
0.1251890591963287
0.22825036639744525
0.22704394198312755
0.24447049205291452
0.1991275453762548
0.0823258635575805
0.09827483827083233
0.10748810202030644
0.07761031801048597
0.09554938198542169
0.08996459977513487
0.16056791116335206
0.09723980913090947
0.12626434470599196
0.11261754341375059
0.09385789113763053
0.032407634593325574
0.08994548176053271
0.06134503159460401
0.08427689191324486
0.050442326571893736
0.1419395337917379
0.2914574904582433
0.12483941014504724
0.1764978811593308
0.1509404943978075
0.16488287515223662
0.21847322151593396
0.20403460476139465
0.04480392494087314
0.06772111299339754
0.06220701696746522
0.06846131559981876
0.061523245049849795
0.12235032964746417
0.12227958099148893
0.06178164075734851
0.0643152558487004
0.04881559945096361
0.13647189829564804
0.2093765638527698
0.19039105449011345
0.067299532041447
0.10593909437714251
0.09230159970742198
0.17771367306255198
0.11168444794521942
0.26923952069790574
0.2552095885099724
0.3053528564819712
0.395170849709528
0.2859800247511441
0.2622243389152398
0.13372940621191493
0.05502961462758295
0.12565875878050506
0.17253048752279776
0.16928985605912697
0.13055531936811218
0.04923676505952723
0.1282523982554675
0.15083683085135888
0.05967072535491166
0.1710873670405361
0.094178292919836
0.06945297656988247
0.19385072226174674
0.05227022869913925
0.17853939187726228
0.29323383909004463
0.19726141782998666
0.2703145782424454
0.15390936677011516
0.06863961300941782
0.045003079441238984
0.07716642612142403
0.11766525410622052
0.09249051381739647
0.09703659104751626
0.06663151511768546
0.036753004274574674
0.0824027962510444
0.07479867336720768
0.07572205289208143
0.09603236116984716
0.06959154797509128
0.09593063747184516
0.0707350581143449
0.31708373287141617
0.0614434133727604
0.20603792260818496
0.09700229769287004
0.1633208574345022
0.07190559455812597
0.14665181425098114
0.2710782470360496
0.08842720655905847
0.11633056026798479
0.06018890347441598
0.05699059252479057
0.11681344078160466
0.08220713385584501
0.09927905457625961
0.07187942694913248
0.06759104463880422
0.0946596661743483
0.044817710763931866
0.10617037412955475
0.1946886057088515
0.1520556803147073
0.1970829007097786
0.22946144338752864
0.2142857023145727
0.16300357184642603
0.38494849825234406
0.22412917375013441
0.06953614252442532
0.1459172168562419
0.061458418678029064
0.12794465647889924
0.1197436590881304
0.21760895476039607
0.3111447926010711
0.23572413685640195
0.14086235211226453
0.1456480534231647
0.04054410561572546
0.04277740895123977
0.0764722713691586
0.08707041408107076
0.09879674595564363
0.13087320981162484
0.10880334340324047
0.03543557179562735
0.07983544186334235
0.10269417550805786
0.04081982207690006
0.0371390073202191
0.08908410405518308
0.08187641764117955
0.0765522007313697
0.1031722211061323
0.23411296616230706
0.16294303673274615
0.18850697120906
0.08379911339298841
0.12463460576900343
0.11862891747734325
0.14155285383830538
0.031024263922625403
0.0773842425667242
0.046229886515482224
0.04468151711065744
0.026980565039040307
0.08933813284832334
0.1029022585543329
0.11485345376473864
0.03283328710738716
0.1261112314887626
0.12764081808688008
0.08028065353804135
0.0353775282709826
0.08601769439863126
0.06970059917758555
0.09691782300795984
0.15021763095312096
0.3611618051903868
0.07090983927435136
0.2588721389418184
0.1813287648514107
0.36388876254373637
0.1498345162515038
0.09332231130168431
0.03726394282193737
0.09721297695399671
0.08821981576031891
0.10652974109932273
0.04375620238840959
0.09520863620897685
0.10946741108154871
0.11777986584176756
0.03212709089087587
0.08895431530765172
0.10696200546713241
0.05427800441089009
0.08733873585019626
0.11739077399219895
0.02894437095618808
0.1093952020255615
0.16191502802877633
0.15723710732979662
0.1964704336609623
0.12791765787641782
0.19730209645210933
0.1949333415818615
0.13623949257617435
0.05553711799283545
0.06518465043828209
0.06211728990066907
0.0925484056700016
0.04440413607216997
0.11281482962119024
0.03540655003330494
0.08921393082401402
0.0489693093086337
0.1136484616525025
0.06759104463880422
0.0590084551813815
0.053478297135870705
0.17114578495432684
0.05382291174275196
0.06337686952113031
0.10387118821723734
0.07374429806117017
0.14476403182691305
0.23842370626991294
0.16659433893010173
0.10144371858862905
0.19177747933949005
0.23710514030848298
0.1658572798416285
0.03898630761008898
0.06540433807520236
0.0922591919022823
0.05718671763886908
0.12375885427943997
0.09037077184130873
0.1642081875928508
0.12399393757011198
0.11643397623314161
0.0602440467666509
0.10677555252448939
0.07584746144843069
0.11738686628104807
0.05364063752151914
0.16684247604194152
0.09753729155371849
0.0913027497394469
0.14524396602531311
0.17740159394966354
0.18157334116690532
0.18749728561206852
0.15119552104921333
0.08309971945688605
0.1574512141225652
0.2000810953788816
0.1689008403477526
0.06370140950285379
0.05745981846256291
0.10863893823037431
0.0775210594503816
0.10956107519564529
0.124686813696681
0.10083532083718498
0.16622846360852533
0.1306692313945239
0.07137812805758109
0.10066102636201431
0.11648242093580624
0.09151698810321815
0.06832972752025465
0.21395977870029573
0.12484842614718442
0.3098708698193231
0.07879976460370189
0.328893896649767
0.36310788537089556
0.11885011310660426
0.09928469606692866
0.09868754371389087
0.08715091061180834
0.07952937705272325
0.0579532548662983
0.0925929933585752
0.056315451857667495
0.08022113089352946
0.08217801705014353
0.0369640512779394
0.12977021757540486
0.0715622074978687
0.30818604475146844
0.366605833771537
0.09083478813397296
0.11331374205211246
0.08700478146143888
0.09908180106705472
0.11975191067205138
0.2736962642674683
0.4654454464948019
0.4215410312722331
0.07418151387902738
0.11438391458673697
0.09447391825194913
0.07781654508076553
0.09616652205440956
0.07504766615350218
0.08939342386092985
0.04878214377618236
0.09564168393702235
0.05694936701042288
0.08023565785065674
0.03569676765652877
0.1187891686688278
0.17401533925280777
0.07196199636657145
0.11326917722987309
0.2190578923136718
0.13369491202356518
0.22752447106434354
0.2825329296844505
0.21900995968266193
0.4774351201707458
0.21767934111573273
0.27777898007572627
0.22722997938492673
0.12674715534777406
0.11243774938909343
0.03940187931301943
0.08481549073587201
0.046830535739586336
0.0510086511903486
0.08397816230035597
0.03912416584067628
0.09249051381739647
0.05053469376186313
0.10863893823037431
0.035174375934725916
0.08744470908472274
0.07852521825155244
0.17532246589749165
0.1507315413405921
0.02473621541944283
0.09545364336645779
0.08147151836637308
0.12313947447722487
0.10656524815843377
0.26604596492313437
0.2928732109999659
0.12548598198442448
0.18460933813960434
0.11142698443800596
0.12507945551705274
0.04951379085758307
0.08527947044449254
0.07354699691716997
0.08339261962943478
0.08685089444594163
0.06570136050061207
0.0972810789074827
0.1085074140920803
0.06636373943737328
0.0820381812605274
0.08207962917534571
0.044630471965443466
0.062267724189847745
0.04716716115505056
0.06231939762692637
0.14824076478970427
0.1913676212169419
0.12472961717702057
0.20691118715743825
0.1675401126416663
0.12286566453010594
0.19857417291569635
0.09484187980761768
0.06098860468411245
0.08468235033585823
0.04384777973882871
0.06488020377443134
0.02360436668886996
0.05951863931952773
0.07060352104231629
0.11291347272491076
0.09265150687887162
0.03329276268683339
0.0657177725555422
0.08441337498840085
0.07417488941816976
0.02076023398127661
0.07338600385569481
0.05121209885970802
0.04115285897313644
0.11114579158828666
0.04842764739527993
0.05740416721655247
0.09124456306638175
0.10038777854941111
0.12520064004544856
0.18488044789507915
0.09300762214327118
0.07764405748875644
0.06808331667452706
0.05463532042738805
0.05393933412976446
0.07325794443480561
0.08013698944039883
0.06037475833826584
0.042556835782300094
0.08851268277207222
0.10400151771285987
0.03203825278848898
0.04278775158396391
0.1262128882324644
0.0471473596600233
0.035544436117350905
0.17986946704197512
0.07216082028419583
0.08529643765259949
0.23102214891241132
0.10645958789727335
0.06953241832106787
0.06583997096580319
0.0605197632278255
0.17864734431987456
0.06265193026640642
0.07779393114541153
0.06854366294934501
0.06426394856574955
0.07961891799931994
0.08264310489050809
0.05636678070571789
0.0834670933636326
0.12474279046622447
0.07726533480559612
0.058872067480150336
0.07486621298053792
0.1951489401928785
0.13225418528739852
0.1633208503504155
0.18771001400029408
0.10479568312434837
0.08039892007851429
0.10307716323547696
0.11529563471592881
0.053245259940795264
0.19440514390665617
0.03622883329910577
0.033703939977058596
0.06085202335094719
0.05494914870078309
0.03667028933622229
0.07298689250450521
0.04833975251766102
0.029147523292444775
0.0713359398381306
0.10258882786887613
0.1561755699217423
0.06074033639676518
0.1671897588261546
0.09128311642466279
0.19044695224888789
0.0797010174849194
0.1961932127305802
0.25643918863761683
0.261425899658513
0.32809551795601527
0.11465262045367333
0.17124442805804735
0.35149825958919395
0.10798054308589437
0.07311366299485696
0.04775409107544133
0.0739478948028427
0.06998068018662924
0.08037921787633266
0.06602901983698303
0.08475362677472266
0.201593622969256
0.0914829070261686
0.09182537125070439
0.03726394282193737
0.19848740878538065
0.07850290361152633
0.0491394597926804
0.14323862462143486
0.12211581983341574
0.1014096884918195
0.13108589708078683
0.19102502252845252
0.21129635930588708
0.31771980682094353
0.22020476971140532
0.15865866208362817
0.25796751439219
0.039198726976762736
0.07328533309607121
0.0930204468080287
0.03656000275175245
0.07431751107143442
0.06076276479084316
0.09647684741253969
0.12693592265176093
0.08446963791541025
0.051232310746454554
0.07831908829823842
0.10472609511614436
0.07615986640879463
0.08720050368854505
0.09813023138697304
0.05767988367772714
0.0329203523943543
0.14040489989556798
0.15989294222160325
0.1316654921096507
0.12336331402013623
0.22141912388197157
0.19746976398898852
0.05573608262644615
0.12715096069517465
0.08316366043305386
0.11028298995904201
0.06504791116471079
0.06358260053268994
0.08312003684236972
0.055281150465508064
0.0673844875779333
0.10216137441942263
0.04486764455040124
0.05947526491933302
0.0558050117417398
0.045991675837816846
0.07818896352303263
0.08340925061008833
0.07160220601875036
0.07522265152770209
0.08481461309942845
0.10194785312086066
0.1009260106129634
0.20523559340649083
0.033878070550992886
0.047257102981610594
0.11121937330232366
0.10552733020574914
0.1310138367765957
0.061158527134031165
0.07522352899703574
0.07681460608324452
0.049435961488606454
0.09075528031014496
0.10113805457124839
0.09313619351047035
0.116300219285966
0.12527527396789553
0.20372217798109055
0.08466174425870718
0.090129282249096
0.04341155681194135
0.0690689600574374
0.17456943019503976
0.16388785349340473
0.23273222184416534
0.18574654335117083
0.09974221374816207
0.109096275087195
0.1493789110267366
0.1223010623671871
0.09538838892394653
0.03690600775329465
0.15355443145758055
0.053359191797037984
0.06717159654533487
0.036587574397869915
0.0995763002255668
0.09150791921765432
0.10964093934217949
0.09318815041712192
0.06823982414071438
0.2317733304463486
0.17885183980852312
0.1175229393310402
0.13473970738346402
0.06938800949573208
0.07843595969144807
0.12637314126428767
0.224424327696172
0.0919112454563827
0.09042121344221106
0.2189365585078418
0.15629173874222038
0.136413044194781
0.12829522736003898
0.09378843202934763
0.17416766033905431
0.09894807065146395
0.07766869857332927
0.04638302195112422
0.1004186795870344
0.09200753463297169
0.10130646752051492
0.11574124169821916
0.12510278637588576
0.11527743037440191
0.0528002595851854
0.029660241093473504
0.2350007540957876
0.18333708245375235
0.12983387461385548
0.12545195188761493
0.1942282712248245
0.09666702059270353
0.13021655455637499
0.21046119583036907
0.2025426088032419
0.11615649385422389
0.1112932661078293
0.08308973717933539
0.043880274795938166
0.08250894400594568
0.054260989362485385
0.06096204323300015
0.046280931660696197
0.040075387631728646
0.07944702199234142
0.07839411881311698
0.1685424761165031
0.27736421274453976
0.2505799746357762
0.15724552550868687
0.12201928860054245
0.0991338536153285
0.07070668693809473
0.19093892944792112
0.21987547819204317
0.38927897553280444
0.31190684852195494
0.18949340224626032
0.1153041055440216
0.15584128350781498
0.23959912153175209
0.09471758450113453
0.07468712734002546
0.062391226138220054
0.053019584701815364
0.06936117731881933
0.07706201209270723
0.138730117041745
0.09974013045255654
0.10492343740232972
0.10879038838872104
0.022704692056876183
0.05440309238342843
0.1117892391832431
0.09588600819179297
0.04192507926910125
0.040847393723017524
0.10151876024621871
0.1323270128986364
0.17012589316093957
0.09642427930925229
0.06865178325968084
0.12312089025617581
0.06659689945586951
0.10411704661449508
0.02821882689812859
0.06621059424699731
0.06300725325253893
0.05221625766087877
0.0887747842494356
0.08779618433273229
0.06498046985742605
0.08902916299568403
0.04401813302652546
0.0938753537069364
0.05345808619782602
0.09208373304839179
0.04530582062248355
0.11819512381800852
0.09644129435765672
0.09869765283507129
0.060386406788165786
0.1069915892149095
0.09106453906178145
0.2223101826450829
0.07104527416518912
0.05785909937749056
0.14039259974362261
0.11161871753462008
0.08386717358660749
0.035594995137641354
0.07944011849261888
0.09614414509249797
0.06893186248821938
0.06506949031586433
0.07635456482530459
0.026583934287301124
0.09952054416847235
0.08537581273953947
0.08598325314278578
0.038669233679738194
0.05829560136039837
0.0936620371802409
0.05148753647252457
0.08390304649782203
0.0899287675162853
0.11728425504675276
0.248062390691651
0.41886829978707113
0.10042972098284939
0.08337373718287217
0.12807226934193416
0.16154695045899306
0.14534990233502668
0.15113705689621038
0.07443381980765537
0.07180412044501294
0.04365970162699848
0.10362213492529956
0.12455335896387941
0.048994815150727095
0.061661855515040914
0.07306751665077102
0.08156000929509032
0.06433310719500582
0.06593331256808749
0.08240161529829536
0.05062154227165722
0.17014445954894278
0.10530278628277195
0.05104514521400322
0.1824568608475618
0.17853939187726228
0.06810440224985434
0.1128645333818239
0.10146286051993245
0.13244362524011305
0.051844852489022604
0.0412058251225445
0.07225480440424181
0.056790687738322916
0.0506027539554818
0.03916552330985247
0.03095654647720653
0.11666883389774535
0.02981502382585952
0.03775731278141783
0.09482486475921326
0.12032053902028148
0.08151270776667927
0.1085403198366792
0.05222949825951187
0.24007634858333798
0.17847087468113823
0.11247853033617959
0.11684862215615172
0.10128464706468668
0.048071165005792185
0.06200283638660919
0.08876763802349417
0.0634423577162763
0.09546888545468411
0.13433759163599288
0.09749760277150576
0.0938753537069364
0.06318657063214378
0.08163591318954272
0.07388377312614122
0.05339322189384733
0.042091229288226756
0.15193692747561804
0.22029217245164684
0.04780851646573586
0.06111255361935095
0.07481516783532394
0.09428067679173514
0.10921959570956187
0.07644861248217183
0.04367775229518355
0.10537419477010722
0.06524830053696999
0.13461495554332667
0.08683518203439478
0.1568406262338804
0.08370091948043608
0.05612208567209059
0.0543460646045087
0.09315197094632272
0.062137091395696335
0.062101643192404174
0.08254160930693248
0.05546398757149318
0.10377679482817329
0.10220376185972244
0.16704191231871765
0.19627737411495702
0.10736495543345363
0.15790006994222497
0.14717744697500357
0.295122026663368
0.22122552507037072
0.2431998572747005
0.16496422365806587
0.12529881645197302
0.2971635373812988
0.10865985734891126
0.22066947521727756
0.06415744257401053
0.16072873513666872
0.060657621458412796
0.09969377339231031
0.07145147736330515
0.06348515087401717
0.12394444616288805
0.11192704168770973
0.17102829564029148
0.09952231400725638
0.04862259792814139
0.04577048020855617
0.06340151060570307
0.055719656144963416
0.07263470290214454
0.025693933576081414
0.02115686473301586
0.05701946970135903
0.10625482231654106
0.07160220601875036
0.052113411210222386
0.19722724092034474
0.1776194103949637
0.2791351364207651
0.10528454906020335
0.08072419306035088
0.07044731856213433
0.03013426321140576
0.09325992143276973
0.06012424635752643
0.03966207783128047
0.07601774590695466
0.09459175907028429
0.05761295389820491
0.058731234250999194
0.11296689767094559
0.04850990300170772
0.06863042707966005
0.06339589231391306
0.04178482969101122
0.06797853242875279
0.09862189479209522
0.15172154254525833
0.2487763898465517
0.08404702368561577
0.3096600575334845
0.13807065270893307
0.206361372982393
0.10211265446950418
0.1266107592046154
0.0641316488692128
0.10359120294472454
0.05540099760559816
0.037912095513803847
0.08630138828727585
0.04397677555734928
0.037970139038448654
0.07624912496889834
0.07299118752510018
0.11449973063985437
0.09694082712116088
0.12241609171661118
0.058948179399130295
0.09746503972122009
0.07947346056380566
0.03964802711690801
0.09192984626805688
0.0770237572035993
0.2842682122907635
0.11570140853489566
0.1328400869317314
0.1500819697485235
0.21524772319209629
0.11264876252645484
0.09495907409334658
0.0972810789074827
0.11146670720368272
0.043452914281117534
0.10607421753365188
0.09858897937559954
0.09748129872312221
0.06460613879252337
0.11146298607880757
0.0930447353467293
0.06493560247570823
0.07415441004308858
0.06027575086312932
0.05895527894873581
0.08291758720496682
0.061521462551727704
0.18771817285889142
0.21374512128499573
0.20034083815357673
0.20347056822048362
0.17073314169425394
0.22964114546033026
0.20440752371944487
0.08908004298385812
0.12904822295771642
0.04151079404177916
0.12875547295011572
0.09774505861610319
0.11679915865012884
0.10262170890344964
0.07929501015513103
0.08221580735338789
0.15111882037121474
0.10577244138908522
0.06605133447700906
0.09445721653694472
0.08570169214404817
0.07463994848152238
0.10316058084027441
0.09224902422518373
0.0918472312883962
0.10094264954483463
0.12286453808234947
0.11527103201611122
0.13904609808176513
0.11964063295500232
0.12019921054590763
0.06183268590256256
0.053365029098598374
0.07395196040568569
0.04160561399124773
0.0751337808159858
0.0471473596600233
0.05720620117745558
0.06914288331115519
0.10940641529277154
0.09734935421413292
0.12865031319242778
0.13527955430443442
0.10666607615597225
0.10462745201242453
0.10349840700300085
0.12492763212729388
0.2244779920499968
0.1880467917707336
0.25601173518816334
0.1443474734272086
0.11862414550403656
0.08499646385909723
0.03810557392928641
0.037573508286709405
0.13679043789993817
0.07525680807760816
0.11236334565177064
0.08518667450276883
0.054157631343142214
0.06377524119435536
0.03477875893914086
0.03458863005435401
0.041012823599722276
0.04681210262600073
0.29336459046349767
0.062435992632989025
0.1458484872100445
0.40279267352363196
0.042275033782935185
0.1850615241655305
0.314207058677968
0.2596818081592004
0.11210631311359374
0.2701195249781639
0.14272222601835266
0.21787727652952155
0.16403229298772012
0.1387250848649963
0.07189777016382567
0.10773608834173688
0.05467086806374061
0.04869187627215342
0.025045780884214938
0.0742058213987441
0.15245362065774515
0.17259255047555488
0.08995019951127474
0.03010524144908336
0.09740480682978139
0.0749172581257519
0.042157046913596924
0.05621057822553578
0.038028633184432364
0.08342478232808613
0.09445721653694472
0.12728401003554346
0.09966092447244708
0.13601878684161717
0.08904844072583924
0.11099301948940618
0.15548841170128375
0.20577559573189366
0.05591529832620964
0.03410612624729846
0.09830375964760447
0.04052984529991853
0.0652558542512064
0.059862586691793326
0.09310526152989601
0.1851420206962681
0.07627143960892442
0.1016681589008221
0.044486851010522285
0.07049398372977861
0.052439404061138964
0.08432057904667649
0.0530418993418414
0.020885994951340293
0.08109380932894258
0.10750107582069043
0.38467522347371236
0.16074853663169628
0.28971479562585506
0.17349787647678044
0.13870466506004775
0.0896442656756888
0.0944135282902106
0.13205803967396607
0.07376165433246994
0.03952395470937945
0.0849082866775964
0.068193539919507
0.12716729366593596
0.03745742123741992
0.08323758368677235
0.09928708645784817
0.05684727671999486
0.1275325559095548
0.15584544594169988
0.09017975654473875
0.14454904110583314
0.16166956698849
0.07271519943288211
0.08316627911469873
0.10169801670425267
0.22645156722363435
0.43592440223947654
0.30186199026565436
0.2126882984317493
0.16581905735344302
0.02869284901606078
0.058454013320616824
0.10247765164403476
0.07759605387894186
0.08499747437212983
0.09440440471403386
0.1720012453205361
0.08758133389211296
0.08161127210497057
0.05922938349664837
0.05896885219132691
0.10510028318899532
0.07059719988375761
0.0392877467663778
0.08513849734337095
0.047523030194237
0.10816594912681426
0.031114602643554003
0.1159914988552342
0.06880504288612203
0.17515727117227664
0.11245365344029873
0.23046317132466448
0.1923350552135858
0.11400806723473286
0.10087901407106142
0.024997411280344262
0.03985481446278896
0.08749643299970523
0.07748036837185401
0.05994401552964444
0.09306899045189523
0.0393171673634985
0.10597557442993207
0.06975556472132813
0.13769438059256459
0.04068851077597832
0.15328857107765173
0.10867364317196973
0.1106999049207685
0.24528219640227508
0.17246295092472447
0.08652152113773558
0.11507659861416776
0.2512110786405094
0.0982862640304973
0.10150375372795528
0.20599968160208645
0.07966462642372274
0.08465551815894548
0.0778133130462575
0.05548378906652051
0.09127775197564117
0.07789517090428429
0.09171332240403378
0.055101934765744584
0.07557420638464515
0.15252559621392617
0.15211161091697772
0.16807386867595717
0.052317198507881066
0.2518072432490011
0.03873816279503184
0.0835472795323085
0.06540584606754275
0.12256475466489214
0.07668516997650493
0.18561739612189618
0.1195585423470155
0.1038523346810813
0.04637550876956834
0.09669337127656279
0.10574540718791822
0.044128419610995305
0.09065301231874731
0.09300741962843705
0.10708795748485335
0.07584521636920441
0.11017028912479523
0.07482446101023835
0.050943054923575204
0.08934434556321921
0.16972779053714823
0.17443598210817976
0.20442945961829964
0.08449297928152867
0.09827367467457686
0.10433035208105174
0.31855146294669007
0.16501788801189135
0.03715279314327784
0.2213015084252081
0.1702532542448047
0.048994815150727095
0.08905772834383203
0.08348310303513591
0.1966655324940462
0.17154035736920753
0.03221415617784301
0.03770534726474367
0.08055853470472654
0.05943342926620396
0.04910968155350412
0.06847356980443507
0.02449436740008967
0.0778133130462575
0.05568885113443023
0.06497854001835947
0.05257296929750599
0.037359580489158786
0.0545162150885554
0.07565926055329623
0.05315501121618201
0.05332516170022864
0.08890477290575077
0.15841717249141543
0.13302644359346358
0.15554544157165276
0.0980505282743166
0.07771798074247491
0.09393663175505107
0.06687697615797167
0.029529232991800065
0.05602558539330548
0.061168711872516456
0.045745012053333985
0.08329982368771108
0.10436440373583718
0.10883114079256721
0.09304339756874665
0.07481960170884154
0.06473212917263195
0.07476259704908898
0.0657291881121421
0.023227083778679047
0.07030030351075683
0.07323330335023279
0.056311892826193505
0.028305892185095737
0.2674379040489966
0.06482494310742527
0.2877748145860272
0.14244998524387834
0.17236414570330325
0.08985740356955103
0.1269070012749895
0.05589817326517156
0.07970731438328857
0.0660959637570611
0.08812521265736635
0.08092584556810824
0.03552263708259449
0.09702515171560949
0.0519809728762599
0.09603236116984716
0.20137548772833241
0.11883971154547399
0.1159575548799228
0.08728499008037928
0.04332884187358897
0.07030030351075683
0.08473494105524508
0.18643881741736854
0.16791576311844142
0.23342443192580645
0.386187144034852
0.07362195851153591
0.09831294968217007
0.0950067226956105
0.09068669706573144
0.12236634512180465
0.06102410498865708
0.07411047263233234
0.05044961851983981
0.07671319379284486
0.11130230203081587
0.1080966025148544
0.1013405042086513
0.027077304246781585
0.10742233995115942
0.04934364037353644
0.09677092667869501
0.03416828817421672
0.12790722449036182
0.12116661240282348
0.25525699508918664
0.12984889031139024
0.11426835962567936
0.14599894831266055
0.07511107832757163
0.09851505612188108
0.15325850214642034
0.05106268860953665
0.13270785553807163
0.09630818465034495
0.10357525890607716
0.02615828177323954
0.06142432474085048
0.09867973754563882
0.09295330494480739
0.06126582561449475
0.12790373967645163
0.09432607174451285
0.10556176999058546
0.20100176434693565
0.30601008382566774
0.13885651552220107
0.17389959479105507
0.13167869079352382
0.2957210774924257
0.19362964257272236
0.1471251080529073
0.10091625208808419
0.26516181991069826
0.20971523850887538
0.15118699696829913
0.11441240235491129
0.08927065258789607
0.10071460889819457
0.09953911348943659
0.09376310349442032
0.10101053820935475
0.04597466078941221
0.10495567630513601
0.15806242073680005
0.036286876823750515
0.08836712580646072
0.27956324043428543
0.14288758811706356
0.11305366180126063
0.060732874619969575
0.09088317956076047
0.05922627162668195
0.1122658282019108
0.10702708062260612
0.09761533269757884
0.06440896451413783
0.09895952152154731
0.05022699665926762
0.0925272725707013
0.13863713693587829
0.10421617512816053
0.03285263494893543
0.07738717161022572
0.09807160661519732
0.0950261899170036
0.056322151425665844
0.08334074149023284
0.054720395669411434
0.14794766308886767
0.0633129951137686
0.053364921060344545
0.1966261924148194
0.046057536805618846
0.10001614629108749
0.16990366915809008
0.08969354784483445
0.1640763625210548
0.07715925165971277
0.1399173638629672
0.0742090855251443
0.05525357881939061
0.12475781119186756
0.11575953992964948
0.16056791116335206
0.10040520894552894
0.09463074479757617
0.054176890394718034
0.07756713250216975
0.07425560635240958
0.06505711720600431
0.16448124447364104
0.10400151771285987
0.08075668225415365
0.05580891470506746
0.0546039241436626
0.030482524359274336
0.08062429677387287
0.024784585023313505
0.05034182789869342
0.05216517604052601
0.09718443755495254
0.10709585818625485
0.09517373150864657
0.06650281043531442
0.1507091786528505
0.08030321634602844
0.13615507980777822
0.19880554392987138
0.04856745463590647
0.06576705472468773
0.0823391596695296
0.07872560706128293
0.05455311880023693
0.0611421136712854
0.05115918937094776
0.07502181976746794
0.041371254999249325
0.0600381329228016
0.02400099744060921
0.0600256820192354
0.08512899851042316
0.02564556397221081
0.09313448606329641
0.07913699013010947
0.1555680856559181
0.09002142457350831
0.043610034849764674
0.15803576958255416
0.10271816761059895
0.1880162848715786
0.2510664717566501
0.249665695515505
0.18975315300027454
0.09375162613228429
0.0792703690705582
0.07547891365486979
0.09066163506449336
0.0887876734034713
0.09503564407238264
0.034593940688278306
0.05662608109073419
0.06765798855888223
0.21581242846979556
0.11607005204395283
0.09882290756874691
0.050488192520169055
0.10069505645882386
0.11488633479931215
0.5015673013819987
0.269662917020966
0.20348607640182495
0.17159213961201464
0.2480874058559843
0.13413405238560083
0.11487673627819213
0.08878070049822262
0.09124593617291843
0.14129630064473697
0.0928065878682029
0.08682197306917017
0.08419685112437778
0.09552254980850962
0.09694465518487191
0.05871143275597186
0.038211987057801815
0.09060526797402631
0.084494525097471
0.06339589231391313
0.04963289619641579
0.02752230460239144
0.10768153958294659
0.21418705921085218
0.12726501509600008
0.15162863173255225
0.08140380681490834
0.06792407323143382
0.0836110168511989
0.09602630658003311
0.08031620514016218
0.09405620770966007
0.11774698480719406
0.0722324897642157
0.07584746144843069
0.05520656813613813
0.029147523292444775
0.055625796041976316
0.0865069383659084
0.029660241093473504
0.16809489128682778
0.19276720461267613
0.10220814551180782
0.0711857653488695
0.0600777359128562
0.0496027450434096
0.07080330353552539
0.2287680902655344
0.2860290558534809
0.1418034134045011
0.1033834341067608
0.10729830782365775
0.0983672096144448
0.07740404406175175
0.10798435201903323
0.200367298275553
0.13590497606182617
0.12379709516869154
0.03500991928156576
0.11395341643725436
0.08430669985908311
0.04908841464746642
0.11713157592609541
0.09439937378340114
0.22532644642968114
0.054996239600912204
0.1030272562444533
0.09417591034988289
0.09601286770391917
0.12652628403302563
0.05215112336030659
0.03009445173720799
0.161798026782391
0.04735430220673816
0.053478297135870705
0.09619879417204222
0.06200283638660919
0.16096635307699644
0.17378855302219895
0.13353336014104988
0.032668830454227
0.09156507885975722
0.059206470131654615
0.0957372072238096
0.0926258743931487
0.06926464264075542
0.06741252751859608
0.1313268520859906
0.18715022909080561
0.1758483095672622
0.11312594109101781
0.13047194518708358
0.18717520053822692
0.27544442662101765
0.18706472352299022
0.06008472192810303
0.0723342135891573
0.12110781417129624
0.3349262181642222
0.1808272525893878
0.3400978423659711
0.19273205480777775
0.03748644299974226
0.11152857085003108
0.08550061823345538
0.049258565131513055
0.07283904599706893
0.033761480670830214
0.07423675337931912
0.04680839816124093
0.07532779553891758
0.03613996281151425
0.07222301888275032
0.04949677580917843
0.10893486754153447
0.08698072937610221
0.07986637384391737
0.10800187368239265
0.07548479337459447
0.08101886918875355
0.05242748509235091
0.18752054017185896
0.12173959142789731
0.07219485038100538
0.07172763737457291
0.11729156256632228
0.057027762963478924
0.040943894484428624
0.06860077945055505
0.10275765167047358
0.16595085991702083
0.08634559678963737
0.06665413376930696
0.23273222184416534
0.20396547990967911
0.0714794925595159
0.027628717730906853
0.032668830454227
0.04777825592030701
0.07977357790219299
0.08332248647977329
0.03833490405571643
0.11504923679852017
0.05455050184339538
0.17801792118015852
0.14470943315734744
0.09323352134619224
0.09020064027327165
0.18616164341894315
0.1004568457811584
0.1992328868817476
0.07017954288182188
0.07716402520996546
0.06150344355482247
0.05489054615345807
0.07955169169274935
0.06070969270785448
0.0599099854328351
0.12794010552493465
0.07638736217554569
0.10070423391967048
0.08334518049717171
0.06096880318908511
0.05837509830805941
0.07493528721592939
0.039234452425146116
0.04648579535403819
0.11501785893760548
0.1009694817217474
0.03947927067921244
0.07402484176362027
0.05596363167832493
0.22908622541002516
0.18380498326507003
0.1483393291279956
0.12603300551968027
0.09815915276374516
0.10475322666773244
0.10872591172012795
0.08537590423057642
0.04168832892960011
0.03174013405991082
0.03421665777808733
0.06659689945586951
0.17814944531845253
0.0841493038159642
0.04760244702179531
0.04728537309144452
0.037566367835039804
0.04777825592030701
0.062201633640990614
0.1869397765494055
0.13550274347680719
0.16821937287729793
0.33276624702279745
0.12837358432289572
0.11771046100405898
0.10425487131878305
0.06409939904936572
0.2948656533037828
0.1725861563475879
0.053902568159635005
0.06743063682769823
0.05490756120186277
0.043687273273115945
0.08599738515892072
0.09486211581175119
0.08174057147273246
0.2184432147374883
0.08966930509259899
0.05013025745152634
0.12713044016208364
0.11265427325311651
0.21080031264979626
0.1326912766293645
0.06810428135940262
0.08845327828699029
0.10161345396764733
0.08756754806905384
0.11944261800472901
0.13898866807811774
0.10239845139413488
0.16515065083254837
0.12983840289406634
0.09871996747509737
0.08651484793494871
0.05441450833504574
0.10219926381886231
0.05565622333166811
0.07742252561831044
0.08170397869857059
0.06728548010279678
0.10721024467196633
0.08754033282206308
0.0857019730585333
0.2045529160808584
0.10801715537397204
0.06837768237130168
0.15763903936095308
0.08996828918762152
0.18825203377772284
0.07594027807689731
0.1484624348568767
0.07098678194427373
0.13251975283228537
0.11905436896077397
0.1400951490829647
0.05536386540386045
0.10582610574291004
0.05587741896092885
0.09437045240662968
0.08555384563661121
0.0647570853555001
0.0828886658281947
0.11047965926856387
0.0903966067453929
0.11003875751817342
0.09667089872332385
0.13606934209212798
0.30648580991594815
0.08456223864225086
0.18223116841399153
0.16901108355704972
0.26594180762931724
0.12078938414426676
0.1490318545054737
0.24466777826035485
0.19649706261038605
0.17329688961707745
0.06563430358261443
0.052565343322938204
0.10189001036731707
0.09257732704677304
0.08542044201959163
0.04225354767500804
0.07848411746907019
0.09876650167595452
0.07700782272978349
0.06392553685633665
0.08696657995302948
0.06042043688497513
0.08548738593966924
0.03644971616728261
0.06928068078808175
0.09690989514058586
0.08617649788115922
0.07308044608520456
0.10475897615071787
0.08555384563661121
0.04082394566681613
0.1172070676453238
0.17245040101665446
0.09589681280870743
0.058798090465144136
0.1288607744929887
0.04567243179357312
0.05872069909895113
0.054136927151633416
0.030550241804693214
0.09626032354851728
0.0849378185222926
0.11921391505367065
0.08383610257774442
0.08588904946013759
0.10337467908070144
0.0706258356823424
0.07915492189188288
0.03913795166373501
0.10331678332045707
0.07190685307433693
0.1337025248917783
0.04787623391115473
0.21280605575877112
0.17026014505603065
0.22159558882610922
0.0904901425575047
0.13914820458235727
0.06540537835387294
0.24050719020040637
0.08136486125924298
0.08099524499065128
0.09721297695399671
0.06281955871003327
0.05461830537898341
0.06251328783874921
0.06912701914033627
0.04714751486085721
0.11932527446671544
0.11695804766546397
0.0685195999255971
0.05084096463314718
0.04246033502088899
0.051393548362946094
0.06398000481556677
0.1126504244483234
0.18636518296266577
0.1873240743604818
0.06293866404886593
0.13092396158876074
0.17852465772962273
0.09627114387360969
0.06855689807106503
0.0629216490004613
0.07153126349322302
0.0769294660361465
0.025316650665890433
0.05358284554389882
0.10400271235553069
0.08805287549415554
0.18541494648449325
0.1318544435488211
0.18017806796745509
0.08131454825480465
0.21549317832724346
0.10727504329618576
0.06655282478678631
0.031749807980684955
0.10715720263550943
0.13750281184031393
0.09441650359750145
0.09476374770571099
0.28997784390244175
0.17820471524776846
0.16938281535313002
0.06965976391576342
0.18571561137059647
0.10278697144978222
0.10078165648336015
0.08465286981127919
0.0801574481151779
0.0555634536647813
0.05324008645820533
0.06302815867192525
0.042911952076572044
0.0968232230728862
0.1383061388812506
0.09208803116370926
0.03575481118117351
0.07207517237531336
0.07843257219508484
0.02550045516059886
0.16383959941267412
0.04893967185849217
0.17406033163140464
0.1013719643754346
0.12224318723127836
0.029650567172699364
0.14618907971314832
0.14602700433025256
0.09250263148612847
0.06112633944240961
0.08803637244992103
0.08326464372622903
0.06574096349066666
0.04587257049898419
0.07850649544880263
0.08170096848267806
0.056731283253240915
0.043094482881590554
0.05051767871345849
0.09610022983375091
0.25186872483192024
0.11273552665677057
0.07069752612139431
0.04148154158371916
0.12928396103330214
0.10743603635766023
0.18574449550944036
0.10391753421670791
0.1430856030673362
0.07416859599594668
0.05179333723164933
0.12453215379380796
0.12787434345578833
0.04397764383918153
0.13813322624267596
0.10824436581549363
0.08095093358447943
0.06189947345536869
0.025897085912338108
0.07138522200727626
0.030840459427916977
0.07685162024960084
0.08730336264127711
0.14546164881150425
0.17977667110025075
0.12722513641947955
0.17225572005329015
0.11556618596214878
0.10520896567392285
0.1089468262996544
0.08311472722108422
0.07573398044917619
0.11395341643725436
0.24742491261715557
0.1467050085396363
0.28244616555413543
0.20351976589068418
0.08570169214404817
0.037399377712775114
0.06304796016695258
0.07944702199234142
0.021505125880884435
0.025084476567311408
0.04546420933727218
0.09048860714588046
0.08026576017358164
0.0822294484958711
0.09408123863891038
0.03450591511600163
0.10581116925706523
0.06855621201144424
0.03962804773447113
0.08986386748898662
0.020866647109792025
0.1126146465017732
0.08138199257562027
0.07858041870252112
0.17711129788649324
0.1631165649933776
0.10869714867254804
0.10804540814748366
0.08760705761932105
0.07527851336977191
0.06895223768039146
0.034616201700471465
0.04529405885322548
0.04170388363984059
0.08635923104082012
0.0970954870240346
0.07185314088377347
0.03367491821473619
0.08685700145380351
0.089795539608401
0.054992636443886085
0.06947322837081253
0.12463460576900343
0.12598151721828937
0.027831870067163478
0.11985137101988877
0.08672159578120839
0.291353949599873
0.07124842650144574
0.07620147393779887
0.3126657577580587
0.24846915960267657
0.08987348567345489
0.07758800337045989
0.07001865316471023
0.05902825667640883
0.07644487202372004
0.08786314263295744
0.02702893464291098
0.09091750307232575
0.15204190386720615
0.03114035097191495
0.10235275239566712
0.062309107257893244
0.07430558628655555
0.06704786216246907
0.26149896377865156
0.15998020353243214
0.09171317050692837
0.3806966182903361
0.1526337624895265
0.07158701372854011
0.10812507910525677
0.04124959818087772
0.09217311713588276
0.2472982610262236
0.08095035300086348
0.028586435887545367
0.04108175271501593
0.11528090721419215
0.043762704496805395
0.06697446786875282
0.09378576510253961
0.08185938044289633
0.07637436632033144
0.07738399821565754
0.041702114752658836
0.13767289175864894
0.06758250252820641
0.03656742052620021
0.05960250003220078
0.10522105933446528
0.2517372006936269
0.12895705185897688
0.27084108178074756
0.10106938752372611
0.10748441090636467
0.1858393392928952
0.15462897089300634
0.11532469636993604
0.09400814243578896
0.024310562905381247
0.04515793846598819
0.07408209347644537
0.06813694438897103
0.09354654336120273
0.08397816230035597
0.08688258884268354
0.08927464940709777
0.19669434881782571
0.0482546772756377
0.07109444312288901
0.06721169575836193
0.028547740204448897
0.08569403937506648
0.1400371313063513
0.1582535482582553
0.14194342520549164
0.0527445590227017
0.11492221371624883
0.10205690537075172
0.07172244861937786
0.1501528620023645
0.12418839185843274
0.11988425205446228
0.11166444987472544
0.1142944761769918
0.07714250862344481
0.05013738540914695
0.02659360820807526
0.08202102452503886
0.08806334869621699
0.09542076233188428
0.03825068274089829
0.10974339964794969
0.12902071882295424
0.07046483891874103
0.17312120543946716
0.06675972726225071
0.21455008659237082
0.11620157618224618
0.21168131306680174
0.08890362791438867
0.24575285240127573
0.16369072481682279
0.06948777292055432
0.08568778376590686
0.13530545726936685
0.08870790446192413
0.07690482495157368
0.06070969270785448
0.06138463458465861
0.0950261899170036
0.07805879590729194
0.0744056265783699
0.06660920047765949
0.05613264468699886
0.07714171056993936
0.07502244908560964
0.15070487324698012
0.15772216895047825
0.12310685852549227
0.20948507126686225
0.3335086145565904
0.09422610060642092
0.05915602553378685
0.13821323819111633
0.221024287494826
0.28557716128385385
0.29308105990836875
0.2240403353026695
0.11857999709825226
0.05836161602801031
0.07537707770806254
0.034206983857313196
0.10745522098573293
0.03818176862007436
0.025152194012730285
0.08351782781632895
0.03429404914428034
0.14538776103221754
0.1576215034067212
0.05303406130693502
0.08682779200901944
0.1498963778650748
0.07451463974801635
0.07915493829069874
0.06767602164618843
0.08196974852299821
0.06511411959591637
0.10805675836402642
0.11857138977634918
0.06568592205632258
0.18300236285336163
0.16686942472670854
0.1596246204524784
0.1648655073508155
0.10934112091844798
0.07491024656733745
0.08296826416442542
0.0945232004210948
0.05464855342371458
0.07355363744967884
0.11140234335343314
0.07513273567007933
0.06727750139205617
0.1308113458504748
0.1833541616086997
0.0807191949393163
0.08674016920451803
0.04187403412388728
0.09075165542246715
0.09740355403933383
0.1044138238468226
0.11701512351542381
0.13744465589553986
0.10197373316542727
0.18707393743396858
0.15748128995219024
0.08916670354386691
0.09053707256123726
0.10126463566778494
0.058909447706244976
0.028973392718510484
0.06184912227761937
0.05275118275275177
0.07545587199782304
0.08739240020402107
0.20681262281914697
0.15153577283553513
0.11866925565835595
0.03335567882919002
0.06001207572326312
0.18827680396704613
0.0914000068793813
0.059426895315462414
0.07172244861937786
0.11010437822660456
0.10600375156108004
0.2080693181323577
0.2234835596523253
0.1517644398836089
0.18433211720922155
0.17575551362553782
0.048512311343671545
0.07013433867179808
0.061967755352248015
0.06606274773956075
0.0656496709565408
0.038743265217428435
0.0711857653488695
0.08557848672118404
0.06373837132388531
0.052909594712970284
0.03857273291832708
0.15370101147576531
0.08841710196775926
0.08540319836679124
0.12491142627772994
0.06419921935484972
0.06589026014755152
0.17297163537381338
0.11626382256187423
0.13740257399449868
0.10909927271440065
0.042420142594547065
0.09848566375482407
0.19875763373730423
0.06342171338559302
0.0593933467409748
0.0688304231494946
0.039644398669971305
0.037753069158316145
0.07899347452395938
0.03944430515121061
0.05891289420767077
0.051533462493969895
0.08450744201500002
0.14794538159315568
0.23322538493943204
0.07209867206590287
0.09131068468786604
0.023614048211678413
0.15429555644156395
0.06903533203627062
0.08893235462680386
0.14411522187470607
0.08712407909381693
0.056374404022628395
0.06131934104986687
0.05196395788008531
0.04403494529739514
0.07399717699089799
0.06090939871160113
0.04798243650116298
0.07844350273748012
0.054693182703766635
0.04593436243168899
0.04058546308490164
0.06934950044851382
0.08870717687273372
0.07258952400463185
0.048140094121085844
0.08137771351568451
0.21144514671882536
0.2060983247058063
0.09920032232753245
0.058276165014569635
0.06936117731881933
0.10914927593705798
0.11423606807930001
0.10573489390169943
0.19694392031921865
0.07227230105189528
0.2085665111408828
0.06303567593604377
0.035771740542528234
0.09088752882596561
0.16657532114863022
0.08586673482011148
0.06340443404424369
0.06586071225043558
0.07655665192242304
0.047506015145832296
0.023938116955577366
0.09393663175505107
0.07598745669972072
0.07096941710634276
0.11397914585796075
0.05421265201820791
0.09974644091629428
0.15232722084278805
0.13701644484146613
0.13540265570172788
0.15003648382794424
0.19248557639243624
0.14905921182252013
0.14451626108305954
0.048934502174845136
0.033112016949691694
0.05689142114256852
0.05148940291390135
0.10859093463222408
0.09171295991988625
0.05930075319073872
0.039083566185521765
0.0742411741734043
0.04112311018419212
0.07398485642970194
0.08873611927371716
0.10179890772407658
0.06573753485164317
0.16892618525464087
0.10736894333542293
0.11295994887098397
0.2068482948654696
0.07361150943627001
0.2841721055399183
0.07057842078256192
0.18741052148175277
0.18989399922747208
0.2053141120312319
0.18002617095747345
0.1297721466262621
0.05120330400473564
0.13319450858519513
0.044526680170175
0.07480540454597488
0.05614586576946031
0.04546591084211263
0.05519468723912175
0.06616273533474835
0.11809881187712931
0.033082874263359666
0.06781719296114108
0.0849247307529348
0.0754709394042505
0.06729871013641016
0.07017284848981431
0.029797610768466102
0.048373676648398735
0.047864625206225746
0.1974585282628246
0.10611436660411987
0.1252607454762343
0.08112041088657804
0.08842951649295752
0.05869170796706085
0.06867776760807147
0.13902801748609248
0.04221460272486713
0.09399331441846862
0.05874695168767708
0.07021559590460616
0.033320334332950854
0.07566151249934831
0.07784014522317026
0.09819235141130335
0.09497057097464567
0.07913560580283953
0.07431730332977073
0.07531709228726716
0.06674466293483164
0.04339637086622819
0.11350010833988587
0.17210158271679205
0.25742561967481786
0.22080025096488237
0.19212470589556838
0.10975139068705854
0.33459123387670586
0.055198435527155684
0.10977333392315475
0.06675579011081621
0.09539699576182052
0.12915053861016684
0.039898693348157925
0.06872936340308251
0.10232999976801005
0.12522113033630755
0.07884444428810528
0.1018638613314203
0.051613455127353165
0.09337532712388968
0.02289805356340403
0.06257011579717398
0.10977035468259586
0.024678157281178732
0.09143491121562523
0.1261892809198874
0.03787549453588107
0.13418771420609932
0.09927905330959645
0.10498314134048596
0.13022823892848187
0.11327516391119066
0.11053990539338694
0.08634286312948666
0.04555353834139671
0.08170733272068434
0.06672216834279121
0.03593964071410961
0.07991277181477922
0.09600440069556125
0.1517326064180882
0.026476916538737325
0.06674363153187159
0.12497604747895466
0.06945378449541331
0.08661879194798691
0.08003751159243395
0.0721899876616293
0.07049820648549911
0.17156216482052228
0.20511068297101898
0.11830184703380475
0.26452937264395854
0.18331064988091228
0.09274000979111512
0.029610057629457735
0.07845618233397175
0.08716608135547553
0.06273708743377
0.03812797857206906
0.06683996228231633
0.03653152910354036
0.049359983737548685
0.06990587051014331
0.06388077970064318
0.06904205410649585
0.16857176408153743
0.12220514983697857
0.18822840719428405
0.045158481909174625
0.061361507057263454
0.30700088211138865
0.07865018023569802
0.10589050296750024
0.17799661334250697
0.11488412860356384
0.09165066668003492
0.061850095152993
0.13504299989253624
0.11236827386868535
0.145504036623465
0.06537181597073341
0.10056993234607225
0.03416954103336865
0.0672578403413395
0.051339292307856346
0.05554100462699368
0.06312799456694546
0.034042007343218696
0.09640390526562755
0.0925720723504352
0.14679615667061072
0.09416820014957444
0.19400200551277683
0.1787543534139302
0.1730798973058246
0.12612901623982561
0.10937684620155282
0.16835528212644574
0.23917129212728314
0.12406824724310887
0.2363223538783485
0.14029759872036762
0.13179695838566186
0.3495695142371846
0.05877620125647264
0.1264982678090881
0.07547654582572959
0.07072104379968432
0.05953980398859121
0.07921978851973355
0.053999270266507644
0.12301939433148745
0.046922154726556566
0.04977388584552434
0.07191651472038453
0.036643790400023
0.06847482382926506
0.03273270422253659
0.07049878672158864
0.06570128634130717
0.0963065578393907
0.10904264205233666
0.0478143216273003
0.12231716279541935
0.10534195369202001
0.1920978103612583
0.12977821786097118
0.0721289258382311
0.045117102372052756
0.023590823199786184
0.026184401359329628
0.08414096144241706
0.06302073391439493
0.0883448297194472
0.07501764691133973
0.03518308246342265
0.12644401845184702
0.053294534613100256
0.04763506206353761
0.03656827424558766
0.07384205917395241
0.02014110305173247
0.03501185482225703
0.08135247718101653
0.23759200231863387
0.16168784898084684
0.18883448751486423
0.18543155373536604
0.11858702712734737
0.1038105118217185
0.4104030128059437
0.13193538121745838
0.08283897978196968
0.15058620165950162
0.05637213149329456
0.056177943064497665
0.06564483720377863
0.0666000389764921
0.12050147506882401
0.05501331062157738
0.11633879028081949
0.052475881480472504
0.0768350993950422
0.07428078654454845
0.2800193561785538
0.06769940446206256
0.02059610579504314
0.06767651264234015
0.1507433976584169
0.20338761664601832
0.06198585744611249
0.10536377605084822
0.06872233526154897
0.08700478738072037
0.08675973407214482
0.11846196117555556
0.0811617814544512
0.08065752424383409
0.030211654657790885
0.038930430820403004
0.0823012296052561
0.07148378637109995
0.07632351331596307
0.060124246363909596
0.08747289673823398
0.12971237482373438
0.19773002527125566
0.1476247376757842
0.1386593227961154
0.0886832633774511
0.04235242514914774
0.16290221011051953
0.14506747480914478
0.06529263671613016
0.054592721790294035
0.06423604986859237
0.21377195346190916
0.35038030441370027
0.21840516132231486
0.23850105757971238
0.05366546266832204
0.06672805702302523
0.06096204323300015
0.043860311485489946
0.07269996744169381
0.05917313687525706
0.032397960672551435
0.05487169982397477
0.05669414128435287
0.08980085140456823
0.0359095939135596
0.08882950669250939
0.19716283595306905
0.06035075474939149
0.14396133717980464
0.10363664807188681
0.3584649231340289
0.279536855809489
0.337053723854351
0.20417564390867263
0.315385467188869
0.30740202295152996
0.13734452235318134
0.14630334130829065
0.08336498474019506
0.11176571911183424
0.047858173475782674
0.06605129961038404
0.04243482047805604
0.07731069767058907
0.04947922935069727
0.08098701247547223
0.07680874578524932
0.14844362961719978
0.3442238697429327
0.06105097506385088
0.08187974629915391
0.16742035746956307
0.07121269377292015
0.15233893629337444
0.07346264500637001
0.10789265855429854
0.17450957469555126
0.11447840123907675
0.19720066984635912
0.11295622555790218
0.037557063722921516
0.0896649460524225
0.0889567168818362
0.10230276333609067
0.05473727284491043
0.06661589494906953
0.05732255508544422
0.031317383730687126
0.08648698525292765
0.06000447038565887
0.1092705900114024
0.09519172704588436
0.1684594044305975
0.15719020797556443
0.0758852693932945
0.05638251244787822
0.12075542443566187
0.08432985864087561
0.08300159557354111
0.11815012459882834
0.09806365801602601
0.10918687372686296
0.11589441307104767
0.03400673369728888
0.09448131057732152
0.08643449148824452
0.08075716036010805
0.09848596432126742
0.05206945112796416
0.07746114124791595
0.04129382097328813
0.07261630157266344
0.0665935802296413
0.05544418607646584
0.08353072039253075
0.09429294284601798
0.09979722803359832
0.08470483316442673
0.21225861868404325
0.09713761949426457
0.19181480328713993
0.09749555561346325
0.07653368772419536
0.20904801069172826
0.06098158830029295
0.13641634995758184
0.20352840475671846
0.16464101137324574
0.05463056539565021
0.11378129061522936
0.07359348735986873
0.03830257546374753
0.035382004171383936
0.036416882724300235
0.07719501067153348
0.04373791349435241
0.02270865231819304
0.052260198495582465
0.055175231228266154
0.09940955636814353
0.04610876117101261
0.054499609739033145
0.03869904754151037
0.04376408821570763
0.04797719360960158
0.04403892752117968
0.07397325852360459
0.09459184239056698
0.238109768462229
0.1327119811042323
0.15378502447398773
0.06906381796918853
0.10519967084767443
0.039386097573624004
0.0981302325354009
0.05421038606006481
0.06799415679067924
0.024097736648350486
0.07263470290214454
0.06002909077166776
0.09265150687887162
0.05406754320659603
0.13027465897964322
0.11878604719164915
0.09858607963494148
0.042816773346286245
0.09171317050692837
0.09197794440185156
0.1055613603025587
0.1509139104959501
0.12322298054660376
0.13433413295661947
0.05750066797796358
0.284185628377603
0.11165274763142963
0.09835402580064467
0.0917184428594985
0.08689585220263785
0.06089733127312973
0.04380090700040802
0.038488039491358414
0.07061771165207732
0.05085919855816989
0.06194786913620596
0.07481033276288959
0.1454112406817413
0.13586443485711439
0.04259301580374214
0.057357728172134886
0.026380781951044433
0.07678625532932894
0.040530319792666726
0.07059670730094786
0.034078554601181005
0.027686761255551594
0.06924618922400153
0.09858607963494148
0.10322519357736273
0.046434067096338266
0.07571696540077175
0.062425810755441784
0.15209254848588
0.047421559634770745
0.02254023540371603
0.03494706145388105
0.06707731052964977
0.023236757699453114
0.05875103574602646
0.07921565097816638
0.15504750087402375
0.10008986924130073
0.08017625336557481
0.041977831213833444
0.042418515672836644
0.037126835618984964
0.09233798042765629
0.10374076148095082
0.127282484833468
0.09689016699296378
0.1397642316966759
0.11726313835874937
0.04180101166500292
0.05654100584871087
0.06578056648072125
0.09189891428748186
0.1417303349933502
0.11965710668530681
0.07727791873445113
0.023304475144872057
0.06214332172935608
0.058628306553818205
0.09295468473888238
0.06949806838281658
0.05792880550753903
0.09656841044063393
0.06231192022546045
0.04443231811556551
0.2648872504802261
0.13086880016591076
0.14625484178229534
0.07239550647475941
0.11592455493515594
0.07183792395904329
0.0702465278851805
0.04375514366137662
0.06274505014098795
0.06948785849517408
0.10787406543456353
0.10918544358058305
0.0463065796542747
0.06142939691570666
0.1352363577852891
0.048264166528614406
0.036513956830358255
0.031666035565903264
0.02892265677721595
0.05202759132667273
0.046178841370268245
0.08662361142816354
0.0850672226373204
0.18890160536979209
0.10748970071148574
0.050414754925776274
0.0326204608503564
0.08219969884295006
0.13263822031464245
0.13424462875237844
0.06515385641374559
0.0634423577162763
0.2296302671335201
0.1749146975999845
0.2823248256091615
0.18742275573383096
0.20411381074150345
0.07569055646633069
0.03922676164909959
0.041006266655249216
0.04673152826444981
0.06628451750071558
0.07739181539794038
0.08211787529574131
0.052899785490112004
0.08226834850254125
0.05342286423279276
0.09542516007299995
0.07244478864390506
0.024542737003960275
0.03526413538423184
0.08913568321091976
0.024291215063832975
0.026883825831299026
0.07288930319552525
0.19656282467953237
0.16893927583081983
0.08743067093055822
0.14827989870940503
0.04592057660863026
0.07585456413164493
0.06247371681116064
0.04382595301109657
0.026827211672288933
0.059884314392650684
0.03551040602054157
0.019405885072898844
0.05654529782592603
0.10260624451341033
0.07185499087506582
0.05917313687525706
0.06027209286496298
0.038028633184432364
0.069684987171756
0.09289299647108436
0.0760632209100324
0.1509071936031238
0.033065461205966186
0.19656282467953237
0.10016377569531133
0.2018805483153718
0.18350045441807455
0.22822726097367574
0.1155321786676938
0.12087895699082414
0.08920989878567322
0.06654808795208528
0.05554113902475528
0.04582065949319356
0.03806266328124171
0.12295901201805601
0.1146796076016095
0.10781168683443537
0.0992607256642648
0.06973682779559447
0.03591926783433367
0.06846131559981876
0.250263714062912
0.08620145442050221
0.13518050728518796
0.1575330366409568
0.10702465278851826
0.08570479881431128
0.16393657733109282
0.13542277025275073
0.16045151420628662
0.16740183896087216
0.2872343716168152
0.09622504494993676
0.10410884642051019
0.09858897937559954
0.05739175826894423
0.07532488708388427
0.04389882488404276
0.11012274852839192
0.055281150465508064
0.06989927744640133
0.0928578056852979
0.030453502596951933
0.03557100668646516
0.04383076469042407
0.05976091199241923
0.07881468650437694
0.04179861551406995
0.040887161316416565
0.13690494602369424
0.08033035355253787
0.09533472457012172
0.13907117293750104
0.13339835726411248
0.14926322551964874
0.14585050306056757
0.06983283367919228
0.02702893464291098
0.1093952020255615
0.0688513659574818
0.0651753577204689
0.06116442831131142
0.1340440426362816
0.09215350215968073
0.1476383432831209
0.13981015900591715
0.08166042871725075
0.0834593534479271
0.045860262483248156
0.053384830593625705
0.07890075280196716
0.0626565658019287
0.07542909331128239
0.08515502903377611
0.08827062504504947
0.07249407081305002
0.06934483558563712
0.11996587084973932
0.17574167235269272
0.21793549715221527
0.17556992174208974
0.040320901786561475
0.07912888684785134
0.03826684386209775
0.04485166759470413
0.023207735937130776
0.07746771745483078
0.08946929507410661
0.0904949879191978
0.14952519409817863
0.09172052496649631
0.1459370843515112
0.17075162547907893
0.12415878654899873
0.1626290965096086
0.16638312351139908
0.07843595969144807
0.06311149796286679
0.0730854568427965
0.0664142143215952
0.23523771227071733
0.17370178889188392
0.3368761966388044
0.12164610267023497
0.1335642921216249
0.08716902959043236
0.09611126405792446
0.08578661920189051
0.035015990569174704
0.051384879595867426
0.08178965351086381
0.08193426039472312
0.097985483028606
0.08082362617423194
0.1880467917707336
0.1238573286281118
0.35295045510705986
0.251046698967586
0.22411713165200614
0.2604867734665755
0.05265515077357345
0.08816811393539387
0.13596310167851888
0.09865134980827295
0.09348166616124924
0.15433285224284807
0.17541526183921602
0.08738413034188111
0.05417395633511144
0.05362254285098617
0.11481951189334672
0.03625671464446039
0.04468151711065744
0.04282687683454865
0.03129513370430097
0.11392942317048582
0.10110913319447627
0.057335238101258824
0.13530545726936685
0.06093333791958739
0.07875290894981701
0.16443440873519127
0.08213671003212603
0.0812209995141458
0.029786002063537185
0.038062657465154075
0.08693374637268539
0.14330461824707863
0.12397716036598304
0.16281699818426548
0.05000449648146266
0.051214332663182614
0.034748723420664325
0.07360066127099478
0.04526002875641614
0.06599858179341964
0.0239236060744162
0.05063678405229114
0.055107560661001614
0.04877424198178742
0.12261437099817518
0.09292152992386585
0.1563164383617426
0.15198183493620548
0.11001691724021381
0.08644599517113584
0.08095093358447943
0.03734579466610005
0.05723705166673249
0.08381378793771833
0.11359539988040857
0.10748863249713876
0.1169847505335769
0.08486389526857412
0.050652224279857036
0.08323360729704192
0.2638407955806383
0.12022385163047977
0.10281549442401718
0.07016326004856951
0.02011208128941013
0.04338837343190273
0.048493861321880306
0.07892539388654
0.11617717049262316
0.028799262144576194
0.14099387625055784
0.051223410499002676
0.09511584026725249
0.04985409182567647
0.03502977639223343
0.05937960750736834
0.06363535923909852
0.0446645020622528
0.0244750195585414
0.31825645035919387
0.2309844394935623
0.12733781914983405
0.1247834670254846
0.08861438817519891
0.07706201209270723
0.10420372050906736
0.13585325868415382
0.04075104092917921
0.06780290141977799
0.03882834045945175
0.053599765342491834
0.11111592955754537
0.06180046598023211
0.02268534421532791
0.01876740630180643
0.07782486312598587
0.07111262334127286
0.050873807426105
0.04297799669010793
0.08881754806642903
0.12534133302613493
0.032566802646534054
0.06470987604036804
0.07847340324232778
0.2867394599276197
0.047506015145832296
0.10389388555890124
0.14651588886961123
0.05653326830296788
0.07831908829823842
0.028798584369687377
0.020054037764765324
0.06539020693495017
0.07176219493334143
0.07479068033207008
0.07429861734046846
0.10519966593460986
0.04803842693625222
0.06304494168498592
0.03667028933622229
0.1256384331047996
0.25017785888830496
0.2594403185669876
0.15477102973679474
0.07132914720529594
0.03530622543968553
0.29991648365244894
0.14639268344674777
0.12591594216678698
0.09472564691044016
0.10622821688309833
0.02742556539465016
0.04968394134162976
0.03929546618450401
0.110508580645336
0.046178841370268245
0.0780298745305198
0.0600381329228016
0.03583369194023026
0.05558576830480726
0.05810732262774717
0.05124932579485919
0.049077530089079474
0.17126978523250422
0.258288434782856
0.053750537910345356
0.15136020329647065
0.19116363299364322
0.09134450051120904
0.07042528534692
0.12817435963236212
0.0738963552214717
0.1482569828946151
0.09089438857773509
0.09434193402435939
0.09999754988791179
0.1758477728983175
0.10705868456216909
0.04032353244678578
0.0862692938228836
0.09184654157149653
0.07258103854831972
0.07698151556197033
0.05582041448198474
0.10201409013121288
0.09954737884879533
0.06319972441737194
0.125363647666161
0.1716724921896755
0.16016126399072803
0.09775118250012618
0.16678881168811602
0.11707373317255183
0.1381863382160209
0.18128445920177108
0.15582381328994743
0.28475981317083754
0.1318858296737381
0.19289041003553958
0.06293852855647052
0.14874883064514685
0.12204894220668165
0.1533571452501402
0.11163111237654955
0.018351427708518983
0.030756171244027027
0.08497015063874576
0.05734512959908753
0.059780485787466434
0.034285341947061954
0.047092371568622296
0.04690974171969559
0.04714869912933427
0.20173837730829958
0.08565240997490252
0.0679652354139071
0.030414806913855393
0.1551342650043395
0.30949202223382477
0.22625439889927434
0.12853167564885995
0.10064401131360987
0.1871439295030997
0.2257862579401701
0.1009068021976471
0.1528968107661132
0.07788672708713523
0.041159402090891216
0.06217803637821946
0.04005842444024658
0.08395875676875411
0.05883024172613572
0.0464680971931476
0.04753018325541531
0.06330889375363523
0.07912888684785134
0.19496259744624442
0.08329356510300116
0.07807892545103191
0.02356567100577349
0.23837785215684826
0.13314671038386622
0.23659855302651986
0.2107211511598843
0.14604700948418758
0.2207632661255237
0.09899731671867844
0.10489093675508218
0.055920468009856686
0.035088366140233
0.07608455449870676
0.0905980277171355
0.08433772456363821
0.03359712781155191
0.07941906840607547
0.15133274582925074
0.028377331822687462
0.02822223195663337
0.07592470105358966
0.07790122006943827
0.0964245887870609
0.03846257170541706
0.031353221217416044
0.09126147015812608
0.09722103635327098
0.08051289003600878
0.14387766849591344
0.2100111724923477
0.1447910147002362
0.1741645319476471
0.0693426642807723
0.20575953505772263
0.05661565398145857
0.11610318915587475
0.12245889355958119
0.10380460552566823
0.08709724625798353
0.02295621399700348
0.07846947945745227
0.2043605620286044
0.1269742251343424
0.06520588855302337
0.08982607864998475
0.11926308139418275
0.12114510192087607
0.10512395563448212
0.0435935296763166
0.11369668099848429
0.06224436969247265
0.12229092173457849
0.10571341059987771
0.06754289953815175
0.23424943549135485
0.15119614550008753
0.0545179851426413
0.1982835303200497
0.058601861028441435
0.10362856297751279
0.056106081924043
0.02206621328578377
0.05068598218771743
0.06260548982767311
0.02886751348498103
0.059434295989489204
0.055730813464976395
0.09250879175727168
0.07189070639077183
0.11152082883235183
0.07023811981446852
0.08296653175647194
0.12353766088106585
0.02773754933961575
0.17693479538494866
0.19767941782181672
0.13001723514603217
0.1370591789218276
0.04731522208376138
0.09201762474149613
0.03873818972046746
0.07215666721691212
0.0696216877769922
0.17191995558602569
0.1605988469198031
0.061035967990690825
0.06693680690765509
0.042464760310003895
0.04471177592273768
0.07429829797307654
0.05118686468336273
0.06423623155412048
0.09446721234493546
0.1350339081547819
0.09280007399905799
0.09964112297742023
0.20105787373565598
0.0728695017004977
0.21738425841803466
0.20524341780689928
0.2527630889723156
0.1495844537352991
0.2179838535061406
0.1999508304500381
0.15694945241430133
0.10834161921188161
0.1098795243268367
0.08911068792189673
0.11830925049839865
0.09479848878285303
0.06952572392905963
0.06727755320899768
0.058059963569573415
0.06681449516589881
0.028331044379108432
0.09135189283658075
0.08479449372466161
0.11383743111177906
0.07772783717630363
0.05495009882287446
0.08945381835541052
0.11249256329915452
0.1041855660861877
0.12151997267900676
0.049728220937451544
0.18894537239544126
0.17331780908207087
0.31825882173898695
0.17609043744474673
0.27311131270390787
0.11823757136403587
0.1206037922608187
0.06083217287339668
0.0459627502555289
0.06524577597206986
0.07837403891410505
0.06663442090164876
0.16148409031251434
0.07900767576223443
0.06156878848841259
0.11621472859607584
0.07104087159354174
0.08825927300180657
0.0795354016517682
0.0357135532159464
0.0880192414494215
0.15137359208048576
0.2334745893779583
0.2619961885454607
0.18904487302572134
0.0849620275109543
0.10184160253920377
0.279817604219274
0.30294781774877083
0.16744144195092656
0.11544271600921299
0.11051315720105519
0.03194328639616745
0.10035234165275952
0.04985409182567647
0.07192746403165402
0.04893967185849217
0.03793858505762551
0.026129260010917133
0.061237159208399145
0.08398767814552625
0.08269547982617154
0.0691196877266066
0.17231365028090007
0.09359063307080913
0.13558375279807666
0.13674912465859748
0.2664679041824913
0.5748920084805864
0.36513238174492724
0.44128198150301845
0.2580842542020001
0.401717923361349
0.4005829355621343
0.24608065519429237
0.09737979224530106
0.05788349316783918
0.12793226408155256
0.12071367615157558
0.055119671261263874
0.07792215106385919
0.09856486545227275
0.057414713290206976
0.06762146959641356
0.053872512023304106
0.021638763916515914
0.08874385226886126
0.14787114852111324
0.0851826006798937
0.18962981094108908
0.2209441118156773
0.19860144882308076
0.19096840543886456
0.13925642915658032
0.13546986244223372
0.2994525039438277
0.18476637021949294
0.10304916235290315
0.025297302824342234
0.024910345993377117
0.037058775425366286
0.05688834811027892
0.06209419592921651
0.06025549815954723
0.16132518069783827
0.09239570715113553
0.07072710536729243
0.06882453378056903
0.054720395669411434
0.06225651714189453
0.07888783115197544
0.0709901536438791
0.1298859030824927
0.17179622011197423
0.0830987658139755
0.17108478455875561
0.08182778497540276
0.07009028432171818
0.057941814315843006
0.03575481118117351
0.11052304133372207
0.034023179362604766
0.07108874410526964
0.04984036298373731
0.05393836767954762
0.08565065421138934
0.05679769994020428
0.06310644411623213
0.0870032174811047
0.06125041184993818
0.11344755337297228
0.05837480734050763
0.15130664560960194
0.08180507403050488
0.1633208574345022
0.10883130955711044
0.11998581941989142
0.12342271850521816
0.16359216047853217
0.1459918661919524
0.1658572798416285
0.1069395792233367
0.12607771614699398
0.1175626144966227
0.10240834748437674
0.1523867342110113
0.10844752389495549
0.0881039206393695
0.08206254446472191
0.06741800739106239
0.08030870549912036
0.08627983472049104
0.08604666732806637
0.11525255962139289
0.12175847102514382
0.17011553817217132
0.2756469534221392
0.08125126058189268
0.11241842480963993
0.23051523185531037
0.12359980896125188
0.06251328783874921
0.08004261377332139
0.10075059971746511
0.043871230710666106
0.03170143837681429
0.10220939576683936
0.06838494595230378
0.0540817838593985
0.11009242187199826
0.10600845546450557
0.07938917923879783
0.05491632910402682
0.06388741322866874
0.07137795787298826
0.08322189850516809
0.033287961383771145
0.11144792601070236
0.14327040862430807
0.07513976113283857
0.12015448821418662
0.1746728943054224
0.07803327284163654
0.2148226050914045
0.17799161635249988
0.12268549597929858
0.11614665915743383
0.22125955024900282
0.16155385397248725
0.283562745522596
0.3022997927557308
0.16467883230819014
0.1083577410884413
0.14971013108330813
0.08078792275019073
0.08509824907800183
0.06106060757129118
0.06378008452101876
0.05556564571156644
0.16060741337356582
0.15350976670691205
0.17250765566519285
0.08097982865441392
0.04973924959589851
0.11996587084973932
0.04917253929488776
0.10206273131570212
0.06003725942076995
0.06586005263025686
0.14488957728780943
0.07891984567532846
0.0980861310628653
0.28445383009411757
0.20357917037576612
0.21076743161522343
0.11175483792185757
0.10828376804730518
0.10751653288839781
0.09057110265804613
0.09776043795397873
0.05912729320622036
0.04375620238840959
0.0629942287934448
0.06281034222662488
0.11922663136299493
0.04771019572668833
0.0879121936455221
0.12027313379962541
0.11537628754369161
0.08185768295069815
0.09069743755660138
0.07584746144843069
0.04873288451261122
0.09930588675317238
0.10915329568006076
0.10849442747220638
0.1430907781139986
0.04809873408895963
0.11061180030477569
0.11446606670873612
0.08816514274279168
0.1026130447866136
0.12808408203866198
0.03170143837681429
0.05141947627890589
0.06922577252621509
0.060734891220938336
0.07151625019705311
0.1738420297893426
0.024155780172995227
0.10015563131044773
0.03403009680933546
0.07177929847363979
0.06913075480059955
0.09898767364151903
0.13641478742316368
0.05492271906598109
0.18702732465325844
0.1541508563623279
0.17485864396275838
0.24734720694133183
0.1121415758906159
0.19431588534655247
0.09570964727625596
0.10469359283392042
0.10715490140493163
0.07819049865116239
0.0975285347520801
0.08225239553921389
0.0832070277459867
0.024600780528605082
0.10015775310093152
0.12392861930698555
0.03429912777012068
0.08158232393511643
0.06718777098890658
0.08889500211112093
0.11383453897410144
0.06404217880459472
0.0792890827764453
0.08281868524903566
0.14503824350308114
0.17733385721472983
0.04509981864898026
0.15380203806246484
0.18321692184983082
0.24887871570416714
0.3725757060224571
0.19783364037588172
0.1326672646849582
0.08342123802097041
0.057404534084169456
0.0840768054040758
0.03741609144186432
0.047705139732857046
0.06322902301369376
0.02635176018872203
0.08119644900863024
0.06377112687429437
0.050551708810267826
0.12376421413411873
0.07926160137241081
0.12398013998454795
0.07156766588699157
0.07734254233017353
0.05251020003070329
0.14432378160184633
0.2591481332549726
0.12192983686784926
0.20919298462680624
0.11840147997804419
0.10715490140493163
0.13314525256362744
0.1752057004840213
0.05820848059236832
0.09124934269541327
0.07801045500943463
0.07723755021281761
0.06887819813439455
0.04851202741656004
0.04565575349322988
0.02797143498616352
0.04467985253334456
0.10001012087714539
0.056810489233350185
0.062241047064274566
0.06254731793555855
0.11760543140749893
0.10231837874189552
0.07054439068575237
0.08079009971142162
0.1288736548954769
0.16404204905007702
0.06230004978537817
0.043604558334763566
0.043080697058531826
0.11676822666955383
0.11563446461481806
0.09344325503387221
0.05160269604116788
0.049069893417210415
0.036146428059990555
0.028398795500984213
0.020866647109792025
0.03246567811797031
0.031776322150373106
0.027976978878775427
0.11763226358441169
0.20516167015277237
0.14738819737183953
0.12744689000633483
0.12002672295389784
0.3417055894088907
0.133209889059729
0.156742625903799
0.21767244887562795
0.16121141484879045
0.2068149175270702
0.31360995092563704
0.12547856148056244
0.09986450223744173
0.10040600600658503
0.11074332444306903
0.09699905199140565
0.07448999866344352
0.06262630091378113
0.044428448291799004
0.052792308075348925
0.03155230252566871
0.09127775197564117
0.042503590914859966
0.1022112188077948
0.11738326252188908
0.10706668361266118
0.06164552037011122
0.10235402367827874
0.14771784194755533
0.09729682750684872
0.08059278321527798
0.17948215475100332
0.22688787258097692
0.3043841040579769
0.0933547783804044
0.02898096936349181
0.1391520693058259
0.11598038368338699
0.019735745459841827
0.021341128913645573
0.06620173928434363
0.052348045883854874
0.053694930649926274
0.050867061080800975
0.027986667597684273
0.033757869048766126
0.06651183072079882
0.04624528698833442
0.06621059660282921
0.02492476874918688
0.2360851992800821
0.030949172931599947
0.04403361827875576
0.03142679445425685
0.05852097788625124
0.12291820245621635
0.048621125814375304
0.1921247059009691
0.23187705581438903
0.0673844875788577
0.11556668664680425
0.049830365907641276
0.05922389586038533
0.034574592846758276
0.0465483390943031
0.050444492595524526
0.0356030880591092
0.018777080222582333
0.03837973139550609
0.033859946325289575
0.052492298840954556
0.07894736401063233
0.07714435955334227
0.11284872016063502
0.11240681740851909
0.10896287598073015
0.16026216251054537
0.10027184512202263
0.21327600606266855
0.26905600244993055
0.20835179392291658
0.17694762831696592
0.36629472514720535
0.3506433526902869
0.08474145434201422
0.1896085461164152
0.0925272725707013
0.08971818892940728
0.07835429790349473
0.07320612711596242
0.042061199656338616
0.06602511742330235
0.0722969421364681
0.07118637462317688
0.030563169721204805
0.05886984471619032
0.06743484215862212
0.02695154327671797
0.08617649788115922
0.04470742417946203
0.0711467716331218
0.05521873977871716
0.21997096198099944
0.2136781218101397
0.16961960640393103
0.28994496286786825
0.12738100506266703
0.148945090375158
0.18382876055553873
0.18029261222365048
0.07471307754489599
0.060426062406955895
0.035953426537168334
0.07801045500943463
0.07736907435111096
0.03112838846661273
0.13391939497030084
0.1392511814181703
0.07601555719312009
0.12769984143111693
0.07637345974536502
0.16291874168703036
0.10271035470665293
0.13899067640676346
0.2108946794205157
0.16635352684969726
0.46612857732399543
0.1882204654524345
0.19086984110057328
0.2834282847267654
0.13615507980777822
0.24113726599095134
0.4620114167902498
0.2786413843487334
0.24643548681213998
0.09438844499315778
0.10235973621107157
0.10741600057866761
0.06704027096470035
0.1765287298792292
0.08231514948367802
0.14292944400660795
0.10591008173860758
0.15608277310002774
0.20263540474496627
0.32241550825286686
0.14959751085110073
0.3923107074828598
0.4632682730675255
0.3802119349576361
0.1498877284743241
0.523476919570945
0.47825464786948857
0.4288461747733681
0.3402320032505335
0.3040353965955676
0.25675224813934694
0.33582851309969436
0.0955976850899236
0.2123684291275999
0.10287456628253515
0.036973577443514344
0.04432420109415947
0.0738655696124223
0.07204314953874189
0.08379473537690661
0.13439763785890474
0.14651792641082456
0.1434552747491465
0.10367540893631957
0.4745002165206967
0.46725552875432086
0.34801912584575484
0.3298455580909214
0.3620514556275149
0.4028817327645723
0.4205863352103606
0.4076884732753232
0.20121787336522617
0.2075155303433275
0.2889046985678499
0.11205116982135924
0.07873074422858169
0.05381985322128263
0.12212802486238895
0.09946997297368776
0.07097305859818247
0.03391312472447624
0.13098693695271763
0.048785582463922644
0.11725661310763655
0.0473680880297969
0.0810198860752241
0.13779294493085592
0.22636023384577345
0.24760732854857395
0.1750056130513589
0.09588790271314694
0.3930415103297865
0.10382051774793125
0.29591354168810924
0.5024900244362659
0.14046532964032454
0.16924854969203057
0.44814253456648906
0.19970210660979937
0.14306538142867975
0.061998480930505216
0.04557593103216201
0.031769155822233226
0.03391312472447624
0.07623575585514072
0.07615986640879463
0.05734512959908753
0.049206715142863434
0.07436679324058007
0.07560210801426638
0.14810232299174142
0.21116200403010343
0.26081846020600724
0.27937764855083735
0.359521634651183
0.13596695648035567
0.2678978714750111
0.33570144455139317
0.396974817570762
0.1640019788837759
0.12399064256198605
0.22618051529333397
0.26163915430504453
0.19005668530967273
0.17019223495169997
0.09675523523771212
0.03879330608726676
0.06443406481886425
0.06495741222963215
0.08962734661604195
0.06657700932885714
0.035999117959648164
0.042955682050081906
0.04776120600586991
0.05970639966736043
0.12690335782795606
0.16228953168372062
0.1412909005289258
0.2523390123346131
0.3353485470524581
0.31197489123821986
0.35744357281240924
0.4109727639283494
0.23977080707954798
0.24569695029885283
0.1455344641259669
0.3488508769216499
0.1787559625910928
0.09276480336219514
0.24074360481301688
0.0512663408432639
0.09935352160598851
0.07298831067066157
0.04865016957425885
0.05374125750411727
0.11344644398606105
0.07005460344034704
0.11753797341204987
0.24052476790411173
0.262519336958313
0.2596286489912324
0.16653415851416145
0.16141904203708404
0.37984231868904506
0.1741490204217742
0.28904153225699264
0.4084662291390274
0.29289492406198847
0.1704754879442578
0.18019360474851415
0.23424490444614762
0.10151880100448932
0.17242356883974172
0.09190249163253501
0.07261727623591416
0.08360914349345787
0.08996251059270645
0.054652335475792756
0.10562117447566739
0.1148757668539336
0.07164191235638222
0.041591828168189
0.07342394356126258
0.058082220327858716
0.11150161084258861
0.3431793578421349
0.16981018307858423
0.4498454339981071
0.21547857299671244
0.21190188623574183
0.1358702172726143
0.21574813086912706
0.14610522545164037
0.4598601016561498
0.22710764906952077
0.23423814994862568
0.05649569732090192
0.12389088142444424
0.13064586938697564
0.09364518646492256
0.04778100750089718
0.14188827444282065
0.09614414509249797
0.08407444227584197
0.14683382987081128
0.17877711358784357
0.4397206124395937
0.41198501211536526
0.3183629692511787
0.5190928928095987
0.12165922765542184
0.3689414553488259
0.4959775255045282
0.5208326889170722
0.43536548649381157
0.26506042404791375
0.3383467322685227
0.4179529215255663
0.3219077007679087
0.3463624082199799
0.1728670515884095
0.19280715708091034
0.2571688822555158
0.19433819998657856
0.15676034618276632
0.19290993591243788
0.17143639357268617
0.22923690803922228
0.21638974100717145
0.08582390415314436
0.3858979302671334
0.32826852867826534
0.2869843139173285
0.5879046779129927
0.37264657511062765
0.32429770163356864
0.16257991252997886
0.38088859060407687
0.23690936926427814
0.12094335751813602
0.27345864632714056
0.2455730488520938
0.15528577626628756
0.3922895545337178
0.11217878529677736
0.28117170342417075
0.24204300220382538
0.27040737418416977
0.1594614394549214
0.20609795086493266
0.2943328514073762
0.07275755814220951
0.28131823186003174
0.19140227950410746
0.2545680200710876
0.4772185963067221
0.3026126358770157
0.5623643343081371
0.3399424665161317
0.11664184889991616
0.09855116035983551
0.09460182342080471
0.15559998490141352
0.1024986515897181
0.37076654584918217
0.7693175659128485
0.25166451021341524
0.08220486289920831
0.10962899706919454
0.1520743833418751
0.11217546932970697
0.10027442956037638
0.08065544954523615
0.18710076961088065
0.14621237897862654
0.08605020429692636
0.20371444969923816
0.15815521667852445
0.1025400618494183
0.2269605042172924
0.22633069939187817
0.42406670289259446
0.18690267470104005
0.44356808297596334
0.1689782437299866
0.45103287612819637
0.33749668124545856
0.4735954052704433
0.13828386050575897
0.3753393183921495
0.41125723741085235
0.19063725416765062
0.16307222391033538
0.10726748921997982
0.24420744377632783
0.06200983216215433
0.06425585136361847
0.11817864161094131
0.09729498130256584
0.06720944119843755
0.11157867158589542
0.0584732936911517
0.0559795092513568
0.10746704572388158
0.0704317700070527
0.17806891678443665
0.2366036940676102
0.18043617925037034
0.19171641560209157
0.27993442420118225
0.2558373043239148
0.25936647502694943
0.40483776176188635
0.2787098539249472
0.3183852838912048
0.32655126513124527
0.12273809892047388
0.046527152823214374
0.040282174977609594
0.08801795409388703
0.08115338322188233
0.06617659638126748
0.06703317863815379
0.06090780995101223
0.02704828248445918
0.1044012748257213
0.07329784262096274
0.04343300209959815
0.10777521656039461
0.3593728146909917
0.3971223165922982
0.23875856222397845
0.4404578986274133
0.3698263211950022
0.4842092239166082
0.4612205759534791
0.1316069203874563
0.31199309231795913
0.34471654620843933
0.1535246548742662
0.27871350036451514
0.14096158104434692
0.07803769190262541
0.08503116863572062
0.09686349716972402
0.05050491742715499
0.11468407814615054
0.0446400429301711
0.05940157174925613
0.14873797519255172
0.14168290178318743
0.0885377786329754
0.27829411537566323
0.3941245135374637
0.3682835553991777
0.33959913226475014
0.4385191241803035
0.3812847503724698
0.30008559796118545
0.28540910552952653
0.11270977439183998
0.19060091632669723
0.2191855851584947
0.1540451176216551
0.12143850248558483
0.19146615534723446
0.08225135510758556
0.11547161721471766
0.11429118807353403
0.07786541889588783
0.08319567240899729
0.11641547701572863
0.23623050478883145
0.263625107410095
0.2974979123265728
0.27401485366347283
0.28686548658925676
0.29008223991586385
0.1826580197812577
0.3462496148505696
0.1469375736537818
0.18411363192665745
0.14869169663738618
0.17257473156920425
0.10323200017595967
0.0723444817251541
0.3121955589636598
0.047812386034045494
0.10106746760583456
0.12053282190865275
0.13969037087444724
0.06439392415290514
0.13585852890309408
0.06821578511175576
0.08152978448404195
0.13829664615461476
0.11737672955181923
0.11949907515643697
0.15505561376374144
0.2052500589593004
0.2599903403715396
0.09813225233274442
0.13497699356802692
0.09397795579136392
0.20465155918457825
0.21872003464381873
0.09703659104751626
0.3862160654116242
0.22742313697678884
0.23886543451443112
0.1550149064846114
0.2106087011104611
0.07342329361079723
0.09338364935506845
0.0705955812289991
0.06371987998391548
0.21751368740140456
0.22200048810091572
0.03661579013007082
0.04999676059812343
0.07027637320150248
0.10012580638423256
0.07715286788995242
0.0904683101859012
0.059780245688749525
0.046612452603390274
0.14033933815608185
0.4304044936434789
0.4274459998442553
0.31221921055388097
0.22641924912091377
0.35541901538300996
0.12022833202738227
0.19356732424679418
0.17269119357927473
0.06850175477883051
0.03206904736623113
0.06630915858528834
0.042673741398906666
0.032382898364957224
0.07801045500943463
0.08924382041098401
0.07510326317809465
0.04902850168761765
0.06495715920690412
0.08580531411426308
0.077299019456216
0.08980729612614637
0.1507091786528505
0.3276208801016574
0.16736001610831203
0.30060087795076723
0.26389293294767185
0.14407563678678934
0.15593144461729705
0.4138407011402803
0.2727072157579483
0.16819375348014076
0.16859430064680161
0.07191023412550702
0.09409508490828708
0.07774066076280117
0.05433530235493655
0.07352016474025722
0.05425609637482729
0.0877948828577083
0.11270660527999843
0.05228962686176361
0.05203201802147393
0.0767400259697576
0.09301246558817163
0.07030030351075683
0.26508690073041025
0.18929611603882066
0.12152292923672407
0.09835402580064467
0.12438895379101257
0.2974563600987387
0.2552808738920707
0.4243240456943166
0.43709916882961297
0.3359245909516534
0.34312846051532725
0.16997093128831203
0.06554294854039355
0.06335274986639457
0.08506718421629926
0.055800612986957404
0.1475508144216672
0.10532510092279804
0.1759792970366108
0.0659983829260217
0.05783152773137317
0.19210189532921118
0.23089062477411798
0.1831325405447283
0.25451776255200453
0.20249609106395075
0.2589390828618967
0.13611547681772382
0.10741600057866761
0.11821343272861164
0.21624442049924172
0.43321330266592145
0.1813804159937577
0.3146057387978866
0.11964715832671914
0.18283684752985507
0.1754376998845423
0.21615268025611736
0.04980075999368271
0.039421227154567695
0.047340516383679435
0.09693328992225865
0.08985918443392903
0.1072887892450875
0.03323959177990047
0.12953648535102627
0.03731231242580797
0.17477187983244333
0.1999334776239744
0.14272443760640222
0.28363180422978407
0.3879802693947087
0.18037273907257922
0.3007823184275042
0.2674296908681288
0.14415488379881092
0.041946120476614876
0.0705420565915224
0.04945308299733739
0.09155797546551678
0.08167714652165782
0.06666377345917279
0.057191957293368345
0.057536932477386955
0.06217328095517967
0.0784541484920318
0.04920378125736657
0.09294666082490917
0.07086775923124827
0.2976150194697559
0.09965718235618991
0.059773865045597736
0.08258648273628724
0.09432607174451285
0.0445419943027572
0.06826739578683198
0.10135864334660553
0.2996071638467015
0.08726640101441786
0.12843549306435098
0.03481765010617997
0.09893549462740424
0.11996748217322604
0.17616887675157242
0.11187772013584947
0.09882530138229487
0.0502503378745867
0.059283038106990225
0.05789310208349741
0.03536577810910185
0.044868207582379964
0.08156176816093448
0.13599352224563674
0.14593726719088332
0.2529998324212436
0.22190215541989086
0.18346650736590275
0.14136442515566064
0.180537597822389
0.22008920491677028
0.3076908572271095
0.17394425291789534
0.27061443031676063
0.10165889532070282
0.1200661521239848
0.05824785958774675
0.09610259581603961
0.04399056138040801
0.12114727875994961
0.11392130310441716
0.021988821919590763
0.06851433697299648
0.049206715142863434
0.07529108841648256
0.04073402588077457
0.05594508886256797
0.05143524525996821
0.07466053413659617
0.10381545980389173
0.10885677508442275
0.1468707075075157
0.2343236102900428
0.2135196769622461
0.10890229164282855
0.21559169590653265
0.06437994275181542
0.15462897089300634
0.2232622247530991
0.26006101993270336
0.23109838743219716
0.15189726835448905
0.07078328269518161
0.10102236906416054
0.04361007266398708
0.0798284095323866
0.07221240658819236
0.03271816745017507
0.1293188759462845
0.03737132334253017
0.07738286199228543
0.08198839977384277
0.21169228865724338
0.11383067382722682
0.08031953599423415
0.13578154804802847
0.24412137709177542
0.1883448297194472
0.10311175285892565
0.17530158681060387
0.15846958700941294
0.10947399636192362
0.1898982142206517
0.24341139003199544
0.11838161976992781
0.08480836125053948
0.17260277657455236
0.07449188191563565
0.18690262648435982
0.11351457381234663
0.11447015838274117
0.0811732500231993
0.07641963447780477
0.08010955769339966
0.09671308392515142
0.053582845543898756
0.033210570017578135
0.12271260117232842
0.08127237870489525
0.1130738596718323
0.23607342371558054
0.1048788081222782
0.270495175454939
0.1411228114683143
0.19615360974052515
0.22348111986055588
0.27799578544411424
0.3174699528248763
0.4010499786912445
0.3442299976104962
0.1770461926552572
0.0884136752969359
0.05484000412762864
0.042556835782300094
0.03526413538423184
0.10303442729437966
0.06737959168248418
0.1153673719430109
0.04623593413390635
0.06312716614706185
0.12132517555801736
0.06736257663407955
0.06593331256808749
0.15405606074887496
0.15868918114885633
0.23273222184416534
0.26133348654482896
0.15124506376425123
0.14795095039310696
0.36656562219679
0.09419301463108008
0.17621201789344532
0.1992452596739773
0.12176206476596182
0.09078998596227097
0.052066048118283276
0.08244906898044395
0.1318200676045911
0.08846568728052098
0.08630032550847457
0.0815582824966888
0.07641552434848342
0.02214360465197678
0.08366272761318315
0.09994727267652845
0.054599608849173024
0.16730897096309805
0.04892101735476046
0.10184703791000928
0.09663172673016909
0.11421554404157928
0.12547402793193344
0.19059878917027354
0.11712584308653382
0.24565420929755588
0.3231924652562774
0.1832311048830189
0.09939578425344464
0.13112884857140042
0.05456428766645404
0.06136518859889353
0.07071276620723531
0.022791757343843325
0.0801447616690898
0.06884719029628264
0.06793547016709012
0.06590842223412754
0.14021438628837682
0.1466637353770482
0.15546060256952196
0.226801436645047
0.17706496853419884
0.12298332750693192
0.1772287441830192
0.35609702553517225
0.10583376362187163
0.3220934516576814
0.2289844884958036
0.37562250610906645
0.20650111737932966
0.19406605331138033
0.18181650777017458
0.06766937922562619
0.06329776840265651
0.073335022719561
0.06567834682022576
0.043166327050221796
0.06412613890876451
0.11053117943641948
0.06405896554345995
0.05211728077853203
0.21557792697330513
0.18273248878890203
0.11858978286601271
0.2202814396466161
0.08798721161691757
0.30917751863651877
0.1583536137287163
0.29760104057194947
0.20522360332321893
0.19786653977964858
0.29254854165932453
0.09837216556794294
0.2774863388680232
0.21560702590316444
0.28244610102384915
0.19774325382071598
0.10865985734891126
0.18498760625554758
0.2698653666583696
0.11973489562364695
0.2331034056110615
0.09037985597303501
0.15804791644966193
0.061105320569773455
0.22724905019511876
0.2646230938166978
0.20863620897646135
0.25814900243543154
0.42653246463161854
0.5849864860946072
0.3966475383676649
0.6077401620193712
0.5563026822070234
0.52803132693563
0.7067648241516891
0.24945446824772302
0.28314157739549484
0.5258992669662833
0.5045623391621383
0.3145728577633138
0.2101638103210418
0.130138169674413
0.07570810397831822
0.13821443529061814
0.0771121993699542
0.1399053481394418
0.09405231726213893
0.0510783016873908
0.23059469546295783
0.31573467021856394
0.0830893055289769
0.29231718628661324
0.45700563717374454
0.5834739585042328
0.16044197603889665
0.42090668612954435
0.3932378897473343
0.31231121346767654
0.7003600599077323
0.17797497568820644
0.262746037517366
0.44888490210028203
0.37155292738828305
0.08159952172976166
0.14580434833458622
0.25167496674812134
0.07689025709691676
0.18973001589885696
0.0909352246939064
0.09263699660400511
0.11359460546258796
0.0380513999729513
0.18913423553735603
0.22672045679008587
0.07553784297269377
0.24733488639904544
0.36224512118955055
0.3300032610321871
0.27850571529728213
0.64511274591545
0.2339637215835429
0.3369745261302422
0.4727646579831948
0.19677528768236355
0.6851681153144242
0.7015373194345613
0.3932273558289663
0.31131053427529376
0.2294151126018977
0.2425175543650715
0.27105865117010136
0.23696990318290137
0.3002038456547559
0.18847965589701593
0.07243306105867084
0.10942377629041844
0.1997899137159112
0.3288069535092339
0.16355242832756325
0.12592155714850192
0.33318073556249833
0.4486399650360397
0.5341431233244124
0.568989862774669
0.46947179971399045
0.3744382597076392
0.554150778787757
0.38214437513011346
0.262016431888319
0.535726437563798
0.4560477284579687
0.5205560988481128
0.3976056903196849
0.2189094079852257
0.2585106938157387
0.12749375769617532
0.22215348448761243
0.16920580391449896
0.11288059169033725
0.05187605217000171
0.10832379597265611
0.0877602259610347
0.11090376092930249
0.2479024824946115
0.2069256230353816
0.405477702341693
0.35080388095405934
0.4945170204974238
0.19277221926602983
0.2703696131028803
0.27629035599499446
0.2985029396280238
0.2470515139264586
0.32519196042296716
0.20594181280010726
0.3550098998747703
0.36131646509326054
0.2297041903872379
0.10274995769670732
0.11291207853164413
0.10523584236269434
0.13418750209387317
0.0670733208112002
0.14330542190464227
0.03745742123741992
0.3280233627553446
0.20654430808080979
0.26078964689834216
0.4534319032447655
0.33489240004494536
0.2303156952055824
0.32434848854732506
0.5808858524631172
0.42376056997915423
0.49058121191500004
0.26713625995328366
0.33525515175087334
0.4613748341363053
0.4068982295499321
0.13546391260010107
0.14650194164512553
0.08656224308688874
0.14523455247182832
0.025655237892984874
0.09380959163778939
0.06421624837356388
0.06642009549696203
0.12806371910930886
0.18541494648449325
0.14654024105085067
0.23999411973098778
0.18018070737760322
0.3294723003086197
0.49058121191500004
0.1838238425499617
0.5474915360100728
0.31045673528260354
0.6487054966129494
0.32760774198347226
0.32163568372858387
0.6400622190049817
0.38162497372493526
0.3293582667892345
0.20999972741040923
0.4325218843762571
0.22377800954749022
0.23560076552789008
0.14749707397691306
0.23886642024188873
0.24703521274963694
0.19952406752136947
0.03860030456444455
0.04199449008048548
0.03710916008955135
0.20483683855004486
0.411873915606915
0.4822010512945846
0.13301641064424696
0.11765422445493295
0.3096645098258339
0.3876289014140364
0.27513745660613736
0.3080064062212955
0.47626288262224203
0.5717467289430552
0.19752327278548598
0.33224877635530453
0.21671889887300108
0.225728302346101
0.22054502149772712
0.16351738493330797
0.10110364260630979
0.07604238699152749
0.06946364455580098
0.09013708736714396
0.05006677993073479
0.07766052595054435
0.10942306152091076
0.18462700912940355
0.12771186481607613
0.29968330611017263
0.3771227071669406
0.10262095157193937
0.4621237897862607
0.1943249618358605
0.4975099755637362
0.5400512247179405
0.24582879678327652
0.5672306597791469
0.39446558243902724
0.49671725900424846
0.21199048807375498
0.15871618087516065
0.24128820260131695
0.3035973893408401
0.19029630135780376
0.28423929091399136
0.3386088940364383
0.18800084221918967
0.16516427002278644
0.24224089316607375
0.10681943318791097
0.45191693917622905
0.20591883902825278
0.6086176497881168
0.2628405024377495
0.32634862840152734
0.26479808931208926
0.4946423069293849
0.5619423506775391
0.5026534841996648
0.40454210903165483
0.1810905716994798
0.5690391843265292
0.17590090143595202
0.22411066418922268
0.24368983071934877
0.13224740060239853
0.2385112205752358
0.14669644353103267
0.1905051087963432
0.09247799040155565
0.06423604986859115
0.0499393704588739
0.051425943503343265
0.09731414515345821
0.1493789110267366
0.15227207110922
0.21283893679334465
0.15273313366767158
0.15506327608848242
0.3094180989801063
0.3334967792499419
0.7849689383697723
0.26933120119748527
0.4133496853371028
0.3689909699822204
0.20331331847015255
0.3460814178174591
0.07295457562680013
0.14038594960621367
0.08410336365261342
0.08351634755173416
0.07233236330646049
0.059113961890043414
0.07434215215600724
0.10219238071843424
0.03324740458272071
0.04301176794323818
0.09140400259828632
0.06686124183484139
0.09718025731330233
0.18330291688576886
0.23992700955972995
0.29654921923697897
0.47372328250177964
0.5298611274177637
0.5145069922972381
0.17791307695697042
0.5506511181910988
0.452967923536145
0.35793639450386444
0.25082718977807433
0.09033849850385896
0.11380466413268449
0.15484849296205266
0.07888915618879994
0.11076742243805875
0.05393927245439032
0.03855894709526835
0.07846369518209771
0.08916930154396249
0.17976061601254673
0.22099343336753755
0.1771606839894001
0.34275727674843115
0.4112330563192966
0.7675748710804609
0.3235241303663522
0.5703584713181544
0.5712570464671807
0.7193055123267763
0.2324739901230471
0.3403009680933546
0.5583776015491799
0.4658076942878256
0.44280028977243857
0.28093546420946897
0.4613537960987824
0.22839548987922265
0.18328038705216457
0.1266600203243466
0.2850785697510115
0.1951820309008063
0.06536473508514777
0.07797180143946422
0.1536592747889743
0.1927609761845499
0.4298584229603839
0.43691523889272194
0.39787959259630284
0.4114355059566995
0.4386852286487881
0.18512014793369497
0.47557293225420494
0.1746916613391862
0.6265272665408775
0.17333731243080805
0.6490058604089347
0.5353346840474136
0.4635258561634829
0.096226489940242
0.20725616234145716
0.2179846052371712
0.17736199095960917
0.06570323269790808
0.0964238701574328
0.10534063654853489
0.08868419973681137
0.11911554845887647
0.06444766019723436
0.13436783725166102
0.2811547749751542
0.7448420922391653
0.1908567829527521
0.6967162415748799
0.6657751880413475
0.5860338575285113
0.556687174403692
0.41278196533928846
1.0
0.5629995003183454
0.4342205802662563
0.48292552007122214
0.3965757825423665
0.3496349976971994
0.47072489095218956
0.10923791338144259
0.31828888942629857
0.33296048330724487
0.30283432842062463
0.23132106490902632
0.13110317728852408
0.13056553018923336
0.22704394198312755
0.46020295988871524
0.4060561298771309
0.3902384247749776
0.2693887683906469
0.39566088230130003
0.5890127593360146
0.5915741284914483
0.3077852105920344
0.8224533177833967
0.2534523569347547
0.5926959558202708
0.22393191807949292
0.424458206578879
0.4090639530614056
0.15449663951438272
0.2540738831844875
0.25708211812520015
0.19367465295444386
0.15082465193584574
0.0695264686036507
0.1450703026981969
0.184229170036846
0.08588567765588932
0.19899602123796076
0.20513848575917062
0.10039594979389044
0.12651249820996718
0.16872285222154995
0.29017110813018976
0.2155689151693637
0.4001684130068923
0.2860696142917101
0.429645210182809
0.7172668881832246
0.3035995086844864
0.419859440035202
0.2949630699267984
0.15143555579818496
0.33318352333183393
0.21097696611194303
0.28120263540474577
0.17759960889993617
0.23674029689901047
0.22938828042498496
0.21772394273384407
0.1254349368392105
0.08233461632355174
0.09999754988791179
0.2734715645466163
0.1254372040113857
0.21794708913410363
0.39983338041203026
0.19131720426208396
0.6493675517892419
0.5200075885643006
0.29437735244915647
0.19375895918499048
0.6558817161062831
0.4158333168848189
0.47232506088640686
0.581490302824091
0.6522936063596162
0.170338396990829
0.3970384924732947
0.3225629491646391
0.2063434763205756
0.2091593968142027
0.07810124009105801
0.1086425418812841
0.10934112091844798
0.10071207150722829
0.14529149832745789
0.21096260680596074
0.2485217969985768
0.3658264947874516
0.17791643282037337
0.22611475484165974
0.20303752049243742
0.10698388984107118
0.2005423680353481
0.17937264028200753
0.15387735698154603
0.2322284587507548
0.12472586054081976
0.27993373520107073
0.3656529665268209
0.15824504512624385
0.10962293915679464
0.21112912299552994
0.18162700552073016
0.12603914758965043
0.0602440467666509
0.09530143215070055
0.05261052966723264
0.09975563735345967
0.13634817037334937
0.10035397679840335
0.08275629582155751
0.4079000278387832
0.15383468815016804
0.4033375204605742
0.32311307438035647
0.29912455095405893
0.29648778504390094
0.35408870793283126
0.17906636941072301
0.15431850331942554
0.212949608788205
0.42606899334753645
0.6131621089405306
0.4475548269355692
0.31386680689164553
0.27202479902538823
0.07786582724991119
0.07178619696369519
0.03322024393835227
0.09577443499166317
0.1599352135484708
0.15453617495128263
0.16968668679466678
0.09333002210760348
0.2563165617258154
0.2542306938164065
0.1691636112392063
0.2479741222269936
0.3551765930317154
0.3083307977649637
0.13352948214686028
0.09301474824323173
0.31442023914837575
0.41199936320417224
0.20478308332287226
0.25680812557165
0.3763563217266526
0.20067699276053091
0.2119936917378466
0.062391226138220054
0.06557784037415644
0.04309911760902338
0.06666377345917279
0.10971573509851833
0.07601555719312009
0.03581556830658103
0.11237315690956115
0.0966763334157471
0.11113860620495557
0.1256550844812499
0.1498345139039254
0.19708892123270638
0.1005124359212015
0.15309156506719898
0.4909467272148046
0.2329032956005229
0.2655569684405994
0.17465668748363175
0.2733125540307515
0.1210594445674259
0.20537348208829515
0.10200521518598278
0.16950818925996197
0.13387501248378741
0.11309762568619866
0.06481029322438314
0.0991692002732467
0.08653253326934107
0.06853297428951699
0.052746650054469935
0.04288449079170519
0.16774413065668628
0.15776320388297066
0.12472586054081976
0.3131210408668407
0.447956942683041
0.3812961426788377
0.47318264536465365
0.5391523057813012
0.6075609818297969
0.3404030583837825
0.15760751725207786
0.1887417034970749
0.4699686271570024
0.3619528912892236
0.25034421059364953
0.16060040521422445
0.18324105292461884
0.15620650190231733
0.11918852984533637
0.0726704928552421
0.12084652493282877
0.20031852351355067
0.04197514223893721
0.16922886572427287
0.11449176238443146
0.15992902506646078
0.14349345788610854
0.18912407900583084
0.20388033375498882
0.12943842142591264
0.049346669868822045
0.2348615862738243
0.32351758483095744
0.42599507009381804
0.22807265668363186
0.3881344922515397
0.4139064632094273
0.3116816566767037
0.2516373988070456
0.17092096693264183
0.14281295431346494
0.11460568434789171
0.03096622039798066
0.05403827992952691
0.05053469376186319
0.10423287959754383
0.041771943833459266
0.035415779437877874
0.08579979090003388
0.2051393254429122
0.1318476117336958
0.41600508348665577
0.16274164120830992
0.46459834823223833
0.3200542062123312
0.1636924134190033
0.578242444863746
0.22408855381965934
0.21833986560416882
0.12472586054081976
0.25722142040474677
0.16278809061950936
0.04791952095214609
0.07720602911147843
0.03407154896647545
0.12991482445926417
0.023991323519835073
0.16483652448266312
0.1569798014166853
0.05438009470131804
0.028977800069450867
0.10193120717740879
0.19804247123533392
0.12376911942127966
0.08807137472765253
0.22332126091799362
0.4131324239468394
0.575180178786849
0.4320275262182749
0.6901071536256356
0.30858649850558734
0.5642056722442452
0.42473837478060794
0.11157900220878142
0.13044314771832904
0.3454369241632798
0.041114163290039904
0.07057252827733007
0.08009704738546602
0.05170873210178524
0.07200124912159486
0.02781252222561521
0.08701674972724595
0.025036106963440802
0.05420226062319427
0.07851094964598294
0.06729179290482772
0.1758477728983175
0.17600296947013525
0.077758975182433
0.28684445696560185
0.21377706815624545
0.3059560293967133
0.4351476115438162
0.41646818645797967
0.4824962052406222
0.3541422585716144
0.07871669333907184
0.2257862579401701
0.3937022487549886
0.163579307021727
0.11144792601070236
0.03559035452801336
0.09860825015344693
0.03247939912636833
0.06005032310380816
0.03970317040914293
0.13603885056760187
0.02760936988935858
0.08784546650187793
0.17538432985864102
0.13979564171413858
0.23664480582445596
0.42734226318123075
0.5339753793391356
0.36444651597762623
0.1670299160860774
0.39451349714452594
0.5099848462327783
0.4178115450762248
0.35692266721613497
0.5655209136271799
0.301114053479087
0.21879021527923745
0.08318608060972627
0.0754238945590206
0.15154868834860563
0.07927866621299746
0.045821525353770216
0.21645517115315857
0.10467070271435654
0.07437441532257343
0.024252519380736505
0.02157284332630331
0.07099698875246035
0.05022699665926756
0.13746172167403914
0.23873302607565972
0.3372278905843572
0.298400816604288
0.49853073092270156
0.6802870487797359
0.3550533876088519
0.5158526400445432
0.4206479547415303
0.3802582617966177
0.1602877647038561
0.4520411189444124
0.10068616741711447
0.12991482445926417
0.04739565967591436
0.03810557392928641
0.06869037289600664
0.06239173351274237
0.1411934146018964
0.09467094772556517
0.026284042743303156
0.10877764520328562
0.19279903492220632
0.12463060970188423
0.2229838149111594
0.2865676494255282
0.45212218097566914
0.44256992599481837
0.43379580414442986
0.26252342850739885
0.31402973335654794
0.5357106619454479
0.2861910076297007
0.18115922036449736
0.22724195693340085
0.31789214934440707
0.35353688373274234
0.1275448028413893
0.06920622512044572
0.12648086857001506
0.04302959960331707
0.034574844231295275
0.07100518456278464
0.0679122397655443
0.07626567054743529
0.09601989603194953
0.02786089182948588
0.17518728306172937
0.21607952067638345
0.10331747386767666
0.31099156442797615
0.135942001182138
0.4500603173621218
0.22051502732449366
0.32215645805560106
0.3301089540989584
0.25506529823262625
0.10938302219305426
0.3207873732976781
0.3241201463778905
0.20741356608874034
0.21887469454669245
0.16511491230783557
0.0629322822631033
0.1195554417087286
0.09029132093844013
0.09944631754771288
0.04131611170701441
0.08513494719887452
0.03969209693624327
0.14575149246806313
0.09855458579962209
0.18571561137059647
0.1382615096011984
0.23864023013393607
0.25028559458380994
0.19407713560813172
0.14080237557610847
0.07086377922591919
0.06653722708444575
0.04985938766985078
0.05504679147350965
0.05849324723819221
0.1374581825602624
0.09768955371744584
0.0452430137080115
0.08151208470735408
0.02712567385065219
0.048489712776534015
0.05174765022033244
0.08506323644127615
0.08306219408882613
0.07049814296265723
0.034593940688278306
0.11052441204886024
0.17749064676693618
0.09468103276735887
0.20341473317368255
0.062353277694636645
0.20987348819944984
0.10690554912652717
0.20868956868324962
0.13128391203106016
0.19836073081069136
0.18324303498271932
0.09849263626583607
0.12048355775345215
0.17193492978408753
0.13141091511321137
0.11213586633965189
0.03372328781860687
0.054001428862960096
0.02331414906564619
0.06928068078808175
0.08178447522930817
0.09678616721828714
0.05857185802944273
0.08161127210497057
0.0840797348351953
0.32921203179425773
0.3182900801138303
0.1766842626340699
0.1462613560865241
0.2396381720055612
0.11347110959640828
0.26805654366049086
0.35139472777828623
0.12153346668535803
0.21477169313614738
0.13562838207812883
0.10758752159137636
0.1241949768112832
0.04367348745005722
0.0730945398565745
0.05246171870116499
0.06187499996023107
0.050364142538719445
0.04677148549453077
0.04104039524583973
0.079000278387825
0.16885488931037893
0.09989207388355864
0.0876955594776577
0.12095997910878305
0.212575888516758
0.09071064872010355
0.10898751706530298
0.12055161794707056
0.22075947668732784
0.24660797440414908
0.12458418441897735
0.4718438310063587
0.5381855300194882
0.3596198751288133
0.11698723262134311
0.4597156870419074
0.15379380741748902
0.053874064791113466
0.12225443029860714
0.19533545732933336
0.04500480303034613
0.07999652815100719
0.08489700775115822
0.06699910895332557
0.09622939156794226
0.025461759477502385
0.06297191415341877
0.058434211825589555
0.1991275453762548
0.08504109313914941
0.11016152412407311
0.2642977559006496
0.22781368483206285
0.29703219842140377
0.2619143747262191
0.4723689426808573
0.2820598437042279
0.13940429157944287
0.14410044493913135
0.053071129366860904
0.06174761066053917
0.07520459011605345
0.07934274713027012
0.08115338322188233
0.03385798143224132
0.07523180710384272
0.0893779812955464
0.09213265887454818
0.0853722663862169
0.07960498470209901
0.07987939066852041
0.07673786830505126
0.25822017383773155
0.1691443705232756
0.16030155052691458
0.2220161720005379
0.12553370477279693
0.2127924072880943
0.38270236139931096
0.3583552929416011
0.5143060410158072
0.22635970842391248
0.2057632956798985
0.17405514129004807
0.13027286847188468
0.05165768695657127
0.08118327436162039
0.03772236231314838
0.04789736125913967
0.08855725567548253
0.07144379405853145
0.06635844075443385
0.06934483558563712
0.09318593674864513
0.0694654744009896
0.23631599547872228
0.2846051532679645
0.2207101945181822
0.0448773184711753
0.18330368598014657
0.31506947855281026
0.06382852926769023
0.07758225751699753
0.33459740781848846
0.13225418528739852
0.1849660511756511
0.21131964104637688
0.13690753661881574
0.10145689628506936
0.040075387631728646
0.08401154591304555
0.02758034812703618
0.027696435176325727
0.04941170056715512
0.06970962825632883
0.05566200252176622
0.1573200532030071
0.14250569158230142
0.17679637620647431
0.23418602493117693
0.23279408580531472
0.13590154945104274
0.08176037296776001
0.3284311546214169
0.14154818767843053
0.06325776794201668
0.07492451639561419
0.353865694078476
0.31533195927756763
0.09481889099794619
0.17055027667021433
0.256921030653593
0.08490720529899286
0.05971397670962035
0.10623862270651874
0.031183531758847652
0.024194475856091698
0.24445544248198237
0.07556382996512913
0.05300860218810681
0.07676685814667035
0.05736493109411486
0.11960580085754308
0.18817935933939772
0.05829504658488955
0.059939613116491146
0.21230148520752162
0.23727694043726077
0.23156168675489752
0.16985099596001235
0.1307623871038749
0.2262831287336763
0.23172267981637268
0.13853217746803864
0.2176547000311599
0.27241937144026895
0.08982647158897603
0.0738655696124223
0.06278548349138412
0.02449436740008967
0.1269207934531608
0.05080693453633784
0.02781252222561521
0.037814512650096936
0.11953734814519944
0.09294047570835877
0.1171222451503002
0.09810323057042264
0.06261928917092434
0.09215822714761143
0.19823752538782793
0.1668019341944739
0.1809720548320459
0.13376384113885884
0.14905182402488903
0.21384568728702247
0.21384119536931664
0.2029725124192816
0.3444288371559226
0.0691782074557824
0.1330175691950847
0.07421849272653128
0.10143799165880894
0.07241912743677621
0.08196318177149459
0.13049325199470208
0.07916637711918205
0.10186544510826245
0.08170937091479373
0.12441976287260775
0.0909588605415018
0.1644674578795185
0.10319626857431001
0.21497940142297078
0.18908823292107277
0.10352221600277238
0.1313123396882203
0.3026669555730295
0.31298514100490843
0.11511965721211143
0.08900974504274285
0.1937443029947936
0.1820651479722691
0.2887737565766802
0.17401992403637398
0.08434643249254613
0.06297191415341877
0.092672700028047
0.07846369518209771
0.15954967618601854
0.20062418677478214
0.0486694954146331
0.0729298568481821
0.11088455854337034
0.1574015125026635
0.04429688322472769
0.08843685253162373
0.11350010833988587
0.2183629506016688
0.17048384979876646
0.2178164453004012
0.3046257044876427
0.4143996787280278
0.6409106375081209
0.38757961924489076
0.32991948134463994
0.2781094373472739
0.11589741445474448
0.10608882680310355
0.07747632559006341
0.07615935665929309
0.026816108385880152
0.026235673139432546
0.18897902199475633
0.14781846261097675
0.0834670933636326
0.02803502240342017
0.07544310062173326
0.1257892453658123
0.26853642654032644
0.22019273174215417
0.12492712855821324
0.055402544273425516
0.15562592840946168
0.11722085346838294
0.08972679959540879
0.17284725009338198
0.14891858186438942
0.1377525175644423
0.13402285899122368
0.06860467516762063
0.07437310291148858
0.1441730632077988
0.05107647443259531
0.0361611158536869
0.06803733743932434
0.028160783373483784
0.0499393704588739
0.06402762714676466
0.03471970165834192
0.024271867222284707
0.07319318296029434
0.052592770792533314
0.06644376402022752
0.18951566553300594
0.06738510311107312
0.12841257031002756
0.05200012457753028
0.09512240820269836
0.1964506321659348
0.1779060465729128
0.22044696713087525
0.5211315169531464
0.2417290396587438
0.26536546135049077
0.08408836921586782
0.10668473540411065
0.06562704169680343
0.0903523152587459
0.07172501439425114
0.06156609183177975
0.069684987171756
0.05946759417431375
0.028770240382253794
0.07044731856213433
0.04608600648533502
0.11456336189356896
0.0801574481151779
0.09664950123883434
0.14513688660680096
0.08372072097546363
0.10834684886641154
0.15082366642517717
0.20656621197341937
0.44085266667241846
0.16257878750660007
0.206245877873974
0.28533336928755315
0.2632653475753327
0.1747626987573966
0.09686752785311163
0.051402461230501253
0.09674200530192287
0.07429861734046846
0.05778334332311454
0.15212348046645432
0.04372867439999606
0.06312716614706185
0.07369166801473853
0.32825017785888894
0.16522719873112268
0.04414210049234168
0.13993716535799405
0.22988647963129152
0.2373385113167126
0.20815331572707452
0.3742015392217613
0.2979679353037678
0.11768957145237936
0.24954026346830727
0.22746662831079997
0.21126542732531206
0.13001409726688415
0.10933465258918393
0.17114578495432684
0.07290948241400105
0.16434161279346757
0.024426649954670792
0.037058775425366286
0.0672414353427316
0.06480605242635015
0.06367256253600341
0.09305204890848924
0.04934364037353644
0.21928994383935754
0.17435320100263008
0.10581334542740177
0.15166369979171473
0.1367522227905949
0.08158984780898774
0.29533855052739116
0.12924209117559557
0.10412040929192921
0.0887195274195188
0.16089429771453817
0.10914236115596682
0.09649268526807805
0.15530312549918646
0.11390259099357376
0.038614090387503276
0.14142132970001137
0.09124593617291843
0.04549321609380963
0.08599090599771114
0.038618291730315134
0.1429676142163387
0.06356822083983861
0.18691294437249342
0.16898140987967478
0.14132699204917018
0.114077685810992
0.10528233069952245
0.38590036835561264
0.33768822506838425
0.3575812509852656
0.3796484711349998
0.3997276739392594
0.15071968566089913
0.48529504012929464
0.827023781589096
0.2215189151803694
0.3548823718447597
0.1112378062608939
0.10523584236269434
0.041781663823454655
0.05147626330129854
0.06217298687065589
0.1557562955843952
0.06645983571825274
0.19212470589556838
0.1586810603482943
0.19819316372833823
0.0962876717122613
0.0532546344758747
0.11015146582074868
0.08348694444367005
0.22611475484165974
0.03558068060723923
0.18398342045841246
0.48308815995177184
0.05447384787910935
0.2980914967985405
0.11935765604248609
0.06946676239294161
0.2074404619060914
0.19393653646611025
0.10070423391967048
0.11200470166104724
0.12198863826715699
0.058620559348345556
0.05397887544444498
0.06611202990870627
0.09969198573265464
0.0749088971011802
0.072444500173627
0.2528222748345477
0.05504368158910013
0.03377165742247747
0.0881211726565984
0.08023755761081419
0.06336404025898264
0.1860867951374933
0.18414923015050574
0.21016987789445557
0.3497555647568064
0.3865631219328864
0.2255390283610518
0.228291436169848
0.5358293394074379
0.1632543366567213
0.04545185862463344
0.0795570540381699
0.059015397551752384
0.06981732432633204
0.04134552161702165
0.1353382917577903
0.11124438646971782
0.037989486879996856
0.03718036478939529
0.08447137781895579
0.05277412366152922
0.11535976735545442
0.2538718453035225
0.22317423984657783
0.1107698730891466
0.034913180073824476
0.1726600796013064
0.20211971952243002
0.2134007119093117
0.390380743666774
0.3211490646779853
0.3607363324756017
0.21940056490258641
0.21349971938444803
0.06251328783874921
0.10505490546187804
0.06924144764944651
0.08316366043305386
0.04265333654371121
0.03873816279503184
0.10836839876421717
0.04536211904684416
0.06231730288450178
0.06216945637706523
0.16187333320464029
0.16031119144650513
0.08140528516180143
0.12089135490643944
0.13765901432049657
0.23518863590889091
0.06460613879252337
0.16837253088564688
0.16394460093539076
0.18926268947102154
0.4304456235998263
0.1333630690089276
0.21743091057095942
0.2421030575636331
0.06684984721219596
0.05055261315636358
0.06159447522489718
0.030695350616305093
0.04312205452770802
0.06756585389849894
0.09035708300758714
0.05793917444990681
0.14896841844783373
0.08395788155922071
0.08631911312752118
0.16088573276736556
0.1822625164163586
0.10536504563787455
0.1328809757534092
0.19851103767144318
0.061595057426406495
0.08985871763021698
0.09630775988828887
0.22310344447269279
0.10116986345582053
0.2574870174000066
0.10558704739426247
0.11539419905421944
0.09235478497869219
0.09094002288966581
0.06548354405531162
0.08049277263557952
0.03184525126566676
0.07463994848152238
0.024513715241637937
0.05279078574280643
0.06190081143217
0.12205957277497437
0.10683748893290874
0.046231667379553136
0.10440433701104099
0.15083840410737953
0.08732122841275476
0.18720034643818306
0.035870898230463064
0.09831294968217007
0.17243050053290276
0.10215660337478186
0.10621976666751594
0.25315108518028145
0.06638244435205974
0.09628018824217195
0.13702867394599297
0.13445055037045986
0.03516763462282073
0.031983109496254054
0.03508491968446835
0.07438578105726361
0.08106916824436976
0.1186860094651866
0.04156776325260329
0.15228468322177596
0.1766672475856648
0.2885532305170535
0.10838414088773668
0.07797180143946422
0.1940053821646205
0.2683658634662383
0.081647891333632
0.31328674925802913
0.3727097824591582
0.1089670435997671
0.18571985442486755
0.14920176708804178
0.13449033543680214
0.2359871851329886
0.040388619231980415
0.09930072441154005
0.10876574730414822
0.11370596059265693
0.07270109720476232
0.12301648674564633
0.1346170315700256
0.1632214556221478
0.06986713792145792
0.057376595570435014
0.10882849940688254
0.11233062738196409
0.20971523850887538
0.12629605379626693
0.0924037987861416
0.07354905352575049
0.13876086485817696
0.12678897265986117
0.23486922995749426
0.14677180753866387
0.1726483698812901
0.10296921271980836
0.22176289257855275
0.37036453792327373
0.08481651122042064
0.0565150451624502
0.05924639854505308
0.07752085206589299
0.09308620887717571
0.05112746016051246
0.08756219506885156
0.042556835782300094
0.07735716603874479
0.04081982207690006
0.1918554844834836
0.3073719111917484
0.11453261797193062
0.12557267103565328
0.13953416437254498
0.0633641810705321
0.18178724983760722
0.21983138484302472
0.25527677121523007
0.3301897284649677
0.2241529237091406
0.3255590955488889
0.2017466604752159
0.20628537845278241
0.06809734139891664
0.07496910229353225
0.0655452849635329
0.08243275367540809
0.06144568512963104
0.04717003769464345
0.05229721570493074
0.05933462782917805
0.08119644900863024
0.0693315865608337
0.03210774304932767
0.2550581851855358
0.10619062833759255
0.18995600038971036
0.091522510016223
0.14827989870940503
0.25949398292081316
0.09310634487034183
0.15272893114563602
0.3106421038021767
0.3093507377277371
0.09482377142799349
0.23570954259481317
0.1175059242826351
0.12063106251549228
0.11228873306801691
0.04536211904684416
0.055625796041976316
0.07351813975410709
0.10713258676490554
0.09581906427171535
0.08887743645178628
0.06038341591040086
0.08470918251277099
0.04587373231091042
0.21287389031519738
0.028779914303027926
0.05540458308641125
0.03957909800161437
0.03857273291832708
0.0779643915882025
0.039430901075341834
0.24820325545623473
0.05653566036385249
0.14569872063488903
0.13558375279807666
0.1860543147112935
0.1570829268718924
0.19397445018404547
0.052137336406905224
0.024745889340216966
0.08082158298131321
0.04117641713929592
0.05679068773832285
0.046295895373848976
0.031672416614491945
0.04079225043078259
0.06427565285864573
0.1992638188623219
0.08127060842344123
0.08173852641529838
0.04570000343969058
0.08555166337866936
0.20967998159609633
0.16336547963046766
0.12279996288162325
0.23411296616230706
0.18630394189264476
0.23721972118192883
0.23931618588261094
0.17288847978671507
0.18933972062075055
0.05220691192341123
0.06511411959591637
0.05652298318590001
0.0739478948028427
0.06981732432633204
0.07702063163104356
0.05352344105881683
0.08558933299445018
0.09202782088810728
0.07551274184803995
0.13719040687994996
0.13661382364107727
0.11586237966110244
0.11012139327500967
0.05034752822941179
0.06833495933924436
0.13000711435553247
0.18842276966876795
0.17017338092571493
0.16825330324704668
0.1876105809722182
0.17558472462173014
0.16479974528166919
0.1843546042253086
0.05186226634694298
0.0530418993418414
0.09344790025748288
0.06515874887596843
0.07272108633115816
0.06732896512492595
0.08983098645441312
0.10810810637327001
0.07030101428607462
0.07301153358907803
0.045718949578524404
0.28464419018879783
0.11733710963837413
0.07777832302398154
0.2117333993469001
0.2527322743388621
0.2853602014644652
0.0941272491322562
0.3628765143567205
0.2815178548032552
0.32535783710337474
0.17886329129874246
0.06014276545274777
0.16070713218208668
0.26258794210283487
0.09433432231010112
0.11011858478617519
0.0864170737943637
0.026661325653494137
0.09032138327817156
0.06113506891797113
0.13644161960007578
0.06207089658022787
0.1274028190057073
0.095607556985828
0.13621448429286012
0.1319971635868394
0.1004328381834971
0.1394893668214664
0.05310299042222868
0.11640854150679819
0.20129769365809586
0.2803099636065891
0.33367081230902607
0.10116018953504659
0.12146237049751454
0.19917815662504026
0.128263297738426
0.1470087105610664
0.04394920391123181
0.07416966456399747
0.07759605387894186
0.06330294626741205
0.06207932855237814
0.06467168275919197
0.08146248910635785
0.10239353078621576
0.10459457097785102
0.08138475423605736
0.03971144477779146
0.08475321990212697
0.14027653190633793
0.07658758390299739
0.09443332978523745
0.0981880741405173
0.10660031408682592
0.19715331766662628
0.3145163784837148
0.05227786786338254
0.03375230958092927
0.36569833614428293
0.15960901976553601
0.10054016689114742
0.08480018816468948
0.08499747437212983
0.07774066076280117
0.05746393856925139
0.11195992272228322
0.09313619351047035
0.03229154754403609
0.09505907095157709
0.08983098645441312
0.06687697615797167
0.04692750350007359
0.07321433392536043
0.08392753405480943
0.12004701661047382
0.09447391825194913
0.07015669688175656
0.15964958694689085
0.14395462913557644
0.1587163715187403
0.1693819884636033
0.4306757908418394
0.10718549258282503
0.146308268118408
0.11603717100937934
0.08254160930693248
0.06739336630648962
0.08887743645178628
0.07713331185059182
0.0851248105416188
0.10791555546975995
0.060434162823347765
0.04698208498415246
0.038386117631736105
0.11768581991948615
0.17645480662551075
0.15545240014883022
0.04563188429155726
0.10447239720466009
0.070153044572445
0.07746875755920962
0.058952873197530155
0.3343672405764746
0.30372111726313883
0.1603888194840736
0.1425534661085736
0.22628727993384784
0.2560774972573103
0.08968518936958554
0.06297191415341877
0.03949638306326199
0.07253549444770942
0.07624733211667557
0.0527313812577245
0.10610451017029046
0.09533531621135301
0.08094596282150562
0.0636636679942253
0.036606116209296685
0.0656100266483988
0.12230850236826106
0.08263111201633942
0.07093824064270703
0.2159269989788214
0.10657758516855725
0.22928867504742806
0.3113675423260105
0.21828698691577256
0.3036166133511481
0.20742411420789034
0.06667266197528357
0.20411236977340733
0.029940784795923204
0.07829629223068298
0.06167663468561007
0.07196389847933185
0.05889662832294328
0.03243804165719214
0.0970954870240346
0.038255658987976296
0.12090792863675033
0.056080728202914404
0.09480955819075655
0.1043796342501974
0.04898873480017934
0.07479875542555037
0.048677741220376304
0.10943099468758503
0.18824392293247333
0.35047894751742004
0.167315170915072
0.29901945621578224
0.12467898374315556
0.25088229379471916
0.05767988367772714
0.11455752445357847
0.06882999671492664
0.060632177773620885
0.0853722663862169
0.061750557939328335
0.041006266655249216
0.042401500624432015
0.07630919607782494
0.04685033723461367
0.10247765164403476
0.14534937672059198
0.20770788147968286
0.30825969912522894
0.2621235362582384
0.26991246249497425
0.30690470835368483
0.2729042044663757
0.12926292938388573
0.1416906893976292
0.322434965510842
0.11767357229648148
0.29774557386645734
0.2056048748801388
0.2001595299845029
0.28172470422452905
0.07383914384608903
0.05203832893176863
0.07461715207143864
0.06620753695719117
0.056354160417894636
0.07453978746293229
0.07838618991193999
0.0848200162972686
0.07595903464856048
0.0546056451356303
0.026700021336590603
0.16892655407797474
0.1261130708433689
0.09765667268287233
0.10275765167047358
0.1724457917040428
0.20597804536929656
0.20310615055963108
0.28169182318995556
0.42546939280522234
0.2407663780370528
0.1568942340229229
0.1907820053097668
0.3187487491541297
0.11467045770314793
0.0546056451356303
0.09451505929048899
0.05562239953171162
0.0731981786173069
0.11699072101200686
0.03178850366378143
0.05012633260015111
0.13494376588906035
0.0987417468237932
0.08166042871725075
0.10581116925706523
0.13631723839277435
0.1501528620023645
0.09428038321026395
0.09624807634118786
0.13634179005084146
0.4631293719657435
0.4826571983020973
0.21579615070845198
0.5087891142582808
0.17424666098357586
0.3379841543795444
0.31204101810116486
0.14544560378576113
0.04698208498415246
0.0808641694541637
0.05391947095936305
0.03785848270038574
0.10333071329004785
0.09467104692853108
0.0718534026141586
0.08343471236335427
0.0515691331001243
0.18253018116173686
0.06113506891797113
0.0862578948784745
0.14373144631289003
0.12781094373472726
0.18621267611632272
0.1961324629606048
0.23260814165448535
0.2919532426826476
0.15235457827172671
0.31224875788405004
0.4815800055677575
0.4383613077313157
0.1418009759820989
0.09114628161070458
0.03881177014579769
0.16752887115125775
0.04771273360626514
0.037125221497160375
0.19893025916881443
0.10596792449215116
0.05058573890707716
0.062101643192404105
0.09322898945219472
0.08119644900863024
0.10110918131307527
0.17643601719818142
0.18882766894357442
0.31605250431911464
0.24299219411962403
0.3007823184275042
0.08358267548845758
0.4425162616409935
0.12022748738085086
0.10760316611111907
0.26266394384217223
0.233618038332194
0.3335791596868112
0.22258853425951552
0.09355648780658274
0.2577183884141816
0.19740432554528176
0.1590879769142281
0.17028055306381332
0.0717827806668081
0.0894651245117431
0.1779146249274299
0.15392638689946259
0.20230503051926824
0.17315228273321814
0.19738839646804976
0.1652230893588813
0.13970553087717183
0.08905811464661385
0.3599245259673984
0.31009500174804816
0.22325474362530415
0.3524907148132848
0.28737261473290326
0.40854959943085256
0.3514182313093513
0.2150244345015506
0.17982924966759273
0.16100484659839223
0.18857822023530724
0.13730356651936237
0.12219496878246656
0.1346465379169841
0.18129233814841172
0.22309781958023225
0.3636863129063328
0.3086778542862259
0.1444754256554921
0.35327461726845794
0.3135944883374451
0.12204618448638656
0.4131584645364854
0.29365134413042887
0.353799932009329
0.18977564022647966
0.39401094231838
0.1564563206799563
0.3563317716714779
0.18825455321811813
0.06032656994745619
0.07684962662966514
0.14269351682068865
0.11857999709825226
0.044267861462405356
0.1477620712054196
0.13641478742316301
0.07838832800030426
0.06231192022546045
0.045254601381366284
0.15993335216481172
0.24596730620525764
0.03836676979018784
0.17685087803030505
0.23076375702386673
0.2944485369144634
0.2719590369562419
0.12340291701019131
0.28063963008360815
0.334758239160383
0.16516427002278644
0.06530375577711474
0.06719505369708643
0.15782686459934034
0.09321498259403399
0.13210483581384028
0.11887008741859012
0.0876612184858977
0.05832544718371515
0.03134896163555241
0.06064071982225595
0.09380959163778939
0.029911763033600797
0.07730684011122325
0.07429286998686159
0.06643401581662246
0.09315197094632272
0.05498875169083775
0.18557200791743061
0.09352246101398168
0.07129527488312316
0.07138522200727626
0.1538174797341672
0.1145465632394737
0.28981434283194063
0.13051165372499507
0.11425462630757444
0.13290912010921743
0.23735773916678124
0.13439763785890474
0.14046644613695125
0.036918434151279426
0.103451764712998
0.06272645311313263
0.11842379461807029
0.09128027467598761
0.0953632961118499
0.07007924452491987
0.03625785506142811
0.11599492715518586
0.07306081575822368
0.08478997201485564
0.039189053055988604
0.09749396109799223
0.035174375934725916
0.046844226753565164
0.08325376218213713
0.22231862324540644
0.2956637573988663
0.20763772544208428
0.21197419760877106
0.3396237274321326
0.1329390192780535
0.3143121203530559
0.09883539022132713
0.05922938349664837
0.08768755415005863
0.105369958735398
0.1030468654381922
0.06093740214842739
0.08439396857839472
0.04378377403452706
0.1245630857743823
0.12818212750162408
0.06443643615775885
0.06310580199357486
0.08164156399759614
0.13578008626924856
0.29268538576157865
0.1797579718579131
0.2023951104510075
0.16421292270451626
0.25605493519750133
0.29078943904310206
0.15338001387378444
0.16754718164076285
0.1925252726988156
0.21607767061850378
0.10781168683443537
0.0947444166780466
0.041771043867952495
0.09693328992225865
0.09031710748748391
0.08815405369117191
0.07599310482238184
0.11028298995904201
0.09490540973952175
0.06250330671287244
0.0833675736671456
0.029631219331151096
0.08414570679760795
0.05530557561127473
0.058889646211217644
0.22556389717323416
0.11616173545866662
0.15816616850440549
0.18672314119282343
0.2944856017290158
0.7181477930031883
0.30040848105930823
0.13931413306820367
0.3436068112915884
0.3110874680985374
0.2507194152353879
0.1684710952239375
0.09444926273200903
0.07003788791159271
0.09380396185493306
0.23714277955269836
0.15350240873896817
0.12969268783120827
0.23622753564910773
0.2728507294741356
0.20969783233920467
0.25964310814313746
0.34079547896569584
0.4200880977092182
0.4596763624121877
0.42571931889376685
0.2614894917779941
0.37882240136745277
0.5271986119768517
0.18690014935613425
0.15739274186152283
0.144144565902083
0.2830388940899945
0.3919135766356835
0.23596951308173172
0.21387928216955815
0.08730421336435032
0.05881032116854299
0.15072951433155293
0.1300555614949005
0.17699882584387722
0.28899749450957424
0.08696854775940199
0.06542472619542115
0.20146209883096267
0.31191403828366004
0.48934393269201093
0.2917750824260124
0.1255384698858469
0.26854787556036813
0.1549084933560961
0.506152518208996
0.28918521030298344
0.395076972859689
0.17554867082987025
0.3362977691033672
0.32160570970325464
0.2337904835525759
0.06158417964809275
0.07932478907940096
0.1600319952685322
0.14270369004837258
0.054482184991746056
0.056064584493380185
0.06968146100110115
0.08567076871750175
0.10775973593861679
0.2627523472757017
0.06967354973882256
0.29528810692209184
0.39413529648303475
0.8087090453317346
0.6697323219063184
0.4866889283171196
0.4410281790343042
0.3084998983596792
0.298369884623713
0.15965219918099763
0.34436573973831647
0.16536236815243296
0.13319379891173888
0.08953318470536151
0.03390709231331529
0.08384307126166694
0.031142174289671466
0.03256211406472071
0.06727112237138216
0.07057206621637503
0.1298859030824927
0.06308117650625722
0.06524592611498391
0.02848969667980416
0.04413242657156754
0.12007600512304349
0.08147483683380269
0.023304475144872057
0.048949295707508396
0.04258459924770722
0.134286145197593
0.09193588654095552
0.15221662302815755
0.0904327803820172
0.11792741753044925
0.09573447987874673
0.03464231029214891
0.054827070543922725
0.04320686214958874
0.031197317581906383
0.064292220563879
0.07487011572353555
0.031900394557901675
0.03568055650458826
0.07126227236590109
0.055885979811012225
0.07961891799931994
0.22000700233033652
0.14347895016527373
0.20100176434693565
0.058276165014569635
0.06371379302844149
0.04895832021708036
0.10282090192871031
0.11308633810096273
0.13016289020255017
0.11738326252188908
0.061801844772287444
0.17879195120373384
0.10826675299890075
0.16470883563715788
0.07161633873524655
0.047954161415909594
0.05724123946251386
0.056378801502467386
0.029487875522623875
0.05972842580723086
0.05033540035942006
0.057741159499633696
0.07291079084189772
0.04429594437609077
0.033403049271303234
0.06943857632602843
0.05828583974795531
0.09223916607380366
0.044909790721937314
0.10124070545136861
0.08118066041464808
0.11462705977021127
0.09222640722752648
0.062201633640990614
0.16598346252630986
0.14423090596134241
0.09772278831533425
0.11228873306801691
0.08644599517113584
0.07214323120411133
0.02966709122238736
0.07278295029230752
0.031114602643554003
0.054737811983818684
0.04158477830100793
0.050207940058537334
0.06268691915309309
0.0679652354139071
0.07866002660150322
0.044196936900954185
0.06967159664344802
0.06583997096580319
0.07612360419437687
0.09462176475938609
0.11524635254678316
0.03399583966282862
0.15673234557208718
0.09720697153586703
0.15449771901918954
0.13833504879145603
0.1016212724801507
0.17068545047029984
0.044417921895228696
0.054827070543922725
0.0734597949656468
0.03666742931205898
0.06855695708545072
0.039645062782875835
0.0860527699588605
0.06980819259461946
0.06407523846705623
0.0486236006166901
0.125460113211049
0.034835788707631474
0.0804160342067707
0.07432793830372003
0.10249018476515631
0.054652126275373455
0.18170811373185294
0.06337385499130624
0.1142063276531528
0.1144418878863108
0.05974775713653662
0.09380860896848486
0.11399854686583095
0.12069658820254309
0.08025682054195435
0.06966630616122375
0.050676547499083666
0.03995133365415982
0.06910204460391639
0.03227261178048738
0.06877503396352004
0.07081011487209436
0.11648983884438138
0.08902916299568403
0.10263011724553149
0.14920538276610515
0.19248971511645954
0.12835540953948998
0.05285512640856317
0.13797681735029044
0.0658482373260641
0.10003904225391684
0.22097806922577262
0.12781094373472726
0.07709518432154977
0.06850258487719199
0.09430166874994575
0.0911666293522094
0.06841668631976658
0.038021299995977885
0.05076580605918771
0.1050713618122232
0.035919911979538977
0.019715450537670882
0.06200916084479354
0.07707546909704824
0.07220538807154459
0.07149723339641349
0.1533298277088685
0.17282605149342958
0.1690333981970758
0.08298289240046162
0.1658020939273481
0.1834222218023181
0.2174863487084626
0.28621361625784975
0.24586062393771296
0.213585325868416
0.11870555066091158
0.22670048563209524
0.15253511938580666
0.13270785553807163
0.04709765398412029
0.057769676892618145
0.05980940716423829
0.024842628547958243
0.04166234553745863
0.06511181910977772
0.08243372823161874
0.07739181539794038
0.062120174207919716
0.05330562461351645
0.0604784057586493
0.0842157583511459
0.1311515976367966
0.049503737568273073
0.10291069937208094
0.16950602077599347
0.1435367929188173
0.1888711131802046
0.2274308111451609
0.2887960712167063
0.262982078986663
0.18446315911165684
0.10633005325198563
0.15055076669263223
0.06400265984162451
0.076352434677751
0.06507309773671967
0.05027488397861534
0.04915915197731452
0.0269515432767179
0.10873758133409414
0.02708697816755572
0.07652536855445762
0.06637570382660883
0.05366546266832204
0.06498023175576029
0.0645842826651954
0.05233828889275793
0.035705281722111196
0.05546210967814292
0.11141699403012802
0.10333071329004785
0.09498432087465107
0.05941722139468828
0.1740488454131461
0.12170115345605169
0.11391225593428776
0.13200274552341235
0.24181163118965035
0.044647487013848096
0.040155514235015864
0.046859443306454904
0.029391374761212764
0.021127842970693454
0.06545508788285094
0.17328305220159507
0.10566511268143557
0.10891180608784802
0.055198435527155684
0.09238260970770847
0.14352776464733888
0.03464231029214891
0.10918012785697351
0.10587693132621223
0.11272197520942352
0.05077841014339283
0.12139803179452029
0.16889951035691925
0.24650982836740523
0.11352440295594296
0.08300786715448048
0.07766869857332927
0.05154329155608595
0.047863331162330325
0.059892493829828496
0.06653092834644317
0.03314111863318737
0.0769887049667325
0.027319152266134746
0.04621007889286358
0.12965307884121263
0.14839210902956357
0.202053957453283
0.04961517718836994
0.07559884746921798
0.09963414297911105
0.10719953068498381
0.07335436449550359
0.14575149246806313
0.063523196047608
0.06753674716471915
0.07841392030814452
0.10744291470751705
0.17492710393026345
0.14586026936741467
0.10853615561107288
0.03355367545400477
0.05693787940833057
0.04882443237692427
0.062223818260093586
0.02696121719749204
0.1946406113232941
0.08684857898125621
0.036435930344223884
0.07340414206623506
0.11044134105509565
0.22737235407476872
0.14700735813144272
0.044751557501111684
0.10896762713528288
0.044273155948945424
0.07153458364873189
0.02924426250018605
0.2334436573973833
0.09189827643361016
0.16187722184825287
0.18459412809483006
0.07682839190630365
0.06533778587392407
0.134220383128446
0.07627143960892442
0.0934296307900308
0.11616869514767267
0.08549068989073033
0.060889597208975854
0.05920073998902196
0.048949295707508396
0.08499747437212983
0.1205153770084051
0.05989124351262047
0.22952244130954735
0.28268185984957833
0.11865457906649045
0.24092919669646495
0.09772769966333858
0.04699590712070916
0.09885385531525324
0.13787201641036087
0.35051182855199353
0.16944139294868524
0.051058953845842525
0.08698246682141278
0.035174375934725916
0.22230814439048546
0.10096198459587383
0.051721505011331735
0.04864591525671613
0.06980819259461946
0.05567502686491137
0.05940965490491645
0.042157382913141375
0.026992641548993695
0.13560138658052703
0.05617645793535576
0.1335846254390955
0.2859105042976961
0.28308948621980284
0.12388656743438545
0.2760047882994478
0.27447704105593734
0.12809277772263608
0.286492454237666
0.12117553161671511
0.2138165433048852
0.08279908790575356
0.1602417605214656
0.06899686696044298
0.09168239042345876
0.08986386748898662
0.07597645677971666
0.07284936031744452
0.037365421116532495
0.04453356231641848
0.03738715213527624
0.041026609422781
0.07145408711799431
0.10055020372532775
0.1714576104708921
0.03754448652438706
0.04976115700362812
0.08473059722185639
0.061407309692445844
0.03484681913275955
0.07483494140896985
0.11079779441305461
0.05432873906749745
0.2151577591308521
0.07627886530399168
0.09905571544367314
0.09675682994648468
0.07445929093219471
0.06013118106209578
0.07347971419596037
0.025558498685243666
0.04073167527117512
0.050493812319638516
0.07730331228196395
0.07204234675022714
0.08165521729400074
0.09298782064824433
0.16604922459545687
0.13919858640303606
0.14995824182622414
0.10287456628253515
0.045486775479945306
0.07546349754907566
0.10442636642024188
0.03333633098764175
0.11610879050683003
0.18972423162350238
0.10609569425998779
0.126705499732789
0.11566053245451316
0.06634167372979949
0.10309363692019682
0.12939423967737052
0.09422584552277037
0.08002544952777932
0.05580891470506746
0.0685452689535715
0.05826352510792928
0.07652571994184802
0.14368630736645163
0.14638636592058868
0.21735900701628735
0.07671419173882739
0.06188455971063983
0.04014677121262719
0.09740080219238463
0.07910539889222883
0.10170103993539562
0.1594852918432373
0.2573268461932986
0.1522132059503805
0.18937717510224017
0.11249231615923805
0.1436790497695573
0.1566452487074763
0.23177591344980977
0.09593554266570371
0.05063532809471595
0.07891343229967017
0.07316030192572083
0.07247370984066938
0.06588289628633212
0.07841257075690578
0.07113210099504468
0.09522347612444394
0.08158232393511643
0.08424797053647273
0.0985824206929793
0.09823259967667179
0.11264147867868594
0.07791510941905684
0.05975463008893506
0.03297568875648261
0.1931083547279538
0.08215534040644627
0.07576801054598571
0.07140986309184909
0.13862644176127645
0.06570323269790808
0.11503874226395848
0.09683594694901188
0.30236011011785163
0.06939853048091131
0.08597830802024196
0.060909041591380955
0.06228016031261224
0.07909996547107921
0.042673741398906666
0.07855279159575165
0.07947729109820287
0.1499273098456498
0.16192891830863926
0.12352320019267977
0.1118633455482236
0.056215153618452224
0.12156268365863475
0.045399710192978227
0.05405680878162941
0.24403290332451763
0.25004905664761196
0.2200727643994835
0.0735229510363989
0.1542039072563119
0.06284994521667954
0.09944004763773477
0.08006721590690763
0.06707780791820583
0.03544335108399533
0.07722007598090753
0.07390608776616664
0.07689690370874484
0.025258607141245698
0.08620145442050221
0.09576541185932175
0.08597830802024196
0.11878082885848643
0.07750059848940428
0.09265150687887162
0.21673679752843433
0.12173007483282383
0.06534480129838109
0.0592914604246246
0.08470009687283815
0.21043026384979474
0.11395341643725436
0.14793177454553652
0.07832026780668587
0.06332894839383504
0.06401061209836002
0.03355883116544671
0.0665798844074648
0.05737093950688865
0.05374485035574273
0.05881044023110839
0.023991323519835073
0.08131479849991372
0.0457414535130843
0.06584097797840599
0.17135915737336152
0.10771276740558193
0.1044308325434605
0.26279434068105045
0.11326911277206027
0.194500293853816
0.1852784561360157
0.2028256153011619
0.14503824350308114
0.1842565588581554
0.16168013283278757
0.16387907631361515
0.10684249644456767
0.2086980729376107
0.14695983294977685
0.22181545923187104
0.09742335553436138
0.08101886918875355
0.0258196945461451
0.023826866866674918
0.03498841892305724
0.05643891555828285
0.08314516378483734
0.058633856802485035
0.1239200143163935
0.11127303765614849
0.1399362801200161
0.09584453593145925
0.14503824350308114
0.08798662562258361
0.07327867514804448
0.06866354071909456
0.09126687770640786
0.16861894173137443
0.2005193552737848
0.14627364376673344
0.08597213391966674
0.17476569024714675
0.03419730993653906
0.05209773341685056
0.024271867222284707
0.04141462781696122
0.05288622069454268
0.06918169674234455
0.026922521514395566
0.0313048076250751
0.06745715679864807
0.09202782088810728
0.16982635487543954
0.02511349832963381
0.053443562862309724
0.06125785989124347
0.026868569141465126
0.10529246187633422
0.06675053758948844
0.20187120986769033
0.23041232330106143
0.07723096913004307
0.3151975974202069
0.11436253013333479
0.10137222958966194
0.08432179140797329
0.04436277860299371
0.09523956818955119
0.02641947763414097
0.03494706145388105
0.06520030977951428
0.07333972594265241
0.029563501885732223
0.054693182703766635
0.07434215215600724
0.029389371311797936
0.11054672668888635
0.047034602803805704
0.19892122943695922
0.12448675926156715
0.11279336941031415
0.06309179948450792
0.029118501530122368
0.15191706984951656
0.11944563980076753
0.20840744101813402
0.20395425700870728
0.18186500222524146
0.09950594908267046
0.18884927216560765
0.1729660590635465
0.05500543400433347
0.11376837962381778
0.0450484011871285
0.0743111381357887
0.036837579796105614
0.058054395253414874
0.05424721373610326
0.03005687184521268
0.058176792390234516
0.056513466807940546
0.07968926750829557
0.06579169580926048
0.06221321639253423
0.060807394070895145
0.0828602071248616
0.039866258412136514
0.1544093383564882
0.17266903663813687
0.0421492728128715
0.06074033639676518
0.1122482743255929
0.1469249429743058
0.08024296827641318
0.12359968021694745
0.09214169551753408
0.025722955338403818
0.0239429539159644
0.05346587750233568
0.06712651548752278
0.039799671170554045
0.0604539643183751
0.11518226411047232
0.06393144367453749
0.0930533278426022
0.10903679923444863
0.21170587583964556
0.029331327787153194
0.039399882301850875
0.07498282035489869
0.10622821688309833
0.0882750648317445
0.16718735500634138
0.1429038418267973
0.24831074764245764
0.08288615319272029
0.09043342778972144
0.18469485601163108
0.11496502541403729
0.0913337078455822
0.091218022338495
0.07067957561322669
0.04033731826984451
0.02191143055339775
0.07684735467740725
0.05073143025996622
0.03660136022092864
0.05376105899914454
0.02758034812703618
0.2117867436869973
0.1908810866943775
0.12103952645565126
0.21599902414564587
0.20033837689878084
0.08504109313914941
0.08745120914871339
0.2133502732887446
0.22026665499587267
0.10070115995262258
0.13734408141291526
0.05200012457753028
0.03755416044516114
0.10563271366265603
0.05052504151024611
0.05262048661517313
0.0639537583145635
0.04791961796608836
0.03264482900307309
0.023236757699453114
0.04423912585213608
0.06270413847310659
0.10070115995262258
0.09565671069307204
0.06464172432238588
0.22437204099620955
0.16152230937442022
0.13601878684161717
0.11727618280995472
0.08017490808279411
0.2891886990726811
0.13636476519898721
0.12015009601465805
0.08475195610365019
0.2068372639037198
0.2043675956571503
0.04163655501184277
0.05683029072837751
0.05092483037894928
0.08148800010015422
0.1275432715639703
0.09393663175505107
0.04131253752653327
0.055608082944833284
0.03269785221654941
0.04789981647106103
0.09849041503730893
0.08312667612464435
0.12380366427428698
0.10004768864602213
0.14732125345176125
0.03809022911127154
0.09265038538802091
0.08703197258987534
0.07467499482498223
0.19431959294075943
0.08379023255096225
0.15417768853924
0.08320433507096589
0.11593856913425545
0.045253392141269506
0.10059568770049365
0.03199860913059451
0.03888980684867787
0.02337219259029093
0.045430179240462845
0.04902526413715843
0.03247939912636833
0.051669264824120764
0.10440617014647025
0.0723663776043716
0.047454970000618324
0.02896371879773635
0.08600062266026805
0.12508495453836138
0.036519050922329536
0.060272149192588345
0.03272754394142547
0.05591942195712126
0.07378772775312001
0.1617108222074252
0.08711420218576874
0.3573001113978934
0.20596900876763852
0.1344023741547256
0.11374559858520397
0.052358555977057256
0.07127296024309708
0.07623021460842007
0.059360372735770925
0.06283802631326268
0.04764213553306965
0.09213301521753745
0.09520917233301407
0.06591744663685296
0.10818733731121051
0.12590148138138696
0.08215534040644627
0.07098286992275853
0.08329982368771108
0.19580656088434517
0.09590832283181905
0.07389917944191801
0.03439078835202161
0.22868132613521872
0.13540575520434564
0.09295780488501763
0.12849144730737153
0.105369958735398
0.043639056612087085
0.08296653175647194
0.0378282984731556
0.043575538964354066
0.05780056398471562
0.02788023967103415
0.07472761270131953
0.2588697454298001
0.09244275798255948
0.08685089444594163
0.030579263567015548
0.06734558359851801
0.08257053068370394
0.03731231242580797
0.07268828678474072
0.05023639288428355
0.09282316060058904
0.06125041184993818
0.1443474734272086
0.08417623559660656
0.1525677037909667
0.1851284683951211
0.25823897319607525
0.11000228793617661
0.05648051707161757
0.08946929507410661
0.08051711293290083
0.07274048165877763
0.06506949031586433
0.059978728437719675
0.06096359655107726
0.0868598231189676
0.05955266941633707
0.05647294565509219
0.09061975314565315
0.12110085033367647
0.20115066967737968
0.10550236550550354
0.18347721424077731
0.1345133233659926
0.07210977513898187
0.09346366088683968
0.1965027200691022
0.13320970320032316
0.0589915688806267
0.08144843609496052
0.09657776203259984
0.12468912611239964
0.17075162547907893
0.09545956163485946
0.07399534632627101
0.0482546772756377
0.036753004274574674
0.07421780133998197
0.02954415404418395
0.06423604986859115
0.07838329002593918
0.03034708946843652
0.15209752044329267
0.099679496996216
0.0826910432340433
0.15430471749636707
0.2782022332889983
0.22946144338752864
0.1534246914648892
0.1372754821548279
0.050159279213848676
0.15213154778613402
0.2168524830355215
0.15104086114633958
0.043058621365639475
0.04806003840586316
0.07138299179810466
0.09653955566451997
0.03978588534749532
0.09812527096902214
0.032796473056719115
0.0410743268488679
0.07053923794660386
0.06350339455258067
0.10034334498437958
0.05113022045602653
0.10224342586364824
0.11110665033855992
0.04947243083888566
0.05485014122564656
0.12863060725097553
0.12861336250452973
0.130647030404756
0.1924715115978029
0.10095028218489373
0.13797141928086054
0.06734016250869831
0.29472463120692877
0.08603749589365879
0.11495366702193495
0.13986377806878966
0.09871045271113624
0.1595387797499317
0.06436251290404058
0.09295060162702228
0.07451514120449156
0.07177929847363979
0.09363110519966587
0.052882417253288995
0.09953911348943659
0.08844998300233207
0.028625131570641907
0.06338105530738727
0.19499520554301153
0.0968148212863615
0.10639620364404714
0.07546811256798776
0.2070836747494474
0.36360543165578946
0.39481580005567835
0.07289943233456496
0.05043982291629839
0.04251688180228834
0.15713446131955833
0.13814993640106862
0.12281977870319515
0.05773502696996206
0.08199210314826672
0.06300725325253893
0.031672416614491945
0.04549321609380963
0.030937198635658258
0.100299334644864
0.06132223445042253
0.08372452937761396
0.10834300891921345
0.16167015588185718
0.09430143065994002
0.050083895172366756
0.07330722660395125
0.11094839020935467
0.15519425649897461
0.11105859056113054
0.24936610229073505
0.18651896061196754
0.08326637127473066
0.10777971132566022
0.22132130992023563
0.1682246843782099
0.06506771265973813
0.10189832614283528
0.11343956927808409
0.03277524358274241
0.037332008843041324
0.05760254903444257
0.15133347778651474
0.10838565993380547
0.07761941640418361
0.1154781934216325
0.07941821557799517
0.0901364053643118
0.10093105261529949
0.07768126499213385
0.12942316105414264
0.17365213894645698
0.23567075999876283
0.12063294398064542
0.12193760637816996
0.15498965812048016
0.14090494763257697
0.2959589113449038
0.09138389955103228
0.12586222895852014
0.08375504646280034
0.05524617112619273
0.0723932133099318
0.031941752027077865
0.05714779310662846
0.06741252751859608
0.02886697958999507
0.05710751165875982
0.06498850667962887
0.04732673056062071
0.06683234687791961
0.0895116611089541
0.05619664288750357
0.09440145026010974
0.07912400631012441
0.045024498109812815
0.13326683312581913
0.09156211300627806
0.13820287616377
0.17829397380787215
0.05758338291631596
0.11744971107058616
0.06193477619299051
0.11820731929122105
0.03753879618892227
0.10575644158495474
0.04765915058147428
0.049820061728867125
0.0827430480373662
0.031776322150373106
0.1019518079742649
0.07601774590695466
0.11777986584176756
0.12966138702184568
0.13689776660758848
0.1264933400037073
0.16577546075327698
0.22598059395709733
0.18436355589494927
0.04326926809307001
0.19224039140265556
0.21776857201389557
0.1559218659468626
0.15821079778445765
0.03812492177083467
0.07956240701972868
0.08429715032340046
0.04147209835868262
0.07466478552705179
0.04648511224155224
0.0406543922001953
0.05899075646717963
0.08213671003212603
0.03638078705198896
0.07519557960687588
0.08259945206047609
0.06428847791495376
0.10716569108779751
0.12887287231551797
0.07539367948108278
0.16141299872061324
0.12399696186101057
0.18587648844319124
0.14265416582473422
0.08617610635884951
0.11098394630208183
0.23370826090789798
0.11409041623196098
0.08613128788913328
0.0980058989942651
0.046202645617230725
0.07080435280255047
0.08159856475610139
0.025519803002147127
0.02501675912189253
0.05277412366152922
0.0541174859096361
0.05077103325002089
0.028557414125223033
0.09096107973338384
0.037902421593029714
0.12754553311005465
0.10672053728460909
0.19685875399069255
0.3048102161650007
0.13376384113885884
0.05338069483163301
0.16405538630125666
0.2588792345213819
0.20974976027715114
0.10519961576117033
0.16586471931338137
0.076675496055731
0.09916142526144608
0.03569676765652877
0.12247431841679857
0.1403367711236183
0.1395411354574481
0.11783366642692243
0.06813259884367204
0.05534995246038412
0.06500318110293221
0.06388681439448543
0.11806157841501164
0.10781691236604012
0.04808495082885086
0.31601962328454114
0.09101474408720868
0.0870533440833452
0.08082275739864217
0.09364518646492256
0.035551658844916886
0.08653617402089227
0.19340624536049028
0.154506567540139
0.19799780095084504
0.1403231041932951
0.12085212481391205
0.06367031113026664
0.054660788427865155
0.10445355750391587
0.09152773052058572
0.10199696924655578
0.060807394070895145
0.047914376307544373
0.1002505490426552
0.0844408607436455
0.028712196857609052
0.08577561539776596
0.08022820896838279
0.08835835857287133
0.08220713385584501
0.08715091061180834
0.06823595186410736
0.08657496880882583
0.11966683543002787
0.08457502162820858
0.08687981582271374
0.11406430893497795
0.3375238198955174
0.07702139342912546
0.13897571699034816
0.13032388326402533
0.12680302121140602
0.07936439206945536
0.11278194858661673
0.06672077367778956
0.07593506066238251
0.10250858362460978
0.053427251990656656
0.06192312607219603
0.07061213126738446
0.07739832893023878
0.08098316428793789
0.06753052360375973
0.1022424896467243
0.047974664244381085
0.05944620102930818
0.03362362244024291
0.11268330548289691
0.04042003320819689
0.07036570968597311
0.08180547033537668
0.1779336182190304
0.21888430401519685
0.1481547857943276
0.19478449278709842
0.3242070008933075
0.07980057701789182
0.09270314578242485
0.09593220675231061
0.03868301950279692
0.09607473166506854
0.07363831208585486
0.06475088873930115
0.06655282478678631
0.03377165742247747
0.10413423649382401
0.09363222954916564
0.08974303212312912
0.059958926942692344
0.12057475378050314
0.05789957145985221
0.051049279925068386
0.1747038262859974
0.0945232004210948
0.24435311013943317
0.10716769433577927
0.06673716942731282
0.11741963581689946
0.11832264660605939
0.1918768971013064
0.20778837801042044
0.03530013690478959
0.053801583055559404
0.09267833905578438
0.06453307229400078
0.05752334305433331
0.07221017512418962
0.10923079685269467
0.058632226775862606
0.13249728959393786
0.19209100397755627
0.09694465518487191
0.14992841718540237
0.12576531118662934
0.06436600786121127
0.06473822508379698
0.16913640450740244
0.14598237505020037
0.09696876085820158
0.1372930118418941
0.0810287604040882
0.11265070521036238
0.12842933279320778
0.16680548839064407
0.1354388074226927
0.12115164729738592
0.1833117677464695
0.07359008435018784
0.05498875169083775
0.0717224088871198
0.03777315518092075
0.09022858733644719
0.0990267940669017
0.08211679987825157
0.10282193750940707
0.1228290871501547
0.0789683621689094
0.11198224070606558
0.17048927376731624
0.23400043304772816
0.10028953666537516
0.13091378242551374
0.17317486979329197
0.10440400036654776
0.09422750740622156
0.10955417521186375
0.14476166908967206
0.09415358415250376
0.15903355983257156
0.11183651337131086
0.09108046576820082
0.10221531733096997
0.0555634536647813
0.09298756577345588
0.1682522539118714
0.11577412273279267
0.05998175238993253
0.09581652124522344
0.06686914023034415
0.18645679736498072
0.21571963252807116
0.13546391260010107
0.1853677146961194
0.25571468341117953
0.08653853618614002
0.11692782813626118
0.06227507716108391
0.10135864334660553
0.23067622491678483
0.12542312047533183
0.1677919194278444
0.109874596109922
0.0356000284487875
0.0928376194377202
0.062138956773846545
0.0814136756128295
0.08636208976460796
0.02578099886304856
0.09072635893337282
0.06220701696746522
0.08385659933805596
0.05118126560124051
0.09887327096208653
0.12540308968285147
0.10570763210120468
0.07470537515525898
0.07132784850587014
0.11843303788082986
0.12932661078288887
0.04907139959906172
0.15223363807656198
0.30653767240510704
0.134640078026136
0.14025178872165128
0.16354287830938652
0.10523059791518488
0.05917833835143433
0.08835480603807963
0.08988763900698843
0.07108874410526964
0.029391374761212764
0.06345350063749461
0.05306421398186742
0.1203445865384893
0.03957909800161437
0.07623021460842007
0.03119839449655969
0.061049993675947815
0.0956030463392472
0.0956756171794464
0.06783899798941023
0.022153278572750915
0.05019678989422888
0.058454013320616886
0.31750514940564356
0.08339044368225881
0.11874538655611495
0.12413054910488916
0.16883256643684164
0.17179622011197423
0.04390784644205562
0.044630471965443466
0.04127475423783821
0.07556682854403197
0.06310736465203451
0.08711118683688879
0.025413389873631714
0.09109808966548147
0.09805437842185066
0.06477069023432849
0.09390771037827964
0.07756713250216975
0.11930464907668085
0.07991968235672423
0.05903089433748267
0.06970962825632883
0.14292526936663638
0.07702803037443783
0.15256026247164273
0.1318125786336797
0.26110218949649133
0.16418695289059385
0.16922886572427287
0.04170427245726164
0.11041451409733535
0.07156141582564464
0.0793285452924891
0.03920688077902866
0.08744470908472274
0.06370829727427736
0.06625987641614282
0.1025123397563796
0.06207089658022787
0.02675806486123541
0.07304560280123855
0.14855651420243038
0.23727922298864815
0.1829954465432676
0.09558516750475111
0.04975200153524845
0.06653092834644317
0.11978498765965725
0.25734022937491063
0.3102696255829082
0.3178261004052098
0.07489837667808079
0.1426718796762612
0.08373508925872705
0.23129336498577271
0.18669851430752543
0.08971818892940728
0.039592883824673096
0.03753879618892227
0.09369296916081524
0.06867470270427285
0.06491328783568222
0.04698208498415246
0.12603300551968027
0.07259614422727344
0.195050297089158
0.07273933192995469
0.12797298655950817
0.1357280211904113
0.046299384824972006
0.05543156603574793
0.1611499113728895
0.23404199080620466
0.1522536952649806
0.1979089812499434
0.0796474415822499
0.06913214166816481
0.06145835483765982
0.1724003269371495
0.1551342650043395
0.08673520893885445
0.08067129074125777
0.03624818114065404
0.06776298257508101
0.07742228772760167
0.08485531944868209
0.06690054461503453
0.06364200501777185
0.09803720188020819
0.10110341762053565
0.1916545516409422
0.18335939709377846
0.1472797624913668
0.11993765538041194
0.11896738212407358
0.22928529194950123
0.19013888459278058
0.28460091889181555
0.25710591917559994
0.13523560472029927
0.11415561883243744
0.03508731064775876
0.09676553911721585
0.06225590036586026
0.07922108690141257
0.10180324623700135
0.06744264847563515
0.06663151511768546
0.048594978243731025
0.044776353294755676
0.09055283067274207
0.09290861466813487
0.13665627701537575
0.1495713833566335
0.17250406537047927
0.4382167008474564
0.20557581482519574
0.29957910599786264
0.1931108947851475
0.48069844938748474
0.30829258015980243
0.3385505273902694
0.18330291688576886
0.0399532927971447
0.20819086066410764
0.14944114425423335
0.14482813462973965
0.0645550936473094
0.030289045943791778
0.12126525550654332
0.08961947088775847
0.07072961834135678
0.08505776908608566
0.11172327846975473
0.06005793441782894
0.07459223176787362
0.14677200771138962
0.16647667804491037
0.07547564204635385
0.1175496985997537
0.07221017512418962
0.09824400419158134
0.09183672956338801
0.16752760679266318
0.07256918144590764
0.14203121147736975
0.17407219703135574
0.3676099665301394
0.402003528693872
0.1517388563942708
0.13027403578466737
0.1283104800195996
0.07890075280196716
0.029031436243155222
0.06147683327167565
0.05942388638928215
0.06317687472653132
0.06913075480059955
0.12417931475106211
0.17456943019503976
0.07066612899905125
0.09239382597667739
0.06959936224114548
0.1336779053780881
0.026777412702783613
0.1414833751680142
0.08140882475253303
0.08650603969353218
0.07804919280565703
0.09448456379111986
0.09851713026302597
0.0538547169495652
0.08949915460855196
0.1542955450779551
0.0797665469210823
0.100299334644864
0.07288832816621457
0.1328154458471586
0.10387118821723734
0.061364833089631275
0.10077639271242576
0.10001012087714539
0.12039633922248955
0.24444347647589068
0.09829291840874624
0.10138094277390203
0.07025570435689289
0.16035138729932896
0.1393195278315275
0.24537178172607851
0.13820287616377
0.07698003595994941
0.37551424417705526
0.1415014834651517
0.227697999324975
0.10308529976909757
0.13529945594694084
0.1271479963954249
0.11363426922444828
0.14125692452714453
0.030453502596951933
0.04171590057571757
0.059223054629047985
0.09233196201552803
0.08005437090455078
0.07789046833448401
0.06671123674700484
0.12483173444558535
0.1662287565278171
0.2602616845556624
0.30800897627910645
0.050246344500815825
0.1292505961875254
0.2743666676977333
0.17209933495695437
0.046773406942904196
0.09924877734442675
0.2059994670282464
0.27452000199181453
0.2620276735531908
0.05599265344064733
0.09839185069901762
0.10880447738019838
0.07651297678552284
0.05638787041306888
0.0782157956999454
0.02277240950229506
0.07306401773274451
0.07926225059953254
0.05283172529649332
0.06888529376031319
0.10652340860802716
0.15154868834860563
0.03961470557005026
0.1499273098456498
0.14740232898329006
0.10222187798048427
0.06576076498569398
0.12580994046668154
0.19980528679295254
0.06245483251776419
0.10511896904403734
0.1169465873823034
0.0862816993844393
0.15296685737834398
0.2085644022988082
0.115343708534076
0.10917819731382941
0.07303617467365085
0.0723932133099318
0.0902255588692938
0.03496084727693978
0.05580935876731018
0.10235866062686297
0.15348574652834282
0.15364104500099035
0.21323350920822468
0.2512439851750264
0.25435367626589167
0.12798579327089826
0.2738332559269235
0.2686863861813395
0.19810823330448027
0.18327198490519384
0.12098997822106156
0.13757898930381152
0.1754860815180103
0.11032794193901799
0.11894408135072419
0.18707393743396858
0.16771683443554036
0.058207981297922394
0.125252601827562
0.060889597208975854
0.06690925169727788
0.09736074337171216
0.0527313812577245
0.06716706647830988
0.07850649544880263
0.0840146196979525
0.09118588460075897
0.17451647863891737
0.12294218826978452
0.11669775527451749
0.1752141152386421
0.1241413366438655
0.2257415942342792
0.27063303186258736
0.12268003939963973
0.22612287476098103
0.1993312920606822
0.43437015773679666
0.17338169530531555
0.07033526924564146
0.16690896718116893
0.08047778221462329
0.13274073657264512
0.040257604525443885
0.024059040965253947
0.07113881116154867
0.025452085556728253
0.10903523152587473
0.05300187578054002
0.030646981012434488
0.10267088754015788
0.1313990534813947
0.07134675841034466
0.0600777359128562
0.0642898958823563
0.0497806070650747
0.07362063640974785
0.05311949897073158
0.10748693372132578
0.15209528330476235
0.32054811469578487
0.1097213657244336
0.12208339558233676
0.20566673884128814
0.05168305064717949
0.09645279153420425
0.04272478654412064
0.08395788155922071
0.07695468338505758
0.09833992838432212
0.025239259299697427
0.07201803741432386
0.10571252615334539
0.05405680878162941
0.12892653656213568
0.06209748840564174
0.053189041312991354
0.10074748993276808
0.09516579026785586
0.07844350273748012
0.06356279903766267
0.09242347803996602
0.12258066246932779
0.11503752374145658
0.38385319760937814
0.14581501525000534
0.2502629218348853
0.23409397345101507
0.08613451050042392
0.16567168795818046
0.063008357176898
0.07431751107143442
0.048237662227233
0.08368955979009592
0.08841264879162322
0.0861044557122212
0.0818084007815525
0.14199588022096388
0.1731046695287372
0.08203017054270727
0.048918264163419725
0.06265193026640642
0.07256373432063552
0.11475764793219737
0.08213671003212603
0.14713191598393052
0.3129171329894374
0.3452462359488943
0.48934393269201093
0.1749726256464294
0.28159318008623574
0.134133301196386
0.12773361378329107
0.11331395419220779
0.07314451426348208
0.08728471509752023
0.04190806422069662
0.025558498685243666
0.05908766116149076
0.15143232877753973
0.04976901658365315
0.0951392275354134
0.05803833010832162
0.20498623526864454
0.06129831615146751
0.0778133130462575
0.027667413414003323
0.04285546902938278
0.08970077247371078
0.06620831377812544
0.37519702086153994
0.1949655200388866
0.2731045608568193
0.1966261924148194
0.061235918500224175
0.1717376435766472
0.0634837151854525
0.1352942005388334
0.06619639787629475
0.09670312268024481
0.039758313701377855
0.0245040413208638
0.09058175204951352
0.030840459427916977
0.07431751107143442
0.11120047016610493
0.09787438792298964
0.08560186300305776
0.1538832418033142
0.0829435169767034
0.15873915861436574
0.15970384253429576
0.05857282229078068
0.14052011049077606
0.21472741207614096
0.42465856151491543
0.3376292820900203
0.15284794823120743
0.2852429749238783
0.13186303319001522
0.1580553240582991
0.11998581941989142
0.05131738598847787
0.07074168758400744
0.03021852414473656
0.06199696878505592
0.11159823134197605
0.041288540060896876
0.05233535135717827
0.12731867944982492
0.23128519718899798
0.13481022851018234
0.10413209623656669
0.10660031408682592
0.08312203409691146
0.1293868710461627
0.1211994934373963
0.03569676765652877
0.09002827266185347
0.053516565113990576
0.09436876620127145
0.061118053869566494
0.12728510006495738
0.07934117071096537
0.10123780349087219
0.05948357815863472
0.06953714066431972
0.07831908829823842
0.05061262128980244
0.05770565910727884
0.046030863193100104
0.04905438455065709
0.045631074324396934
0.0579787774399614
0.0538060673982239
0.07599813791481302
0.0805501950913331
0.1122727846284205
0.12181879740800611
0.15089106765713897
0.1796017497533461
0.34054887507626613
0.3408095038797799
0.2796869683565842
0.0997128581837953
0.13937026148263335
0.06473787782045813
0.0476150380502533
0.1158870207456746
0.0748349738474624
0.07603429953326027
0.0846917628135733
0.039304761814782437
0.0362153571752842
0.05987017918980246
0.14961799003990234
0.026313064505625556
0.06981732432633204
0.06116681813935823
0.06634142479734725
0.06274876775315857
0.07419096916306991
0.09377845830919634
0.1073565778820131
0.05502666654069542
0.12142966067941015
0.2653496798707931
0.3483017304359166
0.23553569243015313
0.2571994184787655
0.2868322558693441
0.0994092098749291
0.14899485145371286
0.0591411809219525
0.06272645311313263
0.054612523285318855
0.0764102774312946
0.10740920418074816
0.04415405061011277
0.06429545435367306
0.03295904807745084
0.10439543443966753
0.26660450980262596
0.17834673152589223
0.052634272438231856
0.0956851764315588
0.1057255096043804
0.06329598006536397
0.0939394513706715
0.1095830965886359
0.1528979297739555
0.2539296880570661
0.3636363636363645
0.0858994634789478
0.15003956396351584
0.09553964156527864
0.12377930822431378
0.08740192697956842
0.07774262182704773
0.0506720257748843
0.04416977708017149
0.0817576430523954
0.058909447706244976
0.08354601225740589
0.07450858304686914
0.08705695179554952
0.06532513209509316
0.10982531394077703
0.1680331990445961
0.27186117727118136
0.2999407973781692
0.148194388784382
0.06685646646999199
0.18081627859488875
0.21693815033758404
0.30495806267243697
0.3725757060224571
0.1744095966059723
0.3415325382990765
0.162902073426289
0.1773458823651401
0.10133934855508843
0.07931591495335803
0.0528827704417073
0.06674308831781559
0.10032003648331458
0.09165184299007294
0.06606943295532478
0.1359959589954077
0.1245204779293059
0.09538563838114099
0.12025508461745794
0.13962696031426933
0.12422454861814573
0.09316712549104537
0.048862973830115654
0.1992682859582214
0.16337849478161992
0.2077711707291532
0.21462840460100466
0.35027374802808714
0.41795083046195
0.1997310279865715
0.1796414244292048
0.1584023805795613
0.07892539388654
0.058929249201272245
0.04382513150370325
0.0872991467922649
0.08670628756208232
0.07133990416317466
0.1298859030824927
0.09729151146058863
0.11348943672863386
0.045390036272204094
0.04110448936926577
0.13180516137967543
0.09273040121288909
0.17169885345150201
0.07349222272609088
0.1582293472530282
0.17734188567013046
0.10471030570441094
0.08866541723672323
0.3366159042478579
0.21892192818941564
0.20073151548243248
0.2476599524065308
0.1563822004308896
0.1024157876828854
0.07023590286186604
0.06556041239643669
0.07950374019174528
0.06866354071909456
0.04148154158371916
0.11534535556311659
0.030501872200822535
0.1314918494231191
0.1979956076587591
0.07343707943385569
0.1707136007918588
0.13975895190274826
0.1240563663460925
0.09294047570835877
0.08532632258175817
0.05849324723819221
0.12967037319118216
0.19672785309631757
0.13995367569222883
0.20898103826154954
0.12264446890084492
0.17055894088898574
0.23644751961701563
0.05505428312555694
0.03318154825525573
0.07591861402617309
0.080777405323848
0.06239451083105138
0.026583934287301124
0.060785079430869124
0.11202568479142956
0.09297081209301082
0.09889146132792892
0.18401506926594338
0.1501348038619511
0.21431858334914552
0.05164229903122248
0.10676942873929035
0.09802583920422915
0.2600574586359755
0.30577948809488015
0.20197524927855406
0.17829266122589246
0.14964510930251648
0.1401699687576525
0.08024517282138349
0.11728344528454929
0.05064297525255507
0.08988763900698843
0.06510731564979279
0.07964947162974499
0.06731944305277136
0.037083864027984186
0.05074561467918579
0.0797878318465862
0.09929165764483915
0.08707172538151647
0.1019518079742649
0.10439728477041069
0.06269792327110489
0.12533638528875027
0.04350362172124927
0.07555737112809215
0.25107488632497166
0.38224202691528397
0.30260436516413225
0.15003869683236037
0.12227013783594198
0.26568998083888656
0.13848547896559063
0.2510138179330132
0.1301760158759234
0.05686989371843211
0.09128027467598761
0.06164552037011122
0.09514689933173448
0.029747306380440645
0.12864610721024458
0.06344399006749875
0.03533883258788606
0.15562593663570243
0.09228811327905444
0.10451916236196625
0.05279769519968398
0.08631911312752118
0.06940424007071905
0.1009694817217474
0.21726200343963703
0.28289164118851506
0.2558155142578081
0.3744163406868248
0.31374307896934683
0.22332214948289428
0.1693848068684673
0.05994928703726528
0.04265333654371121
0.030298719864565914
0.06211728990066907
0.06805965207935044
0.05827579986537104
0.05663216112526359
0.171507476334634
0.02848969667980416
0.10308204338747666
0.03969209693624327
0.10070811264885648
0.051048902786477855
0.198410012979837
0.04220731633751624
0.21857491312924632
0.12966018943882054
0.1422112008858034
0.11552519723215862
0.08463713285283778
0.5796962479507575
0.2811098394630214
0.0965972621725226
0.18409578021463682
0.2822543227442855
0.08471079572682884
0.0864170737943637
0.08292863992081426
0.08930921147155121
0.0711634522461215
0.10130646752051492
0.07102796266295795
0.1040301922484359
0.08905287964594301
0.11799981645757586
0.034477853638988754
0.09128306585633415
0.10966310704139828
0.12031292737100152
0.20803830574563417
0.14111169538185528
0.1826489901319007
0.09875138326228891
0.3657732161444561
0.15797174642998893
0.14575090463438367
0.09240637196266845
0.2468828597719364
0.20738589535673255
0.1207720399879428
0.07282252814053246
0.08642395372575733
0.035067962806210495
0.0705142624822126
0.0584197275881114
0.08827987256024007
0.10151876024621871
0.07958220851475553
0.10947528180301107
0.05562219323485884
0.1095830965886359
0.1580232753650891
0.09380860896848486
0.06584109092849538
0.03301709160209558
0.07881370421042118
0.062118918702638234
0.2649140826571382
0.2568833066709891
0.2239671417214031
0.15918140634000855
0.11522489956391214
0.15348448761174224
0.07193883143421441
0.11426273624300182
0.0406543922001953
0.04651914233836158
0.08887743645178628
0.04609376612824487
0.09718828296575831
0.04771019572668833
0.09927783347574767
0.06861204136330024
0.09573311998076134
0.14279028621197176
0.14417498583519953
0.1267493696698061
0.06547309579929182
0.08102566050302792
0.22185588121705638
0.1140348544080834
0.14442035024837924
0.12377914541570972
0.05950428668165542
0.20103464538150917
0.18798894901719002
0.09542039145337652
0.09385789113763053
0.04280986178614402
0.03941366812490961
0.0636636679942253
0.03941366812490961
0.05136507810084017
0.09155866250116006
0.13165566243172427
0.0356774198149805
0.14053354176653082
0.0647088560581358
0.03505828888543636
0.07820397553804333
0.1799045584656969
0.2811328456022087
0.11776115000870566
0.17124332899617062
0.18178877715547018
0.22307945634008755
0.0924536608383322
0.09866431797532149
0.14013593866084365
0.2953703335724726
0.12241690815745519
0.07190559455812597
0.07439700984673935
0.047403924855404275
0.08425871508552712
0.02325610554100138
0.08745120914871339
0.08666793142738356
0.07723096913004307
0.06908612552054735
0.12028864909874902
0.05080075797142072
0.12628568925944367
0.1337025248917783
0.15776450498393715
0.10938177441846683
0.18873713845107315
0.13075354438564857
0.23553284893794818
0.5573149303940392
0.31071174487302494
0.062048527845250806
0.1907943225640618
0.1734732353922076
0.19180620231433865
0.09122940150250866
0.07909996547107921
0.043915839932447395
0.06839437167974048
0.07075972352249828
0.03293002631512843
0.09582917790345119
0.09278566776343401
0.047740305252382605
0.0984657739527361
0.07966462642372274
0.12945263311530972
0.09781209624248229
0.08039995555376978
0.17151127482471695
0.1057255096043804
0.05812091601095525
0.27056501031545077
0.28078519948724523
0.11163704573342635
0.28773552424183074
0.2668246053017227
0.08772311357978423
0.1955210492127814
0.04575764526162088
0.032649482612678735
0.09007561789527117
0.03154665564442827
0.07792064175390784
0.0339844836795083
0.4107827649249581
0.11701589041900755
0.07491024656733745
0.038076552166964
0.04436277860299371
0.2155023005937869
0.1564230257663404
0.12824399146277343
0.15006904179280478
0.17157323840378033
0.18288660807222842
0.28140499599034746
0.42248347188355584
0.30333175109063526
0.17147765782224167
0.13763472654535747
0.11799936068637042
0.10595270641586606
0.11317650144267187
0.0966176926097789
0.0812892449503546
0.045549284579295496
0.06544883919630663
0.09026361690502345
0.07195863292924193
0.10058308475990126
0.03185622110920037
0.21440207686755636
0.11064468133934852
0.1265427325311644
0.10528946220466043
0.20897646076278314
0.10940868004755963
0.12757219294074243
0.06408972512859165
0.17677626898450322
0.3057944499286887
0.2653796363559984
0.23799065854186677
0.17978135304283274
0.050565583886362064
0.07811608722582929
0.07993567835402315
0.09437045240662968
0.10373966407894333
0.07829016692146695
0.09275739853144203
0.045024498109812815
0.10350949683693017
0.10712641063999925
0.12511986142472717
0.18333384886634319
0.15287328868938269
0.12261337792405086
0.26220120181382217
0.07946158523867948
0.10939050597102382
0.11963246560073397
0.24835862950212423
0.19237152419030934
0.12506060577430758
0.08607867917871113
0.225202205792927
0.13717532023843101
0.05454156532452822
0.17599224836910446
0.2212564816441242
0.13569859878128007
0.05279769519968398
0.09142185507827996
0.18472083344196819
0.12864228388130186
0.0909879119102966
0.12122243187231295
0.06629062858458552
0.21437743578298354
0.19444977318670836
0.20673000116536522
0.10575953498627158
0.12612612410214868
0.1043878860417055
0.05230688962570488
0.12237323926877099
0.23342246443626688
0.16047131570131418
0.12964805855115608
0.13774827288060026
0.13685568727955993
0.23492839246496988
0.3168981409879681
0.0812455340970495
0.09233014389411938
0.0976096466050794
0.08896215495028902
0.0766058650851952
0.06694392007804975
0.0945899965974826
0.04670630787081291
0.05460564513563024
0.2148989048922339
0.12197336863514567
0.18764185902154257
0.17891241165620062
0.06388657279233496
0.21313486610450483
0.3856320465864878
0.3663617599471401
0.1263877795498716
0.18192512740066322
0.09960257159932559
0.12563911742006642
0.28573585194124035
0.10201149456316949
0.19860029623154754
0.13547668298101634
0.07757160567687997
0.0539439256288112
0.10689340854885128
0.04213959889209736
0.10813820408920803
0.047450802968149276
0.11797715204920721
0.048788027804846146
0.08742360054556998
0.12286440798324733
0.4035489373188192
0.16927681824578691
0.17795168424634236
0.09281708904746241
0.13435190726674
0.15157693566139901
0.13018213534411296
0.19702867506850663
0.34498433480221624
0.36743983063981095
0.29064818633886597
0.15055497362439238
0.07250603620208187
0.05447384787910935
0.12621856019641225
0.048705312866493766
0.1049562623581582
0.07290910469055278
0.10620175621968518
0.03533883258788606
0.12043211222041125
0.18239109877841547
0.16374755217532183
0.10893863826476077
0.07088670216799066
0.2249391575163403
0.12677838012683318
0.04147209835868262
0.06278552861322394
0.13803458313895542
0.2970143853011403
0.2407069735519709
0.14555071985407358
0.13255068870969075
0.10991508783563134
0.1785985809833405
0.11217546932970697
0.1432460020415111
0.14296673832495924
0.11817443825664756
0.11256147731139213
0.09651534035427195
0.0350486149646623
0.06596734266489676
0.10990123173312663
0.07401608400232247
0.12101229286108765
0.10030371034551648
0.09957462275850988
0.10011264705249873
0.10445538215625497
0.08405433911905828
0.2580654449354445
0.1054747582003074
0.17104070668966545
0.37677742820536175
0.1689254005615415
0.12182774657742064
0.2488952730403745
0.1828266951081548
0.17242924831392092
0.14102063313966415
0.13167744130656714
0.08259691548788023
0.037099486168777215
0.08263111201633942
0.09886003130589996
0.07127603776715315
0.05153140659353347
0.06348994204059578
0.24774051342788467
0.27675966800395235
0.15307041736596463
0.13290912010921743
0.06961840644658737
0.11608414942225721
0.0705035346018381
0.1005124359212015
0.30579982691653135
0.1633482174228943
0.6405217313667246
0.19195569279473582
0.22042129357542772
0.21422958927554725
0.06107146184706402
0.03679959462477925
0.02785121790871175
0.08444499683083742
0.08476533093028281
0.0826967692443329
0.1060413364990784
0.06692905319230522
0.09544205327777204
0.1587825159547445
0.15294721194310118
0.2641281821275023
0.1227494676742901
0.11591291871559008
0.16835133418908682
0.08302158808355804
0.12922408039066166
0.26329043766696936
0.12179774672388141
0.3655079139021111
0.13913032857349492
0.1857501798933304
0.15107661478504497
0.2615608277398009
0.2239856075137128
0.06872232794776993
0.21494332300603936
0.05959611308289059
0.09235478497869219
0.06940424007071905
0.1093445513316222
0.08809819882271339
0.07467143774798307
0.11125449684599686
0.16144587975518673
0.14470593008912672
0.09930357082820948
0.05885167863771918
0.14924701592847056
0.14049132279151957
0.10221531733096997
0.1585307691886374
0.1268709296094939
0.1298433646303331
0.36125691725749604
0.08319571865749287
0.21090304285822453
0.1620712305089583
0.13303721560831336
0.04126894602242592
0.11215849949426117
0.1029725633332303
0.11509789971851915
0.09648171291097639
0.11271613721426586
0.10325095115840274
0.1435914779818531
0.0543161428513969
0.29838184415543817
0.24589338295153917
0.32727206180179436
0.21275233073923341
0.4459325908838778
0.12948451835952174
0.19660366853289615
0.18927539845352356
0.36949950963747996
0.20734145443095509
0.30414272530321723
0.17688675507895305
0.18217672117239955
0.22997927557301523
0.17760217898385466
0.1552210291346552
