0.22240339148866764
0.055481823734052985
0.1660467154931932
0.14986209089088107
0.1408018652368293
0.15840534811674556
0.1812326756888953
0.10704213270985771
0.36701870569607215
0.10017834809333363
0.1476326197282619
0.3341787418441616
0.21640467871002267
0.291293005054623
0.2683026251426707
0.12113298862584528
0.15775264329347705
0.10188260017598146
0.16168461816582017
0.28867516143414784
0.11552297339611264
0.187887359838628
0.1469756712461536
0.14986209089088107
0.1080135212575678
0.1197619435838904
0.07040430920132072
0.0702999292025047
0.12990815580600024
0.10404972231233607
0.16259198365729866
0.2900720167093693
0.08807540043743896
0.1702266427523236
0.14085903666848268
0.23208408355468235
0.26140567692723193
0.1331474021789823
0.1727550560562573
0.20625844617630473
0.22793211747790934
0.4523819701850041
0.27395465252684364
0.18606888556435183
0.20535527612412763
0.14028230115846457
0.0732871628227369
0.15307656658819496
0.046685302967394815
0.13126272660940852
0.13476916413788279
0.14788847219957615
0.1326430784281754
0.04627734838111488
0.20947152887494438
0.21011693761639494
0.24413605896069784
0.2287856587225047
0.1902253981912703
0.4548085401400194
0.09569084764425587
0.10188982746737894
0.15348054965472077
0.09134552669130439
0.30833197456383515
0.10061179984125591
0.17458499046237055
0.20892473288583846
0.37570977416746204
0.46858799095599973
0.2234774992066088
0.0864766720466604
0.06185611414467488
0.12494060709688264
0.11800158866136846
0.10834763343362117
0.16327301162610178
0.22220447730926185
0.1683838922680025
0.3347799905794381
0.39042882765367765
0.23088211315832396
0.18065775961922156
0.18464008434884852
0.12976112857157965
0.12145048464318023
0.07386851860120183
0.18555752012069376
0.13191933997804037
0.22957085038698746
0.08564496595711574
0.1895308950793668
0.2012661348565187
0.18548437597619175
0.13094470851453927
0.15233192089587907
0.10678073878865972
0.14513602291771996
0.1037537188229989
0.10709991890325957
0.11925414864715919
0.19577219744213128
0.13321324344639368
0.06412536153085628
0.2168494475400201
0.1295877685299327
0.529441825717228
0.2886367917256513
0.5675920451206254
0.288602676664274
0.2653187673243117
0.14413015690907072
0.2728110223381701
0.3755823423833954
0.3981105344837611
0.19638561543907357
0.3096380474874098
0.196367448070996
0.22458157287313507
0.2351599951161583
0.20031576877324872
0.20842340896154224
0.2351281289000365
0.14000293528678104
0.09835018254550386
0.18154806921842592
0.14355878673081782
0.07656409207917117
0.21377254253663397
0.12719240430666923
0.16544229812319233
0.22998301149182906
0.0850840284009811
0.12433236054996749
0.1354552062630191
0.11615724318173405
0.14443881378538212
0.27914220803944356
0.22754839741864985
0.3689874449698346
0.115217448344521
0.1865573546189668
0.10568474880109283
0.1514832750970164
0.12547472492507108
0.05869446610100644
0.11009942239807904
0.17462637354842594
0.10077888885674592
0.15926252825325893
0.23650390740131735
0.2255129874417399
0.1796761407190881
0.20211914109583295
0.2567830991682318
0.15867961625535118
0.0825088150750898
0.17948140796393058
0.15862818471206674
0.5566378150379855
0.16399774368448
0.37557988314787044
0.38980294979310437
0.17879393380884637
0.1007925580913597
0.147946540851621
0.09556035608517513
0.10754040768784077
0.1902820805478556
0.11257382872294185
0.073977522809664
0.19476601989238598
0.16320179887964192
0.09395210763387275
0.15763595713877193
0.5013044187184079
0.19589469289923256
0.16017110818298957
0.4156367680090573
0.2303148173669224
0.26079342704151093
0.16074519817647712
0.1440491407266086
0.051325786386327454
0.15435947815566334
0.3496860631602483
0.2523111763289309
0.33010017709476636
0.2098526633889088
0.21859701369041903
0.15476514984288012
0.08131713951278395
0.13937306402132632
0.10774687063743642
0.10827619478358107
0.1281374908266901
0.17212034650641359
0.1394607929464594
0.14541299643231578
0.24841023968693876
0.40799128908946264
0.21804464310066538
0.12812644854651015
0.1503488551767802
0.1107244647961965
0.2270503831729989
0.08774838781205244
0.12927271924731729
0.17326375004830755
0.11386367602978657
0.12916998702767973
0.18819713786505715
0.17411891176196448
0.08807540043743896
0.24995923691504976
0.05356953661086634
0.1135132487122849
0.153673436030527
0.09354849476098245
0.0712887523342637
0.11904511945530812
0.1215685106871013
0.11506869049254648
0.18963098798803424
0.14160768951768135
0.04079545862798003
0.08801620198986715
0.16011891818358176
0.08455093103049531
0.12927271924731729
0.14374091257526994
0.3135475034730545
0.1953206099273608
0.36689786704169924
0.15163162028787364
0.3999507265141369
0.16485343563824142
0.17791359111867558
0.0769206364381429
0.127358144709143
0.10166611884668098
0.12494285858262531
0.11445164315526808
0.05035689424391288
0.10453656881411812
0.06525718613268985
0.11551029144755738
0.20954479183588204
0.2915679031829189
0.21782723985439306
0.225338333605087
0.09145453089976656
0.17032474747053264
0.14704169548754292
0.12262676052350154
0.22615359530409318
0.19243043489214826
0.22529597348088673
0.19237992022655798
0.29753898392728795
0.26588273649953853
0.22782884836291453
0.1780881682806536
0.30201098886554895
0.1658242295776944
0.09417633700770055
0.14320897855810374
0.08767571833974432
0.12186218120129269
0.1683866222355294
0.18995521797879858
0.31647946923388776
0.27580303277352003
0.5012228925485084
0.06654759188689253
0.23561063101255478
0.4075980194770948
0.20980379761994727
0.4181191920639788
0.20207551169366614
0.16116271817174063
0.32156603728577676
0.5870507313633669
0.30082760137315234
0.21220016880997344
0.2515090436583968
0.2813651905728688
0.12709660886872276
0.13534644241400015
0.19473223888998084
0.12515161858025714
0.10818986877267428
0.1514832750970164
0.15077607026463058
0.09174520878899903
0.15407934780555238
0.3257666771346558
0.1822109897277024
0.1376844807666412
0.05053537437541043
0.22093592043045795
0.21178730744340452
0.11455704870044396
0.1831193683909792
0.15296840524502622
0.2445785097016137
0.38584066562295327
0.24297494947986692
0.12074032823993802
0.28304205261000515
0.14568176777780012
0.0527281302766643
0.16574270340779396
0.11038184874780806
0.1330956158583617
0.17119636382116313
0.1255674502243049
0.16655796510679943
0.27506903704352476
0.45112596257883697
0.2519158649926621
0.2674802019003563
0.07735838842330736
0.08396957525203039
0.13831448743587488
0.1280725453168945
0.06623735702874937
0.060497085058756186
0.06514818192422785
0.06594754611961713
0.05413047416700115
0.14658433407078544
0.19655959563019737
0.21613865659970846
0.10918147876142534
0.11492215350739664
0.17930618703309892
0.08641800067325665
0.17219980359341058
0.07194277758503674
0.11327536727494676
0.1655796510679929
0.205050368512955
0.09951299610480362
0.14585820915984837
0.20891656763001273
0.08981898898107703
0.10757042925538814
0.0995263288709552
0.07834574321545364
0.10221837399992605
0.21889776618294435
0.12114001033763266
0.27123756725909015
0.09252919960058743
0.1383990100108107
0.3225348463841156
0.16801403384117944
0.08244351633355976
0.20313857051985693
0.0796014277088898
0.08211279669576177
0.12867101191444924
0.05076484883019282
0.11527827988716412
0.0946696416301218
0.1411743734542858
0.12580270540036925
0.17113100805865847
0.5425983745839685
0.3423578593579163
0.130163010184899
0.11032965874840024
0.18136024794261665
0.14982929109841567
0.22802869721180596
0.17326375004830738
0.14613199834225188
0.1955559277815777
0.19163443362140142
0.18365660791656577
0.19758013203924848
0.10589350879872468
0.10260553883602401
0.16570006264247658
0.04339616911551384
0.09435572050676284
0.08090195807709126
0.0805291690864624
0.11139332586643254
0.12480287090209606
0.32162074025762366
0.41741851969403104
0.20066266212637773
0.3580578066368781
0.3595875366142395
0.350552695287038
0.08954603168841635
0.2854439928828642
0.11139332586643254
0.16275351341138652
0.20273114797338598
0.24919404524607927
0.27099298874938793
0.16544229812319233
0.14365946766783505
0.11271035154989098
0.10728348763132757
0.1348377683503965
0.0870842330121005
0.07645313013270166
0.06478483456268709
0.12440893526822111
0.19637883993088423
0.0900325781793618
0.1147292014127621
0.18184742742763943
0.2215940794225369
0.10636843779333706
0.09278438224300502
0.1765693787705854
0.1199576063916518
0.12865644872003923
0.13113797337924618
0.1262855669191139
0.11132988410553175
0.17771216698400064
0.12883207398144703
0.19396201128558993
0.1665722435237175
0.2264752755231963
0.11781011300915684
0.25426167084971707
0.09410604369380324
0.0437786265401511
0.09845429118289757
0.11147783873537495
0.16569809222796886
0.22330017935757335
0.16338471977663657
0.133389684828442
0.13489182384543102
0.12547875759406957
0.11527503627149302
0.1079141663775551
0.13287832693038884
0.07605860360240964
0.07238124187163265
0.09399796243055063
0.3212124348695842
0.2531933832391714
0.3401196347994812
0.15135115150980621
0.07277847651658008
0.04622635405783004
0.027817403351954012
0.11985522313522233
0.16032694345637116
0.09528362849115017
0.09462400657320619
0.08430695448896976
0.111672412591628
0.13175226027345538
0.2504948312815733
0.16386760150008156
0.1126577297990415
0.0800050405817799
0.1533938864420416
0.14860907087010125
0.08787127475342701
0.13671938692320232
0.16076960704386115
0.15296840524502622
0.47399315180172796
0.12725633375765547
0.07735838842330736
0.04992344249599061
0.12277075890215706
0.03482912280363807
0.05184966849184218
0.06002498412650546
0.06972583920901736
0.041203590798702935
0.05072329167106638
0.08865188794816609
0.031183028688762337
0.03508409442006297
0.2623798595741649
0.22639390129497308
0.26305904153836684
0.16708998879964898
0.11445441888528578
0.4918922037227137
0.27502666527685643
0.130832893991354
0.16803996938481283
0.20619377205484823
0.1639224667240577
0.23260406283075757
0.08004542374739192
0.14597583674788056
0.06259553183230708
0.11305645028400618
0.12615558816446565
0.06827296923347685
0.05482911685647495
0.09844291266808904
0.029168752919005843
0.04890655486336346
0.08235090642080228
0.05697286628956457
0.08633864961558771
0.14627942645961373
0.19802706668840708
0.10304176711615098
0.17525767858385413
0.43106281986594097
0.08855164238435928
0.13190140969762004
0.2048979376755996
0.4289829027616418
0.13375810997648974
0.5333254108273009
0.19916843306701498
0.1432115884291253
0.25012228925485064
0.05889844339414633
0.08843874779897955
0.16119357558316244
0.17575299531325447
0.06645623242577395
0.09049745897338024
0.09555988891595114
0.06381939559114636
0.08774838781205244
0.16671512364526783
0.14121965963678515
0.16262403815516321
0.17869855797281087
0.2353772856364892
0.1279698785482863
0.1681720303708938
0.28981254031165893
0.22081786590639696
0.244339269589258
0.24804234168816203
0.21552927412333756
0.3429263325712757
0.2853571498676287
0.1611298098028475
0.20348522337057312
0.1500688654322449
0.16264470895157354
0.04931151061657096
0.10531941880523732
0.11988941108265078
0.11148684466721125
0.13755133989901816
0.12045451863354191
0.15620943690667635
0.22276826736053573
0.36003798016755856
0.312454074548179
0.25940015020430635
0.171739211992449
0.12322058860216305
0.14521815990292902
0.08487794365588183
0.12879735232672193
0.26348579719198495
0.26908927536866584
0.19108601675820536
0.2834222047479347
0.2989564650252732
0.14860907087010125
0.1293315330413332
0.13697974431887747
0.17696628029076217
0.17234581765239432
0.2058772660520057
0.16216893795957676
0.19577219744213128
0.18255801662587465
0.18902753396764305
0.14223066645233207
0.33369002932971803
0.24072485890776663
0.23479536931355038
0.35602478395564974
0.18979292352845298
0.19900743983333555
0.10839247930838666
0.0927262466651586
0.24978474679862842
0.36346551397622684
0.13015102490383929
0.17597087169607517
0.1492470712198225
0.0646862990869909
0.21527142029493376
0.13744783661555074
0.18449372248491822
0.15897603130604934
0.11727470526803944
0.10166611884668098
0.15084679074786925
0.11005791581064472
0.20770605927168
0.15572650409133051
0.28759945273857207
0.38243926300342396
0.20171434771171604
0.31590839862669046
0.3563560122483767
0.15850701599010963
0.26069127631948025
0.3615201258988494
0.36979740685448065
0.21048839724749274
0.3326134102624612
0.29723819105170796
0.13217658317288683
0.08417570693497797
0.1252283423213278
0.07713490459678331
0.09469020836586926
0.06646158640257717
0.14963341018250223
0.14654749264039124
0.048419109959083904
0.12045601962032562
0.1258029955440336
0.12029554198880701
0.12960600386152843
0.13538085846421485
0.08543034375219216
0.04418303916333571
0.11746565720388999
0.030086650738135403
0.08455905375385232
0.07833997362940237
0.20369253087965516
0.28251296761079575
0.40909832056090034
0.21027350761461877
0.21461153436463162
0.25297570520137047
0.13026713012544539
0.14723626284037175
0.07543076135569156
0.07123934919184775
0.0893778284077844
0.11463790332972143
0.12475093243283701
0.07982565708271759
0.12165813685750057
0.30011470550779046
0.22090452911907646
0.06369479247806535
0.08451459629434126
0.20992889029170242
0.16600072303751634
0.09233765614231215
0.2191523455296456
0.22568564653965956
0.2740722801148762
0.16460967556389983
0.1033654932986446
0.20090792035888871
0.20056329046458427
0.1878839978686095
0.24624872263669925
0.0882934088543633
0.1191567466765535
0.09224796439278099
0.11727092866965709
0.11878533741612575
0.1261653420976083
0.08440559208587908
0.11445441888528578
0.1675890339989414
0.23927624786697688
0.3543427014447133
0.08099164982662242
0.06476279057191843
0.13479324105271387
0.08319085905626769
0.08735976404333369
0.1540999329768435
0.1534385982593644
0.23961150887244903
0.07361030566186161
0.13045664969304802
0.14392188990622773
0.15268060926571225
0.1289941614271511
0.1611069123704833
0.14469410870611374
0.08498293268075836
0.10401466882003858
0.10046574886029823
0.21180498940159814
0.15112967268082347
0.05956136959685098
0.1397797299846649
0.10621771199301855
0.310829209881672
0.1954714156714064
0.1029726422606032
0.14691464538401328
0.11520905227275371
0.17230043748768817
0.20262999056222625
0.22269815308906316
0.2988475723996432
0.3299485164725772
0.11194847533654705
0.09770512341401236
0.06993871438534337
0.2155551932170219
0.20153269199413038
0.2074717311538124
0.06239155453916701
0.15391569894004964
0.1495046643888445
0.2861350751832531
0.5201723846588867
0.7342974010301809
0.47870695104187805
0.165651058120824
0.3065025743559609
0.1645841784022573
0.2799823931414976
0.2843263474175914
0.0835287015407892
0.14938160884411933
0.12299308188148964
0.3211738661888168
0.2597423773031149
0.44905268435309204
0.30748107858551604
0.21032569761402733
0.2498717873551923
0.26839492473387233
0.1828216100745724
0.17853520642806436
0.09694107605902934
0.10824117900294164
0.06838338752515165
0.24575367925403002
0.23477886060219388
0.38784248141037764
0.1553696282374585
0.23538867582453732
0.17858522819719982
0.2803554930169513
0.1701919041456122
0.21789218536418883
0.22729496168269933
0.2500233685792591
0.20459435800918266
0.25494734207504366
0.312972411704927
0.22990312080881029
0.3177074841023972
0.20073147897683988
0.434452959399968
0.3199902168596113
0.3222138247409673
0.07656797641239016
0.13000819094539226
0.07776634300958712
0.18085241659940815
0.2293737966626656
0.20849489978696087
0.08153992293267523
0.4565465514430127
0.5034591201753785
0.1941255964012279
0.07365051018427748
0.07874935608834392
0.11657719008307589
0.1607602595197667
0.10951128445791848
0.15469383463222847
0.20963831147079107
0.1768530786063162
0.10068355388289735
0.12713524180305247
0.07960213864784625
0.14365946766783505
0.050866837476762676
0.07856997258928161
0.16256318278167292
0.1256046159446623
0.1280747951450497
0.16534448981177596
0.05762358531202184
0.19777030771617177
0.17438289925764122
0.12168573981924442
0.20974415627857834
0.15080347374534933
0.10374753264434373
0.1374478553090836
0.06283675928716834
0.049923927475677095
0.07462353560991135
0.07337913916757353
0.21825857752403466
0.08052003646697581
0.20237020852304494
0.14973310830140024
0.298199643725903
0.3081689222240343
0.14856364368458755
0.1432697946090615
0.08451459629434126
0.1609326593836622
0.09261724245669642
0.1716125876406327
0.07114341338964747
0.1204023286341339
0.23906442155755026
0.45065344931174334
0.2796002794444312
0.07906438587123234
0.11601836868386635
0.1703656441217144
0.1447635413343599
0.11142564873596712
0.2633295287787378
0.15807924343714327
0.17577923784047378
0.09734075815672398
0.13509528485490793
0.160252615018599
0.15692875230638628
0.15515482290165364
0.17368950683392728
0.1361412483881554
0.1533938864420416
0.05904394625034589
0.12568507781233706
0.08157464619857484
0.1081992193194454
0.14381216370454922
0.14356758519484755
0.20287858088181837
0.19540821103652842
0.3180980463914368
0.1428350995212153
0.471158486163039
0.5669757029737397
0.1909483914962644
0.1438543041972218
0.17037987612714905
0.24101039446063188
0.21159568584979996
0.2116058821531455
0.2525627510068635
0.19925282405285705
0.15975358818772606
0.13557116636833824
0.0465833143208248
0.1305500120583998
0.047067760392032074
0.17463583429857998
0.09998344982731543
0.17540634246253806
0.1934638792884317
0.17414764408157704
0.24271269847477187
0.25421672081438806
0.04097393875947758
0.06894298921789814
0.11103864340453296
0.12539325509435365
0.07118027873596164
0.051086639032606955
0.03485461996528058
0.04280973439773671
0.34102887193661835
0.12723921855657508
0.1164513121518145
0.07147042601503399
0.0831386690568597
0.041713356447109586
0.10381766939422038
0.08830547899824645
0.06669881924335637
0.08196504007350223
0.03253437825581417
0.0688386092190823
0.260883743681721
0.13157960284585615
0.251853686827808
0.07132508707041775
0.43388227621066405
0.306785456288916
0.13802380564161093
0.06027285568492839
0.0948853898113503
0.058208247318802545
0.07242608774639832
0.08410372544297709
0.18522230789880417
0.2514099799821258
0.23141593456520124
0.28139545156910173
0.2696092546447411
0.07052514910312069
0.17448338049299422
0.18181942020079203
0.16326709218860438
0.13033136753960642
0.1349567693552266
0.22958237712739493
0.12781330855006245
0.14482724835705313
0.196032187080168
0.07739298800814566
0.10177359596751927
0.13300840406135891
0.1305793785186836
0.03895966298972109
0.19696722647970047
0.12059055724462225
0.19689881920695945
0.2410728843958904
0.20665661216955314
0.16268850203794147
0.11354605048143432
0.1669135474176007
0.20373389858144492
0.13121902956406273
0.2766274302355077
0.12998424819249116
0.16053385728188976
0.13047499851986774
0.15573156240593578
0.15946668064278882
0.06769496416080449
0.35366052502853434
0.1343370584760558
0.2648438918269366
0.08774838781205244
0.08632225902074452
0.044008100994933484
0.12568507781233706
0.09878212039908549
0.12014919312183314
0.16509342015372275
0.31778995774368446
0.23407890018394942
0.280008840166235
0.16580588650812958
0.10704710306541952
0.0786647037735377
0.05719013356409956
0.13924291842040287
0.11950962944064988
0.14787653045184926
0.07597593329813739
0.16957443339311923
0.14254430822276065
0.08436925734972502
0.2678949942931677
0.09265157726567108
0.2371257802989248
0.12480287090209606
0.10778484054918915
0.07645834913264253
0.11723697649551118
0.0474168306810469
0.10427197130278816
0.12555030164682868
0.19590738627099388
0.09596003818286977
0.17217054646809699
0.2072117415157757
0.0636664126212915
0.09579078849926115
0.16561339942979744
0.1734997517835974
0.043957106671648656
0.1361412483881554
0.12545813726522267
0.07336785111647535
0.05908028098649994
0.14212766879375605
0.24889674681443094
0.3029787299162017
0.1527562437953105
0.12003699863827838
0.10862333647991122
0.07314362174264738
0.10404160161442419
0.1413476998796441
0.10051793885970606
0.279797815098646
0.14223940061158893
0.20287858088181837
0.12228116861281998
0.17609652698516234
0.049999933980918135
0.33669422963632883
0.2343373270843387
0.07609301913678684
0.05875326836111342
0.08945578069843918
0.1716125876406327
0.0843390390432426
0.10847088267432528
0.07179824549968024
0.07631300479596527
0.1648334305156853
0.11725456120954851
0.13190140969762004
0.06327752929422162
0.13485154542007408
0.11188220756874342
0.06591596925223715
0.12905592695255183
0.149785863988088
0.27170809660258494
0.7078917332463727
0.29658819276210757
0.1158591025034635
0.3819247782768806
0.15644872003913254
0.10229239883957633
0.12287690453324772
0.11640591541068585
0.11746565720388999
0.1162271286814982
0.06525718613268985
0.06489383877114926
0.06351311879729506
0.30688951064429637
0.07532190804736434
0.061514708308821844
0.08063371159602908
0.08439993630880593
0.049887592739523035
0.06972583920901736
0.02695049985610929
0.10425584485298091
0.07428182184229377
0.14649732833810758
0.1673732268058047
0.17089985540322372
0.11792165700221612
0.19958537880001154
0.07601226803429145
0.1803461455852476
0.11300518704431865
0.1323887446226025
0.13127238824386356
0.05475644738416684
0.09639580839233523
0.11242067745615837
0.13418418061693976
0.08449759368320378
0.04956648223299586
0.17767935582119493
0.14289621837895922
0.05184966849184218
0.05123197797722319
0.11690095879335578
0.11240218684481812
0.09157316881177543
0.08572807293017275
0.05046894851798797
0.11685349180752058
0.154310531274311
0.06935227966756623
0.08382423630741415
0.17385357511149674
0.18571661503342565
0.06147837357266779
0.08459998904028226
0.11746672265926422
0.10975791155453937
0.1335909928376581
0.06140570410035968
0.059714352566705854
0.13991801596422554
0.2027919176691407
0.17006359041252236
0.15218060146453394
0.18088644032759874
0.15332200766121915
0.09218122562284772
0.17765958599219514
0.16015361703101286
0.12018694437173216
0.1379706940551855
0.14776715735255871
0.2011854340850244
0.11664412026525199
0.1241559191679194
0.17731293314147858
0.11092281551430398
0.15897603130604934
0.14250774498614058
0.1295857347479642
0.08009473233131105
0.186412570472786
0.10874670513570944
0.15463525882328893
0.05339105647936896
0.31194836346122434
0.1555703395617681
0.12241715648596416
0.2125694463888096
0.10582096853089845
0.12872982227294968
0.06223857156931214
0.058541483131151394
0.03437017389407329
0.12765673855183862
0.16606427425691192
0.2117173747682648
0.16460725813266514
0.11292191265970952
0.1883975198901664
0.13777922713190946
0.09498427733594973
0.11839566435735223
0.08637315479849098
0.09558853610232189
0.08825916308173495
0.06058677680828734
0.059843310445735175
0.20038606988963478
0.08244351633355976
0.11422211431107965
0.07112555737819666
0.02957670750528561
0.04082095578962254
0.08882979299609757
0.06416616367803835
0.11612870499002013
0.05229437940676297
0.11313507806390985
0.10839862877030612
0.21986998238871258
0.14795641832105788
0.2084624164356757
0.14582206504285625
0.11397358552095231
0.04425570863564383
0.08686797376173219
0.08189628785223334
0.058523866569070965
0.04178494657716787
0.05560888470930889
0.11438121637045504
0.08314425181536995
0.519459296798643
0.2190612045405091
0.17854231208217833
0.26512519699237175
0.14536470362609877
0.10728905729674994
0.09685308984183932
0.028352843746446137
0.07200398447838487
0.16785810924753486
0.14750499539229825
0.08543139142841412
0.09086278896923591
0.049923927475677095
0.12439733001664409
0.07317815861427472
0.08942996698852115
0.06305329992039382
0.09758682537094417
0.03452315686392816
0.08224792200645664
0.0336052590447986
0.09871383911683154
0.15367683026251425
0.08099164982662242
0.14004775168945727
0.17772057437852568
0.35204656556159925
0.3387511147127497
0.1090806978966687
0.04360014640865372
0.32797978150986495
0.29675525843795864
0.06628220290351503
0.19490556531533984
0.07615760697890768
0.13496333846895114
0.12211549827425805
0.12178067213681701
0.0955348449093062
0.030412174160947283
0.03931418451869191
0.0390598413656135
0.02863331252451354
0.07304744823088218
0.11965905763965987
0.031030045718907294
0.22761353173965995
0.05870325006813327
0.07948801565302467
0.04453195364221263
0.07296423824358507
0.06415085869249879
0.04958049943754966
0.05532139937242395
0.10416918164030176
0.06593026309201205
0.11456876716179605
0.12239150534743735
0.09516067398748049
0.09127900831293732
0.12043698295528422
0.11485006477943714
0.06784699923033126
0.09274218798809604
0.12297964328759792
0.07500727234823332
0.08585796394976393
0.07251740802181172
0.04342000970410049
0.04082095578962254
0.09710157392052816
0.06475744316148559
0.08209637430797506
0.1116566442014233
0.039867982666593305
0.08975469453749911
0.08891645620877672
0.047864840719346484
0.0565200560494412
0.057671612698479945
0.02603260203697973
0.13121902956406273
0.15691520243486912
0.09372787826004476
0.189121324524744
0.07677148912909021
0.09795157008890235
0.11456876716179605
0.07598624646083488
0.08047990992549241
0.058108028487875156
0.07740397984537678
0.064048221683498
0.17384488802787176
0.12484615342534662
0.086637310067311
0.09530409261372903
0.09086731175482486
0.06288894928657635
0.04676223946952052
0.19481047998164386
0.073502388740772
0.10657197879102805
0.08670331245048644
0.09856513940975051
0.15911365847886347
0.1692660991782433
0.11566795294593765
0.129347763843344
0.06947201552656078
0.12367519973911628
0.03957159486914073
0.031616480436684614
0.07269384940385999
0.10845900135862777
0.03212642366953441
0.06977802920842537
0.09949652100683697
0.16786664295945453
0.06682806066495994
0.059151708815789045
0.10876810322092013
0.12410781859209827
0.09339164308605194
0.10021092161458828
0.13712701777270506
0.09363156007358013
0.061514708308821844
0.061078691474973155
0.16476675835140034
0.2774335561715306
0.1147136186986678
0.106511780963099
0.12064914440499992
0.14741412476718233
0.1563671938692321
0.10155461393058605
0.05508346000955336
0.0827510081806075
0.07426636915750874
0.06462290553718876
0.13919032449987218
0.2054430038080444
0.18249688252559534
0.1545119319612491
0.47205451946316374
0.19517365074188905
0.18500478415209917
0.11172931367373141
0.08783576900357493
0.18391073388824353
0.20249589279732266
0.12969618306178407
0.5069797941728499
0.11641649463760491
0.2047454609017842
0.1975054616957142
0.09727070236652492
0.09258505894969817
0.06700125346808482
0.06668581577640513
0.12131821229815357
0.12673110596351694
0.09624924551705769
0.12954508397195497
0.1265286156856352
0.10656978113985498
0.24170370016206433
0.16965843928932875
0.12962661014185559
0.165502016361215
0.2732734465126179
0.17837095253543306
0.08698560134976438
0.09296549838903004
0.07767305509397006
0.12177283086672269
0.10351227746827955
0.12100274682119284
0.06353892681307895
0.3222138247409673
0.24737081763158206
0.13125721689078546
0.15283494009980492
0.07484776498373914
0.0501782706287555
0.10557426036819445
0.06632704877828052
0.11092281551430398
0.10509063809251468
0.045384947723627826
0.0659682817801559
0.17159316110465672
0.15428325125287026
0.029474718858715578
0.040622235020238005
0.27906407956954116
0.2658869171031274
0.350725582912115
0.09407063190285875
0.04576740514826526
0.17373291884182465
0.2616037557834696
0.2126591381383413
0.09514236892068764
0.10691256544112289
0.14689414549110766
0.05264903268723146
0.10953805931342618
0.1432542905585846
0.10397349540954301
0.13054047468912672
0.03503310009677795
0.11937617570670564
0.10918147876142534
0.18762757779944672
0.06987078729108863
0.09399967389532041
0.03982287082484873
0.37843748557887713
0.1728360013465133
0.14005366689288032
0.0893526822109897
0.06111448930670609
0.07092943558337794
0.21571824555682453
0.444399152127834
0.42488875616773764
0.11226400271187278
0.08646284654802214
0.06870388014085585
0.11552258274906242
0.1115697672484808
0.11292216612089281
0.07875167018751483
0.10850234227425762
0.061740769299601456
0.1386611402865913
0.3360930131921543
0.13797566279844958
0.09319859823516136
0.10968746950302169
0.0903379876086802
0.05025896942985303
0.06215285287437525
0.048433544746817415
0.0712600950024933
0.14045087971179945
0.12139393862288496
0.09641863074597905
0.23931811527931937
0.14936777830554454
0.09383761893548889
0.15375835643241484
0.09448883091472358
0.028684306847798557
0.10668241480799627
0.04378335706564107
0.11838038003740495
0.07951624950972386
0.07906550026072093
0.12008804826349251
0.21839007650171677
0.08740460991809917
0.03771030206923911
0.06675100924276436
0.08583149254482814
0.13060146150743324
0.06611452897190602
0.07998486654282229
0.05260751940321065
0.04802993187392731
0.25338244712558367
0.10298303587400733
0.11717952409684014
0.24889674681443094
0.15381705104388907
0.1288049185388135
0.22366885864310698
0.08563288408739478
0.11870210337518344
0.10816597506315374
0.04701676606874706
0.07327475916875768
0.07019554920368887
0.0922719189532505
0.115496468689787
0.12556913857552066
0.13950631940611308
0.11986251220474643
0.22957769443991516
0.17856922017738855
0.26267790702440247
0.09767804673256048
0.05999006989638922
0.06467583035422492
0.09617985720445488
0.16696559595630198
0.24560308079878831
0.21350513889724118
0.07673896275737262
0.1072512522296386
0.03952060054585572
0.11723697649551118
0.06769161345501193
0.08131201907758161
0.06605797352968705
0.10930937860504754
0.12465351377792278
0.13360639848434458
0.14256503587975228
0.14757528380709328
0.12392839413114094
0.11411167348100153
0.055250117711184266
0.06852546922263464
0.05073935166855032
0.09913582259905428
0.0808767438632882
0.10298254567323516
0.08389690577972227
0.19973911625631896
0.1956628077612917
0.0693012853442812
0.1090249087632015
0.12287769685766645
0.15031945230763855
0.09031959177786142
0.0779196691160651
0.0779282770712899
0.035568540491270076
0.11592773498512
0.09709922348655624
0.07260547124546063
0.15791503693314232
0.29911436655941903
0.2650161043727471
0.06114219361868521
0.31025430139124766
0.21465840534811617
0.07869285639349892
0.10402739279308668
0.03317180729687633
0.07186562918474312
0.16883464808470883
0.15637756530754848
0.12489237339931403
0.08992629105056775
0.08556592905271077
0.22967165811506926
0.09751327047864063
0.11075768975811304
0.03704737586653445
0.03714936451310447
0.09209273289014015
0.10070265313313699
0.1533072232293625
0.07898692536357921
0.0653940692581578
0.20666884069786426
0.15963363775493836
0.11680419491591087
0.2332361537208031
0.23740420675036616
0.16281595270633836
0.08767919900535108
0.14819409368129446
0.06774261923151542
0.09864666557965113
0.13042813508207493
0.307516712864829
0.24829961665061898
0.36999456930545055
0.09641863074597905
0.07651956286413236
0.04370213505522375
0.04726755200291258
0.03564437616713185
0.08224338883248446
0.04726755200291258
0.05829622933867694
0.1299668692619288
0.06093335253035692
0.14690674315761434
0.19256481330507144
0.11992499592369146
0.04987409732562562
0.08357440129683244
0.035499037222515614
0.03493493644238034
0.06883289322200689
0.08090423282492366
0.13521655139440897
0.14755619825557004
0.2817216168040989
0.14679922986410548
0.10722380639062801
0.13788597843579628
0.0508330594233404
0.14056773096553196
0.030673085455912543
0.07045892523124937
0.09375909043529178
0.06288894928657635
0.03215192083117691
0.08310389094470388
0.1468580436581216
0.4025322697130391
0.11837857038992425
0.03778812560022128
0.08132855572435509
0.021290129971477067
0.06319198103110468
0.08315669329854887
0.06838995901749689
0.0506142874626042
0.04082095578962254
0.058934942041883716
0.10591575588908192
0.11868623632442495
0.1480277150916363
0.07583206913974716
0.0873660590089034
0.18459264300652542
0.0315654861133996
0.07298791837394028
0.08528000132329841
0.03648643831039964
0.03258537257909919
0.0999568591598162
0.24768346183692325
0.10237273045089174
0.062277737768057076
0.03757011718329693
0.08642043051753222
0.03600199223919252
0.05575547672723236
0.09428957539488216
0.10473703567632175
0.03695242666867794
0.1066362302299039
0.12436876858913794
0.20487183477343804
0.13000819094539226
0.07782900484199436
0.051529763679467336
0.10458875881352594
0.051740664283380006
0.12158848738880473
0.08995645467946067
0.04966958432259869
0.13454048342950395
0.11491542001251262
0.03895966298972109
0.10629288630757028
0.0460988682496175
0.3392379638846794
0.39947823251263614
0.480515245393772
0.2930949852807828
0.14823013286804218
0.09326175206646076
0.11675951782687857
0.08524129101742241
0.18132731902369337
0.19788896834714947
0.15392085821553744
0.22801091255876357
0.08516231617982066
0.10401466882003858
0.09763089806667263
0.13536793820478482
0.05246735900646116
0.11319695064748636
0.09988619406561033
0.1301972933311594
0.040744464304695194
0.3358199491315885
0.20479355767678434
0.13240613015130231
0.05767457963530685
0.10572712244166163
0.12872982227294968
0.07668644584912754
0.05010560115644738
0.16743332689605897
0.07129153919125576
0.07951624950972386
0.21282551259783233
0.2672427849339642
0.2113128039168466
0.11100261895065024
0.19834240106717732
0.15905036680354323
0.11048622874662407
0.05831200867636901
0.11098637046649167
0.05264903268723146
0.13776350134873389
0.11299527148214579
0.12636556334583396
0.09133782210695343
0.25089964527254577
0.3036849828795039
0.08465057665305864
0.27907587866615174
0.15002412762780226
0.1115969225504631
0.060424666224200105
0.2226592631520739
0.23431969565011146
0.07197848731674236
0.1701384470337977
0.14909982186295187
0.11186383621856111
0.14521224982051284
0.0859246960508354
0.14372441317763066
0.14878526006848203
0.12120077544074309
0.06847965076702787
0.058353586263418786
0.1474990569043004
0.11400141898057448
0.07139463262679013
0.09832750183051636
0.14566961123727032
0.1508290982889671
0.10634866121081565
0.200781661956551
0.05920440933385606
0.10162075221878548
0.2965209239499592
0.3619922393606824
0.31961392836059294
0.3126205929908003
0.27578893430478524
0.10406268434522495
0.17288494707584845
0.2299037991195169
0.1380741538254147
0.08600911902429684
0.14330657725068985
0.05214034638107465
0.08310389094470388
0.06314299166992499
0.07762820921920457
0.08334742905449154
0.05853525994418907
0.3896378042053206
0.33173948095478784
0.10541333768139571
0.15512715069562402
0.10382252878958519
0.029908170606637852
0.10745280166735595
0.048926849369238676
0.09706279820061395
0.06659443924454052
0.12668959621274006
0.05438544578342605
0.1376211817344419
0.21416924832871354
0.05005092830420315
0.14315995434534481
0.1476741144052198
0.1654981248980923
0.14108771024160666
0.0787942019631094
0.12726235121474003
0.05675485787264022
0.09839547738888166
0.14193706179683682
0.19262538335770926
0.2109082015326924
0.2548508071090815
0.1446274254035545
0.16678006915506344
0.1671405752512856
0.04926735944110198
0.05846091125197153
0.05876593933334847
0.06906264713898046
0.059287839327427996
0.10202939588886477
0.06591121138346308
0.08328647850518565
0.1589796463203047
0.15687496594782954
0.13463204180624866
0.10092447053157255
0.13840115064855404
0.039801069323923126
0.07630294592352391
0.09574885665815856
0.11046539481864585
0.2700719165953154
0.205106697673232
0.04467102719763815
0.07609301913678684
0.1310340459010297
0.06072131443258398
0.03016314222306275
0.10061598992045785
0.07533018098809714
0.037480827614456716
0.0865807924343714
0.07666710913027437
0.22194448767122515
0.1280220685476943
0.09211534895502664
0.14342114000781944
0.14250177372571793
0.10210074641189387
0.04566541650169523
0.03625696385561725
0.08754654720444925
0.055119794745707426
0.048397868557206646
0.04270774575116667
0.1318725418317518
0.11553806192634646
0.16414224159672036
0.1842504112900757
0.09808931025189613
0.25946965876128386
0.21053870551404585
0.09535985539394305
0.10261542117916461
0.0652896892593418
0.08003824793256614
0.11979562509993251
0.20087646179774588
0.15466438576683483
0.11923995598469489
0.14385854016330213
0.11203100439738482
0.13533344203489328
0.08182359910702522
0.12033262677319419
0.04398260383329098
0.10217592774868195
0.08946141129679072
0.09840893150565982
0.09818025079728117
0.28896389451279536
0.16851459318441225
0.08429805967715644
0.09122942337775494
0.08698560134976438
0.03658907930713736
0.0772169224970956
0.052151244365855026
0.03415465198481546
0.09441184512349064
0.06809129555270657
0.1503868712990855
0.3331055197415579
0.21841514752225852
0.09098217932976362
0.08281478101479971
0.1540292124936048
0.09602283964846454
0.03266186406402653
0.07122350455345822
0.10060329365726396
0.04959691485029057
0.086637310067311
0.10397776118273228
0.0778152891172491
0.05911661572265401
0.4828007578353757
0.5184600046981581
0.5148880016594015
0.12167515060148387
0.16058693309440858
0.10233600158795805
0.1386611402865913
0.20397847709114714
0.15521976841144922
0.12976112857157965
0.18068402943048745
0.13774498476003763
0.20322523373253462
0.16944627783961302
0.06073423903240544
0.053238073509514094
0.09796062888871679
0.07498230260803578
0.07668644584912754
0.08794014900239094
0.10174786364779749
0.1586967643873505
0.15210238394126113
0.09812277398707081
0.3272420936900066
0.33719223870862614
0.11748642722021396
0.21561136886290463
0.09728215889641341
0.11830415313461207
0.04882706454536368
0.3331877921078537
0.3002430917849922
0.4669003750203818
0.511797635527822
0.24535178084244333
0.4546934751597683
0.28010372682245194
0.24115684784352318
0.1429763332530611
0.10509063809251468
0.07082182919658424
0.05377540950800727
0.05820994544571201
0.11715707768000726
0.043421666277156344
0.19964392418248145
0.13381515848197642
0.07859203430122957
0.3537438571593264
0.04071896714305268
0.28754280123919745
0.2978330528973675
0.036588426956969664
0.11456387927941263
0.05424776107801003
0.11715310614707315
0.18261862057720543
0.0598673355365609
0.1492633983067287
0.3050545086305007
0.09798378083076918
0.11698063629795899
0.05065062219875826
0.09806771979133401
0.13415465322727713
0.07536235914507564
0.09827784980084947
0.07248779862734762
0.11053725767208646
0.14419906532344362
0.1614236681687803
0.08197825907146494
0.1673732268058047
0.09310223592743548
0.1280882283397387
0.05247315866023941
0.03449765970228565
0.12595793249633142
0.11371853704762007
0.13972391281942254
0.08556592905271077
0.18164870935552938
0.18831916115172617
0.070235044985796
0.16154022843387883
0.08758399341716148
0.04724624052352945
0.1260239011311313
0.07807666796686034
0.06874532080347961
0.10714606878451542
0.06765527871885788
0.35670578338725595
0.24601810036921137
0.1486424604461942
0.08336848118919775
0.23503994782325077
0.18245556823740455
0.08094680395185694
0.06209606408728678
0.11236506872531017
0.16655796510679943
0.12192099499530878
0.10170092649521115
0.06216208008438462
0.1884700878307891
0.056705687492892454
0.16914749729748987
0.22566443828468877
0.1842459901558074
0.10027586712438387
0.14481422838680888
0.04125440753754481
0.06703758820423888
0.09798378083076918
0.11342563135586521
0.17433092668740827
0.0930551901385612
0.15642241118231398
0.15824705019810217
0.1711234306212295
0.06631811743211015
0.22255025894361208
0.17341308857091825
0.3307597001067904
0.13631175607369977
0.17212034650641359
0.241195369259895
0.43282243600195747
0.2247177104769567
0.17397238876688154
0.19907083808437326
0.2768023012971077
0.09128030896449944
0.10905098515387454
0.05900761151419183
0.13353986629708148
0.1740197310596721
0.09180833245908199
0.12141516096344643
0.2819990216859605
0.10498262231868113
0.2662626193932145
0.19498841734428937
0.32162074025762366
0.13139001583189572
0.2058535789988581
0.08825328899883864
0.16708667404534258
0.08099887908113391
0.11096043820131579
0.20763533878844076
0.114599757829902
0.11643588867913005
0.14621109192394474
0.19808807355123456
0.07166370787538359
0.07168843443195834
0.1086995633827041
0.041312595007165116
0.09897277025925323
0.06991471875952616
0.08433898061904128
0.13662444349932562
0.16739538382569458
0.1387329630831147
0.3197005915732724
0.2284978813438196
0.1935551394926722
0.20837727219892835
0.3548858559209953
0.10813346252578976
0.43349013508240786
0.04941349926314099
0.4221305644510222
0.24072455902004095
0.16853359791954417
0.20813631175607397
0.23694259731208034
0.2841187021033755
0.1842459901558074
0.03462514551049819
0.14152943094733408
0.07488217279431005
0.08931997033031353
0.08376494904975505
0.02978068479842549
0.06677550752593629
0.0778152891172491
0.13962394699414507
0.15375835643241484
0.34661418577904013
0.12702685930287308
0.08439122904265042
0.07963387709775586
0.1078591227784119
0.06609288506423337
0.03416619660093341
0.11294061173199589
0.07681163222968072
0.05112180909318758
0.15623936546245365
0.08664223004708445
0.12397300711721265
0.08364256262664385
0.0854033453811948
0.07426636915750874
0.043965030746411365
0.10343990708999264
0.08021602909001471
0.04694447911104414
0.053949587342982795
0.07981031847980415
0.21269654458054169
0.18139280885907086
0.06264108512959765
0.12411444808368986
0.10980229046444447
0.39927651682931553
0.1153926638595252
0.13582259905429642
0.1570337413745647
0.20331189694521412
0.15579722457456902
0.15085738165121407
0.24072455902004095
0.17473578202173776
0.1720303474969986
0.18302625142670856
0.11816888000728144
0.07873737324584582
0.1573323273645872
0.11417420622063926
0.1592379999344102
0.048240629827586534
0.1409459230944694
0.11774063866432861
0.06654759188689253
0.05053537437541043
0.3985806435325796
0.22759281443527576
0.26548546618853097
0.10789917468596541
0.15772704707599766
0.08486093903732195
0.16480256383829336
0.04196832806353448
0.066072539250461
0.05382450822729124
0.06769161345501193
0.14264321469219512
0.20471221262025197
0.1798421888756821
0.055337803162631774
0.09352447893904121
0.11803529566896083
0.09391120716441664
0.08716204273181265
0.05708879857657266
0.06587859003062474
0.13095038909922857
0.18204793738790148
0.11525378308067506
0.24196368980010105
0.18476596943188262
0.18782308848175547
0.12885710853822152
0.1852895394468044
0.2538403349733486
0.16434630813562548
0.2643227986713146
0.23493344531852844
0.291293005054623
0.25189947977081883
0.132145078500922
0.1146260559008013
0.05066286018362279
0.150707326848989
0.07395084748842777
0.10170466833988683
0.14201858796673744
0.12394494394128815
0.1471179223903358
0.12989064235913592
0.1515539955802549
0.27312250626735696
0.2710176123769788
0.33722781795587864
0.12032110579089893
0.22043409997222282
0.15798955955496466
0.12431657858972993
0.11038184874780806
0.12541256857729682
0.1519206118264967
0.05780206544351939
0.17029492363847587
0.21857166150334256
0.18044072004129605
0.06170313117481984
0.11703945009197507
0.05613716735802105
0.03694538721996442
0.09701614218164037
0.09621936701028712
0.06363629629234624
0.04298399287025179
0.05385989559345164
0.19575429760436153
0.13564489993803386
0.102607361463628
0.04767116487580268
0.05623672695602697
0.3253120585660872
0.35187477207248125
0.3184543360232794
0.04500249029899057
0.04523196475377297
0.1427343112825099
0.18309702050859344
0.2662605714556694
0.2866819075425282
0.23952388716778117
0.2826512310451658
0.063691909782934
0.18111512103597777
0.09510190492398174
0.1251645743859748
0.10157477732029566
0.04207031671010451
0.15417385535615374
0.17731293314147858
0.09216121522317837
0.13238985033016876
0.21888485751693001
0.17019190414561236
0.11234049419680031
0.29106362669812086
0.20769574032628185
0.2284878174079929
0.10060059467336181
0.048652211710285054
0.068793571890387
0.049617476556280876
0.07962763580948876
0.1983531713680088
0.12256377573430731
0.09960268785433476
0.13050045758147935
0.06498167253531338
0.06444352203812645
0.0461087801795008
0.048724881182593174
0.05882593783342155
0.11243468161955719
0.032763852710596564
0.0669548910249986
0.09892480153502613
0.4968331499362281
0.17077309110729694
0.07263313757196385
0.1163984805647891
0.07942204420982749
0.09973722547863141
0.09995113957540593
0.09504832947263762
0.1009181295814389
0.20321450015038636
0.1563740923533763
0.3291219913139165
0.5209978000185422
0.24791190477914438
0.3844884976874897
0.07098409801268546
0.15196478069460306
0.12427504698185754
0.09347228893963322
0.09508022634073708
0.07543076135569156
0.07825605146592265
0.078228686939689
0.058566980292793905
0.26854720365237295
0.17446600358715142
0.13704549160280463
0.04416108396478853
0.15112820129432727
0.22123340749028766
0.06338594384322409
0.08682161354614676
0.10274769814607052
0.10985994875372872
0.32846893852926756
0.2118915550004474
0.12431657858972993
0.2382194684493724
0.16187918613308602
0.07945743571570776
0.05581015473263453
0.03717043508560229
0.08613640015599967
0.08059678779158122
0.04505507283103311
0.04587732988517977
0.08663539901719221
0.052685367423385525
0.1265607485642717
0.13749745203124286
0.10791945742205745
0.041050430244404926
0.08315669329854887
0.11878362954508406
0.06275431821514449
0.04178494657716787
0.0905340406550462
0.10019566280776142
0.04515979588893071
0.09421645185204926
0.12392839413114094
0.08122184953618981
0.08572807293017275
0.07280391648085119
0.0843390390432426
0.038551155059456506
0.04717786025338142
0.058139659340453106
0.07581933800750049
0.09772288938052369
0.18617918805339873
0.12626320813535488
0.13875358811407376
0.3992574208127044
0.03655274457098331
0.09825647770007406
0.3613155192384413
0.15184260190207877
0.0917984673080059
0.09520740158835729
0.14917983600045978
0.14917983600045978
0.23803858729964722
0.22789379387270853
0.07090760652775795
0.13133120203787962
0.19384484455692028
0.122357340454883
0.1684732854482084
0.07475807323420798
0.07309877586788188
0.14911136474808417
0.08376494904975505
0.05660369884632243
0.14810887212664384
0.31265286156856287
0.08477806246127119
0.11742749866788092
0.06609288506423337
0.24213701622546005
0.16420811289286152
0.10544340431907916
0.0989748456076167
0.6343747168111551
0.15204630686450352
0.14686365106072846
0.26072069134192016
0.16659047811016725
0.23442399029701821
0.28701359849965896
0.2550166108536705
0.08292002244154198
0.03620596953233241
0.14504771112230647
0.053848078980315385
0.1303480037758934
0.152682486294219
0.08691130529567791
0.1720202184901354
0.06481378489520344
0.09839184923566427
0.09655316837027587
0.2939616174075743
0.11962725702868207
0.09207222141438554
0.13199086906897117
0.0688386092190823
0.05610218933173015
0.10353478746126599
0.18624491790142012
0.2459592865751951
0.0721059731249549
0.07299837378244195
0.081353474248938
0.08284319843125458
0.09261229696850487
0.10008592336710416
0.13562792784282207
0.10486499473064913
0.05464744317570467
0.08986747725655182
0.11584868742866453
0.12362659502177474
0.29342201834616327
0.515827451199691
0.3334802084219533
0.13704549160280463
0.034982105773492936
0.13736119209640446
0.08929708898699751
0.15024322540484564
0.07666710913027437
0.062459411448827364
0.13867601500081536
0.2369372234647131
0.32290972646730953
0.16803996938481283
0.18502595906992111
0.08789372675666868
0.06351311879729506
0.1052766912887616
0.08903302246213067
0.078020544594815
0.05345015456176681
0.05587795995790235
0.0740103836279681
0.056417389359990855
0.08563288408739478
0.09365142512523428
0.18115114951899577
0.0773838855849497
0.37524288406385103
0.2164844039318929
0.040463995526627786
0.12074341402398543
0.11237484786608727
0.048874262827352404
0.038878167684843035
0.0727006567692497
0.05962530202881082
0.11788684167617798
0.06534212515185149
0.058931421604100094
0.07273897097105576
0.08005558702606098
0.0623047457331799
0.11071253872493067
0.07294914597282458
0.05140325597004331
0.08588324376500751
0.14808869190156498
0.061878055670362433
0.09359626969344918
0.1459408501516374
0.057699561012645735
0.1332446260820244
0.13774201334680666
0.16571728667180832
0.14511658242295783
0.11162858104249691
0.1284423312060704
0.28173463272263227
0.42239649859802814
0.39527091302946515
0.18233475148066464
0.20353355076060317
0.09763143604595645
0.08298853737587063
0.1280040746618112
0.13701453924568804
0.11556910524157349
0.18278167291700634
0.04329418046894381
0.050688357345265306
0.34060441884451625
0.316757044425554
0.09635377384696053
0.18532226494463047
0.1812558679437996
0.12042309443746879
0.126181637660798
0.07161576495965022
0.11388299277262269
0.11894668188488512
0.07751658051317743
0.171739211992449
0.14832838850852317
0.05665469316960743
0.17973950309649467
0.2624162079923745
0.20275558454263787
0.13659860980491287
0.06456682614576274
0.06305329992039382
0.07224670424733601
0.10574720164089017
0.05243102427030711
0.15885366884082622
0.13656562970530972
0.3398826023153433
0.1478020783233061
0.0801638390906067
0.13099509325769584
0.1258764063264308
0.16067220327324894
0.17681971799412474
0.14330657725068985
0.07410979915928491
0.1312947672088662
0.1300858561205576
0.37510190771237556
0.2283739621643908
0.24773743407699123
0.2007174302951242
0.16307817509671502
0.06652209472525003
0.11943227773839193
0.09790843888930878
0.09741798176935199
0.05181495252815578
0.139874425264099
0.06856350888635253
0.11992499592369146
0.13008148223135851
0.112663362327936
0.1512202897095077
0.04520646759213045
0.15615333593372052
0.2010063528173374
0.14264764806983074
0.11853283384299074
0.0958804802487923
0.294048280620252
0.19933335080348694
0.3622207728680902
0.15679757484683693
0.08789372675666868
0.05780206544351939
0.17963928009458868
0.07183377337657457
0.1323984999184739
0.12852154440313426
0.08169235988831838
0.04273324291280918
0.12262931793567987
0.08090195807709126
0.2408739659105681
0.07480291910897365
0.2954805011367256
0.1274383107959026
0.10098328432558863
0.1438454629072507
0.1256046159446623
0.13240613015130231
0.1376211817344419
0.14126103666696493
0.09597740891121469
0.11039467433540734
0.11430409724023045
0.18561250830076076
0.05984183837491839
0.1431527746351092
0.07669546222060271
0.13712701777270506
0.10445415374336753
0.06551982303250031
0.08449560904146644
0.0924174604391181
0.09930168447745019
0.06363629629234624
0.06728700957452471
0.2505280057822369
0.4151192552908116
0.31406966606248843
0.398651364015817
0.35202596990258417
0.21520243049496834
0.40584449071261264
0.3088089225733471
0.21463235662802596
0.21920746321743834
0.2247675243250445
0.289801783198976
0.10842285268371192
0.20968530898418317
0.33980645691482786
0.1199178691231387
0.10486248734173476
0.05163166007491783
0.05098962942156441
0.05099155941193084
0.05281478702642899
0.059749869011938614
0.07239523887167777
0.053411436845795864
0.25971709367254553
0.1591273081948307
0.19587565754348601
0.0793550637604648
0.13408603622032822
0.09930283390904314
0.1643544030464361
0.22038454984300124
0.24725014577352752
0.13339707988761015
0.14132954702061123
0.10173726123136521
0.22760938284218285
0.11659245867735388
0.09843669511042995
0.1336617133208968
0.08130557094998155
0.1861525808347493
0.09459758636601386
0.11220600091117836
0.06184246130172333
0.06794150026984112
0.0671791203988264
0.12402117084408101
0.35471252949563625
0.06681957978731454
0.11099354004478997
0.14136637860753304
0.09556655912543335
0.13843143649111367
0.14144790477743366
0.08669153237968409
0.0559191589410967
0.04441605558121343
0.13908364585031807
0.11698063629795899
0.11700288726337645
0.11507210939990475
0.08811173517359303
0.09130620102270395
0.05002543114256064
0.1517202021849014
0.06305329992039382
0.08813105679260937
0.11509859488944492
0.1274254035545411
0.08792662205402149
0.22227447881882484
0.04869957873715131
0.19689881920695945
0.14009445734627363
0.12629954287150894
0.4333400343103879
0.6200771970357801
0.22745827681097913
0.3742051198434698
0.5691341920756566
0.1382173363300404
0.08309524979286693
0.22536091899068073
0.2510633271314096
0.13392983746386153
0.10896787372602298
0.1597097668351542
0.12948338853111668
0.1208196409267785
0.08979529149005987
0.04628094275807006
0.07150500628493958
0.1076323867436032
0.1272215962129476
0.09263172557530693
0.17397238876688154
0.1978850396504211
0.1461527058609981
0.07858406685265845
0.07850970161421816
0.08231864248969516
0.1032633605749808
0.07561014485475386
0.1188104118407972
0.10092441929782624
0.12609497444811907
0.17948858645948956
0.33238219468449404
0.18353601068232403
0.17055274743192572
0.126236062580847
0.1205949892953218
0.09313186104686956
0.04439741601791599
0.08422809553713657
0.09651343598036742
0.08598394635041391
0.09065710092939833
0.06267202331723441
0.12015658117482673
0.25978128471827255
0.04576740514826526
0.20537776870410923
0.3134270302734956
0.034319179570788276
0.060424666224200105
0.34058642582893983
0.17471303676110508
0.1263079779278686
0.09561140500019882
0.13606620975100817
0.31230124622532013
0.1658733890678349
0.2864179571162082
0.08445660820707347
0.061636856128839096
0.06845925623470296
0.08250448393934447
0.0854033453811948
0.07363692636506863
0.041167256062548875
0.08514545041969183
0.23944236099787983
0.29920104353497534
0.18351965400408793
0.023584874519300966
0.11555998463406703
0.024273297883648137
0.060225325072453595
0.06956926921079351
0.10390919200226433
0.059360195953165086
0.05622598707936091
0.4411543744421972
0.5360986336330343
0.322436001956628
0.19473223888998084
0.2968920321931107
0.09158580461981537
0.15930213598565146
0.044594535712710805
0.17486451500695882
0.06682035340070178
0.14495353008315678
0.20268490496174138
0.11045230516217559
0.12086234670301949
0.09821246573660197
0.12966196165075708
0.10241906894763832
0.07886929777554702
0.05315771899338828
0.05681972332797939
0.04273324291280918
0.05210401164492059
0.07745776671916134
0.07197000918355914
0.09243167159281054
0.11413545109840051
0.04814352540412824
0.10353823577368332
0.12427504698185754
0.14079108945852345
0.08865062087097408
0.10184498159261328
0.05243102427030711
0.07081640076426093
0.07019554920368887
0.04003054377870551
0.14147713158365977
0.11389205935105169
0.04548693637019786
0.11956844323466599
0.08735171067506249
0.13027881950105982
0.1700107112362822
0.4975542149029841
0.19957320369924403
0.4389368987444966
0.2020484206125937
0.08454779904087426
0.21683135812315768
0.10696525463332922
0.07368177223983431
0.13867601500081536
0.10892387453670696
0.1431541234451041
0.05359373582723698
0.07311818917053385
0.16249352377334927
0.11838038003740495
0.09060183897219624
0.0688386092190823
0.054903879377160264
0.14172384841009375
0.044594535712710805
0.09886681707519444
0.13184687181078064
0.07171057000390964
0.04258703951688481
0.0497422537949068
0.18302852697800304
0.2595563219739634
0.0777369017731703
0.034845011971742564
0.07548365824351322
0.06132067375018258
0.22737648785260067
0.10359714882477507
0.08585796394976393
0.06354660454281509
0.031320542564798916
0.07996202102977325
0.06673067376292198
0.10350088861222698
0.02037988130084028
0.04437050849305666
0.08311868728054352
0.08861814811607639
0.2895504598822065
0.08127197933776424
0.06187124429812121
0.10750280100885534
0.0985984977312139
0.11298717968426794
0.07139459891828713
0.09201899922268918
0.07490055468432336
0.14176585684004564
0.25543351410231596
0.2651933948165698
0.152171935143266
0.09295520144239534
0.08499181373261976
0.038240643031402836
0.03024473314031867
0.03648007509867519
0.0639894078894819
0.05803527934163726
0.08576553073536612
0.049734075115019066
0.04628094275807006
0.24900682148300407
0.1540904256945043
0.06215638242508227
0.09008641774009454
0.0995263288709552
0.03687975719636982
0.045127742303341226
0.11568979991452376
0.09941183811750531
0.2185646223767388
0.2537094407304753
0.08996480671745
0.21610326941792846
0.1764476056802314
0.16902919258868232
0.1622587081593075
0.08015442795585408
0.05703715059424469
0.12761792674832537
0.13980038837619338
0.05053537437541043
0.15604108918963
0.12599428900343582
0.11950962944064988
0.2240948362035613
0.14561009834817235
0.27803172743490207
0.44264962451848694
0.11819689670915397
0.13581924374387255
0.13584887723117375
0.12223005242225442
0.45189085715768346
0.30708595651636117
0.13255858395688808
0.1789935430768203
0.2456035447326241
0.09032815407899056
0.10871353057294439
0.33635608797789285
0.10184498159261328
0.11480452591936445
0.05377351390400622
0.1260239011311313
0.15855532342087328
0.06471216509037898
0.15220935920430456
0.11384947867166131
0.1292789912361419
0.2985045513370756
0.2022605820623096
0.16223278854927894
0.20591179332558848
0.15307656658819496
0.18164609377543478
0.12547472492507108
0.08345180905330737
0.1331683991792315
0.06932678250592372
0.4457955660213904
0.1400874646290778
0.15307656658819496
0.31925648133050644
0.20307128769632207
0.2377622646480707
0.08229817738894352
0.11495016941172358
0.16223353413531183
0.13346302262992807
0.07583437422858165
0.07480291910897365
0.054971880501203184
0.04630284554275739
0.18240404793077503
0.24161703694938483
0.04678729161396467
0.10204965731325617
0.1180392845902483
0.17128648296103055
0.07452731915454842
0.12766998206424257
0.033834733499580986
0.07508349925102638
0.11699533711681143
0.10333619882773522
0.11014758461331291
0.10848522128796592
0.05407947984371613
0.08492711855920203
0.06587859003062474
0.05297284939906634
0.10278257023743577
0.13060146150743324
0.055564038834543396
0.07445826322434188
0.08401593408742086
0.07810471845333818
0.11451045694928418
0.1363932822436002
0.10839862877030612
0.06387038991443138
0.18097004418744073
0.08697081836252506
0.11789104555869566
0.06659612402687398
0.146828631990869
0.1778208058203129
0.24393533479221857
0.18537982385800908
0.33596312217256274
0.40086417740094626
0.1427343112825099
0.12043850641281388
0.052294678528742033
0.12106636230229903
0.0720245703633043
0.044473717052568175
0.07228215284574753
0.09836274639080077
0.09696364612480898
0.13443665416598738
0.10855519876852998
0.31458746202520316
0.13701453924568804
0.05962530202881082
0.1313847663164694
0.21781641373638222
0.14691508573201284
0.1079804795559349
0.13251040849677767
0.06896332922040398
0.33699913724749964
0.27295481802857063
0.17198392972596743
0.09312592876285324
0.14497699063906797
0.07478826915158827
0.1335495336931961
0.0432383360233302
0.07298791837394028
0.0513046474495313
0.11127556507998958
0.09045149806213061
0.0750770093236968
0.09858690888161215
0.042758740074451684
0.1707157997717268
0.11067961892143086
0.09516071871799782
0.16137147816937247
0.1643134512396106
0.12696847165036948
0.11754188410668287
0.13408603622032822
0.0410582518540867
0.19785211454643042
0.0911759289656836
0.129222438534077
0.26322163861395637
0.13150764341992774
0.09124844126279748
0.13094811435814963
0.13245946510584103
0.09008641774009454
0.092124571987608
0.05022737973744032
0.07590086417740091
0.0961193543127345
0.14229561196212767
0.1243911743439836
0.2066946367945205
0.12633587760766318
0.11239316036470574
0.25211852274550145
0.23417652734345795
0.22050646673786026
0.06304838718522478
0.11087559106473188
0.08380332666070854
0.10339464988024737
0.20796557564081622
0.34179971080644744
0.1469599316067783
0.3544757867275387
0.11821572597229639
0.11618751702430237
0.12782823870170126
0.08755910647317791
0.05622598707936091
0.10009601064438314
0.05187685941149945
0.12228925485080722
0.11794104578878309
0.11362825003904314
0.15458815886404195
0.06002498412650546
0.054851689377752436
0.025420670157560086
0.08193829907047698
0.07851912134286287
0.09316295363005363
0.04255873515252759
0.03982287082484873
0.08401593408742086
0.2100647476169864
0.3916517202021851
0.09853471888220414
0.09727070236652492
0.08830152741341073
0.08175402969763715
0.08598576685149134
0.06462290553718876
0.057045535761872684
0.13769770096200884
0.16786238382520788
0.041534876315612215
0.20169574433393125
0.15239479827120553
0.19933991333296652
0.25299709036970125
0.3498287950432093
0.07605803317954037
0.12358174128042455
0.10923366876083335
0.06448836791289211
0.03462514551049819
0.131684084801976
0.22463104726427724
0.07287454649405392
0.09342009894022539
0.06714659241270106
0.1144004787022201
0.1371553184440849
0.22396029857926464
0.321457687917821
0.11323984999184747
0.09150822330197984
0.0744751291551406
0.12254178272827514
0.051050304296452895
0.09261229696850487
0.1367899884482294
0.10776463706166878
0.06053367043266228
0.12257285969101553
0.10274379649661608
0.05935739230371111
0.15797912820785578
0.131501712049568
0.040463995526627786
0.12158190995470766
0.10881614876556966
0.1602402802436922
0.191612363233533
0.1944399152127842
0.07917339007969451
0.1172266451810318
0.0847043690390981
0.03490561428856541
0.11190109330000683
0.11226153595304095
0.0860528004791507
0.11792301862064747
0.10678792969024022
0.05668019033124995
0.10380634643835983
0.3937976384139189
0.18097004418744073
0.16979988025580595
0.11543539928858733
0.17878689059188
0.1449867131170933
0.05762689154033762
0.12973482938064193
0.08313025253834935
0.2029147176980982
0.13268367651238097
0.14602224472652622
0.41875664366550513
0.2745490577674513
0.12447853226083849
0.05359503377250885
0.06874872601562133
0.15408719214347463
0.11385997801409727
0.05308504952108017
0.09722342816399136
0.2566646547121534
0.16637819538027088
0.13161634839852088
0.12629954287150894
0.048903556030291194
0.12644162729883546
0.09949652100683697
0.05397749119714611
0.1676893062922017
0.1581041314860229
0.203922127302211
0.3182273169577262
0.28527053676383873
0.7991214841141618
0.41805324456465853
0.45740843652039387
0.18028041655759752
0.5284526332952888
0.2582883070699295
0.27056254998421203
0.06004862631110041
0.0891617117283589
0.039010657313005924
0.06967364920960935
0.14382072037318844
0.04441605558121343
0.1454208708755627
0.15216205307958477
0.21718571661503425
0.13016185852342008
0.15226120041264057
0.1645198108592858
0.08839713240615006
0.08178172907225313
0.06583854191115496
0.29327784399034884
0.3428473462108963
0.2184086866295491
0.3788921041474457
0.4934779064079569
0.15652707532323115
0.205279049221334
0.08350399905271538
0.10315431594137348
0.04637933702768491
0.08233931162249504
0.09122019451892124
0.0980185897686576
0.05631884103879152
0.07481322174120753
0.13646599691163466
0.15625377246045255
0.08556592905271077
0.09721920150856017
0.16472633693550048
0.35671864595331887
0.073977522809664
0.11683023831011709
0.07917222910185584
0.0483936127974414
0.17228646680608972
0.14759331832567443
0.33759986955812743
0.18401174334210949
0.06998970870862839
0.07873737324584582
0.08314425181536995
0.0924174604391181
0.10816597506315374
0.04372472789643242
0.09269525517691178
0.060225325072453595
0.100009347431704
0.1559386655410462
0.2540355454100771
0.20221004931796277
0.27495448702511666
0.22308072070294607
0.06598907688602815
0.038878167684843035
0.1962921767182065
0.04015802958691787
0.14495837786374666
0.1958957385708382
0.05734344916566613
0.08491312903672994
0.2244668137992194
0.14764389368987446
0.31003859851789006
0.3679472597814254
0.04958049943754966
0.05140325597004331
0.11690852763737167
0.05428513187683059
0.058084899928205126
0.05832106779643566
0.052285462880284336
0.11601173976846577
0.17471303676110508
0.23707810207076443
0.21668756064297778
0.07009410225858848
0.15336852841935528
0.12127700234353597
0.07118715919243992
0.11159618568883511
0.11683697212225826
0.10126198522066086
0.11780531550627757
0.10333583608623126
0.14429752698699788
0.14679922986410548
0.08707280700909509
0.12739067783880306
0.04365114073193874
0.12264908659380858
0.11956844323466599
0.06843480489226239
0.08574816902725717
0.08592695305747525
0.11499150574591435
0.06780696264554431
0.07877370798199987
0.2565031927062924
0.13480121588482766
0.06569920653156244
0.06950835026271485
0.08058803695373232
0.1496673682968394
0.15457361813142032
0.1422141573069868
0.4376677905124496
0.3250638395268063
0.3123600600193364
0.3874123593673569
0.24792108266753615
0.29569541822925205
0.15341642160284774
0.09999319389597024
0.12049567911299523
0.08996082477973681
0.12661014185553562
0.1160173460508245
0.051195643241069136
0.08804424964205368
0.08871556638076969
0.2074025762269691
0.09744976236518617
0.10984177235583652
0.14665967376758857
0.25635727709183664
0.11354975490642744
0.3401244402620104
0.35567472843176506
0.18850461116725734
0.2538344667722555
0.36031975591246723
0.4015499626509293
0.8293236137328347
0.6214960559888546
0.5990184920536518
0.6513607064962627
0.31320085062233827
0.2571895700233116
0.09785810638386724
0.2165523895671614
0.22776390285311876
0.281346812326757
0.18146875999017
0.11445164315526808
0.1662605050766987
0.22991229100858981
0.04744693550197489
0.11231066945219634
0.14467866150096248
0.3645035056253061
0.3321741097715624
0.17671673215378805
0.1901016631312578
0.19046668691957724
0.10520914019245114
0.2351676909698149
0.3518344041118851
0.0842936163900639
0.27474907738184307
0.19730445875898933
0.07581098048671146
0.08726907631639508
0.07312897440078261
0.061636856128839096
0.03852260642362599
0.14335041952458077
0.16126742319205817
0.06583854191115496
0.14948095637691647
0.1330323084908572
0.34149652451228263
0.22328761045778142
0.2375230291027384
0.2722958142377932
0.40575636491685146
0.4091887160183653
0.29180426605324816
0.6877953439005191
0.4850317824713506
0.38827299054227454
0.5065043940663772
0.38782388560045467
0.3915793156919605
0.41121694416242227
0.14007040787389735
0.18207940983883053
0.03273835554895405
0.10137994079090888
0.1148739425089307
0.10961674901978301
0.07583206913974716
0.21321610865890786
0.11501849784798177
0.19247671781650944
0.35395302838594045
0.3515500445235042
0.2953482288104392
0.07514013536041081
0.1444466781034627
0.23724594728327408
0.40500019908527124
0.12600697283717366
0.27524855599519804
0.19743476776026378
0.097526643282515
0.2186715314817363
0.20521848762415607
0.18408609163541512
0.1497859834992907
0.05577381999648046
0.07152917025108678
0.03809275949387637
0.057154539970334865
0.05053537437541043
0.11417420622063926
0.09524674891950348
0.2592612915525972
0.1253548397315034
0.1082942487714903
0.14386556624795394
0.2567860746392475
0.2098983011088278
0.1345181803358878
0.14334095377126374
0.1610674456014403
0.04066797281976767
0.14745220755241784
0.12415579343841951
0.13408916554905934
0.2990379911951745
0.2281102233817055
0.18041741398989095
0.12417822722586791
0.07550358172813462
0.11336493463142733
0.056282506302637286
0.11845680942460428
0.11096043820131579
0.06798634614460662
0.25750894633949656
0.04263125426623915
0.19517365074188905
0.24692282824281495
0.15594371823094588
0.1944068671087539
0.15413079744728447
0.12430113238303575
0.1553004771209823
0.3206103531470225
0.3478835916050409
0.10229461250966015
0.5519026511937983
0.22312312461768663
0.21749341027141997
0.4904465512594806
0.11904624770877445
0.1634468191128195
0.1559937828224151
0.13840115064855404
0.14567277847149812
0.040387504041700266
0.06978018113522953
0.13353986629708148
0.15323835407395844
0.22464068253073644
0.24636534982671718
0.24543021830726688
0.10221837399992605
0.04602237676468998
0.1489473680573659
0.15018883458989954
0.23238750792193952
0.12034402965121989
0.10762924304940423
0.10691256544112289
0.20063401094782168
0.06634722821731177
0.100571587767476
0.1416109571172347
0.14115808454418513
0.04345634444025455
0.048388698872051925
0.07340650738958206
0.03049460532441517
0.02442628085350318
0.04551856288705534
0.11197732020279971
0.08923513045913439
0.07818061911310478
0.1447275651741297
0.23194195336703055
0.11972977812289858
0.049734075115019066
0.06910620796887978
0.18047867322482977
0.3156451164192639
0.04954098507135335
0.06565501925519748
0.04785284751489577
0.09910684794806345
0.19020380984796312
0.24437131413676294
0.15392085821553744
0.05659549395415141
0.08975469453749911
0.05729987891495109
0.054121029386041054
0.06697229762692561
0.08080051696049532
0.06909391212408257
0.08102919766887415
0.1276800621781412
0.2937022564611218
0.07104706317140995
0.15756215416904593
0.13766578644401378
0.0791007206073864
0.16829995902285025
0.08891040291015645
0.06583374415585926
0.07797185911547294
0.05377540950800727
0.16922372420028256
0.17796789798109966
0.11590780833144812
0.06986222290041602
0.07850576069721914
0.2013412157802086
0.16297081363117566
0.07480291910897365
0.12288843557899155
0.05508346000955336
0.09202778738034456
0.06457805966242328
0.051886723942462264
0.04553793069348287
0.0857979489269706
0.09785369873847735
0.09649930890529419
0.14870373389858144
0.06747360503808758
0.40705710995382394
0.09822157888575647
0.23771719237882505
0.20916662126377356
0.13591256767977658
0.16922372420028275
0.39363020970587836
0.20847508644382928
0.22100151012052952
0.2345494105360796
0.3619922393606824
0.13996108847677813
0.07990288909356703
0.043549152085368706
0.12585061651111112
0.05155899060260971
0.11580436041763768
0.052540028478769284
0.27736573526167124
0.13799932791311606
0.33270963274889653
0.314150128787994
0.13256155225827496
0.0717974386404205
0.10339464988024737
0.08698560134976438
0.1389211299246287
0.09164563896035513
0.15084679074786925
0.09634273890707036
0.1306914530248768
0.1440567422142509
0.13088159209544395
0.16391404392278125
0.17143430438127744
0.06421929266429866
0.04890655486336346
0.09550286037238967
0.06799794875597794
0.08217720152321795
0.09064972046235911
0.08499299661410588
0.077919325979442
0.13301286455468567
0.21768448753054784
0.1492112083073207
0.20683189303766514
0.03773579923088161
0.18351965400408793
0.22496185718189043
0.07896346910422399
0.07338083120707921
0.24589512022050672
0.28684228001563816
0.33903399664570305
0.08251618580586786
0.2196578209389967
0.4240430996389316
0.1367377984488214
0.12322058860216305
0.17601298495129192
0.12470721296921734
0.038628199888368665
0.1208196409267785
0.061587377781129965
0.11612303347773144
0.20584827905623762
0.19986140551116915
0.1534892989334331
0.1636678381433221
0.14268650887698958
0.145749092988108
0.16598097416092308
0.1114554815839859
0.128823465720035
0.06725559662116323
0.10027586712438387
0.15359530409261382
0.19514087114987477
0.20227193839306543
0.29854883417577005
0.1309534221958162
0.2004218494981058
0.1501669985020526
0.13629370219374118
0.13805449779783746
0.09128030896449944
0.059588967292656767
0.10015989120936353
0.11755137273000975
0.08564097311511705
0.0612966998918975
0.35724767650415723
0.345806540317324
0.09229281026754647
0.23875715093097374
0.13652903845118955
0.16088909936774615
0.07259680283580978
0.1721336562026788
0.06776211677077881
0.051504266517824825
0.07583206913974716
0.07280504917408617
0.096833755105218
0.10545313267080969
0.1351468434689068
0.10560139892762184
0.12726235121474003
0.04977858853106086
0.16052502853415945
0.050432613781833904
0.10431271277689032
0.05272170215953958
0.07058740688100974
0.05126831271337725
0.12826155476509699
0.10679389081288113
0.07087401919599225
0.07341269699124084
0.12295399420498013
0.09372787826004476
0.1954714156714064
0.1275090312791411
0.0710740856547625
0.03382763935942894
0.039820969548263675
0.11266916680254369
0.06445782193730057
0.23667723382667638
0.10884867441740113
0.11586278947532443
0.05346173876060565
0.08830981372002288
0.023227914256306215
0.07942843271022271
0.06251690718289561
0.049734075115019066
0.08804826349258107
0.15612900554858747
0.09619835132466513
0.17854231208217833
0.06170792367742669
0.3667587160580336
0.4149682047937391
0.15480795969075337
0.08847132453145067
0.0856840045654655
0.1037358655769062
0.10906516742987042
0.22757759649536782
0.07369074353458957
0.03814375381716138
0.1385129626610143
0.08964690365637787
0.06940027693896007
0.03975020135254061
0.08224338883248446
0.025420670157560086
0.07296592206098156
0.026109093521907253
0.05918345932861198
0.13296801867992
0.043243186145658974
0.07128231834747431
0.3796099759087423
0.2089687576294195
0.46876131738135696
0.09439049240048906
0.08217260121076794
0.06644382846893862
0.05583382151685072
0.024934712685722914
0.15117387298284765
0.07592634110549487
0.07097905500541073
0.06620078472710325
0.07905538829567607
0.05705420476462625
0.05991747208929515
0.04817696581215541
0.05421573894556099
0.043917782671754266
0.032723263416623086
0.015731781414102974
0.07203447199077917
0.06118770732634095
0.08900313330640039
0.09552171684320977
0.060887223023531875
0.10892824561769122
0.12306176287215884
0.10328745366605885
0.04294765822505792
0.04276598449880754
0.04581810231300838
0.08812214392838173
0.07722021115711257
0.0991600567156915
0.13522652555762188
0.03457415118771187
0.08595692902539916
0.05838992099975052
0.036996381543311876
0.03885767434315106
0.06455902926763059
0.12747407355391085
0.1435094508720025
0.15705927946829074
0.2400528094391784
0.19988419275679642
0.21618647145379102
0.1437822792369187
0.1584948158227042
0.4830527117314554
0.3177842765830741
0.44592673186561155
0.2859753438481278
0.3028176583491761
0.10425473637916796
0.08345063126738002
0.2804327005789637
0.4061621164159863
0.4795363003407176
0.301588334244469
0.40499167178964673
0.35635080975847144
0.09604779557296571
0.2264469702243377
0.11968661649722634
0.18661616485657698
0.22970012742067888
0.11361871940446196
0.13113206250535864
0.2774659258781449
0.26067570108373
0.17011923463897408
0.40567957662790954
0.14133076697828592
0.2861055767482021
0.4668188488456671
0.32248668543790143
0.08434461071297243
0.15515022859434857
0.42387101347358386
0.6149621571708729
0.6196419706556251
0.460853337509444
0.41493131678334505
0.2059089497850484
0.12368673112770565
0.13062337647384098
0.27799951448577814
0.24242981654181678
0.12575452182919805
0.19902587895037338
0.25848542737079205
0.11536278728913724
0.19733038776144848
0.12935166070845
0.12597253024612243
0.17314992246987226
0.38798304255666094
0.4073499834541615
0.2496769571676182
0.4249963949784025
0.254426247113742
0.38593680884055376
0.30674578339650943
0.5484525655950597
0.5291671591884509
0.40148709701031027
0.18763257749956103
0.31839977296602784
0.09046392950754593
0.2761291374531218
0.19393803779993077
0.09546137318947348
0.19984927206659941
0.08666485242281532
0.2654220755249488
0.13422051535309382
0.31089415539146775
0.4117545321040114
0.2668969972449161
0.13632793005002938
0.2781304319019846
0.3060081702656006
0.24745953695642467
0.21604634117203492
0.40969688911592916
0.3057729150895373
0.4746758834972796
0.34416446611003354
0.38295141673685523
0.1563740923533763
0.3317416640358503
0.32288772914821323
0.15719000152593582
0.1599091738140135
0.22837580076758882
0.17424880278155566
0.17405396625216907
0.06886783359635894
0.20322092284592472
0.23607059133792166
0.1323401764332021
0.31068706647550953
0.34016552437751996
0.13153985691359335
0.30105035730128193
0.3387664983626792
0.267264986968097
0.4041593554151428
0.2580492961661274
0.5836693946853895
0.22713887249005446
0.511662696231052
0.1866902175462932
0.38846510947612856
0.3277602703524305
0.26288102701782945
0.6187836295450835
0.4379585847056914
0.05265163879173678
0.1745596073957871
0.20084910656487245
0.15072471829015127
0.1303184285216439
0.04145838483068487
0.11183616786799805
0.09784944446288081
0.36963965432903995
0.2905662108254496
0.42736613050850636
0.2811275774366782
0.2476575616260656
0.22479313633632184
0.47603700794178644
0.617475390338727
0.5377466166639495
0.6994945377466176
0.6105459956808016
0.49178636442108525
0.2023454747947818
0.4539547819083793
0.23615094485246615
0.29593999673895244
0.10806932829985423
0.05442943475878031
0.11821572597229639
0.05875326836111342
0.12086130585471563
0.07885908910540815
0.19171611462281926
0.24310101724221686
0.2680886393485866
0.09486999609824803
0.12857312295289394
0.1429045172939139
0.48106798352611924
0.46699611470231167
0.4291054411412307
0.5568978046760222
0.2573704752796166
0.959188437932495
0.5152196741552529
0.3186556360710979
0.41676178053155055
0.20841326410406513
0.18986721784611088
0.31388164884206415
0.0690178012642148
0.11474209358715436
0.1391651720202185
0.0654767110979081
0.17114814058675756
0.12346069322961886
0.05417509160570191
0.16674002119462597
0.11951425625024859
0.22636540623978818
0.1029726422606032
0.19774790775671144
0.6244089352682218
0.5400923304929566
0.500859771543555
0.38771950560163937
0.3563591305365397
0.4005582454559944
0.14732259997029323
0.7743453132927658
0.341183172486614
0.6032936572639823
0.15445353539303622
0.10839405584883217
0.05944362834804053
0.11506222622915285
0.0955724152761103
0.16623186042719715
0.11647470746758198
0.06576587243884684
0.13854434895542692
0.6630523398010761
0.4379092136675914
0.2705434524739124
0.1824730449656844
0.3902246255732209
0.5549318523324585
0.1840130155738326
0.3321741097715624
0.4121444253245587
0.5275523760695405
0.676653583626636
0.684974948497181
0.35464002128536026
0.7103375183433893
0.22664426984007208
0.3532528941790313
0.11424390870399627
0.06527273380476822
0.21541722729279145
0.1974115407180468
0.05081584315347766
0.09363818651051362
0.3083477107123075
0.3849458591042459
0.2858938527121056
0.34174011612323685
0.273425328380699
0.3837600059548429
0.5647317789010277
0.17835705872767282
0.3712934795013623
0.35504856597226336
0.28515500933705407
0.7000654320219273
0.6654981248980928
0.36589749221229934
0.7134913706143009
0.7042518520108378
0.8934977227217228
0.4047788656340505
0.5034591201753785
0.4161193233757451
0.11634382516529682
0.39874292850976567
0.2410777323612137
0.07707791964523997
0.12600697283717366
0.1576489504355006
0.1540229465570561
0.22796413463056567
0.6008204478137972
0.4300977851208918
0.17896457756862036
0.48385348451107796
0.2906778892324713
0.4753465146075819
0.36308582588108784
0.3962873440802658
0.5753111311457644
0.2659353959311454
0.611786702274414
0.5696370664170803
0.5297769744107944
0.6473741987130234
0.17593041533316428
0.16183491483017878
0.28933637697700887
0.4325778574922552
0.14868174034240936
0.18726783961573298
0.2401147437976975
0.3568755763267429
0.07929617270813634
0.18519815017723879
0.17004057099374967
0.21987646750568163
0.1312338909738836
0.23001449167261712
0.22618373255901789
0.379151886186627
0.33524591848326296
0.114599757829902
0.19646016713164616
0.1565780696465162
0.11554446096990753
0.6126222504286963
0.3812314725754463
0.1728808472212788
0.32169384546489205
0.09555988891595114
0.14429752698699788
0.1785996332438119
0.24398566717306544
0.1895568581137877
0.2811837599869561
0.1375895595412209
0.08434461071334892
0.1757264380400244
0.6883254524702423
0.6804017692382792
0.49743044289972055
0.24882680046903585
0.683159868084584
0.43513952285034285
0.4909775524461352
0.5436158980905156
0.3578700806292622
0.36558357108894113
0.4163491013235671
0.3824230980214701
0.6344526851930745
0.5713256496717649
0.36132321298621173
0.1680118199763687
0.25770422305560126
0.13731188844230877
0.056425218714825046
0.22126202511005974
0.18535838656829176
0.4502690363606727
0.14540133835054067
0.17142645137029297
0.15783809385323222
0.2030840307374818
0.20120198932896827
0.15058623666053153
0.4875264960052168
0.4643349037568556
0.48949430732932775
0.8359868323631335
0.7925644556546506
0.8389532921388789
0.49910321213109343
0.2176182746186319
0.4860989591104521
0.2209724574932485
0.14493926251854133
0.12380303640382286
0.08830547899824645
0.07238752917882266
0.05576229251212039
0.041893950785630046
0.07492877357647043
0.09101726192803923
0.06983536288810137
0.29270941264870276
0.3140774593156855
0.11790621881992149
0.32778943981077147
0.8335411820405817
0.9284229974314089
0.7281917495516059
0.7567259090167952
0.40269803543171967
0.6409920255856661
0.6963965432903956
0.5132091665842089
0.2605554948245804
0.3666538225306099
0.19275577529728255
0.1816809214398859
0.3654587678678464
0.17691156868317484
0.04576740514826526
0.09649930890529419
0.12356380942732353
0.1274230902189386
0.08798760629005159
0.17335302619101545
0.1650776650120694
0.35505710205246493
0.4863312627188659
0.2211398655004145
0.5987281917495525
0.7134115667745119
0.5146795114346103
0.1976539970525643
0.48535467646630454
0.6584868742866462
0.5809687698048506
0.19250357040078064
0.26889586509436825
0.17508900899896224
0.41146257948801573
0.08064752227518818
0.1105111189561915
0.13704549160280463
0.07896346910422399
0.12397300711721265
0.08548721903021732
0.07821120559115699
0.0831702110566411
0.3187046805771987
0.42752323495842093
0.27136238820647457
0.17937702796511348
0.5257622696885698
0.41684330670145187
0.5209725873943298
0.15678117818043857
0.3842749656407149
0.3004208598340745
0.3035968047109424
0.1947728177869626
0.3458109360770567
0.18523448491339212
0.4172833690499607
0.291410502452791
0.3369386361777063
0.15579456893559607
0.19902844319231433
0.056246171566483226
0.10239481538197415
0.11923473474022864
0.13769278086549516
0.10036136886148223
0.18656063478334606
0.13738902282153465
0.19584993407350548
0.2375230291027384
0.1279788157789638
0.2809391814772539
0.2728396243344018
0.19655569960169894
0.29290424917809005
0.34058984727695174
0.3807863226344689
0.3163235864115678
0.10673111863545293
0.27144400084558945
0.333591839659137
0.11274252916064723
0.057368613695597113
0.172459793231448
0.10161392884727297
0.11579784396552882
0.07586692908967521
0.15814231635225057
0.15033425729659217
0.05734311653395461
0.16726894810247045
0.21620740257622717
0.08793006149282273
0.28130878835642226
0.22523102797109099
0.12771528266722024
0.27894096457203926
0.40376390787201893
0.21367051366037484
0.2257217474393705
0.22193256842899273
0.31712892433184364
0.4178216207402571
0.18439878598184914
0.2854439928828642
0.3526822109897273
0.18532226494463047
0.1267381945622588
0.14089278895054302
0.10576451104712423
0.19494889692167958
0.17397684656774826
0.12036579563454845
0.08626709670119252
0.28290339146971866
0.3209719852265719
0.354210612348701
0.40184384730920475
0.2566394875209363
0.14930117971375026
0.13179737824618246
0.3903679757283261
0.4696315017120496
0.2823844297965787
0.5140775112912698
0.5703041209324738
0.20331181722103253
0.30131046337492223
0.40487319699431085
0.07473982992262382
0.1735056335775069
0.16683782214286438
0.17842655542440536
0.11753495630656045
0.050732021234578116
0.0988925465656448
0.048978214906725576
0.17736697196233278
0.2574532670794035
0.1807653123664433
0.10111957071674622
0.09199955194207743
0.1957911202794892
0.207211015889009
0.08258530656001732
0.21237181703156463
0.241639281853557
0.13872360892337043
0.073839780116644
0.39996255895445254
0.3698799505670512
0.11654752586781066
0.11198353393380538
0.3989602666742808
0.39279308658079304
0.18295389013817945
0.14159146839376047
0.2072117415157757
0.1337107784831604
0.17457351287440942
0.15146916522075418
0.16746610430893308
0.23511594733280097
0.3676263558295792
0.5921686943468006
0.4934575248654825
0.20627229714659256
0.37819826013167807
0.18533886797924193
0.45151349666135315
0.45885447479467006
0.5408446111201697
0.471615847579797
0.43123614629129814
0.7852600684819825
0.3177327163955824
0.1906155064060752
0.08286577533808454
0.12847962704075264
0.16803186817484173
0.09964753372910025
0.19031241504334578
0.18620577205282832
0.13094470851453927
0.12050670863294993
0.20649030556351797
0.6426370311888825
0.18714549255912774
0.10942393442799485
0.1338526956887016
0.125626264018321
0.16712864829610302
0.10573408220831161
0.2004767543453802
0.40590825737229963
0.1254638439399656
0.06794993577722938
0.5038599185164021
0.23835582437901434
0.3714239779689686
0.173901668283643
0.09453510400582515
0.0784830300927674
0.13926778277534513
0.11429969020055442
0.0641296009147675
0.0905340406550462
0.07833997362940237
0.18967233604584344
0.11552258274906242
0.1286482961030491
0.14547794194211136
0.29667510567004535
0.1405649676984022
0.2357239384872054
0.19773258584483566
0.1421414878346787
0.09399796243055063
0.14788092580454798
0.13238985033016876
0.08601438780036655
0.17379476131748067
0.08395147756115016
0.06147365672003762
0.3273651169113397
0.1746974114287156
0.059127917848928714
0.03378883860862454
0.0759255108049284
0.08471095707377208
0.024890329195396358
0.036156695946904176
0.07123223514379806
0.1064405674221425
0.09311988006564037
0.08761987011697397
0.13620057866916147
0.11145213966044862
0.0493268089135565
0.1827813818615302
0.14616509475747588
0.19448067829773308
0.06844374249340097
0.13195027762652342
0.059133017281257104
0.11672484283982999
0.25804838207334646
0.167013530867428
0.09230476372577141
0.07065289445156768
0.08154165507497652
0.13380315428737383
0.13509528485490793
0.07664159997436204
0.06002031850641577
0.1573629702347035
0.09040082355129869
0.12768287225812094
0.1896988826201084
0.34885048100440225
0.18069279843596386
0.16625087499135888
0.0936830323852793
0.14284921583393237
0.09785624888990077
0.18759171694113844
0.09587302891239884
0.2924883427920281
0.04464553003599582
0.06667507769510507
0.16022894967071805
0.3261749170509052
0.30878102677570324
0.1643770852926268
0.19135237359549628
0.12544982263627288
0.14610851837088507
0.16753627914560573
0.09247190351208018
0.1501669985020526
0.12327371225767837
0.20487183477343804
0.09087317512130144
0.5618436052416096
0.22178681723459165
0.2144953530083153
0.17063855348300028
0.2916576045256805
0.18288655558436814
0.14844229431775788
0.21095920150065406
0.2260103740886366
0.2225682620694716
0.2528446365641159
0.1384716794831188
0.21847795916406107
0.12948338853111668
0.26088786266708336
0.3631752907769145
0.15382135044591083
0.06680256350331744
0.04476439494180064
0.04515979588893071
0.10070265313313699
0.1195952334971849
0.05170729360470411
0.21579836180675765
0.23269976159758285
0.20278996176740224
0.36585445833522023
0.6541339293019943
0.20353355076060317
0.20336536126048033
0.5650578835806294
0.369197254061394
0.4541573748479549
0.240015121745339
0.281901168776383
0.18534348912185572
0.4178166149734705
0.10015285093169113
0.2739279308658073
0.1667959198295685
0.10638810745908467
0.16998599322821195
0.07838937911073662
0.09962497961845762
0.09900442887687566
0.19143903680817578
0.08495026903636066
0.08006108755741102
0.06563619412193178
0.10962896403908634
0.3079143946489118
0.31155424958143485
0.4449364316022753
0.1333756525518525
0.3006346847838657
0.31375175782247267
0.25487662159180446
0.22428439441356102
0.2548881741207239
0.6144865198798775
0.35239697161166894
0.17785291310458926
0.34609462170067395
0.11879127609234955
0.15707019327286328
0.17448338049299422
0.08475067717715376
0.07426476861178671
0.12181059066308633
0.07001703656887165
0.15112820129432727
0.42923528452633275
0.3654689160158452
0.2583101833185709
0.2219837524813115
0.12781074308187923
0.042095813871747025
0.34667995390220085
0.0970421972113077
0.17409168583994927
0.2144839475174108
0.1380356626492701
0.12261585033872266
0.20176678986349042
0.5164682863199092
0.20256504505243048
0.06002498412650546
0.04752670930159685
0.03850071408015631
0.13688243926300356
0.13900211968041745
0.10215928690845597
0.11074827675160025
0.13054047468912672
0.12571335398662975
0.12397300711721265
0.09981152021519996
0.16095395817410876
0.11251897432829767
0.2791655704156834
0.48350820060609384
0.5652209359204302
0.25432095579555697
0.2525271208049339
0.48410070602556116
0.7498608560998291
0.71453818853934
0.35100866179012985
0.333447078469856
0.19167126874805254
0.18269171905498263
0.1985384234451054
0.1609326593836622
0.04189183657860714
0.14585418693895827
0.17600791854885262
0.041330899022472334
0.08507262443028951
0.04880156738372116
0.20596590664427014
0.08742137518666591
0.1555254936870026
0.20243515403283893
0.5490787542801238
0.3715927957845838
0.32221644021419527
0.22253922681563068
0.4147346498320074
0.275263979311079
0.44333566664362406
0.4713745100963585
0.40422085296772375
0.2558905614123518
0.5017040631708982
0.42920261277487876
0.10374795072328184
0.2835620318860786
0.2214965535032005
0.12457752858676979
0.10584131879931667
0.15169153655791115
0.13281306752203395
0.07049771513147876
0.22126202511005974
0.09067835877598587
0.3491954416943664
0.15364589605763013
0.5300056551191733
0.37109864297197503
0.27908710839932777
0.17508900899896224
0.22723743990748452
0.6242497055468551
0.5177966425174619
0.7843887379587106
0.8181873909035685
0.5260893874737276
0.3762377057318905
0.2257840504613222
0.3901724355738123
0.07176110390426646
0.15351377792271317
0.17871066114386572
0.13705629651634804
0.06965368920733107
0.1438492204339196
0.12715542886294837
0.15590711960973616
0.22241591978530154
0.215901002227418
0.3398119219613274
0.30270199656609365
0.6453951300351873
0.3455070060889477
0.4163491013235671
0.5630775699277256
0.44617230493853893
0.3699784668159672
0.5497637404196307
0.17927054350832938
0.7149845100277189
0.7487768661348545
0.3157001231163403
0.23104412500253366
0.24651780363230436
0.266576042200971
0.06494127070341581
0.0940639980464635
0.09603782814283388
0.08763255308394122
0.07245146389119356
0.23782793671391098
0.0468637830988922
0.04280973439773671
0.4382284641564976
0.18538986230252763
0.5223829648398814
0.36008564868174225
0.5783335114898858
0.6505788358062938
0.3834399256501872
0.40962222010873145
0.3162938782210841
0.3290110358750045
0.6712864829610302
0.8087411007215438
0.4644238790722603
0.2898255339964133
0.1493155883061367
0.04374702232948702
0.09856513940975051
0.08832988356497365
0.3410391630955246
0.24518791538812157
0.09370464029110481
0.07170855375014909
0.09528289305797612
0.5709372451300392
0.207211015889009
0.39876543014489535
0.3802481721372823
0.5199139391020405
0.44366718496695934
0.45530555483493035
0.524971925387422
0.7719958985455969
0.8576553073536612
0.8974400782651235
0.3283570106242318
0.20484419663574505
0.4728629038891863
0.46806228909678504
0.20516286544425402
0.08163650581305097
0.10378281428338498
0.08364585031795203
0.07322317355000448
0.04643579280488732
0.2609429333768283
0.20400520264664837
0.198158794034472
0.09117166339840731
0.15852845384015932
0.46746239420694646
0.6409587477580295
0.8024146861959687
0.2516054108007392
0.3030235757909684
0.33033471352320115
0.2907806519799668
0.5928262032748715
0.8721785724026597
0.5095831542191946
0.4686661946833654
0.4150148752919946
0.3238604257818707
0.19052098184470703
0.19268547781414
0.2248204162154138
0.2325126365563345
0.14874008506663566
0.09036443765262692
0.14950310156633628
0.1337107784831604
0.6133155561301287
0.5165027390491075
0.20957916011035374
0.2775421530690219
0.4323422587092127
0.49776167523776893
0.1384716794831188
0.531449106657276
0.36705350462830383
0.403523181140614
0.7125088686285895
0.24691451334585046
0.6494261975797856
0.35948453212082193
0.37050461168686755
0.1619731887202509
0.13697974431887747
0.09321986351546767
0.16734666368337983
0.13309594945498818
0.07426476861178671
0.12546948199714653
0.13476193282583984
0.13508666037481779
0.15132789200334265
0.1432678646554545
0.23192462087135876
0.821567256198053
0.2690460496515285
0.36606065584734077
0.34494290190423804
0.46377657227040897
0.6899810960682989
0.5980831997075463
0.4333456878597198
0.919366282101406
0.7509874463158491
0.6226975479200727
0.6174598829954231
0.42352444128605954
0.37942279471710505
0.24016849522407474
0.22503619144170367
0.1778113279828758
0.23799705738088933
0.22276309859885896
0.08664223004708445
0.19262538335770926
0.39486953552052756
0.17585392384823675
0.2853935240566928
0.10938282344627173
0.32333875705977216
0.31900728587183996
0.3266759142717947
0.14831839298086877
0.056807676139462304
0.2547694145432119
0.3351780679978821
0.4905963463752332
0.41532653514276974
0.20358352667119334
0.27404187254945794
0.5253523952608224
0.29339734884994917
0.12878694592464598
0.0987956688792438
0.09762946936464956
0.11098162930832006
0.14115808454418513
0.11821034865900013
0.06961735447117702
0.24827102239654106
0.12470081448073038
0.45697512045699806
0.4271755632515241
0.5734723985815623
0.40656009538790716
0.702405338764265
0.4676745846946137
0.10979077803255151
0.22139185454171875
0.6990769255138698
0.723218653187673
0.3373561561729693
0.2524288039169635
0.3295335167028014
0.3280663327349979
0.1638575212142621
0.27856798347672557
0.3282750962759865
0.1636678381433221
0.19152430838718207
0.10157477732029566
0.1320723952388718
0.1118305509639505
0.146603561753555
0.17763450994642946
0.6485008204778516
0.2757079779369989
0.17631287275780153
0.39486792731085857
0.45530555483493035
0.7824066525354645
0.33202681897579095
0.3214897454911141
0.6431553835056825
0.18138300288106265
0.2372181214915676
0.7229359460880551
0.3655865436038777
0.2761160509316256
0.49318806107019414
0.26199186489926723
0.2097090511299453
0.0964471189058862
0.13786075330180989
0.0953959738940622
0.3200101866545281
0.13127238824386356
0.34959939994756883
0.22143915261343208
0.2835620318860786
0.13565877116585429
0.34995771072229703
0.6572538049584421
0.45719876080221805
0.681558780368498
0.283776556127527
0.07547159846176323
0.15647608099994614
0.22871396130441565
0.416580575274233
0.36046230306699034
0.1899657621926296
0.11168659873300679
0.13432797965263543
0.060969687266510975
0.05788123469341603
0.1339306682071607
0.14308096413322646
0.1287819999774354
0.11127569827840053
0.20975160762053868
0.16942887468637716
0.11427827848162928
0.3763322190886461
0.31518017283548094
0.2200224034141107
0.4575900974659
0.7012112787920727
0.45033722078103133
0.36017942113403517
0.27220313998525414
0.3956992061401049
0.3993578754696104
0.19973204463886204
0.524832415984749
0.3568232882954837
0.18191106489169748
0.27800423936083457
0.4963895909874967
0.17736697196233278
0.1710531698673127
0.05242216433695439
0.2092594791091688
0.22974788501786106
0.07408652701812618
0.15701152139443847
0.4659014313629476
0.29621774425328734
0.8432251752812648
0.18694518916271827
0.4479435408331004
0.18442097016011308
0.39002457283617764
0.2449002375760936
0.2261598237688639
0.6670355979061905
0.47607717459929266
0.7611283221914241
0.36688410145714256
0.45574808983051035
0.26167567925711094
0.1494713005936505
0.13453762429671512
0.07315135675229682
0.06998070183271761
0.06200909711452975
0.17440715359020134
0.2420775761701355
0.1793232579549905
0.12375611134072487
0.24237035725050624
0.5931977575345052
0.4573948760629606
0.6971302788195005
0.36025890896749463
0.3501015265129964
0.5957837333827676
0.2555070568193682
0.410877904602168
0.8163674634373062
0.22549689756616012
0.9843942226677709
0.1663689797172314
0.25970246076742626
0.1314590754053854
0.29195085668805537
0.3810582870618081
0.11525378308067506
0.08480527418357371
0.13133120203787962
0.162134622240541
0.15606406003879192
0.3562845436541085
0.3305192662505288
0.09395704065256678
0.17807654189104302
0.31367777721799156
0.5410537238621868
0.7586284999222328
0.8261604064700472
0.3793064087672058
0.4348704476017478
0.9074812777497145
0.6828017622541717
0.24247800722005627
0.5182837746657126
0.6579906249084867
0.7301174211219711
0.3769002181260547
0.32374249913266606
0.27900773683488506
0.1674944697628149
0.21502323092274375
0.4048410807331982
0.19716870726913177
0.19941205237465434
0.1627069484978762
0.26522147540515595
0.5480102116551503
0.19592125777743394
0.4389907331844264
0.26898605174849816
0.47803851776260026
0.6453635308387332
0.6099676761489468
0.5416683712464903
0.30909960046257917
0.9465188325452463
0.43666428259237083
0.9017307279262399
0.22651678403186043
0.32822290627657974
0.26109268288515763
0.21183920759685718
0.09480783595390144
0.12079864821978885
0.13541496820479368
0.056864569202744866
0.12684156624741913
0.4192766229415803
0.27549885255287426
0.33889255567922644
0.26319172822190356
0.6339474971465847
0.5948562918294767
0.3887983042556653
0.48474329028043195
1.0
0.36558357108894113
0.24598616376297963
0.6338676912673006
0.26639434484070984
0.8209637430797506
0.5334999255197528
0.32676158629315666
0.4270340779390183
0.13562792784282207
0.22081786590639696
0.07462239075512768
0.03658907930713736
0.17661962744004575
0.16820745088595418
0.07251740802181172
0.23054877535773752
0.23544084251925135
0.5471659200278072
0.5782651934400542
0.2939480154863365
0.41916030415500327
0.42598831005837906
0.503261046796022
0.22970820196596012
0.3392590426015499
0.5912639211790104
0.5968423816750569
0.5493208361100742
0.38896335052920056
0.21045357219709313
0.6312054097032951
0.19423737739247046
0.12001363351685687
0.09793782877174283
0.23538867582453732
0.27671563808442823
0.09137833228238867
0.10063524764848468
0.11177237893363778
0.1126577297990415
0.19915068886039786
0.3433882276210666
0.21016912761580345
0.10239677883839217
0.21130097454197463
0.4042382821916641
0.24213638996415177
0.2496767157285429
0.08556592905271077
0.08770317123126903
0.4539377140061969
0.5154725112475618
0.19209561581450194
0.1252821702591953
0.20761181764481346
0.21631713439109812
0.05520135495598557
0.034191693762575914
0.06499226502670082
0.14009727729560653
0.07851912134286287
0.0460118675094766
0.11009662254947843
0.16220844389631525
0.07775183568924181
0.3121836186372876
0.5478558617316163
0.2398098361865267
0.11940320797176938
0.31961654945422935
0.7631089773584817
0.7762947780430988
0.4243316670318394
0.9022519251576722
0.694007717675626
0.3284660148326936
0.682646126273424
0.14237615061165051
0.19439083842421515
0.6743844774172504
0.3936357260226393
0.38608926264614096
0.06838197344193904
0.19785211454643042
0.10306852404559402
0.13305070927767812
0.041126921729332445
0.1409459230944694
0.06293176301883012
0.15458815886404195
0.3825207891733253
0.5950181832500052
0.576375181357466
0.7889577110094839
0.8488378130283009
0.25849022473153965
0.3930950755406568
0.29942102533580145
0.35752905382367717
0.4055819713731969
0.17172338366215373
0.4196952340986613
0.6491113647480842
0.40208706994945376
0.16669485810898307
0.28358913778666417
0.2140709027631514
0.10020479886325839
0.13535900491862252
0.19239670264933026
0.1742064578755931
0.14960583821794712
0.1044460423290164
0.058643471777721425
0.3297733572476764
0.18014762185182395
0.22310822695871982
0.30979944562204487
0.10239660115623002
0.13985193160904438
0.5383172998532534
0.10711357606009035
0.5173849459593498
0.2151450499393106
0.23846487337908925
0.6902820805478566
0.774770239987241
0.6354268678400075
0.3606328959089149
0.15135099828304663
0.14080022287446656
0.19598891244089342
0.09326352894200156
0.0438041237017936
0.13710120245836718
0.09421597084747498
0.33352356106310194
0.4561084883302066
0.10591520946289337
0.24656751954144385
0.4870472552566517
0.30310436899715953
0.6336083935657314
0.24054022293522714
0.720084634150805
0.40478563540803814
0.34057425336804975
0.4649449046265953
0.4298112066694242
0.17552246074688452
0.3946266757589471
0.44585916494209127
0.5757417967949267
0.36688008314232395
0.16931294403709124
0.10032022185058384
0.15056814829192744
0.3190123441159155
0.33200676777370647
0.13000568595922307
0.3882442575580095
0.33422475620849246
0.2815382437727463
0.2590901679439096
0.2312724230737205
0.08589993757354063
0.5188526543098883
0.23694259731208034
0.2703032117692271
0.4926803640807944
0.2277906765114327
0.3190060187431519
0.6592864822559671
0.44234471690731614
0.4828007578353757
0.1816010112979863
0.16274567952425958
0.15374788470419998
0.05838850016129652
0.07529622373139491
0.07188793724921139
0.1301972933311594
0.1519202172662898
0.04941349926314099
0.5243990999213533
0.3125827386461524
0.5864499601996024
0.22250331655967587
0.6402250122289248
0.303126294358814
0.3675343513908469
0.36799790915853764
0.24395141853835128
0.1280467457685725
0.16670044281858368
0.6967722299401204
0.4367801530034317
0.6155322400528294
0.7029186368824396
0.3291468817552954
0.17715132209074638
0.07735838842330736
0.13086520223810466
0.14038015922856095
0.07145875972952241
0.07523595305661215
0.04264842690205874
0.02944922169707307
0.23705505981568561
0.26466945152203086
0.4789898329748331
0.5963295664450211
0.5434978169135205
0.3882414055957177
0.4274882851504951
0.1825086830369259
0.3945817440537993
0.3252480763103268
0.5563039365827307
0.6749137377957236
0.3241520863227599
0.21756745781521178
0.30992984050486566
0.11603758263496088
0.20228843770520288
0.07339616703119907
0.08528000132329841
0.1032633605749808
0.08712763534991788
0.03931418451869191
0.11456876716179605
0.044219373899489774
0.09850346971365385
0.2155551932170219
0.054334451460141035
0.16379257570446648
0.1210095291552461
0.27616089680639055
0.16521220263636607
0.26198960038046915
0.5576777735901342
0.6473741987130234
0.3119332835481965
0.2066799922740045
0.6183420224655185
0.09706769437295021
0.1595618231655922
0.2776781346812328
0.10939023875905718
0.1731530989328808
0.09274162894792203
0.11380469142109143
0.08510355994125031
0.13271103776247403
0.07291939236881957
0.10391281567293668
0.2915350474525589
0.4449197449527482
0.2634995065892361
0.2722561780023634
0.5589434208380885
0.4793912350249691
0.48844855930344455
0.4573409648118402
0.5289892146245017
0.36940081580945
0.6591856242667078
0.4395792644521339
0.447377776967192
0.4477380049207773
0.2313432650928927
0.5866264084639351
0.36103894402121145
0.12661293856367972
0.047603200786524386
0.06031566201573793
0.0664198976896199
0.13814116101051657
0.10798110877504262
0.09252919960058743
0.27816161845449183
0.06160114252824999
0.20816503685524487
0.212494237780053
0.4749213866797486
0.19573522366191567
0.5416683712464903
0.5097831403880643
0.291094573103325
0.7005543779553243
0.32094472444880323
0.181616282379439
0.33433119564974695
0.4094008774680794
0.08587444041189812
0.1449418672423276
0.18631829788637105
0.22315777264873282
0.1219030397968679
0.2131048399779551
0.111805022424545
0.12856695371912435
0.13245946510584103
0.18097371660750078
0.15064381609472852
0.27838064899974435
0.2751508234143165
0.3464795242911192
0.604215918798822
0.30136188053833124
0.5094975243463671
0.6682600329686909
0.6403880645687274
0.18694518916271827
0.7460940165316853
0.6684337105911167
0.608084808216066
0.3825249162805048
0.3485625510729078
0.4136379518880833
0.2212136715702454
0.08766093821185805
0.061048718188678526
0.09263172557530693
0.0900239721984387
0.03546270248636156
0.052649056974781144
0.09457258077783708
0.18196987868571374
0.10861670868221464
0.32712691628901286
0.3223584050020686
0.5769170068048981
0.2668423023154098
0.3226161223118892
0.578562192198263
0.23424242400953327
0.9059772253475159
0.44058797500188923
0.35862357050278654
0.3802960180338793
0.1613988979963301
0.10552234332339008
0.07757466168891596
0.3780854378528846
0.17462637354842594
0.10224859446550337
0.13479324105271387
0.09608178891003068
0.09727801530257625
0.0724709336211638
0.060715344113432566
0.2566964359555523
0.23802885654524017
0.5198551253080242
0.1856920178934757
0.16144386457410642
0.18379579272150712
0.32706558733056756
0.2836486950987581
0.29508823917240246
0.24893610099976482
0.15416598728191758
0.13359291364951922
0.14728017832922677
0.13156807961384756
0.12551694857611284
0.21734876895483513
0.13261478849559352
0.05239666717531188
0.10933386708682877
0.11952378357929876
0.03906165163629094
0.12127404326113195
0.1085559417712046
0.10617009904216033
0.20150558771408367
0.08263630088330215
0.1981436720401329
0.16019892385455736
0.1817327569881143
0.06909730805114134
0.210244953959544
0.14540133835054067
0.31624177042439783
0.21908138270985214
0.20954284762290812
0.28120104440308247
0.28033156315958824
0.1763920046048101
0.24692282824281495
0.18865349899276612
0.6334583401271803
0.2163319501263075
0.06675156918003242
0.11034242114269968
0.10306852404559402
0.09185439895798697
0.14430892276579074
0.11209594990718041
0.22927580665944214
0.09984785495135419
0.03829673678701625
0.15977158825396057
0.11142564873596712
0.10650164418067053
0.1676893062922017
0.17732358895844474
0.12963995852934054
0.1528269642785492
0.41676338977388544
0.268073273125238
0.3165946531884936
0.2192285724324374
0.09776400698894619
0.16236308815812336
0.07419674037963893
0.050943328961690196
0.07357784071196936
0.12828987740048464
0.15066036197619445
0.14620319955682085
0.2581933800750039
0.1404572797657706
0.21045079180430928
0.17207362147549857
0.09529893891891147
0.05944362834804053
0.2312174514278909
0.2514363741860884
0.39500781027291154
0.6455656397532409
0.215392140877221
0.533996412848524
0.41286618114676926
0.14482724835705313
0.15537970304931922
0.31273307407798495
0.5431166823995561
0.7320441575005229
0.1455641401897681
0.20200129240123788
0.10917340196637908
0.13964768591662965
0.04862308725222379
0.08103649570138809
0.04757770362488187
0.19916843306701498
0.14613830881162526
0.30246209033099647
0.39825533996412865
0.2803359955576901
0.1889099063796105
0.20820110265434924
0.3153432251752818
0.3624608901691629
0.29504745100134505
0.43366271624631353
0.45316893710391065
0.29186512102136136
0.513077105895824
0.5458992336540022
0.2667312087304688
0.24575380906649472
0.10270991883483983
0.09204358763514618
0.11377419870932474
0.03954609770749823
0.11782032507545714
0.09574885665815856
0.09098493934285705
0.08887956899173398
0.4262188162400139
0.17175728805155402
0.11637504501665853
0.23389858144464468
0.2787379748899394
0.29511657655455087
0.16458436038964816
0.4231764675121401
0.30315811341526505
0.4970279864656154
0.19791530783115918
0.24465024939315494
0.1924784944938342
0.34612407607350437
0.28465616943405075
0.1428860938445003
0.09915011750047469
0.03452315686392816
0.056012497582199
0.13934277830545794
0.08847132453145067
0.02524219002606271
0.05546140775715208
0.051303680731814
0.09000498059798114
0.04454354138942579
0.27517340028127485
0.09955717706212172
0.08455093103049531
0.20813038217111002
0.14115808454418513
0.3211315832382192
0.12942519457343982
0.2545461005015421
0.2230228806380402
0.37991043595759716
0.3693023634718115
0.3468547360652169
0.2968547943786612
0.2793897997895118
0.19702726630265507
0.1208196409267785
0.11488860682839057
0.0804572702139808
0.1171686635421697
0.1076147097312851
0.08266895906218817
0.14389368987444967
0.09305476894436969
0.20609830766198362
0.1795206261209852
0.25643247222305315
0.06483928205684596
0.084038644773639
0.5599310171197923
0.675946378794249
0.4476154934876529
0.6830891476013448
0.5835643241480513
0.29121147888472165
0.21234019808432067
0.3616815440516154
0.22263779337265757
0.1961079000205541
0.1400225191192822
0.0998916588668107
0.16275351341138652
0.12444998813799968
0.13027881950105982
0.14878526006848203
0.07614520913619484
0.1002838717852027
0.20082711772177977
0.2787379748899394
0.12592033298840127
0.11004060860406294
0.11711435867143323
0.25461651885125314
0.18125659854045412
0.05905142636400119
0.40872865277563775
0.5813922036900804
0.4221305644510222
0.748084135007338
0.45118254488170184
0.13238126324779556
0.3666514024339467
0.28149755590349307
0.25063001106801386
0.3020615660592683
0.226234825880184
0.1326187310025854
0.0425547627813118
0.09949652100683697
0.13606124390621763
0.25537166497447544
0.1689512344569431
0.10446187124927152
0.10940832060791426
0.2405203634943755
0.30303277352030045
0.226234825880184
0.06856186765664903
0.06295249209530182
0.18961910934191337
0.30926067320226575
0.191447039374226
0.1955559277815777
0.09854652974821441
0.38875049636241826
0.09352358890464434
0.19065006783723007
0.30540116148121693
0.10040575814397505
0.11552258274906242
0.06906264713898046
0.08522626903317763
0.07609301913678684
0.10263007055803851
0.14086681074662488
0.21767764740831802
0.4649449046265953
0.5241317462905593
0.12248439557533282
0.1187070305044682
0.10878620004525251
0.144983818355277
0.4502723147977789
0.2761076600346946
0.4398759378455004
0.5826675362791455
0.20438219655946677
0.16656066465350433
0.20718794141694033
0.23396776734582733
0.1321012225401306
0.047344161208738786
0.06904736921671399
0.044473717052568175
0.09162473715708998
0.08875420646440507
0.030673085455912543
0.12447853226083849
0.08300036151875817
0.0786647037735377
0.23633058097595835
0.16081837888450762
0.16093497327346074
0.10322698541368161
0.2422137872522824
0.16957443339311923
0.07503814671384096
0.12702685930287308
0.189249591510713
0.28857047453553625
0.600358715147563
0.7092517325659153
0.6277016494348637
0.12990803856847413
0.10279096857983291
0.12832219142344697
0.09085876820402414
0.07668426420967764
0.09000489157019409
0.07277137725248821
0.02463025814664306
0.031208525850404845
0.05475644738416684
0.11489043571913447
0.09592521891180684
0.2627766470190141
0.6605823396034457
0.37849602629282514
0.17616472374727718
0.13093102886026423
0.06696491873193076
0.1501669985020526
0.0669555464731723
0.06817941023201177
0.08327372992436449
0.10073928564946845
0.20324150443757097
0.18279327180193974
0.21404514304251918
0.12644890757200494
0.084986947864344
0.14772541985977508
0.03827123962537392
0.1277562890809341
0.11268045949534071
0.043370671953871336
0.18938529267894988
0.154952108242195
0.1765141482364185
0.41930174512147994
0.2586248072034495
0.13036903332076366
0.36470553206130457
0.2640499912746747
0.26470767699710696
0.13013751302325652
0.22764923554495606
0.4121444253245587
0.4896465744453601
0.49470900438792975
0.394958581994622
0.34895222413168064
0.5543845715083274
0.3590412522419704
0.19678369847132854
0.2370656676859822
0.1533072232293625
0.11104044310233617
0.06645623242577395
0.16240013044187188
0.13300840406135891
0.4638407034949196
0.42770915157107575
0.6160021157231825
0.5504344650676755
0.7995548001775575
0.19273304485556378
0.29358466812479594
0.5028199599642516
0.42809586136712346
0.7189444326033002
0.3258965681542473
0.7169140207674145
0.1836815524724798
0.10775100510115251
0.6090690587088526
0.1486192289731046
0.09122811896509161
0.06405813983960593
0.12524080128876788
0.06278642407421389
0.18710587617421848
0.061878055670362433
0.08752262900712725
0.14844229431775788
0.2866131545013797
0.18327622864314275
0.1573455079080386
0.06242307671267331
0.0590490491921321
0.0655646689072658
0.10851591995042721
0.24832871351703922
0.4689385292678955
0.3900530615913723
0.5476205385963757
0.4381890423344007
0.3818779645463294
0.43881688458111895
0.28207095610106225
0.35557916162242775
0.1510539796997054
0.12295399420498013
0.11190111337779365
0.042223299679959386
0.04462003287435331
0.1501873475729143
0.15204630686450352
0.1871533378768988
0.14605074575123492
0.1908507615821403
0.15204630686450352
0.13521291244294012
0.09331571894140936
0.12073370270999326
0.12630678306408552
0.3594722163016501
0.20558193715966655
0.3514124192460064
0.5231534322517523
0.6101201299545322
0.5978475986048719
0.28820712717399566
0.46975379096689984
0.4780694602967553
0.21508204471676
0.08584894325025562
0.17397120269952876
0.2348550875049875
0.11690559867380157
0.07520653198186375
0.06380379668652751
0.058571594680343134
0.04214680819503204
0.3000505982087931
0.8881246035356167
0.14648119363609102
0.22934180355113393
0.27335565072961926
0.4721538562139059
0.3746720057496521
0.23697514919677357
0.37538504661848315
0.6225524139491297
0.6900904754419639
0.805804663296918
0.3966299798577079
0.6606585665062393
0.2767777146396157
0.2379744260977866
0.32053412624422895
0.13489639129483955
0.14736136172618328
0.10839382237161307
0.10004822886503455
0.06136936936420562
0.049923927475677095
0.05090006785892389
0.21074704005093817
0.3007151315180703
0.2568889613565951
0.20764505757916965
0.15121026441531046
0.1276762054575826
0.5465468930252376
0.14938160884411933
0.06481378489520344
0.17114356943733874
0.4957135765245645
0.16203446223800852
0.4816849729915965
0.17676752799471673
0.05828651151472668
0.10798886643549657
0.06594754611961713
0.044696524359280655
0.14216317370879605
0.06176905146190026
0.10254895996722949
0.06423981352037622
0.18040795274159055
0.1720287756007329
0.14079710259697853
0.2915805523926235
0.6199886235064219
0.3245976579583355
0.2545248267591833
0.39952210275115
0.35455731289744
0.2303577002402045
0.141087780486211
0.1466017083369234
0.13087771962692046
0.0962517852003905
0.26402920700480487
0.3251603739720561
0.19818994726159192
0.16492009372836444
0.07933235246029632
0.07587922010334733
0.05995231465419734
0.1362345703315759
0.15636298844047763
0.07036317750718195
0.11980369841073035
0.19541822925158947
0.211995777595081
0.2512525280366416
0.20231945141527385
0.34567096037828066
0.33270007347514075
0.3397433057480442
0.12468112043176434
0.22570928769512275
0.10127472604396057
0.41338352447940097
0.16114455484325169
0.2578396729664408
0.33700303971206824
0.2844235078617042
0.18563982789406716
0.24354566173344575
0.04260575710459682
0.044722021520923166
0.12856676993314867
0.10313346955538961
0.051810232457534744
0.05788123469341603
0.12539100884225682
0.12431276485016472
0.24075300481223486
0.1741784728818225
0.39264088885126947
0.15176851827831014
0.18924801314641346
0.31092953649232136
0.09630277952367552
0.12709320908563018
0.19620551350552703
0.16074013674407397
0.11812422723684565
0.1663689797172314
0.30490761117168064
0.37764337137717213
0.20207751930403145
0.07229155012210149
0.11555726961182297
0.07734557912257757
0.1408277206035692
0.0682105755184346
0.04966847087956571
0.08152077907521345
0.13106003876749142
0.1495901087462608
0.14755619825557004
0.1929302909688801
0.33547329628087236
0.31216089207018954
0.30564161095711806
0.19533554156422175
0.0944924810470589
0.3534159465188321
0.3090107356073959
0.3381712695056135
0.26037514888890945
0.2538708015084106
0.28551835669859466
0.4548952033526989
0.3237356561615315
0.2645880069072156
0.14126945416698128
0.13479324105271387
0.06010769748442141
0.07572768914093132
0.05773655820827553
0.06169823430580613
0.16266821056009156
0.33740742553121694
0.06606314581568525
0.19922335833270635
0.5632179285119692
0.28474863676975865
0.260958145260861
0.13288378800527245
0.16908527637371606
0.1172266451810318
0.20750186254030037
0.24895879007001598
0.3650168558591825
0.33730404485867227
0.4925681657566377
0.38798304255666094
0.3113484428501559
0.1519160299435034
0.06517074515819819
0.12938817652992554
0.10202939588886477
0.1388344667119496
0.1144928079949661
0.1044323797513014
0.08522626903317763
0.1948189021026603
0.20784750023815665
0.13323947747693424
0.2326445073239928
0.38585095654963675
0.28729822272949707
0.20220182382724128
0.1859007778911081
0.3603826338557036
0.3619474332149998
0.7857753493615772
0.26629728127309893
0.14273311087464544
0.49796184575248725
0.21974478635130199
0.30765177967222523
0.04734822917009948
0.10886433272374163
0.12621440195848174
0.11605762600471117
0.07924266071076518
0.07797185911547294
0.05693653155341052
0.10300357853579845
0.27446239455477184
0.07557625120044274
0.16852150808826116
0.2147073871122973
0.11587147359529404
0.18548437597619175
0.06343693816650911
0.1427918383801432
0.17805315506277516
0.088483140145381
0.08360837905153122
0.32991105430792683
0.3514822487781547
0.32290972646730953
0.11254447148994019
0.1268689797118024
0.18645855862312646
0.1306207325416383
0.0777369017731703
0.04103397541049814
0.03142954677326109
0.055520221551168175
0.0870965287425152
0.10676907802067524
0.20731862390663902
0.1409459230944694
0.22041747447278517
0.20180643644507282
0.08513502272426594
0.2524499385342745
0.24884116248198346
0.12709320908563018
0.22152913391274112
0.2653673530247612
0.40785780151627604
0.4428020783240724
0.24667652374990567
0.31816805248857233
0.36369485485527886
0.2961030490787551
0.11380469142109143
0.04421207828807337
0.06456682614576274
0.1476741144052198
0.10878372890760554
0.047603200786524386
0.11790621881992149
0.12911167347362393
0.2400253201117063
0.06685591452346859
0.11930490149449047
0.3187046805771987
0.28853957161336535
0.3567848379385845
0.31077708268673593
0.35540583519706875
0.40311677930119927
0.057980545575016765
0.4038806456872651
0.48496733815235255
0.11573161669525113
0.4154018271354878
0.5305521880215694
0.21491996435125807
0.0988015013646393
0.14178203919483146
0.06384013142268158
0.11018251288569163
0.12568507781233706
0.12669166802543624
0.09480783595390144
0.1541806402547198
0.1364905326504396
0.29626610141855597
0.24440999007249722
0.1866515396234011
0.34675618080499443
0.09074439828561333
0.1712818505756915
0.14250774498614058
0.21315153648104862
0.25504983491464883
0.25082513715459365
0.16528632242976488
0.5689439912384195
0.29759779772130424
0.26194358389042943
0.1763128261600243
0.14446757553609227
0.13656562970530972
0.02978068479842549
0.07100336517152399
0.07988579412698037
0.058972325316726734
0.10234925417404023
0.12592164802276076
0.19010989556554195
0.38781787673906
0.6433230066851467
0.1329422008039302
0.17860761730562544
0.4843457403462136
0.5965979966005749
0.9797815098646663
0.2923197395899299
0.5067198045348114
0.37005951481524624
0.3894417755821017
0.41841201156278357
0.4200102343889902
0.23005933754738206
0.15642103914322392
0.04551856288705534
0.03833314664253216
0.04690878500478796
0.09635080513025107
0.021545101587901964
0.06074889510193139
0.020907672546839808
0.05968808785335282
0.24033914886678553
0.14217782257083275
0.08160781740201642
0.18753919223761423
0.10350427895893938
0.29868439954989734
0.1980874488004868
0.31394803245777037
0.15859234541627268
0.4328107101642433
0.1523878834301233
0.24591349429067116
0.3781852618980659
0.44200302024106075
0.13789032370465387
0.1885853575096843
0.06969048938569837
0.056391510511099634
0.03939311473764336
0.11708452268992539
0.13196927590462967
0.09116138072490532
0.13606124390621763
0.1091584016938221
0.24815817568414048
0.2105533427572885
0.14215294013683616
0.3247187347138439
0.30169358149573816
0.44179031469101643
0.3293929501531246
0.43416342742661396
0.24596445458992383
0.2953030214197731
0.615151105538865
0.4865673644802918
0.246022498499133
0.338869666155801
0.14493926251854133
0.40453617312202733
0.22359108871212854
0.16794390999510847
0.1655267362171183
0.06761894398270382
0.10505846880819747
0.04265675142788165
0.11521333437736851
0.12646536683891207
0.1682083680918135
0.2200224034141107
0.24649336720373463
0.178307198067913
0.1465379909093199
0.09816407232357714
0.10729205619158773
0.5276373715962825
0.1496287283025844
0.12001266005585279
0.13126272660940852
0.2849808969830296
0.44423562819316653
0.3139572802869717
0.27751216335653595
0.35749225501385945
0.10490189880997364
0.09307304831015548
0.06897213140291177
0.03517202459712909
0.12332175164238711
0.03295560569173154
0.05916667678016428
0.0863650808643785
0.10816850953063352
0.08538283903140148
0.2515897603130603
0.043957106671648656
0.07215446138289547
0.09248240594891367
0.1496506840927126
0.14048106775285282
0.09248240594891367
0.03448166461020199
0.057408999348741906
0.0720245703633043
0.09706279820061395
0.12609497444811907
0.0950732545030119
0.06659858621017754
0.0644259457172207
0.047545089460639726
0.08095548671123436
0.03663942128025468
0.06345176307028703
0.04045097903854572
0.07622696885700303
0.09231077928222628
0.20919118941968948
0.36242555542407817
0.22567100581642768
0.33882858291452994
0.12229239494508741
0.10070265313313699
0.05163851114610768
0.0787826183277667
0.02159609591118698
0.060317701559693876
0.04836153382105259
0.04644909947307284
0.04958049943754966
0.04309688564971434
0.08926310905949314
0.0790457391575953
0.09759426686922618
0.041330899022472334
0.06766672101744664
0.07515972615381927
0.06837553180524941
0.06540012836415453
0.07043365818065817
0.02972969047514048
0.07018379400811964
0.05027222561220582
0.11131660378963351
0.07623798710147194
0.10572911946852585
0.0645332137876576
0.031336011658617206
0.12482165291607551
0.04432837810795195
0.0644214872011465
0.08318909769013544
0.19117707220464342
0.11252163872353402
0.09592521891180684
0.4902168596119358
0.19566521844444942
0.0491840248083586
0.16448677766496891
0.07998486654282229
0.05871374933394046
0.0757416375485082
0.12592164802276076
0.05891016253772848
0.08689866918392887
0.2441708788521124
0.06586377925282932
0.12844932613109236
0.1104527821469413
0.057598088150379506
0.17970422560438445
0.18332993604165712
0.3080877210742708
0.26016241923223693
0.30749932586663975
0.29816483547153294
0.3584700745279339
0.2943330503935934
0.3858246228474404
0.14487943835646114
0.10484965520190652
0.21613805242172343
0.14922021963338206
0.16881993829892494
0.11709826388599118
0.14837762921897932
0.08428684904383459
0.17104190445132889
0.15771346187855179
0.11079703971126881
0.2934126854720362
0.11499219900761894
0.07095860085104296
0.14132954702061107
0.19702620995382733
0.19519059778572145
0.252472125161694
0.22306005746956523
0.13683661635618619
0.2612631370361825
0.2207799226623007
0.1715958978539414
0.487759172896415
0.22765277741746517
0.16998599322821195
0.05415597132864366
0.09739564289060844
0.12563182781672913
0.12196315017120493
0.1167796150787537
0.08376494904975505
0.1257410191981769
0.21343551279960868
0.062366057377524674
0.1332720572404098
0.06968374276891846
0.1042806927621493
0.11629255425138577
0.2083424776365241
0.2877873797488997
0.4032541058920207
0.15450383688021038
0.5438610794064904
0.1395459656693345
0.5730474482308832
0.22065931749680084
0.47604102724640307
0.0902918193428365
0.11810596866018429
0.07322784823722435
0.05435994862178353
0.07651956286413236
0.07908038480352195
0.060754649218598064
0.02674652256296941
0.10070265313313699
0.12569816270552536
0.17791359111867558
0.05714804935170205
0.12326756888961356
0.06775022294254976
0.11392231900912361
0.18548325789584333
0.3072706451582608
0.1397797299846649
0.43708506061460434
0.13921450256798207
0.4390449723299466
0.2670559362794476
0.5615206369142438
0.5883565508785426
0.31855772554734696
0.19651295540014885
0.08694532120088254
0.06583854191115496
0.14308096413322646
0.11998114499605624
0.11011179240245313
0.07408652701812618
0.11789104555869566
0.13610722991351004
0.21770403437657976
0.16232607148434744
0.08763374456522971
0.24120762338080345
0.3511011142641903
0.17996649543423932
0.30719060818522725
0.45364438592216383
0.31827117321126286
0.18723152714626157
0.6571009293983379
0.1696326164074697
0.4956826559674209
0.38370130449423184
0.3772230575945315
0.5663623022990383
0.2732757215066038
0.12998424819249116
0.13766578644401378
0.09839547738888166
0.07828499911192062
0.19889207309857912
0.11831536845812708
0.14793410404325705
0.21252060498666153
0.25331657066106594
0.1937731479095958
0.21761103785945074
0.3824007741260304
0.8587457744373955
0.6510140536455464
0.7444369969136365
0.42279526876926166
0.38186857981412003
0.40763286538711657
0.3835681808527285
0.2615240870332234
0.386270992988749
0.26924954900555803
0.49580023973724224
0.10555824919989845
0.06726881214835756
0.05699910682704169
0.06650420203067955
0.07351724252008493
0.050462235265786186
0.2627628608430907
0.09922083798371337
0.05184183122900093
0.16236377448896352
0.10908201532691993
0.14193706179683682
0.1786128813316654
0.18104443709073822
0.4853252894179041
0.44877347268749557
0.2793459087923499
0.4261313451658873
0.36011099591483486
0.6763707016936809
0.7027555845426388
0.18065630815798148
0.30881589907800855
0.4804608510930399
0.2681359800291967
0.08714929849402261
0.22073120269371746
0.06499212409624548
0.07820880226553603
0.07552947609879249
0.0721106500421025
0.1318147464849409
0.047235157000276605
0.10637441494393596
0.26189622871629925
0.13261478849559352
0.1535961306665595
0.21751182129463598
0.4273363017207384
0.3488223331120891
0.29812341682311116
0.36146797304402667
0.2859490067561426
0.2867715595324008
0.3552051359704872
0.1630702958594168
0.12116251212510099
0.3339133584526484
0.2100147749704602
0.2020484206125937
0.1788599339770423
0.05573679535047788
0.10813161887177299
0.06471559926585443
0.08967878689059199
0.16085113321376157
0.5112262915941259
0.5429642285939708
0.262502871205054
0.3876896891138388
0.19843774101021247
0.25948867705631345
0.30907568111719164
0.14286818255775985
0.49358587444644864
0.747556872570086
0.29472272345236616
0.3745154357514282
0.263897493750097
0.4055838353382796
0.2676770290579865
0.10883882370415883
0.14186528937657095
0.23819515729787105
0.09330760244362352
0.13843143649111367
0.05610424936354316
0.06151922854080709
0.04312933181486802
0.042758740074451684
0.09558885899768584
0.08131044847789283
0.06784794713065935
0.08627983582157163
0.18797504444811808
0.16597252671334356
0.09748609710134022
0.2359984910468807
0.1055119464648258
0.07423271769635414
0.1092553376380592
0.57106790215145
0.1353305400309723
0.22842716086058037
0.13591867797113288
0.06476778926526244
0.05876593933334847
0.13093102886026423
0.03386397409558299
0.08389042882765371
0.028760798332725903
0.05934311816221256
0.037606451919450994
0.08822069102410178
0.12921485010456724
0.21808250448393995
0.14609489646176435
0.12122941464210008
0.09970650578835806
0.10962802053494819
0.0381947481404464
0.09098865922361513
0.09627457822745819
0.06143845226662377
0.1409587477580303
0.12112454853795
0.19113463532840744
0.526270536882321
0.3860130357433474
0.062241403031903016
0.1127284502822802
0.11699533711681143
0.034081982512507346
0.03204723728788008
0.0623047457331799
0.0823300520451636
0.06742214250774496
0.03679240425010955
0.24628912292392538
0.0414838819923272
0.046072445443346745
0.10397349540954301
0.10504372222138451
0.2717197283542343
0.17487908510948588
0.3379865294485654
0.2234972789888414
0.2724604598075976
0.21018127618502971
0.16974163598768874
0.38121637045491646
0.36892529637501226
0.13973974576952136
0.3225348463841156
0.1683962597447216
0.1778373642158827
0.1351468434689068
0.1237746143529778
0.12021413863162872
0.05196321542738962
0.05293210756980419
0.1589796463203047
0.15707019327286328
0.21564590800117045
0.1537322686678236
0.2868348734163623
0.25537957101115477
0.615742126085144
0.4953297732033232
0.549665073764498
0.4739373846235674
0.36887891581536997
0.41624341049781205
0.1999268061154366
0.16110822010709744
0.2354649027273309
0.3251172220366999
0.15262179547169613
0.0962517852003905
0.16495501764387915
0.1437742698346593
0.10858889237821895
0.24343696441564724
0.05836300299965402
0.08408601518544698
0.1416295853892457
0.0871238013323801
0.06889065974809584
0.08015442795585408
0.11237484786608727
0.12475093243283701
0.21290593433816513
0.15747474649169163
0.1391983742062
0.23224606695546288
0.17400145802609562
0.2903217624750512
0.4589049722156068
0.7166853400590355
0.5492148346229904
0.36035211593644745
0.20505450767382347
0.28884848785950507
0.122593399783795
0.30605101471357393
0.1654981248980923
0.15908554612882422
0.12456761572603187
0.05053537437541043
0.31298766286773066
0.34858562647202296
0.11960394799977975
0.19922335833270455
0.11111663043796083
0.3160737253477499
0.23355400064518575
0.24420576169143007
0.7417250937550948
0.5659651398166218
0.5133267941722414
0.4403388757983009
0.5922068077981975
0.6017351706473114
0.522972256390876
0.39873159547671505
0.35629842272670154
0.14790645832212213
0.12973818855355015
0.1600906816461181
0.1372900701125061
0.10295589666279406
0.14361148486186157
0.10810370128811359
0.09825647770007406
0.3974400782651225
0.34481932608830695
0.3459155388879828
0.48765389774540646
0.47773917005632593
0.30327608655958044
0.30745128651221565
0.31359747809007404
0.1804179157822413
0.5262658288557764
0.5946518832545252
0.48891906965557286
0.4043159254133666
0.5180380313806856
0.48907549323332783
0.1700107112362822
0.06756747835259212
0.14462338822287504
0.05377540950800727
0.1101730887501764
0.056057343456964656
0.06732590004311834
0.06081346301261416
0.044473717052568175
0.09610913672121618
0.08110422194815763
0.20503297442466253
0.24242981654181678
0.36735095742436047
0.46568762101922623
0.3267219474972992
0.8096943960610147
0.7388673687717743
0.3200363560449518
0.5030213315304808
0.9176956827239656
0.2347778644040254
0.8797182719057425
0.42708099827772156
0.27229740746779674
0.13585056845888638
0.09465198768132367
0.06798874588257457
0.0382968119063781
0.060122879317955034
0.09194966865254595
0.10624909874460053
0.05090496535183666
0.13893252002374096
0.4225501385944897
0.2928926942000186
0.22425465234950534
0.23520300016305165
0.29805967715636744
0.3242070786325869
0.14352249837185457
0.2074717311538124
0.08227934062030741
0.2435479210205369
0.1146260559008013
0.13538935382498823
0.09040082355129887
0.09243556877592612
0.13103713306779935
0.11929002687642061
0.10263007055803851
0.04156037347725472
0.123265802284827
0.12545813726522267
0.1143550213967672
0.11463790332972143
0.04474751868256567
0.19967283068455058
0.08883967791059746
0.19679095477776404
0.23555061206184638
0.1252096823454761
0.06728700957452471
0.2716021219651389
0.22107785554443368
0.05920440933385606
0.13080536519265087
0.06772794819116598
0.2357239384872054
0.5461448912332063
0.43464579972523065
0.16620778188940794
0.1906590678940638
0.12347796373454271
0.06699973689976409
0.17904619739506042
0.11329421414818865
0.03799077084730651
0.04031101255677292
0.10410765220232346
0.076040829137379
0.08217837925974236
0.2259365398782151
0.09513117468556441
0.057071429973525746
0.05463801464092714
0.06111502621112721
0.09546714495353008
0.14420758589805502
0.053811744244161325
0.06132324930433793
0.034242688085860756
0.06558419875807638
0.3853742051198433
0.17494375746049518
0.4341268547203662
0.1592089404014958
0.12943640102260168
0.06904739417486369
0.0707256601673925
0.11007164763297671
0.06202296185478407
0.034663338290972276
0.033427957261734295
0.29621774425328734
0.05004799623837801
0.06487216926407827
0.20090951894976128
0.15507703493934685
0.2118915550004474
0.2632923590971956
0.2105533427572885
0.151925088276534
0.08069944899816496
0.09228762432740906
0.3611619799732511
0.127832515983727
0.08296486831630764
0.14319287812647036
0.14363330145753517
0.06347678406114099
0.06789166390902697
0.033972978304045165
0.07118027873596164
0.031901898343263846
0.02409481775215076
0.043996169500899386
0.03143800030518724
0.21067827002293973
0.07116257814418284
0.1987608022175119
0.12333652276806553
0.1432542905585846
0.08689634901423188
0.09771916111418069
0.09032815407899056
0.24057210521445554
0.08476893944741966
0.1098996309527374
0.08115544907935776
0.20113624383692894
0.28967109934518226
0.31024470029351187
0.1518929778309913
0.060461000960354165
0.0767312917238932
0.10605601749619097
0.07502714848280145
0.12677319419533667
0.06551152928576844
0.1510539796997054
0.09527506287012384
0.07798697621732918
0.19941205237465434
0.0930551901385612
0.11800599129857868
0.15746705743796022
0.10458057995331323
0.07717975047154879
0.13120810399618707
0.0979249670367531
0.06955595176140174
0.14764389368987446
0.08653101901837637
0.2972449149572066
0.40787542801239296
0.19962304043040027
0.15337289169825508
0.2149845100277197
0.0574027196999318
0.05568672936827965
0.04677424738049132
0.03916364028286097
0.04753662725150604
0.08856980335806014
0.07958088651580866
0.03600772352867243
0.10467960215229088
0.024936224086352796
0.09147236262840379
0.11034242114269968
0.10498262231868113
0.1255457088999394
0.10892052876438565
0.19602637545555426
0.19470663836716579
0.05415597132864366
0.12262844594095412
0.13429318482540195
0.24863675717639422
0.15542181823686652
0.1205949892953218
0.20119244771763595
0.10930329298597025
0.13557116636833805
0.0787826183277667
0.06361960927828754
0.08674987589179861
0.025879619067124864
0.05229437940676297
0.07004722867313691
0.17413653171471477
0.06798634614460662
0.1419371936330344
0.045091407567187165
0.0981602222128173
0.03016314222306275
0.241639281853557
0.13777922713190946
0.056469579359398676
0.08674384477417245
0.16484591553888808
0.39681666822641043
0.4108630060538388
0.349712789614728
0.20451341034629814
0.09995113957540593
0.07210571146369925
0.08323821946844931
0.08516237373526622
0.037606451919450994
0.051720289413275604
0.06769467691249412
0.07940648948312405
0.04174861184101381
0.16223353413531183
0.0850585312393386
0.36238382520789103
0.10917884615313186
0.16332867589621217
0.2227469174731175
0.4780951343171957
0.11939200185261788
0.05879294181766443
0.05977064097342705
0.2554423854577147
0.07572657007818813
0.2966481770006264
0.2874612750692979
0.20873486848301237
0.16996239913504713
0.07702964064660507
0.08727967031984483
0.09274935316333911
0.12765491227634315
0.09069087037277676
0.10728297307291032
0.12548833195936523
0.03648643831039964
0.1809979505538475
0.14872521743189066
0.10395368013676276
0.17852340634101901
0.13224730365612533
0.15514430132072393
0.1751746369819371
0.18918579327851762
0.05114730625483008
0.31855772554734696
0.15905036680354323
0.11126261529338324
0.20944073047448275
0.15797385072715842
0.12948338853111668
0.1974563834991031
0.07873737324584582
0.11312072374469348
0.08228049782847895
0.10636360679080878
0.0816773490734373
0.12734387738464048
0.10521172586884849
0.07484776498373914
0.1178450186631446
0.19117707220464342
0.447962146338369
0.07070739655579876
0.0764119501319861
0.14268528502090122
0.15606406003879192
0.1645609956569579
0.1774824718734714
0.17783291241755325
0.11287529602472748
0.07837827488900677
0.32394708899454844
0.17054886173346911
0.12302380492500259
0.413502665495917
0.08465993523895748
0.08800273096513084
0.16223707810207083
0.03811825665551887
0.06767242502124766
0.075988639137971
0.08073792908409425
0.18454533166165935
0.2779995144857799
0.11566795294593765
0.08569597902784916
0.09206858089371868
0.15522582749062455
0.16761931294579344
0.16327301162610178
0.074486209115821
0.1909483914962644
0.20192528554234923
0.2780892694213103
0.14755207442507562
0.12453699422399254
0.19620551350552703
0.09097387274039571
0.16812828387056303
0.17516942261813054
0.13293971847085267
0.11391442418145692
0.13088159209544395
0.09206315895561863
0.17341308857091825
0.09222002901719445
0.12912837333120672
0.27365458102658413
0.2520061406333934
0.17038969509212468
0.1078056844314525
0.16373538719919245
0.06126036515574345
0.1345181803358878
0.11400141898057448
0.15021030639872213
0.09032815407899056
0.1768464144795747
0.26102930363356
0.12885710853822152
0.20625844617630473
0.06203459427617225
0.13467216192101175
0.11755137273000975
0.11464526180055189
0.11683023831011709
0.13469698731604424
0.07453384386038019
0.07677148912909021
0.12280177236631241
0.09160301580182935
0.07871395787224947
0.05097763482414478
0.05239468953415305
0.06834511314273123
0.15332200766121915
0.05703715059424469
0.19947445095726318
0.16011891818358176
0.06750993977424163
0.08787127475342701
0.058317251527264725
0.1002838717852027
0.08314425181536995
0.0587964547475763
0.23813794227947105
0.036715912765182025
0.0421551222796373
0.08692678755574829
0.05993125610237313
0.04489072064033725
0.06789166390902697
0.053814621524702205
0.0916896790145085
0.07371315361798944
0.13294136824976943
0.08726167901008758
0.30367375502641863
0.1296494239472678
0.10046574886029823
0.09916099887509951
0.18587966737322656
0.21305419330621134
0.19582501808759895
0.15718245556823737
0.22927580665944214
0.24863675717639422
0.06764396983751947
0.1386166384275075
0.23705529401081105
0.15678731133990906
0.12168573981924442
0.14313825807486505
0.14208694680600317
0.11136750498045626
0.11502639631451649
0.09728837367378693
0.0915142634890017
0.1340068951099536
0.17382261059135581
0.09253286895029016
0.1280220685476943
0.07993641953892974
0.11761631823980515
0.24499690224387116
0.2890917984673085
0.16444336806892587
0.07174901286195998
0.15628787355801732
0.1149631051914426
0.33511198619842875
0.3142835202152093
0.24795284157884628
0.16395651814293005
0.11318270311989373
0.1750169688125446
0.15798955955496466
0.1322536763457164
0.06792993208855848
0.08918547626771663
0.09073638367503825
0.028148866453306255
0.08804982408198544
0.2861568563508891
0.3655842257948453
0.152682486294219
0.041509379153969704
0.13209916692422086
0.10531941880523732
0.30427926028440316
0.32814283384966586
0.09516071871799782
0.09098865922361513
0.23210462598898618
0.16201658851094908
0.18908436785499166
0.2177904085074294
0.30558320807385986
0.04474751868256567
0.10767965524108068
0.030194165744022936
0.06874030970788983
0.05916535942377831
0.0565200560494412
0.1127284502822802
0.05734688514950199
0.06288894928657617
0.05744756557469729
0.18691423719954042
0.12350896743374257
0.17699886828516045
0.6771863438746403
0.28501548997228116
0.09395210763387275
0.09682224361886933
0.19468350973311857
0.12980204339346177
0.318441219631502
0.13553742846243869
0.23069021632421416
0.1933114254828463
0.24649336720373463
0.07274214178042603
0.044798513005850686
0.11034242114269968
0.14703663417720533
0.14308096413322646
0.10848522128796592
0.1374478553090836
0.08957340828647137
0.21353815604135085
0.15700239492168888
0.1324888399829942
0.1401812742361802
0.060461000960354165
0.20897902796997359
0.13499784484626162
0.06300348641858683
0.16579351357460123
0.1385129626610143
0.0840422447243385
0.05583878399704773
0.1356418084612545
0.18789931538454724
0.31311418740965874
0.06453331611713604
0.14437375388979076
0.06576587243884684
0.08942267428254988
0.05688709935466237
0.08956661078168122
0.11503342572965924
0.06551856653389959
0.0929968214073626
0.07383218450106678
0.2387396940085714
0.14086080840204926
0.06868203922085847
0.14016799777884525
0.1233351287189447
0.21392946179667297
0.08850064806107444
0.33425496874695515
0.08740427011044732
0.1538561182546281
0.24636534982671718
0.23960739682146107
0.17736697196233278
0.27784118702103366
0.40812579537014554
0.16400080063024317
0.14376393866744733
0.06014780431462813
0.06906264713898046
0.111805022424545
0.1271808250448394
0.12135322924632885
0.14160768951768135
0.11826577333776105
0.32659383662155483
0.20769574032628185
0.04204481954846201
0.14038015922856095
0.13288765693787705
0.05341206214646668
0.055010790537245245
0.09251703964137445
0.19378146780170688
0.23598392812524213
0.6971712529440477
0.4697864019127667
0.18297116904353217
0.30719441825546717
0.13167708382230972
0.1464621207870778
0.09256188551613995
0.16734666368337983
0.11233434657068965
0.09014020827879912
0.07122350455345822
0.06634722821731177
0.03982287082484873
0.07698725636703278
0.3251603739720561
0.3161473998534289
0.39540513717002346
0.13054634144257918
0.1534385982593644
0.16166639491276705
0.07082182919658424
0.11533130392568818
0.11796176604193434
0.06279950912544695
0.08748076159537485
0.1797423579609697
0.1274230902189386
0.05764908247366434
0.11314636838373968
0.11686300870992698
0.14292544273672525
0.1335480107385233
0.05275803689569364
0.05468377791185872
0.11904511945530812
0.042835231559379204
0.0407699614663377
0.060969687266510975
0.11823033853621491
0.06624162594718262
0.11265283741111606
0.12109760187908385
0.13613693023424667
0.2008578888593446
0.10563255880168501
0.20400520264664837
0.16198329965324484
0.1540229465570561
0.07508914103712598
0.0990564729810642
0.22545690056455964
0.10613376430600625
0.0631054750651567
0.12256794672948544
0.12715542266273885
0.134761295716031
0.08110422194815763
0.1284348811904551
0.09773570783570339
0.10791945742205745
0.10521172586884849
0.15962824066525358
0.296021633648278
0.08578631205973329
0.3870047285178539
0.3688267258159614
0.4177166851133564
0.20602472043828643
0.17234632316973753
0.21791945214413908
0.11244248284337016
0.16317930006787895
0.22958380739555978
0.16518369835225796
0.1909483914962644
0.07957307217738915
0.24660746533587805
0.13967295439617514
0.08029976690047032
0.04031101255677292
0.12566956145445787
0.05595549367725076
0.09631419102685328
0.14247432164447263
0.09180833245908199
0.22019884479615773
0.11839310938110925
0.1404473401103702
0.2511284359801612
0.04566541650169523
0.09858728386969873
0.11422728415834427
0.19759303016856353
0.11883774145416243
0.06943568079040673
0.14087722158812985
0.1277210513323481
0.23443840193585924
0.11518111360836694
0.30625091652583347
0.13408312201274647
0.16078120748171093
0.17410224597902962
0.040331557131005544
0.05025896942985303
0.06258762766613413
0.03448166461020199
0.06677476684659797
0.047701659458863566
0.12086234670301949
0.1303184285216439
0.21288336751216966
0.19607049407287333
0.13323739042146537
0.06967138915272897
0.06560282925578947
0.162726235121474
0.16329691831077778
0.1934205216574885
0.21761132703726963
0.11826253865840813
0.17471058209685308
0.04097393875947758
0.13515029865184738
0.05635517577494558
0.07989564650252741
0.06188042283374847
0.01930135136336308
0.06967722299401223
0.064048221683498
0.03459066881866416
0.07402576226968852
0.04327626914877665
0.16844110561948725
0.12103878808506775
0.14334095377126374
0.11876151455136955
0.15841388245439628
0.11364781656438155
0.07726944222107995
0.11662716127316773
0.12869487082849254
0.13328802110048585
0.11242067745615837
0.08583500430130424
0.1526139175279295
0.18911894582923414
0.1649615948807871
0.1771064052125616
0.12962661014185559
0.13132793737402396
0.08840985899706247
0.05991597991804329
0.10378292465334552
0.1114554815839859
0.11598159251125441
0.06307710196344635
0.11708296626230297
0.28252207333392987
0.2007174302951242
0.17853520642806436
0.10594569879813268
0.11059060874543993
0.3133741770476955
0.0883476650912194
0.22562070102986378
0.1661931356106388
0.1511944282848228
0.19232047574653663
0.46642141063902104
0.2613685006074063
0.12485091534735147
0.21325881710226274
0.16908527637371606
0.14810743046861533
0.039597092030783244
0.13502128535406824
0.12889969262282788
0.12332175164238711
0.1503606739982724
0.100453960179444
0.07742932274429971
0.36116093265938365
0.06554786402192231
0.05614703520649582
0.02570113893562749
0.07771790096873572
0.0666948424142209
0.07046587812821015
0.08689866918392887
0.050855221984158226
0.027587928897171623
0.22460459807598218
0.29586820808651443
0.13386493617523154
0.17726477516442868
0.16873907300722737
0.11220849872708633
0.1603051765735111
0.10837029685400675
0.10981123480740038
0.14907805845062147
0.06419621183699149
0.11022293136551285
0.1186547968874594
0.2056344710450155
0.24680620520902727
0.3118835697896148
0.15837378452646764
0.12437398758907879
0.16969672264796995
0.1957981964059348
0.14606245153027167
0.1467580602082943
0.09822005877165224
0.14934690230578146
0.08204221701703225
0.2061833938221929
0.24770618926763455
0.25715174603561985
0.22152300220650437
0.09402333327283716
0.09703750381774397
0.12640417856604788
0.08368240231255669
0.08045349932943567
0.08915359903395642
0.12874723881724212
0.13346302262992807
0.18622232352310417
0.177171350722357
0.22931086074895074
0.19704467671980627
0.08561077492747626
0.1410197701669023
0.045945885279762635
0.19280939181477186
0.057598088150379506
0.046506822835897264
0.18294604196562197
0.3110223381705523
0.25338244712558367
0.1688931987198377
0.2684131669550724
0.4236099788031963
0.226887330833198
0.07188793724921139
0.046594863881429006
0.08438318139176264
0.11633519492744715
0.05954878932446767
0.10798236299818294
0.07615067589012728
0.12478343987201022
0.06737728923565973
0.4029333028040812
0.21438512783522806
0.09085774227504817
0.06144203883651373
0.10088326885556176
0.05606449788571294
0.1090249087632015
0.05962530202881082
0.17486451500695882
0.22878076327677294
0.4035452233857195
0.18691423719954042
0.6473188585174775
0.4655144301320717
0.34206800009334887
0.13444143847487178
0.09290792034592887
0.14002882043059425
0.13769278086549516
0.09660368890411003
0.1211233757687668
0.14353525795906869
0.21751182129463598
0.10145320617545814
0.26740583727376505
0.150543691706167
0.12190272188631386
0.24606044221554638
0.189601615562606
0.09682224361886933
0.05137678070961247
0.08825328899883864
0.08248331791344729
0.2825414664531906
0.2751978668781043
0.17097443806043464
0.15320993341185687
0.1864510042314832
0.16272783193194887
0.15381705104388907
0.12765047224561832
0.1367026941001553
0.1452598725720222
0.09368104893726506
0.13576011387419082
0.12772119272885699
0.1651074714494649
0.2526517871338712
0.23910747957232453
0.26822109897277124
0.08166740874088776
0.27147223094554734
0.06251904034737954
0.13215459515410458
0.08502777855552383
0.12319508180158849
0.08553196890665489
0.1990579875234697
0.11801522302838348
0.29553431470511776
0.23696077609073782
0.06654759188689253
0.27220915102511545
0.22809757577144305
0.12823082854532597
0.17153106147073224
0.07495856068582375
0.1422117539308521
0.13542972540186102
0.05045888289048291
0.060071312829700775
0.16814392486077062
0.18119797232968354
0.28763520288199734
0.05945938095028096
0.1716941138105333
0.09694107605902934
0.2751557002562043
0.11816056197299989
0.10312743883010354
0.19773447113504022
0.3018912046844759
0.16750168535776125
0.3197456383499109
0.18828044989851345
0.2061116404225672
0.3332200527512142
0.1505044988871177
0.128823465720035
0.14223940061158893
0.1345181803358878
0.09900442887687566
0.09722996889700541
0.06522085139653579
0.15903249901944755
0.21379814567938757
0.18779918187565273
0.22807029741272813
0.1274519760837548
0.32092955293662906
0.2220052379013012
0.18229137128491413
0.14144096647713933
0.17086068750438452
0.11377398428025541
0.0721059731249549
0.12552360346883507
0.2066946367945205
0.2426302315898648
0.1288881521027747
0.11633019914189285
0.05418146849028616
0.1817249362583212
0.04966847087956571
0.04362564357029623
0.09840893150565982
0.1157671612587641
0.07896346910422399
0.13957280286972124
0.11014773829554625
0.378444480678298
0.18131420185879665
0.19346160117397715
0.14136637860753304
0.1686901358807322
0.0896624189828532
0.15961613066945185
0.15876700562814708
0.1105111189561915
0.1480108168241392
0.3206538869127416
0.21025199666826713
0.1662605050766987
0.17279492681920744
0.19533670308168993
0.1733395656444176
0.06576587243884684
0.1324888399829942
0.252472125161694
0.3845589434208389
0.10432780881648626
0.09345294138823974
0.1266260985165942
0.11409979835013188
0.3737974889939668
0.19921960128305144
0.27397115206621875
0.07478317509741605
0.1844988718284045
0.22213303785234817
0.18567514770872634
0.12437065125854609
0.09199955194207743
0.24283126112569406
0.1854888280664709
0.12546475857670483
0.07766435436301711
0.23520395921113016
0.08749430166763032
0.1812326756888953
0.16457344087764805
0.12534483390547993
0.12476032431731963
0.10858889237821895
0.08055411005354872
0.09477703892483194
0.245230719060819
0.06851087333336418
0.0869853583528172
0.05803153989830178
0.18155878036849885
0.1016645917590571
0.14268528502090122
0.17561265848726304
0.3508993481377542
0.17034815806753942
0.22024179750153605
0.09407063190285875
0.0725904191961622
0.05109631193154506
0.09565625087496432
0.18309533110465614
0.09243556877592612
0.08018442408084221
0.16640332879694464
0.09722996889700541
0.06718292714885511
0.06525718613268985
0.10898196031177382
0.12222897861341218
0.23709916731030417
0.06014780431462813
0.16965595956301982
0.21518854658441422
0.1911008453018516
0.12144612862229297
0.10312743883010354
0.23925925808693757
0.18788584508833042
0.0839215190479789
0.14073376164475368
0.07078006602810688
0.06231506305423966
0.19155652711033375
0.1830180660079953
0.1472314707065921
0.20581263754088383
0.22607206913419184
0.09973508886858685
0.1397436748794138
0.1446274254035545
0.12935705403958556
0.0719791123211908
0.11098162930832006
0.06376746195037346
0.20333223769336123
0.13856529870185594
0.20756562856676997
0.14902983857818372
0.10704710306541952
0.14722798832981876
0.1831077775966081
0.0991600567110905
0.14406722885084378
0.18401469738675894
0.1822925158976037
0.4907282720154438
0.23467846264823647
0.094445412256294
0.15862080246133506
0.11147783873537495
0.10354912483370503
0.10354912483370503
0.1719386923202348
0.055685801027192866
0.14854068155878036
0.123265802284827
0.11384947867166131
0.1430784281754444
0.0504078885671979
0.08040877110893249
0.1406815091395984
0.08057103079026082
0.18820422299571987
0.17856922017738855
0.10907685750656183
0.16714880259366488
0.1984186279699709
0.08055411005354872
0.2569244367513364
0.2945508126886424
0.13749064160695923
0.23479200435205178
0.1933114254828463
0.11951425625024859
0.14138836081462713
0.14420096836415777
0.08029976690047032
0.15790037350135577
0.08431024455927479
0.04898004751521854
0.14870373389858144
0.09278611488996773
0.19490017173117374
0.40901679439099903
0.09597131642232329
0.3075982390347303
0.11184561166533585
0.24243045893423137
0.32290907470365093
0.06951110588663606
0.14338280415348273
0.09207806917661779
0.08251640956865187
0.09577836450209949
0.2495033893031857
0.05614474993675764
0.10539431887679361
0.16561581550925616
0.06040277593105302
0.08767643822404025
0.13248002608837434
0.15799771726724285
0.08306530702855376
0.06323268341945613
0.11578205213930375
0.05228568532569088
0.10716009116271596
0.058464991646224054
0.11301133221523442
0.12473409858499364
0.13826838415131262
0.10267763806206345
0.028148866453306255
0.055530159370055635
0.07238124187163265
0.08522167732248472
0.09639201865417057
0.11405473678759113
0.21396891613972738
0.3110223381705523
0.10329965488598972
0.1554738035463406
0.08188610907106897
0.08892645655229471
0.13380315428737383
0.12457198760802216
0.086632718585668
0.05337572741031263
0.05079596114337449
0.12453503661989479
0.06234056021588217
0.2863352546918102
0.10028164523229195
0.10068921535550819
0.39108427230929127
0.1293065100030107
0.1333788313879426
0.04418303916333571
0.0786411773612895
0.09160301580182935
0.10534161688843965
0.1633025081474664
0.15051595829251943
0.21314118951423022
0.08767571833974432
0.1509161954452302
0.11921556047056961
0.10639415337506682
0.12404592370956814
0.05922990649549856
0.14389368987444967
0.07946689008459297
0.16188688128459544
0.08251640956865187
0.4511870376312949
0.3152455045477717
0.23145226930135634
0.17295884243713583
0.14536116093265952
0.180549393708069
0.4602967552584382
0.1135132487122849
0.2301483776292191
0.20016206118999422
0.18263965909183724
0.20890830748673433
0.24324004681220823
0.28295316301130274
0.533130958133684
0.22863932231029627
0.22428439441356102
0.13564188685157674
0.21046415811798302
0.10845081876971414
0.1120519287288625
0.13468358829679547
0.12969618306178407
0.04941349926314099
0.23234958421653365
0.30904101641374
0.4798542086042851
0.21626323774354597
0.19240176096527056
0.12045451863354191
0.14715211262820188
0.16032400228691876
0.3004864508096913
0.34110640510501505
0.44792918106015234
0.5731289744007826
0.171705098052146
0.09494266557055614
0.43265938366215656
0.21156041089189592
0.16037986818062144
0.09039307897456439
0.07078006602810688
0.157263981738138
0.1586803424154679
0.19704875264960003
0.06300443249113824
0.1760996481639709
0.15388777152712776
0.2068035872771917
0.3062034685191593
0.28481615063614596
0.24857593000771186
0.11761554093068884
0.3085765530735374
0.2187379488020978
0.18412052027048417
0.18790432396487888
0.3472897691245443
0.2540098763625002
0.17048196321341183
0.1832367720711346
0.16993063807227574
0.21180498940159814
0.19360561712515262
0.10422342881767042
0.1372900701125061
0.12969618306178407
0.12874723881724212
0.14087722158812985
0.04762869794816671
0.19273898499836117
0.17306643572020167
0.35427921343224056
0.3282243600195672
0.16114979560402598
0.1415857386007335
0.5433341349498675
0.4261372900701126
0.2910150681764837
0.08454858800648879
0.14308096413322646
0.09598411183422276
0.23238750792193952
0.271400619598891
0.25246350205015144
0.06601215149240042
0.2241110679882038
0.12740713020898914
0.09592532612355778
0.11982446557285518
0.1654981248980923
0.14658433407078544
0.12354868421778124
0.1311899297870826
0.16083876489306145
0.1166446486767617
0.24939075761504878
0.3909377523955078
0.3088676899883827
0.21685961193543069
0.25468775476928057
0.27914560573944247
0.19812907471429494
0.1005444512244118
0.23633058097595835
0.19900743983333555
0.19205919782124461
0.24667025743788976
0.2423128313461988
0.13280346064308554
0.2310451273789811
0.3032238965601719
0.1405061539043863
0.15755372065063938
0.0732781593669442
0.11345180865699488
0.13443963863652098
0.15147562367519973
0.12386871703849527
0.13381515848197642
0.26199186489926723
0.06769496416080449
0.061805119821389864
0.13685969867539
0.4312918160023427
0.22651651344090262
0.4651993387433109
0.0802292699556077
0.18728950016220564
0.13076217350811534
0.20238448037810797
0.19113463532840744
0.04398260383329098
0.1534907882587724
0.1348442850154901
0.08179887557240281
0.14284921583393237
0.100009347431704
0.04417318664408819
0.11601173976846577
0.08956661078168122
0.07598742186875974
0.03462514551049819
0.11560872571394545
0.24537114863503595
0.04737372633174199
0.14968204793738793
0.08694532120088254
0.17338306475936818
0.19802706668840708
0.05216719272052967
0.10323181882891937
0.17903146910158077
0.14589635692116934
0.059892832698203405
0.22525049775307987
0.06073423903240544
0.23546394884916869
0.0682813988785818
0.09843080024134573
0.19773258584483566
0.10824205877208229
0.13404753221808835
0.14346463113844826
0.1857192647713536
0.08803245216481725
0.2165335072558289
0.3078462635374937
0.1083027875588557
0.12827288474904408
0.17048196321341183
0.28112481750028884
0.05183572961917725
0.20152591689570176
0.08614965942127388
0.13656125313367812
0.23895320397847722
0.12708264855835125
0.2411544105657917
0.29222835315399137
0.2383825207891732
0.23146579691146682
0.08832974359051736
0.1658242295776944
0.23919046699436944
0.12346141412140801
0.14172384841009375
0.06616555453654148
0.06870898606732556
0.12250913293546936
0.10406685881944659
0.18153948047340926
0.2585540867202103
0.13157779656218738
0.17696628029076217
0.059612363920136
0.103923974026392
0.08901906140965977
0.2739424152786966
0.2655307353660523
0.08888452378536313
0.06889065974809584
0.5216969227147462
0.18400262416314037
0.2108131247964698
0.1823740420675032
0.17201823804859367
0.221914234469265
0.0639128008949897
0.09629054890766235
0.07917339007969451
0.09148906896213128
0.11579784396552882
0.09157307728301779
0.12534483390547993
0.10344057882655121
0.2688061733448366
0.519484754606228
0.41452189738789935
0.28554096994800976
0.1470932988341858
0.08389690577972227
0.11121688448438444
0.1598936273929756
0.1086266622544431
0.28245761005484726
0.14554288745190697
0.13651546159032057
0.12385108718018137
0.047603200786524386
0.19723951324919356
0.1593142268372031
0.10357109126229563
0.04217230535667437
0.042886225882664046
0.1394097505299202
0.12112454853795
0.15169153655791098
0.1275090312791411
0.14234469264633956
0.11683697212225826
0.19384484455692028
0.10962189897679603
0.2573226014430462
0.12414568003727204
0.4965733678970468
0.0963289389964479
0.18790432396487888
0.1588568654204456
0.16061008418468264
0.17585546474326666
0.4028208054785586
0.29766605540635316
0.23409546627628494
0.18866659513875966
0.205080185302959
0.19696739615981104
0.09076805052551704
0.048062149696089164
0.12844932613109236
0.0787942019631094
0.12229239494508741
0.07306915440581255
0.07721131432737537
0.25354727024196544
0.1758074950166498
0.20379900973854648
0.14986209089088107
0.11643588867913005
0.19893671935009635
0.23769154416483323
0.10688511878747574
0.1349567693552266
0.18749768677985518
0.32985488341757774
0.3461767654527988
0.06853637049500652
0.23813284432508183
0.1618297146293695
0.1789485755587404
0.19292547827481749
0.16795330617213367
0.11821572597229639
0.04765419510980922
0.14731778901027237
0.07924266071076518
0.12118517862525312
0.18849248757708517
0.2531432442357087
0.13157960284585615
0.12328130973055654
0.08982628715543998
0.11831472865781613
0.119694574553264
0.07826502167584305
0.04734822917009948
0.04301371169087658
0.18025948237256811
0.23218653187673277
0.19988769773243673
0.11623482095683463
0.12090447836798121
0.11830341763157809
0.21774836789155547
0.14339968562865268
0.15169543654673212
0.10881614876556966
0.15390211673890586
0.1029708688318797
0.11507451464845687
0.1724252541175853
0.14930972702005096
0.32381188306432507
0.38425981697911066
0.22855040354643963
0.2852183467644302
0.16930435807938038
0.2827820629719666
0.13408916554905934
0.11081415654572767
0.1615963042001318
0.10693312850139554
0.29593999673895244
0.23238750792193952
0.13027726619398572
0.20360427124384242
0.20425362830711688
0.21180784729951585
0.05622124142168517
0.19658918230294062
0.08628346304895983
0.09345511869153186
0.09623835890825454
0.04571641082498024
0.05012741978913049
0.11856860873639294
0.07251392771123467
0.43075222737368096
0.5101863330419772
0.5404751258733296
0.42773112751372566
0.18398600051777067
0.12542053811939635
0.2962481042863677
0.2000186948634073
0.18555356269362483
0.15245393771400625
0.17432599118307426
0.14030943874532226
0.11474571212534855
0.18164030653839838
0.18767324311103797
0.13003424099135832
0.11813142018587967
0.036537432633684655
0.08104567379140086
0.08131177826407303
0.04178984793203711
0.06920393921493782
0.1544940385673944
0.13080025672830906
0.12644965713454592
0.11325537259220185
0.12405562859269026
0.2654494204361428
0.1889914335051543
0.14138836081462733
0.06576587243884684
0.14320897855810374
0.2051265954157486
0.1610141855535628
0.1236562506507946
0.11021704998611123
0.06750993977424163
0.185798141203327
0.13353986629708148
0.07014335920428087
0.0846889447734435
0.09448256560672917
0.09391680174082054
0.03194794353803686
0.1380463832816881
0.04676280543027385
0.13878855443316604
0.05130028922468495
0.20990388765933257
0.1984734779353096
0.12902158170054973
0.37906489225846957
0.154952108242195
0.17835289169362814
0.1621555519321702
0.4213664675537583
0.16109571172346326
0.11282494026800759
0.3178178516741317
0.11394573257912896
0.28009550337891453
0.07529311833026585
0.23691321388039496
0.1705195815477623
0.13560622445318232
0.1658733890678349
0.1757030109376809
0.1487140729573692
0.0695446849988689
0.10239677883839217
0.1861525808347493
0.16810696233490954
0.1505633126811338
0.15234260827179752
0.09431400091556154
0.25696088931493444
0.16699444736405508
0.0976474888922691
0.1957506863722182
0.0786647037735377
0.30426971339231734
0.09239923403977207
0.35514114011221526
0.14621109192394474
0.18492646617562372
0.17837095253543306
0.14507640486662443
0.14667428223679368
0.05838992099957284
0.04043849836498528
0.04709325755367459
0.13705597122167038
0.1586803424154679
0.05114730625483008
0.09141819616361249
0.23146264737424585
0.15611269691990037
0.15961613066945185
0.13913853842158702
0.21571824555682453
0.15870441161485965
0.10881614876556966
0.14300166963951813
0.1470932988341858
0.09404637893312075
0.1859936428147252
0.18256755617064224
0.31009104056159886
0.08796639622897678
0.11108323179432113
0.08960145935590941
0.12812644854651015
0.12927271924731729
0.1563404356731317
0.055991828413404825
0.08715729901127173
0.15237241154410563
0.1321012225401306
0.14456430569149487
0.42915622918700086
0.13825367106619446
0.33193650056523766
0.35544677511123957
0.17152109137014107
0.20340933667977365
0.23495842165335123
0.20085842145963895
0.17280644608216442
0.233735529104842
0.20360027143569592
0.19843774101021247
0.17397120269952876
0.2328387412359363
0.22724433877475264
0.25705201369639596
0.16688406978640152
0.04898004751521854
0.15873145279634768
0.08218917318048134
0.04071896714305268
0.11397358552095231
0.03493111145020792
0.31831398017040574
0.13294345855156334
0.2060981575085603
0.205825130112909
0.13139001583189572
0.06704458277452958
0.12215625017137298
0.3337028562144142
0.1842504112900757
0.18675591184265403
0.10994891160218256
0.27399749689172215
0.4545410213541829
0.3751125886439593
0.13271272634914782
0.40298393895790524
0.2706492131968898
0.07811968273122682
0.119694574553264
0.12562193580273248
0.061732716725746206
0.10292413952811881
0.0952974838768399
0.16060655470406007
0.08469626997511154
0.21841514752225852
0.11171107404103904
0.11888881865130349
0.09336790894081738
0.10390789183182965
0.05354403944922383
0.09143687896272328
0.11288696871938952
0.08372724818732237
0.07776274684350121
0.1798059839028215
0.13788865016257276
0.2548508071090815
0.34695469076842317
0.21522908853742012
0.123265802284827
0.11508344335777734
0.1916990264462125
0.12125326678835797
0.07608493750659956
0.13861214714759654
0.095716458914175
0.06474849982653304
0.11568979991452376
0.3404997626162603
0.08390663168638468
0.044008100994933484
0.16533507255829125
0.10808974816036086
0.1391651720202185
0.1298214925933211
0.08955985800811234
0.049560580114136506
0.1704712212620251
0.1082942487714903
0.14573862671393062
0.30696573754708995
0.7191423446926475
0.23182409391664563
0.08277052895894628
0.1544940385673944
0.13937306402132632
0.1277562890809341
0.0832430490556757
0.08327878943966659
0.1660467154931932
0.0870007290130479
0.16205839533774813
0.1676484726148281
0.2614197070344063
0.30531071540401133
0.24017609652698466
0.09931756887332334
0.12203927137146517
0.3084120274034021
0.11574720276994047
0.10891361992719671
0.15832382194684497
0.1873620978745294
0.2533019979808738
0.2070322679855707
0.2484997031049201
0.2651310916613976
0.2316507674912866
0.16321539214087732
0.12333152310181683
0.05089233463840519
0.0946696416301218
0.1048497088105658
0.16256318278167292
0.1358363407769837
0.16024028024369202
0.10568474880109283
0.11194754873004648
0.12277075890215706
0.08462360050280342
0.3178370963943977
0.23436768145262
0.20103587771941211
0.1257438916063532
0.041993825225176994
0.07969111945842094
0.10693312850139554
0.4651397411559826
0.061805119821389864
0.20291863688243875
0.06081073051733279
0.13359291364951922
0.12488168947061137
0.02970419331349797
0.07312497966868112
0.11414285994705149
0.024757743954855423
0.0445767995169783
0.0910911488375396
0.11365431206424387
0.23878400370523503
0.1143550213967672
0.04418303916333571
0.0559191589410967
0.10261542117916461
0.08398609785494492
0.07319358953962472
0.048761215918747235
0.04908203616178857
0.1825606179289989
0.2251032981483671
0.21541722729279145
0.1914593628773863
0.2085547050705418
0.1058811103215147
0.14765151070988636
0.15226726467721308
0.10883743681721843
0.11715310614707315
0.09733434889582142
0.1114462742540355
0.14470895157345512
0.11723463231697377
0.09163811432157101
0.07746565748045377
0.10547598880346115
0.22466869314138005
0.03850071408015631
0.07321449335042877
0.07334080113803666
0.07557111914270749
0.11708200032949057
0.1489740625954066
0.19577219744213128
0.25685679512248494
0.34681232675688856
0.3807981565120506
0.21011693761639494
0.18589259119671078
0.11982869119047045
0.12849911804448116
0.11422211431107965
0.10494919712603747
0.07395322916106106
0.11845752486548178
0.08386932904857107
0.04597138244140515
0.1109559387412956
0.10662912998888306
0.09480783595390144
0.1095630750251526
0.23078413536449516
0.145622953983784
0.07038038393041224
0.12114418778766987
0.11480452591936445
0.12217678861400416
0.19896706515635712
0.10782749658608004
0.2650208169935547
0.08370718167228676
0.2778470606801945
0.14336592837363074
0.18710801372108235
0.0886567562159039
0.1958957385708382
0.15756100807296586
0.1770529435034413
0.12392066399185504
0.052983101893089204
0.14430892276579074
0.14436492921976468
0.12207047111188624
0.27555845426381964
0.2980347884034931
0.23555061206184638
0.08807540043743896
0.1609912186986474
0.11774620925939634
0.16315215483138032
0.04263125426623915
0.14073376164475368
0.24783955649763661
0.2059322569235056
0.26633333987645375
0.08074951092175821
0.14832397831738564
0.1620908163082831
0.0922902298313099
0.08705802782512533
0.0777926701058403
0.14646212078707796
0.1654981248980923
0.17228646680608972
0.07292381546119632
0.14874149831264918
0.24572403139913182
0.23365400293494246
0.17763450994642946
0.13465180008623667
0.05392649687386127
0.12633202954651374
0.1620281455280105
0.3086580792434369
0.14742630723597888
0.15009843829725592
0.22261021035081768
0.3064074865240573
0.30574610710240313
0.19576468777921005
0.2623022723318554
0.16497258812852084
0.09713616474222829
0.0852968538041173
0.07357784071196936
0.060351781607768
0.08596954192560087
0.08457931980786826
0.09601501787308894
0.09789854461324302
0.20120118934672293
0.25212988713979295
0.36846841951066606
0.20423226475632525
0.6620202816557952
0.3769401756615764
0.4610268302322358
0.6586004401308301
0.5235610631012553
0.45980067764689475
0.529272096557455
0.17414764408157704
0.32854023926654247
0.12008630298916499
0.19139441736759052
0.21991461455757444
0.16164937388121223
0.1496994000788245
0.18415932694312967
0.04869957873715131
0.17219980359341058
0.17475031408250588
0.09921318887450752
0.049999933980918135
0.05397749119714611
0.12248439557533282
0.3147908859792031
0.2815424017782598
0.31242088170822635
0.1692341163898973
0.296950845987127
0.21718571661503425
0.17054690872320744
0.14871868734898708
0.2262701561278197
0.5714922250508818
0.22945385881288313
0.3381793155923901
0.07707791964523997
0.21613865659970846
0.05186122678081976
0.08531396048973053
0.1082942487714903
0.13245821849736966
0.05311058770130156
0.18074351866949268
0.17661962744004575
0.13904833647234838
0.21777156786161547
0.34575244255336707
0.11920195864775118
0.14897534024270004
0.23881888645021884
0.1331025563042168
0.19847856774842212
0.4231764675121401
0.059588967292656767
0.2073210500570678
0.16103216801599396
0.15756160821259227
0.2868418352097587
0.5568237404206753
0.20253488072078948
0.1957911202794892
0.22380218660001402
0.16346784815548854
0.19048574146870484
0.07946406796892698
0.1054326515738591
0.20634510938898423
0.13080187789173497
0.20071200056484154
0.11125696210372865
0.28430588027367165
0.19729761731653983
0.07172476916811239
0.0598673355365609
0.1682132958101711
0.31736068483093655
0.2716726815539667
0.1055119464648258
0.04966847087956571
0.07623651331103792
0.23003699569596353
0.23061949584097674
0.2445514310389739
0.15109004828600678
0.09381628874978033
0.17854231208217833
0.14844229431775788
0.15245380558584032
0.18025948237256811
0.09650505922518064
0.16941138105331816
0.1595469745422592
0.084986947864344
0.35048100440241275
0.12646536683891207
0.11277394594472258
0.10152969766038547
0.12723921855657508
0.2270576172192926
0.09363818651051362
0.20740305764718106
0.14952434830376837
0.12356778122775866
0.1980088577537506
0.490092948843288
0.3919587341611962
0.14207173125733102
0.2701777270503835
0.20418868279732108
0.46921644866018997
0.16090699865887118
0.10344057882655121
0.15526841620241924
0.15600938602428474
0.1180392845902483
0.1410166435777081
0.14985754715294106
0.15341773757302074
0.13287832693038884
0.21906081852274517
0.34029023316484636
0.310889715168935
0.16104153628316797
0.11430907994066955
0.13250747791820094
0.08738504045051185
0.0802140705272659
0.24834724929933463
0.18493406366885995
0.20669176223970048
0.20929165862007304
0.22792424934608407
0.2886841676178054
0.09018346072947851
0.12009776738081063
0.05331456499444145
0.10996432875254454
0.18433265336848687
0.1799717174940845
0.11768640182615192
0.1378337884363883
0.29469225365512086
0.0672105180895972
0.07368684492043154
0.11554865868919484
0.10621771199301855
0.13182298075669388
0.039979549455420496
0.09395210763387275
0.09436582573298559
0.1769762879923486
0.25904913010288133
0.13548523846303068
0.20337337665151012
0.05614474993675764
0.1611298098028475
0.06785180852030998
0.06583854191115496
0.07098824937739404
0.12514167910864862
0.051740664283380006
0.09534000837991945
0.082870470499167
0.11592773498512
0.1167796150787537
0.16691334761998428
0.13890853662827235
0.23389858144464468
0.05137678070961247
0.12726235121474003
0.15385688514603355
0.23806384522954127
0.0840394896754876
0.3820320504547543
0.21697044257593112
0.2395666629976841
0.21149314539443645
0.08694902361666315
0.0511983005781151
0.12580270540036925
0.09597017199832346
0.11063101255503022
0.09978660184962183
0.0639053715409397
0.1139306984973358
0.12398097819977255
0.0713959191900716
0.12150182417612557
0.06466775141195442
0.09258505894969817
0.1153491592706137
0.2185646223767388
0.12956629204219286
0.08836607832667143
0.1692532543623205
0.10668822234514712
0.07785243859303237
0.08803245216481725
0.19299897463639967
0.09923495311256157
0.16568639686250897
0.1256132952183662
0.1526557482682452
0.15244535408964804
0.23470263369940025
0.17650415783466505
0.15855195780927386
0.14568419547145361
0.10777234877741078
0.14197088441314973
0.11486333971338056
0.09072320465075154
0.13156807961384756
0.23481300027253307
0.14300059837777504
0.33252771218775495
0.24082830588618995
0.10715873269727567
0.15459497635951341
0.12249663278822265
0.18481982716451997
0.09184435151989088
0.08051777531739467
0.08136144280117785
0.0871238013323801
0.1807615551577849
0.08584894325025562
0.26077223445458036
0.17015348267199867
0.07870103850969176
0.10130078885082527
0.10766796877859493
0.18788584508833042
0.1974563834991031
0.07583437422858165
0.14391639247303328
0.08135041682474704
0.11296675853447502
0.22126935187355984
0.09059141531575829
0.1237211961605902
0.14909982186295187
0.20446763411054975
0.08830152741341073
0.13068375851749958
0.1044011964542509
0.11206002541873289
0.3992336540029357
0.250203815424752
0.23146579691146682
0.24449698353171415
0.27170809660258494
0.3852507667154185
0.08830152741341055
0.11449151827650446
0.11069498874425575
0.1459325605106805
0.07808334799507276
0.10027537597581834
0.14766436900213356
0.39792923528452695
0.16557739265404678
0.10754040768784077
0.19435838904288288
0.17028712668402507
0.1269035261405739
0.1156987105783
0.09126135514793847
0.14398690387372792
0.04793466388787663
0.16467862324499008
0.27220313998525414
0.2769756277224667
0.18600394005455606
0.22177943543615383
0.13684217844763724
0.20886171365260098
0.12755235855302277
0.09526967819594268
0.11747968866728893
0.11445266870162794
0.051325786386327454
0.13528149690420455
0.05265163879173678
0.14229561196212767
0.15150433338539093
0.05724112788738458
0.22003913256155225
0.28998858633621416
0.29171641831969675
0.22395238871677867
0.15519797408638542
0.22998301149182906
0.23302564183795718
0.12601690809125649
0.3125953151954015
0.29255885291922673
0.24645361160932647
0.18967448570181844
0.25574314061608133
0.14341811837303856
0.18317324741138705
0.18359037448732715
0.11346105871287707
0.1158617986856425
0.0991990749814445
0.07859203430122957
0.07790167431430248
0.3463544329606232
0.24985546728186764
0.056527207361394896
0.16797219570988983
0.17973950309649467
0.11393076870754858
0.1678904272083645
0.047679692271451725
0.14475488840375536
0.13917791101350518
0.16462920626441363
0.15256298167768007
0.39197771094765826
0.2836486950987581
0.24283126112569406
0.10555240852754133
0.1722043766859173
0.22939752396163027
0.16579351357460123
0.13462477450277938
0.13103713306779918
0.11758406866610475
0.1753627914560575
0.06654759188689253
0.09076417091283928
0.24317697477760875
0.18086341292955083
0.25285342889609735
0.20590894978505198
0.23538867582453732
0.1410851220124885
0.19109238395745956
0.10340865909445189
0.14368209878125385
0.31094801647254866
0.38662285096569077
0.2800423936083482
0.15099606033567992
0.12786193652613362
0.0725904191961622
0.19386923202348025
0.18865155714984505
0.18450974076942817
0.1458676150008849
0.1295079744233815
0.11090374874188759
0.13256629171221704
0.08309754158433298
0.21025599217348712
0.14744618159828216
0.34777947248130636
0.5696534924866798
0.3461204614406822
0.19035528921086184
0.32488989999799
0.19886315099408242
0.08731237097820374
0.1625586110183503
0.13032211206875138
0.2414805152453935
0.29149167628012707
0.36637860753301876
0.0789647096067841
0.18032309245326353
0.1768464144795747
0.13305771042945114
0.17135573088705444
0.2070384150904167
0.11841910865663198
0.13627156073522925
0.06216208008438462
0.2341640006589815
0.22615359530409318
0.3293202081806544
0.34363087779048374
0.2191910955601006
0.17515803991869391
0.1429238028778769
0.30854727649978253
0.14184750188350323
0.2560164453519435
0.18087324478070468
0.11641649463760491
0.21706371378434822
0.18878098480097777
0.27865644872003986
0.12277507346456529
0.3363399284076638
0.12615144571555312
0.19129890716033138
0.11247345391205375
0.17552823939813003
0.21392466981901134
0.10805950532217136
0.10996208492518178
0.061524651043322456
0.07493615806727093
0.18366590170191557
0.3300135138820869
0.21866365824597417
0.19208585125647842
0.24293513920103563
0.0626210289939494
0.06246804602409453
0.1512202897095077
0.19516125693573433
0.08095348821489808
0.17875074797221885
0.18840589786268955
0.16022329818239758
0.15933606819246254
0.17554771297746746
0.1631431206065106
0.23675199739116268
0.06277401196380444
0.22541985977498835
0.12452533858736177
0.14921059541876422
0.18896649202364874
0.1481519471264751
0.2114788847219964
0.20451341034629814
0.16911379374097082
0.22490206194934112
0.3212997567097792
0.3431436491113644
0.35204656556159925
0.1755591751379627
0.1985162237078097
0.21211203499238157
0.36099788031958274
0.09625071607210224
0.40958747758030306
0.23995459962846707
0.18548437597619175
0.1410851220124885
0.23226805804663234
0.16250251286639555
0.11534358989705035
0.17514747857985025
0.15814231635225057
0.18698495768277784
0.1087064004317458
0.06241705170080951
0.3584188969323114
0.18521694560181326
0.18249688252559534
0.4492620945285562
0.1378595331736632
0.25348989708642494
0.3548622655230794
0.07167252137703264
0.11063927158910968
0.15879177145020648
0.21229414642100078
0.6026414479047771
0.1953206099273608
0.20878852111527746
0.1172158588329942
0.21286482961030473
0.1629730232185241
0.14461848835942145
0.14359452215803944
0.07677529749352667
0.11591398868505051
0.13897699525996843
0.15982829211916758
0.2093953019721508
0.15678731133990906
0.24858096718005132
0.07118807530582534
0.2275785150617168
0.18673822252383995
0.22425954801677023
0.14456629836001345
0.07567557575490311
0.2166965595956298
0.19788896834714947
0.18496481189782735
0.3463750462910282
0.4309473340942447
0.29072940725219826
0.30765177967222523
0.31212480484327315
0.35864757764068855
0.2538355863004237
0.1700922901546383
0.10824117900294164
0.0680264272621569
0.08556830364280894
0.06149915388167996
0.20120658731452865
0.16336097374864925
0.21649357577314515
0.28328731678633734
0.12972955843697673
0.08013757904233838
0.24090983205608948
0.15917949819423868
0.1895308950793668
0.23691504973096356
0.2162753575465333
0.35252988133231017
0.2816037304736586
0.19649534777092073
0.10739404483815758
0.10920434331477419
0.3677645524213272
0.20505450767382347
0.266427523234958
0.2549789898423169
0.13470238847191146
0.20992988749388536
0.16268850203794147
0.2138431436491118
0.20838089026577614
0.08923811199436883
0.1306808790668758
0.32716586678721304
0.2934942116419375
0.22851785423120857
0.2240244047755243
0.25919752959418113
0.1690434080823407
0.14181447520929216
0.1502336804646652
0.07832728056572176
0.26610141855535624
0.2464411772043261
0.3947509337533899
0.18950188785025643
0.24775803032773527
0.24925337194704772
0.15923168819364653
