0.09959918300398815
0.08594215631589502
0.12970235543496103
0.0437671347090942
0.10047493718834229
0.08159896374762456
0.07517811904449839
0.12858454686981424
0.11167268554707555
0.23106611383889036
0.19538962845914878
0.17096592490175466
0.2545847343739696
0.17168323997758125
0.1827053984597857
0.16864370594526498
0.07505565061691863
0.11731190234479258
0.0831035758578939
0.12925708006073658
0.1194379416639024
0.1498435792747918
0.10811552958014807
0.09524354059575452
0.06840895093090436
0.05986137583531067
0.15225237260106878
0.04150914844114779
0.06181753729997387
0.13730384218065897
0.11870317282464635
0.19101575604557525
0.47392590132017387
0.4051349545408906
0.3587540379734829
0.30557211134540496
0.3566415924609873
0.38491752434408355
0.3134707905611177
0.3388551191796844
0.3355100413559001
0.39275626518209306
0.0702800618971038
0.10625390311356916
0.13155265499959706
0.07831033583553611
0.053000635625912056
0.0677075449621154
0.07876923027348261
0.1250950458747132
0.08117842607270064
0.04355824611161902
0.05110117449355787
0.09148060620459511
0.0683198871000157
0.20235283334155751
0.43255322067569285
0.4378664700333554
0.22595424888519935
0.20892654947588074
0.4164682892508576
0.45697975549031955
0.29559540994886635
0.3618404513762835
0.3753068160743812
0.4202784709931185
0.3790041795285241
0.15710250607283724
0.1551522094696439
0.20884110766705585
0.16698498150681323
0.17133560292499675
0.13160342760692892
0.053157174519408955
0.14553628524665593
0.1544202063555516
0.19923921765937513
0.18662828465632963
0.1325287136788912
0.2944955055520382
0.21828210430687864
0.41763649563915584
0.24101786547754553
0.28329759843150043
0.24362469343603546
0.26936055871750086
0.39966609063185987
0.4195735569631531
0.22640913161621096
0.1892798843307847
0.27139017060144166
0.07182514595252648
0.18517447736643414
0.11954200108501138
0.14987738874664996
0.15100960537663158
0.1265829352042545
0.12112518689592602
0.1630292732994243
0.1762825862677717
0.07539726688799854
0.05166511310887166
0.1024710829051967
0.33186214677848913
0.3750544241335106
0.3972657765434316
0.38615903031386106
0.47803491961438643
0.29412944566202803
0.44419605544477053
0.7486769448242308
0.5441901180706689
0.7140095756386233
0.8022311482473543
0.7838344187706295
0.2234511168420664
0.20769562261449548
0.13175165393557378
0.0909590507126711
0.09538540959520751
0.1325287136788912
0.11173905564123024
0.15095699118233585
0.1806545803998482
0.20777946293157204
0.1745161413123183
0.14322095408304
0.2969276460731529
0.3075470910096172
0.16429585545229772
0.460344366134355
0.44535641002765486
0.45740834476729725
0.15241904662442063
0.28698286976369136
0.2711101076829304
0.33700552865328154
0.39240633745614667
0.6794837481785448
0.5555359161906513
0.215794007032554
0.1504196828748376
0.13731451974836176
0.08210633294759902
0.14343945914641978
0.15953580550803498
0.16545160690845226
0.15921680640983546
0.13897265804550432
0.17854782088226004
0.057573676294599425
0.14984029671556204
0.13147173402325465
0.0652337323215959
0.34694195013776297
0.2456461926326545
0.3923490528801938
0.475522123281316
0.32869420406221084
0.3347198598816903
0.22501662280804358
0.1520750719013399
0.10693395047881536
0.1404168588674903
0.15978231778035473
0.05490785990777277
0.16529059429624957
0.16493192667384088
0.17334284949594042
0.05597219704728939
0.10157881293282751
0.08394484198359196
0.15825519093361518
0.060030604083950834
0.08438426955898774
0.13853362510621883
0.10196371370522153
0.18321080954002536
0.29884822272501743
0.19678926763149174
0.2516572025739072
0.17664988530893708
0.1259299830493484
0.4337300198790013
0.28516707180722484
0.0777786808449797
0.21627661033784606
0.07735841059832416
0.1687037202248189
0.14702613537050785
0.10795491652686702
0.11391450694121924
0.049138555787028526
0.07820483875469114
0.09281357261602638
0.16566641210435049
0.15301570181402632
0.1408392065899425
0.13768697772623165
0.16329695705014902
0.33361625638696013
0.41012263131593263
0.2920730235374357
0.36868272601915963
0.2499368556274519
0.30319155515111995
0.13083389155198075
0.26185787073649036
0.35218230571239867
0.13542944069643606
0.2796043810406802
0.2366324935343567
0.15447874947219373
0.11201613230269186
0.11039525504496181
0.15409708486571563
0.16854021721228327
0.13254148138861319
0.10988227316624118
0.09319847338842109
0.1658692689354982
0.16316451118685632
0.13793994985812313
0.26384142100735003
0.24984510783045458
0.19584294779556038
0.379718652862508
0.41884510022633786
0.32081439333613576
0.23905837063626456
0.13751832667118782
0.20766496708200347
0.46046331816694824
0.2526656792603867
0.22751947095479802
0.2613862718542126
0.06052760473994234
0.0695571326601632
0.1054768865619568
0.04419485898011488
0.07114474196481767
0.1415231807773512
0.05650933915508282
0.09958376842952937
0.050511252284722814
0.12138887961640983
0.08676013319564088
0.22630415867828527
0.30239585539058866
0.4544671301643357
0.49724923424628875
0.20453227372192717
0.3387537717535805
0.3412874574061879
0.2635070805591834
0.14418286763825483
0.3865726745259628
0.5470251147538866
0.4087646202829108
0.3470874055240615
0.048929667189553286
0.13547617184490635
0.11520668662404836
0.11917488553465377
0.05184416047813614
0.16487910999873445
0.1543997383055282
0.09083658228509135
0.11096067509541521
0.1279397692994284
0.08966438447825388
0.34147916635030573
0.19737385676790534
0.4002141136586657
0.46330902688108916
0.3096390220042654
0.27134591737074953
0.2989549114395374
0.22397725855426365
0.36967317929044996
0.43729740981948895
0.3995005517292095
0.5436901169489915
0.1453983361611142
0.09988175043636081
0.05246087919449156
0.09528043665728182
0.16551521767619864
0.1644214470514763
0.12979829177311106
0.11401944453186712
0.14150634369811096
0.10401068599477416
0.11302177439221375
0.12888050289721809
0.26765855234142316
0.46208375429002657
0.49451010846071064
0.5157879102718901
0.2645212253049328
0.3098885617455397
0.15370221943748255
0.3888447371056245
0.4123174829749892
0.33895761656228013
0.5907541467618905
0.8063220943421705
0.20478706662527152
0.19215296287310463
0.1813112774207643
0.1443482915514316
0.12910995011619134
0.14769517485301653
0.05088924117539228
0.0874249618025039
0.15842072983626554
0.14411038748624586
0.0906791228782028
0.17351020957541347
0.174389255843722
0.05054109351293358
0.18273652047741287
0.16942059293952957
0.34194621567586553
0.23604061079606062
0.19635188039013488
0.09578039548042483
0.3261367353614647
0.3394470974546281
0.04514977828285881
0.1466316794482793
0.04836268385354915
0.07215117286330353
0.10260879632479229
0.1626235596371275
0.08852717765072449
0.1459541439914348
0.08501058423021131
0.11107539870490218
0.16204843083401888
0.050670405501846774
0.1704335476363323
0.1601083024177528
0.051535801119958466
0.11112745272335117
0.1256312662991899
0.1454505274558663
0.3813032236148699
0.30657804770821667
0.28473559363999545
0.15995163744391294
0.16540850015774355
0.11846838939053982
0.10330800546714262
0.2233374055576997
0.2000475808130366
0.12365933249905102
0.11480129691963147
0.12771326339464878
0.13239361227584912
0.07871220795466631
0.12900347934695322
0.15155265415585825
0.11003796789272981
0.1535626211791756
0.1564026168152502
0.18188281048001617
0.32803628144305197
0.4239339616460519
0.13989567785197726
0.301218309067951
0.5032539886067863
0.39207889092705783
0.2704277835864127
0.36044212093989764
0.4112469146816537
0.29335574228841915
0.4599399565177819
0.20877917963844955
0.12688556888139763
0.13686074208130838
0.08209400006294448
0.03600841537430026
0.12837898117584073
0.07844944996094397
0.0864098226652884
0.04473200108790832
0.09179543119395839
0.0389030145107426
0.07402341672731565
0.10768305617397167
0.2868132158751329
0.24819101623580567
0.2575617809514508
0.2272489151196166
0.4099681803312803
0.28407130180511
0.40513551915983914
0.7193423670604479
0.5729324649834937
0.3697894913549598
0.4710797870758603
0.4869328881048188
0.3708032236000824
0.08427258587810674
0.054659120345952605
0.092150147185323
0.0399474574981187
0.10955916373734088
0.08576737045216346
0.06480847982927783
0.11779225027507645
0.06156238580458302
0.07651519152692075
0.0961154400278527
0.3293284611258818
0.304320983734649
0.25147415199457246
0.32269020471605114
0.3173948017021019
0.32237096032382273
0.4594707225506372
0.37302812221372794
0.4612603573262981
0.7325396839063933
0.738521013536002
0.4962122003205063
0.2959157012871774
0.056121154511441305
0.06880079437188809
0.04972192937404089
0.07208868893857616
0.1038988475564629
0.08161552560821232
0.09711363737878077
0.1179823349005265
0.09720760879016464
0.060547449856250476
0.18289469771314687
0.25756368118611983
0.3999107859755539
0.36512363961217953
0.5416412629543945
0.6538550816655065
0.5103096272916128
0.508890763326153
0.2060337866430614
0.4772206952761031
0.13904022930993645
0.2640069388832872
0.5360575376869697
0.6929927446740551
0.6034314537221314
0.1252814070765846
0.03562047940756053
0.05723898546601573
0.11624867805659211
0.11438738173130532
0.09891508787778439
0.10233063165494753
0.09701028418184761
0.12262695442907719
0.0698944811689023
0.2948827884205424
0.23681894796051528
0.45942563448859114
0.33700552865328154
0.32788007591263113
0.435065846001676
0.4416302024536919
0.2878185914799195
0.3211953301810129
0.40577308745444773
0.3436311720847584
0.1100816209048137
0.038723967141478126
0.04966023879110078
0.06672325127739197
0.054569244951972976
0.1254669500651518
0.11267681307058645
0.125771235311874
0.09581715864318728
0.055750601742902355
0.036585345786374644
0.10236090036533008
0.0812795754591452
0.03655550455816394
0.09453181169877418
0.057275264012491944
0.3816328010946792
0.22768630236097417
0.3719957697810953
0.44797550211890674
0.29004422950395903
0.20719718934045372
0.13306150484633242
0.053383362868998335
0.07394975402495373
0.10333957831504406
0.11664267791020574
0.11267731287358342
0.11817884438100318
0.06361360038301078
0.10448068602350385
0.07228018358716615
0.1149076634846998
0.10964193318866537
0.1087221577898706
0.05121457515817602
0.07897892626035942
0.21395455124876117
0.23568633609340806
0.38854789306212156
0.4663424977057817
0.43339578315044325
0.24423878512290137
0.13139391193473585
0.2626247952005983
0.28477985121041516
0.2263450925726331
0.1297544579644049
0.30058632190895873
0.24313374558489823
0.2949958424861225
0.18326655062438302
0.16646821474759682
0.12988372438814025
0.03222156351435654
0.09330230901301438
0.034719385358233996
0.06609589022838246
0.07071196508757809
0.06130239465310599
0.04440650152214334
0.3057905214131611
0.24121738872590137
0.6666889755685074
0.20780671791277616
0.29290780875632944
0.42082255330537816
0.4229934279001983
0.24652894471864845
0.3826613497187047
0.39903712803512353
0.23813300112175328
0.7021738483956348
0.2558679638630314
0.04989629243198995
0.0580150436936369
0.07767574658733441
0.12894400333065625
0.09728169512411548
0.09549593253662517
0.09987513793230272
0.10403313289605064
0.12597020251583488
0.11285574092247289
0.08201255760256436
0.1593562839546682
0.14227302903276667
0.2979460712011351
0.5459926022685073
0.22291397473427338
0.6118595176495059
0.6058319262240517
0.34816651812409494
0.17115933794076912
0.6265233230011669
0.32594186027874317
0.336388896506691
0.5523181354118395
0.25946832163766903
0.19677991002356718
0.22709822247039235
0.21961617564453384
0.21327014848045725
0.1646642305629409
0.13275121041924579
0.09565346060541705
0.13221498076094487
0.06089072635817445
0.16118968546944212
0.2023878243208656
0.21088271094054378
0.39911380735718177
0.19616897470633743
0.468125947346293
0.3695656001666273
0.1922141265277796
0.3032102799943872
0.3097766903356498
0.5246298069886436
0.40077913581348196
0.22499128595151816
0.39241482622769797
0.1516060450104974
0.10897381991863528
0.03920142679285009
0.0873877599876381
0.11597823177803528
0.10593339713550648
0.13243761844805743
0.04293158031919335
0.043876552545866955
0.128814087779097
0.13797175524199665
0.3843122666102347
0.47106737139794147
0.2334773094365454
0.3951689504431955
0.24425453106358969
0.19424116340782904
0.4599440551566496
0.3759940275528775
0.4905879204210888
0.827486823725298
0.6704433937014881
0.5024894095511984
0.3144280882796854
0.08537205909323545
0.1140665280803754
0.07506958785517766
0.13301011535777527
0.09115938009803229
0.07341107458941477
0.1183051357606941
0.08531097724795052
0.14034311768268562
0.07710262290647124
0.2722812026050487
0.38304259696115384
0.30449940429926725
0.35063898563028484
0.2882045066693899
0.38281456525241925
0.21596432429259788
0.37006221687457774
0.2731783727292974
0.27901582041695405
0.19661400664231737
0.39719367538814426
0.10235281208244569
0.11833272557780272
0.036565451634234206
0.13087697386029065
0.13216122549304224
0.08828362705181753
0.1434197796217661
0.0582312412814246
0.15689595864655845
0.09310968145930452
0.13063778400813605
0.07447829945832726
0.13431413609657714
0.11190140869320488
0.07546519032026898
0.10147534732458775
0.10602962141797852
0.17518985175197843
0.3010378564843717
0.14875332181287
0.11280978971269032
0.037788941990874785
0.11993810258588516
0.07033186841025917
0.07337608361010667
0.135618156835379
0.11593241148937448
0.12477252093461315
0.10252376037470581
0.11689805508816736
0.13162027394331344
0.12347220983138499
0.11168486356692493
0.11434264132988359
0.14247311440974125
0.05222100605666216
0.07460076788590701
0.042712744645647845
0.13547455373512926
0.09136588259510814
0.19406677354028057
0.15305995027400016
0.17847281736964982
0.18827291194752255
0.07541144197107554
0.16702875277407703
0.09284679415611781
0.12511024651785177
0.13456330516269846
0.13108513991732793
0.11297704324975404
0.13052929541566494
0.04606490928132164
0.07208141737568872
0.1399173283373473
0.1528188127982984
0.0693696164792733
0.06125053397688309
0.1232161232059844
0.14304787543132752
0.1401663267292481
0.47299451129384934
0.4427627488989938
0.29713414857022946
0.40556695512534446
0.20623328369119953
0.43066505252759507
0.2911914655988246
0.24774796447567177
0.3635471496119177
0.12821781054550532
0.33953921430588885
0.23611912837434346
0.1521426233611383
0.09739205439254929
0.06786500436900401
0.11836696097496528
0.07928423517983776
0.08865366098472502
0.035889050461457246
0.08775425105934767
0.03418810045344471
0.10989024154264092
0.06282630334856759
0.09007252495018554
0.23815811476593793
0.29512711580168216
0.15028042526931723
0.30601375594448965
0.35917566241413035
0.3954017733796691
0.395849807686005
0.27582525269164454
0.45637545319672895
0.4387234651470955
0.2565013738215952
0.2595164000005685
0.11157322038625185
0.12820551728565255
0.05906477307289448
0.1162458738513688
0.10787618489372998
0.09521590682497795
0.11041722425431924
0.10142343667386557
0.10725091367486174
0.09101509824181865
0.10600734444941759
0.10818837736632694
0.3951883902816181
0.14637122437370917
0.47237356128495456
0.5630967537955014
0.7638235882166315
0.745769330244437
0.2075314982792279
0.1484698201513246
0.2513576998632329
0.29266348137518977
0.25746458245365667
0.10088794218249399
0.08966814887827568
0.051197600533570024
0.0726937595135889
0.09276296237271185
0.07475822729279558
0.14663811817884426
0.1356867205389681
0.0716550449555991
0.11292636953670246
0.12107929745213122
0.10531627350867574
0.18196257753992093
0.31256503802073293
0.5114045261248384
0.32353017385917404
0.1550152334787553
0.348851551726777
0.3593019623962247
0.4012059204465085
0.3116533765368556
0.5577402227084195
0.7360322023493313
0.4698822751618638
0.6507334263180348
0.19369256596268208
0.1414556699850594
0.13159068605584787
0.16837116985299308
0.11096067509541521
0.07259060043869932
0.13825199988104786
0.11137368008956691
0.14366431736402288
0.1592767716418348
0.08422328719576853
0.1283058414480281
0.39750795491717855
0.38909810567088526
0.4564616795552724
0.2178363416856072
0.623829065929162
0.507758205839437
0.297869525752518
0.4834039898770117
0.7081977605512775
0.5766740802540347
0.4143701751681463
0.4570335973452953
0.29351598507394294
0.15930520413305832
0.19862461132658335
0.18997991895147417
0.15050405923811164
0.1345003584033076
0.07637534762032973
0.13869401060377987
0.04977516865552446
0.07236379910946258
0.044125229447623156
0.1756063968306116
0.09084906455378454
0.13790244603827434
0.3893597406845679
0.44953729566398787
0.4333165498886497
0.20223335940435816
0.20755634773645054
0.16909031433074562
0.24001604187147843
0.26015884280970575
0.04018618732380471
0.06524790740467318
0.04083274726837083
0.06303659444461913
0.13355339459363003
0.133200947661015
0.08515054814744581
0.043289675057722306
0.10451453317004597
0.045487978869247256
0.08410970095734714
0.1310675588093693
0.07407590319627849
0.12856854772500784
0.08427258587810674
0.14033366045142254
0.11239423371967283
0.24902568922015533
0.2662143515194365
0.3583465922232672
0.21734956613887238
0.23454094723435406
0.10909953033848736
0.1563682797302016
0.10669997323579217
0.06629686355239113
0.09484548087001254
0.08523477454362391
0.1189948811884035
0.1287064968105496
0.10584400211231372
0.13436240931776586
0.12376791954815136
0.0788521718719001
0.13560285612753636
0.04656226308483411
0.13738959764474964
0.10823702984489408
0.42116689324908263
0.2731172908840125
0.43207613991759414
0.3797841020608428
0.24178230425284394
0.42214506561937126
0.31914304480240085
0.4180541195245496
0.2764157105293987
0.22660158200240765
0.37006221687457774
0.42577867391069807
0.34289384353710606
0.07275771313638553
0.10903554674214863
0.07172520065100697
0.06702522086559796
0.09950337526392446
0.12384409541596611
0.05050582100431254
0.06412096958298526
0.07454828141694417
0.034227888757725734
0.09079226454767537
0.32912576627367335
0.26731451558194425
0.374193356528979
0.19422660734767605
0.519909596455228
0.622399557014899
0.41397202611105866
0.5649908391237503
0.2286866152855948
0.5029835128319222
0.3550466266390518
0.2697104685105868
0.14951645458559115
0.1368423213955867
0.1900556100752363
0.13745244665393994
0.12344116499502185
0.14398935563766604
0.05072014088219807
0.07054938847557223
0.18091448391232223
0.11996474413960043
0.1786154398259757
0.14686059646785818
0.5152225416445299
0.5473415399096591
0.48855295920395686
0.7413064799591839
0.5669431517599124
0.47871456720360095
0.34313704793259076
0.3734399283377728
0.24124530684305168
0.3264621024328507
0.5928824427100808
0.2107785419285695
0.675175153004873
0.04688056951908205
0.12489963422249942
0.10784019291738074
0.17141402232021538
0.16017191318549914
0.08084665769248987
0.054529871017103305
0.14603290195460705
0.05378384031183463
0.05199336661918992
0.07154164429098109
0.5343248932443168
0.14739577320894492
0.2910767419893376
0.3391084877449452
0.24393961224981256
0.19604139895864242
0.3578324247177126
0.1602776643546907
0.2826460587484614
0.5277996651757172
0.6830816519428965
0.5984671812476668
0.2127878512947602
0.12617754549983765
0.06336262135539633
0.16204879861554122
0.12775621152424993
0.13720416047992795
0.048303001397127614
0.15434026228923123
0.04878046104849958
0.19082065916672517
0.12739371461308902
0.047666388528631684
0.4177001064069022
0.5727662627468977
0.7142217002568637
0.6028099140007944
0.6330861659962986
0.43619710351800495
0.11600280113124035
0.32390445285227343
0.3679882914130705
0.29730786915980445
0.3028314394323811
0.048790635951962855
0.037261746959151604
0.05008056851199446
0.06971952627235914
0.090579262080707
0.0946584959814042
0.12168739869891144
0.06426093350021961
0.04224523207034621
0.11822061185673167
0.09587466509465559
0.1123366158401872
0.10262586611948683
0.12195557141582651
0.12594932013792232
0.0827455397459835
0.1407908367040167
0.17589790343530046
0.3210040305560722
0.34902870177919415
0.09062681536842887
0.12186318921528877
0.15096988880623038
0.08041102000009806
0.08512262376684863
0.054805123701648466
0.12580842573091772
0.06545237634567698
0.09377170600299196
0.036824075612060664
0.11478563039842471
0.08394100567087566
0.10009585646916964
0.11800041633211371
0.06980700372063059
0.11184464864543367
0.10393084104723326
0.08467314870559003
0.10845635900765511
0.05545739282581035
0.05520500088493985
0.09223223922870756
0.031074665643456862
0.09754032631041819
0.09445580112919574
0.05848742191430277
0.06645704767000275
0.05677286392818202
0.04949939010582641
0.14419739747450075
0.09576425518315494
0.05121457515817602
0.039360580009974055
0.07997649609306719
0.0633161770588878
0.06299406919538732
0.0831527520478835
0.12091474113063881
0.3654195337359673
0.2841792130651132
0.22432565097687285
0.23645987646809252
0.3490600946190762
0.349330000022929
0.3978677157957078
0.17252606619282165
0.3769909586616442
0.573040119468948
0.3877658000646231
0.40479996160118986
0.4898374472185471
0.49875602071572367
0.31848614411779164
0.39674671951122975
0.15866352022681923
0.08475864917918949
0.14905911206019878
0.06955004511862457
0.157093152026572
0.0698321292718624
0.14282696520661442
0.14443821052574318
0.1076078868384593
0.10114542760731383
0.17457858888612754
0.32538097887912
0.1684189184834153
0.36286891828417733
0.19016024265015816
0.17723248122341304
0.31300978093524084
0.058598225129835015
0.4358040922500155
0.3573984908218357
0.4348114029306906
0.5582619993198025
0.17596948132122828
0.18767148421738167
0.3212979878871942
0.08099452684781577
0.10106150006796254
0.07706492813448511
0.1353319083805201
0.0392511621732013
0.06010235224762426
0.13080332291078642
0.04205623762501147
0.040255816856296436
0.050322257839388075
0.23593880772058598
0.42314211794093926
0.3892024824565036
0.33071913767804084
0.19491725023848244
0.36617538453229787
0.3874531863434766
0.3028261091996107
0.3339747360968289
0.3712195557141569
0.41874968407471796
0.2550574252947687
0.24281962688437655
0.04008671656310222
0.10420673921831675
0.0350833372997671
0.09382237971604426
0.038544919772213644
0.0928851260632817
0.039171585564639316
0.11132491203227629
0.14429882589007462
0.13013265718155978
0.0878153329046326
0.12086692132959181
0.12830733423013782
0.13831409275680834
0.2713662779858448
0.44594693380742495
0.3235263209814111
0.2686745246465734
0.38687776272538965
0.5229098036549522
0.3460507864330888
0.6977598802060371
0.573095680975079
0.40529840408059875
0.3883755424758004
0.3353257798792624
0.07592408475821548
0.06819741867243559
0.09716544773266483
0.11721743893179203
0.0751103090853674
0.12334127866031858
0.07443840878723317
0.04825198279502661
0.058942304645314386
0.19210072586316093
0.12666606667854655
0.41389555448601145
0.4327177565646644
0.2555868012872379
0.6071843050983726
0.7072265323262856
0.5645704274885922
0.4737045102028677
0.19439708932167873
0.5133652077305256
0.48276846424777264
0.20678567922723912
0.049716850429284226
0.02423939206213146
0.05563981324530866
0.042553685548500544
0.03939779020877916
0.05242065250590459
0.05648636175882576
0.032149088419248024
0.0717098898108834
0.04272307217280053
0.04352613743920654
0.04822700030543224
0.04037509973333803
0.046435860454890496
0.180700458967915
0.23862640891312287
0.587540856289858
0.7131769993733018
0.1320374877564809
0.32858279119728395
0.33897376484861563
0.04535297318166858
0.0426165926768528
0.023856664819045185
0.032305014333098056
0.04777091099020984
0.05871113080661313
0.028761243563780528
0.06880900386827686
0.04993894421288759
0.042126112631506035
0.05639358616951
0.06218744776226786
0.06319729775607359
0.054489888789032374
0.06425426815011819
0.1314850360558814
0.07193725414003818
0.12901357663112584
0.08671860918042834
0.32878785048045506
0.1390891427516321
0.20826873180651248
0.26645255300799914
0.2525295959929182
0.23735519658331414
0.21958437026066033
0.06814684825767595
0.07006274719719263
0.02205642926823188
0.02431026747751781
0.052269935013286195
0.04582668621700392
0.01739743604686497
0.03185928666046824
0.07174369928274088
0.058997528392263555
0.03506097919354921
0.03579376615981137
0.32211111474022935
0.2982015686810231
0.39556355923114606
0.39837139515942716
0.4319489183821015
0.2923157569717927
0.12573104152794326
0.3467104896018911
0.2633441956384239
0.36336872156302896
0.200421499629519
0.2414931979692401
0.1054666529235733
0.05019396917661261
0.09199812604616685
0.03526238466903158
0.03243741506508096
0.046678548573449684
0.05906477307289448
0.05118622499202149
0.10768305617397167
0.13165408341517162
0.04876228578580832
0.037122487894168076
0.2967706004898793
0.19085331855236132
0.38792988009904394
0.3506543572021702
0.35483391322449154
0.1578679002315542
0.14919274938826507
0.21136301051351816
0.3949960597173723
0.28621246094710745
0.323184043402559
0.4224582195733633
0.27759739044540044
0.033070468819270615
0.07678131058958745
0.04782708485809936
0.06697564321826247
0.0928746191940102
0.029682074993622066
0.036018886099342756
0.0969459065631783
0.06284379883822185
0.08939245249353163
0.05365866676971782
0.32616681785515994
0.34936991463800454
0.2516572025739072
0.4313200701816984
0.22119547569923112
0.39719367538814426
0.16362298396092606
0.2957076597675187
0.22796623019544315
0.4072043297287423
0.5876424303644315
0.5224713184241273
0.36629181810990474
0.10259612811133906
0.045103372328768356
0.043021377139514067
0.030756359209208932
0.07858567249830414
0.09171201712909274
0.06260889141705216
0.09938442323133194
0.09609533298845567
0.07054181428611128
0.09648159042797297
0.26116560982326165
0.4819768281749984
0.6914172400197705
0.6581689886602835
0.37146929754710517
0.48169253875980594
0.3873970321467857
0.4220966119409652
0.39387991792309623
0.28055767209624866
0.38541764177559135
0.613822226187288
0.7378297201653428
0.3722820182359542
0.05202320784740062
0.055753361373743884
0.06767184661088635
0.08609530458877786
0.14324798524994764
0.11659456709997525
0.06217191437690561
0.18043194271273563
0.14369025539663013
0.31397389002884496
0.489324486201278
0.4538524914327
0.5878589101285898
0.4922659102529265
0.3881353051228946
0.2465814311876113
0.2026695626553942
0.3151584808289202
0.2018629596312371
0.3502567046164167
0.3235495286525701
0.13881702203586335
0.17842820352872324
0.14088406923241373
0.10290707770945771
0.13091368217921953
0.10104973271636768
0.10874604522226872
0.11966597337263699
0.1606489939435971
0.17187629445084104
0.09300728975385157
0.17539477205816734
0.12478401839090394
0.14452366431987815
0.08121849361386027
0.0630649446107736
0.1099194066658232
0.11593267900118745
0.09697820713592337
0.21890356655451895
0.1706112999180198
0.41301650821770297
0.2521865785663764
0.2020379145277797
0.13025152656861877
0.10086648718051289
0.07865972148570276
0.1259475150997127
0.128141077110655
0.15651429404007966
0.1063258412721576
0.12694074851561418
0.15028043880092992
0.09677400354642265
0.0646809040815824
0.14388089622015363
0.13292889642251757
0.09341699001162666
0.12566980689630017
0.14393224046185712
0.3693008611052689
0.21433619510481564
0.3495223200683211
0.16646958406060136
0.3431999488308693
0.2226476013405376
0.41981221206116726
0.031184083480229614
0.11074434234394973
0.11359982544298275
0.035391696657944845
0.04690534990268601
0.05447484426594809
0.06774253594142399
0.08197183637237464
0.12553456900886814
0.041767772418974246
0.08034298716477675
0.14063104053290454
0.10895218776095666
0.20721444077675583
0.40256938141357124
0.2766211869240327
0.36213610078039954
0.2583965661703446
0.33651299927079886
0.3159309957079548
0.11714671487931881
0.38749035696488976
0.3569453118030147
0.2685450250861745
0.3329539128638194
0.24766652201529232
0.07991244548323076
0.07509844274327682
0.1111993529410631
0.10958456002616881
0.10771697733968587
0.04971201635198545
0.0384056607072302
0.11829934203124962
0.07050682330680247
0.037122487894168076
0.10345853034763727
0.0762097823004961
0.20938602018258315
0.3485421595300487
0.3661227707506145
0.29780941160744834
0.10942778384880589
0.38360226770121647
0.310123123879119
0.4671792821342681
0.35303929971871306
0.304309753209516
0.3533788355884091
0.6838475586579462
0.6867041829084608
0.12143955332946213
0.05629710073760955
0.04038481168714186
0.05155920801120263
0.054935837514481216
0.07964112970558011
0.02961244546113034
0.12905075408210287
0.09843280697058898
0.06755652088513141
0.05767841304141109
0.1417358869249737
0.20317146574650888
0.45049145718018446
0.2690451678650175
0.3015395351745139
0.3533427877069052
0.3992560531714842
0.6100157611443169
0.2786254329668168
0.6871871239646331
0.587533826984267
0.4678253913910854
0.38880630585366793
0.2861339932309136
0.02955276300470887
0.08349584298432909
0.11275008583053882
0.09363983926581088
0.03584926215717629
0.08849779235794362
0.04167824873434201
0.0577209382906429
0.09318895830289209
0.12479076062799098
0.405894073214975
0.41947557931567003
0.6905266892713202
0.639575341243642
0.6912005233889416
0.33113822642204993
0.3664216190800507
0.35577069161244207
0.23777126307913382
0.5064977547803834
0.4787875118312717
0.27024795886815006
0.5876906942254069
0.3316347376459886
0.09525084009872964
0.08535436545801176
0.11877360454396717
0.1382469304274875
0.06828489612070711
0.08205327883275478
0.09891186813139516
0.061378109724578515
0.042016449320730447
0.13074122767500493
0.291828696156296
0.4490920202897634
0.38528563356826256
0.46750733755235296
0.15336401885109396
0.3364227809531816
0.3296071665476687
0.2412977933120145
0.46508309487907
0.291828696156296
0.17405584510579689
0.3159252640235898
0.2156405026603819
0.12073637410427891
0.19653445991073254
0.06072605590302412
0.1327359865146285
0.15750026094014907
0.2065007285811993
0.0858017778667147
0.08266618861653632
0.16215022703111506
0.1177257496014185
0.06636773896777748
0.03723190573094083
0.0913042112488129
0.3109845770010058
0.17003012151185204
0.34942058835105677
0.29007768325812755
0.17516150158582378
0.29770776661766224
0.2308004995194386
0.39585869587090494
0.10186793870824645
0.12098768025370092
0.11999286287804435
0.12208600287934909
0.062086863878442
0.09086109871336755
0.06490770541081871
0.12290718767656876
0.07414588515489541
0.12069981453316928
0.07124163387228241
0.07749250105147962
0.12786742256707212
0.06468082525192263
0.031164189328089103
0.12640491275226973
0.4183168069971188
0.6869962916613941
0.3961972091331443
0.22256012389226595
0.406042763255716
0.2817841296209257
0.237241887086664
0.261448645878151
0.062432588282594084
0.08077389860511684
0.18209598785287853
0.0836006855799725
0.044316075294325165
0.048514992811355545
0.05965660222828065
0.02539488520734493
0.08305421569246343
0.029532868852568357
0.08300225341146544
0.06773281904087382
0.06426816603437928
0.08345919675282161
0.3930689198214644
0.42484982336801386
0.6126671095496959
0.43229657969653734
0.6060308680524562
0.3891195386565651
0.277460970427439
0.20174049120365734
0.2631071259965109
0.15710244574538204
0.2525754986456432
0.41504507652918476
0.2432369968334365
0.02705925746122352
0.02736294581931487
0.010981571981554542
0.05034792267129569
0.03689798768090474
0.047174348220879604
0.07002295582104502
0.07716871845211319
0.026697952172547487
0.025086525849167186
0.13199217813375203
0.1927811298508704
0.20786391258265977
0.33117805165228464
0.1481863184897792
0.3637899171924099
0.10383752709732633
0.3328277871948125
0.22197142576543175
0.2808367483461067
0.16132662050240823
0.40132033371219783
0.10522017067109081
0.2965090681949292
0.020451188400431277
0.033793398056211364
0.07174369928274088
0.06506504755895247
0.07343417287564293
0.07844290780471865
0.029005673820845183
0.029721863297903092
0.05751873764330813
0.08695591950936314
0.08133130944869059
0.2416194193320844
0.4069180812738834
0.5428448801525405
0.21622675663741214
0.42170554248521697
0.42288438397823613
0.11420238036252484
0.38194477856666065
0.5960091593065076
0.3765816985470055
0.434353347012816
0.31030000450854767
0.4973340431954927
0.10726499539060838
0.04872493868720709
0.08024182461806922
0.09405795070904165
0.11052316350390229
0.047543228641163136
0.04285127614258684
0.07297368734805791
0.08685474417137444
0.05337873893524916
0.24917580759368588
0.4616683382214092
0.39676450471347285
0.3340769724783716
0.35532925453870823
0.23648653365708341
0.2695087034058616
0.21108308267904985
0.2507288694707497
0.4094316089448787
0.3021296108399927
0.22826365351956554
0.17039341308336015
0.826337301682131
0.3742006894408334
0.057324999392843155
0.07908062902888777
0.10084158563059414
0.09045257779807629
0.07910098964398297
0.09514515433882408
0.0916763657884977
0.040007139954540236
0.12912243137954574
0.1281120862413009
0.47692173117882425
0.36610422002276954
0.15330433639467297
0.22107459567310092
0.4916158185282487
0.3658895450930031
0.4117780203424349
0.4343243945699231
0.1950920029657876
0.6534629910488582
0.3151823216702333
0.2868395592435322
0.13297265281763437
0.09987837441901212
0.06954457137581618
0.08726013387579133
0.10213286865659549
0.09716684477748538
0.08423186464791702
0.12788944855418835
0.13429684479733503
0.09911547428234445
0.12168739869891144
0.07057680526541939
0.1189948811884035
0.05859979344143361
0.25513886775514816
0.2888401643972188
0.12051877366713319
0.47411306390697794
0.42787782924633033
0.32335996569885983
0.43813694580821944
0.3084917859093999
0.23570877626204598
0.11694839650180333
0.10630289655026022
0.08871962803692184
0.11438738173130532
0.06755652088513141
0.14240549546602554
0.11215260654552743
0.10194339938977065
0.10058732040850493
0.1459216805392603
0.15473319254317983
0.1009166995433441
0.09082870393868933
0.09933944104838967
0.12341273381508872
0.11877416265153658
0.12884447633793156
0.43471020311059433
0.516264991029988
0.17181618197958773
0.6042080175772347
0.37004710167795923
0.3728545151456721
0.4384690220761101
0.33487970975703935
0.10454123769486522
0.2361591609283443
0.1997799387397024
0.11984410413190974
0.23555067296501309
0.19671535406842194
0.3899658116694605
0.19739616334579513
0.1452630343319011
0.2127159722841756
0.17494703028417977
0.15605976771629707
0.4389815800112881
0.15774073232200334
0.31251508109279164
0.21727648601666988
0.35988157436158913
0.12446776286702216
0.14606005602818878
0.388248320940307
0.41327915804852583
0.4411738078779472
0.5642787046123637
0.347346597279356
0.10310167424985832
0.12073323718271554
0.10345775103499308
0.058585618358356344
0.09740518261436645
0.04450321833829262
0.15126640570099933
0.09416072531940717
0.1388966474759259
0.07386635791565357
0.09136144697471989
0.12849632867547223
0.4275869855455311
0.2514801682908134
0.48213781413403106
0.45175615185986073
0.3208671805370808
0.42055158218289673
0.4688113582911549
0.4059832872394197
0.405091146994973
0.1367424547377088
0.5795792879955459
0.25812826283708457
0.04522935489142079
0.1626235596371275
0.14518095577958134
0.1559417971303618
0.15026615517292588
0.1755657189801341
0.16211776532878672
0.1779522407589135
0.09811470598127721
0.15533067032012793
0.19504684314897888
0.5369958415211011
0.20997550562359826
0.3949016085746883
0.13804552170291148
0.46189074255806195
0.26468926297980494
0.461464314616443
0.2795105240238348
0.27609383859039144
0.44613411958955446
0.4592615534966568
0.45501902614253087
0.6666090405986643
0.5729324649834937
0.2804888928539556
0.12778422101287606
0.17170725904778872
0.1156413983624676
0.14900822344600156
0.13656959468643579
0.04159867212578002
0.11350753922601692
0.11642285573729974
0.13336811763467846
0.46819356629000863
0.2383585510500934
0.19957099464488212
0.3441478837378272
0.3113748866474732
0.12696447896065424
0.27546648460684925
0.4065911347260611
0.36675143882157385
0.29319741837024976
0.5406134550099104
0.3435484026334339
0.07599262037724401
0.1550837124929369
0.1855769107054834
0.10555334428761504
0.13046064174621544
0.08390836838199142
0.12101948563757445
0.07229136325154013
0.11540820496431545
0.1266839147113921
0.10222027238651371
0.08266983299602568
0.14063099920959465
0.4070538555327552
0.2352968403605919
0.2390758661259193
0.25732505607838774
0.32213279387247734
0.3139606847645347
0.2612674128987363
0.4598090819876873
0.3723956500871172
0.5122811175928806
0.27571567271671366
0.09670800249799255
0.06880585325706791
0.047103801065767774
0.10963315821096428
0.1017236556785633
0.10844174593158767
0.1040077960395252
0.1260891545484281
0.09319840219207703
0.13640824337585822
0.12335325779879246
0.05597740307213867
0.12864662324917428
0.08507902879524373
0.11779225027507645
0.21537458647465943
0.21839619735454452
0.12102607454671606
0.351466680143536
0.11581380668590527
0.300766912733512
0.5302243965211055
0.5378634845276893
0.21782107178630594
0.22171177028286831
0.08202738078290076
0.12879531328991525
0.09387305342909585
0.1368269326094502
0.08177391864416717
0.11112745272335117
0.1334243555360816
0.09906710901694055
0.14222550719365137
0.09663147924075757
0.04621411542237541
0.06316417019231456
0.08547386216871079
0.05097359874586244
0.1650696202673578
0.3392998351594329
0.29676703301987184
0.25151697566936587
0.16447304873721844
0.1268252198956708
0.2591295483137638
0.21154586541569773
0.11140615814513805
0.046922903252814896
0.01601479247310036
0.045322672019328096
0.04930561750973902
0.05925343015579523
0.02268928051623725
0.01786494862216661
0.07741430434739983
0.050730780114963445
0.04078198638415788
0.09047414669208985
0.05581709492693625
0.22909764104867392
0.30384665581448767
0.2897016175191056
0.3219022901807856
0.19021543981388422
0.17565471612910533
0.23610118832337126
0.293223440576229
0.15123396135139217
0.31703458839228943
0.23435208391925985
0.11665930815187674
0.14703767847041627
0.04695789423212341
0.06696999434977825
0.036472488757815384
0.03264521632695253
0.06731981404672219
0.05586952782061505
0.04758773185967798
0.04682029940422239
0.06042942126592933
0.0861807476135245
0.04582804358881344
0.3680837201183799
0.42238173192237716
0.37323617975215084
0.2590277452382891
0.2856594297825181
0.3035127812576828
0.29708825912643466
0.393305586124471
0.3761304696846135
0.5976744877628077
0.2869462067331741
0.1035092735870078
0.2147315465544505
0.22036584151923744
0.35078954411633395
0.07335427590571568
0.10435346448801117
0.1197869587930026
0.0929312754631692
0.11676010600262561
0.07416338064454944
0.15937785033875684
0.09042724094155015
0.1184154950291279
0.3233140762550657
0.3788499650722245
0.7195650047475611
0.35115933307320674
0.545366917273978
0.4176546513865174
0.7185790378474931
0.6346388318910384
0.5868629997121557
0.3541499390370821
0.4295682572738107
0.5158837357273482
0.7123655720487095
0.24593009829531517
0.22906237465487797
0.13660412373544845
0.10781840575525971
0.051356325988948716
0.05424804293671178
0.09899226378483432
0.05715393496755211
0.03845539608758141
0.05825959144757914
0.12408076171897267
0.2581522387892049
0.4334374292199533
0.3306713145217632
0.23041559874704387
0.31551287080997814
0.2445920691359507
0.12023030846109554
0.20446978758972706
0.41152889145594934
0.40764861569571986
0.21581934388908014
0.0881077320856893
0.3256871308616978
0.08859426923293694
0.07166152562398592
0.06832938181020405
0.030268952481766784
0.057227746659193696
0.055005819473098405
0.07543607892688724
0.07964112970558011
0.0711974720473683
0.10902885591737295
0.08761484986715663
0.2889782100429988
0.23277152711988972
0.26757920357817916
0.30319155515111995
0.3023196557190224
0.2036300040863207
0.319168381658927
0.3068546693872556
0.49179257764691403
0.2375187675466871
0.48345636518998225
0.5075225730737447
0.3873757397923687
0.09859669000695939
0.041405417668705265
0.11214601815308797
0.09372103228993969
0.07360666784658633
0.1126531602309579
0.03429751829021747
0.08830398766691204
0.12235531176024915
0.09744723402676585
0.06733255411908669
0.12885478930621222
0.05258955821667117
0.13289140384940507
0.30568917398705653
0.4337755239385337
0.2085112456998687
0.29628920021588395
0.3777873656649215
0.2142847572857852
0.08108147520198337
0.07496778477970302
0.0456272379342307
0.10697316895880937
0.0938234157076159
0.09330876146051013
0.07975585331506707
0.09432958469351958
0.08139292830166195
0.10937871513997821
0.09458248541182646
0.040498212351760016
0.032835298107890945
0.05154060206895323
0.07877228693955711
0.11413447527284562
0.07893446674704929
0.06649776890019268
0.3730335742111981
0.2587017393922265
0.3272001651776914
0.30958533777302916
0.24667870511803308
0.47803212260069594
0.4894573943706556
0.2751525376128857
0.16015888831409303
0.18975092018758705
0.05710527823161359
0.07347168295959133
0.054932939526246116
0.11045554456018591
0.08812187584413635
0.06130829690962567
0.06701598551145999
0.044438885447241026
0.12162845332619603
0.09007284712893834
0.09422699806833183
0.3126821463882525
0.24467351159633013
0.32826431315178656
0.5993066981554515
0.48345255937397646
0.29044262375092444
0.1154557119473766
0.40729974588036144
0.39049939996025457
0.35828183242657324
0.5253850569246254
0.4505196144537795
0.5976500340344083
0.09628937585167109
0.05288967939674692
0.05755235848806153
0.062075298488875955
0.054627837874574245
0.042024309556031106
0.0519195684921896
0.045453282121854205
0.06853383040969034
0.0852249450477577
0.07337608361010667
0.1881884029338348
0.33859696077556645
0.12402014444386097
0.27132555675565434
0.1215035341980874
0.1418217061880849
0.3161745026318129
0.322056783302899
0.3504458569105265
0.11426206281894652
0.42211404874490377
0.26613718477574183
0.25245822960617603
0.13042887537275735
0.06218217503791577
0.029980300708425778
0.05480362066589339
0.06897454277092709
0.02918472119010966
0.08594367746311389
0.10110931533294325
0.06757220598759263
0.02757329486672936
0.08254873278824529
0.23445248281865247
0.2557840587457693
0.31719210684989346
0.2490917650719402
0.272055567536464
0.3294551454085118
0.33305894172362227
0.5546656831466871
0.7236579356492889
0.18331466489861312
0.3911440211734606
0.6442442085229112
0.39162051334337206
0.10012344628627758
0.02866747323445674
0.06791637681605235
0.05869736779015432
0.0521890456387572
0.08186338343573821
0.042865451225664104
0.07014231900219364
0.05626549472820754
0.05005459590093334
0.11207839920937163
0.11969316635330253
0.4313446160885101
0.19781328434330112
0.17317698995500605
0.4154419241519044
0.20719908397579673
0.2931474300066513
0.31292011723558166
0.24962114106441005
0.28681998484293175
0.21932454580308533
0.13562838221784118
0.42457934759314914
0.046905407763160566
0.036913599296692905
0.04191919321168698
0.07617548503621169
0.06502919892443002
0.06376944647746581
0.07179403481669847
0.12178281485053133
0.07369078419127498
0.07904362565795305
0.0889495703573875
0.3919870167220075
0.3886299855467858
0.30468296207444573
0.381843068779852
0.39267597055064873
0.2914498606194046
0.385550945757235
0.6285788031800129
0.16026728964384696
0.28621246094710745
0.16648874963162108
0.0436851339697266
0.05608588336753187
0.11190935185008141
0.0936184275748867
0.02734451211711367
0.03971476151524602
0.10264555656098111
0.04387188212415024
0.08507940186084414
0.08244613113583739
0.03522508144701559
0.06305682494914167
0.10680412159951919
0.06818148091165928
0.025872344858716822
0.0535759256302305
0.39473661925044284
0.2835129606056185
0.15382800155453236
0.28328426561988823
0.2047259847799873
0.2059639571127311
0.051611694480165476
0.026016804008287958
0.035635183338364365
0.017745583709323668
0.01855129687101382
0.02256991560339424
0.03766778922569368
0.04269620985416533
0.06691852766923952
0.03624568742857907
0.07238231183275307
0.040151132967293314
0.04657778545154945
0.04766419993733957
0.04915052483927286
0.09605270954866522
0.0629874253238146
0.21249253062772258
0.21584288062184437
0.2777426212387995
0.386562635595027
0.332906953000917
0.1943573945695451
0.2032706913280499
0.1462910194574048
0.08144246037990549
0.14211442825473702
0.08533510696966944
0.045698218977014336
0.06820681776818535
0.06260129501889343
0.07226183215993941
0.01995383459691887
0.021465790159596675
0.07734855919350508
0.023793405960034885
0.052818749807619074
0.023097110635117418
0.0703535091275462
0.27088351622208273
0.3186869813849317
0.2647820906950151
0.4999406603646999
0.4294257329681457
0.5969062256535318
0.2589220674894114
0.2885069331368385
0.11744512716142651
0.17319116503808304
0.38569113174413655
0.6110768403560352
0.4433443154932049
0.03728288845329925
0.06182531894013723
0.035095952246512546
0.05733549210745335
0.06027120243973804
0.07080619740089764
0.01943658664126595
0.06991259655261191
0.08918938676148527
0.024430018828530745
0.07369078419127498
0.3379936660577983
0.473992064954733
0.19459464916227476
0.5499111340418629
0.2853302472623651
0.27301924585615106
0.20877774718388709
0.30794415421787696
0.29457647726607544
0.2083362908033254
0.2855983479372332
0.6226014242656354
0.400775457380401
0.20439980563110943
0.03909476961972881
0.019575845706249404
0.05378290412960264
0.020132881966183347
0.07537875977951393
0.0651692315562128
0.033580771810052326
0.0380033977301605
0.06389955215875316
0.0510978956653205
0.3271775656466524
0.3655074714709602
0.3776571281105272
0.19718958068790096
0.23941715317508802
0.7262950744542117
0.7649731102598055
0.2883266703599598
0.34627881814182343
0.3059589630322091
0.48378946120488625
0.32084978477008647
0.3702170642719543
0.11255348024502883
0.05520901037031056
0.054820966594332825
0.069636698381528
0.05029071928459152
0.06616038142587327
0.07779559474532868
0.06949899745101502
0.07931990359901797
0.07852061949042337
0.06408460825920076
0.282712855909476
0.17086645141341122
0.3026867712693794
0.19778651054178661
0.29261403835645816
0.23190230421616276
0.11040259730369006
0.14442992147430278
0.10922884232740077
0.3659655556625815
0.35199497862670953
0.6132396064594139
0.20319893864786337
0.102494072715306
0.10325036429059932
0.03649559141885598
0.05196979509741841
0.058738488057126365
0.07943021976387978
0.0750167127176605
0.07576163777958646
0.07203585620602643
0.0699125676211191
0.09923079990332023
0.25338785485698045
0.25202482532010784
0.3154013144199594
0.1009230338087432
0.2536219338259789
0.3206618802097301
0.1036385855759212
0.45246339098032334
0.5767935388160254
0.33254992634624836
0.36614291365826385
0.0344312767946885
0.05034644779492657
0.05328340927432905
0.04943220708236611
0.05846315139435861
0.061408986826062224
0.036217337262424536
0.02279869835301
0.03665676483781989
0.06181482742834808
0.08070320932511894
0.07785410533202435
0.06472706047232557
0.08881748257104669
0.07962130622566205
0.050554613851964046
0.02119721910569996
0.4197238876696456
0.2660623303802803
0.32791350773282274
0.30074047640288976
0.3429256489209789
0.2024863171195394
0.027520910092436974
0.019273566393744602
0.013863231249569924
0.04770516479168129
0.03418763562699935
0.04951470985440574
0.038309327067420615
0.040170773709787944
0.025840838219391333
0.0619442709727301
0.04821696195179046
0.03093202570879068
0.04008800425846283
0.046239763160081084
0.057726771729881
0.058345971986796176
0.04754203624676971
0.030355867070147757
0.029759304300817527
0.03948946313017985
0.044517798197876615
0.04026708098291451
0.030176196122551555
0.07696196508757834
0.06598875352281826
0.030969476221956106
0.03790468057436439
0.03238415135009704
0.035804561810449866
0.033533933061425984
0.042464571537696366
0.0379735147400563
0.06506676182829255
0.018481667338522093
0.033311412301774604
0.05419553610926763
0.04930552279973575
0.04128935558413241
0.21122102099528425
0.14498274971431654
0.34407899509917855
0.27989869456442174
0.16582012183790285
0.3414418562942516
0.10716979758085914
0.387830059092369
0.29692262162903543
0.4908258244862745
0.4489364286428649
0.5573694852233074
0.12464681023628651
0.060048349966790225
0.02965427379764858
0.07962130622566205
0.06955837453071616
0.0825627302773112
0.08644838968685872
0.06996777618682845
0.056663591809319125
0.07829990095355645
0.08536891644152762
0.09126594700686905
0.29522973665275204
0.5712448365132865
0.5178600105363819
0.4515281201511261
0.29084729477036503
0.21814363012757645
0.15358702514221934
0.1145803692531943
0.39104719472114974
0.13541949362036532
0.5156606887363974
0.18054937775108418
0.6116471553836329
0.04274327695948316
0.02627170657242566
0.01602473954917062
0.054700217003198916
0.04188178525036632
0.055538301839150504
0.040721230189952676
0.0926338953816872
0.060048349966790225
0.025573932576609407
0.02955504821610769
0.09483542325375081
0.41720888272809853
0.3334794499106348
0.10655307886450364
0.2691645325774021
0.24963857424278718
0.3064239428263126
0.24524360881898968
0.39635869382797645
0.38404179083537066
0.2759687156154273
0.37377687127799586
0.39430504580535813
0.04558741719765198
0.05135754007196586
0.01975489307551388
0.060684672430089785
0.0646603454142414
0.03809471084270073
0.05967677440540608
0.06591207307189793
0.07410624875308418
0.06275202238184859
0.08225844503058898
0.2584359365659329
0.2025761122572634
0.18319877369063575
0.2636046552972514
0.28478988818947387
0.15493365803455997
0.336426086180747
0.2879825109771749
0.16134079558548592
0.40764861569571986
0.44225483066258353
0.4164112370059908
0.013915959422277911
0.03849007723944547
0.0540934368216015
0.10180903377815377
0.04009966228764045
0.05344661462431282
0.04589066936321156
0.021744308289563648
0.08574082063196552
0.03200733758847533
0.02516610245772917
0.02804080744203107
0.11121825754145068
0.13234584711465863
0.2982354952213002
0.33394714627972094
0.6076576377043851
0.24804977876914547
0.5270482762212079
0.3053879898167023
0.30796949107440313
0.3875032264875892
0.6169214329934855
0.1763166503107618
0.07918223526763432
0.058251719786727274
0.05364736669937836
0.03236171466540707
0.033031484467305944
0.038481562529505235
0.04687318457323292
0.055731430558909084
0.03660838594076743
0.02771079714426281
0.048613257744949394
0.056056104340614824
0.04099503385918425
0.039474822467619915
0.0529014100443711
0.15845624942285752
0.4663514725629272
0.7775914053823252
0.4069349035001627
0.09130896050575703
0.23142684750914033
0.24789359291168328
0.25931864915109537
0.02982722217265876
0.044898978627464725
0.05516400511493725
0.02006325243369162
0.05710941280241703
0.050249998054401585
0.03113138048021883
0.03213921449493697
0.05301957491664556
0.04818391598436147
0.06233855239149685
0.047806724243004424
0.019585792782319658
0.024931072757368097
0.009151309984628809
0.021177574117441162
0.030759930277675606
0.026904307680658213
0.11185953508208923
0.19714303040417702
0.10333957831504406
0.08195395974277875
0.1513447624088339
0.4261752645207286
0.20145334623879746
0.009370145658174242
0.04093352904482474
0.03542532516714815
0.04942944785644082
0.0772546431955999
0.04923473423573321
0.060349907266584776
0.06418326465614316
0.027116933926817258
0.06583995004014609
0.08344177654561971
0.04276622564412315
0.1045537165743837
0.3954355828515266
0.186169505411336
0.1684708623733524
0.33038805987274084
0.3801537015716967
0.31372318250198766
0.20756574150046245
0.2098054046266716
0.31715730133444625
0.44593421392259797
0.5004139929707124
0.35455673965967366
0.1117959243143429
0.08924376245279063
0.021248449532827514
0.024534541189446504
0.034144751514275276
0.026995540536574696
0.04251590816399942
0.07414417178466123
0.05188988216539509
0.016631511189455776
0.10862388153169887
0.24328898976987196
0.5585661515813608
0.3889691907744275
0.40936709583212016
0.3566337693703339
0.10386736832553647
0.26161571907318515
0.2742207981816754
0.28519165705746463
0.3415408259714486
0.3433677631933186
0.31248416751953256
0.15556232266261907
0.08090058288774755
0.07157938561275111
0.026730601010371943
0.05037900603988514
0.032190132465157555
0.05548312220493374
0.032503465496179836
0.06278382776572183
0.06324079388907526
0.07238905369543211
0.06450173967347647
0.3101923137494133
0.207094111037871
0.27693184182996505
0.19418243967300247
0.2959598210810448
0.37911167688612374
0.48136913789514263
0.24816317943376348
0.3829598877359138
0.4382781897728711
0.23622385633191542
0.03925080504096029
0.054760882617938336
0.026379645738299554
0.0644209861605051
0.039307505373269366
0.025832556554435865
0.0682834923664094
0.09419163560797784
0.08976414778307155
0.08001046961427528
0.09148783353135748
0.06757220598759263
0.06725111165870683
0.27512565620467394
0.23155280557457325
0.3536186858779894
0.24894332229094035
0.21557942352020315
0.12076745056888925
0.4996943860320446
0.4050415636253637
0.18725422576990186
0.38815290478868786
0.18169066005983678
0.2888246909526444
0.07225084136061148
0.027125676443568166
0.043999289220243834
0.07137179509230299
0.059262927148780516
0.08705939003442897
0.050999352342265235
0.05862948600133018
0.062157251619826256
0.10278079444841313
0.055320738286875726
0.05001960492162483
0.3080033374281915
0.1105418563686735
0.21979283995026955
0.2687832075589095
0.153543066220359
0.1592145331238948
0.3969231996132802
0.2854196887661993
0.4211733151471141
0.46839788830080326
0.12315474882574871
0.2274236241780209
0.02893329431251419
0.016203786918435097
0.027028882395037018
0.02601931463155516
0.03512183717895604
0.012692469065637337
0.02787783710523768
0.03077456630190206
0.036310107948969474
0.022989073405741536
0.025939423630999867
0.018583533914300763
0.03876539048488993
0.04878945886150828
0.01728554377844187
0.031201081579621634
0.08430725310018707
0.16947729327183825
0.40163838755092957
0.18468715741374908
0.18261435678684232
0.46601248451031213
0.13887112901674215
0.1325348415599937
0.2141245705780663
0.031772418083694104
0.05575483792974185
0.033218139798478485
0.027373053223496747
0.025858701578273958
0.03200044979242869
0.0398521459931355
0.018285857169678104
0.04520177238528549
0.03385004031883198
0.030277543548655843
0.025906838264760215
0.02320303618813986
0.026547043235193416
0.028097756384795215
0.15598978575768013
0.28284527878448007
0.23746628107772424
0.39237768916598326
0.5043863562018602
0.30145418859844697
0.030687088853630612
0.031700699857518076
0.03705327221229279
0.040310938732980264
0.023898838867764765
0.03672644006304448
0.035804561810449866
0.03746873085831537
0.017931480092746362
0.02585798117061994
0.041124361348063986
0.02933964635186089
0.037707794331935565
0.05152642698587595
0.09911266596395764
0.22437965481631242
0.374710376602554
0.27285260792926785
0.32648226545852815
0.1014104405361853
0.2731819870641063
0.2471982278681074
0.18721923479059374
0.11540597656702496
0.11304851953837634
0.5585979569652344
0.4846433916307017
0.1512660035510207
0.025145359642295726
0.025124999027200792
0.02541004763853044
0.03643621837293618
0.011628131926120725
0.03520460663028116
0.057036579024497734
0.052874178487524744
0.02724047739173477
0.048794920645824275
0.3349743029526757
0.3893597406845679
0.3484869798958321
0.2849468082541935
0.3817051196943103
0.26780346013826867
0.4489011879865237
0.4032803566730565
0.3937506523503734
0.28894151182332334
0.284722841488149
0.37665618316347893
0.17833672019513241
0.12004329423852156
0.08894638237130863
0.040795889096382675
0.06203879419439287
0.03590894461359777
0.08583192102414193
0.08811371814315819
0.09686280249917237
0.06385088893784574
0.07959524026178601
0.11197024285889708
0.17083810124725654
0.5108949292467015
0.2854389137097966
0.44981711124988694
0.28710730510110233
0.3113514263406049
0.22158037647162582
0.10580704815923546
0.3606412477383587
0.3407807202756664
0.1679038590502616
0.18779552145597211
0.10631337912986542
0.05704053430293396
0.08758000348205133
0.07642886863995607
0.1063717307159524
0.07042736761352307
0.0804447902402514
0.12452028485312693
0.14866024775976105
0.05857144327527907
0.13456448687066924
0.13340470455288833
0.3091555796021206
0.39221684001259954
0.40006896454667457
0.14166625739248193
0.19418446307551968
0.3840961132423339
0.3234690920138891
0.13278351846174977
0.11300873123409544
0.2635070805591834
0.36181031119230583
0.70573891556453
0.7066855807765577
0.25067537576671584
0.0405144408341229
0.08047105004906747
0.07888395388296887
0.04242602365026868
0.05965660222828065
0.05404356754211225
0.09387305342909585
0.12219628484088293
0.09986023136170341
0.08536289413329945
0.2585640710608429
0.1867992447922625
0.37887032568731965
0.6376128297706004
0.42103715954901516
0.317070759004759
0.20006712255258657
0.4451693159546903
0.35795640408005386
0.3341176937085613
0.7217307957533782
0.4400743346628185
0.6584668623271221
0.19283783018317907
0.08110892298741572
0.05505510321681597
0.09054977974967322
0.054871857680961186
0.05994165083961029
0.054690900659321154
0.08284734282145885
0.07817266750415246
0.06529649260958903
0.06246636711138738
0.07642379339018723
0.04227009773641879
0.1784889854531014
0.3703234949850662
0.22383729463702984
0.1099450318044588
0.22862934690148903
0.25110746596634287
0.09341299137570547
0.21830775978730382
0.028985779668704668
0.08221765498294524
0.10116870372022463
0.07239059758602862
0.04566322799770575
0.1146102834032171
0.07466237555327837
0.10673650265580281
0.22845060134471332
0.07977288994211719
0.06468082525192263
0.0444955857795501
0.058120016631562674
0.1299253575995477
0.04375848145953209
0.12384409541596611
0.09403158176465316
0.2316802160744011
0.625152407291758
0.5989686034368717
0.5074125536453243
0.10485212885649138
0.3301716899878205
0.09464642880841644
0.11469021424680485
0.03430746536628772
0.07743141920619469
0.07354254172305445
0.032417520912940444
0.042553599397964104
0.050212055307822044
0.09652957444910307
0.04591309408727713
0.06651812951528761
0.10463971294287008
0.04375848145953209
0.09516162607428559
0.09017716425565032
0.23834136030179273
0.4308002904150271
0.43404807371773374
0.17041284875493848
0.3539417729800448
0.26267117628046177
0.40720254557349617
0.14276043576020944
0.42892740691414616
0.5853780901864795
0.45549861910549744
0.6243933262741106
0.6326090852382
0.12106343117137981
0.059656276933019003
0.06277675911105382
0.05427100890761806
0.06252436717018331
0.02745392995388635
0.06970606512404297
0.07069268816562772
0.09427440505930303
0.04869141037042197
0.09283991552590762
0.12012089062432292
0.21694964649761503
0.627774666889472
0.4757754918465767
0.4533523738210035
0.2216153674509346
0.369199432689695
0.33710687607938544
0.5435215749249096
0.44394774709079493
0.337764296547416
0.4322785605454145
0.5480703749032009
0.26481162612836856
0.05284420451410191
0.018710450088137782
0.05879204210901938
0.06498180491113499
0.0540760415324068
0.054424880340431164
0.04527832722531131
0.026031498075840785
0.037265392963644915
0.04499839939084258
0.3265414069080137
0.3793677699467683
0.3322625177950181
0.23988876704901113
0.4166062383363993
0.22961080622294636
0.3169944164136867
0.2085404498127635
0.2679941206588639
0.6166109771499744
0.2273669887656007
0.16991619552249762
0.4606540540656679
0.10194339938977065
0.01713881206903851
0.06417037758654222
0.06329133131823343
0.03411620482587213
0.04489515628442277
0.0509015377374408
0.04941521283550751
0.07297506625164092
0.02559382672874985
0.03549440802548378
0.17826154408759526
0.32708656775211953
0.1970516999763067
0.24901906675155963
0.306658340024384
0.30216790079400413
0.11741528593321567
0.2999377075556381
0.10776662214507453
0.2245775844975885
0.16024931418853602
0.13340170684018648
0.10514221635045791
0.15139619948255834
0.059239727969437446
0.05123858803937299
0.01845182611031132
0.05280690994542181
0.061320780107554027
0.0619250824011451
0.07164227086716704
0.07449035818665148
0.03880499605322272
0.07437475837868371
0.16179828832290546
0.24813481616247654
0.18345770451492038
0.3190163605197701
0.2753569585444597
0.14328763079193244
0.5557736342819741
0.380767065912626
0.47164213241952774
0.1700925785034326
0.010593636014814816
0.021356372322823922
0.02727546837104336
0.031949776079376616
0.017862894937033524
0.037832799009136324
0.03813708425585863
0.015465015637301455
0.019994124023266762
0.03322395730731207
0.017897885916342112
0.024178766702233494
0.04689683884973371
0.0442634883510475
0.01562094155115142
0.0469613564108046
0.028310583757099873
0.14971548521255834
0.1933647615569898
0.22066834639935376
0.19096220897578306
0.16293047019283402
0.08911874730679537
0.12257090287175718
0.057054709386011225
0.06706665922451213
0.04212965072448227
0.024026765815972417
0.03648853599785874
0.03349403796956217
0.01764797843120097
0.028543234040259814
0.02271912174444802
0.04040231887034667
0.015457756213166484
0.0293400798571912
0.03515032563118912
0.018626059163532573
0.03478994654191355
0.014302658824965281
0.13186331674386959
0.26398468614766535
0.3302989115233139
0.25592529812353104
0.19896874188451039
0.16312981388570813
0.17929162926313655
0.06690275243801794
0.04136933358085893
0.10423432903542466
0.19311862491450238
0.05752476867095318
0.023908400217002208
0.021582252000674915
0.017075597902590323
0.011120831046538063
0.03861041686187106
0.05108611197748434
0.03310940461201443
0.03766375164984619
0.018824510326614415
0.03263875363920268
0.19385002536957063
0.3591782000801906
0.11102926309611559
0.3532075525008468
0.1467121098497429
0.14730746333898836
0.25904591022068607
0.2837336791424854
0.38385917796580415
0.2706329947788304
0.25430602895218274
0.09870955262952333
0.07014231900219364
0.024476190026356415
0.02487207853668942
0.018247795709428024
0.03173045469414446
0.028141613450538235
0.01032506496091817
0.028782669013617587
0.03648210781673083
0.03421137321437985
0.043573375906301365
0.03222490638257711
0.1256337613138429
0.3586375085543463
0.11034291484726838
0.31747602546602327
0.6532328057690108
0.3832885791629291
0.3395699587001803
0.36299484614497635
0.2250051574145837
0.460641746215837
0.2660210165589113
0.24181495868482974
0.0938894931937241
0.10362194065892713
0.021435948931385906
0.0891555772896271
0.03972819103288065
0.017932876895650703
0.03161455156997338
0.009986864374529657
0.034031760744337586
0.03129426540097861
0.014869662148056064
0.02104707405411497
0.12184173478447598
0.3161447646236644
0.4039555697597504
0.5079001750713332
0.3460082929240279
0.20025337458304204
0.4726598097398135
0.33096217779026843
0.5171159420621942
0.2552941850354489
0.39759938905044107
0.1881688380208945
0.0980474683882888
0.01627341645092682
0.04196411182183204
0.030764889408509254
0.029618785278977936
0.03175587949173484
0.036101941891932006
0.023557231664887573
0.012155326957843902
0.03866480806536002
0.050125284984183185
0.030597107173183244
0.25081036072203805
0.26796605526498324
0.15265146965911913
0.19698171801768907
0.16492709160403501
0.3142480168643439
0.4330586810899232
0.46968904645290493
0.3532577987926361
0.3731246865736074
0.47777286286565734
0.1984338436589956
0.038678035805587076
0.04505308234454442
0.061904859678955836
0.02100747312051393
0.03909780611302471
0.039759938905044104
0.03819826603172844
0.017676328597355507
0.01668407278194664
0.01937733856662793
0.030174431570754896
0.04731317096380872
0.09231881300797795
0.14471342313584817
0.21095633299905006
0.3150444583221805
0.303681116911838
0.24894073957563564
0.2304133732480974
0.28807208493175074
0.1954415442966774
0.27926963451987913
0.10654753199464649
0.08723479701926519
0.08861926428167814
0.026240386673316036
0.03227917841217127
0.04273351770898371
0.04326880185565159
0.04760373637610717
0.039016266690456984
0.04795110213434848
0.04530469228976108
0.040679085973839
0.01630134553886036
0.015138988726524185
0.03310940461201443
0.03760639918969925
0.09656066592236258
0.09331352061500289
0.18797154084572842
0.237989762376807
0.26924902516059074
0.12666854237848343
0.29353188776587974
0.20226412564763124
0.08470111136665785
0.1314850360558814
0.03321221965004331
0.04274601689469785
0.07698416742073584
0.061111606744580084
0.034164690905102026
0.055404978707136524
0.03475556996712457
0.04749159901269799
0.04137880441904973
0.018767809994305336
0.031296600667937644
0.03458530347637304
0.0354529149842565
0.033183869483888774
0.08276558710845888
0.18901783700944852
0.1644628997829984
0.2155015736230874
0.19509422467828652
0.22361584686901514
0.1316885506278665
0.07601790254790472
0.04259612464719598
0.13388051268325982
0.13968724401968138
0.1207810160674658
0.05638997424223981
0.0960240283105838
0.06179558093198903
0.0329231146085767
0.021290974782059324
0.028640116564078277
0.03164573380106373
0.04694490100190643
0.038570196568233774
0.0301246022541409
0.17376520324644196
0.32177807788111207
0.1377073211165229
0.18604796538916665
0.28018242432196905
0.33963779106075415
0.300951181816681
0.36796716732814116
0.2524309059475168
0.5027468465289163
0.4541288259970684
0.257523352889533
0.18766593597113834
0.0313694588499982
0.04915897208157663
0.027338468191631476
0.032505102318423365
0.014146732911115316
0.031165432539328453
0.01026538250449663
0.0265276887827972
0.01993016680664144
0.03159967462740326
0.038332292503048045
0.16519241331583814
0.3975991037990319
0.17886119826899086
0.5924433753682715
0.3269117429170859
0.3650746771230151
0.37140621335183743
0.3241613529271179
0.5644491326698223
0.2860337603580428
0.49186019659063035
0.3606540892406237
0.10770252458599638
0.05751466431418303
0.05816582152690309
0.04145869833361134
0.01964666514509605
0.03594953169220719
0.009240833669261046
0.039915756760881924
0.029182476743361333
0.03674963638834998
0.04439183654959425
0.041569636722288986
0.08282035269277638
0.1877091085009135
0.2189376941162805
0.17490241007397064
0.2774892526735388
0.2485292256642388
0.17460498674984828
0.1969117360590722
0.18208582267414275
0.016253522298786377
0.03656108396712162
0.055074791090492584
0.01509966147463753
0.027414610671439917
0.2243596552498916
0.03155212529482883
0.016386396037323978
0.03639932197341414
0.04168707880095181
0.036310107948969474
0.02969479584855616
0.016114263233802856
0.018186631588137214
0.03495411687666074
0.22696298458295966
0.1723973603857562
0.30538886580955016
0.48122291599968214
0.6218270601051813
0.3073231242435727
0.22472010880325358
0.17571432982583757
0.4097707989193316
0.3319069342315997
0.40751771112595137
0.1710499201039965
0.3070983299018116
0.17502233863271902
0.031227766502245673
0.017265251188114693
0.03327331943269525
0.02838262098697861
0.05199896771765117
0.038005174413417706
0.02824495265559473
0.024703631391862293
0.02697781500084366
0.05483688702530691
0.3065228680740001
0.24600408002901925
0.46481261910420596
0.3516248948688249
0.41345603135185727
0.2504355656682086
0.3410503462816901
0.4146731723387461
0.41582269438191943
0.3055319167846465
0.3112622564395337
0.46232162103123237
0.07144984741259611
0.07160846139530885
0.053106051278646545
0.06800889917213407
0.0391232292932648
0.08183525270577624
0.058933528279643065
0.05754000117070911
0.05866965389143439
0.0633928150282317
0.04009966228764045
0.023146846015468698
0.096052259297102
0.05855712901315192
0.24231253171196346
0.1983288707210699
0.33196538495851424
0.2425144923825793
0.1543099543791598
0.19980263828181904
0.172498419224014
0.050799734661965947
0.0839801350105566
0.04969559204696241
0.11255173181538404
0.058203852487979234
0.05677261021368467
0.019486322021617163
0.028421041569926055
0.017208441601530237
0.06109814242044154
0.05062303933909149
0.05837611743606952
0.04864676453005791
0.06870084681551832
0.04740379543985278
0.07637559692729137
0.06389801642298684
0.016671299493736802
0.017944525230728658
0.027528011336058072
0.06930562057622755
0.0881410410584737
0.2343754963356103
0.1440753573031058
0.15756991073564106
0.043376698372635004
0.041881342370506926
0.03658306886712749
0.06325752184637538
0.060099023679842364
0.05680743342613557
0.040008608661628454
0.04127096679751703
0.06602797692078954
0.0809398756281255
0.02426091853533652
0.10246224779143465
0.09291854555395208
0.1488157357291821
0.3111855471653149
0.3908245570340372
0.16000833777622234
0.10623477243025585
0.32437347974311587
0.2355505149978359
0.3333401703033367
0.3482375601377159
0.36243753831808895
0.34079947632894897
0.3564100276563463
0.300232389773291
0.13916303749462233
0.0663810999627402
0.06665124062932294
0.04729945112938494
0.016287170455783092
0.011777338067174434
0.05190638648108308
0.03675617807119268
0.04060517570149485
0.039343384780087316
0.04503421651489689
0.03604246587563553
0.11179518795352526
0.09821742911763524
0.4537697219813749
0.4021215843545046
0.2618724891454636
0.30888161790934154
0.24998763213611963
0.3675320427037783
0.3706917490422941
0.3109592401444796
0.23958878605176337
0.4794183109468751
0.1538613726546068
0.27744052606699987
0.04739951194110486
0.03944948561109384
0.06433942494583235
0.037996459461953624
0.052359855369672796
0.05920038522341173
0.029158145889944146
0.06826132368136391
0.06020197990042353
0.07904654520407577
0.154782856517773
0.4425321771497634
0.3653016920926626
0.43489123650984884
0.7118246204989745
0.614066546440117
0.5443542391530601
0.3131635466622479
0.3691676331519307
0.1857644637276213
0.5061797196778633
0.5926800416712782
0.23005458995813757
0.029851083188406825
0.03687513010378555
0.037784796041376696
0.02162442521270662
0.04036390242954652
0.029896972632201403
0.012583051228864585
0.033472851216141054
0.044691550133473056
0.0384553538998999
0.13024304696080602
0.366580426443036
0.4037509973333803
0.34891255017557277
0.2643218576970643
0.38187798463645617
0.3962808196479776
0.3425062671276918
0.3318779099965927
0.1275314622966581
0.21963837711999892
0.34710748904041333
0.21300758654102203
0.13879831310245375
0.04022595334400464
0.045707318523805156
0.021781884619595245
0.02220177637129834
0.028706658444039367
0.020872119157572012
0.01598495124488966
0.023024064385050124
0.029258203891480962
0.033328499066911946
0.028630647874461148
0.23282009309205506
0.19792647445902112
0.4488545483872153
0.5925786132557036
0.1638681311812766
0.3928660629903167
0.15292079623758753
0.332620704546058
0.32340083861182906
0.45408546555785767
0.07581661380743543
0.021730402357454676
0.02257992214032871
0.04006422415176633
0.028681321587513294
0.0189826062749083
0.026015793115934285
0.018545219033551014
0.019052588233525482
0.0356689928102224
0.02496385742427872
0.03496486200597914
0.026455264347604188
0.014748697778569327
0.01741504392006208
0.02717596985174528
0.03970174681894561
0.015195689058833265
0.020218090789311482
0.009817764081335436
0.03472232759819754
0.017605453181969162
0.027537395545246326
0.020237244713431815
0.018019144359054037
0.01779517759300932
0.01655073321296153
0.03153859278211833
0.017605453181969162
0.04427309435151203
0.030961638674859755
0.035685609777856994
0.01187680882787693
0.05064658884332995
0.037148688363912385
0.021292010909275037
0.012861569358831556
0.013448446846976204
0.018752126502473185
0.012062995698756688
0.022423118025573594
0.02694263538228205
0.021843375246243836
0.01749548965429342
0.031519049518433366
0.02488079310860257
0.019546190491177264
0.014444409655737976
0.020925586370351273
0.009499457647087506
0.018059865589243964
0.036915175291000205
0.043000878996583544
0.013179875793079486
0.040265615983487255
0.04307326714713108
0.030100185552973332
0.02561339685388552
0.03266634345631103
0.020889614647226273
0.03819826603172844
0.02708509962637081
0.04124755566679742
0.019546190491177264
0.13215136999319854
0.00877332109395934
0.026734469325244512
0.032142136931251994
0.018791727233900993
0.0310702986349339
0.09927835920310472
0.09539326482066025
0.06466531354164481
0.05364117128006356
0.06144800164304693
0.03848451448658736
0.03762576912201062
0.011916597132157956
0.03808129535868595
0.03902520601243194
0.019717416840388646
0.019804894288660085
0.015833567797310464
0.05260753821109576
0.03978945490231053
0.026668110944336715
0.16230470123474014
0.3543570745440193
0.1825892451183133
0.3580097827133949
0.30539904611709745
0.3400318196687177
0.24002280950345783
0.2739192272405477
0.4530766385381292
0.4543431372511992
0.503798897762144
0.40193528135726886
0.05902139827067665
0.0178062437874729
0.017129685821022894
0.0438927420277177
0.028647805475735096
0.01997283827102459
0.024966153969152013
0.053369516156918685
0.01923560601274913
0.030631218525006856
0.04281005694555275
0.020043569755871328
0.2071640944063707
0.44033215885587756
0.2502185667655444
0.2495193381940308
0.2825183608372029
0.30122562325867225
0.18415752412312145
0.11546565902970911
0.23048558071116862
0.4865521095142405
0.396907108923194
0.10860217653536686
0.03705327221291855
0.014818679737358585
0.009230886593239725
0.009111521680372284
0.020609686812779117
0.019383305570417474
0.019159338804372688
0.04665849814200299
0.016760823178369043
0.05245996143723171
0.061389548526219216
0.022522435124397132
0.285870165604815
0.3501759940119348
0.37113027049658764
0.12016122290932668
0.31852461842418195
0.3597559601473509
0.11970069465794515
0.29242769091538473
0.3624421923522163
0.1185588973348657
0.17283767640261816
0.038763679859152
0.06995166881725745
0.058553651289284914
0.058732537845789835
0.05751329363517959
0.032961498354123986
0.07262274153676868
0.03280404206315892
0.018899444238212302
0.0546554272822068
0.028080839470881462
0.054020861795821114
0.03653561038756967
0.14691505428722423
0.41440962532867964
0.27729297515426593
0.36230947826392673
0.1372597026927851
0.3851964195429557
0.29582629942174987
0.2075839847480644
0.18229156837363927
0.218186251478661
0.02034177056364952
0.057620540718773774
0.06004103845123763
0.05388291281264515
0.0758346453775612
0.05002603128835624
0.06022857074757312
0.04705962461139292
0.051915219021921095
0.04685312211431713
0.06353934880057796
0.019734998923373367
0.06694275427890074
0.01820314920855512
0.11511582954173706
0.11226270052882656
0.08774061653533238
0.05038660928650372
0.05786938030554806
0.023872982568596865
0.03399184921929314
0.16623546554851676
0.048648885121190165
0.06417665877936539
0.08317461687776696
0.06275202238184859
0.04540760463478639
0.03658306886712749
0.03292871798849792
0.05196589273497331
0.060487108573467535
0.04302135355746561
0.05388291281264822
0.06552275646086343
0.048918147085075574
0.03296150250868876
0.027173634259126337
0.05406915258446155
0.016323151831278103
0.018481667338522093
0.17042852469741532
0.09273339349149978
0.11035302175654574
0.14063076846100162
0.22138442172638498
0.11492787153905293
0.18956338599233008
0.41405490934906575
0.1197926576552677
0.028817943896089604
0.02526557321843166
0.020282088107237056
0.044793353208947916
0.04159673663903661
0.032106563170016214
0.037952186537035866
0.0380132683823208
0.05874454401382381
0.061002726268821944
0.05757278377494256
0.06604811609718364
0.0507544154871051
0.2683385225890986
0.20728656142406837
0.373390430308977
0.42745315270108186
0.491657339759482
0.13563832929391123
0.2553628345211927
0.13308193074385746
0.40247420227793057
0.44740633494448273
0.43191739319994643
0.4156895266136557
0.19254933359932
0.05490084653517263
0.11856981780611367
0.051946850375521166
0.03350989639466597
0.02271912174444802
0.06984462298557471
0.05464164949417937
0.019830941225100554
0.014741566736108573
0.05142741909000321
0.019454984495574246
0.18851893516438592
0.22044316964409644
0.37555797277489567
0.2753569585444597
0.2800403307567293
0.1964743488177146
0.3941170134490638
0.4267093443202054
0.3152791741821752
0.35216332302552256
0.2777607528991029
0.19359892071571472
0.050302363687247637
0.1254784882088709
0.062317864673107536
0.03776894100118108
0.03773947857670371
0.02734894942759142
0.053946369391997505
0.02668412082072826
0.049607031392396014
0.05246082017426459
0.04387583444619855
0.03215473326689719
0.1704078187817831
0.21772087145388835
0.5278165699116463
0.4906324766198696
0.3920574505131303
0.26186374140063623
0.38461308641753267
0.37753346750269956
0.0635471496119188
0.0509727998902732
0.064386356185805
0.07231590131252356
0.0837660213518895
0.07305375842162322
0.0948282529201288
0.05784339964909135
0.04243356060752321
0.043893300026764066
0.039185177883457545
0.030353554118234066
0.038707745840770406
0.02864738543863167
0.032203144644637284
0.0289600270093001
0.14637190785588886
0.3791837865364417
0.11583370083804607
0.2315003191056104
0.4526750187071729
0.38483956344603953
0.31801384549678574
0.35599141014930896
0.3482110817247487
0.22614535185990214
0.240933887064356
0.17859950165228053
0.05715645166086762
0.06626656484174012
0.11109792452548857
0.030587258916014715
0.07726640931238929
0.037668865769536965
0.08379873316085254
0.08907105360998165
0.07093360774554897
0.043004367039821335
0.08412585125048302
0.09757413578227637
0.3381643829551595
0.4301487336548772
0.34278993299818383
0.24142900948442167
0.1437471857063781
0.2444264667081896
0.32413140670293994
0.339171550258985
0.2643666612572732
0.34876794622748847
0.08771076784920975
0.0920228231551166
0.1114121360597247
0.031153923634738522
0.06361157305158945
0.0746709293242956
0.04237010398296303
0.05399505599806315
0.027724277750617688
0.06281318213167035
0.05753471391767941
0.03287174456262352
0.057979734884022215
0.028304028861147305
0.04500314865544512
0.0656811976499021
0.06771508940165764
0.015578366702019012
0.022413796401750265
0.07500582767262905
0.12769170576118508
0.053322429391762446
0.025575921991823417
0.0391643370341889
0.08199260140402125
0.0880032396305701
0.02295884627774097
0.03142190665738411
0.06402623644138353
0.09189193207838915
0.04148444375686108
0.10362512119731405
0.1585561996847401
0.07726520375311322
0.05646151270450146
0.08807984226198344
0.09068569711944537
0.11215225177446182
0.045258785366253856
0.013196000935927798
0.04215840089437051
0.059887741031062945
0.03092152841499811
0.03328691861625858
0.05505694828560371
0.048104201980551216
0.043911929483311
0.03866750037233059
0.09595684314548282
0.11315692136164297
0.1021084247777079
0.06932217446649251
0.031546117395656395
0.02686745246465734
0.01275314622966581
0.028617366470546246
0.06561488727167657
0.06591228483695069
0.05278483809173511
0.07795521455972876
0.07363264420487456
0.02942842455383077
0.10823512942798268
0.40542628178557494
0.12203271864502478
0.12333976444065566
0.37686724526435744
0.34437885612839564
0.22200726641919025
0.3825646058227012
0.3010849151219402
0.37163000786655404
0.2492407456150634
0.27595352456674294
0.32183364558241806
0.05692827980555377
0.021516358602987933
0.04051012846022092
0.016039162809472464
0.037787703257052385
0.024257715099298492
0.028267787220954684
0.041097188037379925
0.039217376252012055
0.04899058506353364
0.06006809306881354
0.20721389548942667
0.3033224492894293
0.33159104241365994
0.3148130567921104
0.24233177675058326
0.3128823075548086
0.35348211628330223
0.12734669535865323
0.2611577200849119
0.28594244233233784
0.41268855634067986
0.13807551126658185
0.11223178252652843
0.03715289274552433
0.02763342680690185
0.1787475275908576
0.43878310024185785
0.017683348402896436
0.006017670176373263
0.01914684109167405
0.09103734480130436
0.2364441785227155
0.34166496301770444
0.3165526287746774
0.20776971030555227
0.412503449482257
0.3739941118743854
0.18005474026409746
0.458616587860944
0.4532429297885612
0.4959600703034957
0.5707857800654494
0.2791938986776967
0.254222148906882
0.33363002322009805
0.3174769390043882
0.0987028464298636
0.07055819827294779
0.05740539971489236
0.0630862104856215
0.05002002215377103
0.014451112114857265
0.0352820988615013
0.01431085834226681
0.030866692483984114
0.055690962044548147
0.04794064293573604
0.046157764022304384
0.26062707571200083
0.32918254179853007
0.31239248040269507
0.10955311700729115
0.23966450363402447
0.29322733520947586
0.3308650786570303
0.1586361897343427
0.19403022891300978
0.3865031203866349
0.21908027100002733
0.21353195080856432
0.2282017739844945
0.1933735272061912
0.1624102173901358
0.31103699825232467
0.3285973234860972
0.22161673429015863
0.16721998625180298
0.06254684532429944
0.10053347958838758
0.10466438530960201
0.08449336476881479
0.051007441756709446
0.09101869818608056
0.05360732918161919
0.17653577589016534
0.38269025719784544
0.18813742813904358
0.11345142913442949
0.18737118795785365
0.23453314611923615
0.22657230579874488
0.23640526957504296
0.2333022605563406
0.14786035031373532
0.08728987604003234
0.015761142033309066
0.011756301428097339
0.0297694126599321
0.008205384647863617
0.015939572367442797
0.019119256335716373
0.018653165610967363
0.021777526060554026
0.014169799816710621
0.02113721860409785
0.01760756447723171
0.0194544655336485
0.012818995543605433
0.012741649066340361
0.015049429648275894
0.018014762997956485
0.006266407790263696
0.023671080582799837
0.014678605832437871
0.02082681642282267
0.007689074168927684
0.029568111565925793
0.02445834019850056
0.017392099198164757
0.010768473882217588
0.01033363556332973
0.01101346651071118
0.00431703101448793
0.013352365658548155
0.01263613623563386
0.004242427943961069
0.011932375769470914
0.00743416958655325
0.009906468705474411
0.009822837072364636
0.010222458329543738
0.010973325006691051
0.0037898359827647533
0.0035361855429734074
0.0062765069134777494
0.012171409868891049
0.014581218341774012
0.0186061495658294
0.015017694114848115
0.013991732833734732
0.010640614779879848
0.006540028954775387
0.008208665052173778
0.009479775134376605
0.006283770031019118
0.011101304098060047
0.007663024468580489
0.05037618580307478
0.031061492332232477
0.05226063156667601
0.04040565526117172
0.019926977491529184
0.03802819631257209
0.040255818431138665
0.32158979391560244
0.4026674288819596
0.359589020727391
0.16376189977508307
0.35509560769619525
0.16230611874304762
0.37530671024229717
0.40198109660324144
0.1695850239032256
0.4295696256393946
0.2109365762562375
0.3979748348431165
0.3740781394788087
0.022398825894986013
0.052610686939425624
0.10380392788853456
0.10955354707098756
0.09519306220758067
0.04933173431361813
0.03978313677941529
0.025323554676395663
0.019908118304654356
0.018865685296781138
0.014812961815746985
0.25988664827831054
0.2378588137240418
0.2651094609671583
0.36176595887009083
0.3515880753388128
0.16076386970424064
0.1716177308165064
0.33816120241677183
0.11066221598912374
0.24080906685130388
0.2184311883338533
0.3780101810558982
0.23876249026141233
0.03945507723264138
0.015680054249493855
0.3489300411901565
1.0
0.34887913965241957
0.017749972725466134
0.036401801290090234
0.022050180878723742
0.0345003803246902
0.07169041539253215
0.0620016577244601
0.054301760458301825
0.1393419525771368
0.35693251106280527
0.44753259803756623
0.26318640041850067
0.3442798941326903
0.1271902775874489
0.25643176681367963
0.15577849298596477
0.26163598154517553
0.1658453541946203
0.16041777340917143
0.06546620368406317
0.025270485256661368
0.028757332157091513
0.011607243066373209
0.01863031168845581
0.03652053203241645
0.03726841526154566
0.040527836534619575
0.033744120803934234
0.016148254641625864
0.04379883465953866
0.02367238873904068
0.2306152793885856
0.22353665861240127
0.1395621979455681
0.2675950156249444
0.31725033394303453
0.16121658642002104
0.2978103008436403
0.2453372676484268
0.23165086218158326
0.31785466564805026
0.4258335381978793
0.3943862213687333
0.2081227038310005
0.0554325121430029
0.14747486762644835
0.39181178197692307
0.30536106195001866
0.2763906493190931
0.06261609783151022
0.10350278005171701
0.06111141732201579
0.05497941221840149
0.0849836533886457
0.04764673813220739
0.06279250671901226
0.038471175471710396
0.10022028816117141
0.2674844618907417
0.31656882017935195
0.14788438922023367
0.15890409880450293
0.3881631654548643
0.19647090397588368
0.42459073140756237
0.12211826349922915
0.22392262462096665
0.13703655133496967
0.06254960636427039
0.0340086667962003
0.032149711788729544
0.040509114699497306
0.0373985190471941
0.015851995405310904
0.030890938725387403
0.01063168358078355
0.01774042650945349
0.006506363132466868
0.013725934011414519
0.013222419849186748
0.010403946711018217
0.004625390372665637
0.0680246573783577
0.07642379790788428
0.1433907276890588
0.0812266378598985
0.0960594662262146
0.09359941537861434
0.044358087473700576
0.05265240696961489
0.04150612085783308
0.01876216310526425
0.029563104310151196
0.02259287496429826
0.018249219309627245
0.010972470263999055
0.010043891426351838
0.051877253618962275
0.04341154429476303
0.045154191572248335
0.038992688519260514
0.029516783703187183
0.04606373746357391
0.02225426284026119
0.04470964558505976
0.08268444437599967
0.0838959144988499
0.14425346656841925
0.14861296372890884
0.2063371695363841
0.19831385493799578
0.10746555733370633
0.1945579445088765
0.028298436712250526
0.06189838107768253
0.037160724663264685
0.047910904927587844
0.027149500845532446
0.03565707963085846
0.025665387932316253
0.008432826013369425
0.011027505879962126
0.008722839682902838
0.02509393941412812
0.027513292501661377
0.019595739858389916
0.08265583160970488
0.17197716420377349
0.32470336336872047
0.3043708623395467
0.3403684960575731
0.11623058917324876
0.3624713477899471
0.2016215218740077
0.3879163563103004
0.07997250218958517
0.17922581168430657
0.0879948190402408
0.23268424054686696
0.19239004371487164
0.052443897468540376
0.01587365776334039
0.030532012965771432
0.2086582860286433
0.7199075060607161
0.14412044973591392
0.01771266258357411
0.013530793707437424
0.00939642386633159
0.010692153454002328
0.009132229462870711
0.014303895389017635
0.06868394207958929
0.06856841228774475
0.035834610019338256
0.17965523257372262
0.18355043061008788
0.2769850492286697
0.1522035370338777
0.18917348098497816
0.17055743460232684
0.16726031027855384
0.347346597279356
0.22380307841968258
0.05925474429981593
0.029319810371970356
0.02486983854357808
0.0816754393790704
0.012387827881658518
0.016002093922855058
0.011279780762616853
0.011850948859963212
0.01257917744669461
0.037872541944660644
0.020646008502043556
0.25939834979314813
0.38324388729952136
0.3658032615409813
0.3219681043050582
0.3087051718230454
0.3584516233686138
0.39658116221757156
0.5261214794922968
0.19780761431006977
0.18990358798618412
0.42999224403761976
0.2800001351552723
0.27470533979368533
0.06270337734219437
0.05886229050483139
0.04517954779189863
0.026058657065587305
0.0501698125216057
0.0518231584639894
0.030463552305103583
0.02772860155308957
0.058652308400591505
0.051711594206219416
0.06875494197049119
0.3106749896735417
0.12564649138134648
0.4050447441637506
0.1843694492362395
0.3312546465637723
0.3552259779707712
0.1722839597211382
0.15711520332015155
0.2888350363258234
0.11489370214940778
0.35360489096943504
0.3686010050378079
0.10014068368324427
0.06757962351681662
0.029980300708425778
0.029080798168138636
0.014442526709619171
0.023031979322067977
0.019651007068955412
0.008592035632579065
0.01474760431046594
0.016706266446961094
0.027227084651070807
0.021234819454500828
0.28480692302800154
0.4302695941135961
0.4490052636274413
0.23017358150040063
0.5807892504188082
0.46449854823794745
0.4898665224152217
0.22040553175185343
0.41438428848390496
0.5420706432469914
0.18307545046786322
0.07796418753100202
0.13944752505371386
0.05782414686973278
0.046051015310024646
0.05983938424152848
0.0077408145978675085
0.013036637897667947
0.02670498275857093
0.04749179919948119
0.046162334153580856
0.022463254152549527
0.04385464061617139
0.03999419888029433
0.03924172338758002
0.030133391605660278
0.06313597351544854
0.0707067318977301
0.10928847301744303
0.31070270913254155
0.18942650527208002
0.07554195412538135
0.0833746332852398
0.04201412924848365
0.017959943198637512
0.048787432717756415
0.052627401275812336
0.021469492234563726
0.042104733670906246
0.038622197656679264
0.043646379365470354
0.039743393146796265
0.018584122222045602
0.05305558033722887
0.053397332031540914
0.049529239672947305
0.05543996462939705
0.05232105153596799
0.04383382401046767
0.03725075600029089
0.07197947570491725
0.1081361798298556
0.18224992603037307
0.05321486756061641
0.16481053147856403
0.1551568544723451
0.13407057827740027
0.17881166919439714
0.09491333034704928
0.03373143102784728
0.03770846312008094
0.014314837172694897
0.04469612179631655
0.044997026095853036
0.041343818496789204
0.04330655250295148
0.013392743220982823
0.013825441030038667
0.012677548451531986
0.03067326664058186
0.03690157879813509
0.043586513375741105
0.2694352752252649
0.11980780216908468
0.20495301840338181
0.17084944131371857
0.428673674635157
0.17955822846108685
0.28245160139173775
0.20148253879535688
0.29194479911060656
0.2727529319333543
0.3669172933392783
0.3222588990989376
0.1856778674818318
0.04225860571098025
0.03472570854538329
0.04548169893869417
0.08754329192701536
0.041966431033753554
0.037440117067397194
0.048834781533527605
0.028554637304882925
0.004147930721293701
0.013239104534750756
0.015100766489538814
0.011046869445367286
0.00829286209613506
0.007899918656850833
0.017141402232021537
0.018348351027448105
0.02401306482427557
0.034922311492787496
0.029506912359947096
0.011146286111781803
0.018199660986707035
0.02875665387932308
0.012440335823030503
0.023835677659911625
0.021723077185404265
0.018429997828391723
0.019369478778786548
0.011198338302236996
0.027321909395948713
0.04215957415172323
0.051840063199918414
0.030306775568872287
0.02517950871045905
0.03119246232550376
0.055449506244558966
0.2892540636349327
0.41783686955755706
0.12983818923734894
0.41072518572350686
0.39100840602325304
0.3250617344868909
0.4528959442009993
0.24976386075572685
0.4021738105928325
0.36291851322368085
0.2616815878869225
0.1835916663114012
0.1843042792993718
0.017468060286963703
0.04269524197520382
0.01599390361335284
0.04235036926134919
0.041680955565845196
0.033976724601462345
0.026411789901203273
0.04598088172692169
0.0485086388913669
0.015980972414461572
0.01701049478773225
0.14640750607402328
0.1547862371705559
0.3695070988836028
0.18284711192598596
0.28303013880622235
0.1334499021226495
0.15537308560995503
0.09899031692829367
0.31472899257922204
0.3002706158741481
0.1550669038154856
0.23513869699020984
0.1699095008225333
0.05913049602666036
0.05509410578370572
0.04565622980184399
0.2678910180000497
0.18438646234518266
0.010084068897376567
0.016703757541245298
0.024342819737782097
0.01403532433512092
0.03935422524274768
0.017682353781750055
0.11662802140405208
0.45325102639489895
0.14239579029629384
0.10261104682243051
0.2711519643014062
0.4170703598062126
0.28026183072083943
0.2711199145431953
0.4265769890459161
0.3525826280455102
0.378277275883576
0.1690475330506579
0.14577629981027096
0.08497933208433682
0.046535357065393405
0.042885611713251615
0.0416873166426199
0.02611109351914446
0.04223653982896177
0.02135828523463013
0.018556517084485646
0.0328289971741478
0.024703435112920058
0.0190211744528741
0.011646271834326427
0.019434179447025805
0.02480819942110589
0.12823930777679363
0.2199481041076615
0.30031279560764895
0.11111735389234821
0.09257388440776274
0.09528393575521261
0.15783745204746136
0.09276583279890674
0.08603674391542769
0.06324399805763219
0.032693934231484145
0.046133024350282874
0.01964666514509605
0.017062195449590173
0.020951072932730623
0.010794717116699014
0.02158700176021317
0.03031053083117172
0.0336404244987405
0.010987167502896229
0.008395332203289871
0.01998139786809614
0.0055285747307567135
0.014402835011521056
0.013263151634103486
0.016817868068450457
0.011319772567942983
0.03127365594604032
0.04197167968064983
0.007737033736090976
0.032456513209898015
0.03359667175357125
0.02993495156258233
0.03928390876379085
0.033614017579566446
0.0358769888409177
0.019830941225100554
0.02723538489211287
0.017761379095819128
0.013408651114668237
0.019749796642127046
0.013428533958818042
0.0300948642459927
0.029517437852873713
0.03664946749410525
0.34627661076995053
0.3137954619799555
0.29672584530288065
0.10067435690698713
0.10276324288173891
0.10251456597998285
0.20718961920647896
0.10457361072652449
0.29573524958462666
0.38532655076597594
0.3444205019630205
0.31341380412394415
0.034186186784489245
0.029272795951981484
0.029086711291930467
0.03330656912599982
0.033944709745462806
0.028729276554946552
0.017241805054306118
0.031323043982513996
0.03336988379257454
0.02903097020757309
0.01177236452913934
0.0250587118639977
0.08329582030465547
0.14696442632851864
0.11644544601636653
0.2432971340159102
0.11241489079270135
0.2949564338180622
0.28909989857006385
0.10076089646879836
0.20560556335208957
0.36779295866040057
0.14920834197965024
0.21273887248752502
0.06834536497107171
0.035967227631296374
0.027758524551371646
0.0383802702656936
0.09522659679920421
0.032801022987480215
0.009598928407790003
0.019726719232485132
0.023589293627657087
0.011151134842095057
0.031121313698242274
0.02106325470173515
0.19495224121779123
0.3471615071222517
0.2621256362648747
0.3817327095114189
0.4158337234573654
0.3835156798199734
0.2745384618176416
0.27272433101267923
0.3778343718022362
0.2139310188644254
0.3113810691955267
0.16546257463083427
0.14748862521188277
0.04232383401178719
0.053290489542627946
0.03147547487532388
0.030516489904350498
0.02949210099634764
0.03164552022330131
0.016882523945028413
0.030128080282340975
0.019647434881771463
0.02406901327028341
0.011349613796153754
0.3007835152889724
0.21978749105438045
0.2978044858677548
0.33677614917784365
0.1546409248924185
0.13450452830359838
0.33680970648585845
0.3225161340895384
0.19339937460265175
0.3217528048765816
0.322785261843161
0.12714624267818772
0.09449663872076915
0.057800970792927675
0.021017177028828476
0.06307274602352915
0.1504196828748376
0.012256787133760409
0.013295261875494405
0.03555773634281965
0.019550274580170633
0.042938709965206406
0.04852673495783145
0.02146958082883296
0.16719526297541723
0.3116179984141573
0.32864436599967806
0.44637902104537835
0.39843006682540466
0.38428855064809253
0.25564177494799434
0.3521396496862634
0.4036898348107522
0.3815237755375135
0.09783745081175205
0.1872165665567971
0.08477345700944315
0.08033425521158545
0.04003717657427993
0.04679275582121494
0.026181714950630066
0.039509748813294686
0.024373692330196168
0.035789510752978676
0.026595227151177802
0.02520400239597507
0.03426379386688576
0.03696421713744777
0.03652719540845141
0.01962458637899361
0.09116503267118989
0.15434023903191027
0.14482040453172126
0.23572301874137558
0.1517164042789312
0.15836084099087014
0.16511531771306437
0.11422736079207679
0.10065449834355593
0.046837175353508856
0.018667677661035744
0.04627164318490079
0.03644392898563644
0.02482092157465516
0.005333622188867343
0.014518018789439126
0.0071121593902278265
0.01690473592901532
0.014740929730101394
0.013411841674844556
0.010072732912921293
0.014381292495829154
0.01903232521485705
0.018195309240465102
0.05396750440053297
0.03766375164984619
0.057437436629097505
0.04916232592856445
0.08252622469930183
0.03921603831567126
0.030226869835603697
0.015791042548078657
0.010049788191023968
0.031983760377696985
0.01876107563369218
0.012358893362650647
0.031938620751182
0.018650323426998325
0.017779209585125907
0.029589318107473096
0.01809033630253933
0.035834299818598064
0.013080405032376992
0.03350518661130841
0.036345182247383014
0.02262349579075259
0.1259914862077132
0.3373509101994299
0.23651419331752296
0.24573226358126912
0.24092715841885495
0.20951072932730627
0.1867468565699274
0.22014574631997338
0.5008197066330085
0.5858684985279669
0.5104529098640954
0.4064236612053871
0.01868518295078531
0.028003664364996423
0.02344395613675315
0.024392016883781644
0.03928660629903167
0.03387273382497151
0.01756292793273735
0.01968242586108005
0.04923473423573321
0.025079143751509072
0.029024487598006143
0.03904993290838285
0.2916733047586685
0.23278291238086418
0.3295603653594896
0.18237661887215426
0.15663421192565302
0.33549217603778936
0.30119457909998465
0.1938584361647426
0.3122514198273095
0.3084762282049246
0.14528042645893896
0.20342962104783102
0.06501561438299303
0.0465399827519551
0.015189185159269767
0.04758085427432615
0.020114442886645947
0.03605434683660022
0.014144742171893602
0.01443320737793083
0.01129987841580254
0.04008683498379267
0.03546613597907416
0.04324231450642121
0.35523433247991215
0.27506132610501216
0.2653598965328265
0.4397359264876426
0.24079042411204005
0.21427511325953072
0.3412051899912457
0.15124813643446916
0.17303523912423335
0.2463023608039287
0.31958021453074825
0.35611516708063706
0.02530824456305558
0.027313131335105403
0.0243740559780811
0.028098573887413675
0.034763169556547235
0.08399801880915483
0.03975672984151584
0.02137864584972513
0.048344183487283296
0.020075566483646622
0.026293095704277368
0.0287380510793261
0.09922208380073094
0.3456004213327897
0.15231126766526437
0.2548127660827042
0.2782506424487388
0.2676078786283709
0.31675869022120523
0.18665937912165645
0.390262733657248
0.20256277921740892
0.29580396705028617
0.1536933716871516
0.18597252690136726
0.032325214857108805
0.029593448422451936
0.04373240282566745
0.022702085830898635
0.02235595537428399
0.038867576649715914
0.03570280228208038
0.020889991087445697
0.025239194087046474
0.03062858466990381
0.04832426324084801
0.2683426474676269
0.15535343406514387
0.29456433971772966
0.3864990248272807
0.3650746771230151
0.3343381952752115
0.3414515765331971
0.3815060804460183
0.44026694253527576
0.5397373643284189
0.18672836937687617
0.08061974008980848
0.040234928163402045
0.039550833037198134
0.04185117274070255
0.06536414190977469
0.031106980605333637
0.05569122716199544
0.035834682567158355
0.0489719253673582
0.046302078686769436
0.043503192717309215
0.04109638128528854
0.04185117274070255
0.06833794272459615
0.04499360632824802
0.02927856450657596
0.06001130044309613
0.09359807355921296
0.17081511880334205
0.34088206770177026
0.1785172629137297
0.054760882617938336
0.037588842299342694
0.04132954602833954
0.027660369143437863
0.04637224968714408
0.036333052258387025
0.056157532756188955
0.03653574711059561
0.0399224653558126
0.02923784327638603
0.03789110469175094
0.024773613350479475
0.038510720551937314
0.038007433728489186
0.03417941945367087
0.02251884029504385
0.028757332157091513
0.013955747726558936
0.061904859678955836
0.020213668468186834
0.02160282660975925
0.041900853480833763
0.014423260301860573
0.04909135313786055
0.13631228811026627
0.14140447183461047
0.2683795876090473
0.04520056551084741
0.01161818485005047
0.03489137495748767
0.027946671270929653
0.018877633336982596
0.03266412923778944
0.03140333660451412
0.00948951057101725
0.01499723789575149
0.025578405874576934
0.028941718146681027
0.03136962205221762
0.009300516125682515
0.20333612545400523
0.2682666368980485
0.15073783344368774
0.3252743331251665
0.2087981077989823
0.3253147382179714
0.1544658802930095
0.19996160084776216
0.3334966304076148
0.2627378283230154
0.2858580950598302
0.057168110050629384
0.026547043235193416
0.028969307963789378
0.03388029540907939
0.05022070113580285
0.01090199537299256
0.03269593462166261
0.011488872861137204
0.019402498026611394
0.010255435428426374
0.018247795709428024
0.032027834775626665
0.037085077596165965
0.20758089900500853
0.11427200989501655
0.10119160486264006
0.33300236915253684
0.370064597167614
0.19995372188796856
0.17805321853358705
0.38678164604225096
0.247998565849609
0.3738662384393485
0.4020622393357006
0.19022911879774745
0.03895679067416051
0.0341417461832047
0.06559037540457952
0.029034237125436246
0.0128516222827613
0.02291909144712435
0.02769043652916781
0.02932335458476857
0.03410101394594632
0.03830255449489983
0.027303584842363237
0.026730601010371943
0.1594838597023632
0.27760873974442735
0.21940598826346475
0.11467984001389686
0.10508091160610736
0.3901613052416741
0.14941955071750182
0.36270859769011743
0.09671542063102812
0.35307231461341404
0.4283231046205555
0.3212914110668653
0.047964800810739165
0.026134038241041782
0.010484218178042135
0.029390753570243348
0.022050546147859347
0.02556042019360888
0.01742550769567624
0.014373534240351628
0.01443320737793083
0.009549193027438719
0.03031053083117172
0.12614015244116136
0.3333840337590156
0.3144618977515436
0.15469268162224623
0.6135066763358245
0.42181086292262476
0.17849033300454253
0.1545278267513132
0.531876494215173
0.1897504231160641
0.23394968765721108
0.2605832065878066
0.19883389032486468
0.3400949697562633
0.012523368772443115
0.022722446445993565
0.04814583519195874
0.021032515393110556
0.036581848550389234
0.024247371695450735
0.019281502494942614
0.026982841131986703
0.030437752366664555
0.0361085159443768
0.0342489949921851
0.16412691828060408
0.25330972974635774
0.19841419410054442
0.27128172282465113
0.15871840521619038
0.10722948003728082
0.3512466031330807
0.3400637232401056
0.3252238903686578
0.2464764582496856
0.45546733279804774
0.1685865383087709
0.050130697685909796
0.05667719406206501
0.028867557929584082
0.025004846548304017
0.051221349864916506
0.01463214889933582
0.06768656265977743
0.03510542450289191
0.04704552889047478
0.03909477084256146
0.04443212127087811
0.035344914853870237
0.040265615983487255
0.03271917342557114
0.06991150973709508
0.226320604617657
0.4889759716667715
0.20112976672002356
0.13397615187824854
0.1238943428529311
0.20759015720830803
0.06613132695430804
0.03729184745940788
0.023541284666645155
0.03056376255965975
0.019140065681796995
0.028098573887413675
0.03776518006542024
0.021106698702054817
0.022727160303886405
0.02753366627677795
0.03036250631932664
0.025539551378280404
0.026293095704277368
0.02313255000830358
0.00810686699725271
0.023345151762938082
0.027507190993313023
0.011180513502959531
0.030900595161375354
0.0297454695616083
0.03575640297244861
0.017765477861464183
0.03476328457342149
0.03309840306896235
0.01961831497894151
0.030883595673785944
0.025239194087046474
0.024779445682498274
0.01987487624727727
0.03032120900209955
0.02843017068822673
0.019472479985228573
0.03616272146384281
0.03854279791815498
0.016428264785381494
0.022233791683714133
0.009559140103508976
0.018080226204338967
0.029583287875776843
0.3698756221268558
0.37031008443581537
0.3204281358966191
0.27356991918168644
0.22591925790589054
0.30670209760140943
0.4844618907425565
0.10099266334123493
0.32095331634828494
0.26438258700826767
0.5570076877715735
0.14509615037893456
0.03072298262050474
0.02377073188561833
0.01941986381585974
0.03464477949266951
0.034318009199196496
0.047941831094687505
0.010414588645550407
0.035026612844919765
0.03202802156032519
0.035026612844919765
0.019912681562886836
0.0243740559780811
0.35812862241237475
0.10632429611488838
0.3020913403603547
0.16300273556316505
0.5142082574887886
0.24245249562919796
0.44922246620725337
0.5709743607384226
0.16134728438191873
0.3765816985470055
0.2835129606056185
0.23598748168383285
0.13994368904213553
0.03283903408110866
0.040443691081571274
0.03515032563118912
0.030762646075833473
0.0196299393921172
0.032949713028221285
0.022254152298809133
0.0324144288815534
0.029213395574560833
0.010474271101971877
0.018475237074933832
0.2745794869451683
0.24644925789906053
0.381191435808147
0.5846492401938904
0.3182309179674625
0.29076908250512046
0.2525734302531812
0.28376126895959397
0.12583051228864583
0.24970740840847935
0.2739117042519055
0.018020354343922216
0.02384198199103356
0.027034425913318668
0.016372887211629314
0.021820430524346582
0.01893537203832797
0.019016814498707898
0.023059445506801547
0.020218090789311482
0.03414756657661098
0.033674233970598544
0.02125648215915527
0.036480775302574965
0.21447051476492052
0.19012742375688857
0.19026994806255365
0.3872198811900257
0.32164208784938686
0.1923685483870891
0.3160519483062198
0.4341136186571142
0.32415974239456324
0.11782311605209597
0.4606878635375261
0.35599141014930896
0.09218950101906455
0.013358923162343965
0.026502351926271126
0.034316613935901116
0.01401915716341989
0.020808548627065767
0.03310940461201443
0.03154423724354259
0.03504087257555736
0.03130757094053638
0.02574129936210999
0.03387709080174672
0.265276887827972
0.3557432186218837
0.33626900709997304
0.23256754397452217
0.31124515253707813
0.20144210561108183
0.14260133575733472
0.2623261648836753
0.1636938593763124
0.25534247390609816
0.4362246588093789
0.27171618045023244
0.09022424014719119
0.03388029540907939
0.01871110966199626
0.04516945440232899
0.01937733856662793
0.039453438464970264
0.02891207343486639
0.0630546650152272
0.04243613762750157
0.043891429745033524
0.027995845755592455
0.03143426899932152
0.027389141904683622
0.033745512289478675
0.0384612019144103
0.21069164500281512
0.2060959337995304
0.10250002573173811
0.06950022050282757
0.16025561752740455
0.027712553931712812
0.014008103185343726
0.01603823018100346
0.0143745942570533
0.018799947542345315
0.02524599157114535
0.017915381405996446
0.009758081624913966
0.013239527594170061
0.016095850481949912
0.03154423724354259
0.021338591364502904
0.02372484244182368
0.02814924760046582
0.020752321625123075
0.02299061134110964
0.009950908320243451
0.0889323664065119
0.0961212383469668
0.36536116810895886
0.24126280233270572
0.3525702728278706
0.1481863184897792
0.06134361812522365
0.18386692417104258
0.022490338994832257
0.0189817941705591
0.009624881409466251
0.0198894323729664
0.01428848374188801
0.027672586559695966
0.024504962986332438
0.014602307671125051
0.03323662614750727
0.033133282420870096
0.013565554504947263
0.012800100018774706
0.009380092734244496
0.015938391075061287
0.04389618354262214
0.20527572138755096
0.24679342872752005
0.2689580300803262
0.16026348927161305
0.33785805227730054
0.33009189044517684
0.27084923455287646
0.24512144512841985
0.30439825140511984
0.22465958265078143
0.140773292766666
0.13577718375474523
0.07379597536180948
0.050612779371471905
0.023601415543641775
0.03892978986081235
0.012941145967393538
0.04533006950905331
0.02718949544831829
0.029506912359947096
0.017236901021960155
0.03586403782674626
0.027038896846128587
0.02106456954376923
0.18606453247341032
0.1516450387606333
0.28028495200393905
0.38439986949164845
0.34547007963083626
0.17667823547509176
0.22712644669203685
0.22959382060254033
0.1515536510063091
0.2013785550421844
0.42605644273946436
0.46544021461821605
0.1632252300373273
0.04567253124193341
0.02752755160840802
0.04522725586770843
0.04017604900823733
0.014214371704385397
0.030241143460661132
0.044155170246588035
0.031299430991530854
0.02013730859209167
0.034763169556547235
0.020907110136880604
0.28569255615717976
0.12134438098096385
0.19379753890060777
0.39168273147528526
0.24212008132576612
0.4847254967769672
0.18635981721686673
0.539260283570321
0.23234010260901602
0.15924274080861117
0.6285180818407904
0.23917578105761164
0.03161150266155166
0.03410101394594632
0.01305056380416629
0.012523368772443115
0.02647820906950151
0.031443038948855154
0.03836357501231068
0.011468978708996762
0.03826707632931032
0.03663722603859981
0.03687513010378555
0.08219276257057735
0.2253630584754277
0.30170587142129546
0.2078114261136969
0.3467161339041047
0.2543448037664441
0.21344032804063692
0.3344161731705627
0.43032825918414236
0.510356436870644
0.4264465869720358
0.19250287266618982
0.37496013972933717
0.15629944556450942
0.03639096876594111
0.03287978647885234
0.012344321403178638
0.029346299306665893
0.03701559824266694
0.028359676265081356
0.035978336267022
0.01210559157749262
0.029390753570243348
0.031037649244437977
0.06920851530811083
0.212972033893452
0.1097261961309136
0.2736887241946278
0.31481044233644223
0.39317815544065554
0.2856373765229632
0.23231461823367996
0.35319878791202697
0.33942962500371615
0.33376710618247885
0.2778693055214295
0.13776763242798606
0.0652184712141412
0.037972547152130866
0.03072298262050474
0.02199183049544679
0.01959494841280861
0.03503137359859625
0.030429564687812286
0.02622581712863101
0.033935475043296096
0.04088976120379448
0.04334360267725057
0.03725803798754984
0.019138978189277758
0.025476112482443376
0.010444429873761108
0.15669529377093794
0.1937265931717383
0.044560883908884456
0.018328382418909907
0.0721741457757158
0.041722425431944425
0.03235301738591741
0.030103475129277257
0.040233810599614075
0.019612443902462872
0.012801886902410088
0.031801384549678575
0.03765757450588379
0.029965806797893377
0.03492870845919747
0.04074041358892694
0.04828217993964893
0.021571938743743767
0.016428921286555785
0.03179775494022018
0.03244416688970161
0.026806394204584007
0.07783863150809468
0.08533384493182954
0.07242326990947326
0.10988194010765151
0.06310623118303625
0.16933186374098436
0.08951564963295945
0.11336987089463324
0.1896711371235519
0.02715551767177894
0.027034425913318668
0.05869324314554125
0.029644580691330975
0.01371701790087292
0.02347578920450771
0.034347399411187376
0.021222028950657855
0.031893828577276656
0.034983888093414225
0.05276513184565982
0.043377552393853366
0.017818079428128207
0.03506111160674445
0.09945086655034623
0.10588662476779723
0.2511389218864239
0.26240675051771467
0.2735873767685239
0.1870267844043964
0.10510080575824744
0.36629181810990474
0.3145552465060737
0.22600551068855265
0.2508466171493073
0.2851352664233521
0.05117430723880813
0.029552801803741674
0.024773613350479475
0.03720224819341589
0.06038371673844281
0.032203144644637284
0.041315174610513504
0.040413953073423006
0.029162721861508686
0.029821480131186524
0.01239405678352985
0.03283656605778912
0.09809806420479258
0.21396970403310608
0.2367139750225896
0.2509445810455833
0.2903425108886238
0.37329037878451676
0.094745899569119
0.3467104896018911
0.37470677116407647
0.5954862278354945
0.37954619799565703
0.38222932621936934
0.03095838144075738
0.0176338033481237
0.02207930794371823
0.08511120724471698
0.05274277609852786
0.012931198891323284
0.03376993614064593
0.021536947764435176
0.013766753281224202
0.01736447676965558
0.021012083074806377
0.0427351724285508
0.19531938060610754
0.19536010183629796
0.35052713566667687
0.2291948270322793
0.25853728399203674
0.3366937282540805
0.17652949061182044
0.26547958268018046
0.3518629617893522
0.2986045905638973
0.3836797811282586
0.2022820701265974
0.028720999609814033
0.023583920053987514
0.03179775494022018
0.027975485140497455
0.02425356714520873
0.02162442521270662
0.03523219644738957
0.017010099692723837
0.03443661343563197
0.02978224902271485
0.02457526241963643
0.03687513010378555
0.2957582646370046
0.15280739557296952
0.2347015602876351
0.18148071418398537
0.24734410205305543
0.1641251884469264
0.23924227555238298
0.2073650653865154
0.3879955979950194
0.186152009921682
0.26267117628046177
0.12357064342827431
0.0299759122133999
0.0453024796919449
0.02732716377970217
0.03779700835638017
0.029846816987712597
0.04086991827707832
0.01976006580971421
0.037886222380824834
0.01764797843120097
0.04352871951179144
0.023150019362988068
0.030113349725469966
0.5395783374090534
0.329638358387667
0.11084026865078121
0.1981146102834029
0.16587473741235592
0.2011021769029149
0.27449910201535077
0.2289987638871316
0.17186395201669552
0.18020784578151197
0.09219474033456299
0.04694039874246915
0.018115756172750866
0.04719918966784764
0.03590232569744378
0.012026014968930639
0.05744229268679416
0.030986975531385828
0.017180200689651072
0.01253331584851337
0.02479922918568115
0.012175221109984416
0.026774208849893875
0.03746989026674983
0.024803245580425383
0.05211273153203285
0.09078798270849961
0.17407086593809318
0.1577861640427727
0.07797713200806175
0.15128349904067473
0.39917328337347874
0.1978274594263781
0.1823084603612553
0.024249492578116788
0.03905701139630518
0.07539512224340833
0.02038376946511407
0.03499019886250521
0.025634014404575228
0.0222192718609526
0.04554135859276729
0.02251669518507559
0.043411361865711415
0.04249199285461214
0.02249919969542133
0.04031387637358242
0.027671334608161898
0.014727911317283368
0.0300948642459927
0.05346076727001157
0.18140184970410636
0.19850120438932964
0.1827273587087401
0.08638295627288246
0.1996399165961716
0.11459545723562177
0.049130837945817324
0.04388469447172385
0.014413313225790318
0.015288655919972263
0.0324955416915822
0.017536695111848424
0.035564318940838266
0.034098709336217795
0.02801620637068745
0.04433670511925852
0.04249199285461214
0.030952429839477918
0.03512183717895604
0.03604246587563553
0.022726641060927137
0.11211349438777306
0.16944381730183128
0.32075415588663747
0.26560721091668904
0.32313402728312846
0.22300981713527554
0.34751836322003055
0.2369271983116747
0.16696830356716208
0.22571777894290762
0.3396496943820382
0.06274615585112871
0.03167107065758981
0.031503103165013494
0.01759127809889189
0.0433189328353157
0.017180200689651072
0.029922827557290817
0.035956846257728214
0.03915136841159951
0.021799380109249575
0.039670502869717655
0.013329081934133265
0.030353554118234066
0.20643366291014298
0.29803431766140187
0.3183751152347808
0.3046956314866019
0.2069278627619853
0.36081468366890324
0.22237863806733174
0.2726435479082089
0.22149984816541898
0.39824176901574365
0.16767786131618212
0.36186804119339216
0.036585345786374644
0.04268282515785146
0.03717251018526769
0.05943705152641794
0.026305914702709446
0.03396306486040451
0.0362208939245248
0.029552801803741674
0.01597531862808316
0.033603949207481956
0.024310574423401718
0.04516453060640301
0.09614843729502356
0.2275198623337751
0.2876746689970197
0.293395188390281
0.28260249664104214
0.23366904780225586
0.23662891692700924
0.2869145633012375
0.37071400957563766
0.22366135681831528
0.17827149733099662
0.23793865929838992
0.05094686587330232
0.019207237569700695
0.013498182227327484
0.011578396545769445
0.044324217605878236
0.03730771528327846
0.012224956490335628
0.05385553275641583
0.034652810288113775
0.0391206221640516
0.03106715344896447
0.031397211869326036
0.16573540687310742
0.1407585749572897
0.3080708385005077
0.30404506521328173
0.27613066191806923
0.1562519407607459
0.3286177821765927
0.5964552294287312
0.49179257764691403
0.12135432805703389
0.3348506758519805
0.3086805245784632
0.012970987195604309
0.04742689560928944
0.037559104291194495
0.023076550854012976
0.03371475650642917
0.026179927684836433
0.042714630541724634
0.03470798992233054
0.020767146219646242
0.041197728711392836
0.040413953073423006
0.034128603763054745
0.29231131374129066
0.22825409343448963
0.19175056661105516
0.3293042558972185
0.29750536932913535
0.2999013119679909
0.19337764714890496
0.19981686409915558
0.2485742568430046
0.41822316688383976
0.2959886939713355
0.2680271371102682
0.03123167296667581
0.013030669652025779
0.024290213808306788
0.03550809461847326
0.048516592116273995
0.036114992266373776
0.022376731267841222
0.022026821474755383
0.03194900821149342
0.0163296957050149
0.040774502125458655
0.02611109351914446
0.04102037071571032
0.04219422087882229
0.020218090789311482
0.20855265114342553
0.06675482750743893
0.06294509737253369
0.14631849153917775
0.1450083007064213
0.23068444923241158
0.16930087530721183
0.13466399531918238
0.0399224653558126
0.05118045018266511
0.04472309353266909
0.0519699972488295
0.02259508242516819
0.03263806599724706
0.030162224164001813
0.05228805108756166
0.0497516876319623
0.06784088380156268
0.022524207009781843
0.022070604351309146
0.04701304835266387
0.03391229896423153
0.0348735288249807
0.17426169824133222
0.1487792547655152
0.10588971806192694
0.01742727727507567
0.3752513281522828
0.33801900291432446
0.13913679358531778
0.07989512428951019
0.011623568123361261
0.016497255044169445
0.02927746514097392
0.02495680367818072
0.023380671613363952
0.009837658233475948
0.009439775190666038
0.03489137495748767
0.009419881038525525
0.03708071419365037
0.021246812476913676
0.020442057555356195
0.01753048063360194
0.020808548627065836
0.2917347261039134
0.16045113561952465
0.13739908026797665
0.2373402033058264
0.3669387137452548
0.36220087201508305
0.28356814023983573
0.23662891692700924
0.21154679083680414
0.4275087801644101
0.47115130675964884
0.30794415421787696
0.1303702684962987
0.016533237723307267
0.03239794731900873
0.020767827396875837
0.024779445682498274
0.03145552465060737
0.012899325600315594
0.027448181520801657
0.01572844519920974
0.023548929074678922
0.027061587414874848
0.06304273209262735
0.09732219227131285
0.10540916511642519
0.2732495486413047
0.19033343194905747
0.2698881957157175
0.1025245130560529
0.34308467584034513
0.3230767583390223
0.33137062479555024
0.32233690139070104
0.38413208179177516
0.2878415362018169
0.3213726881766952
0.15934891977130405
0.029165537011736
0.0411364173085809
0.01634078733711005
0.010175858819864391
0.022508772181266037
0.03374185291431463
0.022371103849882088
0.023284571147460017
0.020489636654302316
0.038385337636998834
0.12943163246246245
0.2545160628247212
0.24690815233700633
0.24837720452508197
0.34130357434344527
0.23838208153198312
0.25103820227852336
0.312427513605138
0.20191544610019996
0.21309419758402187
0.13695965269258156
0.10637257709810388
0.020189795061054592
0.025422751862225
0.026907741630688296
0.018755164909402492
0.034944811449610716
0.03321735510155522
0.017775417488762078
0.025311519669545746
0.020869630472350697
0.02282999828782844
0.02487207853668942
0.03595299941049593
0.1899250765194344
0.2134199674255417
0.18676435205958214
0.08908601328514702
0.32237331416632226
0.30803514281206507
0.20380975710071267
0.3247597371826332
0.4371114487877911
0.07316819497139923
0.011687814382542195
0.01668081281934797
0.02872026163751108
0.0258240688134351
0.019037175113802828
0.02389265570408571
0.033944709745462806
0.025228496081491088
0.009907287765967675
0.016918138495701698
0.023563276569246824
0.009101574604277525
0.019179699419467688
0.009081680452137081
0.15038350309149506
0.24584351887247533
0.22331522636170018
0.2928107289711393
0.35246726408294293
0.20114251652327098
0.1149881993720746
0.27380134498347236
0.01659564102457707
0.022184554078567773
0.0163296957050149
0.024241391322207977
0.021040309979837826
0.016463255764690085
0.016830661047430258
0.026237916070060673
0.03113852358124624
0.038322255963527084
0.017303039268096135
0.01782790395772493
0.03384328132988868
0.03377566238617267
0.009797869929194923
0.030511196360067706
0.010066440983091639
0.018080226204338967
0.061904859678955836
0.1514680959249557
0.16326166473369538
0.07843073466653451
0.2080854862706584
0.33417281984477487
0.11290911274990502
0.014444409655737976
0.02486031103096608
0.024819589800776146
0.04676473999868853
0.04196032949713017
0.02038376946511407
0.014254160008666354
0.0441458728160192
0.04586336354517267
0.03672204657124156
0.04274643592559787
0.03730143273051736
0.026464880105262857
0.019944341889718713
0.01993016680664144
0.028153173768005503
0.03384092844109826
0.023954289660796855
0.03170071668599626
0.026401004500166834
0.024344349933051235
0.012752151522058806
0.03048674790474978
0.06555656593272148
0.03451486120257189
0.04284185207721747
0.027934763910307525
0.03322395730731207
0.041573735391203355
0.04630863891939766
0.013647388368381193
0.02699817561593859
0.029482170657525748
0.032454133308714224
0.024528676495319337
0.019873466474332364
0.045259061251581675
0.03435677744935338
0.036584097485699754
0.03146837580538123
0.02184693999690956
0.04348155176279245
0.12754970902717408
0.028022563317835456
0.01591861829577408
0.04036103213510691
0.03833994108700681
0.024615983649826364
0.02698299295124244
0.03379752595775429
0.01809033630253933
0.045251625755564295
0.042465875635649776
0.031778439827781245
0.024756117860825145
0.031916108159165124
0.013498182227327484
0.019207237569700695
0.036789115675856285
0.043159021888849486
0.04587945331134763
0.03648507339754347
0.014114900943682902
0.13141029888716996
0.1722955821154814
0.3538030902056183
0.20863522287822206
0.27095234368981197
0.30650848438615064
0.1404608982126673
0.35316858476819135
0.2808433960231353
0.5289499509322855
0.1893740809983749
0.16086546710050978
0.05401671184697218
0.03296150250868876
0.04787421215097142
0.04000523480713772
0.0631899029026593
0.04740087954495899
0.03445812487545767
0.030562369567223538
0.043350738219188875
0.04252379823848538
0.03097537456137524
0.017785372013604625
0.15181604690577402
0.23888095069911017
0.2242823555787118
0.23927591253465214
0.23058396595060676
0.1954415442966774
0.28715481646392377
0.28587575218366845
0.28663060993886474
0.3608308207131704
0.5754710204955403
0.4070623111802654
0.17925514350942645
0.03154423724354259
0.027329229488208786
0.009280621973542002
0.04163321140749983
0.028114023633429883
0.022439938015574062
0.02687248186355317
0.015833418137135513
0.028879288556877155
0.008922527235013048
0.04351279028128546
0.1504649455518752
0.1628480177021632
0.40557842440893604
0.3292811392393709
0.19187303503863562
0.09397002763563927
0.23657022938393274
0.19374505243164492
0.12167263449128168
0.3163053168714805
0.2594756070628251
0.3280177442440148
0.15602339347280372
0.03151042777168462
0.027329229488208786
0.01663821066123304
0.030883595673785944
0.02848901180598914
0.022233435518498212
0.025387530239123966
0.02899455794450882
0.009847605309546205
0.024231253171196347
0.028831358878247497
0.15626772085394344
0.30195973473696625
0.09247796622510218
0.14268638625579877
0.3347904957325946
0.1659622148606269
0.5149363465106336
0.5347982258503292
0.32923663695350286
0.1631410311362986
0.4303981919291032
0.2590959724647108
0.024830119395550423
0.02249847967994885
0.03874005362836386
0.020930712317635627
0.017967867874959298
0.030927528474142714
0.023411255430090382
0.03062858466990381
0.0417819014482409
0.03177357848933946
0.030978443892509134
0.014501109988047054
0.015238571488889532
0.018678306182367065
0.048949561341693794
0.23159488222751015
0.1467696627098674
0.09474625528847151
0.08168602544005589
0.19823556545998564
0.17754456362819393
0.09151890638160844
0.03350989639466597
0.01551478870237195
0.024831236803758813
0.021912209411935807
0.03157804671540063
0.020421696940261264
0.025742246230488992
0.029482170657525748
0.01020570004807516
0.012559123606461123
0.021292701920708326
0.02587924844765187
0.01716307535086184
0.028497623950398582
0.06232539684780974
0.012526770592474033
0.021271748990553885
0.02260088619264278
0.014042169801156766
0.011686987089067983
0.041855885177147896
0.015983082849556383
0.03205137932141307
0.029260953163355658
0.028783872405257493
0.017652653287344465
0.022335594759188993
0.03999660520805025
0.02726975347191239
0.04325532206756928
0.029260953163355658
0.009588981331719745
0.026502351926271126
0.025445696584122324
0.032377880782930524
0.025919604226171507
0.023943329417137855
0.013100299184517505
0.23761802291677184
0.2146212437161451
0.3575013554268162
0.4357702827781573
0.3690189431111897
0.2549759828343886
0.3045639910593057
0.28398682292306787
0.18980856725942893
0.20778007704423304
0.3496575579557532
0.15908288544686633
0.049840901656406894
0.02479922918568115
0.02999883812686904
0.01087215414478179
0.03418137604846902
0.01809033630253933
0.013367103341865489
0.009131415832488296
0.016200823419875686
0.0281024177000624
0.01993016680664144
0.03126469234736805
0.24827282651429797
0.1498306281267422
0.3492549203117485
0.31046480506735585
0.3466485149603884
0.20140720451950594
0.33462444373007044
0.20984090291359478
0.28639601872228587
0.25008052911846973
0.3490322826246359
0.12608736397231565
0.03927562651820931
0.02039974093690607
0.011787285143244692
0.01607835499229565
0.030935666750098064
0.023288892725774724
0.04976754257502116
0.02964879412376949
0.03176019270229273
0.03326843153138044
0.032558521399283544
0.014472759821892516
0.14153851130323347
0.2531089821521938
0.33717515488139965
0.29628767086209573
0.33752639248223026
0.1794565517582363
0.6274719719273185
0.403032048319081
0.26031046398927266
0.4089255621228813
0.2360552988795765
0.2581324955149944
0.07242085907930564
0.03244562491944411
0.028808005870143663
0.010543900634463603
0.03242328351185145
0.038675346789826606
0.035804230697654496
0.017967867874959298
0.023105334950596197
0.038968085337098446
0.03495899390120375
0.02377073188561833
0.24511867097072235
0.33919172093853045
0.44638645694157925
0.5094735627231756
0.5219317810093065
0.235327989267736
0.20700663358959936
0.5301692092663619
0.17329039061962406
0.3540257278927302
0.4074905781836012
0.28161916028728823
0.12393275134457056
0.04182407979327465
0.03052056202736954
0.07490670293441809
0.03720224819341589
0.05016801974603723
0.02723538489211287
0.030541927538966476
0.015507540886533264
0.029052077415114487
0.0252608459564936
0.020242281530017444
0.23466262229755772
0.3553713586997606
0.11996173740719937
0.3423142117940928
0.1675069567240982
0.22348738484394393
0.36392515507984186
0.38478559921624716
0.1795212193427044
0.19472892276835344
0.23488511806281356
0.17159004599598215
0.03607220388378373
0.032007887046754425
0.01248358046816209
0.02162442521270662
0.019052588233525482
0.030597107173183244
0.03663980222194105
0.020075566483646622
0.024108784743616312
0.031273761468678406
0.025742246230488992
0.015422490388069646
0.027065610583311816
0.021017365257940502
0.09115938009803229
0.10515566045539468
0.11055399912548007
0.20185873594321435
0.19612216373747227
0.06310425058965766
0.07687361282155485
0.021430370252092202
0.01842275060597091
0.008564432496484092
0.03461504148452124
0.022761164122136468
0.03291857230877511
0.02019773017421648
0.026541404058252713
0.025718369791811295
0.022462882737471386
0.0324144288815534
0.015167338892678725
0.025539551378280404
0.025615561947858627
0.02571370954500164
0.02063892096050492
0.0067043292713476164
0.16860033991190035
0.18821352593796128
0.2889887722966824
0.36060944235448517
0.04975527450338394
0.16669702542610754
0.14662705935127957
0.06605588714007755
0.01651963045499885
0.018457587645500068
0.034688518126339496
0.01537996513883784
0.010116176363442923
0.028941718146681027
0.026401004500166834
0.04315990591594962
0.01367895516956542
0.02165981747106538
0.016778174578467336
0.02177454108055193
0.023027855672418208
0.010961677829414028
0.1690745477486833
0.20647699767815503
0.11221296514847562
0.2235188325126502
0.31584738454218236
0.29809379367769884
0.18888130630775166
0.4150700191224282
0.46724690107798383
0.17873392230826093
0.28489081968697005
0.24660777003035333
0.05563565710065298
0.014602307671125051
0.029738033921453827
0.024504962986332438
0.03214678680821947
0.02631759601622031
0.026844892046444822
0.0461499290862119
0.029133731627862827
0.020218090789311482
0.024247371695450735
0.027534637474154085
0.27946909437848166
0.13715810385566293
0.0944474872870113
0.3061825318940125
0.2457838609640382
0.23077801284319394
0.34709215420836986
0.2733220328902364
0.1924153952179189
0.3389818034623151
0.20104520328491843
0.36825276747767016
0.07133514037875197
0.013368870238414222
0.014146732911115316
0.032791350773282275
0.027477919528949856
0.023563276569246824
0.03415898227983042
0.029603873757281872
0.014345184074197088
0.02515851412287391
0.0256408988043847
0.020401336325166265
0.27314463670315053
0.3228284499850474
0.241140333905126
0.4981341478916352
0.23813775415084273
0.40540937704964586
0.5050797000871203
0.26012294018003407
0.3082895858830505
0.16352375837938504
0.13695469301380853
0.13193450541222898
0.03471484873693464
0.02197433500579253
0.03443209175124678
0.017917305009669093
0.03380947185803071
0.03271917342557121
0.021032515393110556
0.019871960332696906
0.00942982811459578
0.025023964117292376
0.013579729588024532
0.037371863375955966
0.20918599331566734
0.2867372053055552
0.31224908555624853
0.3115655404219912
0.2571414983032093
0.25889199998340207
0.2702682485636082
0.37413561558096775
0.3290266961683856
0.25312316686074554
0.23331228837333334
0.18313540034195855
0.04942456954233189
0.04174339328496505
0.021177574117441162
0.04110882749147255
0.026408179772953778
0.03932041577088971
0.036409062827965244
0.03473557973943889
0.032101797218532985
0.04036390242954652
0.03895679067416051
0.022849109488507168
0.21930565189453655
0.32387686303516544
0.37689534602310676
0.30656978148505837
0.307290780288009
0.17489217500735538
0.3473147918954825
0.182617595284468
0.18330024510803183
0.33637373984309743
0.12065700505282986
0.022289253819569782
0.030561283257559472
0.04621754802992791
0.02952985708184442
0.030860291248755462
0.01888121065892349
0.05034644779492657
0.030900595161375354
0.020504713874831843
0.030724000821523465
0.02588164630017128
0.02872691587117488
0.017058102412936066
0.028338597031032507
0.018057496133186888
0.11492787153905362
0.12782394156626106
0.058737484194818466
0.25549264865351784
0.1942672846975833
0.22203338481889784
0.21164729383127226
0.039123229293264866
0.03291857230877511
0.035804561810449866
0.013726964976943175
0.028795625981130314
0.017166025606573803
0.018186631588137214
0.032532523779476234
0.027534637474154085
0.015706433114922688
0.031201081579621634
0.013778180751106307
0.026624173509577825
0.009937128994178443
0.028941718146681027
0.03249090245556746
0.020940671185253428
0.1006340564914955
0.15258571980848704
0.17675591887378417
0.10862031346188937
0.13179426150978144
0.1331584227211451
0.07460286546103458
0.023903362121502212
0.011777338067174434
0.023629863489808868
0.024231253171196347
0.0119066500560877
0.03461504148452124
0.020679668771374796
0.040165652567340455
0.03256871308616978
0.028114023633429883
0.01966835418174712
0.03894851158045133
0.035590224554124986
0.04201929145604881
0.033077599228141186
0.20717947581368903
0.22196723963462522
0.1648599990124063
0.3386319220980952
0.14651365868666152
0.35577502400575717
0.30787476911231026
0.26571752857071923
0.3587295922919074
0.19925914281718274
0.5435540103932046
0.15023068988896562
0.1462696727250126
0.013806530917260845
0.03475613707005551
0.010424535721620595
0.030540934368215908
0.02994617420525163
0.016655706150887302
0.04165326932909377
0.015323264806528758
0.028013203675617732
0.009310463201752772
0.03620994435995085
0.25514278943091184
0.1154557119473766
0.307015196122163
0.31894013738959703
0.3282334759461136
0.10388726247767728
0.16886776469951578
0.11799221634529027
0.269077416306883
0.29170713628680467
0.11405317422147133
0.2674366792725141
0.3624690694619835
0.034402926628533954
0.03101024927638238
0.016445760275035755
0.020177369559121548
0.03234607539905728
0.049868970990595285
0.009986864374529657
0.023610118832337126
0.027313918937287157
0.0243740559780811
0.014529460154201593
0.28433765832603797
0.29299696524045155
0.23149328173489403
0.33742331751091326
0.2974800324726092
0.3150237867152064
0.3708482433398988
0.32542189279323397
0.15208446633602835
0.11266058357163682
0.3453975645016413
0.3532110488872673
0.1080850084641826
0.01656822870261586
0.013593904671101801
0.027203559668853627
0.03152228863710699
0.04281004669334429
0.025539551378280404
0.033302329780160234
0.025742246230488992
0.024044676843242147
0.028221369732655203
0.02596201789897698
0.18094829338418042
0.26097208002808
0.31943189011467377
0.258985613196277
0.3162537997600187
0.230641404956832
0.2186526455049511
0.19281502494942615
0.19431884974836064
0.16097600030915318
0.16672732715484836
0.16255511714000387
0.19761636301018942
0.02518483538691538
0.023311837447672047
0.021889264690038483
0.03188233196212293
0.031778439827781245
0.01690064300604744
0.01714557986120751
0.013622254837256341
0.030868052457846316
0.03205982694419837
0.02576758308701507
0.26029526161837296
0.13369938358480957
0.22309153100759335
0.24502668514142698
0.24709642479263275
0.3064952782568915
0.3056124041094238
0.11062143297723598
0.1939375028178423
0.29758376733088787
0.08252733367586501
0.10299432177848225
0.009479563494946995
0.019770157257221976
0.04841516370069994
0.03533089809164206
0.010215647124145417
0.023839566051310303
0.01716307535086184
0.038239486512201964
0.028875605911915948
0.02253171690316329
0.024298045408502885
0.023105334950596197
0.08039830552819202
0.1698076124377333
0.19838225235673643
0.11867190632507225
0.21522703267003027
0.08266409728560406
0.11589881883398685
0.1953743069556373
0.16632628903363653
0.04006422415176633
0.010404510978716077
0.02478234287193649
0.03136010849898771
0.04773897426353933
0.029559580099324894
0.019912681562886836
0.021765497536529704
0.02406901327028341
0.010335012036988356
0.041573735391203355
0.024602087686815766
0.019210047640414108
0.0099470760702487
0.031105665428001972
0.01020570004807516
0.06146846284235862
0.08071953163475415
0.021637675473265318
0.0666105958070428
0.1058898915561085
0.19022800094568498
0.15037424348223663
0.17207768930490908
0.06836625383081923
0.06842116069779328
0.04692754693894656
0.028072679691914133
0.013395453508020027
0.030087893144059224
0.019912681562886836
0.013766753281224202
0.03234607539905728
0.036735218373560634
0.010344959113058614
0.03412717689595718
0.028637701846730212
0.023234010260901602
0.013452153840329106
0.09785933437910657
0.36512580686448143
0.11446100434035164
0.3216971247291621
0.3555065965871926
0.2797454426502506
0.21938562764836955
0.32244922235108614
0.14251628525887136
0.3112677312873571
0.19358910958627493
0.20923662533083498
0.03927212761541132
0.03372290124007483
0.020462418170451198
0.02266938523454724
0.022807053565931115
0.02745186802282897
0.0281024177000624
0.03142371926673413
0.013925906498348168
0.023541284666645155
0.02356422938854248
0.01702311143362747
0.08229216032916734
0.31575817051773764
0.20375247251390047
0.24085074575611515
0.10856238823069435
0.33408375220422615
0.4322419484342929
0.545305855413803
0.46776904518433776
0.14605291793946135
0.2500747739123287
0.42049543521574834
0.21806378305111265
0.014699561151128828
0.022394048571779412
0.010046546830951197
0.01952582987608226
0.019383305570417474
0.019221412652777964
0.02414602426934644
0.012941850849547402
0.02750765753709806
0.020157008944026552
0.023311837447672047
0.07103207021764575
0.23995064060863375
0.3201418890236928
0.3446431396501324
0.20148864697988536
0.27189460849912195
0.21173003637265891
0.16017120778505564
0.18438573030010527
0.17042356472247208
0.18853139651466577
0.1851364106360066
0.048368059108271105
0.02165981747106538
0.048381354228841905
0.03355467998623935
0.02007556648364669
0.02009592709874162
0.019770157257222046
0.03040594698279131
0.04315990591594962
0.03282315615715552
0.028310583757099873
0.019892320947791902
0.08373448635935347
0.243132475224185
0.3316977428851807
0.32031777662818534
0.1468538606805156
0.17465747321881114
0.21631117476902859
0.2845309641297607
0.36230230043065687
0.3168134287610715
0.2321924545431101
0.3404513411408272
0.3069854581140145
0.038391768519344435
0.04350914157990079
0.036803333923293234
0.04294168376602125
0.04753725487772298
0.04611889101360309
0.04687318457323292
0.022796623019544316
0.05450086863514543
0.05597133089608991
0.043275350946530705
0.14608733861334963
0.4966273321226129
0.32644834145946033
0.381843068779852
0.3055878265609527
0.42004936509352464
0.3212025717355751
0.16895394359151153
0.2444530670939935
0.19316770127305355
0.13562719488331795
0.2362503914102236
0.04524699158150518
0.01702939423226576
0.057307054799361996
0.056563246418485306
0.03717791551537348
0.03811118307144018
0.04389748614476898
0.025047371797535828
0.056708999445938255
0.052269935013286195
0.020779441910749534
0.04223653982896177
0.0293224406605957
0.04770207682451787
0.12344260380755447
0.2321793022744525
0.09324389108251117
0.47571312659164233
0.15321481271004045
0.3807740557301024
0.11364063657898907
0.04635278591736006
0.02576692269068473
0.06200657138762829
0.05505511948453112
0.05067356588455691
0.05441901180706688
0.037858791130569745
0.03971731360425226
0.020839124367171006
0.029584873005410094
0.028732893397625987
0.03077456630190206
0.0614977023345586
0.025784476117553915
0.08053123196697437
0.02829020677099243
0.025926226948326612
0.031526047886910824
0.02071908387327542
0.021815033468947833
0.13622981532696873
0.12083146877283679
0.1089089301430283
0.07016495956198904
0.019230102524534446
0.21880909295915665
0.32231015186815964
0.030093701373043933
0.03172174437064196
0.024225216979054193
0.03551842949704361
0.021517776111295635
0.016840399786931023
0.05757753057422625
0.04319934037695249
0.05064382787640871
0.07261169138254467
0.0642379965302583
0.03237588974848441
0.30603384185327154
0.3432755081435842
0.27670381012123046
0.24121786130647277
0.5311806123615198
0.17770168841865794
0.13073442079127817
0.42733713772048537
0.39827557848760115
0.35778175100466025
0.541477750568886
0.3912332351979053
0.05506927494830817
0.05941654028013185
0.034870704370083855
0.06176605548177903
0.057083937753239854
0.06353934880057803
0.06479911975495861
0.07340036340378475
0.06478634213716566
0.04788816670338429
0.0656637647179226
0.035834610019338256
0.2906390812105701
0.4527611740565605
0.4735503604882637
0.274171818372432
0.28732842659246
0.2684991356423797
0.14925587643408145
0.22682967940247206
0.39580748704196517
0.5010938229224656
0.3137969680753993
0.2089095072412045
0.0754289317152665
0.055285020939888706
0.05636599635240165
0.04194286709565125
0.06613733012162823
0.026528851879353263
0.06475330075334633
0.0409394457910465
0.044691550133473056
0.03908492388769145
0.06541545636394724
0.05633782196779948
0.20460382108941672
0.16455447943012383
0.22091866975925123
0.30858356479698945
0.1916980801420923
0.19686678735332597
0.32654928204258715
0.31755495105883924
0.258357568563767
0.21716632060301758
0.2955968522031089
0.07232635423084893
0.03605434683660022
0.031582746186100207
0.030278725447298475
0.03448727138546354
0.041484221969803635
0.04256591896380065
0.023146532812630162
0.03975672984151584
0.033798621057660704
0.04848278264441602
0.05659705589034334
0.01837224950174934
0.3041900853480826
0.3661289273154556
0.12888426464221242
0.21205580621417808
0.2364274624828654
0.3528807340732945
0.4616879994914776
0.6639504083480066
0.34287660624484206
0.14852973988095336
0.09511394138371772
0.3981687003072187
0.299253575995479
0.02747945783993732
0.019774240892791475
0.024298045408502885
0.015973382054369878
0.01571094970955548
0.016235814399184277
0.019870129163074762
0.013579729588024532
0.036777226205458334
0.030851222357016303
0.03253690770229661
0.3254962985584588
0.16114234442240388
0.23302723976200387
0.19451485397643364
0.10531964143179337
0.30584119512621344
0.2976827273248184
0.37942724596306454
0.2761856174779803
0.18902127022498547
0.18820217027566158
0.03384092844109826
0.023699652896090547
0.025991019121539168
0.03577360072187343
0.03324195576220622
0.013677229596591964
0.038547132787489204
0.03445016074069992
0.036373122991275944
0.04746186100454979
0.04129907613749706
0.04401225205935694
0.04488863243531932
0.03457232443126978
0.05795937788086937
0.155086898796086
0.15792411312831442
0.3610865231125838
0.39693469873813086
0.3870204834357471
0.15997335280122887
0.12277450902270717
0.11836696097496528
0.033395653066873345
0.04088810895460556
0.016542321951173944
0.01658484720040575
0.027763113495751127
0.029289406144139055
0.05270896662666982
0.0489719253673582
0.023814139569813375
0.042439234681170286
0.02333218674518621
0.05406915258446155
0.03455196381617485
0.04758735321503131
0.03750425300494637
0.2152112593324541
0.21029491495695063
0.08791386524522744
0.08126761149393154
0.058409230684500275
0.1600485290456592
0.251136756961452
0.1925449422314847
0.08361881507281489
0.09709083420790696
0.019839885267968677
0.012175221109984416
0.042984935054841765
0.031265680953172635
0.02334636182826348
0.04414370737339336
0.04944587568871376
0.05588205946523469
0.037952186537035866
0.03240164683975137
0.02141605477924539
0.057096975644571155
0.0825627302773112
0.2511135850298977
0.11396365053683952
0.30758021827697923
0.39411782198828194
0.2194662649478176
0.1929575492550905
0.16747860655794353
0.3260012789525095
0.19249581611145225
0.46715747832974774
0.27058613614060073
0.21196814169711684
0.036512580686448144
0.01817781375081084
0.009459669342806482
0.04350914157990079
0.012205062338195115
0.015417967908885458
0.02078464170930057
0.03551842949704361
0.046433662193388146
0.049662473607517625
0.03660056435678175
0.05652943694662733
0.2378877459232887
0.23272831420446619
0.1299287076295883
0.11089995110720288
0.27111483393867364
0.2872927655494655
0.14376369256967098
0.5130602389472636
0.44209483583765613
0.30705762341463483
0.25087420696641594
0.25881150707322476
0.046538002480420386
0.027187990922771917
0.09037380676242306
0.023338983198827375
0.03880810063341944
0.033631987055104055
0.03106298610096405
0.03135534724626354
0.05395991708541698
0.035848258301647146
0.04563355749724535
0.034266915204845136
0.16094100932984506
0.3357421119933376
0.3127029871062754
0.31294306195747906
0.24220964454131028
0.2530819332615762
0.5333511761382205
0.3777389565954966
0.27807776663526984
0.21654167545118924
0.42242168137547403
0.47204784608182454
0.29495439998998396
0.04611780661615841
0.03567429398870912
0.029928866224693144
0.010046546830951197
0.027920894913671307
0.04486516915560676
0.03248185006642409
0.04670956036447184
0.017606324644340147
0.038409464456105255
0.0516251821452998
0.28296116426345147
0.36032319389962625
0.2989697263220141
0.38513139332073243
0.3142204270472352
0.28407683537031714
0.38018751104355486
0.3534104093319945
0.13328830617556847
0.34249263984298234
0.250502068141513
0.1820647670444542
0.03914544333278096
0.02656899387536113
0.02336058171703824
0.018874290193043042
0.0148536707164951
0.024196269604041237
0.027975485140497455
0.01000675852667017
0.012771749852620166
0.027755356011021082
0.02891109394075033
0.023147856553923166
0.14741085328762873
0.29667452254889987
0.26434186577807794
0.1441038945635257
0.3056007509503387
0.2790019924465449
0.30293619184991205
0.2622811160082075
0.11089000403113214
0.31612412442771304
0.2290705198522153
0.07877228693955711
0.029833450073073486
0.01956655110627226
0.014095006791542387
0.030699000447091847
0.008743479865748569
0.024070013699768224
0.017123277294875103
0.020673194429480773
0.03182309179674625
0.01753048063360194
0.01009628221130241
0.013310403009556411
0.02792512704068076
0.0162274102306961
0.10420103570101047
0.13669226066899426
0.20754155886638634
0.11509855713190133
0.16617346844371725
0.23409678314500432
0.12863836617006036
0.1409565383025208
0.0815814682579698
0.01887595811192353
0.03194995090583901
0.014346301516520565
0.026403454972710905
0.009549193027438719
0.03331796633178444
0.01369313025264269
0.028670432135610015
0.023644473261873782
0.10045452409157832
0.018043995991431087
0.009340304429963541
0.019261141879847614
0.02422385942114958
0.019567609361524924
0.009935064581537416
0.16638713680671377
0.14429935601221403
0.18696066430588407
0.10493794694645144
0.2578780524440083
0.4219525976150106
0.1106910625097277
0.17844639246668623
0.019656823385969524
0.02767007591407281
0.008842950626451063
0.005686034137645353
0.009355225044068891
0.008738506327713476
0.02868810666882167
0.02979748416451056
0.030597572031517792
0.013721480418797229
0.026258661194873103
0.013279346553781981
0.017040606923281736
0.1914508637380625
0.3155099913791423
0.2899524506163695
0.49708634455444084
0.3943854640616162
0.4416302024536919
0.3053851317087435
0.1878903198909276
0.19005878247424185
0.23676646149155242
0.37974624267961593
0.31917300222884887
0.16901354981829572
0.05851800208685455
0.05026864677145168
0.052754353711083675
0.07742369055489008
0.08036511460653924
0.03495575486854747
0.04764021832864091
0.0656448493482182
0.034785653871620234
0.03871215188402398
0.09500461592106652
0.3544391978830824
0.32084061418964754
0.416332474900354
0.14859739589902032
0.19369256596268208
0.4396704712969246
0.41302471497753973
0.3590191731608251
0.3794098931908202
0.33711997524718307
0.27149536617894965
0.23747516679350195
0.1171710341889152
0.07114864372437658
0.04794924854866922
0.027264935508551618
0.040991932260009425
0.06210063534540202
0.09050795616394804
0.06759505191550857
0.06798130935502572
0.06722803515913289
0.04828755144584974
0.07708091712017087
0.26924902516059074
0.37797518194925966
0.32464937791419934
0.2263082367806617
0.34623340884379317
0.30579593778808584
0.13677229596591964
0.26653408710190524
0.5284146476695558
0.4121918675990601
0.3567609909058266
0.41849524100373253
0.3820739286882554
0.15067798869966734
0.02427551576735926
0.025368459998725387
0.008793215246099852
0.025438203952176115
0.021029578564460638
0.041124361348063986
0.025206441487580722
0.0706279867114258
0.0442904081340202
0.04933535551788729
0.16003943523377215
0.3834718246987839
0.43482542467601626
0.3358610640259308
0.38258696261087505
0.3256609272310932
0.36833496892378026
0.355844691305773
0.1106711683575869
0.30025799080561616
0.5742462058308546
0.15476655657699925
0.05816754393790691
0.02486031103096608
0.033656096751995844
0.03438907889541499
0.036628746555862436
0.09209700134127555
0.027896563496067082
0.06589942605644257
0.047036679889495725
0.05661430470637692
0.06961667707496928
0.07966812382906552
0.17348527541197295
0.277169053287913
0.4858759200717589
0.33024917684051625
0.2859851996240373
0.27019704506278136
0.405542721675943
0.34022330943209267
0.1827735211983177
0.3337656983654937
0.14625185946086647
0.238900911229376
0.0498706396645551
0.04164467024362669
0.04843790331094865
0.06185505694828543
0.03574328536372137
0.031468684431539086
0.052474578979159414
0.05967922165491625
0.07445640364719085
0.04326634591506757
0.023763564731824113
0.07149017158830707
0.05990866887388943
0.1487276873383958
0.26175394772058064
0.08213300711204309
0.2557010356622861
0.02431026747751781
0.02797188960478331
0.016471446535787596
0.0768401905616563
0.13468546885326832
0.017803904345050935
0.06762264173261691
0.04242479078813537
0.0640515732979096
0.0806017809095451
0.052336910647775466
0.08653760371130345
0.06911894460312393
0.02645922234686154
0.05637854319798941
0.026976470302514457
0.10626317004979037
0.07327855423983304
0.04494591292187974
0.04992422821288194
0.06566152199125683
0.0467971740036547
0.06934322678082096
0.02400381180569054
0.025486799372931256
0.04121687929342482
0.03742284141452072
0.033676457367090844
0.3488732373353494
0.2562996771201165
0.5213964968626388
0.07253630010670034
0.04903287069456212
0.05928523553966847
0.034165112129370276
0.05513426710678905
0.027173634259126337
0.0550902772754533
0.06281799871222099
0.05736264317502666
0.02346515244971663
0.02938494721918046
0.08243375858684963
0.3382299564677391
0.4131201311291596
0.11575412422948429
0.17001594642877504
0.2183262153959269
0.12416935058491446
0.16237557665012647
0.21878109812693852
0.22150313161824753
0.31273057692338335
0.25298064255508046
0.3394114536332556
0.10318102007668997
0.044618204342412454
0.04808905121989036
0.060808455662572425
0.04274148122543877
0.023425364145435675
0.06704325557334112
0.050311079899686514
0.025384938131274674
0.080893343761743
0.09044033722023237
0.046555497970074716
0.18199753408950245
0.44587931486370863
0.31374629436234774
0.25333267446825514
0.3635673430546941
0.32636404891233145
0.2009706896588679
0.2779398175497281
0.3409855205047136
0.40033795627094115
0.25891293548879857
0.2346513945066938
0.05845804261066092
0.0653184161242132
0.07879651766150686
0.04778420505347671
0.07241273595151332
0.10538412378148188
0.09761072310688995
0.05343122540421201
0.08958413615088034
0.09341557074373899
0.0876804387704025
0.04395693262261386
0.2977620038210171
0.34211373214379853
0.4027121063431163
0.3124612227976359
0.5041789451581673
0.17896779265591456
0.1971609947883993
0.18626894649147713
0.47687869866476207
0.12067792688425674
0.5274333125167262
0.4377650416177809
0.06271165428732689
0.0776051366506389
0.022639545135886036
0.07499709517303585
0.06825720752610942
0.024131606546423327
0.03557945852394733
0.028926097212283203
0.06412758386748782
0.07696902897317472
0.07378849058585314
0.05490671950027477
0.20957708981007483
0.29497734471188136
0.42664172537648903
0.41207863454003224
0.2956666721016985
0.38618892233451696
0.42053476124460254
0.5221864127040758
0.15244283015507534
0.437820510282548
0.13511956352978566
0.1472468539073755
0.07970698162608318
0.07733479088771673
0.0755419751985007
0.09252384592348334
0.026089315455499144
0.08636312622335297
0.08321197779158464
0.025704254815435992
0.026340362558975226
0.06881939598976261
0.09399076098713587
0.04785027525984667
0.10355904053766893
0.5953510436007889
0.37776191952304466
0.2269514987364533
0.26453540038801054
0.12564529710969666
0.18118911373019445
0.0974813454884371
0.26436908570086337
0.3809012772655951
0.32191798602047106
0.1923907670490636
0.10136079663037584
0.07109895868827172
0.027245041356411176
0.09708389844033484
0.11084971414411432
0.12117792546710304
0.05352932962313621
0.07654656228625817
0.09742038776277348
0.05403723152937259
0.05397365392525155
0.054810815602502595
0.09649756573127234
0.024847800880451985
0.06464294822070805
0.05204310199954113
0.13921349090186702
0.5062895887233461
0.14400382026899045
0.2064107181882456
0.22354822792529877
0.2854214182201426
0.3102754134323445
0.1546251375646446
0.024131606546423327
0.04837502889412118
0.0640501911763548
0.04994524909059402
0.04152413398947742
0.0726480520064989
0.07424316548016893
0.04269637566617375
0.11179815038404857
0.06403540258606943
0.028428024577101616
0.07849203277562634
0.028796605515452676
0.0928078228375413
0.08001367847284932
0.2311987585821624
0.25171151798303826
0.17854882793922827
0.09471790512231754
0.2510249060320569
0.30287032904455785
0.11339102506914063
0.09376393969131895
0.08515717478412774
0.052119063680140014
0.036167568591424226
0.08458641841080942
0.056668681963092896
0.09091280816010881
0.052723751541316546
0.09127449428839815
0.08524860463051624
0.09359355403596642
0.06536601720047384
0.06809452627892036
0.064020636402739
0.054640267960502295
0.3727674806187555
0.35257100366164895
0.35141186592620854
0.12587036646559216
0.5038741496283058
0.42564753591709065
0.35461607980287235
0.37190162358131446
0.2758896419329032
0.136424148303461
0.29369244028563213
0.15492392025767499
0.07274847773435036
0.07452344841942471
0.07520742260683345
0.07392868825646072
0.05791007075571113
0.07636861375597069
0.09087986035438662
0.06661059580704287
0.08511458577932389
0.05755945887349806
0.08882743033871539
0.09970413250933266
0.25276048070409285
0.40243352214775996
0.47921171881769564
0.27950428811760697
0.24047210528894764
0.32964681949872415
0.3681251181205219
0.6077252566481015
0.13671261350949795
0.35290094269485717
0.5694531180301524
0.497033045784909
0.175311275909148
0.08549287185119574
0.08279939658031707
0.08329830036394431
0.02772250100778307
0.08998721265649631
0.044240434284159254
0.08445594314092807
0.09783804680762428
0.05951407792261578
0.08083816412752644
0.10292222221371661
0.4471978842661721
0.47505688907718935
0.4289940662180578
0.48465043946001496
0.18970513682310278
0.16746443147486584
0.15469268162224623
0.10892048296922302
0.20418985975525802
0.20816692873103784
0.33157879085258746
0.19507505322496854
0.0758876459214854
0.07068982970774047
0.04438605725294235
0.07986331890563737
0.07015775572069285
0.05063194705952507
0.09226604870056575
0.07675487119548798
0.09837333095429272
0.05703529627299641
0.11023746050455493
0.030259005405696527
0.29494634682000254
0.17130587898880628
0.4063775166806322
0.4604466936483034
0.2342692372827977
0.3412139054926089
0.4119751373097239
0.37002383598095645
0.3380616766288987
0.2221227366509091
0.36822757075391277
0.6245623231182776
0.15370287111073425
0.03571995016826303
0.08595534067154335
0.0456968674667225
0.11954667753057116
0.12658542781538648
0.13940299751629123
0.11927077935948698
0.0858678632232717
0.11320507495848864
0.10029638995785331
0.10329713798171201
0.4750452135303046
0.3009502517188449
0.4633588118143105
0.3660162293756338
0.4489966041381435
0.4364970882759706
0.42285257859436265
0.33838910683416806
0.27570377831813714
0.11042249145583086
0.3379256712210169
0.10484317223175307
0.09532281810942109
0.06142666417622408
0.10399793543530206
0.0801000241435266
0.04666437349037242
0.040725013680996326
0.0750521853261173
0.07003107143806284
0.04579969342265891
0.07259710008310447
0.08934132329985432
0.03146260161019659
0.037082017330137974
0.06722803515913289
0.10337888088252897
0.03502663028393382
0.06780907841768943
0.08145358809929745
0.0486198657004105
0.06604811609718364
0.04905581541645945
0.08225844503058898
0.05141924409396826
0.04452602117017671
0.054647890914916473
0.0936184275748867
0.04240906692200719
0.09039090096767079
0.05424132256525264
0.06850551588008476
0.07565127851115265
0.06289148272054036
0.052469305099753956
0.07302082050813936
0.03964770736712384
0.06741159293431141
0.025205890762010193
0.038135432072890656
0.06875727434137299
0.08348580945759743
0.05620011330396685
0.24762057188821654
0.4536893028629134
0.16092379666448334
0.5721238827815951
0.406660327508393
0.021634890452790895
0.06083379251909843
0.06166990878445885
0.02665816386826646
0.1060265037467845
0.08094685817943895
0.07253362917790708
0.07299548365161322
0.07115158260357352
0.05588988843570998
0.10260416837498416
0.09908704314984924
0.02840884925663028
0.06764104015328459
0.3069918949648426
0.3705058435186004
0.22833363547818317
0.5701073542094133
0.21867612518901283
0.22557525463724257
0.4561846208934892
0.28001531191696544
0.6815893764029476
0.24795055318760445
0.33126720759526485
0.3393503717879707
0.11890791252469407
0.06917417942153074
0.07897892626035942
0.06767782136683369
0.06890296487941222
0.062370357775370096
0.048295379005283856
0.06513955819286356
0.05095241847393044
0.050229550797476305
0.0790999896926798
0.06268772117643545
0.09271669605078821
0.10756768062366939
0.12525358187657123
0.43404807371773374
0.23073051756082097
0.3248149168168497
0.6517113795353996
0.6105679542140637
0.333778951624609
0.5285336188182103
0.42123220987920384
0.2276987605953846
0.07169833764534433
0.03691805753277979
0.031386908439802366
0.040290931651685104
0.06536908983726535
0.050157090368056434
0.05947086099827599
0.03488600637066099
0.0494961318924173
0.05862836135528801
0.03978474347386313
0.06320827099527758
0.2131960006594972
0.4731686958817849
0.25910918769866853
0.12291601900006272
0.3049544051478005
0.3049037314347482
0.4560887543258193
0.24115112518489945
0.23876277606345994
0.3650684599779629
0.6574172846593063
0.6533342341845847
0.28677194029981656
0.09926547119873871
0.045076764185718154
0.032845245183961196
0.05162565256741684
0.10927221304515519
0.040594017442684885
0.10985579589807687
0.04989629243198995
0.10735420941505312
0.0851318379276016
0.0799968567081617
0.31466186412096914
0.7181469917364278
0.3029518988537442
0.2223326825267605
0.35551788741190027
0.26204111627234516
0.1342656327962168
0.36200599027893393
0.2360202501809654
0.41401068187760914
0.36723466262229626
0.3819040573364709
0.3484156020107279
0.08285152084025499
0.05635297217647899
0.07722673869146726
0.066287301561343
0.06175374558306316
0.07875485918736862
0.08552843303594981
0.082879810593546
0.04721720173038594
0.09808127786014698
0.06224240034534259
0.10475265809578882
0.2461265484565997
0.3894174968607977
0.5012254202953046
0.3228442705906755
0.11085021572685125
0.3921560640812977
0.47583786837957437
0.16332039592282885
0.3328361358424516
0.24480368474445047
0.060725187455524215
0.06329271390769324
0.05615457643194469
0.01855129687101382
0.033112994068502426
0.054057764790074105
0.06098581365825487
0.04914483043891012
0.07661226323029724
0.0783048550958494
0.023882929644667126
0.06726935407672072
0.029831281134675845
0.0593350508264566
0.04715140349898229
0.22375108475644717
0.23004834155494738
0.07020646290381508
0.20866178679060834
0.21732498936263706
0.1551478870237195
0.26486224424036015
0.19081117512149254
0.12339671436375968
0.07091786141647508
0.08196934662896968
0.05782259330743961
0.06018597822075
0.10622936057793221
0.10603914983329112
0.028737102766948467
0.11350997710173315
0.032288208924027256
0.09093882891723856
0.08315167215586958
0.08429572166224096
0.12600790161488057
0.09741964420965724
0.06984462298557471
0.04972062206193216
0.05149199557519509
0.039504815639394474
0.07092600603726402
0.03652694348038751
0.021117642497137976
0.04031387637358242
0.03994752681634353
0.055828806590425044
0.0555721164352969
0.04384369707365922
0.08334034813004587
0.07913179507655332
0.06668660637662102
0.09629167038391734
0.09016986144536762
0.08119914502831206
0.04499839939084258
0.0663561357270349
0.11366744438669912
0.06034461858993839
0.05568628228476026
0.3945227271113598
0.44080789408500387
0.3534255571582304
0.3378029142450967
0.20330828779981266
0.3908245570340372
0.34066423844151694
0.09317426155001944
0.2851959394492294
0.591699566987395
0.3894985667668973
0.16243227698243512
0.046157764022304384
0.07245369819175988
0.02300758695048525
0.05229102120398089
0.03342484589620236
0.04680905410335057
0.08601129640683026
0.06436704331382918
0.07829990095355645
0.06450499239937099
0.057797754459336485
0.04242656241166145
0.24353527821810123
0.3868817864714453
0.22878851820919477
0.10762736308009106
0.13081399739984065
0.32810434003606176
0.42640505907348314
0.3819508549334109
0.20109315808644837
0.21769569659548674
0.27387063364252684
0.33551976585489807
0.13953073423142057
0.08472358521426229
0.12005743456786662
0.08955654633377172
0.10119174927108564
0.06645704767000275
0.11791120230766897
0.07097710422108743
0.09297768365520939
0.11585927974544205
0.05867987230049999
0.11814910637285471
0.2957064525157841
0.3184589496761971
0.38684888404988593
0.25103820227852336
0.3004697815426857
0.24306502300382746
0.17351719194886076
0.218102908897386
0.17698437334283207
0.2182167387541121
0.11416611910433154
0.02659096331403909
0.0683588389073418
0.05703529627299641
0.07369240149645825
0.06119357330013905
0.08616078491253344
0.048812416135478535
0.10484317223175307
0.09581586225354585
0.048532488301009875
0.017994260611079872
0.10210460501125232
0.049669695128538915
0.11251792234352587
0.01801615057176615
0.040919499211942684
0.059478990097243105
0.02567539275252591
0.027997040307321953
0.046828804454068715
0.06505975893983666
0.0483995225796372
0.06905560246180878
0.056223802523267634
0.05944043247360376
0.022664516548051326
0.01590269193660635
0.016537306331221854
0.012858714723287801
0.017321838268731075
0.05224352355013914
0.03907486139112745
0.032745977257250404
0.044314162064099646
0.017688885375723214
0.04365033642311651
0.22121806881374997
0.3504178190144815
0.38842596722871375
0.300705414308378
0.2167018098740479
0.1164156047881557
0.20842026915366627
0.270772957582404
0.32710883152083087
0.24681392047742368
0.13304874727156293
0.1466718402563961
0.03830172601046277
0.05119430228743003
0.057450064890184074
0.03105197408134842
0.032971565366441635
0.035195660204209965
0.03529708861978403
0.020794846874354886
0.025387530239123966
0.013877406332647195
0.03136010849898771
0.025742246230488992
0.03320482076363402
0.03369316323192663
0.03278059030291191
0.017759214748521806
0.022321770599469302
0.019686571387896232
0.008932474311083304
0.008385385127219614
0.029659053391498637
0.014678715819952145
0.030778838433401647
0.03421518552032706
0.04463675023046941
0.03036250631932664
0.02377073188561833
0.026502351926271126
0.023357726891466625
0.02137864584972513
0.04463675023046941
0.022274512913904063
0.025721033246890082
0.02677649045416659
0.035060422316777806
0.018016530591209976
0.02583762055552494
0.02005368693825329
0.012443007515875213
0.01461936621554342
0.007300167784793971
0.023285805639464977
0.13604538816137676
0.2178606476938171
0.3343958324310958
0.1440734498014822
0.2249006067996204
0.031189670383594416
0.010663265547306611
0.026147635934906096
0.02683173106111008
0.019790517872316973
0.014387709323428897
0.03539558856692239
0.03260051847004302
0.03288676692490194
0.021582252000674915
0.019962353695548784
0.019489975474882838
0.04475570226306228
0.030927528474142714
0.24296166017066845
0.18827345343229812
0.2506391718191587
0.36988134534748723
0.28637815949537054
0.18627901924332654
0.5045590342205069
0.47952023104126584
0.33646828531879625
0.16057962783245286
0.31535684670107683
0.11594785858589841
0.029102863065942765
0.028239212537544148
0.009045870978284146
0.02789968273358215
0.06208433317290176
0.024267742228286003
0.04793733254732793
0.061247627724645703
0.03895800092272768
0.053987754117660026
0.044973949390927095
0.07108478972081797
0.38583369284384583
0.332636629967073
0.21122304659628435
0.26481606927521084
0.3708319727719017
0.19682102852789224
0.4099376701635794
0.4964597784921389
0.2232958311913092
0.13670465584864164
0.22669430809757585
0.07809747835034359
0.03692750892459571
0.054831491208072076
0.06727474796861949
0.042561829794538486
0.026600960902804616
0.03509945134444342
0.033218686206606875
0.05334767036074588
0.04961209876370124
0.0407823120352376
0.0199707446262383
0.24413481533965375
0.3950133260901395
0.36023472402057666
0.39303238469087226
0.1405780472703963
0.5155538744687385
0.4014500322041822
0.2944543395286539
0.13789830497707173
0.3288988215648718
0.29870040375085044
0.4635650495926444
0.25020977439217706
0.09391175696243542
0.04510473430574183
0.05932976307709091
0.038053989612510726
0.04275729169945026
0.05973051091389339
0.016452463820191297
0.05897047015790864
0.039307505373269366
0.0470278761907406
0.07803253338091383
0.0945574062550611
0.2787046123650629
0.10591646599600807
0.33427822408502095
0.33196538495851424
0.2510769250437004
0.13499276405695176
0.14709437680401663
0.23472648739786142
0.4318312384617703
0.2936876203144668
0.4676663644717192
0.2517460451870406
0.055887592151674804
0.0684134663047251
0.0465423300456064
0.06978951180934691
0.0461853538394128
0.040537556757778766
0.013358923162343965
0.018753634911228067
0.0198894323729664
0.030819416973143058
0.03390453920884468
0.03525978626449792
0.1119122808950454
0.17788751200287822
0.27680863504828485
0.20033644913105494
0.1448126487173892
0.2541112796264899
0.2895749332364749
0.27054121589124086
0.18698352087226688
0.3751111534054098
0.4526429418382729
0.5379605674011936
0.3042184967472793
0.046320399341071135
0.02959255130898983
0.2125527038100104
0.07563320285050003
0.0358769888409177
0.07658933229283761
0.09808780386498792
0.06881887902101999
0.022918063265853012
0.03964477955662884
0.08573992248422693
0.07074050342079276
0.05837611743606952
0.26236261157013174
0.04457284787078435
0.44271822136157113
0.39745916010998944
0.1647612431320308
0.193397338541142
0.19572995014504552
0.1236113303031107
0.12674339072768837
0.09130924064698356
0.06515612677180538
0.06528461721443037
0.047215077930041593
0.07057337561176168
0.035792084770106446
0.07588388529558515
0.04456101214948523
0.06383052832275074
0.0886146257398983
0.0599775030395814
0.09236625330835299
0.03256672705399422
0.06392399520591954
0.06712602502466623
0.06676278852078357
0.02597181561941932
0.13226265390861608
0.028170119430944263
0.030419728283821137
0.15905281219218764
0.25915115209892736
0.3122769948394827
0.07562761936210105
0.04613841573397679
0.0644498127651543
0.06633189038525607
0.05894073214976045
0.036390618480930274
0.06750527849644612
0.02291806326585294
0.024678819637526817
0.03650083892396992
0.04632539351067895
0.05811848212395477
0.05671038153864441
0.060248478851010645
0.1304107643108829
0.35611516708063706
0.2577450264873049
0.28133336505405715
0.3235495286525701
0.3022273768103005
0.19068334174214338
0.40074939780533414
0.4372286121050546
0.5854448146936595
0.14678298526512923
0.12909128400033573
0.07523743125452743
0.02823676548992155
0.061973951062771725
0.07645641894905841
0.03711036749629252
0.06967635544669754
0.0750292406042199
0.05043949667332785
0.09203962987352514
0.09135516103131378
0.08078298449330988
0.1146102834032171
0.2398641227145307
0.21354994672030528
0.3268841530999779
0.36559266650302197
0.3659237443083227
0.3150700376773601
0.27852469619841996
0.26942004338232534
0.5019455620458808
0.13544336660293427
0.4199519275851254
0.27584133804811506
0.08245754899336828
0.06859368959467076
0.07362310258971305
0.04866922413536729
0.06865060791676646
0.10692970058174069
0.13030170454084997
0.08831500456389535
0.05216430572435308
0.09962682957832716
0.04901743728119917
0.08340406409674021
0.2015904500553607
0.19041389097696626
0.1545370685708702
0.5317542129762429
0.5640903646709066
0.643869079821472
0.5123005726344901
0.6163196243944127
0.6086110648107816
0.5075671063609871
0.1722744051682443
0.29744030028192425
0.13375858684985273
0.0553788369968261
0.03596218576703368
0.08760519820382437
0.07234365242216088
0.03753132440639019
0.07246594335021794
0.051526608620856604
0.10534017146806639
0.07175483986082602
0.07263840058251951
0.14486440388651434
0.44560918309691483
0.5090006413533462
0.5361201761999781
0.37932314642312664
0.3384056607244329
0.4294235709025685
0.4097446508215478
0.3541097846225179
0.36022644707544355
0.4463440351231179
0.32370184205513014
0.15409677377708528
0.12364024926872733
0.0647693817468104
0.08717994468730474
0.07355250602714587
0.04835053520860522
0.04326834313833421
0.02704112629697102
0.053820550632681756
0.06868568435652814
0.03190385948201128
0.07341650332537476
0.2427245963065389
0.35792870477251176
0.2616363000351308
0.3108069083488392
0.41664486408035095
0.2813222249941415
0.38818091146464156
0.3254481438011208
0.47506170636690637
0.2120110475534947
0.40598691773138745
0.1638993980809326
0.09149441269609276
0.11753537986337079
0.07784881181564193
0.05007348097045582
0.11108687106585018
0.058202891115270064
0.11504953734190608
0.08351878770622649
0.04179761364718501
0.13378408014222723
0.14042076980023419
0.13126356796621738
0.07427178765573454
0.12607654167341503
0.03993088588508924
0.055530684162727204
0.09561065614611143
0.4086581589090127
0.4043432922426225
0.2901408011649222
0.10990126466974978
0.3179528355190757
0.13575847326877333
0.05250961986723576
0.04975028907629402
0.10447987840768963
0.10127118267798574
0.062436153929276796
0.06992947214821041
0.10680412159951919
0.036764393155639126
0.10625390311356916
0.11259105891117259
0.09090864121554548
0.03424778290986625
0.0778348232480926
0.12120695661103988
0.05315129756974329
0.09121784094837401
0.055310357796414786
0.31787665440920443
0.2931502231594016
0.32622594938590943
0.26508460463318095
0.28921793947512414
0.17515806252100904
0.20886595589538787
0.07722960716091187
0.06094590599239115
0.09432575171986224
0.07046324094665447
0.08070320932511894
0.026240386673316036
0.08173983655415636
0.058738488057126365
0.09774318314156656
0.08868224468361466
0.09318977474851288
0.023226422624030685
0.07018790428388644
0.025374991055204413
0.32228395478726435
0.3205872456243868
0.5109625481904179
0.5327534977337569
0.6549046593333224
0.485443245011448
0.31238196777740834
0.5979123918279934
0.7558783623299941
0.6894089406571035
0.55051000683974
0.2765687004550698
0.2548557988658351
0.10203167146526634
0.06371857332093649
0.05213595555819855
0.12454988324750058
0.08602359877627515
0.056742857558311294
0.08166642714594999
0.07199393992741708
0.06585743597699577
0.13185300136167766
0.12470597332983632
0.2079863810102395
0.3037600166019516
0.3351357244633106
0.5499110597708688
0.330941437753745
0.4615338864602837
0.42513149182288634
0.2414202617395943
0.45411727094173043
0.45235178556508926
0.3244109513063982
0.5563762518074059
0.3993483999120583
0.06872228336206439
0.051129524659712405
0.10680018202650328
0.0540070665243982
0.09689556057236133
0.11068486632765276
0.11860227646320977
0.11580340268236768
0.12168028921705232
0.10322062628245153
0.1374016936310365
0.3879938778693216
0.2932335785978494
0.5439056544744229
0.2729951271934426
0.38285562957859814
0.22343489837498107
0.2708165525540089
0.17338961620116508
0.3231764079236813
0.4172408041298922
0.5561693376038028
0.36062721456222047
0.14105311659170391
0.027623030247080575
0.038612926302483086
0.09517366328035601
0.09544413905522076
0.11505363273287823
0.0963511464002136
0.0642377406246503
0.10470332371061643
0.10295402759758943
0.07872334082968782
0.1210830964053208
0.26609569691022017
0.3763526951752868
0.27028781966917886
0.4500779871898329
0.2963894739375704
0.4708787082429136
0.5208011045011045
0.2944140999024492
0.2646771512187832
0.23720584021503424
0.6763246750480455
0.6968808339377286
0.22588426692658176
0.1736892013316144
0.1262154529737584
0.1676331519314834
0.09998672337428652
0.1419131049348934
0.0786008356634612
0.18303744015225806
0.2051896847063884
0.15723436770060506
0.15414943510462079
0.07750935426651129
0.3479351835536645
0.7037779661967639
0.49276760652861695
0.22583841509892585
0.4224582195733633
0.32684544918632674
0.2743185671746159
0.48570001712783073
0.33183680992196296
0.41677775027457914
0.11806184587778198
0.305468819698456
0.05719275567988511
0.05582147715828871
0.11332258274025664
0.07521279837939836
0.1643816521737452
0.045388616013418086
0.10692153454002329
0.05283053462898482
0.06863480591379295
0.07975252932702198
0.0800541346997318
0.08187889158209286
0.10213286865659549
0.03780883614301529
0.15358285452463988
0.25002804264950684
0.22518444734040996
0.24271889254721307
0.44246455820604774
0.4327738711619049
0.3701489874208215
0.19533590512726554
0.12296781485200885
0.1459541439914348
0.09641372141251746
0.09814969696058601
0.1431885092336514
0.05049135813258237
0.12556946094321228
0.15066799122881316
0.16449048960010704
0.11499894614934265
0.18838637719294662
0.11558721189418077
0.1479917789693014
0.1398939694079297
0.14404643512280402
0.08110982536813804
0.09682003974685996
0.06985480940478572
0.04325983382951154
0.09874898321063488
0.4492449919756026
0.6471132913627072
0.3754701029664582
0.14203237847389305
0.03974851597671377
0.06349113195543069
0.07079036488788593
0.09767358190800685
0.11590482167226585
0.1377491175548841
0.11605784575335307
0.07756605459882066
0.08142209976481027
0.0639296246784871
0.1333452285365921
0.03880354375004011
0.1296997302264511
0.08985683486445054
0.2676838891979486
0.35577069161244207
0.33375392471834386
0.18216399262599522
0.11837020523595904
0.21451219865129137
0.15978982999247496
0.2539172308494496
0.33580158800963383
0.2642400627026026
0.3485973391642653
0.30867487380845277
0.18828494877737278
0.05930854759529716
0.10616522821887654
0.139243970596925
0.16576966074718472
0.059889726001465214
0.06864992734321795
0.10969871539106271
0.13259666102283046
0.13069854581140117
0.1586820114788708
0.048143848180003654
0.3080857644154985
0.28026977797570257
0.33916887908611004
0.36655704913877596
0.42132592016844816
0.2440171173779451
0.31041303228628025
0.12354268479248894
0.25004871398140455
0.3396152248754666
0.22256582707181405
0.1341204236898131
0.16952269604422343
0.08494448617624095
0.08522053010606342
0.13869401060377987
0.10985932844434447
0.13600824583195326
0.05078977041468979
0.09405575238148148
0.13056082167884783
0.1484818746840332
0.12598946793815685
0.05243103796628086
0.11103921017218633
0.12646712515714212
0.28713024982299973
0.2017964826880136
0.3154899260880814
0.3751939228567349
0.3382511577486263
0.40268236833496784
0.4028665094164306
0.4460997528252484
0.7244355535020257
0.41126406430342655
0.08585036773361764
0.07062026389095856
0.11703094029392579
0.17675591887378417
0.14043216908160733
0.10685250801843592
0.05118765345749977
0.06512033165697775
0.16826974143741855
0.11176374036182123
0.10414609269191281
0.16035201703385132
0.12610903041861274
0.2690248072499223
0.6147344595014548
0.5390774364804578
0.1358074295871055
0.123085119293257
0.12837696376262955
0.2953263996678933
0.17238318530267854
0.45807373345028096
0.4537973892368323
0.4308442620513262
0.21200015466072153
0.11910072263359764
0.11405410656934069
0.10357217342482389
0.11286994179034476
0.10180573105838628
0.08026154470439663
0.1202879618084904
0.07859197426660833
0.05526864891827519
0.06255464161999189
0.12956850150176874
0.32690992357331816
0.13522055209896086
0.20485008459070136
0.39434833680777287
0.28689103935110316
0.4193356528979674
0.3563375501826743
0.2881230642090098
0.44503407806725764
0.13166944594188215
0.3827876408838127
0.17422008597745356
0.06489077112777418
0.13056110079953775
0.12832023937103298
0.05803279011834283
0.12204478544027055
0.1462411550490316
0.04545813764103648
0.04605496220525145
0.07911460421671437
0.09257971683685708
0.11371404172309275
0.08385588191302788
0.13778354663920422
0.04781559466968546
0.2535780090430363
0.22991206565247252
0.3552459174304273
0.21816870364226063
0.3211407499925649
0.35283564831040826
0.11656697728286664
0.09762290819495456
0.08930165780656611
0.13367802841911297
0.09620390632376308
0.07561550628585594
0.0979345586068363
0.1118368847060811
0.11305305381933248
0.09268151991233242
0.04150914844114779
0.12176763910905097
0.06296571902923277
0.06840895093090436
0.11405630392600527
0.1447463020069907
0.07677020860303939
0.11678769581973356
0.20146828636479083
0.3044279894132683
0.31649046606302533
0.26080233145983833
0.1979662605684547
0.057253160549093005
0.15101196263001396
0.12947971774784914
0.0793453170251227
0.11312906438891089
0.13402788764171822
0.12888858914812726
0.14653025103270473
0.09264079868214199
0.15866785142973783
0.1153201722559048
0.14343945914641978
0.14465341109918822
0.1122914689654592
0.14821249750616836
0.16456105616000272
0.11165761318085009
0.09382831101597532
0.11469086971949742
0.11758835113749953
0.08375090897510216
0.14437751292810475
0.19203780015361407
0.11025273073929673
0.16021406794830956
0.19302773735581907
0.4996239980154878
0.5508692486840436
0.1891784232778692
0.16275233112227955
0.05455971224531407
0.1556487346477531
0.13367594977375746
0.17102328486037932
0.13096847258987399
0.17378891961816342
0.19504684314897888
0.08544740078978295
0.1578232793009011
0.1499435169212929
0.13142777043807188
0.13046584973738204
0.47235213132854675
0.4653127660651016
0.3695104205324108
0.1936795181638123
0.24717092361835463
0.4169924957759166
0.2756420071557898
0.12960045411926976
0.35600817104783516
0.3823396854878031
0.369037869080887
0.07956474131271608
0.05443040025640081
0.10644255905672079
0.1294120695436692
0.11632751071139656
0.1856798310518159
0.16498710630805744
0.06637683861676946
0.08944477421757312
0.16124375493192133
0.06112478245167822
0.1347058294683635
0.4553797764558155
0.3078321396209473
0.7786659463623058
0.45729941503316845
0.3169813330114065
0.4190893218761527
0.3152434035155183
0.5544077195279873
0.23729744673185257
0.8327603659523298
0.37826746364528435
0.1786508412158358
0.10748368708637972
0.1654750099717754
0.08353376457435156
0.11340862607901783
0.183394296250037
0.18989051842217888
0.14325458679840994
0.1638534511541064
0.17964730722336147
0.1757471349803223
0.19410825777821708
0.17723698510417424
0.30046159695656544
0.4315672537756227
0.3533984748256501
0.3454786776078718
0.37795290456757186
0.3851538468328566
0.1355885939135596
0.24533678174195386
0.38875720708227846
0.5225253875658641
0.2686990374084024
0.33478347064943664
0.1030247123805799
0.11486127781795899
0.16153686026109895
0.08354096309925076
0.09279607712637233
0.07148494395867172
0.049834851111945924
0.18771537561970114
0.1672327084053521
0.09494802235384994
0.19420160635252856
0.1304636887081327
0.31691340142810653
0.29965806797893374
0.18861365542615288
0.3717451957181886
0.41793796651500154
0.1543388323059788
0.14819153929456477
0.40733651694555373
0.31106058757058425
0.19883210356820072
0.52561308863336
0.38327062866988837
0.14176108484253697
0.05499738359240501
0.17300306749754285
0.15377524013441501
0.12380971935791138
0.08850968216107043
0.0826690845066377
0.21452731422481977
0.11632751071139656
0.18326262187745124
0.08232888251278365
0.14682708356858637
0.1837397026355499
0.09849960675367192
0.23650637880274736
0.4204035640361251
0.4242202101009108
0.1974305571002147
0.4030333767602249
0.37314076360053094
0.31885551632144205
0.1940774667350768
0.18392958039670473
0.19757504462039688
0.15458574525820196
0.12803154818701729
0.06190065438515759
0.11316082708396931
0.15179917373025642
0.15445347738293383
0.13326294477960574
0.11050151265651721
0.10429061382924316
0.15957152240120007
0.059443726595806115
0.14487297405964683
0.0634126099478354
0.13099141731177139
0.14291525262136076
0.34259137833742487
0.30072900648124207
0.15508958394840966
0.15724419657615474
0.11366523825473182
0.2136081125286223
0.09559535547105892
0.21563681151051942
0.11458954175452668
0.20135988530130977
0.14289972797647787
0.19100430384125155
0.19883350399707836
0.20364587979897045
