0.07746473196386167
0.03875845294007555
0.09324218177911507
0.0785120939182899
0.13060460120948816
0.11019188484798578
0.20841031408145178
0.1642367623473243
0.29058558920395067
0.15174192910400813
0.07210490239034793
0.16684329629554334
0.30190611899818404
0.17995667799868356
0.16201400914846326
0.22913211886522544
0.09502389190510259
0.29793557715479035
0.12744576212378858
0.21893324765041247
0.24819510583351242
0.15758049657352363
0.410891406130956
0.1887644565545066
0.12897955072108191
0.1240797588720973
0.05385192385477879
0.04200801835425871
0.054390779878341296
0.13721078471670323
0.11851529288523759
0.17924782543953663
0.21955609288138841
0.25111292638930605
0.32368797023668017
0.2924416288670908
0.15822644929034635
0.24094294224341195
0.15167957794837028
0.24566841280446344
0.16641523439745157
0.07141953950299289
0.15973713248481267
0.2556028596674419
0.08584650025380286
0.11736915405924968
0.11446702546389224
0.08427677617436774
0.03036866587072996
0.04871703627171561
0.12525103552405661
0.15796449514017094
0.09857615435362428
0.07940076269570777
0.09738968589263847
0.16032637347341103
0.31537568431954843
0.2197468927138115
0.3049081221546918
0.2847216643907133
0.29030444212386436
0.30150928008506006
0.1333067707537477
0.22870567305121317
0.23136984944727249
0.43372961683669203
0.1811061416692144
0.23424468978174567
0.06449501102040624
0.2894208370150205
0.22435615352695312
0.1635071090047389
0.0477272534832211
0.04769180367870271
0.13465903185753833
0.11303527215134884
0.085545785535146
0.1128444723189257
0.1742935224351358
0.22709968595182803
0.15283303968291811
0.3442445176319366
0.19815197261712325
0.24805966101466118
0.25238637050575574
0.25264973543130054
0.2771013859829362
0.14752283423917983
0.27968531992845985
0.4375853482207386
0.17270110546200873
0.1303139152831303
0.34386415514462804
0.20311504238159556
0.07099414184877254
0.15568242289957906
0.07202147539927738
0.15734727989912392
0.09390084039061904
0.08035690451376003
0.1503400576506041
0.16303415332920218
0.0944681966308031
0.14929679702828919
0.2932765683990671
0.21846580812468416
0.3316940009943533
0.4032151176801333
0.20112924029883078
0.09769641168719048
0.28991474779909077
0.2526984509150243
0.28919945841618405
0.3331320933983766
0.21090641159186052
0.1916424937440965
0.15084265669046537
0.2921353070063918
0.25343402056954767
0.21992191087586896
0.12083846431168015
0.19995822521144446
0.15296816881535397
0.22608750174169448
0.2494605982922744
0.08793471720552307
0.2663603475470292
0.17327431140509386
0.31524047520511883
0.24346676161639125
0.29037008782935236
0.18260971466067447
0.138897591042609
0.11218086617160458
0.24192530330634618
0.423768977427904
0.09849137355351517
0.3014115384147559
0.25894039479574466
0.23449622629014777
0.12085530253463043
0.21500124505300072
0.20061728643543647
0.15581352388728437
0.07117951286246088
0.145817073574785
0.15079242316033514
0.045293033572960245
0.12824474450737836
0.05653062160528091
0.14533495806872318
0.20543690528206393
0.25295116395486006
0.3781920330824748
0.30241720338829864
0.3353563265491573
0.32423289962149915
0.1627365162148181
0.24795431504444293
0.17763844241226723
0.20573748332377534
0.12451153006999283
0.3966093876006111
0.43547820370823925
0.19390397222882386
0.2760659048596116
0.300890464677611
0.1093204157802456
0.20299000231260958
0.17731408587088948
0.16525279500203768
0.2080890031327806
0.06587755339662237
0.17845607354922338
0.15315522196513331
0.3342672432221212
0.3220255130532542
0.36957368434013826
0.3448842993253669
0.46239751832052695
0.20515259172069095
0.2528786019456934
0.19975231894516196
0.2382760451536718
0.2083567784231863
0.41155877565263516
0.27173957226534995
0.2841632299507873
0.2824091676024197
0.15031898775936045
0.22855094212420177
0.10601992263592476
0.15214923779812645
0.1759277702639927
0.17264699576291898
0.21503657223753161
0.1007492371554542
0.16689811567388135
0.24611922938271674
0.16915027364642052
0.307381832600421
0.2510925794690694
0.1804234606974246
0.2680924365342958
0.2655527662134639
0.15608301507502928
0.29727825782467976
0.15966977548186786
0.2652625181767982
0.33473359685755816
0.1255029357378567
0.16856154729407338
0.26071462183554817
0.2732475079668111
0.23920491882437572
0.12418271831207338
0.1221666976131164
0.14519867247413462
0.1588015253914157
0.18494836165618703
0.20419310788015
0.22250478075450117
0.23090208048839136
0.1041633422764534
0.1656477094932644
0.1532371817005903
0.3049475438053286
0.29822985767483495
0.2656990578914728
0.45714515222106034
0.366060286105685
0.3796069845882957
0.35085363470753944
0.17657638322114175
0.15847418867958807
0.2508200082798931
0.26538117436166164
0.387305092927227
0.12144461600854364
0.08030828846156532
0.13395243418749067
0.0694619092873554
0.0793730211269974
0.14595549843360886
0.06843471499243939
0.1798050046372827
0.2711304284923946
0.2459075933373512
0.12762468133063457
0.297172276271088
0.24003614741608875
0.31366010161181607
0.21729903011765725
0.23773659119943744
0.10943829053539923
0.15787312607506504
0.18011504180759996
0.3021534092898977
0.0811209693395179
0.21380484078977166
0.15934511719237682
0.055053546417015826
0.10436835651799808
0.11489846124544702
0.036950512909639084
0.056024187199765214
0.06573890176085176
0.11771017885583256
0.14161112553368485
0.13539454505224482
0.1818996731478644
0.19386668404967944
0.15259790527741557
0.137356175907146
0.20808084581707262
0.2558394703703311
0.17127052896962774
0.24491016961295276
0.1807964697805402
0.18730513504753202
0.165973502300464
0.11738641688294633
0.3194992782467542
0.3076150694834912
0.2455521499712947
0.2966815351762086
0.2018930419553946
0.21411692860175924
0.08995527743346729
0.2339545345007621
0.16963711089954853
0.23375371515784293
0.1890476242704785
0.27985955358271214
0.08902627574711283
0.2673923365818031
0.1403694092912062
0.2672821386833831
0.29091936460917917
0.44236474326264213
0.399291988964776
0.312249777466167
0.16009075675027606
0.2637863094257712
0.33653423029042967
0.4114581528980329
0.32444486272868195
0.3150831588280833
0.20821713141166032
0.22034798508502546
0.32225457728778745
0.2043939272230692
0.12105761862632218
0.20491605751465872
0.1852557556782678
0.2044340910916532
0.11110537635829607
0.205966421200428
0.21064301499532814
0.21265506153099314
0.365967279060638
0.2835723318231764
0.25137907581331065
0.12582317283717215
0.1811147748798998
0.11499524327838755
0.18780154934236742
0.15708334477031896
0.10111970067165359
0.18229995436295496
0.20837432909112438
0.08009292500848536
0.095882693692655
0.32151176801349385
0.0831770580015831
0.07934654946958034
0.12781986905761553
0.04198438515124645
0.09008585396067215
0.13071058276307995
0.09360610522130465
0.09332837517391389
0.08280233468707983
0.1711979669604611
0.277706997594749
0.12927492790279455
0.3859141638118603
0.4677319231846421
0.18869538067871416
0.25114438405080114
0.20058915477114633
0.27993511981832236
0.17356483357726024
0.16855595740768503
0.31316537192794747
0.4769646333927043
0.13632040994291075
0.2614211655261599
0.17144304181757078
0.26962004980319565
0.10381092893764109
0.08858563648224824
0.08869466495791907
0.1186767730259619
0.08526026797429931
0.13462928749297065
0.1252011205208251
0.31444292714274136
0.2166217846987693
0.5901678849706776
0.25408745436046215
0.37451671664534864
0.12119106504677304
0.3952758677124597
0.19656457384516351
0.2247729170618198
0.2967483500567216
0.4499402583825738
0.27971215108015424
0.20435880514960944
0.31342968635551055
0.2076719890333086
0.12468571908465352
0.13989944844945026
0.15245488034376198
0.13945867567109665
0.06905776726968353
0.17809639324222354
0.06038253828123858
0.06157793523110151
0.2407434001525039
0.2642671232341097
0.19252582000673393
0.19969064922655616
0.3481484456582842
0.3124531601573202
0.2084079312440843
0.23307109994038333
0.09228056780189817
0.2366831681530576
0.31691723552599865
0.2619464343578834
0.3818210752916768
0.3008702117333803
0.35900072294963303
0.13098747970267932
0.18955072431079625
0.1257432074658038
0.14347561930339145
0.15963184476373402
0.08298945825309206
0.1944159536603781
0.052216334236796676
0.08471335701417965
0.12854457281547232
0.09192134311611176
0.1463852905759779
0.14854239859530194
0.10781988942069035
0.11971038398946127
0.19370498685869522
0.1012541200121777
0.12299018680379278
0.0700605446510319
0.05277501023159816
0.27297877554142264
0.13300359289793537
0.1716407183576166
0.08564692882124812
0.12228088688820381
0.14933154172913893
0.05517661599579803
0.08514204743710795
0.059075641595018984
0.08845148647986263
0.10132896338901158
0.09486795222796451
0.049685893222611154
0.17783757888525834
0.15954409416047577
0.18279280461166372
0.13847979266094254
0.08629815614650904
0.23354122946538428
0.0850415840686068
0.15332389205327968
0.11083289694280574
0.18199439113195412
0.3198770577688803
0.15412129035181582
0.2405484376255115
0.12674375906964194
0.10714046952711
0.20757454955405538
0.209707494457591
0.06978622633835789
0.08166883537470891
0.08479909085369174
0.047200419813929057
0.11988583279572673
0.0796998157151061
0.03250747074333773
0.14822317114958508
0.2446672183042858
0.14010159123654126
0.19973491846734592
0.1683267732347973
0.3155070850424497
0.11963056577937797
0.195517712266045
0.08517293022434974
0.14192781820402114
0.18956254869505942
0.3009458499693871
0.45434199160687305
0.34189282163022905
0.17621727380238078
0.321672423487829
0.13890227800416619
0.05134287549506589
0.09506545357174286
0.03307466761563155
0.09245528926919076
0.0632740719932984
0.0822330945379041
0.09808016708169326
0.10308989300780332
0.13286103878409317
0.1721931081532272
0.13378855795285968
0.2043711822228414
0.1347718383588146
0.07227033481143358
0.1967825825450679
0.19072917868037423
0.22947768416740055
0.21553115282095975
0.14525318671197004
0.11553669139695685
0.29913967869567615
0.06701194714120992
0.07858040001570198
0.14601372505634252
0.11894663031440246
0.10609347430019722
0.0875823450641182
0.0748421704839795
0.06467893211500811
0.04433588885096447
0.12044903245388473
0.1923160696281901
0.1919446314178443
0.19491565737986466
0.1339926334657638
0.2406619005542602
0.16566702052979765
0.16499097871454727
0.28887038790640657
0.21186579553263377
0.2560509053269094
0.1526011625728729
0.11603550064205947
0.17313295387157088
0.1725854807966318
0.36167563659731544
0.37078771631858376
0.07605164729339216
0.16306530645031653
0.07027019332269917
0.07476627326929888
0.13667887164564413
0.12440149073999462
0.10574703469216398
0.09984532461327808
0.18653525260400283
0.08505589764105634
0.16712188082801419
0.14715821218477532
0.2743701590247118
0.16217259643838997
0.20154189045127366
0.2278422570323438
0.07323390145229301
0.2703831633062883
0.15972287702565505
0.23329420762088537
0.25647228920778076
0.2863573323944472
0.25516105711302034
0.18780168078123807
0.20361809059470892
0.2121869486003953
0.15122249575492763
0.08288279212420926
0.06629113444933658
0.11304264517144291
0.13807093587717856
0.15557342387545112
0.22338703548094277
0.2795336507953161
0.3112573244787873
0.16693482736110068
0.17618358211404983
0.24100205286749474
0.18292193061996653
0.11833521909916997
0.1120642516208921
0.2775750060245791
0.20887661522991816
0.22655149407552724
0.19666976399978928
0.21160941290162835
0.17516040647140385
0.14473767964292053
0.17482144188300774
0.14487453536993375
0.08469176872053487
0.03586541265482802
0.0893991719866273
0.04767528668469353
0.04903926599433612
0.03878090448293723
0.12441961059713665
0.2673004452242816
0.23472568386383136
0.21242704527552964
0.2873326387119166
0.3236324202747197
0.11069281471525626
0.07761715841895932
0.09152076032505477
0.27610391167288006
0.10949049221268223
0.27948172240466035
0.2633890046238059
0.25196954331944976
0.36787292151979906
0.07120802233603331
0.1947816890481436
0.1608049493786984
0.07810521429569427
0.05388370286790997
0.08580457583953585
0.10582002708394059
0.07336652646721681
0.13792272471684455
0.1312761283158942
0.2857442741808633
0.107600496239546
0.07599448611987987
0.2445500492713717
0.2755044588944534
0.0647888566656717
0.17217983748694612
0.05084053563198695
0.13273365372047527
0.20983529659201225
0.28494992969753996
0.11937920201753996
0.06756343782875031
0.20727563138597396
0.17179388152195713
0.12359720199116182
0.07869679119312148
0.19195144313800194
0.10085514568385569
0.17715882708242944
0.16933506318103714
0.17906176865618056
0.23692176305421495
0.2970620130130925
0.2220766306283346
0.2351488684721962
0.19316452965729908
0.21184516368909748
0.4317116962205781
0.24529294305251564
0.14206752908571063
0.10165638795281974
0.26032260505704896
0.1586840256417061
0.25642763145887326
0.2564455045980706
0.14424502180739068
0.19418077399717004
0.3413241914973846
0.1412829976028706
0.16946450419310602
0.06490520803810493
0.09718229887686289
0.13546992812017486
0.0913338009380328
0.13110754275429443
0.15857900232950348
0.12952076762878917
0.21181817969193864
0.34817143057441424
0.3604471655493068
0.13381142205116142
0.27225759028031676
0.2933192997051599
0.34640131737488844
0.35873559031273344
0.43078043934358484
0.17415995074047855
0.2595393618835549
0.20596665079040158
0.1629180669489057
0.28939887530920105
0.3227491578712156
0.0667106238028038
0.18554344576161766
0.12300167578857778
0.11697449390217485
0.11991361262449393
0.11154199574330431
0.1531248355096487
0.16025003224581738
0.1354031183903861
0.15706359617837964
0.15980652946314253
0.23573455726509723
0.3457460798247709
0.23369804418931486
0.1299821764337205
0.23375371515784293
0.2738372560044974
0.15820547835167412
0.07392465902229044
0.23712748011888402
0.24757641112869647
0.23144862190514945
0.15484732756158098
0.15645381519798693
0.16416962724079476
0.17479890905722117
0.07699285480501158
0.10185557072857183
0.11450718933247625
0.058225587506489464
0.037053908172817625
0.1493041609767845
0.09979692154562475
0.2543456174340059
0.1767456124167116
0.1861407693983743
0.15327967997703315
0.20257566687685608
0.19362422020040052
0.10335625410526605
0.18129604528664356
0.0704722643315351
0.15756145282770684
0.38443248453690915
0.24842326160203204
0.14001575510038158
0.3505102055665528
0.25376234932631386
0.1045010222195077
0.06191624103240659
0.052125058691768304
0.09041789307655616
0.06882173993579184
0.05689919656853487
0.09024832073622352
0.09642251663873073
0.09715800038183876
0.19136415867468579
0.2256126481063681
0.15402997900344176
0.08190086503892181
0.3253459795938509
0.23333221072643337
0.3840535852649883
0.4606230922162404
0.18066069086457945
0.14499476313509632
0.28029858238929367
0.1861208705384925
0.13478641466879496
0.3080247409430465
0.1649690876885904
0.20667437848092363
0.030096884036089136
0.0636181155537133
0.060359497958438854
0.07481397714912365
0.084348260939873
0.07740483279568539
0.056923357641344555
0.12319223598519617
0.07085188104470273
0.2651347198681736
0.33225492322323713
0.23188061506180635
0.1572943475634223
0.28705271941962257
0.20029533263627836
0.346895332958469
0.17080059901064765
0.29226179762134
0.1733362126732546
0.36158443739524143
0.24575709909418308
0.33695661045430203
0.5022819096555319
0.18859938553878156
0.21672423487830245
0.24604385894449216
0.2409028837657634
0.15504082625269172
0.14468864627825329
0.080152008016016
0.17530981414656965
0.15741331588319957
0.244267910191254
0.17479107297147115
0.1201312147529685
0.253543203375844
0.09748696242549455
0.15866290737981115
0.16275225705707885
0.43477387741987106
0.2579237742576338
0.27556947225708683
0.2650206466454731
0.41383848931975703
0.2200739781408232
0.2383525140277022
0.25520813756516586
0.09633735346253604
0.0883387093627801
0.19435721427252775
0.08379211166397066
0.1348927750407587
0.13786650748529655
0.06146996103483931
0.08801876359878955
0.2073509682375781
0.37375060132849836
0.2679098516885885
0.16331289529768714
0.2018955210655596
0.25538472404916224
0.20539225086068766
0.1374808200343681
0.14424467331201812
0.2422684552976136
0.28560258748909384
0.2671794966046414
0.2803438027150763
0.24756303001220537
0.2069295843567059
0.22222729053531476
0.21182642088420675
0.06104456338061896
0.08710456442609252
0.1476676313377499
0.14508874686701828
0.1261186892318045
0.17161092107097004
0.09745485626197686
0.0775878054891878
0.3283352937267136
0.3598427016283054
0.2224552809889494
0.39722066029399783
0.4449997234489821
0.34835811234077974
0.4090023063923897
0.24427664872680446
0.21962910622650497
0.2216589949620743
0.10640849656261557
0.15820031819783717
0.2139061023325535
0.3133986665595615
0.3552092537553205
0.08556023299128596
0.08645958120667437
0.08252807176024016
0.06627154928483146
0.02561839206526947
0.09282484918633933
0.06774643539651164
0.08729209702745169
0.1311679252368716
0.25703855042840407
0.25761105309663357
0.3012290143786634
0.2182181489004351
0.2782954454173015
0.19191737429892658
0.08003589611078914
0.09690246716733185
0.03839213829338577
0.12748023947456036
0.16580814059419344
0.047287085077118075
0.1530169042211134
0.13458110417706495
0.17081567796610095
0.1974650323319131
0.050623071163498796
0.0756044527966546
0.08065410123389913
0.06733203558920599
0.06679644934534576
0.06765216293813893
0.0624697446688127
0.05732084136783783
0.2045200524237783
0.12985292741674734
0.07933145860548835
0.22623408701620396
0.08359063905429723
0.14737712244434742
0.08347216589998092
0.16438768419213562
0.24525021767319904
0.16957741542240617
0.18130827357101054
0.27273274961844235
0.14715579807158968
0.07427841211842057
0.05018436805890008
0.05907156535645519
0.03098294451464968
0.04260646064640406
0.07902324329915764
0.06822650635363198
0.04688410455234088
0.062096814294983815
0.03218138272573526
0.09086983123450279
0.19226537780001732
0.21475968322230898
0.06812915085610294
0.11562477809540789
0.06301795309653921
0.19061585692807487
0.050137844506569204
0.12764078169445825
0.14349003403587227
0.162950085251854
0.19035863414752732
0.10243336960688748
0.05474440414380427
0.14483091011326185
0.1481958100546405
0.1296212290127177
0.10082361821074598
0.10095491867011748
0.12373734936698864
0.12030026636915124
0.08095463696643526
0.13169701130612813
0.10726612385850387
0.09037622581271361
0.2362692921338025
0.2181263413517406
0.1137134427897776
0.09571430118529171
0.23397194314591244
0.17841188227589616
0.08912058512504949
0.24866805191062696
0.25885214008305135
0.18222347176479992
0.133038500442364
0.12259428647562422
0.26086917826786976
0.26605565054676233
0.472190286368381
0.14484781436109248
0.16571707874202826
0.13343757752915059
0.26711151487622514
0.14954508599438146
0.2503566023548063
0.2586471648240794
0.14149113881324737
0.1657271631616323
0.244850839009028
0.22654163606156397
0.21324994277352358
0.17398313860774686
0.18619411552156365
0.30974875396396817
0.1935706083462976
0.1583061166651899
0.0827059799914779
0.13020044278971693
0.1750418105490585
0.21562630107471567
0.09822282331841901
0.13216567111677843
0.09780514400989004
0.18341425067672482
0.14987771932153546
0.0943199590613401
0.035099916563316506
0.11651594579772137
0.10489742315496528
0.048582059575561554
0.0923139026761944
0.09905567781182982
0.13615426688972657
0.08353957422800436
0.10065382963729948
0.3497205384044254
0.2670925082737091
0.22621475428481994
0.228134465307468
0.30872426561258187
0.15128468729599767
0.19729059887242498
0.08778722390116481
0.15681876373767076
0.14423274832249214
0.16712106214859287
0.1012999661407903
0.26567464947235053
0.14617476532139143
0.051913601116213376
0.04965804596948915
0.10594713887194493
0.05862562532554202
0.12287989121094947
0.120343826263696
0.13004151491052623
0.12333196380231794
0.09734796455397787
0.32607018179877895
0.21553796948207768
0.15190397553473586
0.13704881982120173
0.2264176674293174
0.09228766057023893
0.1332175076282727
0.18462296788215743
0.14589801381601256
0.14338622026988448
0.20724040144174347
0.16356486450764585
0.19486474993615208
0.15765776917126859
0.14160073278965765
0.16250504884878209
0.07408484922123945
0.07804631450893704
0.07864829148073815
0.07506610549950686
0.11615578273674432
0.09024290592660668
0.18927343376396766
0.23755498972132455
0.19681535779200934
0.19214455666172744
0.2509942987564472
0.2504224206324069
0.17684788575999377
0.13772269339825713
0.10280443310324885
0.08786824879951244
0.2769999993970094
0.2306564884209616
0.2905285614729398
0.2721129288643472
0.18788676412903585
0.14870487790020012
0.12086263213039813
0.14205985478396665
0.11934886203032315
0.12234394743803892
0.07741743355496432
0.09890119827882655
0.10172023498635585
0.056910093616550535
0.17147608146643062
0.1432132187585316
0.27777331512571196
0.2367627907238268
0.20120724088010908
0.06297066942611665
0.13412046951177967
0.14761971215572764
0.18696280825769035
0.08255077812175847
0.23624387501004013
0.13702705637347334
0.2237548407429458
0.09019457739411677
0.0885720079227902
0.08928685487341731
0.05064828239830531
0.05831911423994629
0.02641010436617951
0.08901702554892219
0.06021097568901142
0.05816669177019027
0.05767481896502168
0.12518111146756963
0.32931765478964703
0.1287898868857309
0.11658155331659044
0.10843182903132917
0.14831016550332002
0.32508594559547094
0.14006886502797833
0.11896600495703903
0.18370135955892253
0.13550984491961815
0.1210068557912569
0.1682649853480416
0.145817073574785
0.0772738655538561
0.055467127469730045
0.07945615600118122
0.0941933126882278
0.058194731351634464
0.06667091287248621
0.10334163386617319
0.03793883190894827
0.05863255713845288
0.11370829303458493
0.14053904898291658
0.1718213997944707
0.1758263619515417
0.16923945135947127
0.05758229913932564
0.24017700947539322
0.11992205601015293
0.1467795853713568
0.21423407502610606
0.1523400376305496
0.22427504217206123
0.23397194314591244
0.44878787328951725
0.1919507015821163
0.08402785331002396
0.19866363341945417
0.15988508394222875
0.26957988593461246
0.08515609097361374
0.14209666439971094
0.07523777228991615
0.05528326016736678
0.10658002301194125
0.17303254983069305
0.22575412888574384
0.17683361633906883
0.2167427213807134
0.2597229648602207
0.19688328379789435
0.048885280430820924
0.06860310749980267
0.07166707772023818
0.11147943341632748
0.12650664780394294
0.10692967751380353
0.21100927320104731
0.17054490887796148
0.3413928829624859
0.26665639437102745
0.3115832810560905
0.16826337991906698
0.09065633299794412
0.047015188055829445
0.11948750903686985
0.09492414483362017
0.08605702151644887
0.07058180004603293
0.0771576030805129
0.13533159542595788
0.16033599672276005
0.14808016116258918
0.3191370792834752
0.284505272667849
0.0905506173414022
0.25673628548596245
0.1159530886014936
0.18776938964035533
0.2121148994168795
0.14745425945650936
0.07951850715681914
0.30608103733948244
0.13500027315314617
0.1732055158807375
0.18362595253300648
0.1562068268503986
0.10047051280491891
0.05609525635552925
0.06481742878608836
0.06195543129973875
0.057134442282826894
0.05293613113654429
0.11148161637304523
0.12946222535859728
0.07952572813619162
0.1879759488871213
0.30489813221244083
0.2906655252749838
0.09523099837755993
0.11404329107354773
0.11008866157396659
0.08328304602099558
0.1836397085276513
0.2446381235440588
0.07873401583528149
0.19301505730758545
0.13349591840263023
0.23716935335262335
0.12224817834550306
0.05002099431226403
0.07816077010732031
0.08915803597951846
0.09318017511446684
0.07302325015163419
0.0814173855541659
0.08943263984477952
0.10292288103291437
0.1417642754905157
0.09512707978483076
0.09245590616781212
0.12667064588988605
0.1934880657765548
0.19966691392119137
0.11521779121551766
0.20526918506198175
0.2168175591264045
0.07559079983465343
0.1307083658454835
0.1580158686285234
0.27417935919228864
0.17626527796925043
0.23439586936027962
0.1177813329999203
0.1905373925616506
0.09268198797602135
0.08351346423024895
0.09253755321712531
0.10498835247811056
0.09834368505475498
0.046072190014594984
0.0772184817581913
0.1755063863831205
0.11787475515430018
0.1348137101665239
0.1740367042889715
0.18211163625504795
0.18030994984398901
0.19608000642621853
0.08577914325085806
0.19634849162086446
0.2335127319463406
0.20572907644901645
0.07616393108041421
0.1207879455316848
0.2892525459537296
0.16013985648154594
0.2621983635858317
0.19076650264040762
0.09605461473859828
0.03156214262284809
0.07885027587221459
0.03133762719423178
0.09249174682581333
0.08294822927775991
0.13073339224034006
0.09377613807934337
0.20231878580652873
0.1709884632141277
0.11162935231031772
0.15905827333298034
0.17433130555294052
0.09499021340362977
0.042055284760283224
0.1268374969877095
0.11591066608838882
0.17963873333790817
0.1899349345328939
0.07645341174460026
0.24190698048035925
0.21271135255121482
0.06721282936681397
0.18049328482273322
0.1276793159041674
0.11707318202048345
0.0943444451594482
0.0853142800040183
0.06467693750385313
0.024897579373396126
0.035166206082214886
0.13904779831229225
0.11561829555563186
0.20936827736473923
0.18516214852590202
0.1824934530540657
0.08013799425418776
0.11852926591952169
0.09300544227814123
0.06242310247957004
0.17098390697019883
0.31054703189011074
0.09209859213870412
0.22847451336771432
0.23143004714454007
0.24997680830633506
0.2579068591984726
0.17397951064518125
0.1394010701575977
0.08530013702791321
0.08595659300670543
0.07500633079518725
0.14187560735832094
0.0986139374714298
0.05815284449157864
0.3121937505020473
0.1685035091486956
0.06385691453907573
0.18190216081612876
0.1561740516034729
0.24296290546412191
0.21203885712247586
0.12483084310298677
0.17740380753474067
0.17092291272027463
0.3105454646260031
0.3751040453455082
0.20380252755681227
0.2582033952848183
0.11570296114532466
0.29255468116524036
0.12635496656428405
0.14001124588320257
0.0602003213823747
0.1232863133981898
0.05370037059815184
0.12244402158292858
0.1254719254558593
0.09645909751883579
0.24743160045205706
0.4536241123685757
0.33543161711768676
0.3272150373523961
0.33191492562190295
0.4252112077791063
0.32193663262701205
0.09333933529684652
0.2676690608995182
0.10964624537529334
0.4252952044340894
0.22124268392167765
0.30546530135243793
0.1071765756605136
0.20022398347232223
0.20012724456548983
0.07893489806088562
0.08409521817722522
0.14673478048871957
0.18702643313546957
0.07720796462606656
0.0992164538671676
0.12203012139416221
0.18644067796610084
0.21661061437689824
0.16223437179764405
0.11418382035364374
0.25811300062220016
0.3005490143135037
0.1092444809240851
0.4916459153345628
0.36086655815694335
0.2569699402753084
0.2467603839459762
0.20641790392993314
0.30515621997499565
0.42429110771949347
0.23693942664647952
0.2437766760787981
0.21922900745437673
0.2941793552308617
0.2482728670976103
0.2238649729954864
0.14984054892908374
0.1375533820435347
0.24371435456663093
0.16302264726102064
0.2634994635730839
0.25073823692313996
0.19072135383965746
0.33691206146848146
0.23517306741995228
0.20818040429905146
0.29428894215059415
0.16163497913188205
0.07716240783496746
0.1811649699262568
0.14087204430447464
0.09690988798757068
0.2873513189715921
0.08431145174617007
0.2145135258816296
0.12115840904788419
0.1240787997193442
0.17234676291607934
0.18636035022893369
0.08889440463707877
0.152542372881355
0.1380586371454368
0.194352960077114
0.06585830962978108
0.0720383146500137
0.16512694552685278
0.1940308125115593
0.10586836937929749
0.19578788518522805
0.15425659924772625
0.10958984379202652
0.05680240343992173
0.2020842796551973
0.1613599275252802
0.044406788460001165
0.046947357783817104
0.16208229989248943
0.12676583001409653
0.16202210219522187
0.22786034022212545
0.08038834004613843
0.1250607160730345
0.06139510458474742
0.08485511429200186
0.09093217298166674
0.11824242911077165
0.08612767588551062
0.06305638596579845
0.07113495631968289
0.043532359948548295
0.14058107224483116
0.21926640193645985
0.19910802367023717
0.422724716844725
0.16981770399135124
0.16130762975444524
0.284383835471025
0.07232941781896414
0.18638412013278247
0.19364190569265155
0.30466368915427644
0.21488029647877027
0.12005667130218524
0.06527490671981015
0.08722731881418194
0.12798030439050442
0.21321013377443518
0.09615803481409461
0.08806708849077215
0.03592246857860662
0.08649387663831354
0.10252097238523841
0.046796277796257175
0.06745803844973235
0.08303434538083587
0.22171133528059286
0.2408810856155228
0.12235399585016317
0.12158475349382945
0.14601372505634252
0.11850876314902857
0.06929255123189117
0.2111152547546391
0.09960416810538321
0.1089155757591064
0.1981319974121427
0.06931035603072845
0.14381229877183185
0.22345386088660754
0.12138865653972321
0.03432722737528032
0.08218856904939902
0.10976156233645659
0.10144767130681515
0.07283102174786718
0.11812193750501966
0.12782028753480665
0.12386334964743147
0.22116736625818129
0.32564864647762753
0.1971256896805363
0.13544442549017516
0.05243026088265707
0.12959332634630255
0.0622883884736794
0.0695124270395644
0.05983927002699471
0.07692169736354898
0.05666060422184825
0.27913672222895886
0.11699155169517338
0.22005300786268917
0.07010789673581347
0.11954794907632597
0.08478562745741434
0.14558332745044641
0.12103898689855733
0.13359190647130215
0.07136474462056057
0.10564859292467534
0.1449649171547026
0.14473530145253524
0.16234162556244464
0.15165879422982464
0.25046566573396367
0.14233322647363475
0.28717166037432645
0.20726313224954382
0.17384507507489577
0.20956223409885155
0.09514786350337642
0.1855594018267773
0.20816261717382575
0.1446402716054758
0.10002514937379141
0.186907980883762
0.21913406699333163
0.128110841117259
0.11603355523228691
0.09248754752949467
0.13375223703021427
0.09316483246040762
0.087187699300276
0.05954359060365791
0.039751047466589716
0.16665074771935195
0.467868905132941
0.2225728419086185
0.15627237734425165
0.0776064050505914
0.15480372261292316
0.2127945194785787
0.2274606573674967
0.11015016136629291
0.16057514659811933
0.04385140818921356
0.1627318883867614
0.24053753719158177
0.07371196019518027
0.155520750890342
0.08436464618900615
0.12322121964260041
0.11555144991565526
0.03982194707562642
0.1486010023276369
0.15017270463490978
0.08199176966378757
0.1680970911150921
0.06957978404250971
0.11989662647965615
0.22167355216278814
0.15925494786377384
0.27339545345007504
0.2839183870190366
0.23600209906964525
0.3229493154642655
0.21905373925616445
0.06760277721651592
0.08990475968125847
0.21812997027873662
0.1421731322742797
0.0945243519469973
0.09898111582813972
0.17144731667109414
0.27107023079512704
0.09701473090163246
0.11683669371033746
0.07784633162870827
0.07615008704326794
0.07239490784518533
0.051208161489175265
0.11768013495059815
0.1237019276940463
0.1591424921952724
0.22654250675408277
0.23109826607682843
0.3730018475379536
0.1547763520117177
0.08471827045446954
0.07054511099153994
0.10461282240580654
0.31246894717282164
0.07623848429773565
0.18571500907716507
0.2147552850014691
0.07478311252003529
0.1429328518452767
0.04984242515281669
0.13136142392798314
0.1725732964317958
0.10619326853562476
0.13776206924250853
0.10783301821588476
0.09556003415517014
0.10124771086459072
0.09816186454405029
0.11500770062937853
0.16840305810556655
0.1154119890856812
0.2117608703903537
0.09147080999973682
0.18758349239102576
0.2607598645450637
0.1354928707930236
0.041440821481964964
0.10360430900585461
0.06534580632884693
0.19180834582325657
0.22130291589685852
0.10680752960765601
0.1732091857533458
0.13647612820081043
0.23058076953972104
0.13463190024597246
0.14034360733810472
0.09309760227187786
0.09686713998280098
0.03604063459366783
0.11647521889308313
0.11703751305325664
0.11172467934981453
0.10464602287887687
0.20614559037392186
0.29187083299863287
0.10566739609015646
0.16659972688569277
0.15304872272240835
0.14134406530677934
0.2015415877468569
0.10375232298140162
0.1642494169941155
0.2558101145378399
0.20908935921702454
0.29496345087958764
0.1540286264851979
0.12056478516694809
0.18810137765046056
0.15461778543133087
0.14702975771105506
0.19660213671780805
0.059626571199884536
0.16949983137763688
0.14945512598359603
0.0951686472219221
0.1523393477131043
0.09930460721256687
0.3065339801716874
0.13698548893638118
0.1905195061733212
0.13146108453965727
0.14478539562380904
0.22983470560869954
0.0712881546126214
0.1242837363442533
0.08259652486169176
0.16576558424841886
0.09293757084563828
0.24597822818133547
0.31664166055428083
0.2555158250368676
0.29671444983104184
0.20592015422925455
0.09308713123803115
0.09193456762806727
0.0548791181496949
0.06569733432375985
0.13004949148531042
0.12113422764880638
0.08533794834968601
0.2535143385010838
0.2829199861249289
0.1506102585857226
0.36284551231340334
0.3647280906096862
0.11004800982650076
0.156605319243762
0.14000153062183582
0.1297632661741484
0.16604606430963062
0.09231129096581413
0.1731283754877946
0.15380971622562498
0.1789157285752249
0.27890812186878805
0.07969116055727726
0.05618794016160339
0.08103571861067374
0.05167399838626533
0.06806425147624016
0.12629476886701646
0.19861033014699891
0.07261084917504887
0.25201339576031967
0.18641143627756837
0.15973316951213412
0.45645784620396107
0.29680276789390936
0.17842597470058957
0.2697336780109331
0.21459554984336038
0.18635089839871508
0.14948790123052255
0.10954444650521689
0.22809060968752384
0.10553972277635296
0.24306123120490067
0.15073548037547244
0.17431304744491416
0.22726985753507356
0.1813454412428156
0.1896136235842227
0.13649827855384222
0.11394654172799278
0.1039813591357758
0.09787053063289601
0.08635635055843775
0.15368472112368595
0.2635761237825235
0.11282297993340171
0.20261657649793668
0.12911200164381773
0.5941395274859106
0.19087290709628477
0.1562519960284807
0.06936345084092786
0.083614272257309
0.15122233614035982
0.2272951052696364
0.07785958732382862
0.1318344940147166
0.08037652344463231
0.26241523036121195
0.1784783552135121
0.16036666552036852
0.04534029997898476
0.1324447728288843
0.07941458856408931
0.1057848785192639
0.15847774980410118
0.18467346774841312
0.18858866182406234
0.18036110954178677
0.32319865049401436
0.22416823365209845
0.05102408530342877
0.24437224108195033
0.14662913434170377
0.2169128793193399
0.2121857177283303
0.07162042172859692
0.2676740771880687
0.2596995742629916
0.15460083975101346
0.16417121185347205
0.2071939372717466
0.0793366625120937
0.07133106611908792
0.06673652025105759
0.1286448710739812
0.07466523776488092
0.17565688062628942
0.12381497497465398
0.20355048598280934
0.12919874366949485
0.08539857908473353
0.2703478584279178
0.18205808099906592
0.18989978069056085
0.1462657318957501
0.3881141162679194
0.23925574778930325
0.21878125379777139
0.07996960174682448
0.1948066289041938
0.07281389848071514
0.17408442654090853
0.08220809667808095
0.24695045797443058
0.21785546641074005
0.21917449321654212
0.36547609852917123
0.1484996690108394
0.2643585830187157
0.18464609671374543
0.12038037320743339
0.14578429832785844
0.13470626486679346
0.0464628771220662
0.10030222570277295
0.24289770847398073
0.18996733999822824
0.39179530175612043
0.1311868314620599
0.11445638725482571
0.1759578691126265
0.1529620774047026
0.26281936745259127
0.10376785171936004
0.14705189449762576
0.185597236725841
0.22390369555470294
0.14480958296019739
0.08702524780534585
0.1320879982747621
0.0527236940554448
0.050669305465612755
0.17864957217105273
0.07341913321039262
0.122956863437361
0.14453883894466182
0.18125953891878807
0.16168029308707885
0.21023207514137549
0.15194055939389287
0.23787120075215232
0.30575678211201474
0.062496641667682984
0.17515463089404743
0.20660293999517923
0.1346622487871862
0.27638718582461563
0.04466675369313586
0.12134869342122197
0.10948880828760887
0.26152889577824295
0.11166107163259473
0.07659521096267372
0.15831994381327677
0.14093960913797784
0.0531156237700121
0.16558035249031874
0.20407019373650437
0.05998181172362255
0.05518077273950725
0.08560894497130547
0.08993535971750403
0.18997509840147705
0.231580541387709
0.07912763921000807
0.16672021849144475
0.1431224502458905
0.2933569403417873
0.12843554433980148
0.1411936989406998
0.11302742294521495
0.23814209038985643
0.16223279413565755
0.23383404289501092
0.07587766381789662
0.1076928768434969
0.046758292159719196
0.12088830727159978
0.10504893630848823
0.0559289866071616
0.07449465036841427
0.09932524700779145
0.046534745824390475
0.07323049872579876
0.06675268422923901
0.11772029881918215
0.11771659700641109
0.07895924670264479
0.3249725962420552
0.38862559241705996
0.18849997472987048
0.30271507751626564
0.14421822299037335
0.1266479565420648
0.09223814290694254
0.11689765361162985
0.1605773574608042
0.19073640379177384
0.18757273815879866
0.1621389718814329
0.07310931351836814
0.15263562900148422
0.15049380610019433
0.10190126377840614
0.05842303283267603
0.08474991568881887
0.07078673782904603
0.07893661638541291
0.03769495880452469
0.10968752510241783
0.13986934960081648
0.12590776695138772
0.22544037626643376
0.29665033336010815
0.27438110414483374
0.2647065936875016
0.10745125894851267
0.14055319823514043
0.07746091902076967
0.09091511472543816
0.2176685416754427
0.236968235293142
0.12125944455230181
0.11460142406238943
0.17518150328351118
0.14578429832785844
0.08018358615028966
0.07212663711162684
0.027343615885163024
0.03531190879408107
0.08019270888437598
0.08132708900826478
0.03682744136035061
0.03139671020176243
0.10435270821304761
0.14340765796708074
0.09481532400664079
0.17192462339570974
0.34922483733633103
0.07392465902229044
0.118593358469097
0.08748559571856242
0.13133411749068544
0.13646589597273207
0.10797226963994026
0.15461778543133087
0.12831139172547443
0.04948792710763304
0.09861177045744543
0.16280496123352076
0.08051752928263457
0.08547784398360017
0.0459037975072317
0.0908105068680208
0.057812349224261296
0.08744435879917384
0.07867839032849895
0.10481575650217778
0.07948126347547095
0.24279431501586388
0.2530713230588641
0.1828806042983777
0.1036624275328388
0.2496987709856204
0.14624315178482575
0.15491204112780105
0.10779778714036113
0.08988014202106111
0.1268729808514253
0.19548985152382253
0.07974712806082462
0.1657917228410733
0.229576672825126
0.1026015547364503
0.06687798511524083
0.03199935687857456
0.0440009621740266
0.06340005860237238
0.07846394114138791
0.043562674072319084
0.07823451441290434
0.11097698609220571
0.20629750853539883
0.27040805612518537
0.35905296850229695
0.17384590445654838
0.10688383950244086
0.18747446391535574
0.110403112916106
0.14477546192810975
0.16324288519759597
0.12749571054302358
0.16142714194642288
0.1327943313066875
0.14600562278532547
0.29271427423889357
0.28269328741809746
0.2961818604745349
0.09820739946016642
0.13833430832049745
0.1002088521166353
0.11486866414973058
0.0882197253453823
0.0346935420219701
0.10145393204273433
0.11761884572741746
0.16643196811095717
0.14927995777755318
0.2446344430573601
0.07409009144337618
0.09094879322691099
0.17869064624179054
0.07208883240222269
0.13605004999076883
0.08618328526852943
0.15973458969906063
0.1156154679388252
0.13177260864659376
0.16647673179300998
0.18756526628644787
0.17077161002073687
0.21779209263091512
0.10793819091375545
0.051356568527051775
0.06712043245315706
0.04750352632718296
0.0697992299815566
0.030167783645125915
0.07771004603412023
0.0677133550227174
0.15586319568991375
0.3056291775870689
0.20238944017559052
0.3823198650494002
0.11638946270326893
0.14060185596337682
0.13894181675870046
0.04499761853530725
0.21169880906222957
0.08943326066064143
0.10036457685841077
0.07867297944012712
0.1557479733934313
0.1626963257417922
0.053635554236281406
0.2705036549120403
0.08697986211481686
0.08924411599325226
0.08245278472578521
0.10345017655048828
0.0628499648829642
0.06419319077607565
0.08141371336474842
0.10373365652150932
0.0776457851452111
0.23672584143304565
0.1927530266502326
0.049960591167877905
0.0346935420219701
0.06941761994348558
0.09220212631439315
0.1377053653001314
0.07286771722211394
0.10891944719478966
0.12562902520381966
0.18808739657803736
0.20429710814024044
0.15296234875647755
0.16602187697324144
0.2818620588263845
0.14710667079836764
0.04480924620937036
0.07814615993680207
0.03062863110386457
0.0963372322148428
0.10167163707895795
0.048463363619153675
0.12123563838011486
0.22768370429947274
0.1030664602693847
0.214568040119465
0.46706562776126437
0.11830026227799037
0.15360259833888412
0.13087465672274576
0.1324447728288843
0.09996626129522218
0.23213947579481348
0.12345528816296511
0.15401580845865678
0.16046265906799959
0.18066018418595164
0.17501140167343313
0.20599281299770758
0.09577453635244222
0.09612979923462438
0.02646918737371016
0.07392130650457174
0.048155875870974904
0.11567194152140726
0.12287069910233246
0.09245124191648117
0.17806478851698498
0.15395239611519232
0.13058742916353858
0.16045465499236816
0.15854799002907893
0.14638175982547486
0.1473940617592426
0.19202345569925194
0.1539205429996587
0.12044903245388473
0.22428101471617282
0.3111354190706749
0.2931449772346045
0.2643306921647969
0.09196860952213694
0.1841218382884891
0.20304265470797742
0.11287068237638541
0.11699422463920268
0.13116653819876117
0.1492810984481295
0.15664880642013254
0.04339056073047483
0.1128444723189257
0.1468792674110367
0.14537743890078383
0.1953114287840971
0.16686808201363887
0.17826066918601222
0.20867999717928873
0.21623278319884726
0.07435187205940336
0.05299745775495089
0.11179562205868553
0.13544062390162873
0.24216784995700288
0.14548682837908616
0.15865103114824677
0.19258574985942548
0.12421069090757149
0.09747496564716858
0.06996708680944524
0.04598799376091334
0.025949256907440862
0.0574307495594147
0.08241625833400237
0.07492392260760329
0.0899616034940509
0.1153907944413201
0.2636505960443043
0.2253500797205324
0.11808329885066329
0.29734891219374154
0.19077257530438693
0.1050824809683425
0.053647370837787534
0.07378220083813584
0.06710441418426945
0.05950840518482332
0.19001129944207612
0.22952071789506176
0.09554590867792843
0.1943181667791846
0.09861065231194033
0.17134643924633394
0.03992586349583509
0.09793384135093719
0.06886616567391185
0.09910511800289651
0.11201702948027904
0.12128380815451663
0.05317835382532567
0.1707767692184105
0.07538991760904938
0.16356997062460765
0.05404913528899562
0.10513230359995471
0.30837099376727645
0.043343294324450304
0.06528577510474591
0.1217600423309344
0.09505623200828074
0.157947842036143
0.18930982624588824
0.1421247886210322
0.19112768882401227
0.10306224035299881
0.10429251051578002
0.057820304994843336
0.0949867581621353
0.08082859820592611
0.051626756868149166
0.06012920433225862
0.11954719245142238
0.07817905936613391
0.07813661105309226
0.10526328796438593
0.13191426161116815
0.12057387189854411
0.14705189449762576
0.12620952127715265
0.16140990612013825
0.12314766326978414
0.11694998425808203
0.07108031742716184
0.09222857628287161
0.19654777882236613
0.07814318575997549
0.0791121470834774
0.2438478371311308
0.19483388602311152
0.1528118545133086
0.08395424460578688
0.05917520517014203
0.1191661980881995
0.11460138661714359
0.05536481299413604
0.062091716894326895
0.09093217298166674
0.07128008033801614
0.1447682656731459
0.22794554971844208
0.20994945766513096
0.10170907444742507
0.22167355216278814
0.10855336196551682
0.3500923986978704
0.18643226843715469
0.08542967212550856
0.0684094561163349
0.11493624436325253
0.1657545378111726
0.1409154218015887
0.10964119585077267
0.09269538471495382
0.24657262679637879
0.10922872169170707
0.0523126195801656
0.027579947915285456
0.06037451840251709
0.11248175554531005
0.09253755321712531
0.08557876182865443
0.05461961233876647
0.0859021140005873
0.05302699925871617
0.15012553227275052
0.1044218304343993
0.15262393815980202
0.2904659831840749
0.23266335994089685
0.10255923862199726
0.2246259170000649
0.055350617170312096
0.10584378403771894
0.13388688369363846
0.17448302552957504
0.17960835315572518
0.1413826758256686
0.12525034697681178
0.056563043223327725
0.02731998268215085
0.029222455524636273
0.1204112780142977
0.07026885256961139
0.0789492799662023
0.09587115430958239
0.11523013896698493
0.05530169504864439
0.19233164276936043
0.21760783998714708
0.07746091902076967
0.12382520684392277
0.10356526951448732
0.144882144969364
0.1790164121607786
0.1364433529538839
0.07838671217760954
0.07857194393570922
0.14950192621963976
0.14128771867539378
0.06523945691529184
0.15485857622040033
0.09092876863854732
0.19722787494285873
0.08142916034294563
0.08242974601946147
0.07239490784518533
0.08898917783248593
0.08723592256406137
0.08775272637391603
0.03920177571417298
0.08608616221734078
0.14345509212242064
0.21383544796349258
0.22376238681658023
0.22316182467956117
0.12691349270748345
0.0737237767966864
0.08044708082939998
0.061008605417718464
0.186986787720265
0.21728652903847592
0.09520912366320186
0.129837621735484
0.14830598403074272
0.06430594539630825
0.13917393358158966
0.08382073689583165
0.12165635794039671
0.07384263132478995
0.023834085237845266
0.035210873289663096
0.05342982608302602
0.09422443569764585
0.06341919601163166
0.16269410526895586
0.22920273234564642
0.233386318682383
0.1365158057194157
0.1532139993090478
0.3226363563338408
0.16659972688569277
0.148865484152273
0.11225522072232802
0.10330146999759003
0.10261929812601718
0.0955726200368783
0.050362355619085995
0.1528579228899844
0.2277188510116115
0.04863713179919236
0.11177521185469831
0.05594977032570751
0.051591588517471455
0.08351346423024895
0.10669952468173013
0.10156565552536614
0.053892182189658126
0.10594622640715588
0.12992107881556458
0.19576291151360226
0.17662613058614476
0.15470808197723224
0.19082670033767518
0.15917686077518942
0.05064595405523286
0.09204227912186334
0.06304156903515334
0.11499631471476206
0.11288229892688172
0.16521258015039422
0.10414201627261109
0.15071685692472492
0.09606234711939816
0.29149675386669677
0.1069784059672053
0.09382279701180751
0.09652310219773945
0.06885148238589531
0.09343765033212416
0.11347091671216547
0.08059433219159276
0.05715467588691287
0.12069105359635336
0.2693797544866612
0.11918224279073263
0.21463346142406456
0.18480693061093514
0.10286874166188725
0.03768314220301856
0.07979402274690035
0.12870811552897776
0.10453766787271966
0.3230208435368974
0.08858020844285472
0.14565398181950734
0.17773178615540355
0.24696148558912231
0.17028851194779032
0.04300061288077287
0.07994254197111446
0.09567248740082858
0.11230180285354868
0.10877240116960031
0.048031173559699165
0.09611213752108555
0.062143318452401765
0.05456906575526492
0.28759860926330577
0.12882307215224797
0.21159490589493052
0.20768851785517475
0.11609921466660242
0.08441529728785364
0.11843896937362033
0.048436249573588316
0.10800064262189729
0.09493529532633664
0.05189851381488164
0.09959135758119489
0.2023947163027126
0.1579662823418306
0.0928772422522307
0.10569827205989397
0.0556732015330942
0.06723706549161267
0.08564693951321371
0.0248883476534694
0.07072437384769933
0.053640093513692345
0.04831486580925826
0.1140191037371594
0.07589450306863296
0.15236729474946728
0.21442419766649826
0.1989834883174084
0.1544022450778907
0.11563965527521351
0.11488875623774727
0.08370489805032745
0.0998973408330586
0.14204792017826862
0.06728372897585067
0.14105909777138814
0.17456000671851427
0.3321815161408751
0.32829946180416
0.21158545970881384
0.10134141163007035
0.07741935158367776
0.12795506236969562
0.08760823503380567
0.0601480814719902
0.12283291598452777
0.10114540636437433
0.10717499158406207
0.2599003936059108
0.187856063580202
0.23497320963019883
0.10425113222650424
0.1534030652683369
0.08841393869448771
0.14787959444493268
0.03834487188736134
0.1130512754681873
0.19355764404295006
0.08485501541545222
0.1142345853837239
0.09423337988735468
0.1675495099865791
0.13514079559353476
0.05494647515264021
0.07067209659193403
0.11108236634712744
0.09094396455698514
0.08848806189965079
0.053705128722744556
0.056308119113302184
0.09249307238699628
0.103315864891936
0.05920117354566419
0.15030728240367838
0.22875124961614043
0.11090192216120945
0.18420495363826103
0.08678949829503775
0.15241709722595648
0.1450116061361479
0.12018683047847496
0.06812902939363645
0.13486822440435847
0.15027450715675186
0.1805365892842794
0.16681356777580342
0.16364680790265254
0.15440709349089518
0.10157049022437811
0.07081399494796367
0.11344412893511366
0.07718179041690179
0.10125311269981514
0.1034621254719252
0.05430785656057716
0.10482791590938616
0.1647692838569827
0.26054301550325226
0.3231331447683253
0.1472766912718627
0.14734120417981786
0.1243469765021592
0.2773658678075723
0.2190041999610501
0.11926775573354484
0.07862246168791821
0.12696773659723162
0.1319558290482603
0.174304328473793
0.18596850583692512
0.09477375656954945
0.11696029727548571
0.07084125206688129
0.056667550229721496
0.02512209480201235
0.0602927470457643
0.07037175158487971
0.07846167684237844
0.06506393488607516
0.038569387315977643
0.17351995125379316
0.20873551527472817
0.27203454948768624
0.11710252092565526
0.13989674523096185
0.10747260860112727
0.23499879508394195
0.14395827696204017
0.12448038782581083
0.07147862251052346
0.1441433861068027
0.14811518419831957
0.07592166467682482
0.0849613648290068
0.2862826836095865
0.2038378547413432
0.07115914365607179
0.07882888457166748
0.10998665593077832
0.10771258563368398
0.06760360520690709
0.07141365156415119
0.095727001638664
0.12829925874521378
0.24143412277487863
0.11784107665282736
0.17282758885472085
0.03676144728554118
0.1805328941049489
0.24538262374928443
0.1255155173486927
0.136115350630572
0.10799270515159005
0.11126174738882759
0.16500600884490868
0.18874987978194968
0.10613922106519245
0.14149170430133945
0.12220132545283298
0.15871122884551436
0.0579775402851793
0.030404115675248266
0.07043352356440553
0.04412383447305987
0.02845437642673841
0.08523871376840812
0.0313848936002563
0.19085870351032092
0.07569714924820851
0.10115337917312557
0.28878270066698825
0.26496104104747237
0.2358506768811308
0.14334518838773705
0.11165013602886338
0.16512362640291126
0.07895924670264479
0.17852523162931191
0.1688305945757073
0.14174496048340507
0.1177605492813738
0.15822757531675485
0.2978821007757664
0.1373410463155858
0.048631756126516955
0.04320951738941918
0.043832862413416475
0.09265804482287732
0.049070359486996826
0.10290808853752702
0.07222338645718229
0.13011002062606003
0.16186039039280234
0.1362794767192529
0.1444884113314703
0.18251366827235008
0.1903135643845169
0.17145955498433518
0.14590127211122184
0.1636001915610327
0.12213914986983222
0.12500015445770835
0.15632275508130267
0.2853381056644578
0.26553975193456175
0.13852087549909
0.0946702676396392
0.1382106449312218
0.08520916908771611
0.026918218230942682
0.0756040187280959
0.05705792654135734
0.055904350900028286
0.03834487188736134
0.09758046727046449
0.10446510586355304
0.19004413027319922
0.08709260480829148
0.14470934119370713
0.11311147316545489
0.08939639529328387
0.11017327466499932
0.05196592777231003
0.06700670859215498
0.10140302104694471
0.18984583326118815
0.17959097268740062
0.16948476542972982
0.22890174385930936
0.16275225705707885
0.31193742059927987
0.05530169504864439
0.13991752912806393
0.29528476182825797
0.0358043025635454
0.06886616567391185
0.08160781403933913
0.10261894795877445
0.06264520124718759
0.14399289186363376
0.15288503362403552
0.10723234868894056
0.37917378126294143
0.26037842594370847
0.16755833891747898
0.2033432741579159
0.13876274886297904
0.24139065189733105
0.1479159784679101
0.12917148655057714
0.07671337697773495
0.11551590767841118
0.1708901374733489
0.1376501313890905
0.1790511739579791
0.09392934060724126
0.09472046361679679
0.0454322984866145
0.04342842764899144
0.026587353388771377
0.08611133424371435
0.05294607935524854
0.0962936754692554
0.2219380339874243
0.5307394558088772
0.2888897187381412
0.19956326541314523
0.0873620328200724
0.31427997390319934
0.12741888809659616
0.20323729260432408
0.11007057341937118
0.24547761297204032
0.2479717246365159
0.1601860724285658
0.08463407420078707
0.21920518001213776
0.07271936566866619
0.2079582803995202
0.07475903560979566
0.20134623478361996
0.04654559333260903
0.08269650311356541
0.08556244093302157
0.10518917182102973
0.1084753312185727
0.09597231570892256
0.18403084585107163
0.27970860035299916
0.15039098739852158
0.14026063463305488
0.09847997064934269
0.0895174569143231
0.16443212868799292
0.08947642410860059
0.06929291763220985
0.1191710063879899
0.18495071840470012
0.3199852246917763
0.14381229877183185
0.22333846060221385
0.25951349756150915
0.07975024356480792
0.11920573667523329
0.07899113062324815
0.04935584390817907
0.13726606698609306
0.09492414483362017
0.05480850425719193
0.05609043308580229
0.06536257116444064
0.13263314065311463
0.12608313807030652
0.26267265202632356
0.10615821941077459
0.1136804810277146
0.15043203930631657
0.04294152987324222
0.09767023584015729
0.05174489799530212
0.2502931023990324
0.20240416208216355
0.2788016262841677
0.1638152846948662
0.18227862732570363
0.12209767409104327
0.058267662026680676
0.16318795444568523
0.09770426088452902
0.19194312796208476
0.1260914321128868
0.09309705776078182
0.039740631737735475
0.06366106937552037
0.05887537686204831
0.044548587678074646
0.07315657992439258
0.2501998061056724
0.12184097812960978
0.19366182990965414
0.11607502733021327
0.10158728220595076
0.03357096487888859
0.14667406331957394
0.2234871418174346
0.158418375149178
0.12749571054302358
0.1845852093100885
0.2987380233370601
0.12432418818631373
0.3456502530323708
0.16869430898111873
0.04031824433888346
0.0978916283341873
0.08724372235467423
0.07807063817827327
0.04164346707094057
0.0739397972224665
0.039597431647010115
0.08924802890254133
0.3315102996347951
0.1275360594155204
0.1316791414909981
0.2124267009398335
0.07874033644307243
0.08582966100306688
0.069079852404781
0.21094529397398817
0.2967486072416118
0.23689162051299179
0.21276876099164488
0.2920314884729689
0.12806927368016685
0.12605325298120987
0.25838302765653104
0.14728090609687505
0.12132367932659954
0.18151009793591844
0.1303707997829522
0.031573959224354214
0.03186937426200721
0.05220870098743586
0.03810722441631156
0.17118511469568437
0.21910430015203813
0.17713050323623827
0.38408707526708785
0.17422750412139465
0.08246806191121564
0.25129551652202153
0.17937909959682427
0.23667005805428665
0.33143964526573333
0.14837496669956377
0.2817360225778493
0.26712988995099923
0.24202747208611042
0.1877443123737677
0.144053873479595
0.16017345466156835
0.11869581661594204
0.12540064421886682
0.0778300110321236
0.07928823321945011
0.08656220025523609
0.09205204473128575
0.06040407631628424
0.057803269587490096
0.34928603254966617
0.22756509110335715
0.13816808252164575
0.0697959384560519
0.18804485028822612
0.19349850280305989
0.18780216488728185
0.21765681400975823
0.14123953210919934
0.07954463469860144
0.26609366214153635
0.23340027311430556
0.09790845555623526
0.11653430988716292
0.1947057775641988
0.14473451682866073
0.06372703780560342
0.03722229474427991
0.20258380125101014
0.11704206863223883
0.06454485759691217
0.06522628556985259
0.0821802135366091
0.1708972608241617
0.2921390668693839
0.09875133878664955
0.1565162537724134
0.23993895091975154
0.28316996794587557
0.08528041306967224
0.14473530145253524
0.09926738309065664
0.09013703628868805
0.18943697647742416
0.1481012102260102
0.1730554480079373
0.12408103567493135
0.20881898776015284
0.21585777625613284
0.0895848139172679
0.1981724528879875
0.20933749224740225
0.06634162959868446
0.034563559405402754
0.06533531404552301
0.08622107483134153
0.059428285507467114
0.06651504040849797
0.0871474361076396
0.15457512138179427
0.26315423360446333
0.22881417420445085
0.21927011229652474
0.12565321254020798
0.18068993630429075
0.18736648119571586
0.10268575099013194
0.10790591871839368
0.15208948214610019
0.18515760880735874
0.15669460598705642
0.15627438040852437
0.2043324353247713
0.15032863624288376
0.10956765047437728
0.027083650652028415
0.062391545202420615
0.10025948034732926
0.09445018701255889
0.08096590282466033
0.10676596217056468
0.07241213402950697
0.12911697231274175
0.15434689579362762
0.12354958265244297
0.15279492840400746
0.2799033541649877
0.2601443487410929
0.16476109742088907
0.17642915420388142
0.1790164121607786
0.14306809474019833
0.3572174471845113
0.17070095565167595
0.17897024281305945
0.17892007297027465
0.1238563483616421
0.1685459973953115
0.04359144295607887
0.07807307781254227
0.0667592462695527
0.045557911052730646
0.07455484806568168
0.03286196878852138
0.11358041452970137
0.11178712382557154
0.11255355192161995
0.09669097772799859
0.19269282895296505
0.1425555255066968
0.2507831954373834
0.1620435719652209
0.1161514568774591
0.14742181529019593
0.4332074865451025
0.36422925564160175
0.19329843069112349
0.20463491043457235
0.16749730449296316
0.364487107398183
0.32376094465418787
0.07893656303753235
0.10533933244074574
0.07594823626106914
0.15001266159037466
0.05205114790886012
0.08112035392764717
0.11579243312715845
0.038595562687665154
0.13363888767679938
0.1127613622449376
0.3314749724502642
0.10430514149452644
0.18371298150472515
0.21939050769105906
0.2339583504297716
0.16512169401433238
0.1844571811247195
0.13762594405270134
0.3470189336437115
0.22408033147735565
0.2932364045304831
0.2286256458389347
0.1368034798475092
0.23255509009066996
0.05205212963446124
0.18089806410153372
0.12558065053104134
0.09052835026112864
0.1028374341684661
0.11972382837407511
0.07578890085966349
0.0795907872394356
0.2106193268535618
0.26066153880428494
0.14417024006922377
0.3169247921495596
0.1932428558770356
0.1535293288989603
0.09803680038126382
0.22158018865848822
0.11040250787168467
0.100816594158399
0.2283611640142986
0.11933976996836089
0.1886215460604377
0.17773178615540355
0.19052364873517208
0.24530561636467713
0.17283739105659646
0.11554290592965856
0.11145473532010552
0.07510559431197499
0.026445554170697903
0.07726374444271492
0.12350389589525243
0.06167770779163254
0.10866368500152847
0.14607682781866288
0.25095546846177524
0.2509438509117186
0.1444709602507534
0.14737734820935852
0.20581592695725906
0.24479877901839397
0.1739382354374882
0.14356324533907788
0.12495177978493087
0.1453713643432628
0.16066765400670557
0.17229101719146264
0.11944069509698894
0.16095328720851668
0.114797008688942
0.030002351224040182
0.037433654386858424
0.06408044874115308
0.05270751023253873
0.0251102782005063
0.11514981122981692
0.12139951461474587
0.19673669441139205
0.30153227172129055
0.09666507495723078
0.05957726910513056
0.18251941811477307
0.06238942397809738
0.1935095188368533
0.14339970262557244
0.17690055756369055
0.37614531137538304
0.07127774028491941
0.13634502721310515
0.09980341645767032
0.0999904699245838
0.1484376834185287
0.1268729808514253
0.12797142000602707
0.05811225429106992
0.13768174150534138
0.06596222778062817
0.056187182431357834
0.08099600167329403
0.09730565429244617
0.11290063458912288
0.08576829483495253
0.06347878329087982
0.22878134846477421
0.24106353924009857
0.1453909953647442
0.21460479075830013
0.13008529437912464
0.1920264027745974
0.1718993997157382
0.14825146979290812
0.055975241334493296
0.0550417298155097
0.07128054836687894
0.06429225931130254
0.2517489139356836
0.22363444534841148
0.09103298948059263
0.10206211892827194
0.09269820869146049
0.06366106937552037
0.05883870720359515
0.06928754955478371
0.05838823004274552
0.1340545019726559
0.08510557322140491
0.16570858796688898
0.0705901390866894
0.06553836386579084
0.033251916638223335
0.17150323951483837
0.06078459814748436
0.04512760115187459
0.15363796074213748
0.3037937637591997
0.30853883846091906
0.10206269871288762
0.12072058852873997
0.20235455936438346
0.09704974816976865
0.17215154071613506
0.17680063687437003
0.09818228641108598
0.1442408944382847
0.09556416607244711
0.13809351753142798
0.08803466448598876
0.12187878663043952
0.15396620505596761
0.09721299450082527
0.14798023987191616
0.07191583676624994
0.14622020666252822
0.19847180789063565
0.12361693965538777
0.2457270002455493
0.11509627878280601
0.09317999394947407
0.29945971146944195
0.19914341074075814
0.0776457851452111
0.08554339374054913
0.18986595325950578
0.2885614677502358
0.3089194940645941
0.1348017851769971
0.1796839962930884
0.15815980514332661
0.13237922233503208
0.13597433325813332
0.10471691392929615
0.06334877412806707
0.15608205965305563
0.16796529841754299
0.32519929494888666
0.2598602297373276
0.24356647743597606
0.11805838891410134
0.07462183851115152
0.16691404364255505
0.1900911473314467
0.19327502656670553
0.2482350839798048
0.29412000963932694
0.18724052038049763
0.24642069401483951
0.10659460803633776
0.20659473466565667
0.5391170977588537
0.19401796298910245
0.2190939031247485
0.15296317629888057
0.0788388795603664
0.10731744480346739
0.13310707687364418
0.050795599846135214
0.08690192317026915
0.20606340768161516
0.253398544085433
0.26196544420530526
0.1717687880992383
0.30100036420722165
0.1620610453620744
0.2515525165275473
0.3379859828098633
0.15759934365479983
0.26990833901489164
0.1870382535615357
0.2953600016425247
0.4300947867298566
0.45575130190100477
0.44882943471910197
0.1260984996522645
0.10172085074513834
0.1643989067015482
0.11351338921359083
0.10165316740825947
0.17872921519800686
0.09159744290467182
0.1107564361313873
0.14554056978542013
0.08708378070754602
0.22160742856021584
0.14246341133047702
0.2381405509205194
0.14220220229141553
0.323173084085582
0.21403073358623198
0.12714663220585737
0.4109567033496652
0.2743450848065893
0.10949262955571357
0.3435241070843817
0.26409422519277104
0.20137559456333934
0.2388470946111303
0.2977347578118712
0.12318610422854268
0.07265988003665436
0.03318101702918663
0.12008996706562737
0.05364277756710665
0.15358663346453486
0.07361593108976827
0.08654340402535124
0.19266273010433127
0.23354801693154606
0.11975915555860517
0.06454484807234748
0.13929479943646564
0.14277784670353183
0.20507472001740334
0.0930200210674792
0.22733677471904087
0.06307701883967173
0.22150373523977768
0.17468715437874116
0.06923346822436059
0.13565551079209784
0.0680754412767607
0.20597935668766437
0.26520202425897554
0.0670707356827968
0.12355079522282507
0.11446702546389224
0.06949021744523938
0.13201863603502226
0.12009012517076689
0.08553283916347558
0.1440266163606773
0.2504111514961283
0.2767290545425321
0.10403289104903819
0.12617320346963992
0.201528886792111
0.0633606172758186
0.23081328299436332
0.22650665820538018
0.3811803210847651
0.12614222107783757
0.20300431431183186
0.2512651618603898
0.203148847296971
0.16797401328839812
0.1676126127807256
0.04971244253624935
0.09116941251148601
0.08404337199820713
0.07698905502970774
0.08882091917007574
0.09022562929105585
0.10422323249966484
0.034587192608415016
0.21166254464957576
0.18309129623881337
0.21929917718338637
0.23568158084986662
0.2057302249559282
0.16760106257867813
0.16416962724079476
0.1218151398266013
0.09918855304237625
0.2634726552840209
0.1595182222252406
0.10376157782524513
0.23321190945911346
0.22461023924531384
0.1836584672668897
0.12351590415097013
0.2618414476936294
0.14081452325487925
0.10185985339512703
0.11269981524620372
0.12245963531207259
0.11017557151980423
0.15268157905059257
0.10534597021795926
0.14634060205706254
0.20592015422925455
0.1638970560516185
0.1617813114061524
0.11024587926049484
0.17242853427283247
0.09694339875621324
0.20507430619991307
0.30456971262727683
0.35865952711370425
0.1536124637731446
0.27152474030190027
0.2591602257162037
0.13677765175092202
0.24755487160085501
0.11137146919518681
0.17419834692020206
0.11392414207856465
0.09648328485522412
0.10871704126493434
0.08356724722356461
0.09523637349814688
0.10855336196551682
0.143786649530082
0.14992857114770528
0.3057214549274847
0.11503788215185423
0.13830150402763555
0.10927993072860356
0.3330646957541396
0.2968845392506617
0.382629634012707
0.21488286604661586
0.3667607245345463
0.12707573259682126
0.4291899648617988
0.3934822481883957
0.13527645404206862
0.12117924844526633
0.2537637771229949
0.1915357746340803
0.08621086452861643
0.19214455666172744
0.20448223356144693
0.04460767068560521
0.041972568549740394
0.041511721091001666
0.05944255509923994
0.3094966567243632
0.1591477587090412
0.2542816623824297
0.11826205792123556
0.20674524699010982
0.337705506942389
0.19891665446211243
0.18449706953243158
0.10543953523911426
0.551746869308538
0.4913694470559158
0.12496407971429403
0.09995663214027428
0.17396629935701088
0.1010910258848621
0.13536435888979684
0.1233098021331438
0.056471538597750344
0.0991175537456534
0.18993573320646592
0.07237509966474028
0.06270447885314255
0.10221568357938761
0.11954972357265896
0.4131255522531913
0.16926814840157495
0.2517138963934247
0.34300647902967674
0.20510861257766402
0.2151404396167344
0.35239778295445295
0.30727592148427496
0.30966053295899504
0.22066106987571124
0.37143001815433013
0.0905269841383896
0.1721931081532272
0.35820067365673697
0.37650876892827345
0.3708413012575019
0.19129046056382176
0.10492466525494194
0.1049944220706528
0.08980758001189447
0.1446648206526519
0.13547272873323132
0.06004015225259875
0.14053152427075816
0.27202988191822564
0.1579916812921351
0.30871957586954624
0.09764944069620414
0.3434964655795633
0.1837488556647776
0.1809843768344549
0.28469579266177064
0.2695817451527195
0.44501654353149056
0.3737247971724623
0.47776752464606353
0.10307621493788993
0.2622700618523568
0.1679947970069446
0.2168848903526376
0.10649684212021858
0.12974722654286963
0.1854029228776173
0.16571675469336794
0.07563195178872575
0.07650486796765583
0.1424739983883094
0.0700707135185724
0.21107992757010824
0.1844762858138859
0.21553785506594506
0.2770102016226193
0.15332352536908184
0.24872121012323611
0.0711963521131973
0.14679294454408545
0.08210818659033825
0.12828129287684148
0.24139065189733105
0.1740290406104997
0.13933041578853678
0.08983740267831283
0.17118511469568437
0.0870018489907852
0.16849754444773446
0.08852116635874357
0.062185641855798925
0.0902609564755859
0.07650454499801325
0.09265562306044434
0.07477981932834167
0.09094396455698514
0.07935223740845149
0.1656460979651519
0.18853918784151397
0.2313840469113977
0.14070877915276175
0.42862472990930967
0.2130967844210203
0.27026264166020453
0.3683853986001676
0.07117139087136433
0.12087214178536644
0.1716901168185322
0.1872340780119795
0.15907254600320053
0.2484135271909382
0.20984347611153914
0.10647265478383025
0.054508654633495676
0.06324485553533733
0.0878886380104123
0.1190858703510315
0.05917124670033038
0.03878208614308781
0.09544344901747139
0.21305824990381994
0.2407194353912502
0.19362589326060997
0.3968754650296856
0.08627300759618614
0.2844806811792101
0.24600588002930185
0.14889455966321288
0.17294641953226728
0.21415330802879498
0.0638450979375696
0.0749045216396174
0.12058013344159002
0.19160927040215203
0.11395712878746467
0.160626201781505
0.09167000491383845
0.06786218046740422
0.06817389215533673
0.045308506430179175
0.04105087363226293
0.11937203368126525
0.059628488508341335
0.07723229811676419
0.20788818378986143
0.2125474763165838
0.10795063412768423
0.18794716681106025
0.3347658446461549
0.4022009799983914
0.09025838394672102
0.10688101149827829
0.2287712235450662
0.048093568129910794
0.09925054383992064
0.21884872841565256
0.17013737947656993
0.11335440094963205
0.19322837175676696
0.19271845192621603
0.13797312213689367
0.07909258999162298
0.16387623463113576
0.10796166337499213
0.10538999116394891
0.02876160806589754
0.048841738582991345
0.0996867218250458
0.05901210792156628
0.34535855597077525
0.2190287339164279
0.3895091975259038
0.09672515821911314
0.07314250523995962
0.1577235119286686
0.09908540970214973
0.17451312437820884
0.24041397859413974
0.2235249249352401
0.16087834594714126
0.10780295828521785
0.22889012766357084
0.21925626457329442
0.12457677694735864
0.14053154006257582
0.05364277756710665
0.05572114942170203
0.059836325693800894
0.11290063458912288
0.052639497801763156
0.13659731705357836
0.12368047304149767
0.12538274702102883
0.10864951505882905
0.08753738395734113
0.1663671533975298
0.06874898756260961
0.12309492288256194
0.15311365452804118
0.22001770525634046
0.19193823845013824
0.09177391651299058
0.15088060439380568
0.27341110985858735
0.22726545359794947
0.07768233830123676
0.230701261145473
0.2536804112089983
0.1647692838569827
0.12611915017212252
0.11999918214914161
0.1292874929713227
0.13502049927580795
0.09253791872530281
0.09188481969166123
0.11279970020608462
0.2145467663790832
0.17890755627872934
0.2016005438432233
0.29552574503976115
0.12002597460288293
0.0910161502298558
0.12873226042936828
0.04936976109257183
0.21630835088063155
0.39524054052792884
0.17393894051108721
0.18384266829704518
0.19077837577315376
0.2247339847050049
0.22672987031714736
0.06090276416254557
0.18902893837914272
0.09691829260052283
0.10196379318749318
0.10206211892827194
0.10107886152048509
0.03648966545090044
0.1235440597638356
0.06535313210769123
0.15700000050019064
0.14972335421445862
0.10128809317901685
0.23207749265126076
0.26053798591289545
0.1290876758889186
0.18924772753022123
0.20243862220112585
0.2994346559180116
0.269083706785302
0.26026823584116987
0.24435697646397248
0.2335127319463406
0.2047141923012148
0.2965176589415776
0.32809864246124076
0.20081934291910894
0.08724372235467423
0.1018982426936401
0.06959662329324603
0.1897431417868622
0.18400378371105833
0.1248062298684525
0.16730364564118377
0.2284367302499088
0.1036624275328388
0.3025810796229296
0.10000389854629865
0.0744327728870536
0.14920546895502462
0.18777429222344968
0.46458121653206774
0.20814997835175805
0.2541363434379152
0.3213912764077426
0.2853381056644578
0.24179778156362586
0.1842214030554351
0.24396559166782403
0.32762430933643266
0.0879345673451079
0.13258292354319984
0.10389753275614032
0.040129178714785545
0.13110674199372788
0.12357449148790586
0.10267156961701121
0.055490760672742306
0.1741021116721192
0.2251988111494891
0.18032220216451322
0.09891677120773519
0.2198387004384892
0.29996017225504895
0.10820003875023554
0.17346430479170127
0.21221968947599423
0.1348409672854408
0.17332801919711355
0.1702752218783409
0.18221842962843604
0.06917438521682995
0.1952749211864615
0.23122936706453293
0.12407440531298294
0.10699654590730144
0.08575362272060513
0.05721977400204453
0.07712837952403445
0.06311351175975957
0.2029078640854678
0.09125683413617461
0.17905805052189747
0.18849857274246198
0.2053223555154776
0.1810664002071223
0.15595994503546953
0.09580900501162544
0.4221124051628806
0.285899920326863
0.3665354646959579
0.34653268575100016
0.15605669438102449
0.4074637463755036
0.3873272511930829
0.3128474326987063
0.14035515488729922
0.17996621888941333
0.23756928267330635
0.14420358380406942
0.16921037834364114
0.17639971082014563
0.128908896352021
0.14083251275709519
0.13209896377219027
0.02896249029150158
0.1907180610665515
0.3317937183709522
0.15479837852313277
0.05375372025134262
0.09694356648904351
0.11811874865518178
0.13289109638282856
0.09369383334203042
0.2748607871652289
0.2728573418029049
0.1423061208841455
0.21554929640049922
0.361168823099385
0.2837175676761174
0.10350161259210994
0.13794153998949507
0.06840103649096672
0.03965651465454068
0.07831305148115375
0.15643625357888266
0.11325332910269052
0.046762599294784525
0.10438916146003333
0.13110741878385485
0.06585830962978108
0.25247007791790393
0.13375597023048183
0.27026267170053714
0.22601861071037996
0.179518410678234
0.12503143671723968
0.09044426792784677
0.14800615572264955
0.12218748133166206
0.14253597333964363
0.18242958091582254
0.10403289104903819
0.22359225640613653
0.12896687762548448
0.1892830547147521
0.08103571861067374
0.12693057401830932
0.03204662328459908
0.09457087298831472
0.08673215239585064
0.11510964736123377
0.11199950163248003
0.09832152242077892
0.15498035853557587
0.15402997900344176
0.2200194639029878
0.18095458841258708
0.07811890281788444
0.11204502668123684
0.12744307543298533
0.12937864794856205
0.19375182810478547
0.19093903124748893
0.1833019881792499
0.18411400459212063
0.42176078399871314
0.14193804445651356
0.1603770240127938
0.22851045882707097
0.13769850606186798
0.09917789719876367
0.05661356097553671
0.09727693287704221
0.12347635226520919
0.11706932575115654
0.10085133999517511
0.03745862677440226
0.2528446243520327
0.2472086111334232
0.2770102016226193
0.2873213689634519
0.1694322914040729
0.29497722233604473
0.17030178976554503
0.2779628671322445
0.12459361619809547
0.2178574572644686
0.28586757722130857
0.366874073887962
0.1379471420320036
0.2061244807059968
0.2253521101204556
0.3082175275122487
0.2027819932602154
0.12991018374465063
0.14161508282157118
0.096244886898098
0.03944381582743059
0.1340545019726559
0.06651504040849789
0.16639685081386058
0.23357710750737076
0.11879229494103026
0.29438142869317363
0.2709799342492257
0.3723148428519029
0.19216626167588852
0.15921511571198682
0.16258296585925247
0.1889756592062846
0.4293295676198667
0.4504593686519953
0.33024456720898654
0.3332093159235768
0.31375743882477336
0.13525282083905604
0.3477453698872711
0.24230740052559788
0.14230735634014663
0.14901006434991076
0.12831139172547443
0.13257542104711456
0.21815972220690938
0.24654842083879264
0.2699350169980249
0.2897642899387288
0.29451316990482923
0.30814172936363743
0.36014940959113007
0.29151488682389204
0.34419275888126627
0.2217830606038724
0.14477700165298943
0.3582870139284134
0.4084206698615423
0.3718961305119388
0.3166097887779189
0.3235147444331716
0.22862650724713282
0.42824137633808484
0.3699997625501791
0.27132056895874895
0.2577186465488967
0.21595923894681726
0.21300955178071437
0.19117801532068315
0.23690014863826175
0.14585284332815798
0.10751925710419162
0.2756872601604033
0.3244448627286827
0.2600234167350106
0.17337778011034594
0.1296904037267512
0.13641477021499807
0.30231887764751986
0.2836690811687322
0.17277053062098902
0.2380774959439002
0.23713032886897942
0.363146595339384
0.5242785426641974
0.2863296881715082
0.2802503796284065
0.3756397572187549
0.12200037158470059
0.16596505136623724
0.21815972220690938
0.0805784768026628
0.04317786190336466
0.06987721482746133
0.0895419746024528
0.18955790202841408
0.206045072009717
0.2527007494852084
0.3248687889430491
0.15729024853685714
0.18937537673974048
0.25443151529984936
0.11733589913073751
0.28249278046216175
0.6710980801670792
0.42842798618362726
0.5069081853964157
0.36254693872319604
0.45086594476879976
0.12711118240133892
0.34333756636464674
0.3079562201188311
0.16842173779194247
0.09388005667207337
0.10158728220595076
0.14491123785042903
0.11011483418176204
0.04891802338903454
0.10540616791522685
0.10731127717864981
0.15807915302420647
0.2862561762511449
0.08927442437874131
0.13002988297335125
0.31247561127153745
0.3879165010047853
0.24131705515181148
0.47875331351915607
0.14533238192377745
0.43730420114065227
0.18551547174118332
0.13248773608662429
0.3636917377177365
0.23679402324709145
0.16330705364091444
0.20837390299016223
0.2219380339874243
0.1127627009621734
0.1331099240275272
0.0902755778551404
0.09228306991093282
0.09246366300273473
0.14962286290158386
0.18698278371412605
0.2236210780784584
0.21317235065663048
0.16249052586046592
0.33630753158359905
0.14032083233032247
0.09348113451492042
0.26672825126516087
0.13971526335931808
0.4234075026106497
0.4520845047794987
0.32867372508571274
0.6247891396899321
0.41332805900757685
0.355691220178326
0.3421158325969946
0.3720305802913492
0.06360876590744716
0.09815221106605654
0.1287270823621307
0.04654559333260903
0.09196551922803257
0.05366669209667919
0.13975975276123292
0.14444051320388307
0.22800579974584925
0.1847428753382311
0.1395834537546251
0.2255799161621814
0.27327496184432387
0.31201663941649405
0.11035524146566031
0.13560648617965448
0.30476043849983137
0.419097082445667
0.16669679744684338
0.3411647399318314
0.45655918968234477
0.3496583245777247
0.2021424465779459
0.32440953554415186
0.17390041869438377
0.08650323103252
0.0763323235877775
0.045458465994045905
0.10934911708624222
0.12477536504814714
0.07985172699167017
0.10277548820974121
0.17966002749457158
0.24565047571207263
0.1447612082874199
0.18936265658850604
0.24024255996924543
0.21461423577849206
0.3664551369587907
0.0918740767100874
0.21166138967199283
0.24007273292431236
0.5021376356303818
0.41107719495541645
0.5251827456020544
0.5105131436511532
0.48431982382885946
0.36606673291903163
0.07863948302323254
0.20467507430315637
0.16730364564118377
0.10483307634579118
0.09373457064225123
0.13943639734212857
0.12460923334352934
0.23255885576469063
0.29879127038676734
0.3192295623356735
0.18117167456507852
0.4421640292392947
0.28897997476455334
0.244606532900698
0.2575525166525441
0.1273593310329674
0.5390895248438144
0.20490000295964603
0.5212879349329745
0.37100955286896137
0.5038210957499644
0.2513931742426496
0.5507671298899487
0.14507014509347113
0.2639150778689404
0.19021608161298023
0.1420054014594592
0.20382668374905388
0.24806703926921359
0.07551990022561673
0.2079261664999851
0.08134548476813422
0.27452626801373725
0.40555607841085284
0.169722808171456
0.18085355290816946
0.43466532473562547
0.38803435658569596
0.29325826868340754
0.4724476421990199
0.36745614389246223
0.43788561541148396
0.2689413179846415
0.567124598255232
0.24681289804236817
0.14717577175873223
0.33591673354068696
0.24724311582266584
0.4243421960695878
0.13557002045964747
0.17409121852680692
0.3166117760462674
0.23428943776474243
0.17457332207547557
0.06512129090023062
0.0920265052740355
0.35153412805907264
0.3755715545276381
0.24719457789430738
0.37741556375559754
0.33475842375358794
0.4358668027380756
0.2706562941915169
0.4325021584384942
0.40152877937436854
0.1349574058014032
0.46462313094595226
0.4253899298555031
0.2642857650303484
0.38397116866267944
0.17962428760441684
0.17218964775240472
0.2532602386478892
0.13249822873826003
0.1821648224159706
0.16537670663312162
0.09737172138779339
0.18527592577716978
0.15593419251790128
0.09966121710262146
0.3609378443487534
0.40914932926339276
0.2408208879182552
0.27516367420931054
0.18204459074400894
0.3838298599245576
0.12923817067244062
0.47013417173272015
0.34084794439203386
0.48281563093322566
0.7059775561891417
0.6580685628122172
0.584972607139303
0.5795646236645489
0.2695627257871481
0.3923083930916813
0.10747199069816643
0.16313385672192512
0.16536307439356315
0.1741801730817201
0.15882884660449711
0.050362355619085995
0.13561839513242496
0.2119259932299005
0.2736888306262591
0.32105345301374844
0.33052671455941185
0.4117736628882324
0.2855455777809344
0.11784696682054069
0.1348318806457829
0.2564894890147567
0.28053026790009333
0.34899614990778305
0.3761285336968944
0.45865680548562376
0.2845498906126532
0.20530414497731822
0.13499285560592167
0.2367575433527055
0.2631971986306431
0.2061694489203603
0.14026513395004667
0.04771543688171497
0.10173193685161037
0.07586057269273123
0.2135212322074871
0.1543393934974146
0.4071009719656178
0.3672584143304665
0.28326130006280364
0.33086611772026386
0.08177088242235456
0.25580806104181647
0.3016226294384758
0.31925176660268945
0.48433569991400655
0.4798078130075414
0.2598969958644954
0.42418307379477266
0.15417119985035563
0.3644352356172787
0.3425013303790741
0.19293525926208893
0.0710886746608215
0.17761843680198866
0.07685434036060367
0.13876518083604772
0.14909218285910358
0.10468279189105291
0.10789970763077364
0.10171551856389814
0.13602943788326727
0.1928986305799608
0.07941937872263653
0.23079797132323218
0.2841012179947805
0.33047157708120634
0.11581451136148768
0.2690357426534628
0.42025218717556656
0.13836812330041182
0.394682448592549
0.12536232537843367
0.39727470311624213
0.24970004826519762
0.1840656299193423
0.27351594505582705
0.209167340169285
0.14689043327807724
0.1155982959088036
0.12776126596513734
0.04398412292329028
0.03937291621839381
0.08513925172287776
0.16945136155514434
0.2012727913739613
0.4057575569466929
0.2197878236234611
0.3287412643585815
0.3442797694404845
0.12161646270099306
0.14357145177793756
0.3251960000020261
0.34740091093019726
0.2917329437752329
0.21049750143341978
0.26306393705856196
0.2713834315637785
0.2407621313992932
0.16744950932205166
0.09753422883151973
0.2056748683369322
0.2084833456977312
0.15830444265367757
0.08608224976411179
0.11851395305379016
0.12442874785891234
0.23565330575069143
0.15351702406019255
0.13037256441702844
0.16211146683863548
0.08043560645216287
0.27417427914169284
0.177674613587078
0.17174070206442238
0.18183706994670862
0.10111970067165275
0.2761190249200028
0.10078291565692618
0.14688969388964124
0.2560848260904482
0.23542035771166592
0.17944662592576502
0.2948182223671182
0.24060289418316563
0.15889439709834935
0.040625475978042586
0.15615712105389923
0.08190863478960375
0.15591184962806312
0.1137271845934877
0.04014099531629167
0.08758764952407526
0.17828485652240136
0.2556295214460372
0.16822292458462942
0.07320022295082036
0.15437979639855595
0.08212538046753812
0.26170776769218335
0.24698824109223527
0.15267046728658218
0.17073859289994028
0.34253238120832996
0.19920690249877895
0.18945940593406185
0.1627565865607433
0.1487693550523421
0.26648432987969045
0.08190611558150222
0.0808902325808521
0.10946932473359851
0.08303512582300988
0.14382681339866601
0.11905460420401288
0.04699462418984163
0.1068647332049504
0.18524569562703644
0.1339094985915803
0.18429521346617528
0.10642031316412229
0.25259882806043354
0.21625798149235717
0.12776109548417564
0.35226835396309025
0.14576055437366026
0.3203721448571316
0.12761929626610258
0.23558465642764717
0.2814163519704579
0.22316182467956117
0.2775323319142088
0.15758049657352363
0.233386318682383
0.13233563325148534
0.10831314777070307
0.06714180276270362
0.12132238347408278
0.07712132207592957
0.12856445630284782
0.12161695078031437
0.18968399411761477
0.34702967198324064
0.32074865451040113
0.21275673636077397
0.17391815679254155
0.39368623985862156
0.057594115740831765
0.10388133779241092
0.20922969460211674
0.31651055956657637
0.33974153363041554
0.4545195561702119
0.1329131337408443
0.15823843916927996
0.291696562668851
0.3182849843905448
0.23485986027678393
0.183663735650812
0.209167340169285
0.09111582210546162
0.13939312517724442
0.08927328777864574
0.16898732300948371
0.21565487187725801
0.3153859589064203
0.33338264041491417
0.24617870976597542
0.2613505111570982
0.2605028516346683
0.18363070518986158
0.2594585910514893
0.1645464494535198
0.09905520853137961
0.1441226178850616
0.20328006703881132
0.11699735317225025
0.36261877694239264
0.29373767370116816
0.3987428709133251
0.33154784285632893
0.2841366025182547
0.1953805267647264
0.12769960212902584
0.11938869241548977
0.1082380192218486
0.17727838874174237
0.13346080548359687
0.1824546758810472
0.26255120893244316
0.10371294528504763
0.21377688054151292
0.13334404369828845
0.058920538326413766
0.13124918261769772
0.08868412703558469
0.11201469589805811
0.2329009046577703
0.10157436044153378
0.33260478603869437
0.33744526663592933
0.16147465773213315
0.145818569318412
0.19303491617454935
0.36051088440838447
0.2035199100805686
0.0745978807619356
0.17127087301072375
0.06749171695120501
0.04743183844556811
0.11197224451356233
0.1676453880276521
0.13334404369828845
0.20226524218812714
0.19598103205528927
0.11295486093604833
0.10223987091577676
0.11237436486271533
0.20292643748842373
0.20881898776015284
0.30749736666186384
0.384183131769863
0.2477480915153516
0.38829710168347936
0.15985498509359497
0.20990937037144253
0.23519990833703022
0.10745125894851267
0.2566629586792854
0.17780171974231918
0.19805910353457176
0.16015507975245039
0.17128220794606555
0.16156816835836302
0.09287695299964278
0.1531161210652558
0.05438590843192003
0.2524981926259129
0.18378112430201857
0.1309308893402609
0.19797390612242116
0.21147912475530367
0.24439254089902152
0.2617158004659003
0.2764892994744928
0.26537530978189927
0.23550514295453953
0.2157692830894319
0.08662986896167173
0.18038812837589657
0.20949549028889655
0.12365903778222902
0.16250166019524834
0.18553837315451233
0.14579581289679297
0.15197881999691576
0.08163668756972096
0.15985551000079376
0.05701770299320858
0.05869322117377342
0.03672599748102279
0.15649206643602423
0.10906782701920067
0.2258012691782466
0.21327021301100352
0.18927705099896255
0.26376394539771997
0.22920277323428717
0.16731949955475353
0.22169177020900083
0.20757572088933016
0.1920232635912829
0.14070877915276175
0.22291207298120225
0.23302528612212667
0.1688517953307399
0.10339299952105788
0.04408774021933591
0.038415771496398035
0.03729319435331661
0.0373640939623533
0.03475262502950067
0.11426620612097309
0.12153061560245033
0.20641673921207396
0.138030050198802
0.10367926678357481
0.17625824456100345
0.1426864983189402
0.07811728416582829
0.27583465681462915
0.18649246613442222
0.06506220789269998
0.24634592808954814
0.3149844509516994
0.37696216634193547
0.17132253699140718
0.10867728405179118
0.11696543561453812
0.17819901753789757
0.3174147530071004
0.09921686533844783
0.07148261937571487
0.09154906823189352
0.1488071331030596
0.10629012578175476
0.06304615475681427
0.0741263817413184
0.1476047536996783
0.290098778507906
0.3129197816622141
0.20870541642609436
0.06632658425385489
0.20320653094260843
0.2681670703503911
0.12717002156075352
0.20908935921702454
0.38912833027519234
0.35028123521027
0.6157485640030305
0.31618280709731356
0.4075427745200402
0.3080918146145811
0.34703793704026054
0.3369498445862862
0.28090609687524987
0.13969273445277644
0.1762119964384438
0.07887505044896313
0.09239562500550472
0.13913092320183465
0.09639488661613381
0.17684788575999377
0.2741649405378909
0.36373807511013506
0.11307556869444663
0.10009843135834734
0.1887282913855662
0.24738243692040263
0.2001679933160811
0.12245544140792804
0.43010847165959415
0.19819354005421544
0.27762224707151306
0.31683831203583834
0.25613514646882735
0.3019516494933059
0.1618083603253817
0.24283367243703163
0.229308754787879
0.10755574347531077
0.19783240482774117
0.09782896319580467
0.1691550184136357
0.17061611374407534
0.13233331234502066
0.0736380434699649
0.21831085467812977
0.2375549897212947
0.1970962268932739
0.23319740309335707
0.27331512571290784
0.32401355826537653
0.3739983426751786
0.2363963571691009
0.21126649901962022
0.24697292748156885
0.6477915547692177
0.36516989316410847
0.26675773473256353
0.3720881441450715
0.18449083106721603
0.20765013199262375
0.33211502931962256
0.24989754116323162
0.11803420157771219
0.05434455032664862
0.12500051837576776
0.13535452230576078
0.1754977194020337
0.26344743479301447
0.233457223529372
0.30899478007359227
0.5082207175970107
0.16459344237875342
0.30785518196155887
0.44621862127876716
0.23899507085847857
0.3304653097571634
0.22157311968129226
0.18944359454636892
0.1893142819157286
0.13993417361889018
0.2684817298126288
0.22414404631570933
0.3842165249605236
0.15360400297806173
0.3172142340750249
0.12146151556113792
0.24351353522371177
0.16068013052604757
0.12279181636930818
0.1705152106546209
0.1053487646165822
0.12393811971839522
0.14574381485248716
0.20974353007104704
0.4000136983419093
0.6324604385894429
0.2892805432109516
0.2860463183479619
0.5944252550405634
0.3855361521490982
0.4483344758758552
0.5050091525835727
0.4584603514476342
0.39929132597470013
0.4489845250689439
0.469331346745327
0.28724880695428606
0.28838031814836623
0.13847875305022708
0.2733455593647351
0.16735871015415596
0.16209808620305632
0.13003112042659473
0.16305685345798074
0.04420590623439712
0.10451348053633133
0.214735172460437
0.25877908700383684
0.1639974629211044
0.19026669406977645
0.49023595352176114
0.47255345438895324
0.3043257327151706
0.41801549929710224
0.43643330518868934
0.16084757970131364
0.16303365097994563
0.40362341693204207
0.33952282616670054
0.17256964839538488
0.47089099720552724
0.5733392240340562
0.21527775669898935
0.11518047503648765
0.19454680520980552
0.0716795047361275
0.1720787158483677
0.18098113428664622
0.2788016262841677
0.294141572113057
0.33584795525305033
0.26860037059846303
0.25613854736033453
0.44384239387496893
0.5596579914950687
0.2631974890088154
0.6255031292981323
0.29736432875282653
0.8546268776608491
1.0
0.60112850060908
0.45740671845002523
0.26408996929784145
0.30755207544830515
0.4575223668553099
0.3937230389774652
0.23311018721141719
0.21819323693550788
0.2365250220901265
0.1579822612464963
0.1617512125575186
0.2058941011905592
0.10816576833105099
0.16171648653820922
0.3166699864751865
0.21209618043335832
0.589398746707898
0.170177467941337
0.3339166267422978
0.23055378983026542
0.20063967252335516
0.20412539742577523
0.41384532561366016
0.3405906853929821
0.3701788110219827
0.5643664306554569
0.3340996775395377
0.308201762317948
0.36365660260674376
0.33680865921509195
0.31624469602906696
0.2324759672483378
0.2570405946443702
0.23115711473187925
0.11624333782751944
0.20108233434795966
0.14253597333964363
0.2577471383349811
0.19324701504027805
0.18971099879547776
0.18721878968650138
0.1327831511242771
0.18792603821742734
0.4147321069965446
0.5822154389910813
0.5497969728491375
0.37543583542812564
0.3913994774447835
0.3385868145553587
0.43982505186947346
0.2891467743934985
0.4349608702811485
0.3908915433806171
0.5256161936903504
0.4795164270222488
0.19509505531267038
0.21270856329437735
0.13093742683950857
0.13893206021770063
0.10561578061825255
0.20055242658000066
0.07457457210512708
0.270035259425186
0.17674477572850503
0.3119440774073274
0.1605622557708931
0.22627253191793065
0.33181134056478684
0.3160494818860939
0.4009960639408772
0.21476780389113487
0.2511574247323407
0.3995321167637704
0.4769459394328844
0.4246680852418872
0.36701721507989277
0.166519548424251
0.5334220571730421
0.28383363838112746
0.21049883524781066
0.1100040058966058
0.04848351597961283
0.14905439974129892
0.09608134418459256
0.15358663346453486
0.2232307815888814
0.21403291263425983
0.40567733587384563
0.19767394709056632
0.20145632478294437
0.2537892022971614
0.141882915257144
0.2937585348220726
0.21951090308559423
0.329343722387339
0.16697801030143467
0.37537527539411963
0.16379539191226827
0.36675501310448216
0.44794762631536494
0.2094375317875759
0.19028353332051326
0.18211649671339325
0.09834122430015858
0.18585515648351023
0.16756812746581987
0.1550241323545112
0.04191348554220975
0.19265290143236383
0.27555203933838457
0.2647256694231368
0.3354887942806636
0.13971526335931808
0.23825447645887227
0.39380673146437273
0.41470750102927556
0.15880330764075476
0.24859785862041864
0.43513905469744063
0.48939673869386874
0.2802893285061894
0.5199047194270339
0.5129789780295134
0.4556965683142595
0.6357126856274645
0.4153641111450978
0.39722066029399783
0.10445875731410621
0.2373595203253796
0.3190028636288421
0.24154747212829436
0.12265398282798796
0.1257741492221529
0.07806046954943267
0.14801701397232855
0.3395515581557144
0.23610304268203455
0.39855892901589113
0.14645495906685854
0.5316084675183957
0.23986581496847809
0.21288762906620456
0.12418066522782151
0.22122190020313195
0.27820365792131474
0.3505516520967677
0.45541205603992696
0.3762270594661621
0.24419652838291214
0.18559860661536678
0.18820166444184003
0.11362458929072904
0.10682831332620249
0.19477197228552443
0.06577120398306728
0.1699753935702469
0.06324245126075746
0.09595005069560064
0.16915868524551766
0.286661434387385
0.21963786423814155
0.34275827038900797
0.5320272484493297
0.2357289357482076
0.3749596610982632
0.12327078691185042
0.3083326054036506
0.2585626259970794
0.23164073312893593
0.33275490774624344
0.5299220820949456
0.5148327632129109
0.2529027892820826
0.2990777098762745
0.24472746958264208
0.08842362907030046
0.18793721086883988
0.220620130130933
0.2477307414250127
0.19548805687713405
0.1947521146663592
0.25499034747428767
0.281574728968289
0.26252934916485476
0.24275383261673977
0.3281757117680841
0.4806012584814489
0.14960999166899264
0.1744721212378707
0.1790451460207396
0.28971591526595136
0.37135098813358625
0.4503389732574602
0.35019946385351686
0.4488672066453222
0.3590528300768193
0.4057247816997664
0.27672881433826335
0.26829464213993026
0.19394624307278557
0.24721493979906586
0.17689093342027143
0.07229396801444583
0.09330388549232806
0.16386920403463182
0.25925220318645736
0.1378584051153116
0.263846507123038
0.22133831529460002
0.19373557972146058
0.15176061314310696
0.42228684633084906
0.37681741505341626
0.42551593767062074
0.16294502646864983
0.3927941329991876
0.3466390026949034
0.22459275955480398
0.32941164407877566
0.5382128384384921
0.3219840258032558
0.27753036167209627
0.3914142089024035
0.25164142400207196
0.23424588461244972
0.10395756220204287
0.059885797895425
0.11426099071767601
0.15218895897040297
0.1377191692191471
0.07715054507486169
0.10410021516282197
0.21321933687149372
0.22506920012236134
0.48956240484614555
0.17479247304068926
0.5392212703415853
0.29097205964335277
0.5483572977749194
0.41310669749756956
0.4343967041900297
0.41434075029155154
0.47827134709615055
0.20912577600938675
0.33797997130784835
0.2131162499702102
0.33838560306288157
0.17969603054831634
0.12518033680227944
0.20248547551023138
0.10283783936537905
0.13658857509974276
0.049216145272992305
0.14612991011662685
0.1978594262229673
0.31308822348777576
0.2710175333978452
0.2198057421491577
0.09657708410952347
0.3912362438750083
0.4142818929899014
0.5893644902274177
0.2045217388679351
0.3132314222060688
0.6578440035344181
0.3179285425974549
0.32487030459180355
0.4138448365261482
0.3530887184587841
0.42139177456698934
0.5081451513614005
0.47325086352317297
0.19775566231544642
0.10028749698244559
0.13489672522251311
0.20306723614317235
0.1545035714446359
0.2563534219616022
0.33261080207245475
0.10428150829151468
0.37679975020297535
0.16549150409321864
0.25381829136083034
0.3551910348706368
0.22278328724162763
0.5516908988673765
0.4915583626449417
0.45957931978800726
0.5392784404328403
0.644820208026594
0.5442657504569292
0.4827138367294743
0.572845765776599
0.29450500787094874
0.3762270594661621
0.32070018116844295
0.2111584725897414
0.35989838541248176
0.06386873114058177
0.08264199083867979
0.21100088360510813
0.20029807085138066
0.2754141066792564
0.23213554225859406
0.1930754810925967
0.21983770454797152
0.3382646970859058
0.20684842770449052
0.5576078133488451
0.30895621130116685
0.5740702064422819
0.22391160027932866
0.5121285559192839
0.6935938629608778
0.5618682718032313
0.20240538553818885
0.621351112539157
0.4460021719798932
0.45827521417038924
0.14842620776522084
0.279975991817911
0.2753142445107526
0.1607466189068277
0.15563056284395657
0.21880598282694236
0.14035245134082552
0.35869949393525463
0.43520862075034783
0.2332432030101111
0.3846094693856965
0.24303856956081996
0.6215037352397761
0.5354207841049343
0.4027048520245183
0.3527705154505682
0.5396691488736418
0.5967087794966607
0.5654243579540005
0.6048016315296708
0.6114386190322321
0.20251587076227154
0.5950510962327877
0.5753032000802034
0.14862322699883604
0.28896098642300005
0.26017058319377734
0.2757638636126338
0.1543780932356371
0.13019960483112708
0.14010928183383833
0.49691924304379226
0.29928139031802536
0.528042413045222
0.1716810399621247
0.36523119820565875
0.4068793727336641
0.18393367406382097
0.18208555758826453
0.4270209278109231
0.41602218588865897
0.6756943872683177
0.5719419457753886
0.1811626810106363
0.3021744839396219
0.4383716710406998
0.15672004079522528
0.28836941530079935
0.29505984416418873
0.3087447471447455
0.15837988887546467
0.307222087497198
0.1777865973927908
0.20697673951173504
0.2332771845361484
0.36013944997836256
0.10708558782891699
0.37330398006436144
0.345467628009419
0.3988085861655159
0.27363375530098777
0.4722290737753827
0.15959856492211663
0.38840266646620175
0.7490291056285338
0.37589754241184176
0.7559522853241194
0.4759591132144681
0.39222712620037076
0.27426610667611495
0.3356774093873694
0.1944379221129609
0.20261579347409098
0.28165481046603924
0.12934487440592524
0.07870668994429862
0.19862926286406754
0.14166182560922075
0.23720780785605197
0.3126930829553835
0.3638892075813554
0.20267722186245052
0.08403966991152984
0.21893864946719785
0.3615088711596313
0.3306271200215306
0.2535165349743673
0.2724246789836433
0.2605356337733313
0.2596785719281179
0.24555938432879346
0.42604243637081934
0.3282440979661654
0.3688158064990685
0.14751183645023871
0.26443069220080134
0.20261657649793668
0.16427451138721894
0.2127756324275754
0.1776418383401515
0.10829322148532908
0.13571768210507812
0.23535104080825062
0.3136376609005114
0.20735803486182944
0.3449930030395009
0.2927414571751848
0.34016884409183473
0.32556154779426405
0.33068926310870617
0.43068442509965255
0.37166058292896115
0.453813012479601
0.38671513848255523
0.46847136316169774
0.35441704010619307
0.3057908509666175
0.42286623584218336
0.42630691819545546
0.23400388710889325
0.1013982575240208
0.10864684575079163
0.0755080836241106
0.15456806450408775
0.047679987077196576
0.13157011301532728
0.34522434738561325
0.111076054157534
0.2282855977786884
0.14941068461770057
0.23234797975740956
0.13032136846326123
0.2699413607518668
0.26148091997744083
0.16840934661402254
0.21037279912214416
0.5681982488553275
0.4338788189305948
0.3260496564925102
0.1576827438949813
0.2459753089913628
0.21088832906558672
0.24968183108399875
0.2317994277345672
0.06447137781739398
0.07757842814226579
0.11772349660517908
0.09249237435105966
0.09134444300946644
0.07072377160107203
0.06593467899607469
0.03773040860904308
0.17504047759402244
0.17839587585195582
0.2193319524303121
0.24345453416801574
0.292787706987338
0.5488753523553471
0.5673146437464837
0.3765570978468505
0.5150350232710649
0.14383167353249987
0.44079845770744447
0.44188288215920757
0.2541847181106927
0.4278828590341679
0.3411228432539512
0.3019911251782579
0.15011063092212087
0.16643463393166524
0.15238171740701983
0.16453173956966058
0.0947321891324573
0.05926025655319476
0.1560101753688419
0.10553158436457091
0.2606233432404203
0.2711823930676039
0.27922192619204744
0.35623932880618825
0.4593541649931704
0.2532911779195384
0.37336332235520797
0.34895805402354124
0.4474187920795687
0.17235694956827485
0.5241413501072989
0.4790231760053792
0.13310219936494255
0.379979196810726
0.4159370230540589
0.19016452566773354
0.1635812574088003
0.14607090027949884
0.17939424333883042
0.12827711086562682
0.24254960237769993
0.11749036094027683
0.21789650523577894
0.3788135391143874
0.41576563474018585
0.5609659500529939
0.31971102000158674
0.22738514939181917
0.21831489824599087
0.4526066350710882
0.1668601355462802
0.3294966501165525
0.25627143206341585
0.1764416692152513
0.3233994698369335
0.3666157924331259
0.17605887980277418
0.15382030095860377
0.0868165712654683
0.08134548476813422
0.11457541247410327
0.13470626486679346
0.07820067417463733
0.12764508789119042
0.220700457868101
0.0992006886198377
0.1583061166651899
0.2669290706080801
0.12445873910036125
0.2745321339721861
0.20388827893580674
0.0802229076250527
0.14956622504007092
0.22462063535158922
0.39649213305176617
0.3786793519072779
0.1602921994305256
0.1750511347116705
0.3097430297959395
0.4719111413862661
0.422764880713309
0.37573993466705813
0.2425338441289377
0.3324158704496693
0.094378865917176
0.09028447336362339
0.04250431561751575
0.16318528580042257
0.14516674696034815
0.10582755179609903
0.2921921439473041
0.1613599275252802
0.29897396268214693
0.13887680732406332
0.08081156428364089
0.13642188018266294
0.2689780156548303
0.33264256915649987
0.37277245116649105
0.3836399246851754
0.4088280183147224
0.12447608026547435
0.2617103467059241
0.17401681710921968
0.1770815607432316
0.4040485179532479
0.1896045299523951
0.21038431001945262
0.0844488424426878
0.1656133227182262
0.1772364847898301
0.1032327300177525
0.1832496104831257
0.13929479943646564
0.16617050191597227
0.06906803580327486
0.25046566573396367
0.19841161019336806
0.187040672295174
0.126663831610157
0.06263980458394525
0.14148338468663252
0.1613873790569735
0.4394348483756618
0.5845426155634038
0.3691788440740751
0.3159175152593435
0.2826290660567495
0.19469541701343146
0.4051329424050109
0.365339824715884
0.1648731039593928
0.15088060439380568
0.10125827675588685
0.1422773469067527
0.20507430619991307
0.1980213204167671
0.1254089577062851
0.13690032396103508
0.24375451843521498
0.24915826898979113
0.17961289567413286
0.16410824163885113
0.3187392763575598
0.3283392544815895
0.4064458371321434
0.20705542705389668
0.35675856279198365
0.35639803507579515
0.404808324164328
0.2970824728958632
0.23675986535278004
0.4522853241224179
0.3912248345408683
0.26801925031690793
0.29424050124507894
0.18024403076990028
0.12775411636686124
0.10485210324577532
0.15306450317294534
0.07344966134140063
0.11055307103159041
0.08101493489212783
0.15944292147546762
0.24073487428037552
0.24280741192808022
0.2689811830156995
0.22749215230478007
0.30628668987997376
0.3740638931690308
0.266634325226041
0.17334324707976656
0.2717679037068911
0.13049073043208972
0.3486120793728629
0.31735251937684833
0.17519293392974358
0.4950056646298756
0.23195655596931583
0.28022028077977273
0.23217725891261817
0.11179562205868553
0.16511222480848553
0.22254256387230667
0.13702153679885007
0.09521021465901426
0.13107672773158185
0.05618794016160347
0.09156684507092869
0.32794225399720806
0.15250358034405584
0.18513801794590512
0.21113364313584526
0.3705115113565356
0.3792828097386123
0.358456325283135
0.4608402281307717
0.3494586361464733
0.4060930766693905
0.40321456014827806
0.4383082978552481
0.2641214823116888
0.13457929188473794
0.17171393145527405
0.10844944337278685
0.12762681153072888
0.06878833925790227
0.12855562450671554
0.07253517772537862
0.06218735296926152
0.21442419766649826
0.24022506300511462
0.17306039186240424
0.21183569668399996
0.20814997835175805
0.1493978325327068
0.18748992500304895
0.26834529369414956
0.1414328669344237
0.24441303420958727
0.38572503249435575
0.2035697021514766
0.23470547676294784
0.5550528676541124
0.28141154911221367
0.4941523979067278
0.3904121656277585
0.3171137077385855
0.14713392791728536
0.11829589610244931
0.11235354646310679
0.10940377423974629
0.12963574106535775
0.15338815561474337
0.2066807071167885
0.149330475529762
0.18140924818246812
0.4218812756044643
0.42382023281315356
0.21792261681248448
0.11724432014372832
0.34834123222748714
0.09376094809987796
0.22136013826850218
0.09126130813528296
0.08654340402535124
0.1772157601301107
0.11034761007516128
0.12954491769692986
0.16643306169185207
0.18349492455338345
0.09574797968676453
0.029659669780362666
0.05191541002010105
0.06860539235835161
0.1308998927079735
0.0633661005208045
0.12093717381021722
0.06291158641858607
0.07791816082878063
0.08284390212417175
0.05403731868748949
0.08461051820057774
0.09457058240709403
0.08800903340494662
0.04556481540760099
0.19480975540332993
0.08397734342207076
0.06352604969690434
0.2797839873471011
0.33460518917181975
0.10333618017102429
0.2616447962120718
0.09674251653060911
0.17830352140573766
0.2347363184856395
0.16494262457319442
0.09289226127123136
0.03634786623282696
0.06565576688666794
0.12927455488175316
0.07369881397690373
0.24881516587677655
0.25103103469738625
0.1507838550482499
0.12541000413994655
0.034197244758712976
0.10095649077534843
0.06196795582829913
0.07468207701561724
0.08845550613157906
0.10040163335022194
0.13366891117198343
0.19527672905454183
0.12867257790907904
0.18910641879209855
0.17121857177283287
0.25070286770021627
0.26614428181944416
0.10844944337278685
0.1442762216228156
0.08583266747156956
0.09144293892417425
0.04452495447506239
0.06978046548190589
0.05822120600802553
0.0760684098781908
0.1921354312502674
0.22779441724722166
0.18462633751913238
0.11118957261197769
0.18813422027797372
0.2721984257223173
0.19784721664390623
0.13042531402078764
0.12937806234409507
0.08144001758018317
0.24417116084569823
0.25213997460346627
0.2995038704501051
0.29183787140697365
0.23034991197276392
0.28650938231641704
0.2512116091968269
0.12543726125886426
0.03986921348165085
0.14312950332683425
0.03414997835268854
0.09001366618387224
0.05755655901677109
0.035627053540953614
0.23355289581492375
0.18944455267499924
0.07644159514309411
0.20714034883432952
0.2233448324109367
0.6357940396819
0.32504542486570187
0.28994220888845873
0.27034185881846123
0.2596994308073563
0.3649195992766138
0.17984319786398895
0.18806075222331778
0.2596780856049233
0.6099285083139184
0.2968190044257825
0.279982327897822
0.06514492410324281
0.07606289557599624
0.11562469844852294
0.046143828881400936
0.05501809661249753
0.09347573026786749
0.07087248024170237
0.18366603237439247
0.07853826543423649
0.16569416172853316
0.23829258463302452
0.2784912731321525
0.44544838097435413
0.3736556307797555
0.25197561264251417
0.2569538707859205
0.1975075718863976
0.2636853684090071
0.5096652912224197
0.34679488772641
0.37505020483572854
0.3232388143625983
0.10448239051711797
0.19636488848627634
0.17942677023072456
0.11619709794579233
0.12546364523359768
0.11740093448974628
0.13246761102484006
0.14424467331201812
0.2050365491204107
0.1809843768344549
0.2600434053294673
0.18229995436295496
0.13881112353575653
0.1391677793837068
0.17470793809728763
0.3543669880260684
0.31155044037502716
0.3016708169330858
0.37858462527110476
0.26544846456264337
0.21966938908376762
0.16350551380101852
0.3080883762910319
0.2583157159822366
0.22365359527300888
0.2133612662456556
0.21536377148932875
0.05796043038752146
0.18071469842378707
0.049806975348298296
0.055975241334493296
0.07650071609514077
0.08085826554801084
0.18122516762352434
0.1969871984176031
0.11420379849378079
0.22372474189431202
0.22269066155691417
0.3041918814492258
0.14567308328858986
0.28401273570761915
0.22784470878320726
0.6132640409116932
0.447316570049149
0.35728296674280313
0.4222263414724998
0.21096194798377244
0.1412674710056714
0.10093741006528233
0.22454321669158256
0.10190257203081161
0.043969574204274775
0.14257824597784988
0.078209132888424
0.09837094217367268
0.10056400539735409
0.10485210324577532
0.10923922467753294
0.07405464163885778
0.268027349033375
0.16271573249627244
0.14856202016647727
0.25684963483937817
0.19054783607156126
0.43573781026588293
0.3905936219776677
0.21479973117243237
0.3328326325358375
0.1528835574351269
0.20930741616836537
0.22959060471822126
0.10855911803672989
0.0871474361076396
0.15905827333298034
0.10357017441716519
0.05597366944755624
0.10796544803267318
0.17192462339570974
0.15579564623664488
0.14512407405154917
0.0760989136994166
0.1301476455347625
0.25517803871653205
0.21969976059556587
0.1895201189106094
0.22637344057407785
0.3380191180014448
0.333882239537311
0.34269287849266866
0.13401341718430945
0.1373180284331168
0.07835588458708566
0.15547460630607535
0.0890617255516313
0.10760281220513995
0.20265554785072049
0.246338755897524
0.16580505437585152
0.14348121143686102
0.05789334403149765
0.09021876473050591
0.09111369617689376
0.15773694717623776
0.04840079976906992
0.23431600931801644
0.1414853740449012
0.1621063712971196
0.13754664933712246
0.16013985648154594
0.20746709986805348
0.20592753342258105
0.24082959288999706
0.394040135589861
0.318411523888297
0.19058669906639633
0.10373794462223256
0.28841566226220017
0.378248164768728
0.18191295698073268
0.21208764229796176
0.0892862409802472
0.28496027448640676
0.10710152552994075
0.06599302363567171
0.22616274399550093
0.10776358066076992
0.1640241177753999
0.11566120215305994
0.0788118607262567
0.14609151178880833
0.32785765924973764
0.24172385337726637
0.3620289513661765
0.21186922685745282
0.304271218477336
0.20418949379488702
0.37598722495877257
0.3863789199108418
0.27843947736014274
0.4386296088039185
0.3378338656657657
0.1685143899705929
0.11524731448919377
0.3434863239665762
0.2413896936116633
0.10125441467754404
0.11871194436679511
0.12237336721386682
0.041429004880458836
0.22941473634146992
0.10954444650521689
0.07781424223605088
0.1703569932350932
0.21899095079862238
0.19776583995285474
0.19161754599083344
0.1318176547639798
0.35920410097351735
0.23969650361375652
0.12907285689395845
0.14048004974658893
0.3057930538216999
0.10443512411109362
0.3811096667157042
0.2980580955471105
0.10006298155382888
0.2503637567680933
0.2101441782181385
0.189572028221298
0.12674164267770738
0.09391942719800388
0.04656922653562128
0.08880369343358992
0.11144229884340423
0.13005217980326986
0.0920303057214834
0.13964580491026374
0.1279653550874377
0.3383478199450769
0.39078931527707816
0.39395846805325085
0.2338933374320537
0.34269287849266866
0.2587245727660014
0.12238767435163599
0.2038559923848426
0.21481335418972358
0.38347658807925133
0.3283665116005072
0.26378709065707656
0.14021579347162724
0.3493804903441791
0.2825679909732015
0.10992662880675307
0.18021527833560821
0.07070801384184378
0.08716691558173033
0.05450998274773435
0.13977905305491511
0.1535412113965817
0.11901982420437032
0.08648570642329698
0.17777197002342074
0.45766728251264976
0.22736670257899036
0.15783429715160774
0.295324925696842
0.15262209261380472
0.24492942027969558
0.23227623828844607
0.27456020563900607
0.1107854305943055
0.40276327415856494
0.16271767986514293
0.1884677251421182
0.2224751201048769
0.10393882684783666
0.2045443984319549
0.11960423781049438
0.10030222570277295
0.27060268972045165
0.14067135980736756
0.1432517332714293
0.14942235073666948
0.14809906070908474
0.10948880828760887
0.3041670588081394
0.31212633618830576
0.2702225078319532
0.20994945766513096
0.13951255629103362
0.2488093606487488
0.2876806589683772
0.3287509080225701
0.15062709783645944
0.11997395509164242
0.1450251502846179
0.17059844920974523
0.1562850860838654
0.10614853132948122
0.24777372195264105
0.10726602719041338
0.1654232720908299
0.09297612107883772
0.16386538192091518
0.14173547821610633
0.18532619283423804
0.0915886847548913
0.20951808533920496
0.14182809535758856
0.18927343376391792
0.18895147186989547
0.1610322512940494
0.23655082761664406
0.23454750828607707
0.3159046479688207
0.2770819375143249
0.09823140832038083
0.44254364061435164
0.3217265930456487
0.36644888513552043
0.2489681644619802
0.12155737969346282
0.28150659584936527
0.23179453927539753
0.08506771424256224
0.19341178004453918
0.11554290592965856
0.15505969320798074
0.09290322190041297
0.1596141943045255
0.25371515784400217
0.062486188764365735
0.21025785203630748
0.2699703441825558
0.3606398594501128
0.17389737307399505
0.1957832566683754
0.3894354839774317
0.4307653260964621
0.1787149680646556
0.26891480597151785
0.45095462245796003
0.3204822071526002
0.5604657825773678
0.46934153598357364
0.5590012279271261
0.43446807164136686
0.15630192533460222
0.13587910071888099
0.35055024499959725
0.07731602365454707
0.1128398191841377
0.18354943879121888
0.2478913968993487
0.07570896584971464
0.10874041543243032
0.1043760411035634
0.12654398552904583
0.3171638357253677
0.34168194920591904
0.4006446184262012
0.16730893429492769
0.37171031296702045
0.20779561802244587
0.3173546355577908
0.3902876403975133
0.600350173912372
0.27409089595873753
0.4165796449514004
0.23541534507292558
0.3845690416900942
0.2788771925197779
0.2415852552460999
0.18215241093860554
0.08563491111485612
0.21094314670612674
0.07956545972915259
0.17096860806828296
0.13667373315819203
0.07117951286246096
0.1368519492882576
0.10699659917863164
0.09096419839411632
0.15913261272638654
0.26383645272712536
0.09407196459022607
0.2676389620508844
0.33349524286142646
0.30277773110448714
0.2657089268309236
0.2615136952243665
0.18320847898258286
0.32126297037087953
0.16989185079546185
0.20846462563702492
0.2917612356913329
0.20674899126490398
0.14499769240162916
0.10330448069776065
0.13883583520510864
0.13914759207442473
0.18551690898867298
0.0938619836042956
0.19656045472804723
0.18425812388307683
0.269847027364348
0.1294506243532617
0.19783240482774117
0.18173679664274905
0.25050207104811406
0.17790721517527297
0.27049411288215336
0.2091720850909951
0.2568268349139164
0.19584239942306345
0.25995114311729417
0.15401178723446107
0.24727658282060253
0.23360129484375988
0.20955273023862392
0.21450666446957342
0.09523099837755993
0.14040206576392003
0.03971559766207133
0.10105469143272158
0.19359297122748012
0.09330628832999693
0.24965721307748243
0.20464864180736259
0.19685091282301537
0.26935584683288133
0.13873132129424118
0.28492248373363244
0.37400890262506087
0.31306950930984156
0.2740993900440379
0.3255771261269376
0.3491537916373485
0.28594263554934013
0.14986933155332466
0.26897324947902446
0.3935255843842864
0.3295223325962885
0.1273210598125129
0.07137227309696838
0.05321015658206106
0.13169732508635193
0.09998837516116085
0.1861634025409702
0.1476676313377499
0.1812284566417835
0.25328710824588413
0.10522847785131716
0.13035548272022246
0.21226411750982546
0.12850573176963245
0.3283396256727431
0.3744582996901944
0.4765283921327525
0.1934019417654488
0.20212166285940025
0.11354572387231289
0.16840934661402254
0.185948065255969
0.34717648003855617
0.237326144647647
0.29552574503976115
0.30387982970519584
0.08044742305366899
0.1464308986029639
0.06552152461505452
0.12970944342506413
0.18709276927385685
0.17829734327867633
0.17080693720526774
0.21064651199486237
0.14725264589808204
0.10569997687193419
0.20062523512409153
0.2776718919589967
0.26780218849763016
0.1713672783151827
0.1714572509972976
0.2681807413262917
0.158247233008892
0.2767869602919886
0.2890995260663493
0.3499477869708397
0.2597478054801346
0.38946903365732066
0.15029031282173286
0.14901466912260067
0.16780926426228313
0.13957770608025044
0.1661757433066729
0.14580505161005625
0.11616984082687462
0.1640401108657676
0.09194230902035386
0.1281939759914425
0.07137227309696838
0.22489385374376472
0.47780530776386826
0.2698182201654701
0.19886827978933494
0.11323849223315335
0.19070451458892146
0.40167008811249116
0.38029714147150145
0.2829834086026789
0.40933608715562264
0.5420366080326154
0.2682645643871665
0.21037279912214416
0.3427307571075581
0.17755530753808288
0.2780979701690383
0.16059738087593556
0.13326415400204014
0.04211436776781379
0.16066426043236548
0.14898741200368296
0.13034715702560534
0.10826555853542837
0.17869686433829282
0.1255752274546529
0.14594638777047506
0.17737251499841034
0.11505229895125269
0.20333763193031376
0.09741328882488555
0.07577662831347866
0.14003520912330863
0.20192829631248613
0.08431145174617007
0.2053823910442285
0.147754785232532
0.2668864908350422
0.36219776688890576
0.278294621650595
0.11713703772499554
0.17580484714734143
0.14131409433523415
0.1292974953818573
0.06377024253847638
0.11262989158731594
0.12451316307273738
0.06619614356886272
0.13365922088492604
0.1677633651932405
0.19521599199461448
0.21716603743272478
0.26247088119527595
0.4287657802889044
0.4763226635788603
0.0890617255516313
0.39736709373357865
0.36655836162292466
0.2706079195187394
0.17931692785537984
0.21862399230975435
0.3794846162272979
0.4035263876616576
0.40870752670897115
0.30683669969558525
0.21744718451281111
0.1677570430548458
0.04359144295607887
0.0801810201291223
0.04453677107656852
0.1361671912188714
0.1013891286834345
0.23224271605765068
0.2617431219528506
0.23780989137542427
0.19161207887267148
0.24634802112069704
0.32166639534838115
0.27841869364159627
0.45903285404450006
0.22184541175951022
0.5837113869716909
0.15961865314467713
0.46295039083498146
0.3817971048984004
0.30998490315982846
0.43782633143224176
0.4047313037191726
0.10925629752559098
0.19429951491809183
0.11597827798465832
0.09832152242077892
0.1390831254968231
0.16243412376638244
0.10854581024637398
0.21857812175100932
0.1397302423185335
0.13761035701727703
0.13953043058427206
0.21814590985833107
0.3662695440030796
0.12366073476155195
0.20025112819026458
0.246502632132155
0.1501029581362752
0.17315714120796002
0.24501424195044094
0.37999621286267843
0.23768260529152757
0.17412599397800071
0.32043862210543833
0.07354652777409462
0.17078086714762913
0.11979352751536072
0.07735570348819124
0.07570636289718036
0.043866248168135974
0.09894847047027959
0.1968029560607272
0.081689585396092
0.14661149169476578
0.37986986906578696
0.2694453049805143
0.3698589401945678
0.19217988384625748
0.16050716427657785
0.22454321669158256
0.23058053343097892
0.30741715978495104
0.18326744781850943
0.29300366849648185
0.26603667930018643
0.352176702585174
0.10002753174931124
0.4022813077355594
0.24457812804775925
0.06479042605805924
0.08030828846156532
0.11290078122501919
0.09736242877372075
0.04453677107656852
0.05482860039748591
0.09936157788550085
0.11909844437882326
0.2264438910755873
0.10255628447162038
0.21941543709436115
0.12131456515273248
0.19154399452470752
0.12011575430971548
0.29590049762798804
0.3337005850756895
0.34393032650246536
0.23048619756735164
0.39537312233914207
0.36135432564864506
0.22533707647523105
0.29406963581594814
0.15838999242590643
0.30964277241037635
0.10031113018545737
0.2236004911708503
0.08074474655103037
0.12398875912191784
0.11060941476519016
0.12828339625672686
0.130689200767537
0.18596675105941352
0.26935584683288133
0.2607143424469867
0.3047964113341074
0.09911765343333932
0.3297051972045933
0.37316105019632734
0.40735776482191177
0.4040370094760384
0.35510574525868793
0.4162984978713132
0.2582884588633189
0.3596755597684177
0.31235526212593884
0.413949465259314
0.3988092045983328
0.3235601253112687
0.18774703510453197
0.18635089839871508
0.05020873979950639
0.10889219007587196
0.1333952549897446
0.04561208181362551
0.09284087074477514
0.17787995805635526
0.2932364045304831
0.09722699719236018
0.28291593146719374
0.44597959675475723
0.2955706935829612
0.3144125728276591
0.18083913506834376
0.11495189945154094
0.3618111361020721
0.10057109541859255
0.3462199244915454
0.2561680796945807
0.3261792574098129
0.4428262580905961
0.4679523971155744
0.48722788979034276
0.2682979195343377
0.22163576904498264
0.1681042414846194
0.19111246482683095
0.07928988625281365
0.12784159370230452
0.09445018701255889
0.10396790407344421
0.05642427219172583
0.28383363838112746
0.24779446808003733
0.2264794010864625
0.09514786350337642
0.2363095303380981
0.34318707212147864
0.24688979260738456
0.14107924266896116
0.25758066559321996
0.19514342998544787
0.2659534265273973
0.2904518591861047
0.24065310292362238
0.2641795596935765
0.14095517917865813
0.14979217425630628
0.12411754198990281
0.09631631562784873
0.11394489517230275
0.07999964402319992
0.10329924851086753
0.13637788315930707
0.10019906710159654
0.17935611586166364
0.3109852054225381
0.23852914995035573
0.23863817205729798
0.28231545624004645
0.21787952619099113
0.1414328669344237
0.11789159440503617
0.15146906037327584
0.28271347096152155
0.271666049040023
0.2569699402753084
0.3131347091331751
0.3188895142754272
0.21489512554647586
0.2127049780585145
0.10009250637673706
0.0984182717663347
0.053212032326798324
0.09758046727046449
0.12037701332719343
0.10938281821638908
0.1979677082496582
0.12629468469675934
0.08571205528351297
0.2274543691869754
0.08835272946126352
0.11210737783687467
0.2298047695944114
0.08880176031849613
0.1997674245472003
0.33921162586245746
0.24937459560123787
0.17531343941591712
0.22131683400361649
0.2821767059409631
0.10380884423126949
0.4280827247322972
0.3617731755716958
0.2023512562293322
0.2663447115596356
0.10780295828521785
0.08957782693306077
0.06727280669163273
0.1298227530747858
0.05494719700346074
0.13523412691122647
0.1252014432581879
0.154273814844965
0.31946341071571893
0.24870337909515702
0.21969357642015594
0.3036629177999536
0.16259103018499593
0.24434245320839837
0.29640855918136544
0.11949132322498736
0.2560402289876871
0.2975009163493645
0.3745650913181261
0.39389291755939854
0.2777822740404426
0.35142077870565697
0.13899117557765614
0.13075678196759127
0.07648886154911863
0.146581392846132
0.05055142124318391
0.05417911790556289
0.14956117886086867
0.15546055319307442
0.09788615036577916
0.13890227800416619
0.21839265476793504
0.3581083905571682
0.20128701342822194
0.18464612599267533
0.2767541850450629
0.24630598065059747
0.11415328074157115
0.08531586287419071
0.10063017842612278
0.3281785474723131
0.23996058118047853
0.34384287894609905
0.2999223891372442
0.32716401707475345
0.23730047729675574
0.23856260582168778
0.1632661257932357
0.12491692450006756
0.06621692728740872
0.1338278032658253
0.05684931048584531
0.14709307327290555
0.06871097351292314
0.1173964111781674
0.2559419032469083
0.24697234705315982
0.08084918750487709
0.15167878649463856
0.19641479892033367
0.2749618443248444
0.21640409867126942
0.23142443456876113
0.260169910100392
0.30135814761383967
0.2749830811175078
0.3034264930763574
0.32288783069806676
0.18662948757656342
0.22483819391391888
0.062368022749304516
0.1590489195919348
0.13140968372629563
0.057388166509407805
0.10090585423301052
0.1213339641208928
0.1713162156833897
0.1392685722297662
0.200305136288287
0.14236666198492123
0.2257886760747792
0.1895682968576446
0.323961763997107
0.2516700478729541
0.25181553390277545
0.23919981674538193
0.5564302353602677
0.4089828153103172
0.3843367752192323
0.31071659226200843
0.4100968126342
0.3709966455876569
0.30050346729538957
0.41629439197709217
0.1647692838569827
0.14880870764502646
0.12184013926922836
0.09651745808727426
0.042303433391911706
0.0905573874399499
0.14625030551116117
0.2530335399410586
0.09195914827109068
0.3025810796229296
0.28516397811608735
0.3654243967841342
0.23335942147987088
0.41675479590704123
0.4701984095108022
0.4295562663266982
0.10646757957014663
0.10679844441231795
0.2949988154589209
0.16423321243141248
0.41633217509489684
0.383283797895412
0.2297502553565768
0.20868050243325972
0.16678631065688573
0.09834855615945297
0.13689284005592783
0.16582580418645887
0.09807111386557871
0.11789256319363928
0.16480131583507257
0.11322712195107308
0.18432798871310183
0.26266082886678516
0.2575525166525441
0.30201210055177496
0.2389315500921966
0.5370310868342821
0.2377373293662576
0.30535281938891395
0.172525647649962
0.3569811996813301
0.312720925341796
0.3213612961116575
0.2621609715995508
0.3088302471661737
0.2780030192706771
0.35259860229737205
0.23004550010738997
0.056105223951060566
0.14983206849857195
0.17616856105306217
0.07473259476782623
0.20017672102176828
0.23977829544541637
0.1560101753688419
0.09561326568087407
0.24329831986198097
0.3799848157663467
0.6134467006843407
0.3295930819518
0.12498419413023718
0.32077134166698573
0.3117909240091997
0.28878917493213024
0.14565143016444287
0.3179701100345462
0.5412053794409024
0.5067475299220805
0.3566412574607435
0.22485905094867412
0.18615976701610806
0.24645927744296303
0.22539963049240824
0.19246525825367428
0.1261459463507222
0.048944363438351485
0.22523897501807308
0.20873162503012208
0.10342667802252989
0.3190028636288421
0.26912249175382225
0.1236337789061246
0.3164912844405162
0.18702211490479592
0.19779690618661713
0.10864684575079163
0.12583972075258326
0.18029240544267772
0.2975664668432167
0.416330869692674
0.4058157281709356
0.24047049837820028
0.30575678211201474
0.3998313117519462
0.14857270924662722
0.2138824183910917
0.15179972317658266
0.11298029401580424
0.05479358118388122
0.07001760456165423
0.1355496523772987
0.27600610490802346
0.12441965838437533
0.06653928308096506
0.37274110119838444
0.4374565260419501
0.42971987262975775
0.10863001764576684
0.46681341638684754
0.35111688704925675
0.09323298588329111
0.1293370805114699
0.19777984965183473
0.14033831563656238
0.19312231272900243
0.27655800427040284
0.31753554502369524
0.27698803662952043
0.20764473191439092
0.1826236758729379
0.046935541182310976
0.11566384640265584
0.061109640922136436
0.13559119653380236
0.143991461955409
0.1219906335123973
0.23391693731248364
0.24457812804775925
0.26315423360446333
0.18742553044206714
0.2100907664032528
0.22064296230736177
0.14801701397232855
0.3424283966680326
0.27761265965137677
0.2537514191793567
0.12919159448164858
0.24483894288697797
0.20273825361155448
0.2561896607066627
0.15041177111706724
0.2509643189051132
0.06626750124632431
0.11818686762677848
0.10540519411474669
0.07286771722211394
0.08160781403933913
0.12711864406779583
0.06875254095001507
0.09183158718142685
0.06026767838532002
0.14442258557797594
0.153009735935312
0.3501486063137589
0.26834633574391964
0.30037578655090547
0.27184268496267566
0.14108284751757463
0.09685212842414427
0.1434542168634079
0.15778003870285803
0.25346394881490175
0.30451481919157675
0.387460840228129
0.10583469087782547
0.15344446205102594
0.16745085467486429
0.10514428159763552
0.12422684552976111
0.036737814082528915
0.07493236813273636
0.06627330170551891
0.16579644951401692
0.17047742753681625
0.07945540003745603
0.05839764464324802
0.11307556869444663
0.16982384367587364
0.18561939033391328
0.1813154641694249
0.21945070538832664
0.2528642921987138
0.16912543047277578
0.20634608484301303
0.30566542304362593
0.40488389039993816
0.35059681636985285
0.233484294145245
0.26856439269526045
0.24107518178792242
0.19851359707698985
0.2235742476511439
0.19419353336450007
0.13469234763581994
0.12421038080945668
0.11107531183298366
0.12612004723357514
0.24751720474150748
0.06255708837340243
0.26957640596821875
0.44818334340463484
0.40952671034320925
0.388335345072033
0.1838527742575068
0.3129380576516176
0.21480773446960363
0.2703779572765516
0.1352697011649279
0.24065310292362238
0.10406880946440385
0.1661450460563546
0.17083515691462797
0.274621894933904
0.22460360570709823
0.07362924398463744
0.1642795158427493
0.07800415985412351
0.05171333901126511
0.051881731518628384
0.10585765064473282
0.1158378380757135
0.17497361855562843
0.06472049955210002
0.11120997690220927
0.14710715986826073
0.12730027609396724
0.26463973009880204
0.15435706443045344
0.13688525120426234
0.05931933956072541
0.18304220923421505
0.14227188213369205
0.1883301802350987
0.30408041864491203
0.41979293377666926
0.5735802072455595
0.13935318156168053
0.36148717209077
0.20544705782675327
0.23961983027764716
0.1966514815573634
0.06146996103483931
0.07055692759304608
0.11753269677275595
0.1958648756311341
0.06373874852401451
0.2725492286532866
0.103773394426751
0.22082700955075849
0.42162077645898677
0.2154776573686783
0.21141679299460522
0.5039134421672237
0.4808819985540989
0.4707607036709758
0.3946795234856279
0.5219294722467652
0.4512437759468516
0.5594826893726385
0.4247999754108305
0.29465013188928196
0.19521743378625728
0.1806728653199759
0.14182809535758856
0.22459635312073156
0.12195886042765641
0.0766354301010314
0.15037283289753064
0.20096840360556814
0.20527137149896088
0.13535233443214761
0.33331994537713755
0.24330041673569872
0.40443049298627615
0.13052103245728316
0.3603100650654661
0.15309588911329808
0.5828749913360248
0.4704920674364063
0.7883825361221637
0.7816949242706523
0.22349920088676498
0.3136204102660779
0.4020177181195001
0.23729872137634272
0.48611759368100077
0.2123329563682203
0.07953754473769775
0.13025156412749248
0.1917824724877496
0.1632986351538383
0.0747157555170899
0.12352926293463125
0.20119510231239954
0.15441157866828886
0.10060654522311102
0.30571400557251854
0.30412151622846256
0.2488271816548203
0.3343050263399267
0.23103181535682235
0.4181466002848067
0.39366230441181005
0.2201563641267599
0.34138114120345636
0.2197690613598245
0.1629154849648843
0.359163440192627
0.413007260728044
0.36774308559747965
0.39400408906935896
0.2140630114828936
0.06989519790870329
0.21457032601542042
0.16862605476436346
0.2560044983532802
0.19979712695360882
0.07593348127833095
0.13942016326360018
0.09504092591372823
0.1218173449265972
0.26151369522436735
0.30683669969558525
0.23453717809840147
0.22260947712293544
0.2047797427950679
0.12858886664381597
0.2522885492476959
0.18680406229103283
0.2687135338301942
0.29938147642380775
0.2830347819101927
0.28834048013844754
0.18300429641286634
0.15811854684108403
0.11632647270170295
0.1645915334565019
0.10203509686825259
0.05171333901126511
0.07989261409064627
0.0880813991977521
0.08332061264335362
0.0705687441945522
0.17861527718392678
0.07920667989552636
0.1718993997157382
0.2613968281524602
0.1629859208373694
0.2742790585589197
0.2598722842637903
0.14448998738227667
0.08972345523597393
0.15816944957010784
0.13497725288002932
0.19641479892033367
0.2907492154825619
0.24619514899348718
0.250505065506216
0.12393591165659809
0.13259226029785137
0.049346127889559645
0.13670555492929368
0.105910899222625
0.09014605165793971
0.10820536083816161
0.14318419150132447
0.08760438020121485
0.06785884105253906
0.062450738959847346
0.11841361117786284
0.18014229892651684
0.18764559402361583
0.14453883894466182
0.16033656667173474
0.15706442071598906
0.07609657407746889
0.13077949731343835
0.09205176415013991
0.05244503163453975
0.11688440591743098
0.0590218637232813
0.12678774978769922
0.19252362137520992
0.06606575820954709
0.08086844079967491
0.026146377207174804
0.12330391423373295
0.07513816838254035
0.027428364426469776
0.02827453655613305
0.057778276287031874
0.08406717007931376
0.11543613055246396
0.12827765332397928
0.13519759622102254
0.06844497818922149
0.11163672778049415
0.21668413652742763
0.16144526211857857
0.20270739924332062
0.13315103147048007
0.10458604501148758
0.1657167566194332
0.18844889206278545
0.16864384927822285
0.09630367506836458
0.07818464122242437
0.13198236146245734
0.08129699018360524
0.04361365941379736
0.13673906934890492
0.049903891037675924
0.05460356138072614
0.046133186841022994
0.04843356999184034
0.0573894573680278
0.08149878556375353
0.047313672430525214
0.09905742542372363
0.08610057367521173
0.15037680886448607
0.17020637506825195
0.12074400967622269
0.10248657959775859
0.16166091601161806
0.11515590854743628
0.18511459463933114
0.03839349167882922
0.05515989583057091
0.05528326016736678
0.09435890988113112
0.0769072807230337
0.07201462253660709
0.04514223668181161
0.0803539865691289
0.08229576672825095
0.02633658815161795
0.04213838808718379
0.01763036944713196
0.04861020591405347
0.15555309600378342
0.09414410796047869
0.16490729738866355
0.10652082073003954
0.089812206833541
0.0739015181942322
0.0458192169005107
0.03690613901445062
0.0957037210245836
0.05616299509496893
0.07363929660222834
0.16647923527994163
0.11563977645068557
0.10573426329997228
0.04470577859234656
0.03244838773580716
0.054016884500933865
0.07128008033801614
0.03487813907275853
0.08151707666460116
0.09120595866177897
0.03354585460068814
0.03862182348516105
0.1187465419830956
0.13506200548416372
0.16479454926098439
0.11856921260347007
0.14498656537624263
0.25076338806078696
0.21128251286248453
0.1582487130770469
0.20033386981252144
0.06594735024786468
0.1704953051720825
0.13097386223855043
0.19039102705991603
0.07118313855050831
0.24821259071668067
0.16352700073772775
0.17137919796433304
0.10766357059045964
0.06151980310775387
0.10824862906835797
0.11599416994010447
0.11418587746871688
0.08219960661248028
0.06549930680330454
0.08973501793384286
0.10831089231494175
0.14228216073054287
0.1725288998079918
0.1659410751816542
0.1841437463157438
0.28982247569949887
0.19873919965463566
0.13091395820468474
0.1523499850794
0.1836272344472851
0.1813678209088522
0.3427767097852954
0.22123359187536223
0.1639963667788651
0.2139295419047419
0.257173964532256
0.21542059571802882
0.20501237107169087
0.16909030838006514
0.11840902851454847
0.12021488043778937
0.13705139839587185
0.15267967564302307
0.1893098843280581
0.13375785218475664
0.2837305590016782
0.10972896158583617
0.19013203300982326
0.1819146925030967
0.07798070748926639
0.17602988110982173
0.205029018395051
0.11214760858406961
0.17467866804569382
0.18488217773251875
0.22124532491877805
0.13651525730427874
0.1132397513891257
0.2523550621614194
0.22375162364207068
0.24355369909229577
0.10101212948831198
0.07618018589190165
0.05885949092214107
0.06524533990899173
0.07242897924383229
0.10091870765754292
0.06311246864419012
0.11164325102982706
0.2904071204334856
0.18560757261413313
0.13373023901912134
0.2762687016999676
0.1253545398407434
0.346075739015181
0.1993084618237507
0.08271268938044313
0.12928008473536384
0.12718543793036047
0.20702415072244681
0.06757168362983798
0.0740455022361304
0.12952582909650653
0.08675124121081121
0.1191679535574286
0.13685946473744603
0.15967887407814105
0.09672583124467912
0.09525123998677142
0.10067073660534964
0.07422113481266554
0.17053578600690736
0.1378820012227841
0.0672600957728384
0.19703004222378015
0.15966060750296748
0.2583672715194493
0.16367570534352027
0.18803159161576594
0.20383163306289567
0.13646495190603533
0.19715230870724856
0.3015528471528777
0.4294320828982231
0.3203721448571316
0.20985255854671792
0.18303155353178405
0.19052571185133818
0.11566987529931934
0.22343160093180056
0.0690422822183187
0.04828057818225056
0.0890548086667277
0.07443445267114686
0.0864283261444613
0.1388529579339089
0.250873903361912
0.08546947869377049
0.2420008695419564
0.1501123270398425
0.10128009150895952
0.12833800687937316
0.0748421704839795
0.13274010210214907
0.3683098323645574
0.3527190939031233
0.4057755643023516
0.08717106931065136
0.09729719075450691
0.17640937703222384
0.17264699576291898
0.1617813114061524
0.07157912667226479
0.13292100843850127
0.0727796951941264
0.10090495354060554
0.13009077034299857
0.08515009151433817
0.11202579399384478
0.13131114490009904
0.14363170568002911
0.12894269028909533
0.1873105361833889
0.14737734820935852
0.16232121450574352
0.1642121602315803
0.184872795420576
0.2252814557513947
0.5603614201681114
0.20199696054812458
0.07772960470726129
0.2542048151598179
0.1497682960489062
0.16590094029129737
0.1309997779951464
0.15716931185491304
0.12103343128993303
0.15748003501184557
0.09440282943239739
0.11081878728702511
0.03268471976592959
0.09816054005776778
0.048779387427353514
0.17562678177765567
0.26054301550325226
0.1171169888711654
0.17137922724716803
0.10297982584220572
0.13181542708558583
0.30320952038629156
0.48857349633833513
0.15121922710324964
0.08925079117572873
0.21511318249781752
0.331622424975761
0.13823340929452135
0.2574495646055147
0.1933550036229067
0.197302325603189
0.16365757477298734
0.07368347817504256
0.09842406651946006
0.05597055404425351
0.09757191009937852
0.0532625500790073
0.13149650574343275
0.07244107248468216
0.16234235681580786
0.1450911391693029
0.1015911996922706
0.24158634509322083
0.2680536589284271
0.1360537671874247
0.17720115760529923
0.14904949843409596
0.04780996969376393
0.1006763326365999
0.13353539165775333
0.11626852602132483
0.14160073277700946
0.16969906192771245
0.11496156477691555
0.22756847939593433
0.16851067021078145
0.05305654076248145
0.08364470035305986
0.07657147092413971
0.10363909213951338
0.10117718726126304
0.10685065715295136
0.10677509091734116
0.11597827798465832
0.2167676042795288
0.1452598943770389
0.1873954315934334
0.32939066856296073
0.3989519409045297
0.3021534092898977
0.08404470042501558
0.2526643785542858
0.0877324963362718
0.061635393455925044
0.27192509884363136
0.23997167495068214
0.24277731307944642
0.0688553369761647
0.16492504253277565
0.1529460608752287
0.10751308731958617
0.032129339495141906
0.11442686159530824
0.07435187205940336
0.12680014335406775
0.05395453334529595
0.07512061973694681
0.12216640698874992
0.14389046417742038
0.055585293484791264
0.11528728677440554
0.13290362628585162
0.11863346546030423
0.2518676198891464
0.13535223712747935
0.07645617032523552
0.04291789667023005
0.14029239106896438
0.22441211570387812
0.09450187513227591
0.14277784670353183
0.29222972138461994
0.19507671297776366
0.15344393033461648
0.2095349024017988
0.1000119128302197
0.10061644271510213
0.10562828174638048
0.09748044393727516
0.04103725404443275
0.12378504297533877
0.15052794133569902
0.18884017632785102
0.30296593453410037
0.10296986552433451
0.16084519782713594
0.09543883556301991
0.05757048253781951
0.11143583954917219
0.23050044180255386
0.14396279301499995
0.2532733552895806
0.21162976940264921
0.15416783329137318
0.27188731572582586
0.187219736661952
0.1509771816846691
0.23941682062816205
0.04947371866333337
0.10358261707767638
0.05559644711042629
0.06389068674288947
0.10619326853562476
0.06383038073024251
0.07421865892760089
0.10534566427013595
0.15323835683931683
0.19209582560044955
0.16242476043662896
0.19293525926208893
0.09967303370412733
0.22468043123790032
0.22651790720996376
0.3184361168617652
0.05354881734152488
0.12618470066597476
0.20003694801958846
0.20476998986822004
0.30805304910650183
0.06440047820835729
0.17661825906054554
0.19566832677323417
0.1212031542262921
0.14647511848341208
0.04576855727475563
0.11395329293910313
0.03140852680326856
0.04674576004404819
0.03562114524020051
0.0967287007588861
0.26753753428850857
0.3092902409080573
0.1308406403413599
0.19221830179247404
0.13540354355840814
0.20111973148470855
0.2680712208275063
0.2699703441825558
0.13427618537148422
0.04113949814355886
0.18151751128917823
0.16574031871842215
0.15046781427489617
0.11625697714281508
0.22812647298443903
0.14566085880391963
0.0678897905269145
0.053412411155488955
0.11048911590539394
0.04472504995568872
0.0624033278832988
0.06185234639275838
0.047384572039543583
0.15806403260324944
0.09030246870977371
0.13390572826735822
0.2383088204005983
0.30957597573645845
0.3033134239602555
0.13433344288676566
0.11509611599723944
0.042232164514077936
0.10383147014905439
0.04506842582714468
0.06364416955336592
0.15690523914067878
0.2903632234349661
0.25701405378648456
0.11583314806121384
0.05988037356281188
0.10327480106409948
0.08407869810463739
0.05718609524362532
0.0821347685470701
0.04250226879425669
0.08244074635030278
0.07629864507024565
0.0573577837050748
0.15681500138159155
0.17542681735376972
0.142389255758329
0.17289108050768184
0.09174256692300507
0.13578784801535906
0.10620659408355207
0.25318878250510535
0.13533159542595788
0.19886309292287407
0.06214350732068821
0.09941306847099216
0.12215192484132788
0.06428231219329607
0.18151009793591844
0.08184628363396593
0.06559425667524042
0.10382378845055644
0.08039768071003539
0.07892093024127578
0.06883606682527815
0.07201330818033873
0.028277127404146625
0.07969727340134482
0.23693942664648038
0.15582894885200477
0.17026740778175062
0.2316708379336095
0.23935605129559615
0.14948593173928504
0.09432226690586612
0.1241157632037569
0.06698462589119986
0.10244229922180194
0.1388898769599451
0.30408041864491203
0.3542545125410431
0.14540693010819766
0.08142820097867703
0.16398879059086904
0.0718908824504541
0.03156214262284809
0.05378826359692838
0.08972608241625776
0.058484979388300974
0.05491058439840985
0.03420906136021911
0.10894670431370738
0.08380895091470748
0.20310703058022564
0.2505428160269412
0.1160608123512046
0.2352397782954443
0.1574470772028986
0.2276432847760013
0.09769966125260539
0.31930512857128374
0.10749339231967293
0.06590118659963454
0.059709287410427365
0.10918570177435431
0.14124615123830161
0.220216884097321
0.1144072807139803
0.10779778714036113
0.12143494062573704
0.03667873107499835
0.06590771354279291
0.04347894540120043
0.1057329465840087
0.06041923164194698
0.15024123947389342
0.10840764169494002
0.1017363022824438
0.16907945217802547
0.11475247064315873
0.10761965145587596
0.1261145473532008
0.11159971578380402
0.14098798381075534
0.13270142180094696
0.2477480915153516
0.20634075772422933
0.13259497808381582
0.17364025776783065
0.12364234162987858
0.18414475594099347
0.15649942747039033
0.08873140577215585
0.0879687627499942
0.09015497492199409
0.05218791726888986
0.057466981779562124
0.032921051796051946
0.14985139368623945
0.21724636516989196
0.2833747849241602
0.13003112042659473
0.11039069127017878
0.18285350713018975
0.10758527225771797
0.11996918848882279
0.09764066496773206
0.220124444332777
0.1763535593969685
0.14754361795772553
0.15427754276661507
0.08467776639285984
0.178034689668352
0.13050096875004377
0.18303109854154664
0.19210378343641996
0.12215281986403516
0.0277808301408895
0.0995384249149522
0.07338437860384832
0.10379126815079148
0.037618886144958036
0.12377749392965649
0.1650486061267862
0.3040610772545484
0.31162704777456873
0.46047875331351734
0.1828806042983777
0.15603243131711475
0.20228882402867465
0.2111381406987554
0.26567615158399793
0.1486451550406616
0.13650365153941607
0.17479107297147115
0.3367760173625001
0.1375261607635954
0.20935625575831093
0.15025173364769437
0.1404412277248568
0.032401121329782644
0.08548073011971594
0.07754650332061455
0.05492944093913628
0.08708150986783517
0.07092302342363409
0.10329668756736334
0.13839450601776504
0.11871660033448772
0.19066983394057982
0.149347314780498
0.2470513495854318
0.1533758081494192
0.23054520624644806
0.2289340509277845
0.09197598752182667
0.11576531230096249
0.16056593469158753
0.22820947034073394
0.22658413251451437
0.1065251001580146
0.07231760121745802
0.203008691967046
0.17419834692020206
0.09316483246040762
0.06233037191931533
0.06932090609051722
0.07238969169555697
0.12422684552976111
0.07075948071012841
0.12463430702382305
0.04922796187449843
0.16376077045703077
0.18026200446724566
0.22634311549187477
0.23208152348461528
0.19314804401959895
0.05655425480829317
0.10976430195593481
0.1250935604227203
0.15751781812965107
0.18049642541569538
0.1687579605024951
0.15588346308984016
0.10105234366870793
0.1380333198341604
0.22903446059924365
0.07243645506228534
0.059428285507467114
0.07353148721213572
0.06670867376051867
0.08295414997028125
0.08697673718744434
0.08386215760302032
0.08772746908245145
0.05368353134741551
0.13789376460421426
0.13912555890881217
0.24355369909229577
0.1334342228346678
0.0903930979526115
0.14529332968797545
0.06127803342949971
0.06653928308096506
0.0929863567745973
0.11272018813321646
0.13342359710172488
0.07318021312740484
0.15645586258710958
0.2538356494497542
0.21514657003370746
0.1744809643964466
0.11387831706470809
0.06847434931690662
0.08976637589215859
0.0802134316088178
0.12305961469135837
0.10868342838782197
0.12283262061276408
0.11989662647965615
0.08367335526484006
0.2944200431382986
0.32236556111350045
0.09423949507212322
0.1075368975849405
0.1704536653599623
0.24981926259137158
0.1137439572432068
0.10245951001131497
0.25921128443344793
0.20795294521025218
0.10830395734296469
0.14909074150102836
0.24050124507992504
0.1988567217225343
0.09556353787429554
0.17247993278048857
0.09248340448746738
0.11257932364045255
0.06547511960468602
0.029801468998436137
0.08180701632786316
0.11693874960692485
0.15732890254062515
0.12422428574916554
0.29002816005018484
0.2967483500567216
0.15165459915824941
0.31813800305245277
0.12521325240625192
0.04627381149796828
0.10913842514580571
0.11832275684793882
0.16836157293972737
0.09915310323785778
0.344695383736341
0.083956953700987
0.07742237306810215
0.21543933772493892
0.11416422775549266
0.15813935072147406
0.03144397660778687
0.03043956547976666
0.0723676507262677
0.05482744952422603
0.08617947955356314
0.07498765651380114
0.3280708119020775
0.18438006529239798
0.12806250184977877
0.29812364604096275
0.2850028114707996
0.10128009150895952
0.2412255024208926
0.16400733561884107
0.2169128793193399
0.34975832152223096
0.24042960288601764
0.11758721101059053
0.23850547188215585
0.25024218227930656
0.3305888023134371
0.1952421459395358
0.12009486595101149
0.1099510940589163
0.09989895263114074
0.06888553403551746
0.09110921481421842
0.09574443750380843
0.04940521089709022
0.13209896377219027
0.20435376335448519
0.25767648396592013
0.05833856163571738
0.08997689136661688
0.06886134669912856
0.14168941656603243
0.15100154107574978
0.14539007903353038
0.073284419204502
0.12141953323154227
0.1138939830686397
0.10049838269577772
0.3797092135914518
0.33771570338924917
0.34001027712850374
0.08042378985065674
0.21910430015203813
0.15808498674592295
0.136115641996256
0.07731543299094801
0.0983329384863067
0.043307844519932
0.10281766693272858
0.09797076078396003
0.22080454045326967
0.27933970600048047
0.1778057145747825
0.11563965527521351
0.20769379857488407
0.16139002637391398
0.058953024914035625
0.2105389991163938
0.10123749303734118
0.04147627128648328
0.1068206490381327
0.09935157934433828
0.28099304711686596
0.06943435044996464
0.13598576627998124
0.23618226939996365
0.10715190113598154
0.10892872863223388
0.08498621527970715
0.07002233884579459
0.06723532949616046
0.0747354411574839
0.09628621677921495
0.15724154550566227
0.13470468169085306
0.09157184550415447
0.12954491769692986
0.25940600073894166
0.08675940951476835
0.07808360566435564
0.16446991180579762
0.100816594158399
0.17926874246233315
0.2880962732642337
0.19006365692519184
0.2154776573686775
0.13245754629196094
0.21111332431679075
0.1562312123099342
0.19776688890673905
0.14278255281548696
0.12495225168459845
0.09135556954078279
0.06692357371797115
0.06741010651579611
0.11196024349999255
0.11217807676347656
0.10322270934100751
0.1542207788358657
0.20451016323886512
0.20217746337533296
0.17213075699758937
0.2247515479834365
0.11509369866961483
0.14177845610089113
0.09700808622779138
0.09827274078903911
0.05033872241607374
0.108746264404384
0.17842597470058957
0.12826457285861487
0.1828407536993609
0.1588817461707774
0.09375535436079772
0.11447989945398246
0.13371445391240958
0.05098925122960299
0.10965558078286478
0.1129410089442073
0.0384039548948919
0.12057193348863286
0.10448929319994218
0.057003285665525774
0.05785408097396646
0.2452807454414003
0.17121857177283287
0.2235742476511439
0.25110660093299647
0.09990727461863777
0.12051578992934586
0.19456131483393524
0.14929028922316542
0.08872569447267686
0.16783260929045601
0.24821270784801905
0.21160983533806726
0.20246009454465141
0.07661859085029507
0.14342471518833208
0.12588972344363844
0.105910899222625
0.10107107494193801
0.10771966886246905
0.10912523094224431
0.13671780865932953
0.11357605212226729
0.07899584064606746
0.220380760331952
0.25322161355534084
0.22510928893146295
0.10714990020271821
0.10659756218671382
0.05760593234233791
0.26308154319909616
0.060571899320374184
0.09154126466495302
0.1724421496626839
0.14427663696925205
0.20557513616818962
0.1532509633599152
0.17732347979757349
0.09121822123869192
0.12581318728887753
0.08932383328411725
0.041771686324136276
0.1271989718049638
0.028277127404146625
0.08039402470061995
0.1056989361154414
0.09586483289834358
0.11099801379502648
0.1935223168584192
0.16435295076240908
0.15223100915487958
0.17628895644759734
0.14955963865668334
0.23262951013375155
0.18640051409751682
0.14984842894671108
0.09264425609453662
0.12980962326291223
0.1981283637239934
0.0855521949043133
0.06366784891497773
0.16543720515662255
0.10170774951522123
0.3128442154266039
0.09360094636309013
0.06849853665329543
0.05391928085772411
0.07766553714467928
0.11187581182103577
0.03731682755632887
0.09926938853087988
0.11117464971767921
0.06768549342705875
0.15554415905146746
0.22418631303094746
0.05232391146910198
0.12821748738846064
0.07687897490148297
0.08665458521643031
0.21135876100198325
0.0948414720447973
0.07836696989995663
0.1676814768192356
0.1475746548510445
0.04981879194980444
0.12241201739326867
0.11539778191132531
0.10510326468688815
0.09733967648139502
0.06721454577761445
0.0497936644273236
0.0944910368883127
0.09308713123803115
0.06862783863873932
0.12381527704746119
0.1102899831311745
0.039101134383753074
0.16285832068589093
0.059591121395366146
0.062462555561353474
0.1892119848983844
0.17121857177283287
0.15162427600517245
0.06669495281396567
0.17108955468151227
0.14429372689784978
0.11839701162354532
0.1324256667290934
0.12463734441187521
0.08195994804645247
0.32319865049401436
0.15006987988582796
0.10196888187079786
0.13326371596112047
0.08630041623550808
0.08288889862846706
0.032909235194545895
0.09610562368741306
0.05300996131796238
0.07191166616900001
0.20291934794354866
0.20668326773234724
0.08798508509731671
0.12923316191874074
0.23096819914285333
0.19327563112396212
0.22298979837737906
0.29803323324698683
0.16882444198643878
0.11744570736870782
0.23262951013375155
0.1836865045091398
0.08478411580641528
0.3048839264197917
0.28205631054642794
0.05141403315313072
0.1416873924620801
0.14742972567567758
0.13591453128765285
0.11679167205803803
0.07037367099659941
0.07706602836839653
0.10034956134476465
0.07887490396412303
0.17324451293787665
0.12137691630837029
0.11576098404311065
0.2706782559560619
0.10297201825264968
0.15196369981229443
0.1575833872213005
0.08632329561208665
0.08681392375260377
0.035709769751496444
0.037801308218079775
0.17850687179146008
0.2767541850450629
0.14399935924175958
0.12906245807490715
0.21973652502208915
0.17820708490641735
0.06524009251574889
0.10103205701095863
0.11368940147568218
0.09488881764909013
0.03470535862347615
0.08716626564320305
0.07250393632085575
0.1540108853063417
0.08494954822750093
0.08097995679100417
0.1256280610912874
0.13418186091597392
0.1441783112284733
0.09003506874107207
0.14222724492004296
0.12572584720900745
0.11639489115591595
0.15206040645834948
0.20788271416390997
0.1803949590819545
0.1905373925616506
0.08476048260340269
0.0873283543186004
0.13313305301433484
0.03869936993254499
0.08605260824375623
0.05981528288968915
0.11576747295496553
0.24414281435346627
0.05732149574974047
0.09494989034528001
0.16212735850187898
0.19458905641688784
0.22160037680020994
0.35606810219569035
0.15344393033461648
0.05972110401193349
0.13200622691800898
0.1949015566215588
0.12826457285861487
0.1613873790569735
0.17847961467254236
0.28023738476076315
0.16469157347185304
0.15588738302630292
0.20772384503970479
0.20739153363244328
0.14543336814201852
0.1027320812004904
0.12113267568329625
0.06696514115506307
0.08873140577215585
0.06621692728740872
0.1033293473595013
0.08648683832559209
0.08921435040106851
0.1343459566810451
0.1984318257202367
0.2093340830588796
0.19514382019875703
0.09820777511736822
0.11273878367972005
0.14545654585859644
0.11669323615286563
0.1429713453946434
0.1982858022414032
0.23114576838346798
0.15797669018441557
0.2536148607151461
0.29897781119211553
0.13206285668326026
0.05226482846157142
0.14651779259378236
0.08347049787800964
0.06719376205906855
0.0992434476926159
0.11792214196301615
0.0391129509852592
0.06866940607583125
0.16938171712046715
0.1245983926829925
0.23310288098344345
0.37268053658928246
0.07261084917504887
0.09537751617056514
0.3439807957740835
0.13625695073437788
0.09056149045997477
0.10352179974438688
0.06038283369627627
0.1817067492016633
0.14752283423917983
0.12203405008617342
0.1702992855694902
0.2563584543079115
0.09891608455202437
0.09919226653077845
0.09852239226023883
0.13515141778456016
0.05307731832090769
0.06262134397895872
0.0929035590696711
0.15673123080121812
0.06411687977221034
0.2003379365059255
0.2339143706321781
0.15734727989912392
0.22821003154307817
0.044146823226866555
0.15713531679194032
0.2333107524467728
0.10711513897758747
0.07860884326384542
0.13129763918646647
0.17481185669001678
0.2436869188918173
0.07986840957986913
0.21901882603726067
0.22134307976544249
0.17091291875885953
0.11433353911021425
0.10838380213976483
0.037943107436153256
0.06401385312153758
0.10889763435673624
0.06295388347569394
0.10361854908994267
0.08722926673736817
0.3742561929167746
0.2105791629849778
0.14922569925511278
0.1192516382867301
0.193789611222591
0.054758131379362834
0.11380141770965953
0.14294839950069327
0.11777679470367866
0.058693059680901015
0.09241764037936956
0.2707122150576976
0.24096672568296382
0.08727783656639077
0.19282673307092862
0.1583259699574253
0.08032614414745555
0.09910688438444834
0.08918529309843617
0.04105087363226293
0.07660129434356878
0.1028374341684661
0.10287786462999617
0.07195411839633208
0.20256894225683209
0.08568217752088049
0.2589277063186615
0.294141572113057
0.23811216891904077
0.07345281171186528
0.1072022487029798
0.14104437876660794
0.208974974401625
0.18537566575869957
0.31639909683748324
0.12806250184977877
0.12964412304437242
0.12316191689215436
0.1423675540374142
0.16828266271103223
0.06771335502271732
0.08138728670553219
0.05871400489231941
0.09640842961160424
0.06704827602924689
0.17246365169893108
0.11908793905252514
0.1245636526547621
0.12376704394115508
0.1312430275883156
0.14629623214152296
0.1093025731413287
0.12211102890693162
0.04132265546690375
0.11222924084438206
0.18543954218765374
0.0833427113692747
0.2134115217491254
0.15134016378519374
0.14060185596337682
0.14115729516547773
0.23439586936027962
0.0954617124242468
0.13860244969607222
0.07933145368990549
0.05231955203777292
0.11696830798069076
0.1177808332248943
0.09821254309177238
0.12352567479271633
0.06903258599875656
0.14780303638846456
0.23176728215647985
0.25810506954403956
0.12148083490109945
0.17041968096402452
0.35508574113275615
0.17087759157432866
0.12813571603170754
0.18606828092247052
0.14676755573564526
0.1116729321074382
0.1799911148295424
0.2925608087195908
0.2393576283022374
0.15874546057618968
0.2609565160266213
0.18897100168688205
0.06006560737648408
0.10381092893764109
0.0945241106077252
0.12090597697646481
0.09234326760819957
0.10993819825910932
0.09980778206935813
0.18889067394971404
0.17842510043470775
0.11799606779435534
0.1897031292090033
0.0508468362808369
0.1704115074729286
0.1538677805446212
0.059354789365243715
0.15934617212991184
0.07205715219882175
0.051957596822412286
0.11555454612835331
0.18661257665999306
0.23620696127476454
0.28681018555707216
0.1979952666813388
0.13342359710172488
0.13802172934219586
0.08490592542837075
0.15536418041475752
0.039219300398814286
0.10055445756966473
0.0902062493552073
0.04109814003828745
0.07089326396024828
0.25741678935858814
0.4311682871955104
0.24053753719158177
0.22789566740665632
0.1879597167188993
0.16968912966998317
0.20931356834358017
0.27105608713411283
0.07640614533857581
0.22563601878255257
0.26284928653661105
0.16307102193379894
0.30483419445191295
0.15733862320963543
0.34465201228016346
0.09329055645189255
0.15147251928082775
0.06810824567509045
0.13081656431667174
0.09951574116821231
0.14888746084022758
0.13586835170454153
0.11926912356454118
0.151880494256137
0.22672503815567446
0.35240313976859117
0.13586620273253436
0.08816453407193557
0.32001751098768294
0.10973794519632846
0.1916218170134136
0.1337055185155428
0.12448038782581083
0.16280496123352076
0.4146517792593767
0.2831844679495642
0.18044259755904754
0.21419391115752204
0.20497341409291361
0.09586328723325171
0.07734267863195719
0.09023634820384109
0.06328642297242924
0.0366196480674677
0.10329668756736334
0.06563498316812202
0.11595638854399144
0.14829702721825375
0.16275729993336374
0.14759112664491833
0.2487262645112723
0.19278960210429077
0.0821608302720565
0.13746144171012012
0.10109665406543365
0.10648972646603987
0.042870630264205525
0.3084183468551679
0.394682448592549
0.14109608191969716
0.20461586656043687
0.27010201622620195
0.20871277242621525
0.06217051371852511
0.08610691754439652
0.07123170566523843
0.11569662164958237
0.0934919178874193
0.06312015322406159
0.09797175230270207
0.1153104667041521
0.16414973090207957
0.41461161539079266
0.29028831647259923
0.1736064010143516
0.18502132321277018
0.16354727287332288
0.07802834719051241
0.12653127850776683
0.08859129812382503
0.11238515941425667
0.10137462432100822
0.3748510608841335
0.2738372560044974
0.22841069582887769
0.13549513813946415
0.2119277799988418
0.1908988673789049
0.09725340029804992
0.08667763815801521
0.08463335423919449
0.07696410438940192
0.05676511423216366
0.1155982959088036
0.07284934828523344
0.18061691702144655
0.21464797320769527
0.17018209883212834
0.06723646256982622
0.05115406791999603
0.1921841111735871
0.2532224555300845
0.1121697289925125
0.06950525005900134
0.2317994277345672
0.17213559685654553
0.2369040994619495
0.25280022967446947
0.28979171464528974
0.2304427611383036
0.24162303836390456
0.18338589607771347
0.08471827045446954
0.11431542711080306
0.0811171858988221
0.12989835901409003
0.03739954376687169
0.05144391099948385
0.09649020096835655
0.07296751430029466
0.11745377388589197
0.2780979701690383
0.2406803600425401
0.3388223953731207
0.11216624915468457
0.192462501322502
0.215506377602995
0.12233715659942716
0.24259177617137007
0.11497840402765155
0.09436737962787892
0.1627082118879658
0.20104396984117834
0.20514027051125644
0.22090516428277154
0.07018599706901761
0.056899828238054284
0.03913658418827138
0.10647613417511406
0.10271762386679595
0.10035780608810803
0.046240582521958264
0.08343400841262419
0.13936574297306764
0.13136142392798314
0.06549942214842645
0.17433130555294052
0.1349486845188777
0.3617355698664619
0.33014888338136
0.22528008785408743
0.17578115989969909
0.2022232735348216
0.13988353428519956
0.14907959728272974
0.18947370248051923
0.07435005667651078
0.1842682655356936
0.10481229262724469
0.139754342002904
0.03781312481958591
0.10340590405224648
0.14242107799823264
0.10425052154968872
0.07092302342363409
0.0342445111647375
0.11268129893236879
0.10707733819355159
0.16476413548101965
0.066822881517112
0.15120034979080607
0.06888937476232025
0.19212715403916417
0.2379614972980537
0.07133106611908792
0.15615712105389923
0.0815596983032883
0.07060697833742581
0.1979382149247398
0.19824102588781356
0.23302528612212667
0.1509156270493858
0.08338975682869311
0.11435772644660339
0.11402508405634416
0.05257214079881784
0.04031824433888346
0.04213800097082605
0.034374493781304846
0.03611153420270453
0.09959751252496461
0.14229122165417746
0.16391813622180812
0.11129681281358207
0.06370329871949612
0.15827166740675105
0.12255723348243219
0.20832998634428376
0.15314294184827942
0.040601842775030324
0.1614836416055213
0.29871360048563456
0.3225544767025264
0.08329522401664441
0.12883710738365037
0.18016955604543453
0.18859146208598418
0.12552919572744992
0.05513170691073982
0.04780663284043687
0.0389593351656796
0.09962266037618533
0.10209556329332432
0.06549930694107493
0.03552070412739853
0.17020185728789755
0.10815850747943861
0.27590531118369005
0.09224039135677718
0.17688321294452464
0.15290581734258202
0.10919721451806073
0.22624530941721052
0.10946458957314137
0.07181940439044145
0.17357770772129968
0.20843038873031652
0.12087810706326685
0.24217629953789258
0.27435091506434556
0.21687509620153436
0.08444424845220992
0.03209388969062351
0.09155666244426859
0.10567938050099204
0.10719736525022061
0.030545914893321743
0.04741933007350132
0.047219139618457924
0.17172544400306225
0.3887127159793358
0.3174525565396625
0.2727556049200625
0.18423494127406473
0.2566985023681578
0.21125656349276095
0.1579111396905625
0.11020053178391703
0.10829565738406215
0.09764427700189013
0.21177437529783974
0.36203711141456973
0.13999912812554424
0.25114095482776594
0.1252426879579173
0.1256825753291228
0.10519072595521929
0.057438684261616794
0.1629208039757873
0.1440670281910192
0.06602670213714436
0.1541663027018257
0.15822964726737543
0.18871781976226307
0.15882917712817896
0.291696562668851
0.29145897074889127
0.11110537635829607
0.08202399033665653
0.1193566092190969
0.16707694693435318
0.06442411141136946
0.11630612642146318
0.2141547117195639
0.13817016089350073
0.14534170436075292
0.21228527434117403
0.24427829973966525
0.2121966707736326
0.12159400749148053
0.11384053394690341
0.08520984048201267
0.06326563925388323
0.1588481002490156
0.039266566804838726
0.097703011087083
0.21468330039222616
0.13783281375316997
0.14440821602552437
0.07283753168372732
0.2609571722995781
0.16842173779194247
0.08210174726452586
0.12979207596528544
0.07793205240772867
0.14253597333964363
0.2533536830267478
0.19532451416362862
0.29546885103993853
0.18752897815319114
0.1553702566471739
0.16373773656734278
0.1758064245122831
0.09414825086681335
0.09966952590265665
0.07615639025581618
0.154273814844965
0.08076284335289313
0.04472504995568872
0.12528881864186212
0.09075088613106062
0.04684100837026202
0.2562454815647834
0.14778462533602907
0.10842865965424119
0.0938462604333487
0.25275122499799113
0.06215367446778878
0.09365336649772568
0.2327094545746639
0.38637016267541635
0.3522772913487017
0.17928060068646315
0.14257630922524248
0.17535818881934714
0.15304872272240835
0.17192462339570974
0.08882961306540602
0.06220566960803959
0.08343400841262419
0.08584191630332055
0.04227980018889953
0.0760891935967367
0.06318250437969941
0.1287251988111492
0.03767132560151243
0.2302979159547344
0.07510631917290252
0.23144019672946817
0.1568547238663133
0.26943141306849155
0.4031185026782439
0.14431154880734645
0.08928685487341731
0.14544201871232373
0.2671266428823776
0.08999523707061417
0.2718172863381829
0.2562013995700775
0.13001645723702365
0.14473530145253524
0.16505614352048015
0.09848961701331312
0.1091256730149066
0.08850386512549593
0.048311810362526714
0.08686527715686601
0.04826129261031773
0.09641567033467947
0.18188792911396942
0.0604655499068191
0.08097917012144444
0.11266853823761512
0.1295106774131035
0.42236324202747066
0.09925054383992064
0.18131266599588908
0.1647659886505417
0.11443582250533738
0.12313660270183548
0.21600608449201583
0.14545744786040649
0.11891878869995269
0.19870439690941294
0.22125793786693165
0.09960345124938905
0.11114086232683672
0.05688298898731796
0.12223205847574498
0.06748473411871193
0.13056880537300267
0.06946603010885048
0.12306209334083008
0.08367525086600949
0.16969730859681612
0.11408592373862632
0.29667304100600156
0.07500844023234714
0.18143585956396005
0.2616676038235993
0.21196310718337272
0.054545432552252665
0.160293999518033
0.13980176292844726
0.10053564561407408
0.30050690475888825
0.42007390151819257
0.21736816641654874
0.1979297161874857
0.14504635156581383
0.12579160380479282
0.06455422980373238
0.04296516307625448
0.058173628210124555
0.12921826289359742
0.06243429051204507
0.0790612653488081
0.15422925536187554
0.2919085257760346
0.21040643795042555
0.242680965662449
0.06232075634327999
0.316622527207118
0.05650698840226864
0.11429393136056458
0.0415589874970261
0.11789719009821381
0.06459536582455645
0.1429919835961616
0.14424502180739068
0.2397656014089248
0.18641143627756837
0.22095567292449003
0.1627318883867614
0.11600096263429018
0.13039263810230456
0.06688200628087923
0.04695917438532323
0.11513129438510177
0.1374407582938382
0.12344749157787811
0.18780624949795102
0.22061562486424374
0.07348744476656396
0.14667055689568595
0.05050415483715947
0.1728912410925712
0.09007663617816339
0.10851059041102487
0.08246979519034453
0.20349831561246406
0.2864178055862978
0.28713149650574243
0.2523897501807368
0.19236174161799421
0.226945318698119
0.13594630300908375
0.07774682064962907
0.14180004112271075
0.04936976109257183
0.1338278032658253
0.09887471776171321
0.14588911932755738
0.15052794133569902
0.13454238863216245
0.10936392698880859
0.170765850018858
0.2174388207856097
0.22684983930209296
0.23450689175715544
0.17765598577629088
0.09061701286035818
0.12962805257111337
0.24483460337734173
0.13165188437208042
0.19991653725845068
0.21225708056487133
0.31038637641577477
0.15313443824658768
0.1709668687590155
0.20610029336960847
0.11921938106076736
0.060621302650782916
0.13768174150534138
0.08902175038493075
0.08760653240050735
0.09927042709795376
0.08365446714746384
0.11269371865249281
0.05441544993568531
0.2310688609609363
0.175290531759182
0.21832952253009563
0.0700488137282829
0.22277335335756646
0.16378981568530498
0.1696120170294795
0.14109743801740832
0.08151881281456667
0.14121913311216316
0.20985320615849504
0.38640794579322185
0.21768611107732333
0.199419295775557
0.3229323078805774
0.10950941301863075
0.07408581135912576
0.07523706113635262
0.11882790549718229
0.10562828174638048
0.1412161619407176
0.06584282035358151
0.07621429696134674
0.0547463147778567
0.24578157669977793
0.0905269841383896
0.3720881441450715
0.13557002045964747
0.23182133217677844
0.09821959171887411
0.1396576803093669
0.16737969725202112
0.08868412703558469
0.055207162236595435
0.09256536129759815
0.17302445689506546
0.10258471548571348
0.09544487317351079
0.20083045218498682
0.05439181673267314
0.12596891476235472
0.09645909751883579
0.03827397227832464
0.12403374488680312
0.06688200628087923
0.10838380213976483
0.14909218285910358
0.16141858783838
0.2462658033625481
0.13167585930103798
0.10723234868894056
0.14018336259329356
0.10121670931879469
0.1621063712971196
0.1336427390791162
0.17057505018643407
0.07679609318827776
0.08657058803546565
0.22639644188843094
0.08336612362568051
0.27774232477927907
0.1371051794951872
0.15267719643857636
0.11949520933482438
0.1297694593943282
0.14543336814201852
0.0975804857250616
0.05407083411435106
0.10923099357467551
0.062221031470734094
0.06646633190996011
0.13819994588355866
0.183631210147972
0.28571593684250957
0.2763645645825873
0.11871660033448772
0.1001598633796827
0.14991415404688258
0.09363475033449936
0.1553794489621365
0.22147130482568328
0.33984751518400735
0.2136140409573485
0.22857065652433853
0.2438806123780565
0.24467608005867272
0.27388982096949904
0.1205582369726109
0.1056770575529301
0.042078917963295395
0.11202579399384478
0.08400644050408966
0.09608134418459256
0.10781407580592321
0.09256517584422051
0.09012366994083057
0.2596782813964981
0.28052333844157845
0.07959913823062525
0.14671184643737945
0.1154667422990054
0.06779184284061383
0.10251402424914956
0.2827688536537077
0.13306925455579632
0.06570030437403049
0.2106014200261498
0.25302783491221925
0.1056662983704622
0.2220660293999512
0.22575412888574384
0.12405684833854219
0.1495833633905703
0.06777798421372258
0.06811476922844914
0.049877874957335
0.06505303904883533
0.09553374556337274
0.10114441201433733
0.09469342196244761
0.19330840637088784
0.18363307551422073
0.20006160877824491
0.09913833746419906
0.08749011755131679
0.14926005285575072
0.1966357781239796
0.16795686388435124
0.1697824488538814
0.22047908607273076
0.242837510776714
0.2108338148277513
0.17993610562498719
0.284393527719329
0.2473291027391752
0.1692841503739638
0.14576726849225072
0.12109489256549073
0.13134647208462993
0.11474269535526542
0.10855161781966474
0.13021600217965182
0.16101694915254167
0.15653475465492037
0.2116250047435643
0.12676587954308133
0.17482716073758256
0.11122966997711294
0.3326054423552423
0.3338772209983423
0.23401526305326242
0.16278766631683
0.09861065231194033
0.1056852088061751
0.1415994744535829
0.13169978000882615
0.2690979195116061
0.06370329871949612
0.1111097593466686
0.1733489444900071
0.1054809739918858
0.11004417981270109
0.05055143071045846
0.08286164150954944
0.11720323143156096
0.06756786899289567
0.050669305465612755
0.14915137308803347
0.22594304447476976
0.2168020067085608
0.24686636549956803
0.16536307439356315
0.24414617229071456
0.1561227278630161
0.3059281870029707
0.17724853537703641
0.12243629680048809
0.4040886818218311
0.19623987051089545
0.09079876597303066
0.2821643237688261
0.22913487027070364
0.12470990642104184
0.1462192167719964
0.12264497399794247
0.12306209334083008
0.04600483301164966
0.08950061766358626
0.037139578533737005
0.0807355862339755
0.11217840885780994
0.08786721034216224
0.0977350112736511
0.05975655381645188
0.15806403260324944
0.23447411651022973
0.11744520236933245
0.1376505679298516
0.06960467341039915
0.27639989176711816
0.11227761551716037
0.06932800103640956
0.24386087163025946
0.18104457453172162
0.2236210780784584
0.3299863442846805
0.24472125402392683
0.1295454445194564
0.14017536705708944
0.0832432411743963
0.10041522609249341
0.1238530601652667
0.07418256070468121
0.09592503059561033
0.10918163645938377
0.16647241704947074
0.2232732591648069
0.1868475501802509
0.19302755241384778
0.13498952438631448
0.23612690140227682
0.11817622365229292
0.2913487027070434
0.09234206149967251
0.1528960546482724
0.19482942268605
0.22182287119670613
0.41617800626556195
0.1787654858168644
0.18523938016411104
0.1711474496837043
0.08057847680266271
0.12597674003598475
0.04879074761877196
0.06883567582419889
0.05703454224394492
0.07806438858004919
0.08936348159346373
0.13188759363113825
0.15801895532693974
0.1699753935702469
0.08569494699717642
0.08907963639517805
0.11645045232888515
0.12966583991399155
0.07286343793609379
0.14095546627694303
0.2661039207705662
0.24303435603542134
0.09623440266584628
0.3013896698529994
0.1769300074866043
0.22748709797352554
0.20114169038625684
0.2793798698690645
0.09367675184619632
0.09926600279395162
0.05718609550057187
0.09580463520107602
0.10434416918160894
0.0658220366350356
0.10379510883827775
0.08037451882023336
0.1332777017500361
0.1787249287428009
0.20077948801654222
0.13373732934792154
0.08503226443804375
0.2954454173025931
0.17383990969670943
0.07883264444480262
0.15607679331673205
0.17294561812193654
0.1850485803316879
0.42267973888616095
0.1352697011649279
0.2339143706321781
0.11750429163810079
0.08386242088893747
0.1192771523834827
0.11866401283815795
0.0703609615552389
0.0859021140005873
0.03264926996141121
0.1271989718049638
0.0514102324980112
0.07650486796765583
0.08020535125713307
0.1913985784617155
0.37641577636757795
0.2263635633384201
0.15226596475473606
0.11832170968211508
0.13469927634964796
0.23798106793133547
0.04991332476185339
0.14365706258963204
0.3000691054025942
0.18717463560726175
0.2841290458946929
0.1985196706321583
0.24427391534117157
0.10031141663630916
0.16898917315162748
0.12360981867243674
0.12547773423088804
0.06373656403700373
0.07742366378079057
0.11202579399384478
0.04061365937653645
0.09911234670491142
0.12926557387703974
0.1185651644344893
0.14493051964214232
0.28642064359831554
0.1375050819000303
0.19112691785031632
0.3309097374977752
0.2512651618603898
0.08865996110042305
0.38330651280222744
0.20099399489849226
0.2286910519188737
0.15716647964450245
0.2477307414250127
0.07672519357924107
0.28468150052212926
0.11929194306993399
0.19915481395092088
0.12862627887577646
0.09837094217367268
0.08296256381384326
0.08480080137939726
0.10654992416330746
0.1278844080006347
0.1854365812515058
0.29793557715479035
0.20998478484966102
0.2336089964565206
0.09897206771583206
0.1042719159450499
0.22832338089649393
0.27141875874830845
0.11191773027572692
0.11835041034028389
0.14424386172232637
0.2708888509803503
0.2662198480550544
0.23545568489619598
0.2766888906739489
0.3027186442423867
0.17191318601341166
0.13270697480429408
0.08884008655634001
0.11809877788566887
0.12352567479271633
0.07848790658190107
0.11813410507019977
0.17921118162101318
0.14187560735832094
0.25469599712448543
0.18488799935656436
0.3294557089528735
0.1266144133819503
0.24967520928535264
0.3967443640419804
0.1955955752359707
0.07068691020961342
0.1537772894669417
0.04503306833982555
0.22847451336771432
0.2453209093099835
0.1679210083426687
0.4417979964955652
0.24959527622079003
0.04884983062630253
0.06185056795453487
0.1225466482571637
0.12773951360143412
0.05806173653886094
0.11209134448769703
0.09698082910887365
0.06432593781277521
0.19174932286111318
0.16921219424055353
0.2357383023724405
0.21641433243422334
0.14192781820402114
0.17750508744857296
0.17806791655019227
0.16554366748536503
0.21251470106965728
0.09389566210576844
0.11092270587975511
0.22408592807791664
0.14424467331201812
0.17009398345248583
0.16851317262129592
0.19889319177150785
0.13393028231012596
0.11172130678021569
0.1385506929914681
0.04114540644431189
0.0862036668899523
0.107827145621607
0.08064082795830062
0.07540333088472027
0.11029425393327232
0.128214759709989
0.1660619111821703
0.10763742311925209
0.06779184284061383
0.15825527842001597
0.1515700958776935
0.1975142887103726
0.14139241523974377
0.12659651865937413
0.10684909704474815
0.14575621816277334
0.3278441131952461
0.2811232462387838
0.19894175392186936
0.33289818302968976
0.15003404762019448
0.1503390257466731
0.10577122202855231
0.10014265490331714
0.10706596310839124
0.08448581588930208
0.1523393477131043
0.12415263535654884
0.1659410751874882
0.22598215554184028
0.34364205960317995
0.19065788416740256
0.2049356309751081
0.2702319109067436
0.18608185519034082
0.09391942719800388
0.07222342194718932
0.15395587018418957
0.12587089856770786
0.1350676301560918
0.2937808665561545
0.2615347414472162
0.19168530326283018
0.16384254181378308
0.20198854778630704
0.12224279810937654
0.09870851980300122
0.04020007832382224
0.05811225429106992
0.16904972286930597
0.15282351996144217
0.10316819510317293
0.07474943401856256
0.20595748581317672
0.22457491206078292
0.1615934116947907
0.30484376255120765
0.1718268377065716
0.19672607466988098
0.11887582060142612
0.16120943328211207
0.06056008271886805
0.15574717749525163
0.2551329266797194
0.08217264687356264
0.13532814709575844
0.21166102594442404
0.22870819265085907
0.07652431135363694
0.07409395661632515
0.14060219443163757
0.15608205965305563
0.14763485254831207
0.12415263535654884
0.1180777831900157
0.0718493150133622
0.17253796924726494
0.19729984015673938
0.5851474013977
0.2801135427195675
0.2242050210557327
0.08638535627736554
0.06783910924663836
0.09401617654355882
0.10585765064473282
0.0443477054524706
0.11336604565465977
0.30785684387632417
0.32565269236254785
0.21881658098230142
0.1538391791710186
0.24367419069804697
0.16605680275361423
0.16732267652020147
0.10350994045130403
0.12454903564626177
0.09826191369800184
0.16639890754277362
0.09070251145828315
0.17066047175309482
0.10119592560024902
0.16212771581463278
0.2700468699415808
0.1339252815852034
0.057204167891129816
0.21999220678407008
0.36112956853948014
0.06393963074961856
0.11730330747336334
0.21090047393364816
0.2004177042332706
0.23534289746692166
0.19635279680489134
0.20397180776738713
0.1607006629676886
0.22424280417353823
0.20380252755681313
0.15028184299301156
0.05293837474742024
0.1771226604546543
0.1921841111735871
0.12671861091112652
0.14977227897959622
0.04679374196423758
0.1368034798475092
0.07192765336775606
0.09047971773236524
0.10942145128466323
0.12682737432366245
0.26366591403123607
0.26170776769218335
0.11547034392049194
0.14828500281147008
0.24905665094046248
0.22741658606916987
0.295630711780452
0.09137777944683044
0.10462418973519187
0.14077029778325545
0.13378015756687014
0.15467798312859843
0.16564118845775774
0.17702452168264649
0.09398397526480254
0.1425014057353998
0.13604498762719425
0.09779854267640245
0.09179094159578255
0.05108316831095934
0.24512008996706433
0.30428146839103415
0.28931013306715087
0.08392150389646853
0.4966433166731211
0.3339224034058951
0.14908161313012638
0.2171932917407992
0.09567902239505825
0.09946945409949276
0.3454998647088971
0.16101146757550377
0.3176620432988141
0.16527206954518606
0.21775874057785347
0.20701730134909388
0.11653430988716292
