0.199004975124378
0.2224999217831441
0.15460160767881084
0.262634197433883
0.15661477965449525
0.17661669445395964
0.14642726980154022
0.27200302172346924
0.14430708848923118
0.4748224088710142
0.14490927704298392
0.14599487906827932
0.10081171252205468
0.09082916721976675
0.13480978752675782
0.062466882767750496
0.19903248133723775
0.10893193736449537
0.18178956835010088
0.15122525072950316
0.20395902790499107
0.32240535794244984
0.18054624528927793
0.08184176661736678
0.1453260015710917
0.12594920136161286
0.06260082148546904
0.17151086671903606
0.07789862605306366
0.0772678679473712
0.16548834773500914
0.1389860695676139
0.1749148991882688
0.2634655603027055
0.10429444398833598
0.2388925356191606
0.10871124059654129
0.14325646021337646
0.07465286517059845
0.07438928786909652
0.08875224691121736
0.16560081851954356
0.16836088812858271
0.333071484681854
0.18575826212653668
0.29405603561141674
0.4236439456394076
0.4161426602308414
0.21212090009086823
0.10027336452135852
0.03304948423787354
0.1918889888139949
0.045914901178957135
0.12359256349829768
0.11444073028178646
0.17585738534397946
0.24901806755695205
0.31135774308201525
0.2571657308367276
0.25214555275070666
0.12851696403491283
0.07234740904033003
0.06696801140303701
0.13167075456337732
0.3261019406431905
0.16327703439391905
0.10222998970549682
0.15201270347197093
0.3408674616009605
0.3593915721176111
0.09792699372378506
0.11239413598734378
0.1372682480501165
0.08211276584457665
0.157649490168109
0.0898268033131946
0.2667057571175082
0.3685056832679545
0.25399319193506137
0.06763973697168547
0.2151742248376518
0.1673102463236159
0.1636777122399617
0.16615230250538862
0.2132435967983593
0.38360827441738654
0.1409744366223463
0.12347089918937042
0.36318407960198956
0.0915986870835238
0.1538907956894827
0.09913461360154473
0.16463669830414837
0.13594279295895415
0.09562153759351665
0.17915769434050927
0.17095116590104315
0.09256375201042183
0.10235692646321258
0.21828987751751316
0.174361636015416
0.15021596828288886
0.16997309909561403
0.2817984636754947
0.09573132121876753
0.21602906699598676
0.1210011549491861
0.15518621688423206
0.20175668673137914
0.1363126112865412
0.14815340550611694
0.32848847790362795
0.19300468433892246
0.17884888400110693
0.21047329837645196
0.29066624749745085
0.17100051236939867
0.17046237806348605
0.040059980894392166
0.17936632626341964
0.2779912338867292
0.14802659677752805
0.18105058636493768
0.07688434794731415
0.29611058133606627
0.1113205238315321
0.09552764674816595
0.317274676975043
0.3929547164612131
0.22660602327738785
0.049920899268396365
0.23811118489904148
0.20231279612821998
0.13579093590759306
0.17151086671903606
0.17089436250534645
0.06740862169729457
0.13238312249199907
0.23095051060487026
0.22736012410181977
0.1890474026820152
0.057162511199305856
0.12441703634790965
0.17135499421021239
0.11560005525041689
0.1372682480501165
0.07235679366502286
0.15454193698259744
0.10912115228485848
0.13183961938910724
0.27982784504839364
0.23918823440882642
0.15379206144157512
0.1776020037675102
0.2398533647551714
0.1832675323204267
0.14316457859108933
0.19102684316463828
0.18016457556577786
0.1789554173405042
0.06039812504077583
0.13265126108892022
0.2170725320764598
0.15731993498451097
0.14480460170591092
0.2754577595099655
0.14159709621713312
0.09275426345547724
0.07911846226642462
0.1284792670710117
0.07179849091407563
0.11816419695652601
0.12297047415372062
0.31111586034123256
0.4527872372018503
0.10754564101648334
0.7795234354543085
0.39042881549445735
0.09562153759351665
0.10948368779276905
0.18228222300687616
0.27310814349306073
0.21235121594330117
0.277857226421292
0.18141302570721604
0.14507436430934947
0.18347474721618443
0.2935942253494871
0.26969986319913847
0.20613268792760772
0.17366076651330742
0.274766811952666
0.16542161700881658
0.08341775947787623
0.05884402313447153
0.04344967158545608
0.039751827195204516
0.13671166725515724
0.20107144545405223
0.12303364915325977
0.07472727205300064
0.27330017084611996
0.2668844159108514
0.24390365290701077
0.10026971406763496
0.19583022606819764
0.08980300545521959
0.1692268746023294
0.09748785922278157
0.11910416035871765
0.19287429812754597
0.1805676283075361
0.1985398266804625
0.20986723984905215
0.170203414948047
0.16214236011288924
0.07818327705003399
0.034282099034624064
0.10936933380412579
0.16424423895181423
0.17983543329994978
0.0710300055373195
0.27934911180585076
0.08804646745120553
0.2374112044355071
0.12528061311903607
0.10514770015741186
0.20427509288989049
0.07226204245949981
0.2167272171395298
0.06371077730704278
0.18538884524744706
0.1549168947440887
0.3307148468185388
0.21849234027986367
0.15600259255279852
0.1993670634555982
0.7012306886619534
0.07816594117862655
0.09457873029622849
0.0872023081120332
0.15346192558551833
0.14337825706659824
0.12948915615850756
0.11322452314838298
0.2323886951049794
0.2241424456664048
0.3344186177328341
0.23515248533417613
0.356989571271276
0.14287320985490104
0.21396342691033254
0.21346479703357887
0.0694886591668111
0.20424194815396687
0.10454815601858568
0.2089552238805967
0.10769971786607728
0.2023535163071068
0.20093918839505112
0.3061822644029781
0.17208450927823812
0.21047329837645196
0.09755972179553637
0.0988028665165734
0.13867733060539836
0.08522925695748976
0.10107898643727498
0.18623274120390051
0.08694863119869677
0.1976525898459064
0.16345932024714602
0.20799190688353966
0.23327197998312366
0.3245150360782114
0.11826714481740462
0.07002792814038936
0.09715322295472187
0.20057606703325462
0.11165168161044738
0.15568905603204358
0.16694226653489963
0.21681068342498025
0.17803147533179992
0.24718486928876496
0.12791163524303667
0.1448279428255524
0.1510475477321711
0.1832675323204267
0.15305914741029272
0.10880618972474412
0.06979681286599844
0.1213355190551299
0.5808398414544467
0.38298965785428357
0.29564730280061957
0.1945985894262597
0.0451445169309881
0.1201594191344831
0.42861780137796446
0.2501230157423262
0.06224704723590146
0.1722896556746629
0.21430006640913715
0.06471227682940282
0.11955436789820852
0.15742971860976188
0.0928769469622447
0.12411764606209921
0.09845510689044859
0.11476817272336046
0.20691495584564332
0.12777972835443466
0.06894411665755282
0.15444723489906942
0.15406218084205253
0.0744332979200967
0.07805615755337568
0.14315784732714723
0.15772155023611725
0.2581235984149784
0.1469666386264285
0.35007074865951765
0.2985016770571424
0.2178787964016952
0.17587849845917555
0.07495838732739156
0.09598987729694722
0.2933876485950766
0.07595988684975107
0.2685938437149238
0.1764545800675677
0.23120011050083322
0.22126211050013056
0.10690919513427567
0.12676437080390915
0.13739525975234382
0.15223877845826664
0.08227703768309762
0.16153202457475718
0.22047656454569253
0.059165510244025415
0.21164426982237203
0.2751476258090277
0.3100176089480235
0.10307741237826294
0.20721853803239632
0.18611395216841592
0.04568378590456645
0.18386720656851852
0.040059980894392166
0.20398009950248736
0.13559470623142603
0.20026411797917568
0.18276216112449614
0.24783808099897373
0.11381967542812622
0.19323500019135545
0.15726735797468894
0.0778365903028739
0.07256697629083178
0.04799493864847367
0.1917415341211916
0.22885572139303462
0.16132724900936152
0.05562174270336757
0.14010798878326772
0.10344432933362306
0.05677731907532101
0.12083803818573723
0.13372071840687863
0.08166073028472241
0.29214372761375285
0.21624510313608025
0.058703279695244144
0.14501373068744408
0.21969101859125398
0.2439044877266333
0.19269754199603542
0.16721852048938032
0.36161298769311295
0.21550144016758319
0.1526666880579586
0.1473684868014487
0.1317851206874034
0.06499190614852068
0.0855002561846996
0.09062852863930278
0.08458662673001612
0.1617112799945461
0.19041102484366906
0.19991415991191483
0.20947892118355577
0.16752392479912537
0.29376316229544913
0.3931491601032703
0.0782710395936585
0.2367390794008981
0.04915051502042728
0.16085174543714859
0.2496041480844772
0.13382863914592252
0.17610367035597854
0.1463697557237252
0.11952866102879009
0.13102812635594976
0.15888112681004746
0.09829209873418038
0.08625617095349394
0.17610367035597854
0.1012182113628692
0.09809205452724523
0.06517531414396242
0.09951367850590102
0.16899555046270018
0.053618743658647945
0.360261909708323
0.15600259255279852
0.09508678443319332
0.2250185878271205
0.340926944226237
0.05992202004081817
0.07679479936810159
0.04995154948915038
0.12208195916706097
0.2694422623723485
0.13102812635594976
0.07168870728882476
0.18277035873265238
0.19348246070070307
0.2431661051293426
0.07490252505102311
0.06639481066640707
0.08102031543514937
0.08211815168765814
0.1395192997547671
0.15031193194395395
0.14701079115025245
0.0998174702258895
0.1830212049920388
0.08136779563437438
0.3379610945478835
0.3090617399630913
0.46663416992522566
0.037671789725687986
0.045298593780581875
0.06002632882697621
0.13382863914592252
0.3284304055695741
0.17151086671903606
0.18978026240485926
0.11002568624718823
0.043526710010253
0.15688080048350747
0.11337876949828504
0.12568735271013334
0.18565069389892658
0.12268245155725457
0.1401602498525842
0.2388925356191606
0.05400393578263252
0.1137299182924583
0.16329393937505465
0.15344330976695483
0.16627094666167772
0.11479613627645001
0.2703908107564374
0.18170868013068095
0.04248626297209054
0.07533778516433129
0.14829286200330702
0.1590441826121097
0.08508230956943183
0.09566272720506792
0.14694151385230614
0.132388733012315
0.46481966866753355
0.11232917967847175
0.16175460596037988
0.1282015849820666
0.1883983672902609
0.12225108825206692
0.1599895260539408
0.10910964036182741
0.05555051437694519
0.1720345640219951
0.1669789930139843
0.24325739722440412
0.12208515185802554
0.2954952386716437
0.31490110201781535
0.3145599983510548
0.11025809336268975
0.0528259913517741
0.05298368087819727
0.20371270057660318
0.287936678910438
0.28718387108421484
0.05331058995946034
0.13892447277884445
0.14560241971594523
0.24823252160251347
0.09002257270572134
0.1556935162447628
0.09414064727465409
0.35323383084577087
0.15666418085455844
0.13114481203099124
0.12872666756557968
0.07026152016056335
0.11054035802266733
0.08113009906040025
0.16384216354007317
0.23932966745221235
0.20324942040736796
0.38523074100533794
0.07611396369934499
0.031842409197154295
0.07397858791497493
0.8616529947000701
0.29109486577723875
0.18745509690301684
0.08189184555911333
0.07126054293713976
0.20974076983503528
0.13523370328483086
0.10555558041518821
0.2864624247185127
0.11538824206897402
0.11308508354464322
0.062247315517248734
0.03636213650414054
0.08796298367932325
0.05741683600621012
0.16988406544935983
0.13183961938910724
0.14089290748793595
0.0872617511615634
0.09005791858758551
0.3485205551191411
0.2527816365272513
0.24167607637147445
0.1097519103905515
0.0968213692238484
0.14508679642033753
0.11937097150236724
0.11515154227111409
0.17734759133730227
0.21232789451889683
0.42471851269965943
0.23054616828551452
0.17405572276016637
0.11408532428712238
0.17043373080048052
0.04552970905497262
0.08333226236702074
0.07070065466156687
0.10384773909741697
0.10249819217508382
0.20555119141136396
0.17967248764011304
0.16628804545668488
0.20106573917408024
0.07597026867360898
0.1584573064739601
0.11459813088155235
0.08604225463911933
0.05562174270336757
0.06422342077176453
0.19637051899285182
0.2779274878271955
0.13971292041096084
0.255564283843938
0.10056180072980614
0.17255826132495417
0.09871364354092688
0.059165510244025415
0.1469760274491146
0.05323355153466343
0.09905021754519033
0.23068866195339074
0.18072753174984568
0.11795176576455839
0.11700562860601915
0.13261689172191657
0.25656085949055657
0.7892118355590477
0.18041372086933719
0.07585585880572616
0.11218119964227105
0.19171639361520015
0.17784833109589812
0.4640806866823709
0.2543532061206319
0.155557930170616
0.21367847550908836
0.16687111038133734
0.21396342691033254
0.16508608452139692
0.19193506153443302
0.12715683015624327
0.17089436250534645
0.12393351579527097
0.13772887975498246
0.13206257206041905
0.2217982575784335
0.09112040895823012
0.09101062533297923
0.13860833791893368
0.11700562860601915
0.1291191269179138
0.11338046609059947
0.24805017307042895
0.11897609961124453
0.07852938415875667
0.32884698339754004
0.14828905168937764
0.10791730362161495
0.21035821285106918
0.30741650582781244
0.06286335463427667
0.13025629704433156
0.11054035802266733
0.05069128351636546
0.10139436549012174
0.2445666404818012
0.05176982146352216
0.12521558664832552
0.06829180525687552
0.12820708530545302
0.1601104005961014
0.1711564588827796
0.1463358805207355
0.09593372643227778
0.16915422885572143
0.09241073647855017
0.27407586439536713
0.10801732559989641
0.10407508743931607
0.18591254255040557
0.25006546216286957
0.1518817693532904
0.1863890202322297
0.2356873584865242
0.409396019780308
0.17072951314218882
0.1601234157523061
0.07737027936840496
0.04275632576228391
0.11700045303600536
0.08085486378604488
0.32539840080011256
0.41239945773254033
0.07372577253064114
0.5046220326808816
0.48880812333210166
0.2395436404034905
0.0788246429301318
0.12175004040322608
0.14694151385230614
0.09240606248399899
0.11262445183977675
0.0638940698960119
0.35899450117831877
0.11574411239463314
0.08409425694217394
0.2017124808805795
0.19656920805336084
0.18499182361914046
0.3375229117570043
0.109077188951954
0.1031152059533382
0.07651918679986339
0.1495206883313161
0.0864138604799168
0.14820633673736597
0.055879865252697836
0.17439974849847062
0.16043154250821584
0.10565198270354831
0.22466614296936385
0.2770699704769968
0.1272341371750123
0.061630739837526254
0.09965978069946611
0.11337876949828504
0.15297906375994555
0.13312169024216178
0.14262352313646112
0.18402236609403227
0.27467923540193734
0.08381780617903592
0.20267795014111156
0.20543699187531692
0.21430477569727302
0.24081564189874244
0.10289003545520871
0.12607030055036225
0.24273874817832425
0.07601528323235565
0.21090065532747032
0.12119344418040076
0.18425268194646524
0.2600157109190888
0.16417910447761208
0.23330995851471126
0.049841765863899504
0.3534797162363067
0.24536490311450915
0.18641044420123257
0.23547368001101526
0.4017929133263295
0.13203144801579128
0.0898362438200568
0.19387397008917504
0.13173570640271257
0.06609896847574719
0.18819407888818002
0.08861674729761217
0.15617152619778316
0.04745566967489532
0.07398278902828201
0.164675834489653
0.10875423436716333
0.08657155000634018
0.3165750196386488
0.09674672411390735
0.05785585702247803
0.17542933049333523
0.12777972835443466
0.1147943605577194
0.08129976816294708
0.06809169762996332
0.19956558066188176
0.12661224679126268
0.08314402272834244
0.0670777950282879
0.13559470623142603
0.18427800823324916
0.1130771340084062
0.06270927778468327
0.13754211993494198
0.19878615400884986
0.2959766536763722
0.29314482962074057
0.12578322242307388
0.08920690466064699
0.28992726551228765
0.14615607724821628
0.14872021895432538
0.1805676283075361
0.18092376142601274
0.1725065734723778
0.2487906016715468
0.25021749482114214
0.10525434456191844
0.03551471383137459
0.07737027936840496
0.13203144801579128
0.11035356134315115
0.1929516633847065
0.18037449628719585
0.16239564138690715
0.25980809124516346
0.10253790598432193
0.12411764606209921
0.21529008501082408
0.13381035699097077
0.13912684040243245
0.13077122701156213
0.13228926842731034
0.157649490168109
0.0964757248866975
0.18367097689235148
0.16383941795371137
0.24188403427628807
0.19295144977339446
0.6299241458007946
0.14607186380687615
0.7153955360044298
0.17203927332771826
0.1060886894071838
0.1830322073841319
0.09256375201042183
0.22809910608698242
0.1012205024813114
0.21734138022227842
0.2867250102432481
0.23423122192444368
0.16383941795371137
0.1717238942748715
0.10754425702062678
0.11377603110194213
0.15246909431070016
0.13690018068784718
0.16135432157742513
0.19615684051734292
0.11826714481740462
0.11246467929207694
0.27101335428122564
0.14359193554210717
0.05730705238095924
0.15561013320046443
0.26209227740448093
0.06828541490604756
0.12692501445239845
0.1102810780058777
0.09193299390472938
0.1097519103905515
0.12552086303287227
0.31530240198088827
0.12156663432952082
0.20299455173363407
0.25741205816511553
0.18290877503577951
0.1793262950662239
0.1733438072793922
0.05292539783547577
0.0915977387969206
0.07575070142310723
0.09417223145541397
0.2512720382274003
0.6036416933131756
0.3805757223589507
0.24016914517797863
0.20595777390774891
0.043757825284643746
0.14756471647761576
0.11652264990835269
0.19786626832141585
0.11538304958622057
0.07560878439154059
0.09287913106326862
0.04075332671756429
0.06960281840905809
0.14481750101127702
0.19166959253165194
0.4158156585493583
0.2558923161580317
0.06748566012209153
0.047378631250098405
0.10176020981728891
0.17464607582685798
0.062357099142499615
0.15321559825713096
0.15317998370015506
0.25380806938125594
0.1412738828789132
0.18351385964881461
0.1406127258444619
0.2551951122096265
0.15025967031647877
0.1434930610107356
0.1192387112097494
0.1279934068299441
0.6368159203980109
0.04560674747976953
0.24896189926208484
0.1975545173669114
0.12777613562943202
0.1174684790184413
0.19231062795817924
0.30424724106410084
0.11604005725777375
0.09430773106901863
0.1825285503352635
0.19637051899285182
0.17563138514040907
0.17045851124426786
0.15169732441912415
0.12845363369745638
0.2756880753623984
0.20368640386138936
0.0872617511615634
0.170725320764598
0.08515234426853133
0.05544073075169432
0.07587917986074937
0.10514770015741186
0.09871364354092688
0.09566272720506792
0.1335630288804558
0.20513133648872484
0.3034752685736097
0.1246044146597489
0.261770388006834
0.2907794867243926
0.09783072102274624
0.08529743871934371
0.20682607868006223
0.15431162113016444
0.12107371019506513
0.14089923183774736
0.05161574461392833
0.12990089104966748
0.18893306087334322
0.19977146332240042
0.2229169121257595
0.1575724299621344
0.21389215398459727
0.0900407195876509
0.10598452385250771
0.07498221604635108
0.12137645423223396
0.11263799950740268
0.22514317814633075
0.1827748776636514
0.15639505190513264
0.22593985123685295
0.10242812235907105
0.20769547819483394
0.07411096465462544
0.13078940603632716
0.24402081903137882
0.05862624127044718
0.17521634991745216
0.156061796281749
0.17538505781202118
0.17480973199670857
0.13970010162666413
0.09177911070973592
0.16239564138690715
0.12831813408385173
0.29957722266374154
0.20543699187531692
0.12179673104018023
0.06092991201423821
0.09684813354592149
0.11178718122405257
0.2034219086846519
0.18077199028068877
0.12384664683488934
0.13908216230526782
0.19701643818154177
0.1666778294293291
0.06486635367899676
0.09210846158548855
0.09902902259377365
0.12384664683488934
0.05854920284565021
0.1457164578122126
0.19010212097407686
0.32336345681604606
0.16522538733264952
0.3511390416339352
0.15776865963830147
0.12759075208435205
0.1835617343891658
0.3639696255564281
0.1749148991882688
0.10983073641167139
0.20057606703325462
0.12741304908702
0.2726843525251508
0.08150665343512847
0.15922188560944173
0.16972548463786016
0.07241611930909375
0.12820708530545302
0.11355221529512627
0.22309505106048672
0.26499083529719814
0.18333141853673282
0.17393427906439762
0.2715818718151861
0.20175668673137914
0.07002792814038936
0.08837581832695818
0.12921532692028576
0.05693139592491495
0.20682607868006223
0.19552463657181698
0.2511128567687877
0.02395895011183838
0.11285676878764042
0.04929284773764511
0.13304372044125432
0.05030609139238089
0.08821024845679765
0.09363023300099425
0.11286129232747039
0.2093782291295197
0.17538505781202118
0.10754425702062678
0.061917964641496105
0.104563397004619
0.14364012295427467
0.28593872741555365
0.16239564138690715
0.18402236609403227
0.08251926468539117
0.15482521449579623
0.091230192583481
0.022726335315087852
0.354278912394068
0.4298635505460263
0.18465443544157462
0.12436087274628935
0.1403775996946885
0.04935682177046355
0.06859494399409467
0.1453897433621963
0.15814214482488428
0.2788425357348426
0.2026708562450903
0.1026558817015072
0.291579869180281
0.06625304532534113
0.10312895028077683
0.2798337607061941
0.2347499439534495
0.09729929471312959
0.09808288543523441
0.10514770015741186
0.2570608757788247
0.13611666878795112
0.17424692669764297
0.21208678346588758
0.13655912988249636
0.1982936252724337
0.048861189365593465
0.04029109616878286
0.08594859816116414
0.10498287674936725
0.10871124059654129
0.2455883464025072
0.0754213505473546
0.08453339144317745
0.10092129691085212
0.14586281194146586
0.22393504233352426
0.11180187423405336
0.1230788018932348
0.07005330023373933
0.12393351579527097
0.13141099942530332
0.18826918041372076
0.11597173861472172
0.19884965401447052
0.22265297148046972
0.4608784314133313
0.7069913589944997
0.05011224524761448
0.05061025124065564
0.10961566113251317
0.07516836787142174
0.15406266731547277
0.10801813479111518
0.05569878112816453
0.09809205452724523
0.09836612822478859
0.11531017117778018
0.13943954888240348
0.2327834511652264
0.12809021076158852
0.13818951145984892
0.18996450414787175
0.6144826942914589
0.2212384055717586
0.24528709520880257
0.21146656682503998
0.14383635263044173
0.14993561993393587
0.23943016319281543
0.5015033820198299
0.16109807276553648
0.09353564871374996
0.16686311449471625
0.15556339698049695
0.14315784732714723
0.06367618570170841
0.02426218118044446
0.06812187541482506
0.09382718259127842
0.07493128632351623
0.29143754909662206
0.1909189555693208
0.049920899268396365
0.12385898914038028
0.10345747792282138
0.06287182071267891
0.1073376328633719
0.23213970690561053
0.04907347659563036
0.23548892593861265
0.06679231429891937
0.06509746895338714
0.12452414490291426
0.20812283514585175
0.14976701565970346
0.21840362957391785
0.050302958929002786
0.11259492013616144
0.05755667714447007
0.051564475140388415
0.02645785368546207
0.0648821225232698
0.178635205525598
0.13990177943118476
0.061476662987932314
0.13754211993494198
0.16602461933328982
0.1330899603011862
0.09693746002651861
0.08310238042502947
0.17282010997643368
0.3148063256794427
0.15320746694001633
0.10910964036182741
0.15914825403125954
0.16917325346003168
0.19599879042055215
0.14381284809796402
0.14624956680420817
0.3720819389590883
0.15946953932959965
0.04918306411239423
0.0766371098416782
0.19878615400884986
0.43419466223446734
0.2970917297169015
0.0788447632116029
0.13892861321064628
0.2487562189054725
0.09683729996971334
0.06286335463427667
0.14838200277219213
0.4737561908870219
0.050280900364903014
0.10320670367088969
0.2312123592563498
0.09027312264463869
0.16385177959948014
0.08455175888946483
0.07684853767561602
0.13893061072626592
0.19821942916993945
0.26656192720607474
0.030353139369981744
0.020419754296663685
0.05197506628979844
0.04675411804391555
0.03643917492893745
0.07994858989656553
0.036053982804952936
0.05412332724868379
0.19405167308650706
0.058404888633468016
0.14767119078286398
0.16410506919097953
0.11636419796705583
0.11773780570022521
0.08928753433961636
0.2539212009601524
0.13563511321851682
0.1060886894071838
0.04614601645334788
0.1322588017365861
0.05469728160580448
0.2934921630682393
0.3440918835350237
0.3813506322743998
0.10628274080924077
0.03421862723383576
0.08483896307933997
0.052351226499726636
0.07710045378534103
0.05894233191813678
0.1827748776636514
0.08694863119869677
0.4374773352165021
0.23147420790782933
0.10253790598432193
0.06565060790002648
0.07831877666363918
0.05598964887794871
0.12083803818573723
0.06554071183979215
0.11616796829088878
0.14850654047881645
0.2884493015419618
0.09262040715084395
0.28881607895108424
0.1686401444680361
0.2857104084992129
0.5704923664767431
0.5832212372435145
0.2052469619184213
0.20617597386048012
0.1466105819205147
0.8046609059963332
0.39872403529995865
0.3478685581287958
0.6934114294112945
0.528426869933975
0.7054814685022891
0.20853390533795937
0.12567855255929514
0.08594079190064718
0.07570147686341787
0.09893313416070765
0.0612458253494203
0.0577017801728841
0.11164418470762996
0.07080259736401939
0.6017282010997665
0.4998690756742602
0.3910316101816313
0.5958381500540845
0.38303506850032043
0.03780439219577041
0.20192615935608843
0.08379007172332707
0.13680761634525057
0.08014204643314234
0.0739568878050315
0.08848124768400749
0.09035609864049712
0.07751072208598137
0.050390683990153895
0.11060097044606372
0.11700548098414343
0.3229028251111801
0.7787378894998667
0.4146333057409597
0.20748179971932448
0.17169014788620632
0.15477019541698833
0.15296927092874305
0.1434974690451178
0.12207939127897871
0.3891695641570064
0.21997346698325373
0.2250185878271205
0.26053940822204735
0.1744046162240664
0.2384448538792649
0.10223566128302905
0.10940002990571354
0.03959775034561068
0.20790026515919385
0.0769220330574802
0.08205253459549003
0.08346776198062593
0.07773177062008027
0.0787252755044537
0.08458662673001612
0.0714146197867337
0.08306126313981088
0.08929424536563707
0.10644043033566415
0.10192463281783513
0.10738656749420339
0.08888774652482201
0.0837649060664213
0.1821455722652652
0.1641265197500654
0.20214715894213123
0.07673875405036513
0.04368078685984683
0.06466255527276805
0.04583786275416023
0.030190496943992017
0.02195595106711876
0.08995863818932628
0.13174035030105594
0.18131622077834683
0.21538790331316074
0.22859387274155507
0.07547328477793594
0.09891471793158567
0.12160677008466694
0.16447017605940387
0.0923280288359903
0.1490280336745403
0.13435147651257165
0.33603082869986595
0.10533660365070154
0.13794946234543065
0.19599879042055215
0.19132393426286606
0.07922865323697978
0.07495973629581021
0.11230829431380251
0.2830808747498226
0.12385898914038028
0.18381775333857045
0.36063594692987266
0.13598716558376014
0.16774891063200356
0.22355037064361388
0.31474207907829266
0.09924439722679561
0.13468661592328257
0.2329074305270757
0.19423373423776108
0.15983920158855847
0.08821024845679765
0.1229978306101008
0.23775857554333574
0.10636719667985595
0.09979331535305
0.06116850928874498
0.2224851134503568
0.22340637686008918
0.3940704235130021
0.4416648997990928
0.44089991587928445
0.052386128861897426
0.09791860840735386
0.07915399380588443
0.12863444225647136
0.22711379677343188
0.24551669869366466
0.14952701323928574
0.1549046952289917
0.20290826599354453
0.10714140318720486
0.14715894213144784
0.175961311258874
0.11680066692743413
0.13700901094294585
0.14305143392577352
0.18228222300687616
0.15740316283972108
0.17366326340783228
0.0962980309961351
0.22723060757584027
0.1782644697832053
0.14114555916613528
0.09349473338738905
0.08751768716487941
0.12306886619533919
0.1770853381732607
0.042602248912690134
0.29772191673212844
0.15502144417196326
0.14393942783889274
0.1125282158821518
0.1359121280605893
0.2324821813538878
0.11666516731382892
0.2073841319717201
0.15715683551133372
0.15200846260583367
0.11905559244952048
0.2717989002356636
0.07056719711396758
0.23953357104568784
0.09417223145541397
0.13939754135811408
0.25997948509666646
0.16846244147070405
0.2241424456664048
0.07565173315056373
0.2766547356322177
0.32986208563679736
0.582468790803262
0.11319680930046272
0.12568735271013334
0.1605670421218205
0.057316588048899796
0.23098643202532435
0.17817654595967397
0.18333613198679788
0.2359895804568513
0.1495206883313161
0.04606897802855097
0.09870352711202209
0.07162383180097029
0.20198700258381264
0.14465023982822037
0.10722887796778001
0.22036592633558783
0.20359921355084395
0.18161246327326963
0.07041312026437364
0.14270751505629756
0.08575236848499707
0.12275834934683233
0.15710919088766706
0.16620653571348426
0.12882953652788656
0.05348860219692184
0.04552787017125038
0.10866719036396966
0.18146111547525529
0.12179673104018023
0.09477140538034709
0.11499059023388646
0.19254495093257995
0.09397478321475349
0.18228222300687616
0.042294095213502476
0.13611318889928925
0.044836363231800444
0.25002223831348525
0.1793539240166763
0.16352403890086462
0.5149651259769028
0.10839882837249924
0.20613268792760772
0.08483896307933997
0.047378631250098405
0.049512414988146874
0.03297244581307663
0.08032175479404877
0.1751387304836338
0.2796034448537611
0.285591657017021
0.06586785320135628
0.27432908728152433
0.17052358858915942
0.1515478309009677
0.1352022468790919
0.13572635794160617
0.11454220770026649
0.12735122877642535
0.1546935622274568
0.46506599599592147
0.15715683551133372
0.12107371019506513
0.11300667774649666
0.1789776124903392
0.472443109350594
0.07235679366502286
0.04059924986797052
0.057085472774508886
0.06585281221198734
0.16237267596532223
0.057085472774508886
0.1223670725044078
0.16836506215132183
0.23860722312067228
0.15780026163078595
0.26159962274770565
0.1515478309009677
0.0872617511615634
0.11984404008163686
0.04899643817083345
0.38098872183270427
0.15374728826262601
0.14091847688424913
0.06039812504077583
0.2431250731186303
0.29689550004073445
0.16326309057097899
0.19779951357637826
0.08844011166685024
0.0933592337737844
0.4581962938500429
0.563104272694217
0.07783391283140127
0.12804389545564324
0.17699916790267164
0.10549429317712491
0.06532125702427331
0.11385183807755468
0.09617045571977102
0.14838584436423682
0.2556872680456559
0.13078940603632716
0.17307956516236142
0.12368128614304877
0.09441391771575698
0.12350358314571673
0.15661477965449525
0.10092129691085212
0.1695162409049468
0.11781708723109362
0.16046580659076548
0.17414795753990708
0.4086668346324142
0.21628698612202124
0.25749312302018507
0.13098490548707103
0.056758134254704856
0.07600635173598519
0.1192387112097494
0.17439974849847062
0.16602817547056137
0.1203049291937411
0.1574448556361224
0.14422881198277585
0.24682946329410144
0.08903452007846344
0.1975545173669114
0.050768321941162375
0.10343021733438079
0.11239413598734378
0.2199703042501895
0.07081043828681774
0.08528153625017725
0.14089290748793595
0.32712269209882633
0.19082417822194103
0.05824104914646233
0.09489013120242935
0.06828792730613037
0.14109617988158116
0.0801499166467122
0.02950571669721574
0.17464441178866755
0.057398068138225275
0.11324959201981669
0.065988311825592
0.1736056559308717
0.15541390352429738
0.20336889769841102
0.356989571271276
0.17778408660733988
0.14656476039066388
0.11602741220143473
0.14936125438085268
0.18745509690301684
0.14444258810283636
0.031123523617950836
0.08910392428728955
0.10124053196733236
0.10649011649335353
0.10054071329484482
0.13482211553688725
0.32660628512136763
0.05325134814673036
0.036962223445049
0.015330646534584703
0.05366630519425383
0.045934369012065115
0.16444551863722004
0.764846354643718
0.7123786336971407
0.4226237234878238
0.2015278774235523
0.17330078953910374
0.22649918403963337
0.08861674729761217
0.09850821909077115
0.17255826132495417
0.10277934671987132
0.12463995810421578
0.13381035699097077
0.1218370859370999
0.2948538120800415
0.157977964628118
0.14957493285636156
0.13720432191193252
0.03776556708630269
0.09696297387432717
0.23684921913361978
0.04588955535486779
0.0511301192401441
0.03387490340122796
0.10087834336568985
0.02650121813013634
0.13249541764859882
0.12676437080390915
0.1979003556611239
0.1942916993977482
0.21734138022227895
0.7121903588717907
0.6306821792008751
0.2382083207174353
0.07388437979384233
0.07289632716658441
0.15853454791774682
0.08910392428728955
0.10923470712462548
0.05323355153466343
0.1043904664921623
0.43910926717117604
0.1542459934774864
0.1457164578122126
0.1348311180462347
0.043224376739966916
0.04277806940441512
0.12772851640279698
0.08341775947787623
0.10733261038850754
0.13422109849825664
0.17124901806755707
0.19936935098571468
0.2955173316290689
0.13275726630007834
0.036516213353734374
0.032818368963482794
0.10222584128088291
0.0964757248866975
0.23590103696203363
0.09649272755125796
0.062906017268754
0.1405004481356018
0.2005104453075636
0.17041717444135593
0.19575463740894322
0.5375752814872998
0.14216239786557286
0.205986050390761
0.042140379831127596
0.04529983680792667
0.025067428516908713
0.10407508743931607
0.3071701784994251
0.11246467929207694
0.09243781246124118
0.20947892118355577
0.1065999001186044
0.15776865963830147
0.20001779065078834
0.05824104914646233
0.22852605456890884
0.19796113902781035
0.06255520093508933
0.2113118617439119
0.18425284163397726
0.16837863870116157
0.14458503445540863
0.2869861220214712
0.3746024518028829
0.45441317685046967
0.09930252956321417
0.047097175232627506
0.13671166725515724
0.08025793755232012
0.13144802304268127
0.10910964036182741
0.24666827795583005
0.27137166389654177
0.2501230157423262
0.313459875161424
0.2513747054202667
0.12883234308775962
0.18033507239751156
0.13860909372599822
0.043526710010253
0.09116163763129889
0.12863444225647136
0.10111300548188884
0.046685285426926224
0.16746627706144496
0.33280640676580275
0.08849609267131937
0.15518621688423206
0.10890747027270833
0.10839882837249924
0.14252354316456206
0.1315002180256553
0.18276216112449614
0.15619882222896556
0.2078072270608975
0.0933592337737844
0.16234616391725595
0.13108142367958378
0.3351662738936891
0.1801309548541615
0.13363265399363872
0.19190815365704225
0.1975545173669114
0.21430006640913715
0.6352448284891328
0.07642178207317017
0.18406343624468507
0.09706841524410424
0.11779407623813501
0.2645339526802512
0.1140939071242208
0.32436735585253545
0.0465312085773324
0.06345493539500839
0.0694653053631327
0.0598588560671976
0.25618042152317705
0.12805561395279336
0.03797994342487564
0.11914113642314739
0.07233908088429679
0.2738936894474993
0.2558261324954175
0.2958391213935921
0.050768321941162375
0.06839519853129843
0.24459543528393224
0.2916515568110014
0.08278700137218324
0.11944626780958056
0.23461639172558255
0.11896866074511246
0.205986050390761
0.16405400070618817
0.33889406215741386
0.10192183600630948
0.213396436687435
0.47882665720837647
0.47984922890581655
0.12201040951568914
0.14246274489727237
0.11337451229779476
0.09350988916896107
0.15641785352617055
0.28052470826349296
0.20880102186506044
0.15780026163078595
0.08902324613842721
0.07831877666363918
0.07728767217661953
0.1269606004800762
0.06685822777778615
0.11714911667172405
0.11243960444371477
0.36161298769311295
0.20581304006284348
0.11937097150236724
0.09213973725134031
0.19599879042055215
0.5605887848221189
0.5107563760847651
0.12098155502646993
0.055664402827391594
0.06709504130985372
0.21085619309984552
0.1340020666428924
0.05895380675972241
0.14828905168937764
0.04968978399400563
0.12812386107634763
0.1896994590468767
0.13892447277884445
0.08080074818464761
0.12931535659408083
0.10663623967651681
0.1400320382793138
0.09737807559753069
0.04522155535578496
0.0969790587502718
0.041754826239924124
0.08774676584367808
0.15446955950959948
0.13665360494828233
0.12970781594641495
0.2671663888223747
0.07162823010668849
0.0813014959088776
0.05474807965060474
0.04654825710637312
0.04029059046707292
0.13381035699097077
0.32770355919896027
0.05061424509156855
0.13716454364076244
0.18156948223058203
0.08558968994936457
0.1851739453561977
0.14957493285636156
0.13504479652174362
0.14625056629500668
0.17098716941607756
0.18333613198679788
0.07618983592411074
0.3390940036658808
0.13487657497496247
0.2665261693154595
0.055236550579383266
0.047536309733631016
0.14977742864624258
0.11574411239463314
0.06978230100652946
0.0804994577913808
0.25477873788949995
0.11354571524950918
0.057085472774508886
0.2441103824321814
0.1330995450016426
0.1903639696255564
0.1945535480492272
0.10623169706625075
0.36836273372461
0.5202177476701575
0.0738028109554381
0.12521558664832552
0.2436177277754061
0.08319676275341609
0.10596736175639454
0.08089326932213256
0.07934957754081498
0.19349344822781417
0.2300855365806486
0.04568378590456645
0.102979706339733
0.14113642314742095
0.17071981826532648
0.10192463281783513
0.06639481066640707
0.045560204479115164
0.11861743912018834
0.12126993987123218
0.10330639136107808
0.2903890482168507
0.13782261670336166
0.2830581826402572
0.2728462948415812
0.15619882222896556
0.046916400701316974
0.04959285857939776
0.04127864309433088
0.4924152925019282
0.1069451735110378
0.1547793106761429
0.17955015369284336
0.1748406414648346
0.14447253683088887
0.6980873487246716
0.49952312550015754
0.21624510313608025
0.09969138150323306
0.02788504081372353
0.09997515975231289
0.2878689349370505
0.21132801227848816
0.10967384162562899
0.6842973182609484
0.20847910435142109
0.15265776381251625
0.10312895028077683
0.1666854114973842
0.044579372876016043
0.08967696200833815
0.12115569561365294
0.14730374237582708
0.14412822715081025
0.11369414855113182
0.07267675991608266
0.057239549624102826
0.3138234932882526
0.5349220972313566
0.26706973841528164
0.40612725844461856
0.16002504366740078
0.07397858791497493
0.06027121026273294
0.3269735150908182
0.34915062898185034
0.020877413119962062
0.04221705678870556
0.3286006560691521
0.1641547970065576
0.16090833445697433
0.11141977932714285
0.082471622319337
0.11281791640155274
0.038442173973657075
0.07458714599817633
0.07672580338131314
0.08360326159423061
0.2556505962007202
0.21192139567808232
0.27939251112856767
0.8057083006022501
0.4712262340780846
0.18172296412673483
0.29012830583922494
0.0708662979153689
0.018104029827273355
0.034928882357733455
0.07182006147713733
0.04636072076842267
0.0514616677643345
0.07485265204075171
0.07673875405036513
0.17098716941607756
0.04688286630729951
0.09400366588112062
0.025268603333385816
0.09057149083197573
0.07370107277858631
0.05913357240870231
0.07265068167308977
0.06468389102883569
0.079865478199986
0.09064845684666252
0.13143462519676427
0.185877335209237
0.07634507897373591
0.14254559351236737
0.19830194894488293
0.03265540687878376
0.03869306320875768
0.032326352916757284
0.023847931994464517
0.12115569561365294
0.06422342077176453
0.04029059046707292
0.0595027248859768
0.2417549610377956
0.20175668673137914
0.14322861584956512
0.07520228555072608
0.040984441991955035
0.07694539784474161
0.018874414075242447
0.04304924071353528
0.08346776198062593
0.06982238565955984
0.2669360729699412
0.11511335428894068
0.2205621560117554
0.505394932186376
0.11070896733781524
0.26298667428848294
0.9599564729410827
0.1524691717108269
0.5502245714626298
0.07515056297460079
0.16260931986241606
0.20744990842911992
0.5324902508252846
0.20093918839505112
0.3155276250327307
0.2596193477435419
0.116668447627962
0.048303092347661274
0.20214715894213123
0.35009164702801765
0.0843138241926757
0.15650205371367315
0.1718971963223288
0.28052470826349296
0.19878066195721356
0.09560468517296293
0.2113393612319039
0.2896558856511048
0.28515318146111507
0.3034752685736097
0.20751941677293914
0.19821942916993945
0.14108913716410298
0.16109807276553648
0.1314738830319179
0.21650771977906244
0.12256813385188085
0.16336634937444178
0.2441103824321814
0.3435454307410317
0.3512627702808176
0.16856151932451047
0.23076609917244115
0.27158534237205123
0.1664800359861184
0.39643885833987946
0.18780246445640766
0.31185039773879053
0.24940791840831017
0.45202671098598607
0.31986539519753926
0.19145591405614307
0.1972108245478771
0.1849888202225768
0.2570608757788247
0.1418404438241367
0.2899616912658329
0.11771471308967563
0.19813884202514237
0.33204923866657965
0.26300043605131007
0.4744264344746529
0.20858888797667197
0.24986128748745756
0.2134066509557475
0.11047730768204476
0.07711546322170505
0.0882660347017073
0.11852789922042177
0.2100026184865148
0.05562174270336757
0.13290801176665287
0.18889177235003396
0.2644220600299659
0.5829148811887905
0.05354170523385103
0.05944895146154854
0.04075332671756435
0.10690606052024887
0.09188174446890814
0.1089393982008476
0.08026396894941175
0.18853102906520028
0.08481930570139543
0.3670996209246136
0.2540383852336889
0.17778408660733988
0.2342572892966742
0.18747666218522427
0.21196904770501543
0.14820429977486008
0.21750846873432667
0.18632763064392482
0.08299642068966516
0.28747647558471645
0.12711340091489823
0.2669683682344882
0.19159645363734515
0.16928215153831513
0.15919046425427075
0.19807163309245
0.0673315832724976
0.17780383807833883
0.15470321626857983
0.18696244224624156
0.16089989205834368
0.177139456197034
0.2527763108563997
0.10791730362161495
0.22824300976118372
0.16825472469356131
0.1522914687134954
0.2059296465320922
0.18523815094752782
0.19799574325254535
0.2296412673474732
0.07816594117862655
0.30641493388003266
0.19717203456402188
0.1490280336745403
0.15149130695841723
0.6388986417721731
0.21036353844307024
0.03851921239845399
0.24999660743681132
0.13683130794561382
0.14038675840947076
0.02835014032526213
0.15108719919610125
0.0638940698960119
0.2395284865304047
0.09902902259377365
0.07772680667762302
0.08942974497924173
0.12597945209924094
0.1950772453521862
0.3502665011686972
0.6097853986785382
0.08998088016278853
0.035745829105765285
0.09682915747127628
0.08967696200833815
0.199004975124378
0.1054656035469668
0.18819407888818002
0.22686111464658537
0.2247942916249376
0.09046188071300637
0.07698350353495693
0.05028994824494647
0.08803553190974445
0.07397858791497493
0.07125890193011848
0.05408097420742927
0.0932181199266826
0.06201834606885616
0.1422795783251402
0.07601528323235565
0.47698413038891163
0.3182627296023009
0.20545247094689284
0.08334270574869238
0.11930764310956166
0.1507043912962881
0.11930764310956166
0.1777804916235613
0.42269769551324216
0.13617711167293653
0.19127739555134926
0.4114119744381452
0.10470584554500907
0.03392314020252191
0.016409184481741397
0.05824104914646233
0.170203414948047
0.025807872306964165
0.10395013257959665
0.061112043995599295
0.0783670218233974
0.07366481254334056
0.27311825976499327
0.09444323068262384
0.07049015868917062
0.030738331493966264
0.10866719036396966
0.023342642713463112
0.10223566128302905
0.0665288769020335
0.22799294557691271
0.11746168123642953
0.13589951042378037
0.13775323266926362
0.13868228588225837
0.07520178329685286
0.09010724304726664
0.13539847655525897
0.15946582875098173
0.2086661623043715
0.18370829828303537
0.10628274080924077
0.16031964542847318
0.37655265134643634
0.11905559244952048
0.1687342199455541
0.15320746694001633
0.17906256247661587
0.15437804636831903
0.18055831180517934
0.29327048965697816
0.060237399093664934
0.09636899245459853
0.09902358601184334
0.09615531397908962
0.05514834273719931
0.10341303934003084
0.0837387612078358
0.06779381382127887
0.13563511321851682
0.21903037566386058
0.12414024446143068
0.17560749923196572
0.13103999645768433
0.11070318431521314
0.1120471450913812
0.13354281225451692
0.08861674729761217
0.12630931066498813
0.10847010211404642
0.2418316450547355
0.1635242552274876
0.10561968039656074
0.09826975752457727
0.07037130378581423
0.14873003404032445
0.29508997467805115
0.18425268194646524
0.057045337327667776
0.032047984715513705
0.13461355785059076
0.0932940735992823
0.2250185878271205
0.3367217762571648
0.12072833866263459
0.08089472705510477
0.11605949144747991
0.13598716558376014
0.2233568997119662
0.4285952729794352
0.3227086431548508
0.12886013253827144
0.17648599109714594
0.28034615986792366
0.14198469486824083
0.16006951744099143
0.15726735797468894
0.21947764959341426
0.23279092650487565
0.17327080405549816
0.04560674747976953
0.09696297387432717
0.02873533244924665
0.10709609845509305
0.18053130207367862
0.051159169366910034
0.0946137158539237
0.2485108047752949
0.2480807100660514
0.9190311231645869
0.4506717148499368
0.450203597938254
0.057526619631460996
0.08745744959413468
0.0864138604799168
0.05104938574165916
0.03269735150908182
0.020309970671412807
0.08116426854934242
0.05412332724868379
0.08719987424923503
0.18367097689235148
0.08696713953219881
0.05298201256510132
0.1576947149257073
0.16028810359343343
0.13720869337522917
0.07140829636978861
0.04067628829276743
0.03358875321145189
0.04745566967489532
0.37339617700968836
0.1829198506509195
0.30925796963925833
0.30476064042432227
0.5608798114689705
0.1585116358174656
0.17197207566801062
0.1273530598324103
0.021339643668743496
0.028889409298840478
0.13424839397128033
0.09227523686494496
0.0769583213008669
0.03928959664642308
0.08614482783733118
0.05853583307732172
0.11454220770026649
0.19572948356632455
0.10064802751325633
0.09853093135506805
0.06370656867497511
0.0262701028557456
0.035636398378091814
0.05313319620225792
0.22937941869599365
0.3461639172558259
0.10876234403412574
0.05609684003243354
0.10707118844135717
0.037748828150484894
0.06619952602628087
0.15444723489906942
0.157649490168109
0.08956524459284693
0.31578947368421023
0.09132673956971073
0.24116260801256847
0.07873327014243976
0.4619010212097405
0.23186301652985858
0.07586048504835811
0.0632622670501799
0.0614989153050504
0.09705296738474223
0.07968928494184625
0.036448163583292156
0.06425004628062103
0.09877725868345598
0.07717788855136865
0.04687760798212575
0.22735389794167013
0.5083410932361211
0.036053982804952936
0.048157512276962904
0.6100780632033317
0.06624032740781752
0.05596675214123892
0.030276100945184833
0.16679522474198594
0.034472058328776305
0.031354638892341524
0.1427090214130014
0.47124556731515116
0.42793657122792994
0.3483361638688626
0.13616129876931107
0.10185912542550418
0.1565912815812997
0.2779721391352283
0.184404524364343
0.19070152581459168
0.1057216311165974
0.17550844290902845
0.11538637677490744
0.034282099034624064
0.11577384434220496
0.07738965533807145
0.06768822921716142
0.08079717355187382
0.10222584128088291
0.02796494820127761
0.26211050013092396
0.11960198762381195
0.16991552013250577
0.20223473660627733
0.19337902033572488
0.14417158887562653
0.2807735168189421
0.12160677008466694
0.03743621621055005
0.04287050566046861
0.04756036437532405
0.0979143515299132
0.08766825000237792
0.16601030603731776
0.16224283656408534
0.16937451700614006
0.12005265765395187
0.11888330521508532
0.12542550405865383
0.09978784806274438
0.06907284601079859
0.08830613479699527
0.20983226294992466
0.09792519590881103
0.09052014913636679
0.10419920286217708
0.10230220827170863
0.15897678577876184
0.185977132932691
0.17393427906439762
0.09699137681930728
0.16399710748013424
0.25618042152317705
0.1553438297299952
0.3014866402709293
0.28282786678782373
0.1867549875949432
0.08354533881591955
0.21585264378374613
0.20641559008797702
0.55564283843938
0.36962223445049003
0.48255523631144626
0.07684853767561602
0.09581139461216177
0.11032129331544596
0.09262040715084395
0.06654498015059282
0.09870352711202209
0.2615868028279654
0.14694151385230614
0.04730159282530149
0.0913675718091329
0.3925111285676876
0.16289328079517215
0.21553641233921148
0.1568450955069282
0.1436088324500117
0.13343617979358843
0.22281530083599033
0.11284140330579864
0.1783189316575021
0.16208338207908704
0.3444497025206505
0.3777421266215557
0.10554264197176377
0.15527625032731093
0.13151035173928954
0.07330529096025708
0.09532867608602849
0.07493128632351623
0.20613268792760772
0.14755006970421444
0.05501284312359411
0.12190425616972893
0.12948915615850756
0.11870560221775328
0.14555961873770723
0.1256429435993439
0.11624109067694417
0.06060056113848557
0.1253371425845433
0.24359346208036045
0.17899498957208865
0.13991392252419682
0.21052631578947384
0.32992930086410027
0.3880597014925368
0.23129784042358473
0.10202992262785524
0.1050013092432574
0.05389390946934105
0.0975456220415175
0.054389127906617145
0.06436333378278984
0.05828658312488493
0.034282099034624064
0.09199867796023767
0.04566998810436604
0.09396886779269747
0.03982886562000142
0.07316794026036748
0.02873533244924665
0.05619706799367189
0.02926791653866097
0.14855372481933748
0.06575010901282739
0.048102362829743714
0.07485265204075171
0.0783073898272479
0.12323223663290217
0.15619896559714327
0.05978181764240063
0.8523634388057532
0.10066582387369262
0.04940263136289599
0.04856837413834754
0.04336675843291628
0.02272521042693217
0.12390264617899839
0.06273632109907425
0.1416051947280393
0.17204594176751184
0.13589945011783208
0.19813884202514237
0.11259492013616144
0.7130986431910322
0.08547139020363534
0.049514511296886776
0.04275632576228391
0.06466255527276805
0.5066312453934358
0.09051378816692052
0.06896930332489991
0.14286671093942477
0.3067807154408646
0.17041717444135593
0.1662418539460708
0.051804634508099044
0.03613511390416339
0.025579584683455045
0.04147234544930326
0.34911192829779814
0.040074958323356155
0.034416901855647615
0.06310654356666426
0.14233519680364456
0.08568506867914424
0.06575653251847696
0.10342038214639859
0.09492909490676993
0.09166570926836669
0.14460129573007988
0.6069651741293517
0.0758828484249541
0.11626649899898023
0.13563760146635256
0.10156929092298875
0.0865842530935385
0.2144958883365757
0.47701081743019885
0.42562369529633426
0.18868673354495533
0.10041771166082335
0.11390416339355854
0.02080037469516515
0.0673334277827092
0.07931783179087251
0.07277980936885389
0.07516836787142174
0.1783189316575021
0.12115569561365294
0.07801161582873331
0.13537575281487302
0.2456140350877193
0.24415878255795687
0.4549214743588486
0.19287429812754597
0.08712597621816646
0.12646700019141152
0.12220938297798496
0.27598847865933496
0.4666142969363703
0.32146472217352706
0.7224780541610364
0.5662630893857333
0.6400861963897404
0.4799396313885982
0.5789473684210512
0.47695863988928977
0.2582327999192356
0.43644854036068925
0.20384926563567027
0.13151035173928954
0.051215945479597944
0.030080914220290435
0.11337451229779476
0.08672923953276358
0.09209542294441704
0.06734943598881521
0.05020885583041173
0.02444187659559699
0.12754928950857736
0.04145685343795468
0.11930764310956166
0.09187244962062652
0.09286540280215154
0.03628509807934363
0.04171777759533439
0.035365399150882014
0.104001728368532
0.17884888400110693
0.06948187195679861
0.11835559046870882
0.18033731245510257
0.028041986626074523
0.08902920166331495
0.06510168977377155
0.12359256349829768
0.10571497626678439
0.07506021457744595
0.1430875919667871
0.09924063891070947
0.02534564175818273
0.08693375229117561
0.3020147530651705
0.10046959419752556
0.4886798423855159
0.354012986820098
0.21327247935303362
0.15325794085022854
0.14145158587624526
0.6180352669246624
0.4020273535657735
0.4088023342460194
0.07560878439154059
0.15579994763026944
0.17412935323383075
0.10867069011113947
0.12578322242307388
0.1429520923531819
0.1387343810500989
0.1434063188468966
0.14322861584956512
0.06323536814450664
0.02534564175818273
0.019918443199922062
0.03846212559163585
0.10123667596369836
0.031037243376846466
0.03615958883199376
0.045823514008902826
0.019647443972712206
0.015259923909872325
0.057855970507213625
0.07018879984734452
0.11126222638671299
0.08563122769568624
0.1835617343891658
0.02316434492793568
0.02005394281352694
0.031631133525090005
0.03127572753042609
0.03604289721890655
0.10785963607347301
0.05693139592491495
0.1832675323204267
0.1519253960869618
0.1253631735064489
0.25666841642649063
0.14128536684027004
0.17491489918826936
0.16085174543714859
0.13183961938910724
0.08522925695748976
0.10139436549012174
0.04891939974603659
0.1669789930139843
0.24534201907411932
0.10508041142298251
0.568943811334926
0.42392933215518064
0.11527104381536353
0.09887133306735027
0.05906359038497328
0.1420961862135437
0.011940955843520732
0.02926791653866097
0.05054135587463216
0.17193647521459368
0.018797375650445532
0.09007593610892882
0.04498587171683072
0.06944550454045392
0.11680066692743413
0.05911855881304094
0.03638990468442689
0.014711005783617937
0.04189578423671115
0.021544438563180994
0.032935166897930655
0.027778201816181458
0.0806222700949227
0.033511714786654975
0.03392314020252191
0.33464257659073054
0.09116163763129889
0.08212296083350368
0.17464607582685798
0.1198963321380628
0.15082482325216012
0.08262931184575985
0.05639212695133671
0.16784498559832434
0.14878404067177045
0.13782261670336166
0.3165306169781565
0.14509898703284133
0.12990404562258145
0.16430032803457606
0.1948449167546471
0.0704810874110651
0.14118361754147918
0.12401715533757039
0.15912745413843485
0.16286986122021446
0.13333536871767124
0.2717078829205763
0.07629961954936162
0.17386750458235123
0.07059529868815903
0.09556385229334922
0.04948939512961503
0.060596522783366774
0.020858888797667195
0.026018719184458555
0.1247882296973077
0.12047479818732933
0.26708562450903384
0.24038135330462623
0.1379942393296672
0.13565603708308516
0.05291570737092414
0.049514511296886776
0.04138299116912861
0.04145685343795468
0.032641731969603675
0.05415939062210359
0.10364213359488657
0.12008730323610783
0.08760817495872608
0.08990384173799157
0.09811455313649256
0.037845486341569486
0.027555689937970845
0.04539237055764551
0.0963603037444358
0.0281839196298217
0.03448582597427385
0.016666452473404147
0.0665095574757792
0.08575236848499707
0.2867242733699922
0.03243317683949828
0.025114526483791987
0.03333290494680835
0.04030527417578923
0.06395581762151833
0.08511973572201167
0.022726335315087852
0.06750300860146216
0.025961949156557994
0.08693375229117561
0.09649980659552365
0.08091053180989849
0.0412925956911427
0.10813769716218734
0.03159297786289376
0.03665881120712228
0.048703849175176735
0.05171019107319935
0.03482978747706539
0.023804873262244546
0.04454413648991849
0.09276716333699382
0.08956765100838128
0.02073144088155153
0.07611514447178992
0.05615414715690153
0.05596675214123892
0.05911855881304094
0.03927729772191672
0.024345310634479377
0.03408674616009605
0.03339579860279681
0.11951065919953217
0.057299065440776446
0.17884262896046058
0.14188454115129795
0.12578322242307388
0.03304487120051489
0.025067428516908713
0.04997853997797871
0.03350051666072318
0.037668892582165533
0.01547949116037408
0.196818365195543
0.06179628174914884
0.05542364888722554
0.04113666384074091
0.07305577376276515
0.0362285963327904
0.05582209235381498
0.051608404831932055
0.06024131609553684
0.02249293585841539
0.031553271783332185
0.09331608146324821
0.037934408571701224
0.029630681101223327
0.016138192911879345
0.10277934671987132
0.15370515841843432
0.465026413422035
0.14454045561665368
0.047532708099692234
0.03963188871556766
0.05352234737394022
0.07020328859048605
0.23492216948174313
0.45234033417857183
0.037262393741350805
0.06923182606494446
0.09086148206336742
0.01979887517280537
0.08621456493568448
0.0229574505894786
0.05341712490180671
0.03120051851055965
0.04111023828227285
0.0898362438200568
0.06333685941909722
0.03990502719880261
0.04572151454692076
0.04743662156301758
0.0250306665572006
0.03658397013018384
0.0760042313029171
0.03157140996994449
0.04145685343795468
0.03551757138623456
0.15863566358174558
0.044425749332991565
0.06780649636197883
0.060342753337467525
0.03178920753906082
0.07158228929554467
0.029890908821200313
0.0641507820368401
0.09007593610892882
0.041191882535893204
0.06656128135316043
0.15090887678700832
0.03551757138623456
0.0654621628698611
0.042453246062606725
0.03987655260129322
0.035953212024491005
0.03721100764131375
0.043896578558567274
0.0474017427775375
0.1188467110928681
0.0832416863053153
0.07186007131370636
0.1269716066759656
0.05681498798453937
0.055690373118318925
0.05406127578402006
0.055878502225713646
0.04518797024737059
0.11382652390369119
0.051082320829234425
0.10874574495941329
0.07291894766367263
0.12666151225694017
0.10386740194053411
0.03105778758347395
0.05220165156687023
0.023493695803688312
0.03924593523340837
0.05788692217110248
0.07181479521060313
0.071275665943289
0.08504403325261697
0.03443617588421789
0.0881319579676629
0.12538061014932422
0.07508296789318468
0.08483896307933997
0.08227332768148171
0.03787535071155357
0.019952952022399145
0.03980547140236046
0.0898731916845052
0.08014405179671671
0.1477609461537828
0.195091244083035
0.03512952170739002
0.08209878476736862
0.026828923493772572
0.035164764392374995
0.027665473563221774
0.05021444174463572
0.047675381453647865
0.06239411484865385
0.07567426027755932
0.06282147179967168
0.1399741221948718
0.11369414855113182
0.1112425567251784
0.11887928777166787
0.07750720083791544
0.02669342388016764
0.060046280907114655
0.0655230693511201
0.030190496943992017
0.030738331493966264
0.06180818101624523
0.11195288831913898
0.03212502314031062
0.10983073641167139
0.04930459187002111
0.10410276529975304
0.035668790680968364
0.1263659194628748
0.11528118968542968
0.04304924071353528
0.05764059484271511
0.06941162074201414
0.01895145250003936
0.03425249107827455
0.0813014959088776
0.08830613479699527
0.12811749066777697
0.07730080383940516
0.053844008191585815
0.027994824438974407
0.05184603299293005
0.08300602251898384
0.16068562742524745
0.05787205619731685
0.0865842530935385
0.051804634508099044
0.08075776970852737
0.1290617992074892
0.03643917492893745
0.1066597331918615
0.05528384235080397
0.10197951395249553
0.044017765954872175
0.22711379677343188
0.040815772642744746
0.04145362424876311
0.0544880112548176
0.04281787789915219
0.16709656784810703
0.04888375319119393
0.05251061229892765
0.05642878337895221
0.082765982338257
0.022505643176430414
0.17976606012245502
0.04901913834914639
0.019647443972712206
0.043069064404986236
0.05153386922627021
0.05939294126072592
0.05270934969231075
0.06165660483147379
0.10491613147496207
0.033280599512264225
0.029890908821200313
0.11274778313265356
0.062008577668785196
0.03806855717640615
0.016794376605725917
0.04275632576228391
0.10866719036396966
0.09877725868345598
0.0611298310821965
0.034821368008202416
0.09714584969887383
0.18023912870172462
0.10640592382408383
0.07594088467664546
0.16700992864684036
0.11369414855113182
0.0621804363731444
0.04786397851403573
0.037283638471738
0.09209068343115222
0.11734534634789111
0.09281663682701102
0.20800345673706452
0.08760817495872608
0.10940002990571354
0.08119782069345331
0.07649689423225345
0.09572795702807126
0.099502487562189
0.04268237828554725
0.06059672209020038
0.04922373026095466
0.04247101636233993
0.0870534200205059
0.0512188539426567
0.0652170000208318
0.0794332398073891
0.014252108587427953
0.034281402242042694
0.06859079063841718
0.03737241776229986
0.04194541402857288
0.03959775034561068
0.26532386200290986
0.08609848142707056
0.1091897009851441
0.05203743836891711
0.02896644772363739
0.04501128635286077
0.049987579876156395
0.048252995085501085
0.03577189799169674
0.059963341188792714
0.04122709538101619
0.100671584355057
0.03567967820653601
0.061812347992618144
0.12899003261418246
0.0978172100985342
0.054355620298270645
0.035718302463725204
0.20720403772009288
0.34879949699694124
0.020107028871992973
0.2115951750850087
0.01591862566137759
0.061534433097669324
0.05491022617557779
0.04742652610838014
0.08383497028564188
0.05772283539569269
0.055087929172909285
0.03304487120051489
0.0403685187643408
0.07585585880572616
0.24016914517797863
0.02303448901427551
0.03304487120051489
0.06971063393371077
0.05757577113555731
0.024960449634198214
0.030353139369981744
0.07818327705003399
0.021031489969555894
0.037934408571701224
0.029060272669236015
0.19231062795817924
0.042308338150799464
0.04465880138139945
0.041226537585521604
0.027778201816181458
0.030434078599678806
0.03421862723383576
0.06410354265272623
0.07072579293812235
0.02480637278460438
0.0649433921037932
0.012515333278600329
0.0098609183740042
0.020184259382170423
0.014381654907865249
0.04022708361424358
0.07143660492745052
0.09033778476040835
0.029428678272418823
0.09385071211570264
0.12439530083577367
0.07002792814038936
0.0371954265865382
0.035480143445221386
0.05953050410620868
0.028857183335446727
0.023634498645151537
0.04064400918396558
0.05274233020717565
0.03414270745302366
0.049359727842599364
0.023188565863869286
0.23354027436714475
0.07585585880572616
0.0383185549208391
0.051215945479597944
0.016801952087009075
0.03276153467556016
0.021918844172825674
0.0330078620039478
0.031092640078465968
0.08089472705510477
0.06298972604962047
0.08142961501033151
0.11070896733781524
0.10297126075435345
0.03127572753042609
0.035717462616212205
0.02452301363181136
0.02736626158912282
0.027235422334587304
0.023495739437057753
0.06179628174914884
0.19594316204183398
0.047979809279630914
0.07986383870123062
0.07783943577050367
0.036110901550914225
0.01866321629264959
0.04778750170720803
0.05066948753527789
0.014820789408868813
0.03325418933233549
0.028649532720388116
0.1569117466441263
0.03162441437534508
0.03694909925815056
0.046380482303643195
0.06179628174914884
0.042378116847687
0.037541483946592284
0.034928882357733455
0.04765645456925896
0.024700716629143294
0.04978708479361757
0.03141073589983595
0.06609896847574719
0.06089836552009038
0.03325418933233549
0.064952022811291
0.07277980936885389
0.10892903901544919
0.024920882931949724
0.03051984781974465
0.024757255648443388
0.03100428883439265
0.05197506628979844
0.10209877148331842
0.051282834122181147
0.03238440765157396
0.06520031421838159
0.04122709538101619
0.08775033977700401
0.12437810945273625
0.08929039015449079
0.05000076326912664
0.050439171682844806
0.010708341046770207
0.12851696403491283
0.03770620581304006
0.025766934613135103
0.047624403284967
0.04566967031431536
0.06436333378278984
0.0673067789252951
0.08274417386750431
0.032574126243728976
0.033061905719598494
0.029041992072722223
0.05025077499108475
0.1640480092756472
0.012295766028098573
0.02097270701428644
0.010631302621973291
0.024167607637147443
0.11218119964227105
0.5205551191411362
0.5771715261973025
0.3497194987493096
0.027991880291690533
0.21555373576367529
0.2108373987692429
0.02428418706917377
0.029538915765870772
0.035224807959436874
0.07122283320240902
0.03965869987041492
0.07567426027755932
0.11547525530243513
0.07961094280472114
0.0864608922640724
0.060952128084864464
0.07389819851630092
0.11097418354242299
0.02286498133136491
0.010400187347582602
0.020657327961440042
0.010631302621973291
0.010400187347582602
0.044585246438168295
0.044310756924920966
0.027099922720982376
0.01818106825207027
0.05427433277930814
0.20769547819483394
0.05726583143643563
0.02286498133136491
0.03508771929824557
0.032244219340631416
0.024371964805695336
0.0594214899277351
0.06259726669728635
0.058975882882278924
0.10159727677402466
0.07017543859649146
0.028205558767199664
0.08837581832695818
0.015150140284621447
0.019782943586317138
0.02318036038421131
0.04016087739702438
0.046795586136490305
0.035896005461057194
0.03513076008028157
0.047009264611999384
0.11259492013616144
0.11479797523609392
0.033626114455229894
0.17219420441467526
0.13843595855387097
0.05722036514089323
0.018698946677477863
0.03822990311599894
0.03290648522839958
0.0394123214650659
0.022649296890290938
0.14322309158039173
0.04728936514811424
0.02986114606823933
0.02788504081372353
0.025056122623807266
0.00947572625001968
0.020968953685172015
0.02239057766382774
0.0084742267276599
0.012734900529102084
0.1826950965602706
0.1057708453769988
0.09059963341188788
0.04337673052834489
0.02286498133136491
0.028433958939977917
0.026018719184458555
0.05708300602251902
0.0252338256211392
0.032484042443180504
0.02668723595871769
0.13860833791893368
0.5020885583041172
0.05260008721026202
0.047153865534509315
0.09374181722964109
0.0308939119019199
0.019376444745502402
0.010554264197176378
0.020815017487863213
0.02948042911143442
0.029019797406568258
0.053772820508241774
0.041168859469080006
0.03297244581307663
0.0702502240678009
0.08483896307933997
0.02289943469923012
0.03021937012972444
0.04778750170720803
0.10470584554500907
0.023940020492379095
0.03423949864588616
0.06124554771354195
0.07516836787142174
0.014098031737834178
0.053663593616907965
0.05124909608754202
0.047153865534509315
0.05887223148465303
0.07243700319758085
0.046154550709963084
0.034928882357733455
0.03473215330266149
0.0877171165754529
0.0384627473563246
0.04829133546505394
0.03731116809415921
0.01896994590468767
0.11246467929207694
0.08636365670333543
0.03941237254202722
0.009090534126035162
0.025706087577882474
0.02318036038421131
0.11354867620091638
0.031808836522421995
0.08038023249914517
0.052197093860433155
0.019918443199922062
0.03296658559606303
0.02688641025412086
0.08061054835157869
0.025140450182451535
0.06467661691542306
0.020419754296663685
0.026833152597126916
0.19209694948267034
0.02487841962647528
0.028846594193726885
0.020189442427131866
0.01883444629108274
0.0574952951169435
0.0857219102789092
0.05504548873150649
0.036073708458389184
0.06207448675369315
0.034296678485069475
0.04778750170720803
0.10745119358869538
0.014711005783617937
0.01756538004014081
0.03821089103658515
0.044310756924920966
0.0810416910395438
0.089317602762799
0.05650333887324806
0.12149777428646258
0.06433732678066811
0.020492220995977545
0.1581611189906356
0.040324692327834484
0.017675163665391687
0.04111023828227285
0.028060843691887008
0.02176115464640245
0.07214741691677813
0.052573850078705825
0.06179628174914884
0.07907829274679205
0.021544438563180994
0.022505643176430414
0.24229227675960144
0.06912804399057337
0.033359044948397136
0.05440288661600613
0.13269433329114397
0.14078409853550355
0.23261901095741236
0.18154324102171296
0.18889177235003396
0.09320629783799733
0.07081043828681774
0.12621308713332852
0.21750846873432667
0.10027336452135852
0.13328096360303737
0.06314281993988877
0.038904404522438506
0.026923487914145103
0.039530517969181334
0.05474184389638426
0.038442173973657075
0.034975444857796245
0.1069451735110378
0.12844684154352962
0.09667043054858945
0.19829349935207458
0.04329559473586231
0.07737027936840496
0.06869830409769058
0.16325035528894333
0.19402985074626866
0.1623285370986843
0.16559709789938543
0.056546203800930644
0.13782261670336166
0.13744909881410158
0.1204540635815709
0.06686035920343959
0.08892416554794878
0.03290648522839958
0.026716638882237416
0.04084838963079338
0.022628435472020262
0.04061954296657769
0.10364213359488657
0.09934440164661988
0.13078940603632716
0.3045927148427503
0.33923502190672356
0.2479361958370575
0.13205329786461667
0.04252521048789322
0.11177518532180694
0.1047866470732002
0.13500601720292485
0.10202512359581421
0.10249819217508382
0.08671975270714369
0.081210106107951
0.031123523617950836
0.15636655410006853
0.029890908821200313
0.09286540280215154
0.07080259736401939
0.05412332724868379
0.034282099034624064
0.0220765336992489
0.014633958269330486
0.12637191145157503
0.14102779383599806
0.10029053880515912
0.23819852655087698
0.2012494272927268
0.1529297260155661
0.10105828322602672
0.10133542812254515
0.030892408343560093
0.0366702902033282
0.06707230873443143
0.04915051502042728
0.12690403469062797
0.13991392252419682
0.09540216348603954
0.09560468517296293
0.14114555916613528
0.10277934671987132
0.04075332671756435
0.09258326160995468
0.10364213359488657
0.10640592382408383
0.0720641135754054
0.17757352222590583
0.11002568624718823
0.1418745650987781
0.06927346753330546
0.2421474203901297
0.047865660609383645
0.04973198223864862
0.11987362476059839
0.10683424980361353
0.013789878038646518
0.09720353954058557
0.0853100337949547
0.08075776970852737
0.14878170634615293
0.15737103953914605
0.2329686295022077
0.13266193100145493
0.11132648574023486
0.0764122888527455
0.089317602762799
0.06197198388432002
0.06827956494124844
0.1584573064739601
0.06905390028280368
0.061662940074192076
0.13376272566868908
0.23440528763346963
0.08398630139949413
0.13079981137385283
0.04701836592090444
0.0517115722236022
0.10395013257959665
0.04072972496807644
0.08379007172332707
0.06887661633463153
0.039905904044798345
0.36604240998407817
0.3634459282534691
0.1791044776119401
0.05569878112816453
0.14139188649452267
0.07096028689044277
0.06528346393920735
0.03643917492893745
0.061369046515241714
0.1024318909591961
0.08893689290268827
0.1516103692065987
0.13953498769386824
0.04422005583342518
0.07575070142310723
0.12581372211103217
0.27046740656966173
0.19088766692851547
0.044605247957409694
0.12437810945273625
0.05840033346371706
0.06260082148546904
0.06476881530314792
0.14010798878326772
0.12581203453750855
0.09114454627261298
0.14671119799987264
0.09654500067418449
0.04298744103667466
0.08673351686583235
0.10683424980361353
0.029531795192486693
0.07222332472207194
0.0884315108911735
0.23538280118660906
0.0801499166467122
0.050829818491157405
0.06122365896411698
0.03842426883780801
0.022370183083042772
0.010169072073191858
0.02382304667944095
0.0511301192401441
0.03653901931205407
0.023811118489904148
0.030487413061105167
0.1964259058432089
0.03802844142904081
0.041600691347412906
0.0655230693511201
0.04308887712636199
0.044425749332991565
0.03497848063104918
0.024345310634479377
0.03423949864588616
0.020026569855747203
0.023718310781508767
0.18402236609403227
0.02097270701428644
0.07710045378534103
0.11636419796705583
0.08423122073535202
0.053178242241268374
0.08521686540024026
0.04572996266272982
0.046558185300975184
0.03038721254376621
0.03958007113222478
0.22073841319717205
0.02371326305419007
0.03130041074273463
0.021262605243946582
0.07586881714340256
0.05708360856520045
0.09360438478731474
0.041314655922880035
0.06840380817262529
0.03455240146925255
0.0310980245330941
0.027777420789006968
0.14318208999227156
0.015638800233772305
0.03847624444726232
0.05970820710354072
0.018489221951257927
0.11734534634789111
0.33228593872741535
0.15321559825713096
0.15658549358470805
0.1298981407722582
0.05030609139238089
0.2313547882009423
0.05686791787995573
0.026038987581354908
0.13450445782091977
0.037748828150484894
0.11133995243122691
0.07520178329685286
0.1047866470732002
0.06571731259838214
0.11354571524950918
0.05458485702664055
0.2625600717737126
0.04115696639645681
0.018772999917900463
0.06896930332489991
0.06872532462016022
0.03611166236103592
0.054928396880195386
0.2571353757528146
0.3815134852055509
0.1974229370223568
0.3433221908453588
0.14606858346609497
0.08143531560932243
0.07437104726730903
0.04610912260536961
0.29582555156993495
0.1855219292145729
0.06490431491675257
0.14417772362310888
0.14423297096863444
0.10612505128281793
0.08183885611998058
0.09704872472177806
0.03534956794972504
0.017818916485822275
0.020460441654341726
0.01117057159555164
0.017818916485822275
0.014162087657363494
0.030044985670794087
0.15223877845826664
0.12365631885061049
0.15223028894358037
0.16476753014357304
0.09650234216946123
0.12333071484681869
0.0630073203262841
0.1204540635815709
0.07597026867360898
0.11816419695652601
0.036208059654546765
0.03528359855698385
0.08956765100838128
0.08515234426853133
0.07322567804233704
0.3410977774533935
0.11607918962627294
0.08006170787615305
0.08483896307933997
0.11311861743911995
0.02403598853663529
0.09551427855256235
0.09295013684645324
0.09557500341441585
0.1529297260155661
0.1457051224150425
0.19537732323835244
0.09871694160775044
0.09871945568519873
0.03271552032476221
0.03274133053868588
0.03169559481106444
0.09926991334023125
0.12621308713332852
0.03512952170739002
0.09340532585551217
0.06812187541482506
0.22355037064361388
0.13290801176665287
0.06531081375756763
0.0853599091326635
0.04029059046707292
0.10963034575814651
0.07978864580205264
0.08314402272834244
0.03688729808429566
0.01544695595095995
0.023940020492379095
0.09899437586402685
0.041630034975726427
0.06639481066640707
0.13243161514902196
0.11976424326520262
0.08209878476736862
0.02727160237810543
0.03198653951975392
0.07001498094879473
0.06310654356666426
0.1713056894280156
0.09024213995622309
0.08375129165180809
0.061110325735815096
0.11599895260539418
0.08799075574414904
0.09909598646435619
0.02601592581214311
0.09465956465052615
0.026828923493772572
0.05787205619731685
0.09045082564197074
0.13775323266926362
0.043526710010253
0.0794332398073891
0.07411407741890672
0.05894233191813678
0.042140379831127596
0.04015135452719025
0.041917485142820836
0.0783670218233974
0.015561761808975392
0.0598500512309476
0.1556395625797045
0.04007102321657117
0.055770081627446955
0.10013284927873574
0.13511390416339353
0.1273530598324103
0.04252521048789322
0.06184064307152412
0.06610551500749147
0.09662215239591533
0.08045416722848717
0.07411096465462544
0.10468911456475985
0.04701836592090444
0.07679479936810159
0.07717788855136865
0.07249315773389019
0.1112425567251784
0.046767824356874876
0.03191015900395673
0.0225101798969127
0.02016590612617023
0.011146678399040384
0.08133251261945658
0.014119370253993194
0.07093264841438368
0.019120050150338627
0.0039089477300759245
0.012407536397370737
0.010509788338137665
0.009633411126146818
0.012081435338244222
0.010688866655228455
0.011288140639706607
0.05515995767404117
0.008352554710021047
0.009419308159048661
0.006504079403691804
0.032268969051966426
0.006149920028358567
0.01204506162886658
0.00741141486635408
0.010824850267226845
0.008352042881772031
0.0036978448253291735
0.007569097713592859
0.13677208456548218
0.008529743997382482
0.012316366506329956
0.0120700391344691
0.013354281248557929
0.010007713493177058
0.011746108479168103
0.0069104802953451365
0.015710919090210836
0.015518621689102478
0.013358319441436258
0.05600693482735187
0.00788447632116029
0.013674320401451175
0.026540191404400226
0.04866840839429229
0.056501882381347755
0.046828861549991524
0.05330812259025656
0.06955358809219331
0.04793700005794208
0.07500619038598247
0.10701148150272355
0.08009282841548808
0.0753607068900951
0.041729630086907527
0.08038342863703665
0.10733609383057241
0.1499806328843137
0.0590112823410017
0.06828530727668451
0.05257378365834012
0.04888371454238994
0.07636144161346581
0.19191261126767345
0.03403292046435521
0.043088875050725534
0.04322437570214869
0.02442118036559359
0.06581297004764781
0.048252994934529225
0.05437711709851528
0.023573757969414726
0.06517193500469969
0.08012568733704158
0.10506292936180767
0.07710045378165596
0.07857841775382433
0.1007575994865603
0.19755451736645074
0.16856129182730561
0.19831654502239116
0.16169325316159658
0.18996450414785118
0.11461843327910769
0.1775735222258988
0.0801062794229862
0.2273217463514497
0.06557240601549481
0.07554359959805008
0.024652295935010497
0.05077602750827235
0.08379156847342241
0.023804873262244546
0.03381335657727103
0.07093728254938905
0.023727834837447632
0.04159838137670793
0.042546878671942324
0.10649011649335353
0.06837711216290827
0.11693616654103879
0.22923686655823647
0.17740071722610692
0.2722263777985785
0.25219585841422404
0.23469069269578222
0.09177911070973538
0.2003142183817751
0.06856280448408539
0.16132724900936152
0.1628333076701887
0.07301012522128686
0.06338218540195457
0.043359876353571795
0.04856837413834754
0.041869380603917795
0.040510157717574685
0.07531328374561765
0.06063496993561582
0.05633185015423357
0.061812347992618144
0.1713056894280156
0.05526563217024133
0.060438740259448766
0.05170808749316448
0.15863566358174558
0.13009359592229278
0.24551669869366466
0.09830103004085466
0.07981180808959679
0.18560057260011384
0.11666516731382892
0.11069804754909073
0.22801269390875076
0.06730871978536263
0.07956372706921742
0.07439202033588523
0.023804873262244546
0.07093728254938905
0.06581297045679917
0.023804873262244546
0.06559929198129025
0.05544333516757337
0.04268237828554725
0.0723191776639874
0.20684076429279719
0.14899188269180397
0.24482848913328076
0.1493319815227766
0.25269366220605605
0.2987766479988307
0.5379788851986718
0.3113295388167414
0.5122224558111729
0.35582198532649845
0.3000351748594073
0.04144667254073647
0.18307754017734235
0.033114800548873294
0.028996917311451167
0.055916303544001365
0.10363406062190805
0.04316305205283582
0.024652295935010556
0.055191334248121976
0.05098975697624772
0.13695799458354463
0.14358402184422867
0.16528563734812662
0.11845653164569919
0.02950571669721574
0.07303593190343834
0.04660314891899856
0.1672093088664173
0.1898581898135404
0.20329394450905522
0.21635003025263905
0.2789937058111872
0.2103578282485574
0.17818916485822278
0.1416051947280393
0.2015272147688575
0.09557500341441585
0.10271849593765874
0.051608404831932055
0.05243835046510089
0.044017765954872175
0.028454918857031504
0.0483663290109471
0.03929488794542446
0.11047177183819866
0.027194563953308517
0.0988052627257921
0.0525649049752357
0.057809278960703224
0.13459020686043446
0.11757004451427078
0.06327831955349397
0.24436511943149924
0.2650482053451331
0.24548332488496963
0.24489463585646845
0.2547293327909878
0.21218272618052433
0.28052470826349296
0.13104972003442358
0.06477233889801892
0.041630034975726427
0.04061954296657769
0.127104901448038
0.04918635973858303
0.01702549188011666
0.042140379831127596
0.0316242733791307
0.12169416077507195
0.056977701505206604
0.09811455313649256
0.26532386200290986
0.09880550069379201
0.14715258037493442
0.21027837327140336
0.40429431788426246
0.36322492654653926
0.16610262500458123
0.11511335428894068
0.1667486771615508
0.05230285085149602
0.05919117407530213
0.10814349306101062
0.12330464838046963
0.021408938949576066
0.014820789408868813
0.020341948908593595
0.03675269778756314
0.058130400628436586
0.061724648452065885
0.06912804399057337
0.04356298810908328
0.05251061229892765
0.7210000901907122
0.20389255766520556
0.18150064491311066
0.06354931878070381
0.05685435750011798
0.236218910581963
0.1465270839637192
0.2854976858655493
0.2504109679600516
0.11024198588437507
0.45352186436239844
0.15896668936327416
0.270108555944589
0.09799287634166678
0.4350666452460909
0.058264833850111865
0.04123994577325404
0.10235198976885349
0.05596675214123892
0.07037038694345882
0.07882474508405424
0.0435223092928049
0.09465956465052615
0.08010627942298891
0.16508608452139692
0.14411713083622477
0.1880097711772204
0.34722752270226853
0.22763935085625192
0.4204807495577531
0.45299836807926674
0.36322492654653926
0.4780210628229893
0.2688312333921455
0.45533444026020203
0.40873125248895037
0.5050826643857476
0.3210317502092805
0.17209342599849586
0.27430618024780007
0.2756880753623984
0.15516649400043486
0.09530060007705342
0.0882429955485727
0.015715838658569223
0.050720034865906524
0.12777972835443466
0.06575653251847696
0.1404065771809721
0.13249541764859882
0.1767120992460162
0.08672906394819502
0.7588907337670008
0.1593154624800057
0.37146277698421054
0.5307672165488344
0.37467031478153784
0.5569520816967776
0.48834773500916434
0.3315003927729768
0.24540783931544563
0.3268763647704384
0.10910964036182741
0.1490280336745403
0.08659118947172462
0.07384131971720319
0.11809374181722984
0.06258182770358742
0.04978708479361757
0.05665528552916401
0.050134857033817426
0.2974600680806489
0.2204629589069648
0.2825975509353908
0.12595782454294477
0.450037175654241
0.4344838284766578
0.2046675522422246
0.07421373066959495
0.07059087103631598
0.14139827179889994
0.16993977481015946
0.12970781594641495
0.17543859649122784
0.14423297096863444
0.16234616391725595
0.11607918962627294
0.09009541964730665
0.044151677137584444
0.1280077070425261
0.06624770882429967
0.10604870384917495
0.07123137244863618
0.02288041216468168
0.03882736609764165
0.08583054771133984
0.14252354316456206
0.1275708268763736
0.19387492005303722
0.1108386839288178
0.13500601720292485
0.22908441540053354
0.39145896713264966
0.34030123989071526
0.28741353090680377
0.6239411484865385
0.6603822990311573
0.5791155490394148
0.14392633270390337
0.4428973842288157
0.2869949380902356
0.3756491757911969
0.20577237191525208
0.07574428400514581
0.31800858094848233
0.11180937418172286
0.03166279259152918
0.06422681684872819
0.1120712228332024
0.09667043054858945
0.0535744091224294
0.14188250773803476
0.14533312374872542
0.053156513109866514
0.14557945107711334
0.0595027248859768
0.11032129331544596
0.28918828352712506
0.10076625963435551
0.20569259420774405
0.8030270905438059
0.2779912338867292
0.45273631840795986
0.36604240998407817
0.09864371870437581
0.10617560797165032
0.1439474077706759
0.1309243257397222
0.08982318244890183
0.08316500275136032
0.08589784364855245
0.0760568828580814
0.12143937289512147
0.10739871517702414
0.13930348258706482
0.05544073075169432
0.08525771172812642
0.024729334359807467
0.13911077486958137
0.3071701784994245
0.21616395811898254
0.3822554091733974
0.2753373321292067
0.23019081329316116
0.28433958939977916
0.48205107914243966
0.22527599901480588
0.16423630337531628
0.12222065147163073
0.13773239067818768
0.02187891264232185
0.030199062520387916
0.07240875050563851
0.13104613870224074
0.051236084304635415
0.08397188302862985
0.04620536823927497
0.11515154227111409
0.09807842025867146
0.07285256120752125
0.02873533244924665
0.06528346393920735
0.07126054293713976
0.1764204969135953
0.3765647485645534
0.5793618763677995
0.48228139499487266
0.32626341974338796
0.15150140284621447
0.295129432955231
0.24284187069173765
0.13130121580005244
0.07913177434526876
0.0864138604799168
0.1162608012568737
0.07080259736401939
0.1140094418530512
0.09046188071300637
0.07410214988743004
0.10626639240451584
0.1293532338308456
0.24444817598239665
0.08359384204716003
0.11390762128979035
0.10663623967651681
0.09478921183555919
0.06207448675369315
0.10840534171249012
0.050270356647422305
0.06827956494124844
0.03882736609764165
0.042376479346839656
0.05555484157801383
0.2111111608303759
0.1346174395707258
0.09364947959394639
0.07537616248662729
0.06182815942530524
0.04483157376655598
0.025411528618471183
0.015589274785624958
0.03731116809415921
0.029630681101223327
0.03034234352229052
0.016395453246194343
0.0525649049752357
0.1504035665937057
0.16242021221590253
0.14599487906827932
0.0530794746850696
0.16473067852673284
0.6145913457551755
0.0760568828580814
0.17193647521459368
0.10847876649598111
0.03797994342487564
0.05390375999818203
0.07979090037014214
0.12521558664832552
0.266457058959833
0.14829286200330702
0.13911077486958137
0.14035087719298237
0.08953128123830793
0.07829564079064957
0.07162383180097029
0.04995154948915038
0.03882736609764165
0.16553196467651451
0.1776020037675102
0.09595961855926183
0.33987954962031947
0.07001414973190354
0.1344173281744237
0.07547328477793594
0.08913223489160238
0.04925364871792752
0.08182777496165655
0.10745119358869538
0.06576039152527682
0.09080623163663482
0.2445666404818012
0.09810172024995609
0.19411580702696696
0.1776020037675102
0.0394123214650659
0.05092239879075615
0.07111797641686617
0.16313170987169398
0.06809169762996332
0.03998294246959526
0.03139811682175167
0.16993977481015946
0.1291191269179138
0.13671166725515724
0.07642178207317017
0.22664527597293355
0.07818327705003399
0.11734534634789111
0.13795919560741596
0.08274417386750431
0.026809371829324
0.10253790598432193
0.24701231768850576
0.1611090405762402
0.1275708268763736
0.2066686285172554
0.08685525232074834
0.1660120450379682
0.2291962617631047
0.1190189108585622
0.10370380525120929
0.022615426801681295
0.03216866339033406
0.07389819851630092
0.06944550454045392
0.03536289646906129
0.0924241774746769
0.042294095213502476
0.08495825773027989
0.07623458585541346
0.06829180525687552
0.28777166797590975
0.05280592374567325
0.07890013081539297
0.1285162456576593
0.1034231444472043
0.18376018697720198
0.11106437333247877
0.06332558518305847
0.09062852863930278
0.09779194936990487
0.030769700473308723
0.0450861583324176
0.1779941700990702
0.03665881120712228
0.03251964851174983
0.023034934312834997
0.02428418706917377
0.03767303543437684
0.055961340418828345
0.05427433277930814
0.09676026154491636
0.06039812504077583
0.04968978399400563
0.07432351429484582
0.29022369105105517
0.37861255294211815
0.08874826536603812
0.09869547910054122
0.26132495417648594
0.1254826836617559
0.18794775155979265
0.10594529211921735
0.09864371870437581
0.16286986122021446
0.07358612856264082
0.10299302519538077
0.016357760162381104
0.01844364904214783
0.18367097689235148
0.05066948753527789
0.032574126243728976
0.0220765336992489
0.07981005439760533
0.06978570328722365
0.02950571669721574
0.09166806599339866
0.05983207576172943
0.0793735610563862
0.10262812063536317
0.10525434456191844
0.11035464311767636
0.3136946844723746
0.10087834336568985
0.07253718215467501
0.1782644697832053
0.1340248688220896
0.10733261038850754
0.09880550069379201
0.13769697656870783
0.10851501092037423
0.029538915765870772
0.03197094629071679
0.047536309733631016
0.08205253459549003
0.24508921140892392
0.0667026696770162
0.1199945591176356
0.11773780570022521
0.11084729777445163
0.0742717669453301
0.07849187046681662
0.0951713929410151
0.0601038681265915
0.042308338150799464
0.18033507239751156
0.11338046609059947
0.08443411357741112
0.025268603333385816
0.04087168938635227
0.13312169024216178
0.11652264990835269
0.13589945011783208
0.1395714065744473
0.04588765218915305
0.037495332437044906
0.07164179104477582
0.06081821737891568
0.04598953570951288
0.03913020001249898
0.021111391135744215
0.04634944951065528
0.052235101044693526
0.1503273108143491
0.06364416851022703
0.06036507786098813
0.030098912568151965
0.0824558533666945
0.10914696529004243
0.06970078097453328
0.10996051939225601
0.0745762730178317
0.07420877168582905
0.08620369674018147
0.09417093764260649
0.09801364396545377
0.0912281091487437
0.02612372984863152
0.04694913189510551
0.019691021378089667
0.023495739437057753
0.030401692521166736
0.019240945131897474
0.03408674616009605
0.04061954296657769
0.07567426027755932
0.4125982750493476
0.059261362202446446
0.10256566824436242
0.09382718259127842
0.05829510500821714
0.18701647217566197
0.47517781486567773
0.08263189375936421
0.05829510500821714
0.0661238114391972
0.08796298367932325
0.16168172840802328
0.5542819654705767
0.08890191903916941
0.05917337401022416
0.13301675732934184
0.02403598853663529
0.1243705603138642
0.03767303543437684
0.032341945514417846
0.08227332768148171
0.08298729975402828
0.08568506867914424
0.059175098111544595
0.064952022811291
0.20382952940327695
0.02110852839435281
0.030216413833895363
0.02459153205619709
0.08247989154650787
0.045823514008902826
0.08783306621772566
0.10518176922153512
0.04852436236088892
0.0594843303725565
0.04841068461192431
0.05544073075169432
0.17127151159660853
0.060237399093664934
0.11813026505255933
0.06395581762151833
0.038949313026531936
0.06517531414396242
0.06539470301816384
0.020492220995977545
0.04283336418708083
0.027194563953308517
0.0785447248207289
0.209769523822568
0.17981894972299922
0.2155615826205232
0.12286512341772586
0.10557156577786843
0.0846792756892617
0.0769637805275899
0.06481039535993773
0.13170987169416076
0.11584887377383996
0.07398278902828201
0.06848715964445105
0.1467826757962043
0.11022497896982111
0.2253274006169332
0.035365399150882014
0.029531795192486693
0.02570339280698262
0.021846941424925093
0.02838411475617711
0.034825870646766156
0.04329938025741931
0.02318036038421131
0.02542268018297965
0.03631389644611641
0.03443617588421789
0.19090367950044432
0.18607364117938346
0.049920899268396365
0.0963150245539259
0.07890013081539297
0.04029109616878286
0.1195038727857287
0.09186873802413045
0.192313736781623
0.07651918679986339
0.18277035873265238
0.1281379785370785
0.06960281840905809
0.09082916721976675
0.0962980309961351
0.10444278723637195
0.0849674497803294
0.047975444234634526
0.0924241774746769
0.06314281993988877
0.04620277930631127
0.02492116887321431
0.04688286630729951
0.04632868985587136
0.027226339062218212
0.02073144088155153
0.16156061796281737
0.06633008375013756
0.08341775947787623
0.03688729808429566
0.1112425567251784
0.10568969861183104
0.18867809387452503
0.19658419746836128
0.15799667476909415
0.10822112537516775
0.046987391607376625
0.11499059023388646
0.07268052590877426
0.0594843303725565
0.21946320170497857
0.10321115059443402
0.035591752256171505
0.10054988216810656
0.09161761485188259
0.11446697865924159
0.04036813459357977
0.14118361754147918
0.07159104499613578
0.10320670367088969
0.050720034865906524
0.08006170787615305
0.04018080684182205
0.12339679478198924
0.08494203272467964
0.05528384235080397
0.1349873759564435
0.16053014914585792
0.1369901093545661
0.1849888202225768
0.08974001365264311
0.13675422432581655
0.018882783543151344
0.04145685343795468
0.04384626445300532
0.03354752065492686
0.147848893780196
0.032181666891394865
0.03787535071155357
0.05274233020717565
0.05361443898389011
0.04728936514811424
0.13523198096962652
0.0308080591582256
0.02845330304422106
0.02843247957311463
0.04778750170720803
0.10343021733438079
0.08281630665667587
0.24788793553728009
0.18386720656851852
0.1485075765109837
0.06686935272371633
0.15200846260583367
0.14440803947554187
0.026193064430948737
0.05788775446927761
0.04608536266038225
0.03927729772191672
0.016577327412882856
0.01855343266739871
0.012634301666692908
0.20248106393466472
0.021408938949576066
0.09656031272796695
0.06083932650860524
0.15000228980737995
0.07723477975479974
0.13588635293551815
0.04683936227652006
0.18454627404672921
0.2850007189445343
0.2380378217171244
0.27327594929141663
0.449365958422526
0.607112587013605
0.3241302671335066
0.162699332621804
0.14822815483781399
0.14779639703260236
0.04417287403520125
0.03127572753042609
0.0322654498018723
0.016467543787631978
0.02538801375413623
0.0347326526815664
0.018333865416896952
0.024920882931949724
0.5077245352186432
0.42200825546438253
0.3823971015762751
0.5868028279654369
0.16082121258542956
0.13498223461826467
0.25251595920872405
0.2270973524018322
0.28158958529970535
0.29036669764043294
0.6637863315003943
0.41346785011008547
0.23768154866815508
0.2840102385240265
0.40791805580998214
0.08859418851644418
0.07498221604635108
0.13668499607227014
0.03713252075210963
0.051159169366910034
0.043988940559034434
0.05291570737092414
0.03643917492893745
0.10840534171249012
0.15001334298809138
0.12690403469062797
0.368682901283058
0.13157012481036948
0.11192268083765723
0.03227909998990445
0.05639212695133671
0.43161190745959477
0.2243977300127989
0.23252171828136384
0.5581281780297384
0.5072727008585755
0.7075150562974609
0.5052914161301331
0.34551809489819557
0.2596193477435424
0.07222129405141818
0.07174653050536807
0.07916014226444967
0.06417963725424473
0.0525649049752357
0.03482340069646235
0.06626205133628328
0.053633297352781134
0.07986383870123062
0.048932370891581214
0.2803204997051689
0.16226252268947913
0.14228997059988915
0.3408674616009605
0.47048519722045007
0.5891594658287516
0.28741353090680377
0.677892807722866
0.6478784928942558
0.22865004479722287
0.20207178824228977
0.4455014143112394
0.338701912914728
0.33377352996529336
0.11584887377383996
0.13157012481036948
0.06386425820139849
0.029970929693490207
0.11089912878921702
0.04928759242067941
0.07791227782282413
0.0772678679473712
0.05192765474366623
0.11132648574023486
0.05246316728669433
0.07332562978679086
0.048252995085501085
0.13680761634525057
0.0754213505473546
0.46530505367897323
0.1527080645327357
0.2078072270608975
0.23675575086406986
0.2918978841393893
0.13536411399130696
0.15596005525925347
0.19632288072497348
0.12362858871579381
0.08521686540024026
0.052257005619418866
0.11816419695652601
0.08205253459549003
0.08990384173799157
0.094360291583274
0.0979143515299132
0.03443617588421789
0.15715683551133372
0.2178787964016952
0.06182815942530524
0.07315921653113826
0.0764122888527455
0.09444588617501724
0.022572258465494023
0.19047120996215816
0.19524852778620655
0.32184432342976393
0.33464257659073054
0.19458887560623658
0.18055450775457088
0.40249885458545304
0.1702549188011666
0.3086481424697509
0.10518176922153512
0.03216660219850782
0.051069155646672075
0.09452736318407966
0.09163376616021308
0.024481748430946214
0.06247816251029237
0.08152548516079776
0.1395653312385438
0.04876532289644276
0.03589990595535911
0.08222023431399066
0.050280900364903014
0.12899003261418246
0.36735378463076507
0.3801340079306681
0.5808565798362323
0.3647649598244227
0.18489221951257928
0.8753600418957831
0.46427941381122106
0.3694266273026624
0.2217395340687572
0.09460318565060287
0.11353645902470844
0.21752468806825204
0.09606922604588244
0.10448877452394424
0.05911855881304094
0.04375921778525033
0.05394082220476559
0.04928759242067941
0.27472154663385845
0.10284629710387203
0.18098566875619768
0.34535091439951376
0.2856768787640741
0.10451401123883773
0.2783451165226496
0.13292512094641878
0.24505606698879873
0.17248588535082995
0.2247075751530688
0.2790888630632305
0.3215209299965818
0.2591919907925241
0.3049532325439355
0.06554071183979215
0.03768779681514631
0.04871869241607209
0.026557924266562713
0.051564475140388415
0.057693188387453985
0.10641340586347359
0.028725918084241308
0.08352040874602441
0.11158627975961483
0.13104613870224074
0.13769697656870783
0.08505042097578633
0.07584866220956235
0.05862590415626567
0.03058425464437249
0.11657316624976986
0.049321859352187906
0.30875609273663807
0.4889597468495254
0.4106716268341741
0.5963584620265522
0.5660602006348653
0.38312766224771916
0.21447903605057675
0.3412434068544859
0.06378428627076103
0.12882919274675173
0.08767537669130279
0.08814068667665528
0.023111527439072372
0.04337673052834489
0.0514898531698665
0.11133995243122691
0.0933774937974716
0.13252410267256656
0.13589951042378037
0.22507543856359713
0.3471500100557841
0.30954454036875384
0.4176020437301209
0.38697009784254793
0.5126731473027226
0.3241150757429494
0.3966038978897664
0.2488340726958193
0.24025445239281867
0.08909458242911167
0.13223356899711983
0.020492220995977545
0.07253207645980611
0.16988406544935983
0.06729510343021723
0.08357544900429908
0.040999276870033644
0.056977701505206604
0.10817501512631925
0.07948334468163708
0.20231279612821998
1.0
0.3448770594716683
0.11763938423376158
0.1026558817015072
0.027665473563221774
0.09089478417505044
0.2180188782903033
0.19560094265514527
0.25076122029864845
0.07649915582332985
0.1206522041507173
0.07959312830688796
0.1556935162447628
0.1383419216977648
0.055983760583381066
0.03528359855698385
0.047091294292971084
0.05846428612221698
0.05988591010087276
0.19957569612548823
0.09934440164661988
0.1290617992074892
0.1229886651992653
0.06169839739099435
0.13917494053903362
0.08057934800225852
0.12008730323610783
0.11453166287287125
0.12759498224792687
0.022803373739884766
0.16941607750720095
0.24402081903137882
0.6783854623796461
0.2399870047984235
0.3140011962855846
0.10690919513427567
0.08846382432341865
0.27522744365753243
0.16816496022565267
0.06680130950722157
0.06132572247110821
0.04922373026095466
0.04241848260784249
0.06985646020548016
0.05205138264987642
0.09492909490676993
0.22799294557691271
0.053633297352781134
0.1001873958083904
0.05323355153466343
0.22941456955556852
0.10300037395346597
0.0665288769020335
0.2999254792569381
0.3065001259743108
0.33129655526400986
0.4840629647322765
0.6052262458485084
0.21432089778499805
0.43774612535082047
0.21031489969555894
0.10854714053884339
0.1180173971446957
0.09057149083197573
0.049321859352187906
0.041404461671245854
0.03861738987739987
0.051215945479597944
0.058960858222868624
0.026348070060211188
0.15986643612359802
0.07963321084371928
0.127104901448038
0.04876532289644276
0.3583714663858749
0.17804649227685443
0.15413620985223553
0.43098948510183094
0.3326093011031361
0.6433621366849936
0.5032128098239029
0.6020456382600753
0.37339617700968836
0.14298331642306134
0.3772573662853872
0.15090062097245513
0.0790805594953178
0.17119749322943104
0.07801161582873331
0.021185566819149723
0.04636072076842267
0.05478202900018905
0.06752239826087209
0.08634105751349824
0.0557758195529615
0.30651075417291956
0.4477340171299103
0.41738675045823487
0.1942673794053713
0.09067422598596073
0.333071484681854
0.3493643074573593
0.35967086659989955
0.3950122636901314
0.7575281487300349
0.43695767771870464
0.4721568639110346
0.4300412535433583
0.5365009212283459
0.351231674960449
0.15122425583985508
0.14026235413174673
0.058975882882278924
0.03888838910460973
0.06863412402505825
0.07149165821153067
0.07315921653113826
0.07672580338131314
0.09212634097323262
0.17585738534397946
0.21695753299196277
0.2029327048965698
0.22478827197468756
0.2112438976100574
0.26207999291536865
0.379751305298412
0.44319127534592395
0.28644618316078346
0.7261729640868497
0.21909728012240634
0.450203597938254
0.39872403529995865
0.10923470712462548
0.18347474721618443
0.109642749353823
0.053772128510313336
0.03212502314031062
0.040338580394356366
0.04335953134899975
0.05887223148465303
0.048861189365593465
0.07272427300828108
0.21918854827858605
0.17204594176751184
0.09320629783799733
0.061861855111917156
0.21428280637440972
0.05961982998616115
0.2868877865562153
0.41848390387090895
0.3123979311942871
0.48825531653826654
0.5000076326912665
0.5079269511353761
0.236849668687656
0.41777114894548883
0.10619820232801663
0.0594214899277351
0.27293067985353864
0.08360465443320839
0.06004365161805365
0.023650796412650773
0.07672580338131314
0.03130041074273463
0.04199315069974696
0.05850022651800268
0.10824845064354814
0.07730080383940516
0.1779941700990702
0.10718019436148553
0.11047730768204476
0.1157166700185947
0.28433680076604356
0.44683777369523403
0.4472733854250443
0.5025442006637943
0.16355257584383573
0.5461076870354641
0.3582492426212443
0.22193576374492427
0.20151519897444953
0.13435147651257165
0.3004319365657782
0.14717182970473913
0.047979809279630914
0.045917744223087816
0.051728738961410746
0.052960375603349104
0.04478115532765548
0.06978570328722365
0.11652264990835269
0.0535744091224294
0.2955927940652042
0.17642194296374047
0.1584573064739601
0.1642255316891533
0.3202468315046122
0.08972534053480413
0.1204540635815709
0.05412332724868379
0.04446236822660638
0.10892903901544919
0.049512414988146874
0.057932895447275
0.07159104499613578
0.23548892593861265
0.21999631069697415
0.06938325115855633
0.087980655629437
0.041056382922288324
0.17859151231862602
0.04375921778525033
0.06734943598881521
0.046476367466484786
0.11469729451167457
0.08791089492283467
0.3139811682175167
0.24850806701706976
0.31770646386244833
0.14922342883161094
0.1242531456757044
0.027006771811716453
0.23893750853604015
0.4337824252906873
0.33473027338993316
0.1808091829983432
0.21254109848570354
0.41539095638966733
0.3423949864588615
0.22271542930278973
0.18957842367111785
0.09877725868345598
0.03212502314031062
0.08183885611998058
0.06336737365802544
0.04997853997797865
0.045132825518419656
0.1885428801692165
0.0975456220415175
0.045663369784855315
0.035668790680968364
0.09409703944409001
0.09340532585551217
0.07931739974083005
0.05769152479311056
0.2079752147470726
0.08782690020070377
0.13152078305055417
0.16704081749204827
0.21060986577145815
0.11788466383627356
0.3286607214220071
0.11464028570967105
0.03181686944112302
0.03297244581307663
0.12071222833202401
0.04572151454692076
0.08387581474068795
0.11809374181722984
0.029582755122012656
0.07064490783759653
0.08611242563016262
0.20192033677588586
0.1521340665095572
0.07961094280472114
0.1851739453561977
0.03767303543437684
0.029676400554438372
0.012017994268317645
0.0308080591582256
0.05758733578208749
0.16339355852317353
0.1596178212052891
0.15822699062152712
0.09155954345923363
0.06685822777778615
0.22686111464658537
0.12193202755189674
0.14322861584956512
0.07069594324726133
0.05345674945746689
0.06624770882429967
0.012711340091489824
0.03941237254202722
0.012326147967505249
0.035684305410017714
0.0810416910395438
0.05982997314254474
0.05527580458393947
0.06774001530660911
0.18512699659596754
0.08672906394819502
0.3463431418000025
0.5799353164264971
0.5877078801202907
0.5534272515685378
0.5761303292264353
0.41756186596865025
0.39611609037509404
0.28777166797590975
0.216521721652762
0.14392633270390337
0.07611396369934499
0.13335287855875438
0.08211276584457665
0.10812255156804013
0.2359256349829796
0.034282099034624064
0.04252521048789322
0.030276100945184833
0.11754157602405815
0.11117111612836035
0.119115233397205
0.07249229327862805
0.1057708453769988
0.055983760583381066
0.05686495914622915
0.1467460815341194
0.20093918839505112
0.1797463833690104
0.4724558158475517
0.37786612174668643
0.16205753787147442
0.21085619309984552
0.13563760146635256
0.026578256554933257
0.17648599109714594
0.06379877805240636
0.10468911456475985
0.07669517886021601
0.09627202631702826
0.03058425464437249
0.11652264990835269
0.15567887154100787
0.2788504105393602
0.15122525072950316
0.14509898703284133
0.058915946582875155
0.054087507563159894
0.08862151384984204
0.04667609982126906
0.18406343624468507
0.09598987729694722
0.13970010162666413
0.3841319717203456
0.21093345783304385
0.13525342630908402
0.05246316728669433
0.4564021995286721
0.4152594819368457
0.2650482053451331
0.050641798695653925
0.060842850111754686
0.04729135195625708
0.04606321040849434
0.023576932767254657
0.03237789656756192
0.03482959150798136
0.07715581056508249
0.04594087223445395
0.1978008446952993
0.22916427317091617
0.13920563681811562
0.09065811038917342
0.06646092100215555
0.18739596561559316
0.24957645939461487
0.2825346949463209
0.12603160178801032
0.22799294557691271
0.21396342691033254
0.14837207689737852
0.0630174314838706
0.16282236406425024
0.1001873958083904
0.1215304731527243
0.07829274679235403
0.09098393463396685
0.04620277930631127
0.05247657286992062
0.04349537596717672
0.1322669763401256
0.14188454115129795
0.10799319204311456
0.09507110357260216
0.25755238483856446
0.1024318909591961
0.053374471917435426
0.06517193503027188
0.09899437586402685
0.18523815094752782
0.0803616136836441
0.192544052634056
0.14944822075618383
0.08552144407043535
0.06641909327678262
0.1546935622274568
0.09335805745892684
0.018489221951257927
0.04399057344854669
0.023576932767254657
0.043353609796229986
0.2178787964016952
0.02507263470128978
0.03708085224172612
0.0520008641842661
0.05392884621475495
0.05030609139238089
0.14459414176356225
0.13911077486958137
0.05829510500821714
0.12267100953705994
0.05424519708958274
0.09419918364513045
0.1252054839800255
0.1640480092756472
0.3380393482553777
0.21537603276634326
0.11605949144747991
0.2217395340687572
0.03166279259152918
0.11227494281332297
0.09085434006534047
0.09350988916896107
0.08153434569631907
0.1222833202409006
0.04636072076842262
0.09807842025867146
0.08245419076203217
0.11547525530243513
0.09571754253888633
0.3921531067931711
0.11773684000550763
0.10000889532539389
0.12931535659408083
0.1126001789056816
0.16436103130275798
0.1602588566318164
0.25171324414970614
0.45015087712719426
0.48651479444880824
0.33603636795474845
0.1768269957544098
0.3720869337522912
0.37457836756743146
0.20642230118886745
0.06769923827762922
0.02382304667944095
0.054684666902062896
0.06666768435883534
0.12280701754385966
0.03327249007529652
0.06496808488636112
0.03636213650414054
0.07574428400514581
0.1333316197872333
0.07534357945137585
0.06991358994501194
0.07515596597197725
0.08466522885180204
0.06795606403029493
0.2835227549742085
0.5213406650955748
0.33337082299476894
0.4581962938500429
0.4662417105728916
0.21828987751751316
0.3533045176323469
0.11165468573904709
0.061025846725780784
0.050460648455426006
0.11966483372610645
0.05812933423650721
0.10934449074987636
0.12280701754385966
0.03216660219850782
0.10986066161058003
0.08909458242911167
0.06575653251847696
0.07235679366502286
0.034975444857796245
0.05514053900293885
0.09065811038917342
0.20057606703325462
0.2581235984149784
0.12483119201873014
0.1542009075706815
0.46915339140618684
0.23098474752785153
0.41963548313307436
0.19821573471397014
0.26825046061417274
0.11795176576455839
0.15940414272977965
0.06467661691542306
0.05747950991194454
0.02327412855318656
0.0428609551394546
0.03355527462456419
0.0665095574757792
0.14980362675084738
0.04101200231891174
0.06298972604962047
0.05988591010087276
0.039192754214564154
0.05936488614142831
0.06626205133628328
0.048157512276962904
0.019875913597602282
0.051590750945010255
0.03512952170739002
0.18486514794448802
0.09227523686494496
0.09811483808352092
0.11768804626894307
0.13363265399363872
0.10271849593765874
0.048252995085501085
0.08045416722848717
0.0749906648740897
0.10410276529975304
0.05961982998616115
0.07613711435281253
0.11599895260539418
0.06656128135316043
0.08301230966664491
0.10028803351662757
0.2544682743500246
0.24090075936108896
0.06527674202273273
0.0568211573710395
0.14118361754147918
0.08552144407043535
0.08920690466064699
0.08739449648321718
0.06622960109774659
0.04532905519458665
0.1251945333945727
0.06029732805418606
0.12830583922492803
0.1283342082132456
0.2591363494638293
0.09791860840735386
0.03170690958354937
0.0901723166648352
0.06402780697639668
0.04891536051137318
0.061652324190234815
0.061264016747199404
0.10683424980361353
0.13982717989002333
0.06027121026273294
0.12344929690413177
0.0592912619351257
0.15566782566280254
0.01494545441060013
0.042385610052081066
0.022032989491915674
0.09102703056687139
0.08830613479699527
0.05406434582835988
0.1374705420267087
0.03243317683949828
0.0820240046378236
0.102979706339733
0.07286436014859922
0.039961239591320294
0.15502144417196326
0.03892337906119076
0.036456444601375176
0.04084838963079338
0.03198543721522781
0.012403186392302165
0.011632802144333128
0.09385071211570264
0.1279934068299441
0.22859176074375823
0.10217922346588054
0.10833498708310792
0.05331089919958991
0.31431367102266744
0.040999276870033644
0.07966924852381894
0.03611881270753952
0.1264707362890138
0.09241073647855017
0.16901967412768884
0.1264976575013801
0.10982045235115503
0.06382031800791367
0.11308508354464322
0.027733832926886866
0.10945273631840768
0.12372614565774187
0.07872242781806094
0.05734485467399855
0.10395013257959665
0.04360374843504992
0.2724636534283352
0.09132673956971073
0.07300611079183529
0.0994884458166903
0.06016182844058087
0.03959775034561068
0.12981450206030226
0.06717573825628582
0.04037888485426373
0.27131207416616976
0.059348830758951296
0.15717997060980085
0.15579725210612788
0.11067353735821181
0.10370380525120929
0.044310756924920966
0.08452158616283832
0.03945006540769654
0.07587917986074937
0.1047866470732002
0.09276096460728618
0.11423666280680864
0.21537603276634326
0.0783670218233974
0.14454045561665368
0.11337876949828504
0.19031991014253583
0.2128829536527885
0.5282131914584661
0.133873618241653
0.09497516326484806
0.49722981250964843
0.03720955917690655
0.1130771340084062
0.05623805010174277
0.17724302769968409
0.33106392935302903
0.17319752102967725
0.09337057085385245
0.10433308115218602
0.11389062744634397
0.039565887172634276
0.017102530304913575
0.036516213353734374
0.043170528756749225
0.04369388284985024
0.055961340418828345
0.1059207512066983
0.20633673736580255
0.13217948480205946
0.04632868985587136
0.04372872479706728
0.05597644415956949
0.08143526777655227
0.07506021457744595
0.05739898761804722
0.07750720083791544
0.07600635173598519
0.05690660608844234
0.09458270391251396
0.07500114490368998
0.08673351686583235
0.12071222833202401
0.16841241421998418
0.11940298507462692
0.057087485130457485
0.04051628339168829
0.09557500341441585
0.05124909608754202
0.05763640325671187
0.1229173368654473
0.04024338524065886
0.08793885623439823
0.11675665731938994
0.06734943598881521
0.10056180072980614
0.06859494399409467
0.1251533327860033
0.12008730323610783
0.09831106775968797
0.02288041216468168
0.03685589490053607
0.05639212695133671
0.19968384405948184
0.13098490548707103
0.09972676410352443
0.05123055248994381
0.030892408343560093
0.15134852055511916
0.07594088467664546
0.06780649636197883
0.30322073841319686
0.04417287403520125
0.08057934800225852
0.08231393279291362
0.10159727677402466
0.11922242693963245
0.04976682241880254
0.08909458242911167
0.15776635891666066
0.09484972952343836
0.13058908832955712
0.08141149916896276
0.10812255156804013
0.11560215738917638
0.10596402513020253
0.177139456197034
0.04576082432936336
0.07425378825549185
0.06924030255210975
0.09619061111815594
0.03289540738827971
0.0856528447140078
0.07242023454597507
0.08867656733627173
0.10148685929572027
0.08334270574869238
0.07019268394612677
0.2593826767922166
0.11652264990835269
0.11675665731938994
0.12552213957602962
0.17991727637865204
0.04347431559934844
0.07679479936810159
0.07649689423225345
0.06499190614852068
0.1091036999488754
0.03642628060376062
0.10042888348927166
0.11677013718357238
0.0964757248866975
0.15248945547347237
0.059348830758951296
0.16479298269135137
0.0562951609330846
0.050720034865906524
0.03304487120051489
0.051817871118415355
0.09951624066861861
0.11170318843004433
0.08290724849752622
0.06122365896411698
0.01717956872971049
0.1024318909591961
0.05785833500929735
0.23967649052120335
0.09230910141992595
0.02536001743295329
0.03041559980589149
0.0716812525608119
0.036694949443236834
0.01899256716840222
0.051282834122181147
0.054354541174207044
0.044425749332991565
0.031507900447002544
0.07123137244863618
0.07064268342013502
0.26948209725611116
0.07217390721758717
0.03777179979902537
0.02254960227851852
0.01800451454114432
0.045561665357423356
0.025067428516908713
0.03159297786289376
0.029487629620254165
0.07043728724797045
0.07458714599817633
0.13103999645768433
0.14188250773803476
0.10176020981728891
0.3906751428228447
0.1416442492463451
0.1047866470732002
0.12114613837980098
0.08869581362750288
0.03805698184967256
0.17758785693117282
0.09419918364513045
0.16528563734812662
0.04075332671756435
0.12715683015624327
0.08261269366632476
0.031046485193153922
0.17521515536931886
0.0872023081120332
0.11404955304349121
0.09038599514034411
0.03096944676835701
0.11809374181722984
0.05300243626027268
0.08869581362750288
0.12662468971783436
0.03086232422603289
0.01756538004014081
0.3185268239149515
0.10864808370558886
0.08670721959245976
0.06502043052859018
0.04145685343795468
0.0668813628343448
0.04395544746141739
0.1004482283315825
0.21196904770501543
0.09375521596425171
0.06345493539500839
0.07100179752897409
0.05862445588396977
0.05873423950922065
0.13151035173928954
0.1165604276432229
0.13360667193032086
0.094360291583274
0.120207736253183
0.08021577125410766
0.14936125438085268
0.11180187423405336
0.12217835488028464
0.06178782380384002
0.10448877452394424
0.11870560221775328
0.08389082805714586
0.14551504182168898
0.16183705475069912
0.3160304652779413
0.12867465356133623
0.32736901942721364
0.07181479521060313
0.04687760798212575
0.08751843557050057
0.054701689730326505
0.046795586136490305
0.03170690958354937
0.033061905719598494
0.03915938833181954
0.05597644415956949
0.017641799278491924
0.044151677137584444
0.14980505010204567
0.08326006995145285
0.08953998386891801
0.021846941424925093
0.31380215758218044
0.3252059836355109
0.09133997620873187
0.04976682241880254
0.0680658476555458
0.07015173653531247
0.09046170720672485
0.10135371097647385
0.14850654047881645
0.1494155139664478
0.14180699187090934
0.09976256799700652
0.13696790280132548
0.05686791787995573
0.12488795549254895
0.11584887377383996
0.10321680966386432
0.051564475140388415
0.044347906813751496
0.041404461671245854
0.09212634097323262
0.0681734923201923
0.38570306362922213
0.0847529586936792
0.07223762541507915
0.06960281840905809
0.07438928786909652
0.08326006995145285
0.16915422885572143
0.09363023300099425
0.2621119210646504
0.1979003556611239
0.14085239119687878
0.10129070847922088
0.13548003061321878
0.07992247918264059
0.08042811548797199
0.08251926468539117
0.05094785471544689
0.10626639240451584
0.07123137244863618
0.09082916721976675
0.14454045561665368
0.1420961862135437
0.06608974240103
0.03343467636185806
0.11017585834581911
0.039961239591320294
0.0794755213172959
0.1799237496488784
0.09530060007705342
0.11331057105832855
0.0982372198635613
0.13450445782091977
0.2886956288703497
0.10257320749891848
0.059396625518415784
0.1867161149178542
0.03867328924804781
0.1346174395707258
0.03578946183178689
0.08988303006122751
0.07185854595912147
0.27432908728152433
0.02796494820127761
0.1336324094697555
0.040949292218578244
0.11763938423376158
0.03751771287609421
0.18290877503577951
0.18794775155979265
0.16260299181775573
0.3254711825374975
0.23131409840360417
0.07102942766274939
0.13119858396257994
0.2638145777060243
0.5562127836258892
0.44865528053964265
0.37288136508915914
0.1670906776318391
0.2201740136943062
0.22141793467562992
0.1001873958083904
0.06441476826394354
0.03238440765157396
0.051496512597690274
0.06379877805240636
0.07208886181155444
0.05182106679744334
0.1381360251467286
0.04353723434633174
0.06370656867497511
0.08379156847342241
0.24712890966069653
0.3655112578113002
0.1254826836617559
0.2649100628255069
0.09990309897830088
0.18154324102171296
0.14656476039066388
0.13795919560741596
0.13025154882556847
0.15527625032731093
0.280415329789843
0.15269941016313313
0.07256697629083178
0.12385441214977722
0.07490252505102311
0.08849609267131937
0.09819324430479193
0.06839519853129843
0.06815630564327087
0.12018853102906495
0.06816343368739936
0.034911192829779815
0.07162383180097029
0.1574505510089074
0.11653256002674953
0.04707047755091075
0.16365540717465302
0.07355502891808967
0.12028879149039691
0.07628321575674453
0.02395895011183838
0.044153067398497746
0.09064924150168582
0.13088519400341672
0.12123592563498305
0.32465941881494936
0.06083932650860524
0.1438056140176166
0.07378235823880788
0.11032129331544596
0.0867190626979995
0.15553809897878992
0.042103103554996045
0.09819324430479193
0.08143526777655227
0.12685857411965007
0.12685857411965007
0.08248232521602533
0.08189184555911333
0.13162594091359833
0.13504479652174362
0.04259604659734142
0.06103370089476644
0.0520008641842661
0.053374471917435426
0.09105056974150752
0.1453260015710917
0.11201386965470428
0.1729217845281448
0.08004292336398716
0.025114526483791987
0.07478746642818106
0.19337902033572488
0.050855477171163
0.026128502809709433
0.06330612339563108
0.02711655543696733
0.03157140996994449
0.030353139369981744
0.17784833109589812
0.11368417581452103
0.15069214173750758
0.15346192558551833
0.13424839397128033
0.12661224679126268
0.2778214192196911
0.1495206883313161
0.10663623967651681
0.14560241971594523
0.07417481759114199
0.14480230426813268
0.0862899294471915
0.14030421845943478
0.046658040731623995
0.16208338207908704
0.10431165943386447
0.03790290500007872
0.0942322076995078
0.21369411734590854
0.06476881530314792
0.08483035477710807
0.13982717989002333
0.094360291583274
0.11453166287287125
0.2312123592563498
0.1722762576199448
0.08997174343366145
0.022615426801681295
0.15107068218492556
0.10341181774245359
0.07103514277246913
0.33603082869986595
0.1222833202409006
0.0508453603659593
0.12892289724174674
0.1526666880579586
0.11616796829088878
0.05338762838425725
0.10170974454296797
0.09098685674619014
0.053135274621425886
0.12018853102906495
0.0421569120963379
0.09613732155659387
0.0782710395936585
0.03744067445129729
0.07735160813429018
0.12206740178953342
0.1315002180256553
0.14480230426813268
0.1817192075697015
0.10791730362161495
0.10176020981728891
0.12981450206030226
0.08199855374006738
0.09595961855926183
0.10002618486514807
0.0680658476555458
0.18433905638872836
0.08846288886076228
0.12012722619640906
0.06842730487048072
0.09240555861262265
0.09243257397224401
0.06666580989361692
0.10223566128302905
0.07217390721758717
0.046368229185472155
0.04199315069974696
0.0495179082731125
0.06965918301596283
0.20406294411117917
0.046987391607376625
0.05623805010174277
0.15912745413843485
0.1649061503420865
0.055082473729789326
0.06059672209020038
0.12671133597688955
0.08032175479404877
0.03451321430901475
0.12598277128089555
0.12723534608968798
0.2345036166250621
0.39268852839840374
0.11937097150236724
0.07926727395887341
0.14558785022257123
0.04314151788626848
0.055879865252697836
0.11423666280680864
0.11067353735821181
0.07574428400514581
0.13153879335901603
0.15223877845826664
0.10534348842598044
0.21314480230426802
0.10839306368924945
0.06260274199001303
0.1704634721131185
0.26289604608536254
0.188720583166548
0.04083036514236121
0.04874392961139073
0.08917049287633669
0.06625931105280186
0.1822466614296933
0.06674844415253527
0.13382863914592252
0.12070039090995828
0.3157630336857548
0.15962010879521013
0.042815613847843166
0.11773780570022521
0.05544333516757337
0.11752316152999873
0.15075232497325403
0.04064988408147359
0.0599418593869803
0.15553809897878992
0.1494749882290699
0.1718971963223288
0.3733014354815324
0.3468001657512501
0.038853475881074316
0.06066775952756495
0.2446970273261175
0.1299361697727217
0.2907794867243926
0.22702278083267846
0.1501335718742423
0.16454665536296398
0.19047120996215816
0.053464666809054116
0.11008484832971066
0.11492761036410755
0.23174724755327641
0.06466255527276805
0.11342075282455003
0.07750577898200961
0.04437413268301901
0.06823795097547487
0.08893689290268827
0.081210106107951
0.1457287202971979
0.13043400004166308
0.07629961954936162
0.13588635293551815
0.10433308115218602
0.1383273678161086
0.13677208428842835
0.15090062097245513
0.1830822878638503
0.047378631250098405
0.07526654102657888
0.12636095266376293
0.131866342384252
0.1458257784055007
0.13542572123065166
0.10000152653825328
0.13769697656870783
0.11883316113150778
0.06656128135316043
0.08739449648321718
0.08547558295052184
0.07490252505102311
0.10732718723381572
0.06029732805418606
0.1263468311030283
0.18862868314269385
0.19193506153443302
0.11032129331544596
0.14213086847968587
0.4210526315789471
0.0671004679981067
0.06350982720763383
0.022032989491915674
0.058730542370435644
0.03158575416673227
0.09729929471312959
0.07286436014859922
0.047464547453385075
0.04602507630897928
0.04778750170720803
0.01591862566137759
0.03034234352229052
0.15011570226778692
0.032574126243728976
0.0384627473563246
0.047268997290303025
0.06264591186179831
0.0294034161522659
0.04059891034672676
0.02226410476630642
0.048690621268958754
0.1069451735110378
0.048252995085501085
0.036516213353734374
0.1903639696255564
0.15358729172598115
0.1395320445074346
0.1489151117641877
0.18661442203485676
0.3951296150824823
0.07662897042511427
0.09403673184180877
0.06949303478380721
0.0898362438200568
0.09902902259377365
0.03297244581307663
0.043757825284643746
0.23194347722944345
0.04325474834884673
0.04013701931918909
0.033061905719598494
0.07388437979384233
0.3235323436143431
0.08782690020070377
0.14637339617700984
0.09951367850590102
0.09909598646435619
0.0645308996037446
0.11678449855983221
0.11515154227111409
0.3374127238144643
0.4495473743074983
0.2884576239655517
0.10133028610656229
0.3045829374269903
0.426392605439057
0.2836006912750808
0.2415958110575577
0.3212108362175219
0.17519306385618222
0.06062924031516674
0.03251990726517883
0.06809169762996332
0.03505248328259315
0.1737935313906631
0.1243705603138642
0.17386750458235123
0.1883983672902609
0.13010027529874907
0.1750400478491421
0.12414024446143068
0.1780341539307718
0.1673102463236159
0.09074444585863425
0.4347677346042378
0.3343017960171974
0.32128701917619507
0.4850501394056302
0.44637433533848503
0.4658287509819323
0.16061344374203734
0.03227909998990445
0.05394082220476559
0.03453642300539941
0.029961010020409188
0.044092591781392965
0.03892337906119076
0.0416293184975163
0.02736626158912282
0.060568327281395384
0.1174684790184413
0.2241578688327802
0.2869861220214712
0.16346403376445226
0.1647028017805706
0.19245875883739205
0.08867122694124116
0.11469729451167457
0.07547328477793594
0.12488795549254895
0.06368481839430848
0.1436088324500117
0.1768144823453067
0.28213691923052486
0.21027837327140336
0.6103692065985833
0.14089923183774736
0.08477122010416235
0.11380322571510385
0.10528249661559387
0.07438928786909652
0.10644043033566415
0.0882429955485727
0.0680658476555458
0.06924030255210975
0.07403392622982848
0.11219368006486707
0.1673102463236159
0.07994477202689779
0.05379334660115002
0.15673404364679425
0.11781708723109362
0.061917964641496105
0.09256375201042183
0.23802042419481528
0.2324821813538878
0.31161272575326243
0.11449717349615061
0.1288481207319803
0.7212464175190969
0.06356471902025927
0.10714140318720486
0.10640592382408383
0.20581304006284348
0.06074888714323129
0.04059891034672676
0.04729135195625708
0.2480807100660514
0.18156948223058203
0.47590439844497917
0.2862323555864728
0.1599326975987699
0.22563583280310603
0.2304268133019112
0.11557927926238762
0.08280959675669625
0.13128003588685658
0.1427958285085105
0.2560700191553632
0.13256643600964702
0.16389139071547063
0.13537575281487302
0.09074444585863425
0.028658294024449787
0.12028879149039691
0.036962223445049
0.06729510343021723
0.12713435054306094
0.06402194772782188
0.054915368205835424
0.20843152657763817
0.3511390416339352
0.16522649908352963
0.09059963341188788
0.08014405179671671
0.2357352532670006
0.06433320439701541
0.061476662987932314
0.1123948781177805
0.04918635973858303
0.060257330093563106
0.15433405989599486
0.059261362202446446
0.03805698184967256
0.04044517301837669
0.06468389102883569
0.09933597550856897
0.1317406675917225
0.04061994134282556
0.0911411115034378
0.07534607086875379
0.04294937357732674
0.05919117407530213
0.09862516351924136
0.15460160767881084
0.06626205133628328
0.23780182187662025
0.08065039690465423
0.16068562742524692
0.06966153503929975
0.04346687614558781
0.09166570926836615
0.0648821225232698
0.13589945011783208
0.0250306665572006
0.1229886651992653
0.0614989153050504
0.13744909881410158
0.053464666809054116
0.08247989154650787
0.10106991891579893
0.06587017515052823
0.07291288920275035
0.0298138703964034
0.0849674497803294
0.024371964805695336
0.10202992262785524
0.020723336270368237
0.07907783381272501
0.12367961275656475
0.28973734236081666
0.11017585834581911
0.1832785175400174
0.11678449855983221
0.07907783381272501
0.08045416722848717
0.030507216219575573
0.08278700137218324
0.02832417531472704
0.054335345055569736
0.0887792033762649
0.07594088467664546
0.1248020740422386
0.13657082981209456
0.07285256120752125
0.032495953074260446
0.11861743912018834
0.09089478417505044
0.016563261331335226
0.08636365670333543
0.060342753337467525
0.030353139369981744
0.12201040951568914
0.06749368797822175
0.15926642168743857
0.13055754853605267
0.0702502240678009
0.07520228555072608
0.09359117227298051
0.03497848063104918
0.08555613880883002
0.06691431957296154
0.07018879984734452
0.0932237341601792
0.04494151503061381
0.1489151117641877
0.12962079071987545
0.27991880291690535
0.05970820710354072
0.12607030055036225
0.05745183616848283
0.06540970209099504
0.03921255822162617
0.09458270391251396
0.06237375206352024
0.06425812282882964
0.08869581362750288
0.07462686567164176
0.08956231065531108
0.0555447042785706
0.15157310078791658
0.43549575812618696
0.07289879211944257
0.034128022185030235
0.06764880683555544
0.0621804363731444
0.11754157602405815
0.06652186022062744
0.13548003061321878
0.05489181262543993
0.09453799458060605
0.05298034891952056
0.048726063664770704
0.043804087479363096
0.15033673574284348
0.021950937403995726
0.03953914637339613
0.030031806549102293
0.03696637626307227
0.021950937403995726
0.021445775593556055
0.08291370687590947
0.09166570926836669
0.06379749112396371
0.03418855608145414
0.0114787252947393
0.029320994559774452
0.21405844836888563
0.05940261619152637
0.0520008641842661
0.026286925039352912
0.06809169762996332
0.1824101551270004
0.18826918041372076
0.082227935312909
0.18055793170816242
0.12646700019141152
0.04654825710637312
0.08547558295052184
0.12820708530545302
0.04888375319119393
0.27736457176451673
0.16503931001973926
0.07374674389276596
0.18538884524744706
0.07168870728882476
0.06071034476373645
0.04861124604684893
0.16528563734812662
0.1313225150283233
0.05854790228949018
0.10320670367088969
0.07731449240981432
0.05117846323160629
0.1684260197109053
0.08211276584457665
0.07250282291144222
0.16889238020424188
0.16132724900936152
0.1461115475255303
0.04720695885787838
0.1421838177533385
0.02534564175818273
0.07515596597197725
0.09701002788112581
0.04122709538101619
0.09507110357260216
0.03346840456041322
0.17787378580537655
0.07636147180017784
0.08279026391260103
0.12961508248232512
0.12948915615850756
0.07560878439154059
0.04882696071581326
0.041917485142820836
0.03375150430073119
0.06231997905210789
0.042293313365007995
0.04353723434633174
0.07148468185388855
0.224682979211263
0.034282099034624064
0.040949292218578244
0.049987579876156395
0.03434019332923235
0.029143291562442466
0.0310980245330941
0.02009040342091105
0.04076590588065539
0.05899739511421256
0.06886619533909384
0.039983174399692394
0.025338427744118517
0.045077901094943675
0.25242210002618476
0.03370357295202016
0.061369046515241714
0.05970477921760366
0.16339355852317353
0.1801518722178582
0.13654054585030762
0.2100480574189704
0.19364273844769736
0.10022699066077725
0.07454308154534758
0.14069667781176887
0.1047412013165968
0.2538500289047969
0.21523959151610364
0.10271233245787667
0.05550612043637244
0.034145902628437814
0.07017543859649146
0.044585246438168295
0.015022492835397043
0.03434019332923235
0.023811118489904148
0.14035087719298237
0.08621456493568448
0.04891939974603659
0.28213691923052486
0.13012845662469116
0.10324544144987224
0.09105056974150752
0.08844128733430347
0.3254778737889499
0.12970781594641495
0.15278010998899796
0.04044517301837669
0.20450379680544642
0.08189858443715638
0.12805561395279336
0.0594843303725565
0.17020162346163897
0.24780529235799625
0.13720432191193252
0.05172216466681164
0.04594087223445395
0.02254960227851852
0.027899370581118726
0.04187564582590394
0.04064400918396558
0.32970588771052306
0.2717989002356636
0.16809703516713795
0.04999793769319329
0.13058908832955712
0.0866682278965216
0.08577125541190946
0.058130400628436586
0.09732991937885271
0.3899632178040862
0.14557945107711334
0.02341968113826003
0.1218586288997328
0.09893313416070765
0.13841982731228192
0.09615531397908962
0.05171019107319935
0.08168317468722061
0.04572996266272982
0.13495761515049243
0.14506415291961222
0.1192325893340711
0.0416007493903303
0.2473592255131295
0.05961250851122767
0.11099124512863952
0.10419645990798455
0.019918443199922062
0.055087929172909285
0.0383185549208391
0.05985754079820413
0.07819400116886153
0.14972324291545283
0.1103826684962445
0.14560241971594523
0.1946168953059538
0.12794615807901558
0.18916540782502844
0.1302965049749161
0.13980172242688027
0.08263189375936421
0.0892522719555345
0.06991358994501194
0.06868038665846447
0.08400976043504511
0.15514705757762387
0.04395544746141739
0.11602741220143473
0.043064479461471565
0.0803616136836441
0.023727834837447632
0.06246532187186439
0.11604129189017989
0.047532708099692234
0.05854790228949018
0.13744909881410158
0.06652186022062744
0.20721853803239632
0.14728807998853907
0.6820616938250104
0.1416051947280393
0.029970929693490207
0.05655930871955998
0.0383185549208391
0.03354752065492686
0.024126497542750543
0.0393168394936722
0.03867580406714498
0.04030527417578923
0.03916604521363958
0.06555969950216894
0.07927471441387146
0.10989018663358356
0.23162746745185162
0.06982238565955984
0.1448740063951617
0.15370515841843432
0.122259662164393
0.15030112594920106
0.16553196467651451
0.07994477202689779
0.06948187195679861
0.0883457480704023
0.059319587093619355
0.2678573363796736
0.14364012295427467
0.16260801256873494
0.03821105869926639
0.06685822777778615
0.04918635973858303
0.05550612043637244
0.02601592581214311
0.059963341188792714
0.03279090649238869
0.023054561302684805
0.07535219564814431
0.07008653996698119
0.14096217482212967
0.11746168123642953
0.12167865301721102
0.13338710467981912
0.29929300864100555
0.23561311703904259
0.24874112062772785
0.26430922335997
0.07164573506112461
0.13007962906071555
0.11598766924580454
0.1307246174048381
0.08759268899408414
0.1581220718767251
0.09319451011611485
0.10249055433272117
0.06287182071267891
0.044783825504190584
0.03130041074273463
0.05935280110887664
0.05846428612221698
0.4281168967377707
0.17130850729382763
0.06894876296480303
0.23791627556337283
0.33045299816705925
0.4051343895652314
0.08659118947172462
0.1305327304232963
0.22707291804941687
0.20990629147968248
0.40470703261421304
0.19513833001056802
0.5034704534187162
0.2465740223134762
0.3260015710919084
0.04986385780660757
0.09667043054858945
0.07356904089543392
0.02041518257118063
0.06057306918990049
0.019952952022399145
0.05641111753439943
0.06103370089476644
0.10419645990798455
0.16306869139263758
0.5937910000814699
0.3803471377327733
0.19991415991191483
0.07403392622982848
0.1812984830033722
0.09976476011199599
0.2180846150432941
0.1776299056559239
0.40791805580998214
0.317303386362107
0.11417094554901777
0.19484844436386345
0.3308432340176326
0.15138194536627794
0.22852605456890884
0.16100100647809368
0.16224283656408534
0.06476881530314792
0.055770081627446955
0.05885735654483754
0.1688059956521799
0.03898144294723542
0.10459041739703315
0.08997174343366145
0.03096944676835701
0.15454193698259744
0.0946137158539237
0.13103999645768433
0.14491438533116183
0.13013877978528418
0.2296249048757821
0.20705395133734017
0.22937941869599365
0.30007855459544364
0.21476688756378556
0.32221187755388125
0.25784579448349293
0.1206522041507173
0.23644933228593867
0.0922483729575756
0.1039562534392004
0.11598766924580454
0.20200028334812709
0.14599487906827932
0.06169839739099435
0.16901967412768884
0.11132648574023486
0.15469342542116526
0.20373486813878272
0.12051466018712566
0.07379869836606048
0.03713252075210963
0.10679950139651197
0.18312245351128845
0.09352464770344639
0.09067422598596073
0.3820371825085099
0.18339291923018858
0.14951557999476303
0.14139827179889994
0.16889238020424188
0.08360465443320839
0.1592039800995022
0.13995940145845295
0.047840861798879836
0.16260801256873494
0.16260801256873494
0.055879865252697836
0.06068468704458093
0.11992668237758543
0.549763939757765
0.14508768487067117
0.07642178207317017
0.05677433810045792
0.12756604987892572
0.06548266107737198
0.18547291674188862
0.05631508852653974
0.1539275610551798
0.021031489969555894
0.11239413598734378
0.14087457449594143
0.1395320445074346
0.06663862399948758
0.08744620157762295
0.061814294357896635
0.060552778146511166
0.11604005725777375
0.07506678593712142
0.2616388083639807
0.057147940185939286
0.06404510538079426
0.07017543859649146
0.09505106048703817
0.02727160237810543
0.041831864664721045
0.16997309909561403
0.12190425616972893
0.18079794415996905
0.11284140330579864
0.11538304958622057
0.11121081237914127
0.04995154948915038
0.05907783153174144
0.03459025273381167
0.08359384204716003
0.13892861321064628
0.10894168933834933
0.26762702052724063
0.10934449074987636
0.14731578478819987
0.16130079380930845
0.10454815601858568
0.1956409871385407
0.0641507820368401
0.08153434569631907
0.05615414715690153
0.07179596777105358
0.04579886939846024
0.07549765630096979
0.13143462519676427
0.5343334082028555
0.6946430660532286
0.5222301941442118
0.10541869938462171
0.20525624127072578
0.16305097032159552
0.15016593578636936
0.10247216860927083
0.11180937418172286
0.09382526822180785
0.12347089918937042
0.06092991201423821
0.09811483808352092
0.05901143339443148
0.05412332724868379
0.06378428627076103
0.0599418593869803
0.25841438642991754
0.16085174543714859
0.11479613627645001
0.10149727586681677
0.09978784806274438
0.08418931935058079
0.16028810359343343
0.29374305458974015
0.07569097268313897
0.0967326580218942
0.10421576328881882
0.09295273493296934
0.48501850959532267
0.24459543528393224
0.042266695721588775
0.04083036514236121
0.12362469598523629
0.1563236449332285
0.06666580989361692
0.09193299390472938
0.1133153993970762
0.08614482783733118
0.07829564079064957
0.0717920109221146
0.09373855194026395
0.43938203718250846
0.04406597898383135
0.1344173281744237
0.10628274080924077
0.13559470623142603
0.12371983731976206
0.177139456197034
0.15363482389103417
0.06528346393920735
0.042376479346839656
0.1008117308195861
0.06630930965153176
0.15107068218492556
0.13887628594236298
0.15395458024229416
0.09593372643227778
0.15983920158855847
0.10040219349256121
0.13565603708308516
0.09810172024995609
0.1243920981323764
0.08069096455939673
0.041754826239924124
0.04745566967489532
0.053657846987545096
0.1244096146899045
0.315298980336218
0.07081043828681774
0.1115974823244749
0.03189390786591988
0.21654883477350076
0.16282299833792496
0.18228222300687616
0.14091847688424913
0.05623805010174277
0.11645476915245308
0.12168570022350937
0.06228736293716625
0.1967172180464866
0.1473684868014487
0.10518176922153512
0.11688212610347144
0.08814844527057243
0.06138132496302496
0.10788164440953109
0.06868038665846447
0.06255145506085227
0.07991960079427923
0.05758733578208749
0.07730080383940516
0.12411626080125673
0.25311712182395646
0.1002552226537818
0.05944895146154854
0.20790782927467916
0.08042165847583514
0.07414643100165379
0.055879865252697836
0.14996273962846904
0.2024476342886786
0.15011570226778692
0.04722455440050458
0.157649490168109
0.40979313956533087
0.13789752592960605
0.19287429812754597
0.1694470310787072
0.17242912987136896
0.09997515975231289
0.04537563220537879
0.08536475657109441
0.08594079190064718
0.08245419076203217
0.1704634721131185
0.094985229137043
0.11542873334178691
0.23665298945745275
0.14607186380687615
0.09046170720672485
0.13843715144135949
0.14957493285636156
0.07388437979384233
0.11937097150236724
0.08142961501033151
0.09092024072889568
0.09335219964253823
0.1800652770513871
0.20223473660627733
0.10691349891493378
0.1821314030188031
0.05906359038497328
0.06991780062013467
0.0877852806819912
0.046987391607376625
0.04850886167055844
0.03930253783981503
0.13162594091359833
0.09968467549285734
0.10571497626678439
0.0921707253207645
0.12123592563498305
0.24077381265696032
0.06224704723590146
0.17735313467254346
0.11211725328689959
0.07992247918264059
0.061784816687120186
0.156061796281749
0.10343021733438079
0.049841765863899504
0.03959775034561068
0.12460087616629718
0.1938596074410965
0.34510458707112585
0.09957374810254824
0.1437617248415607
0.16228194219014372
0.17849478563563828
0.06916368390805457
0.12637191145157503
0.09240606248399899
0.02927460142282505
0.043144964723595795
0.12901237606300728
0.2440429431788427
0.26602223107594897
0.26368159203980107
0.06409596943102762
0.13119768598410772
0.07212784178982828
0.09674672411390735
0.15342114541552523
0.05323355153466343
0.11461843327911851
0.03805698184967256
0.07081043828681774
0.12472520974619382
0.2379534953726181
0.10799319204311456
0.16997309909561403
0.06386485415663672
0.06039812504077583
0.13995940145845295
0.07629961954936162
0.04822605392286441
0.0798126955573897
0.17779523435454303
0.10264467137994221
0.1293532338308456
0.1762968905411443
0.1174684790184413
0.20494433721854166
0.11432490665682428
0.11994952319907702
0.3303498720401253
0.15619882222896556
0.18770142423140473
0.14081674709592293
0.0769637805275899
0.10395013257959665
0.061662940074192076
0.1532742196833564
0.09350823608783099
0.15223028894358037
0.11966483372610645
0.06368481839430848
0.04303518109834492
0.07633334402897958
0.08902854150301127
0.035899245457037765
0.09164702801780544
0.09164702801780544
0.079865478199986
0.1909189555693208
0.13104613870224074
0.11474534134838016
0.13055348404546546
0.07280120985797262
0.11423666280680864
0.11492761036410755
0.10124053196733236
0.06773607673638099
0.18397716741332515
0.19899289650218238
0.10081171252205468
0.12896232311002384
0.08589784364855245
0.15424620168414677
0.2066686285172554
0.21785807803089782
0.18548447827591574
0.11637487050032615
0.12676437080390915
0.10176020981728891
0.15886647961477765
0.1621504144955496
0.07233908088429679
0.41241162608012555
0.24758954136556247
0.09796622063635144
0.03613102122974986
0.16175460596037988
0.11826714481740462
0.16915422885572143
0.10751031338583958
0.04380366647510112
0.11586235426044225
0.12759075208435205
0.15748103645019781
0.3071701784994245
0.15317998370015506
0.11180187423405336
0.2263748147882692
0.14795717582994986
0.07054808994079086
0.14555961873770723
0.10013284927873574
0.07682828091398523
0.08929424536563707
0.15030112594920106
0.10739871517702414
0.21286989297331657
0.23745954456571433
0.3524944069227561
0.2083693207261702
0.16915422885572143
0.17550067955400803
0.159148254031259
0.04583786275416023
0.12217835488028464
0.037748828150484894
0.11009097746301298
0.15567887154100787
0.1026922202542781
0.12628397902587116
0.11859155390754383
0.11795051848101655
0.1195038727857287
0.13252410267256656
0.12981450206030226
0.08791089492283467
0.0769220330574802
0.030199062520387916
0.06450618803150364
0.15992718607613907
0.20133164774738524
0.06815630564327087
0.13618339525992718
0.07682828091398523
0.07750577898200961
0.05839512599605627
0.12510291012170402
0.14403258230660881
0.051538706189131415
0.10662179839917993
0.15567887154100787
0.2950371039378191
0.21654883477350076
0.14927051775885178
0.16401986653740466
0.1791857331929372
0.19481539670070672
0.15449070437287238
0.043064479461471565
0.08974001365264311
0.06734943598881521
0.08769252890601086
0.16604707132363608
0.12528061311903607
0.17021218391587994
0.13397640414419854
0.06563673792696538
0.049841765863899504
0.07907783381272501
0.081840864213644
0.10289003545520871
0.08437876075182824
0.11468970934799656
0.2138903470220756
0.09722370635663527
0.08796298367932325
0.1314738830319179
0.15684734223618757
0.13108142367958378
0.16836088812858271
0.16645553242157973
0.11889790292309763
0.15960888573612547
0.08940996148195789
0.22195104366762605
0.0787252755044537
0.09831106775968797
0.04067628829276743
0.11994952319907702
0.09062852863930278
0.05531358900417969
0.13406650955747595
0.12882919274675173
0.08742987468732767
0.14344389327810764
0.1295446777960384
0.15363482389103472
0.09583660644147675
0.1181724932257577
0.12483119201873014
0.1421838177533385
0.0465312085773324
0.14957493285636156
0.14484046909195014
0.11008484832971066
0.06734330796164129
0.12437810945273625
0.2678573363796736
0.06260274199001303
0.07842000051183527
0.0849865495478073
0.07094125386901738
0.10410276529975304
0.13013877978528418
0.1521340665095572
0.15636655410006853
0.05839512599605627
0.40914969245192007
0.2933633658697275
0.0520009367379129
0.0734452452928388
0.1098886186535436
0.15684000102367054
0.1388910090809073
0.1966897379778516
0.09013235633097222
0.18816805143782736
0.06170777826232322
0.08279026391260103
0.13030715671707754
0.1887543631285778
0.06005164301223118
0.12193202755189674
0.07783391283140127
0.08483035477710807
0.02734864080290235
0.09453799458060605
0.09441391771575698
0.1672093088664173
0.12436087274628935
0.08644875347993383
0.15644166598250397
0.050768321941162375
0.12897687736252578
0.10890747027270833
0.10235692646321258
0.14701079115025245
0.1223670725044078
0.17665225881617344
0.08200836806240726
0.052309090437100504
0.1669789930139843
0.1958627913066248
0.37418172296412633
0.062247315517248734
0.1215830525646713
0.05906359038497328
0.07208579443781299
0.0334840057015184
0.06357841507812163
0.1132210799718622
0.09489340057527013
0.13511390416339353
0.14828905168937764
0.2528868059715235
0.08045416722848717
0.06610551500749147
0.2892767106559502
0.05298034891952056
0.079865478199986
0.07623458585541346
0.13312256270632086
0.08292576352620622
0.09579822681867257
0.049458668719614934
0.0888253037908351
0.03908297058931327
0.046476367466484786
0.08350496432342018
0.064952022811291
0.04604534171557621
0.07694539784474161
0.041059075843829125
0.030044985670794087
0.24534201907411932
0.2529781662541375
0.36389904684426894
0.08771466524666761
0.1439474077706759
0.1126637003084666
0.21105001309243235
0.11185091541521414
0.11400634695437512
0.13589945011783208
0.1434930610107356
0.13474104862805558
0.12956817473191437
0.33830845771144286
0.07070065466156687
0.09776750638238765
0.06991780062013467
0.11101224087274542
0.089317602762799
0.04494151503061381
0.030849198695497286
0.04115696639645681
0.04273386166068889
0.05705215296092671
0.19715193779514698
0.0563678392596434
0.11239413598734378
0.031068765945999038
0.07520228555072608
0.04437413268301901
0.043372633160659174
0.07018879984734452
0.0942322076995078
0.08038023249914517
0.03081536991876318
0.2100449428463842
0.15395458024229416
0.11422617426894074
0.11110968315602766
0.1549168947440887
0.12421439513504436
0.10982045235115503
0.06971260203430896
0.046762323851723145
0.10289003545520871
0.11907329570790318
0.1261413854132612
0.03797994342487564
0.16743962471885027
0.1457287202971979
0.11532652192097122
0.4940246353770121
0.2490369289999347
0.1098886186535436
0.1039562534392004
0.03751771287609421
0.08685525232074834
0.30421425055877294
0.09019840911407374
0.06008997134158796
0.22970436117226978
0.04807197707327058
0.13397640414419854
0.08369811174335591
0.09834486898892554
0.046987391607376625
0.09376573261459892
0.08604225463911933
0.05862445588396977
0.2616388083639807
0.07113729714257877
0.10555716690148935
0.08360326159423061
0.09130223579903636
0.0867190626979995
0.026347141280542514
0.13474104862805558
0.12242468220867203
0.054087507563159894
0.051760852397076354
0.2298552207282151
0.07303593190343834
0.11431798439736233
0.1512843606604345
0.15580636287663147
0.05546766585377363
0.11799479022842566
0.1050224714231921
0.17648599109714594
0.13335287855875438
0.09471569757793809
0.30924325739722425
0.03828809712406324
0.07868707368518006
0.037825866575281815
0.1231636641938352
0.12598277128089555
0.08519209319468271
0.1039539146373393
0.08178067302470643
0.09949644825109093
0.08844128733430347
0.14411713083622477
0.18425284163397726
0.08057934800225852
0.1942916993977482
0.16784498559832434
0.1095942208641281
0.1934653160437884
0.1801518722178582
0.10679950139651197
0.1538485023665436
0.13841982731228192
0.07926727395887341
0.2860522887218869
0.08105241658152815
0.11025809336268975
0.09556385229334922
0.056977701505206604
0.12280701754385966
0.2105263157894733
0.17660670855033755
0.06312558451925576
0.11463267310975526
0.12208195916706097
0.13690018068784718
0.127782141921969
0.10866719036396966
0.09811455313649256
0.06082012838898732
0.08245419076203217
0.10498287674936725
0.14634157245942322
0.10785963607347301
0.053464666809054116
0.129321847403527
0.1201032860244629
0.10940002990571354
0.08974001365264311
0.056638838486853256
0.036053982804952936
0.0826833910234765
0.040949292218578244
0.10912300647573789
0.14763246140960504
0.184341450641529
0.20528934275988442
0.10638033286810265
0.2923905387961646
0.0727632925058379
0.07456727694347609
0.09650234216946123
0.04549196731698338
0.042103103554996045
0.06071046767293455
0.15198396161519248
0.170725320764598
0.08499465474210795
0.11528118968542968
0.1793539240166763
0.05300243626027268
0.10202992262785524
0.08383497028564188
0.06700103332144647
0.034911192829779815
0.04259604659734142
0.07425378825549185
0.04566998810436604
0.09857518484135905
0.07493128632351623
0.07397858791497493
0.23676469630120797
0.1177444629693066
0.05866050382943269
0.060046280907114655
0.0534886021969219
0.06709504130985372
0.046767824356874876
0.0641671041066228
0.06417963725424473
0.1152134066509556
0.02973683197160648
0.1417325958307378
0.061938893536714126
0.06922570209978768
0.08153181176131057
0.052777790207594
0.04460345233032355
0.043181828351667825
0.038752889491004805
0.09444323068262384
0.08129976816294708
0.1957684745681192
0.12279298484310941
0.1879379640700129
0.047937616032654694
0.09212642081698891
0.06379537604217603
0.03482340069646235
0.09656031272796695
0.06860434668761431
0.09007593610892882
0.05392981803673656
0.050134857033817426
0.08889024581178065
0.08189184555911333
0.06592781201015943
0.06382031800791367
0.052844849305915625
0.10502402870948493
0.08589874715465372
0.07970207136488983
0.018412183526461012
0.05299226192625386
0.058915946582875155
0.03453400628668215
0.14151109294838407
0.09654500067418449
0.06343997004751194
0.030849198695497286
0.05140678561396524
0.04252201662630854
0.08084086420401164
0.038633933973685544
0.03216866339033406
0.04072972496807644
0.03984464247092308
0.14146159660352794
0.04940263136289599
0.08941682020472405
0.06175307942212657
0.026578256554933257
0.09138517936632645
0.06108917744014205
0.04316305205283582
0.028649532720388116
0.03805698184967256
0.026732333404527086
0.07703842479690808
0.049514511296886776
0.03776556708630269
0.0922278556152906
0.06894876296480303
0.06002632882697621
0.1379942393296672
0.04372872479706728
0.06022518984027224
0.07222332472207194
0.016640299756132144
0.2299031159989522
0.08178067302470643
0.12411626080125673
0.030892408343560093
0.10387244944731955
0.03389690691063949
0.044443873262411115
0.042293313365007995
0.049748224125545575
0.05458485702664055
0.027555689937970845
0.22801269390875076
0.04572996266272982
0.07611514447178992
0.0465312085773324
0.1412414723115075
0.12552213957602962
0.12488795549254895
0.034282099034624064
0.07564218033021725
0.032202061565107534
0.1222833202409006
0.08150665343512847
0.07876802153211383
0.0608681571993574
0.14804272436098972
0.09485305221676049
0.11440190120538529
0.13077122701156213
0.031354638892341524
0.12463995810421578
0.033280599512264225
0.041937344845836146
0.09693894109652718
0.036110901550914225
0.07242023454597507
0.05260008721026202
0.17242912987136896
0.0849674497803294
0.0670777950282879
0.0848369652156851
0.1229886651992653
0.052983680878197326
0.061662940074192076
0.25923016496465023
0.12059465610837158
0.07564218033021725
0.04856837413834754
0.035322453918798215
0.05722036514089323
0.05192765474366623
0.03582286753056219
0.09133934062863093
0.1057708453769988
0.05379397637293116
0.206041159975394
0.026567637310712943
0.043892640340995666
0.07508296789318468
0.07715581056508249
0.06923182606494446
0.025653795457370336
0.10013284927873574
0.09593372643227778
0.10184320193069495
0.06784628040504405
0.2525679580517423
0.0728582289061063
0.08590675502551412
0.0726277928922327
0.053846975828290206
0.12594920136161286
0.02249522004069711
0.11577384434220496
0.35446502554985776
0.08226621307099895
0.09705296738474223
0.277297721916732
0.036448163583292156
0.0774785068367372
0.027445906312719964
0.04264871935967192
0.0307494576525252
0.0250306665572006
0.0403685187643408
0.07710045378534103
0.04446844645134414
0.12972318805233546
0.4211561036767601
0.5039857138811733
0.45090337784760376
0.2817123389550578
0.45595188484557747
0.12736963678861696
0.03181686944112302
0.029043486148434307
0.030353139369981744
0.081840864213644
0.07679479936810159
0.23376425220694236
0.11068545031370758
0.03597694438015603
0.06544631337117228
0.05406434582835988
0.038633933973685544
0.08222275931861002
0.052844849305915625
0.08803553190974445
0.07329171709961704
0.10185912542550418
0.1436295904212068
0.21134884775662136
0.22436239928454266
0.04915051502042728
0.06089836552009038
0.0766077991285652
0.05758733578208749
0.08274417386750431
0.03578946183178689
0.04314151788626848
0.08103256678337638
0.18054624528927793
0.127104901448038
0.12490180675569532
0.09722370635663527
0.08849958395133582
0.1147885350286544
0.10548466041435141
0.11725180831253079
0.08339761237099297
0.05665769969853783
0.19599879042055215
0.11861743912018834
0.06734943598881521
0.09877725868345598
0.12066033518840519
0.1667486771615508
0.1552328845398969
0.07541241162608033
0.0857219102789092
0.1151579262165405
0.04275632576228391
0.18836517717188447
0.0643284850341716
0.11940298507462692
0.05961982998616115
0.11730819586279127
0.06205882303104988
0.0967326580218942
0.09062852863930278
0.06544115346563074
0.11809374181722984
0.07759310844211631
0.208896478156805
0.020968672422918073
0.05612168738377412
0.0714349252324245
0.07416170448345225
0.07030021844249011
0.09760981685596479
0.14139188649452267
0.12068125084273103
0.057102835764609394
0.03238440765157396
0.31915458320821166
0.13917494053903362
0.037545999835800925
0.028812370874043564
0.05011224524761448
0.03963188871556766
0.03235613841470136
0.04044517301837669
0.12882953652788656
0.10961705793616247
0.06476881530314792
0.2808131543619442
0.030353139369981744
0.05662479600990834
0.085362660382299
0.06554071183979215
0.028504217174855958
0.04907328048714331
0.11891518375722754
0.08014405179671671
0.10360926901619788
0.10812869165671976
0.2134066509557475
0.05711833140340432
0.08846288886076228
0.054087507563159894
0.03425249107827455
0.026193064430948737
0.054701689730326505
0.06709504130985372
0.09555985301246293
0.07963321084371928
0.2667724966438469
0.0967326580218942
0.050280900364903014
0.03258725368909205
0.02765679450208995
0.06638729062416997
0.07162383180097029
0.055916303544001365
0.05708300602251902
0.03051984781974465
0.07886077511805889
0.13683130794561382
0.23469185362931017
0.14295090011557987
0.10179960677542226
0.02711655543696733
0.13537575281487302
0.051282834122181147
0.03655794720854303
0.030080713318741084
0.03767303543437684
0.16774891063200356
0.10392820363496723
0.052771320985882
0.06290686105551582
0.07790318143831547
0.06769923827762922
0.05936488614142831
0.025338427744118517
0.04606321040849434
0.017102530304913575
0.02466092967609398
0.05512904668134488
0.14239364236015517
0.08423122073535202
0.04853420762205202
0.12521558664832552
0.0262701028557456
0.08038753600418967
0.07456727694347609
0.05266830182535088
0.09714584969887383
0.09145992532545975
0.09474326859150961
0.26237234878240345
0.09587523206530917
0.13328096360303737
0.09862516351924136
0.07348331931321425
0.05236678924466975
0.08339761237099297
0.07623458585541346
0.09399401488401332
0.07731449240981432
0.05040585626102723
0.14146159660352794
0.04147234544930326
0.1352022468790919
0.07411407741890672
0.06382031800791367
0.13151035173928954
0.1134632704953256
0.127104901448038
0.09701002788112581
0.09902902259377365
0.1573762002859679
0.1028135712279306
0.08673351686583235
0.08814068667665528
0.0801499166467122
0.10714140318720486
0.12759075208435205
0.04429709425822209
0.07931783179087251
0.09465956465052615
0.12411626080125673
0.2544561302244633
0.08178067302470643
0.05665528552916401
0.03642628060376062
0.08641005498821658
0.1352022468790919
0.09458270391251396
0.11032129331544596
0.04522155535578496
0.1051789141242787
0.13769697656870783
0.0673315832724976
0.02980991499308063
0.06449781607593806
0.12149777428646258
0.045132825518419656
0.045561665357423356
0.06602664893230807
0.09035609864049712
0.13104613870224074
0.15346192558551833
0.23096232884860818
0.1134632704953256
0.08796298367932325
0.09209542294441704
0.05808398414544466
0.05911855881304094
0.03392314020252191
0.07329171709961704
0.07329171709961704
0.0864608922640724
0.15050816162012104
0.3224424728594603
0.07904421018063357
0.15986643612359802
0.0598500512309476
0.03269735150908182
0.04075332671756435
0.08440892373268408
0.0693250715823577
0.043004125354335836
0.029890908821200313
0.0953129091385177
0.24102932037425132
0.058502814303009305
0.08692974654199939
0.03227909998990445
0.0614989153050504
0.07735160813429018
0.04922754647813562
0.048095305559077914
0.07577391545048359
0.04634086785287985
0.05162535278347143
0.13319612017362864
0.10533660365070154
0.06382031800791367
0.0958411048440184
0.11639416808661907
0.06894876296480303
0.07286436014859922
0.16503931001973926
0.08692974654199939
0.1001873958083904
0.20299455173363407
0.07730080383940516
0.12713869292790736
0.05906359038497328
0.10769395165658063
0.1244096146899045
0.16705943964388575
0.052696140120422376
0.10790763013208955
0.15346192558551833
0.11367694897083507
0.07649915582332985
0.05906359038497328
0.07818327705003399
0.0595027248859768
0.056758134254704856
0.04976682241880254
0.12172655317239689
0.07425378825549185
0.12072833866263459
0.07628628245956552
0.06771677539648191
0.2706211266088709
0.09471569757793809
0.1390416339355853
0.08636365670333543
0.11852272440489343
0.07979090037014214
0.1507043912962881
0.08546772332137756
0.08499465474210795
0.07801161582873331
0.05685435750011798
0.0972682919722798
0.03659325177853128
0.10552500654621645
0.07948839288938092
0.06901814758943556
0.04273386166068889
0.09059967361585358
0.056099432503199584
0.0675169295292914
0.06966153503929975
0.22308032843148806
0.104001728368532
0.10548466041435141
0.03590739760530168
0.036449396059721285
0.1059207512066983
0.05686495914622915
0.06894411665755282
0.06169839739099435
0.1120789344163901
0.11922242693963245
0.15474055873680936
0.03297244581307663
0.059611213469816224
0.049359727842599364
0.046368229185472155
0.035007490474397364
0.052422384212930086
0.08012568735271014
0.05424519708958274
0.1847133136513312
0.15213907456247067
0.10145960545752768
0.03567967820653601
0.322990311599895
0.16501630591497707
0.1836680050447222
0.06290686105551582
0.03169559481106444
0.047214749748781704
0.036516213353734374
0.09853093135506805
0.09880550069379201
0.2555594567088693
0.10983073641167139
0.07521790410386933
0.10525434456191844
0.09380485074848996
0.12568735271013334
0.02442118066061981
0.036449396059721285
0.03875361971356064
0.09347996857816156
0.15363482389103417
0.21164426982237203
0.0465312085773324
0.1431161777932364
0.08436389663641547
0.09740769835035336
0.034691695813105376
0.043170528756749225
0.06298972604962047
0.1147943605577194
0.09261907547376418
0.0801499166467122
0.1619471436366329
0.16503931001973926
0.09051374188808116
0.09098685674619014
0.12513428282093633
0.11262445183977675
0.06512577441278397
0.03739789335495568
0.06231997905210789
0.030907147178948425
0.07203092718510891
0.04531426431965139
0.054355620298270645
0.11464028570967105
0.10969238897737656
0.15815658549358463
0.06205882303104988
0.057693188387453985
0.049514511296886776
0.042140379831127596
0.06894876296480303
0.06663823744932543
0.04277806940441512
0.06323536814450664
0.06082012838898732
0.09512044705486286
0.06138132496302496
0.05460634428277959
0.154040295791128
0.08058118093414585
0.06926907568696565
0.07855459544383353
0.177139456197034
0.04241848260784249
0.04200488021752267
0.05596675214123892
0.027595667124061096
0.045132825518419656
0.07253718215467501
0.06565060790002594
0.06995696126209815
0.0796019900497511
0.13877978528410576
0.30199730460328383
0.046608247002129316
0.045663369784855315
0.05582209235381498
0.07533778516433129
0.09542650956726571
0.10748027318107119
0.12439530083577367
0.05631899975370134
0.07927678917148484
0.22252445277342542
0.05514834273719931
0.1059207512066983
0.08153181176131057
0.10887667914735052
0.06431722112823568
0.0796019900497511
0.05661053998593083
0.11444073028178646
0.17070483857265575
0.17619162711130748
0.1915927746041955
0.047095122280090086
0.10542809654992302
0.05324505824667677
0.06213753189199786
0.10271849593765874
0.0760042313029171
0.06496808488636112
0.09634830064457878
0.06554082427477508
0.08736157371969376
0.12350615884425314
0.06734330796164129
0.08458662673001612
0.03821105869926639
0.11730819586279127
0.07996634879938468
0.06869830409769058
0.09803827669829278
0.045934369012065115
0.043714937343663725
0.2118905842384347
0.047378631250098405
0.08436389663641547
0.09081335209136249
0.0308939119019199
0.08830335427516878
0.12872666756557968
0.0701049665651863
0.06298972604962047
0.13375573931450505
0.08327853720545768
0.10000152653825328
0.10971458496988722
0.1232924803687437
0.06400385352126278
0.09791860840735386
0.0769220330574802
0.035745829105765334
0.06276043151643587
0.058730542370435644
0.08182777496165655
0.1890759891612121
0.079865478199986
0.06717573825628582
0.087821853434235
0.03600902908228864
0.17550067955400803
0.11067353735821181
0.07393138863101929
0.039744196444690405
0.05880683230453158
0.23333689525592452
0.03469162557927805
0.1077878189386822
0.08831838967398732
0.10064802751325633
0.09237274814537627
0.20659858601728207
0.05099943721555307
0.07253718215467501
0.08310238042502947
0.07356904089543392
0.1723546523805645
0.06048703849175176
0.041168859469080006
0.09532867608602849
0.08521686540024026
0.04171777759533439
0.047865660609383645
0.16410506919097953
0.12119344418040076
0.1647028017805706
0.18402236609403227
0.11587362377663847
0.041937344845836146
0.03158575416673227
0.02619306443094868
0.018104029827273355
0.05420267085624479
0.09471569757793809
0.08735999763845603
0.09786474178316255
0.09276096460728618
0.29719821942916996
0.08461667630159915
0.044347906813751496
0.04407034333832764
0.04650643325158893
0.085362660382299
0.0522446812155981
0.035240543705532444
0.08929039015449079
0.09855595401450402
0.10107441333354336
0.12713869292790736
0.08383497028564188
0.02764192117540204
0.05162535278347143
0.0313229559308991
0.025579584683455045
0.04273569510181767
0.03973776065864795
0.030122024095591
0.10148685929572027
0.13865671869186125
0.10419795804469904
0.08917049287633669
0.07378235823880788
0.10683424980361353
0.0806493846556692
0.08084086420401164
0.04356298810908328
0.02696442310737745
0.03194703494800606
0.06357841507812163
0.1468904905856776
0.0856528447140078
0.07765620983406923
0.27277410090456855
0.19622910627298568
0.15617152619778316
0.08042165847583514
0.13170987169416076
0.04962219861339775
0.06357841507812163
0.05690161285755192
0.31357468903750424
0.07330529096025708
0.13203144801579128
0.06525154580298106
0.08760757768465917
0.08310238042502947
0.12385441214977722
0.04957340631810844
0.071275665943289
0.09212642081698891
0.07927678917148484
0.14105509776271344
0.030738331493966264
0.07072579293812235
0.07398278902828201
0.14475898525650324
0.13694684472374966
0.06951130177931962
0.07731449240981432
0.07347075692615279
0.0711549323445263
0.1768144823453067
0.08511973572201167
0.13144802304268127
0.028581255599652876
0.09009541964730665
0.10983073641167139
0.15470321626857983
0.061652324190234815
0.05772283539569269
0.04545042085386429
0.09188889433498626
0.03370357295202016
0.09319451011611485
0.09080623163663482
0.033511714786654975
0.1222833202409006
0.07633334402897958
0.12265144494221641
0.12460584436607156
0.11495901982388962
0.10840534171249012
0.09507261946726225
0.08248232521602533
0.09360438478731474
0.059611213469816224
0.02669342388016764
0.03739789335495568
0.018882783543151344
0.11183260708800219
0.09497516326484806
0.12830583922492803
0.27494108405341683
0.07458714599817633
0.09615254132185039
0.028041986626074523
0.09949644825109093
0.07162383180097029
0.07044645374396798
0.039836886399844125
0.09702583654325353
0.11380322571510385
0.21624261721519747
0.06024131609553684
0.05818532138296626
0.024267103811026036
0.04087168938635227
0.012616912810569626
0.03392314020252191
0.10738656749420339
0.011709840569129987
0.036338379958041275
0.0789983373845468
0.21946320170497857
0.08589874715465372
0.04720695885787838
0.1162608012568737
0.09442949949756341
0.0717920109221146
0.07445755588209413
0.09871694160775044
0.08588635768525807
0.03279090649238869
0.18055831180517934
0.03909465941303256
0.049265465677534086
0.06839519853129843
0.047840861798879836
0.06949303478380721
0.0856528447140078
0.07329171709961704
0.01547949116037408
0.03295711102245012
0.1400320382793138
0.3374127238144643
0.021846941424925093
0.0698577647154668
0.08325863699503282
0.06709504130985372
0.0465312085773324
0.12350615884425314
0.09593372643227778
0.071275665943289
0.07017183925832692
0.1558245556456488
0.0815656757753725
0.04940263136289599
0.09914681263621711
0.0717920109221146
0.10813769716218734
0.043757825284643746
0.13055754853605267
0.1313225150283233
0.12552213957602962
0.05006133311440126
0.18889828616388005
0.09261907547376418
0.07436010947716269
0.04241948153967004
0.0398009950248756
0.03655794720854303
0.08209878476736862
0.10986066161058003
0.11723076888843834
0.14663524482848883
0.13474104862805558
0.22842229031921524
0.0267872045612147
0.028590418470636432
0.06258182770358742
0.05665769969853783
0.037533392968560605
0.04024338524065886
0.07043728724797045
0.13354904719318014
0.04368078685984683
0.21146165493351946
0.24415878255795687
0.10646710306932686
0.04081258882223583
0.09261907547376418
0.13818963122548308
0.1039539146373393
0.053663593616907965
0.043359876353571795
0.06184064307152412
0.09926991334023125
0.2841057868551975
0.060568327281395384
0.07240875050563851
0.055191334248121976
0.050933717034695625
0.04512137133043565
0.05297264605960873
0.04491159122445086
0.05917779523435468
0.0670777950282879
0.23205482440286998
0.05311584853312548
0.08449027363697074
0.03374283006104572
0.10295118603758766
0.04634086785287985
0.07765620983406923
0.0932181199266826
0.0514898531698665
0.0806493846556692
0.24221000261848658
0.09187244962062652
0.030044985670794087
0.040400374092323804
0.13249541764859882
0.11101224087274542
0.10824845064354814
0.11872977228285717
0.11032129331544596
0.0350524832825931
0.05297264605960873
0.23723487824037667
0.04226079308141927
0.03798513433680444
0.09037824227447651
0.09539172797785807
0.15482521449579623
0.22518984027232233
0.19952867242733707
0.04531426431965139
0.027579756077293037
0.21331946638372246
0.13058908832955712
0.0665095574757792
0.033052757503745735
0.06927346753330546
0.07520178329685286
0.10557156577786843
0.11835559046870882
0.081210106107951
0.10128359739130785
0.085362660382299
0.2151742248376518
0.11815203229817074
0.04435258460135551
0.06468389102883569
0.025961949156557994
0.05345674945746689
0.04615455070996303
0.02041518257118063
0.17884262896046058
0.10107898643727498
0.13523370328483086
0.14964736057562283
0.02395284865304047
0.10790763013208955
0.06153940094661767
0.06503041469434481
0.047091294292971084
0.016794376605725917
0.177139456197034
0.0951713929410151
0.05921333114534664
0.07303593190343834
0.26002659739694883
0.03543767540657767
0.1120789344163901
0.05324505824667677
0.06165660483147379
0.039983174399692394
0.021647797367931154
0.04424804633565963
0.07365187118791354
0.08798114689709317
0.30816261055546296
0.04861124604684893
0.10568969861183104
0.04602507630897928
0.051760852397076354
0.08032175479404877
0.08510081173081949
0.03251964851174983
0.037607411689599496
0.08119782069345331
0.0942322076995078
0.31185039773879053
0.15198396161519248
0.09828460402668068
0.036208059654546765
0.1001873958083904
0.02973683197160648
0.039530517969181334
0.029531795192486693
0.05504548873150649
0.041056382922288324
0.16473067852673284
0.08054903638276796
0.11109362510283954
0.2395436404034905
0.10123667596369836
0.06880446911392664
0.05881969211688105
0.13098490548707103
0.03235613841470136
0.04336461976638173
0.03443617588421784
0.19952513599401303
0.07783391283140127
0.0641671041066228
0.07370107277858631
0.07344079057386228
0.0887792033762649
0.11185091541521414
0.129321847403527
0.0804994577913808
0.07770695176214842
0.10840534171249012
0.15868877661744615
0.03674165965660707
0.017256607154507404
0.036777514459044786
0.05124909608754202
0.026038987581354908
0.17045851124426786
0.06528346393920735
0.12962079071987545
0.10526315789473692
0.13025629704433103
0.06575653251847696
0.05379334660115002
0.04460345233032355
0.06503041469434481
0.11342075282455003
0.05741683600621012
0.10149727586681677
0.11730819586279127
0.04819501148513629
0.0766077991285652
0.23302565265473626
0.04145362424876311
0.02601592581214311
0.03296658559606303
0.045077901094943675
0.03630249009090278
0.0317762253620095
0.02151759054917246
0.1578958174964969
0.03536063698178076
0.06937580216571496
0.19725032703848272
0.3458131314460911
0.24090812716314128
0.03282530395001313
0.013558762764255829
0.07842000051183527
0.07986383870123062
0.04369388284985024
0.07113978916257037
0.10537533610170137
0.15799254946332714
0.030507216219575573
0.0933774937974716
0.04808522785988541
0.03875032767284473
0.03787535071155357
0.050134857033817426
0.07931739974083005
0.032495953074260446
0.06991358994501194
0.04494151503061381
0.3677667012827919
0.07168870728882476
0.11680066692743413
0.11287117813289146
0.06239411484865385
0.0522446812155981
0.18277035873265238
0.12956817473191437
0.10813769716218734
0.07926727395887341
0.2425398797424638
0.1336324094697555
0.07684853767561602
0.17637036712557172
0.12897687736252578
0.09603292159173256
0.09295013684645324
0.10512980995047153
0.04430837364880619
0.06816343368739936
0.07358612856264082
0.21057805183838033
0.07818931882606535
0.03590739760530168
0.12094786676659895
0.09430773106901863
0.10875423436716333
0.13982717989002333
0.03536063698178076
0.10202512359581421
0.10004678749789714
0.1231772275314875
0.10542809654992302
0.11440190120538529
0.18748363445928218
0.11550694826577816
0.07466028709630637
0.1121638201349108
0.0963150245539259
0.04938163029481802
0.024498219085416724
0.12987693113380466
0.19715036968271757
0.09786474178316255
0.11547525530243513
0.10468911456475985
0.06796418588840168
0.16934621053215712
0.18760970149697936
0.3426593409176272
0.4435883317861147
0.12661224679126268
0.19742803003581474
0.12340999152222257
0.042910402611877736
0.07587917986074937
0.10887667914735052
0.07330529096025708
0.04036813459357977
0.18146111547525529
0.10893193736449537
0.12735237140341682
0.10353964292704422
0.16156061796281737
0.07655728168677538
0.11773780570022521
0.04283336418708083
0.09613732155659387
0.1431161777932364
0.10345747792282138
0.05050046761540477
0.06270927778468327
0.2773546612107967
0.2152462035676764
0.14281659273957723
0.08045416722848717
0.05412332724868379
0.01687141503052283
0.02549971860777656
0.04471487248962092
0.07961094280472114
0.15149130695841723
0.38125163655407135
0.12987402867179101
0.08405351773801999
0.04537563220537879
0.09046188071300637
0.07821400510591044
0.03744067445129729
0.04270583022259229
0.074883507829852
0.06840380817262529
0.07476350661964315
0.20133164774738524
0.10732718723381572
0.08692974654199939
0.16758014344665362
0.2093782291295197
0.07113978916257037
0.056099432503199584
0.02973683197160648
0.17962817491489916
0.0900407195876509
0.312123592563498
0.12094671823834618
0.09187244962062652
0.06043282766779073
0.049987579876156395
0.0624011240854954
0.13088519400341672
0.16182246661429692
0.08893689290268827
0.1069451735110378
0.25661167844985605
0.02357375798785386
0.04918635973858303
0.1001873958083904
0.055961340418828345
0.154040295791128
0.056648350629453975
0.11746108474087129
0.17805708300602255
0.1420961862135437
0.14854586485845048
0.19715036968271757
0.07201629115330441
0.07888432981915074
0.07945896908941329
0.06564001794342801
0.10665973319186096
0.14794448808588642
0.1177444629693066
0.10213831129334404
0.10249055433272117
0.23590103696203363
0.0920317181223428
0.05172216466681164
0.06652186022062744
0.11338046609059947
0.08084662658082127
0.06323350009570548
0.10395013257959665
0.06734330796164129
0.16705943964388575
0.28675651413319647
0.11097418354242299
0.21526395475524499
0.0711549323445263
0.10074787731055708
0.11815203229817074
0.14139188649452267
0.0727632925058379
0.10761979575805156
0.03636213650414054
0.15677305294088303
0.15296927092874305
0.0843138241926757
0.06916368390805457
0.06905390028280368
0.14060043688498022
0.06951130177931962
0.10498287674936725
0.10936933380412579
0.07669517886021601
0.06691431957296154
0.1686401444680361
0.09949644825109093
0.08650949669769324
0.1851739453561977
0.10075759948722476
0.09791860840735386
0.11479797523609392
0.05960664098797193
0.10369206598586031
0.164943244638674
0.07090349593545439
0.12752029327048947
0.12414897350738577
0.13406650955747595
0.14417772362310888
0.16496465043205014
0.08251926468539117
0.09889975678818913
0.09619061111815594
0.08951864961400727
0.049457358965792834
0.05014526940257956
0.048252995085501085
0.04211561036767601
0.03403292382777279
0.04552787017125038
0.11432490665682428
0.08211276584457665
0.5302435192458753
0.200265698557472
0.200265698557472
0.081210106107951
0.29903115998952606
0.12671133597688955
0.05130759091474072
0.09487324312603507
0.09595631164568333
0.13892861321064628
0.16327703439391905
0.1304006284367637
0.07940277357247862
0.12390992860899773
0.1437549096622151
0.06449781607593806
0.1112425567251784
0.1005015499821697
0.05828658312488493
0.11147287257761135
0.14087457449594143
0.23606430042895157
0.1192325893340711
0.15740316283972108
0.12008730323610783
0.2229169121257595
0.08673351686583235
0.06178782380384002
0.10448936243119597
0.12464162816416104
0.02927460142282505
0.17881992296391577
0.08357544900429908
0.15246909431070016
0.13118617439120173
0.12136937408916186
0.10655271415870368
0.10534348842598044
0.08760757768465917
0.04744670028763501
0.06122365896411698
0.13955523088453745
0.07574465500047842
0.02973683197160648
0.09327792023539802
0.0621960490661882
0.11531017117778018
0.1026558817015072
0.16156061796281737
0.15001334298809138
0.08632610410567153
0.10410276529975304
0.11834674802044887
0.06587017515052823
0.059348830758951296
0.07321363490077037
0.06520031421838159
0.1285162456576593
0.11799479022842566
0.09654500067418449
0.10916971405328056
0.27613293512257825
0.059348830758951296
0.09976256799700652
0.0428264223570039
0.0544880112548176
0.03604289721890655
0.06602664893230807
0.057931177130220855
0.11497383927378205
0.07940277357247862
0.11053126434048319
0.340926944226237
0.09145992532545975
0.07970207136488983
0.10641340586347359
0.06806024797814336
0.10212097407698371
0.05582584080522369
0.12552213957602962
0.10851501092037423
0.05415939062210359
0.06756269854688851
0.10262812063536317
0.03821105869926639
0.14008902854150287
0.10360926901619788
0.11377603110194213
0.13668499607227014
0.11861743912018834
0.12568735271013334
0.03768779681514631
0.24460303708895667
0.025807872306964165
0.13634698464038408
0.16282236406425024
0.12820708530545302
0.1538509894252985
0.27071373389804965
0.03674732862812512
0.0562323396460382
0.06725222891045989
0.2118905842384347
0.07855459544383353
0.12193202755189674
0.06729736227878964
0.146318433062276
0.12754928950857736
0.04298744103667466
0.1089760225096352
0.04160799397008351
0.0183351451016641
0.10627054924285177
0.04525687094404058
0.06237375206352024
0.0671105492491286
0.04127864309433088
0.03908297058931327
0.16345932024714602
0.1281379785370785
0.0503831298171778
0.08157076739015694
0.2307764841379475
0.036667730833793905
0.12621105001309238
0.08279026391260103
0.025114526483791987
0.11306424372994064
0.12754928950857736
0.13579093590759306
0.14899188269180397
0.06696801140303701
0.21663756248841437
0.05812933423650721
0.11133995243122691
0.07600635173598519
0.09604171046459474
0.08085486378604488
0.04523085360336253
0.09532867608602849
0.041498210344832635
0.048779860897768305
0.1667486771615508
0.13629819895361822
0.07818327705003399
0.0892522719555345
0.1465835680967805
0.07315921653113826
0.06764880683555544
0.17564370686847053
0.05641111753439943
0.06343997004751194
0.10323148922785688
0.06422681684872819
0.1371815812768349
0.17727153705158397
0.14899188269180397
0.12735122877642535
0.035745829105765285
0.11303591354430777
0.08867656733627173
0.05867267317394528
0.14397053762438738
0.07221252082947145
0.12713435054306094
0.11568465126311021
0.04106148041675195
0.05983207576172943
0.15894213144802322
0.1583884721532722
0.06747880757524595
0.10060591785800535
0.30051934063295754
0.10573328341251972
0.1340020666428924
0.14035087719298237
0.14794448808588642
0.0914622391833154
0.11645476915245308
0.10571497626678439
0.09889975678818913
0.11088667033514674
0.15284356414634087
0.10963034575814651
0.07185854595912147
0.030190496943992017
0.08890191903916941
0.0251915649085889
0.052844849305915625
0.11164418470762996
0.12414024446143068
0.14336250512162432
0.2431661051293426
0.08298729975402828
0.11653982133113942
0.17491489918826936
0.26865671641791045
0.13323995011742137
0.09654500067418449
0.09968467549285734
0.07872242781806094
0.12439530083577367
0.08310238042502947
0.3307148468185388
0.08915874575203188
0.10262812063536317
0.05146166776433455
0.07260498018180556
0.042546878671942324
0.07019268394612677
0.09924063891070947
0.05840033346371706
0.08959286659646887
0.18925369215854412
0.09335219964253823
0.1381456920215977
0.1515478309009677
0.0944560263275003
0.17700968840010445
0.20568331920370483
0.039961239591320294
0.054452678124436424
0.2246505234895555
0.13363265399363872
0.044682286382206615
0.07249229327862805
0.15518621688423206
0.16029983329342493
0.15316004186799906
0.13739525975234382
0.1599895260539408
0.061917964641496105
0.13474104862805558
0.257953754725051
0.07127279675618342
0.03212502314031062
0.07738612641751547
0.08522925695748976
0.09566272720506792
0.15444723489906942
0.12676437080390915
0.15914825403125954
0.1593785698836925
0.19240945131897474
0.04144667254073647
0.13865014316471488
0.16134440009392387
0.12856768787640757
0.07506021457744595
0.11324959201981669
0.11213059131647048
0.1887928777166798
0.14359193554210717
0.13305775380406648
0.09193299390472938
0.1256429435993439
0.04769586398892898
0.057931177130220855
0.05894233191813678
0.08732220589433351
0.0612458253494203
0.15353538969481914
0.19287429812754597
0.24007674939548662
0.2670876049899454
0.3638944437919772
0.06912646596213506
0.10623169706625075
0.15789473684210512
0.10916971405328056
0.1704634721131185
0.12499830371840566
0.12048502116656395
0.17899498957208865
0.0704810874110651
0.1115974823244749
0.13343617979358843
0.09010724304726664
0.10413395643653243
0.06762671315454227
0.08265476429899636
0.06449781607593806
0.09438647423634744
0.2829103015740328
0.13841982731228192
0.14578993459014075
0.15085688334366826
0.28397869395157843
0.06363373888224581
0.1538509894252985
0.1404065771809721
0.14017307993396183
0.10557156577786843
0.1956927022911992
0.09720353954058557
0.07344079057386228
0.09701772334111668
0.1380752289269381
0.104876700930202
0.14978861133187102
0.14536105181754852
0.10423277696573946
0.07926377743113532
0.13360667193032086
0.1112425567251784
0.08226621307099895
0.13597268526999406
0.12513428282093633
0.09418258858594196
0.2670188239722348
0.2249719946222691
0.152824577705491
0.23782414324161497
0.1693585513785234
0.1578958174964969
0.05741683600621012
0.1549168947440887
0.23828227284629477
0.04044517301837669
0.18548447827591574
0.10170974454296797
0.11799479022842566
0.33697578523433297
0.12047479818732933
0.10738656749420339
0.14648088214743968
0.09934440164661988
0.14993561993393587
0.17587771246879647
0.11574411239463314
0.0530794746850696
0.09934440164661988
0.21928549870764652
0.13376272566868908
0.16326309057097899
0.14162928887357729
0.0988052627257921
0.14109617988158116
0.15042964675839832
0.15395458024229416
0.13252410267256656
0.19427349655339035
0.08862151384984204
0.10155205501654459
0.16068621358283422
0.17412935323383075
0.06070627873996371
0.16345932024714602
0.17849478563563828
0.11400952760397806
0.273722127127142
0.20617597386048012
0.1278438834332006
0.14348677606580995
0.07452478748270172
0.04144667254073647
0.09458969410086529
0.11232526174477747
0.17307457437933113
0.14560241971594523
0.32727882630740873
0.16356134604941286
0.15598528712163437
0.05754770332329016
0.04506747850619119
0.1490280336745403
0.13333536871767124
0.14717225712528165
0.12208195916706097
0.1651364661945195
0.3239067818800733
0.05184685988831907
0.059242548668822385
0.14658343419923464
0.12460584436607156
0.1060886894071838
0.10057989648989273
0.12513428282093633
0.08504403325261697
0.10447761194029835
0.2643213737970057
0.10423277696573946
0.14081411536048913
0.17849478563563828
0.3424336758586992
0.1783189316575021
0.04822605392286441
0.15688080048350747
0.27027984828937557
0.21132801227848816
0.24312856877096498
0.16365540717465302
0.18228222300687616
0.18512699659596754
0.11097418354242299
0.18290877503577951
0.19361328011270862
0.17661669445395964
0.18724678802809494
0.20862324345790176
0.13096710903365918
0.08400976043504511
0.08245419076203217
0.06323536814450664
0.15444723489906942
0.04422005583342518
0.09555985301246293
0.1985398266804625
0.21052631578947384
0.3461639172558259
0.09571754253888633
0.1344173281744237
0.1518722178580777
0.15223028894358037
0.1687342199455541
0.14252354316456206
0.15684000102367054
0.08091053180989849
0.20026842890806007
0.13450916603899504
0.18745509690301684
0.10135371097647385
0.14508768487067117
0.09566272720506792
0.08021577125410766
0.14977742864624258
0.046762323851723145
0.29117570044514246
0.18205406113374334
0.10626639240451584
0.08830613479699527
0.14756471647761576
0.22440419616116755
0.08453339144317745
0.11069804754909073
0.0788246429301318
0.10644043033566415
0.16612252627962176
0.1593785698836925
0.1929824561403506
0.11858252387025085
0.06440412313021496
0.25987533144899194
0.21644133281224728
0.14660497279887227
0.12510291012170402
0.27414948407816037
0.1198963321380628
0.1181724932257577
