0.08201226993865031
0.07399423150787436
0.09728310171122277
0.09039489563069456
0.08279843037841332
0.08619147262009484
0.0980810320447346
0.15292843208285667
0.20215950920245432
0.11426025403775239
0.26545525223654026
0.1588238810455127
0.09449236453900092
0.04063646654608881
0.11770634532759482
0.12577026089996826
0.09341710565961027
0.11284688326175309
0.12353374233128867
0.11907237641456889
0.22292148176874746
0.2813742331288342
0.21979351474648498
0.17863133180663585
0.12280618873082705
0.05353358625479915
0.08190866056884974
0.10144316065222392
0.09195727654283002
0.02597122440915573
0.09091151928503236
0.08864917909924969
0.108308782115292
0.3327977688254579
0.485496303448999
0.07221547962419235
0.18287116564417194
0.10051533742331287
0.21851943954627717
0.17968098159509258
0.04214167702800437
0.09753854065194793
0.3158308341181192
0.33302320030131416
0.1374200371282244
0.36016183126509566
0.19887116564417162
0.07815972048733505
0.034951161041145797
0.07435762550095247
0.07405626415540276
0.0545716927494088
0.14715075864644922
0.06417146098786505
0.19385720164491327
0.15641393567542988
0.11633074677184789
0.12230674846625743
0.14340424800671903
0.08996353335156365
0.11453422220307634
0.08321626835019637
0.16454624474958224
0.1999226419689327
0.17931434735012344
0.09070096764489717
0.32037982426497347
0.2577870414356181
0.3687361963190189
0.11058832563935
0.07403209958950584
0.1304176731387505
0.0970306748466258
0.1058513067971775
0.09776597718539341
0.09364417177914117
0.06744174097787153
0.12041492887101213
0.2913840401132641
0.16695156032533162
0.09099762559445754
0.05434571778155696
0.17614723926380382
0.1807290647541785
0.11475512976553631
0.06426503949459181
0.13218627484951928
0.08478102266426003
0.07908764441849768
0.23331810965516292
0.1855484494462456
0.29888809080317946
0.1956882092449667
0.2968385551994545
0.24106820766587922
0.09138824190746452
0.06902109415473258
0.08579141104294481
0.10267484662576684
0.076758601466971
0.07934751619643368
0.07463798889560923
0.5240245398773009
0.16107975460122656
0.09202348403130783
0.04960799362805746
0.12747288200596665
0.11400201581985657
0.17405144074189546
0.29235494825151864
0.2662224675318724
0.30812383560042905
0.2412915621652741
0.10562014316130566
0.0944896184145246
0.2050638885488093
0.33396809815950934
0.16374809474162125
0.2921166535510523
0.12071627367750036
0.217297220035884
0.1962418660346374
0.21715609079165749
0.12188746717575229
0.12131356773996695
0.17614040834477415
0.14073847241266288
0.17517182065427658
0.2617757566190553
0.21543579227559462
0.1964166989736307
0.2635051499845877
0.15753096038272343
0.15339831861281336
0.25081747151638134
0.1249272091691802
0.2904539877300614
0.14293506695768424
0.16755828220858865
0.05277970067979508
0.19432450160754575
0.10076696522131712
0.14630581255782793
0.11548466257668717
0.11273619631901839
0.11025945294213119
0.09663733318732924
0.0866519052837187
0.10223312883435591
0.0852211554764036
0.05308240794074582
0.141436117476762
0.2607753345033403
0.08478212709443059
0.16813428244368575
0.12499832518717711
0.23634444099736623
0.16393092538259402
0.05434571778155696
0.20489509676290715
0.11055007912215867
0.18579241946519767
0.2581834457303846
0.33088995746297506
0.0999777222830334
0.11063216263799046
0.08452960460350387
0.05586636851586653
0.07196546053723779
0.08373932163271351
0.10211275247171052
0.02884414746326596
0.07873966426009231
0.1019453545168389
0.08701924658802558
0.18162678103574742
0.3355092024539883
0.08962481481753964
0.15185866643723178
0.03519741158864092
0.45510357345689584
0.2769944406376953
0.40437765965163214
0.2915337423312888
0.1551076623624631
0.20397775003762128
0.10606831915774688
0.4048240541979562
0.11362000261426494
0.1162493086633335
0.03539441202663708
0.129789214343825
0.11256858284640282
0.039941838803714304
0.08463573046331749
0.10428892588504202
0.031043985687556026
0.05193607123334322
0.09260662256134501
0.10302472263059509
0.14613456312596407
0.18677743052195775
0.15129071128779598
0.2509101220818963
0.18286625766871223
0.268287738675691
0.06210274640796169
0.2385146951530223
0.22286625766871146
0.18850267260651626
0.2590148555729145
0.4248311146119642
0.21024703023543198
0.1828991788582247
0.06285902243102254
0.10315864505628691
0.11562545417576352
0.13508456964959814
0.08319830916149085
0.0666489519534556
0.040629698666384106
0.07588982949272169
0.25840299384896237
0.14696982444548545
0.17022553383660527
0.1348465183707531
0.12103961176995222
0.08314895986721435
0.06834109361117238
0.11919163468240813
0.0710662663367854
0.09020734102191365
0.22031411042944793
0.16826369358267895
0.2406568798553221
0.16830740071229666
0.2821548328680068
0.11303347827523484
0.13246820968579304
0.06233732225602096
0.15238532118890805
0.13400764280659055
0.05566985365174032
0.04228286067523495
0.05548269663828684
0.061471721068798474
0.29021785786458726
0.1411874533595545
0.15302280236282942
0.15785688508890766
0.21234846625766834
0.12608401172610936
0.08514708327066495
0.08414111432335236
0.2180972154704523
0.13161052452114222
0.2702273285609112
0.47940872482351543
0.20635698357114893
0.12747030240050347
0.0934389494118787
0.2996832458060555
0.13085121511913292
0.20546257668711615
0.173089799030478
0.12508963405320464
0.10549071123658804
0.16680605603039783
0.08579511442974755
0.13455665446106918
0.31764339723872137
0.22908979534462834
0.2178040665910842
0.0801336147727795
0.1452733215627728
0.13056232273992874
0.08635658547010813
0.051471289437437506
0.17846285463924288
0.11007879766945558
0.2160159008982149
0.19672638036809825
0.14094578995984455
0.15057483571133645
0.22377034803772228
0.14741370976624882
0.12781613593067004
0.06725955170984768
0.12426508183306001
0.037454797317379565
0.04257822056066884
0.09521519677123212
0.02738306088146137
0.031749903923708786
0.17472332864755966
0.1215333681480311
0.14521057458219205
0.20368608848162983
0.05617049866272844
0.14049522622246144
0.05434571778155696
0.10019130938246479
0.21526380368098116
0.13062620411818238
0.1701412907701532
0.417619631901841
0.21967554454103302
0.09678779996013309
0.16235582822085948
0.12328834355828265
0.11327678239272432
0.06656805624173573
0.05211872879714804
0.06477309609075035
0.1089728971737618
0.10914346657632015
0.14117227527509743
0.062253728136648784
0.2438282208588963
0.09334537420383048
0.13841119952252046
0.10677809663180254
0.10273597621066625
0.05460529600849098
0.13104294478527648
0.25253786527117933
0.11938277995664402
0.14228220858895735
0.05995379996348729
0.059881007684388185
0.1305521472392633
0.1005398880012879
0.17428220858895674
0.3378194878086749
0.04961127696869078
0.05642783955622698
0.07558469093639568
0.03064998481156381
0.035263078401306346
0.1100752241682941
0.07364628479394798
0.049577760301774534
0.1905558417595538
0.09632238261746279
0.19390112754861796
0.18895705521472414
0.10822215818931341
0.10262081149281474
0.21136237938788005
0.20689526616878717
0.2339458897299157
0.2717413537873626
0.25048456698146926
0.39616546956989623
0.34483178072180887
0.4780327597951604
0.11075016271110226
0.1668737846019486
0.036625664764112914
0.1153768920943783
0.02713681033396625
0.08114224656625685
0.09222085889570557
0.10734565256278562
0.19679161440483328
0.11666257668711674
0.3061731009604441
0.2686528360960076
0.07224260719304684
0.11721410375193159
0.05949253565152793
0.09960588436937858
0.31893994375133766
0.07535409254171103
0.07290847103202144
0.17391304495896112
0.19801212023379142
0.24125213651763405
0.17540495411692603
0.2713848426121726
0.3213251533742329
0.2648734277642625
0.0933496932515337
0.1745875992292536
0.0421571172803985
0.03268565600419042
0.0764977408705452
0.05826902754163146
0.07481296919661057
0.046163769303758644
0.12904077506617964
0.07021423944245214
0.08997573421776492
0.1650340986099741
0.14398490219057197
0.044669849315621346
0.04952919345285911
0.13104791561037407
0.16861377050215987
0.13285889570552192
0.19495440274727888
0.24623312883435597
0.08902778127108202
0.31688010709206327
0.37870997323797834
0.4053262480625711
0.07710429447852765
0.07965961785208484
0.07349032761265822
0.09363125609154664
0.08333943222005515
0.08314695044472004
0.15054656074791029
0.12617573806683416
0.16907975460122757
0.1674114367472622
0.25846244232183746
0.21542310241580273
0.10179141104294484
0.09849084137082682
0.1992128668503779
0.13285889570552192
0.14726896946475124
0.14566463856319284
0.11837562317994695
0.15831966204696007
0.37050306748466266
0.44320855097860773
0.21883333798049165
0.08211634923805139
0.060711008183717274
0.0751772112185821
0.08144785276073624
0.022829067423117626
0.08551432889488213
0.07892136363234625
0.08875582822085895
0.05468287782948632
0.26411093533862334
0.11199966252080024
0.2093889570552147
0.33291288343558284
0.06687720622529145
0.10710759700838825
0.11827716616770458
0.0450978218542864
0.08937122785488152
0.06683143004157285
0.09570400270719082
0.28371099645363446
0.229795950836134
0.3482468584392434
0.2132201529804624
0.056424208782723376
0.0986729788490901
0.11583943617539692
0.033096073583349
0.08897353598724766
0.07122986154877772
0.10300554156435938
0.02631597517564899
0.09391889852796989
0.1537013070417457
0.15281334426282756
0.145065269457634
0.12554601226993847
0.13824234600177063
0.06732412957108405
0.10998672433356754
0.04866082349790722
0.10943266137475388
0.13462103019984337
0.39269086886171123
0.2257130912547898
0.11475275513274275
0.37462893158004146
0.45314626383757434
0.378542575283106
0.21159337652382335
0.09973447295581604
0.08206134969325163
0.03598093583643325
0.11784049079754631
0.039934627745638246
0.11804824915558679
0.035489648676117855
0.12211042944785308
0.07997738840564513
0.08284662576687123
0.14361745985906224
0.15118762547471837
0.2531533742331284
0.21337659314307184
0.389791411042945
0.5751165644171783
0.2847876207212064
0.1664736551325669
0.08637709420136201
0.08152997975253508
0.07933363101791037
0.09946564688315888
0.06154622017062262
0.04894155901808746
0.03950515449948954
0.05637196356269924
0.04566865074531959
0.07019720822260773
0.08336632545690167
0.1330924088038784
0.030054058486625516
0.11729809057056274
0.09217709998824093
0.05497503323929423
0.051349805834006605
0.04809765693675391
0.09233167498001875
0.29532269938650296
0.0984835198989401
0.15437880200977872
0.32322327150151975
0.37729503517140994
0.4267527729927583
0.47276705125023377
0.19190846213253968
0.25520852325406773
0.17894841375780055
0.04843623508176297
0.07789079799111737
0.07486540515563256
0.10729316080114118
0.10472106448056591
0.29406240739120976
0.23921167751159686
0.046836854133578694
0.32397703946067175
0.2940066080729201
0.2215232936134917
0.11666900326156897
0.3576640310091471
0.3140122699386506
0.327301048438975
0.08798719094982164
0.0866239259786394
0.10195636087685846
0.19908632052166667
0.24254506284950667
0.18703045517778438
0.6373956128329779
0.6032848623772936
0.19244419908355045
0.1893404081573034
0.0936666999154182
0.08499104303352349
0.02364005255953493
0.09028583002835752
0.06967727020188788
0.08498416210227377
0.04835508981921141
0.23943487478476003
0.08548669110498515
0.23727959980738755
0.12782370954699568
0.13939240848540665
0.27266336882678377
0.24293251533742338
0.1046441651471822
0.08326147636012102
0.0972497942320191
0.08376533642134422
0.2818577476123062
0.2864364485693677
0.510030473506533
0.3061731009604441
0.05432232315487527
0.19303067484662542
0.05764822273878449
0.04035225638287288
0.04695016788042254
0.08410198058803388
0.07540491600096595
0.08572191391856022
0.06710570838705013
0.12090452617756979
0.0801463448580901
0.1258114631103078
0.2819857435536846
0.2806712214836429
0.14609815950920277
0.1574976925319085
0.14945064262643137
0.1412479444853489
0.08473481339308314
0.1267596783487426
0.16139376391328542
0.1870096558067439
0.3320399364931714
0.1473838943343022
0.06854122775294404
0.07923926380368104
0.07386855287828471
0.052642081683268914
0.0760423971748871
0.06740750864963825
0.03636299751345132
0.1560575820598328
0.059164141443410666
0.2799910566111966
0.34232881771253826
0.1618700161183305
0.06713354263344545
0.039334420786559576
0.058607630303847205
0.057737938650401374
0.09061542881126929
0.053846786385607456
0.2351901840490794
0.21274223324908095
0.2893912672154615
0.20968765015229313
0.14242648723810555
0.038891169801068284
0.16283275101528133
0.03493474433797945
0.11948218574066143
0.1162692520423325
0.15471033179784935
0.08716685405909265
0.058500024677574404
0.10909813279584747
0.09322536868044355
0.37471382444752327
0.14682467705426225
0.13521951454656495
0.12447238432261133
0.1792733872032613
0.19441473109591942
0.16220861827063557
0.07161095227264133
0.13701291802349413
0.13138609936548598
0.08438441844084194
0.13558915039646818
0.10373326078659165
0.1652897615238566
0.08209060718575721
0.0564787997380728
0.12256826343966012
0.13665253049356224
0.036674914873611866
0.1045469125230784
0.07104052114062046
0.11879674864058587
0.032390155347196234
0.04482410472211066
0.11187794602317229
0.12097292205391666
0.1167113029352201
0.2192580883886329
0.5491688103236486
0.5177324120653315
0.5019706673418074
0.18520356212556793
0.2858964867478758
0.22239924342156897
0.13333773203796387
0.07977413706101999
0.10012269938650312
0.11447340508842285
0.07603910791597329
0.12995715121676618
0.033851241929000825
0.09584411460922725
0.05504213837655884
0.06085400718175752
0.030452984373567644
0.09400253067269648
0.11244341858491137
0.0959024485243077
0.07679646954860248
0.09565477420106998
0.19315153320418815
0.21606364590116667
0.2960159762597951
0.22781437909486818
0.3489362423090278
0.5238440001117042
0.16093163694331847
0.12088852706703927
0.22940483852338925
0.33801226993865013
0.21217475117138043
0.2454054018418491
0.1356924213060863
0.2654198401990525
0.18555719665162224
0.12093928556676678
0.0611579315295099
0.08972530381120795
0.03904563193173419
0.19221838236129515
0.22688002816938543
0.11073425204269398
0.038398668706078054
0.2929302758565403
0.09382763926235202
0.20742339994909986
0.15339176491353837
0.33852574542529723
0.0494622440852588
0.18421907335618748
0.14980613093405867
0.054497782854987915
0.10717613803744191
0.09444616005776293
0.12096489863379617
0.3998387338544343
0.1934461470794014
0.1200441478699626
0.032564315103041926
0.07998014186485776
0.04204838722531292
0.025759771180237322
0.027022193154148538
0.05327657419869374
0.12298898247431879
0.024985636213140965
0.13054720777098933
0.3200982512491613
0.13305437728945435
0.1689673979353477
0.1262521930071756
0.07876604321425981
0.1112725710013225
0.09939680522885384
0.06834902946380261
0.3290485803668092
0.384707865895014
0.11428583306052574
0.07510588247001103
0.07451624097048173
0.05584861660219781
0.05662149155725353
0.052520986890689104
0.03890526417164407
0.0569985432939447
0.1431252514152662
0.0760793259688434
0.1974477614253877
0.09698827356560037
0.25852264037705125
0.102332483598198
0.2607839929520032
0.25229923273235716
0.2210721545074076
0.41390330950865234
0.22647265083534376
0.12116741986215206
0.0822253904554204
0.25517713599597985
0.3031182238962039
0.2708819273952828
0.4924651597847966
0.45688770624859854
0.2809052177707539
0.5871202710286383
0.21522882744089541
0.06750547194401954
0.1972463987220605
0.18311257357107613
0.09872532255248352
0.19966820855663003
0.22875909609958103
0.1328346900430853
0.12127349621240234
0.3989781079656665
0.20944911381315143
0.39699519328071675
0.2916021026838452
0.25735148276094505
0.1899373950266993
0.2554202106025877
0.14902377196184116
0.13751361563470157
0.3767011977792204
0.4604171779139795
0.34647442115574056
0.43824730872087025
0.2824003498684845
0.15218916038304903
0.18394245274480522
0.08099804622866788
0.16387730061349723
0.13436073619631855
0.14078771726049882
0.12254201755883767
0.13338681551456966
0.06049526243928244
0.1202252111888241
0.23755735946173873
0.1718067430352072
0.10057116064190053
0.12095749931459258
0.05357098577241294
0.0561845354387374
0.09559485546644193
0.27008586118889993
0.22526314592075206
0.08811482768394399
0.07566524107657754
0.12131122804769712
0.13737004708501468
0.2998086940231457
0.08609690511394134
0.08509795455463334
0.1439225578600024
0.1744355312271605
0.14161085442398952
0.21894969325153343
0.21815744130822895
0.11130052130378892
0.2530765619750546
0.29630170378335813
0.316371319018405
0.11703238761132319
0.17288091846635115
0.15578078434918888
0.23941548032278068
0.5617531681365037
0.24059464402633998
0.26455845875375356
0.43619141104294534
0.23005112210669043
0.28414233128834315
0.24907975460122714
0.22547388534846394
0.09118523641720809
0.24629819093449729
0.17288293988027098
0.13862368642828812
0.0583777816901455
0.05016217366520441
0.052085051577329865
0.028860564166432314
0.07629342402683933
0.13233128834355806
0.10215552963019608
0.2540856832934221
0.06437649368847183
0.1606190493454154
0.21948356697066754
0.05335665510743232
0.10718973664510988
0.07543329518681177
0.06842847199974526
0.03603437888324831
0.15175417585314374
0.19051488786902132
0.6543885465398367
0.321438498357379
0.30131631876898146
0.19907250513658908
0.3601404357698308
0.0876143031284599
0.11349718360846649
0.05965586584853787
0.12487790095201294
0.087239263803681
0.10586538488441369
0.10179469635745433
0.12395092024539936
0.1409486774240432
0.06352771624280036
0.10794710947549303
0.10933383190603933
0.17285515682617505
0.08589917246461812
0.1419572024589276
0.17587833184282978
0.19648716218729492
0.08180186076582838
0.1452203062484888
0.07590386626873076
0.2428301138209145
0.5274932755279067
0.2831926616727165
0.2620946816402668
0.240161963190184
0.057577685457631825
0.09983752035073547
0.07373521136321946
0.031415721409878916
0.0842077057023694
0.06474159436073222
0.12025202101753417
0.2259894841274333
0.16125469177157775
0.1644626126048554
0.13205515652329836
0.10794930782169616
0.1544438856982175
0.08589413062135627
0.3434171077881172
0.09802309323789088
0.3490247359074043
0.3906257668711653
0.3946809990009995
0.1279066385447751
0.27102675010733424
0.4701349693251539
0.49187730061349655
0.12393028592331638
0.06802865653522479
0.1086905401535662
0.11873636483961887
0.07313631056341023
0.09705726728048435
0.10134969325153378
0.10841717791411042
0.12265802769208002
0.10625463987514319
0.14073044903603688
0.1890134064853916
0.33138049126105934
0.18704294478527653
0.18938499173338158
0.18447254626856552
0.09906240777417312
0.0924277290192082
0.04161634252668142
0.1207701131412408
0.2520499513390028
0.08746129059643283
0.07958817695043442
0.10277397354778459
0.07913567513845914
0.1103107988943831
0.07016360496352554
0.11773656159306527
0.04105756982635916
0.060809996037004856
0.08919368235091703
0.05025165811226185
0.23440342529874209
0.1398903675589828
0.10178032013227015
0.06487881091339048
0.38239272824515386
0.08927389541731436
0.09958864023344237
0.10991626045770697
0.13535392758289277
0.2491997554856062
0.14476967607707425
0.18666070440746443
0.23871755251958118
0.5546993865030679
0.3914322178082242
0.4040986630601792
0.4424327947257881
0.2789965914527607
0.18755606824153281
0.04859063961786217
0.08599841338504748
0.09742331288343554
0.07229998911614419
0.08295684644554359
0.3446084151954465
0.1875985490277405
0.07848825783828944
0.23864465044146543
0.09432434824359022
0.31558282208589
0.19635780106445283
0.02638164198831442
0.0582792962405203
0.10769268430076581
0.18831796995325503
0.0680465996413502
0.15763998743680238
0.09226993865030678
0.07906855444649015
0.22907404781613463
0.030157483716573456
0.08927731449564363
0.029221731636091815
0.06339316570276152
0.05001087993166784
0.07641717791411047
0.09941939655448205
0.06096761142665183
0.10094969732738011
0.08781871723107103
0.05076633989925894
0.169728016575633
0.08704136018795448
0.09348426676653647
0.07527619167543764
0.15810518607291452
0.26402668090187104
0.10714739020212255
0.1400708883074603
0.07980368098159511
0.05503506763842886
0.10178152582847977
0.05247414764702199
0.07994495298441189
0.0369539988274397
0.07725153374233139
0.06632505265764484
0.05467250252665524
0.06341104294478533
0.056953594773717045
0.0650194961612182
0.06391339877424597
0.06615553861016205
0.1906500782924392
0.08916489447401278
0.16252980636222975
0.1466609146674902
0.12406170529298116
0.19431928827225098
0.051023113440996304
0.06626730337365906
0.17222085889570526
0.12099351059032794
0.13503435026313598
0.16502909974990557
0.05561979032757259
0.32101730543889484
0.19126671498973075
0.09178627883744163
0.10925153374233132
0.11175496054091462
0.05659429830604434
0.10186038471869618
0.12430882891463625
0.04482410472211066
0.10090797546012271
0.23145924855783714
0.21516217132836934
0.17595092024539832
0.1795218248238275
0.37743186915113847
0.20180832591562847
0.48161702689747415
0.10628173629890939
0.2523940789660151
0.1532234522399855
0.13796319018404893
0.30257588576474576
0.28398043049617144
0.5559446820700628
0.29404565386829296
0.25542021060420295
0.14643988541627342
0.09728143504281918
0.03124098612555219
0.14365393257618375
0.13479884390280333
0.06350477289595974
0.14803559142483466
0.038250214624556876
0.16828762415818932
0.07147832558626069
0.08709819513591747
0.1606462373585001
0.23873253195870398
0.24049079754601196
0.12348644121723736
0.20608588957055174
0.10022258070434348
0.25583073071866436
0.16361426847097985
0.17541291085928237
0.2516073074099708
0.3957287653165962
0.14670094824027852
0.1792733872032613
0.05137460019298277
0.04808452357422076
0.06976113505479754
0.0962944785276074
0.090249120479417
0.06017475391316141
0.0849215992402183
0.08861627627614806
0.20853970224054996
0.365867578661426
0.0875190398804186
0.2312240257442617
0.15736406228170025
0.36675993860938016
0.20850165746282318
0.27004819532218577
0.21376718837110512
0.13698159509202487
0.1983976651330767
0.26671064091516566
0.13013161719458693
0.12775959103032805
0.4089441730704556
0.12037838246831577
0.20524095528538897
0.23040655872177834
0.11165027417534323
0.10652089861666421
0.1218099118282752
0.1156809815950915
0.0473741190304144
0.12220082110814925
0.22943110386729618
0.2444284958292179
0.10596993611386886
0.17399667710368796
0.1727541884027238
0.07459749918786591
0.08515644112133756
0.08852965235016946
0.10971464090321408
0.14130061349693213
0.26878531620559043
0.1300741243501746
0.30974233128834383
0.19602994448966107
0.3294688341504341
0.2621451973290141
0.12172658664956433
0.051614114754984675
0.0987894954147494
0.10209647639834621
0.08114224656625685
0.12309318105610342
0.07379275694439755
0.09534064498832202
0.12183921575822103
0.12684630227472118
0.12862486930830364
0.11952314771673483
0.42513077755794615
0.20351055989531555
0.1315158475060632
0.0497097771876888
0.15784272726469228
0.3117055214723931
0.3615265753355556
0.36759896550470894
0.21862280358845615
0.32962330128683054
0.2657163536996091
0.11068141274748952
0.5345016699051995
0.09441245990964285
0.1528838853648193
0.12482540919036919
0.11656798608844958
0.04388831965484324
0.16856058769645876
0.04133830534653938
0.18424666954741847
0.13908915047970216
0.42581317045932304
0.42887356038118485
0.0774128196896995
0.09868422073158684
0.1262738572915196
0.09899520125600873
0.10838725956567134
0.09226993865030678
0.0793090929966066
0.2802799757734433
0.09516683239252346
0.12093812943665115
0.19621420502674394
0.13006821093527668
0.06441744766047819
0.05639217581209421
0.07221547962419235
0.08736196319018412
0.06048586634786685
0.038891169801068284
0.10064176095103404
0.08919368235091703
0.07406996767113731
0.10294974224606881
0.03960710297209464
0.03347365775617485
0.07228061028570089
0.10625839438821849
0.43902903631006424
0.32056708357922203
0.3397300613496934
0.06271572240853493
0.07090287666333284
0.0505141956428397
0.2864720375420011
0.43121982190869645
0.24379540464985167
0.09241351992289115
0.08756285552874839
0.2878036809815946
0.18285436603813926
0.09278986457416073
0.08849079754601226
0.049693258869746064
0.05942235228336991
0.07717515036491712
0.08324910175652908
0.11873252787472136
0.2449790515943867
0.1853288327141417
0.09629228342182017
0.14137024719713917
0.3857619563246505
0.06256405576693592
0.20251321642407155
0.1798892671553384
0.1558773006134974
0.2411288343558278
0.5092024539877296
0.24784267506578306
0.2251219231333186
0.08896277198006265
0.1661770715717509
0.12023115917988803
0.08152997975253508
0.08724806007888564
0.09543002266950816
0.05965501035728962
0.06491019519999372
0.12102872137220747
0.3404171779141109
0.11680937102165863
0.20785276073619668
0.0728040782334073
0.08391566889531708
0.09781325485406321
0.0799128185879802
0.028745647244267935
0.133591533384982
0.07671624048454445
0.25584484625477616
0.3549859451349824
0.5736824630115811
0.4237707002849724
0.27557400461222603
0.25139822704815484
0.08763453844839013
0.12600345930756202
0.07599686280532134
0.11190184049079759
0.09425614500120738
0.08588957055214722
0.07029801799985418
0.09331625047112577
0.37536858751906055
0.12355918364505873
0.22791922905995823
0.1181194701158337
0.10092989106668127
0.177037628871833
0.1424626411028847
0.12431901840490837
0.15386063476284034
0.14512883435582855
0.06159805205287963
0.08921665286310361
0.09768467415180497
0.1912361474365057
0.14371181951817308
0.3638196128307469
0.10700942322561242
0.18592683250152667
0.10650306748466257
0.08073475003827442
0.03690474871794074
0.08182393586503106
0.0983997726316953
0.11863219729467955
0.19581302532571365
0.16252980636222975
0.04829794071538328
0.12895415114020103
0.04823227390271785
0.09718127923572423
0.18390184049079766
0.17001226993864996
0.11794743937834035
0.10457439916960957
0.5347806664966525
0.09142461993336824
0.07249994808654538
0.19096932515337395
0.15961396407660755
0.17219669624464376
0.09659512715922108
0.18809950195745134
0.10610636473135313
0.1104951582614492
0.08084835428316874
0.13676412913014385
0.09550790927777524
0.042962512186321515
0.20090975898645705
0.20231673154322202
0.11269191672568217
0.13982316104081885
0.23591951773245465
0.11146201037548582
0.1695741282849877
0.08956913946191315
0.27576023099190927
0.4307707372030628
0.1750002628404065
0.12569911352407742
0.19652519901932525
0.17944140349867166
0.16851877162409534
0.1386521553278632
0.14139877300613546
0.09109843537170398
0.0744312188669584
0.07278245289566768
0.04585346829610483
0.0918041038124291
0.1842985751334667
0.09747239263803686
0.05577279000913979
0.16245544113141716
0.19646625766871195
0.25855214723926423
0.32716129125500587
0.4548335284754752
0.2826370121399485
0.32707616680621854
0.35951956700908816
0.29365114932984876
0.16478758185336434
0.18954601226993836
0.07530506631743047
0.16488698554858128
0.13277822165387443
0.13700349789186864
0.10296331395594184
0.19679303574711968
0.11727317494287197
0.06943291252857632
0.1690281332652086
0.08785501130907013
0.10793341176938458
0.13580858895705497
0.15196944336431875
0.13309637672514443
0.24996720684927215
0.5733840490797547
0.5222667824808971
0.32866252608899293
0.2743428909954442
0.3648492384855245
0.29378589157134444
0.1862165494608858
0.19551048199175494
0.33898404907975477
0.1928816786024973
0.3371673807706612
0.07464510762704828
0.11541194404554006
0.09945870434447436
0.048158398738469305
0.13643658686610918
0.14322399921308177
0.1107523678935067
0.1353189267864186
0.11097241322099585
0.1842549289272321
0.15583062979556853
0.08800824611383509
0.14144625238014233
0.16203680981595095
0.16406488698253624
0.19436345649161996
0.0627347894798659
0.0704295236252162
0.3904232247586734
0.10621160513485513
0.12779050306788853
0.1826311687649772
0.33903293484646846
0.25972246649474356
0.19316161418191277
0.2798916258729378
0.09971801936012573
0.045662358847540066
0.1216931337916727
0.02438537088328704
0.06708134328520453
0.08298817721220349
0.0803141104294478
0.03728725790171652
0.227643972727526
0.3490471192309308
0.18270807475564194
0.11812526152759971
0.05024824505154491
0.0506236326765007
0.060786126814020985
0.0746758569772407
0.19139556444980407
0.16486087579654798
0.08815095333659344
0.22439340751593537
0.2119124025222796
0.21477715603216466
0.17115615535787593
0.3046475380709274
0.12246024415600297
0.08679364309930815
0.03485799375571234
0.07997738840564513
0.07830674846625772
0.09124124922280306
0.17294067020766168
0.09668975622534745
0.09454221935663534
0.24127592184712937
0.13681832974105287
0.0937372588018956
0.1487609825626116
0.14234340547198
0.08624564924930445
0.14612394147758173
0.1528282208588952
0.16829074396430507
0.08739953240541154
0.34807614749646415
0.28701840490797603
0.11496617227390515
0.5710502233855108
0.24437312689112042
0.08338996607543679
0.13821491140569772
0.08647955276867492
0.08195950183206631
0.07531961436497546
0.033916908741666134
0.16310140736328374
0.1202061341656624
0.2432446022205076
0.13857846381197295
0.1540770113255848
0.10849799122636569
0.22020343706513343
0.06555189574321055
0.08024458268817002
0.10340424993305272
0.30603092559080464
0.19302321609392198
0.4239074210533256
0.44446098133178097
0.5517399560288072
0.507829595762316
0.4137423312883441
0.28041099070435244
0.04035225638287288
0.12260122699386512
0.08824090593024063
0.11159748525598152
0.15344812529901802
0.13728612424088918
0.1818839540978252
0.0428968453736562
0.4001560397442562
0.17459163817406545
0.13489341744660255
0.08867402556013382
0.08283763935169564
0.12485889570552208
0.1696796195155033
0.13874884896654388
0.17757717829979516
0.09349609077294473
0.13888118938338245
0.1426649070393694
0.040341995943393945
0.126173791317609
0.07992010121765802
0.05168275129130565
0.13661432069030155
0.12703006317943333
0.08400848937786796
0.06865483199783835
0.08610418242276749
0.03739724981293099
0.09567517356722845
0.0892361343645373
0.07981614113487263
0.06520255095017165
0.12312468326549614
0.06262909848255621
0.04598318556892884
0.37653379982464635
0.06665129141612385
0.20180832591562847
0.08394094118720641
0.23231901840490857
0.247958855096273
0.06454285068643685
0.04900385895153604
0.057836045255029014
0.09539965253421892
0.03417957599232761
0.11229612805973628
0.10298253221271503
0.0851042944785276
0.10345408765349916
0.08273594950105982
0.07311540252722852
0.09539450424035238
0.07631560339228191
0.07259984124698136
0.03852589815561717
0.11428557581396404
0.05917298051913809
0.3780055333938724
0.2237311029852992
0.10797560660139298
0.12833833085947957
0.05058880827617575
0.15962073427914117
0.15691499607182768
0.14072099359369122
0.3260493669136329
0.34740005898023324
0.5644952112923419
0.18497410581781015
0.09508653773824947
0.16840218402204352
0.1059548385952401
0.09557901113301347
0.06293153746294243
0.10065335425022431
0.15069675399645632
0.12068711438500804
0.1839311316364957
0.07835692403071089
0.3864539874576358
0.19956975559561807
0.17357701672164577
0.24479160930193705
0.22507975458420054
0.18591425771997466
0.11918526498623205
0.21096126051627007
0.21022198881719054
0.04875760840386292
0.16771117845355438
0.1774876986065541
0.051811115192958605
0.04649210336707437
0.10508331696776063
0.16709702516373684
0.1286871165644127
0.11846493300522473
0.1000032990284725
0.10288757779267854
0.1315487936755979
0.12721472392638009
0.17169679312370578
0.12391327549956285
0.08602204230855993
0.275779141104294
0.19310662217371533
0.2327389565898929
0.16715460764064755
0.5615214723926383
0.4032979112442968
0.22812919610653554
0.3493595318171468
0.3232883435582822
0.12923813442994217
0.17375915426309593
0.18436094763198393
0.20087754584598802
0.11746134726850735
0.1168230318330563
0.10296331395594184
0.1493987730061353
0.11943592946562691
0.12890780024078224
0.13642097121913896
0.251152731625775
0.1653006134969328
0.05861501782027202
0.09332525989291539
0.06659497202064214
0.23079530714579485
0.2861333242621222
0.31264353487574414
0.26583771986101834
0.45941252728160326
0.2056198964506692
0.15072069796115956
0.10047797920682308
0.2243570232419158
0.1785629922057595
0.2713165410578232
0.5188319018404911
0.35188711656441757
0.17008319119485893
0.12213987730061361
0.11513073342889635
0.07832583659457944
0.08270770157889153
0.04539875093620698
0.09691292930918212
0.40882158721503314
0.2605546012269935
0.2433904491905824
0.4432084052500272
0.3451141104294478
0.19101581855555025
0.1995092024539875
0.09814270716425691
0.050694779377669516
0.3132813318460719
0.09255901412216265
0.17374449579955611
0.44690960946420505
0.3575399635279161
0.6087361963190188
0.5070599191325168
0.1339410613868834
0.07724905730292769
0.08344771535942255
0.061551262799516254
0.16542636463255414
0.0969422889765396
0.1369315270850151
0.10512179460893509
0.24957055214723917
0.08797711226843612
0.2644706821141223
0.31321834173209817
0.2554125699950313
0.39623095918121104
0.08496464723741202
0.35620858895705526
0.3529824328740869
0.1998109327284028
0.1680576350590591
0.13594909997561372
0.3656529327579889
0.14771367286816608
0.35493946364620255
0.2939768788820685
0.3256687116564421
0.29790690010103854
0.15830266599029685
0.13815831664804504
0.08131988697879884
0.15010016620158503
0.1584700639451681
0.22184049079754656
0.08505493910482693
0.3834900626818028
0.19375429817772438
0.42037357419084653
0.3651619111721769
0.4565503564515005
0.0805034081519581
0.22934355828220887
0.20025731145229364
0.12855068389956958
0.10232139885421834
0.07261175068393833
0.11607498929864087
0.17753359682857398
0.1278604008075745
0.20215950920245432
0.14397444636281428
0.08027150474020574
0.11783769191977694
0.12137423312883387
0.05874390759771386
0.13450852769737484
0.11984486339321519
0.2251377336040028
0.0753339409594233
0.16750121140726046
0.1975853860668458
0.24228232327295532
0.3531190359827845
0.3537721136967635
0.40093251533742374
0.5537803343745856
0.40349882038855545
0.1964832750550385
0.0829807408399408
0.4251070843947782
0.21406083413742846
0.20600613329820064
0.2341035775301722
0.07054435971885444
0.09615867190392906
0.0634890214144067
0.05941979298418953
0.06742070997139028
0.08514534609298244
0.15087372824559553
0.1432842967262805
0.08745177776711305
0.17529140100202673
0.16757105222790278
0.19197236121086111
0.07486734874616272
0.11427771201475767
0.14641924904936263
0.34205098254293437
0.1981984547799013
0.2713430732803603
0.09139574641539695
0.1795423499388332
0.19706610480879078
0.6553596441302584
0.13568996017371465
0.2737514555334486
0.15022267983200502
0.11269431501909119
0.06949153978188262
0.11831643074646424
0.03942471265397447
0.10034094930296321
0.10299874395784119
0.11136196319018411
0.0883300713865125
0.13864881218931077
0.17844621989318565
0.18705519017630895
0.289120479558051
0.41994721609556296
0.3147129876152348
0.4785797546012269
0.2912521359557355
0.32217648786233505
0.4274080178111604
0.39258678417144643
0.22513665097252727
0.3550188577934185
0.27310076860470717
0.18603970594431746
0.054043786823603626
0.13559234344604165
0.09350073780433688
0.11662502582124129
0.14859358460774036
0.13531334685458882
0.1266190671160703
0.1431165644171776
0.11741763131538313
0.10783285839461382
0.10025275699927863
0.2710517810589055
0.35926380368098176
0.155179850441361
0.16764199738247737
0.1387432240669945
0.07399437649889044
0.09152408282725939
0.4051506053749984
0.28999376913372643
0.1512462614971013
0.2541840490797541
0.38624288120720285
0.24872199841690307
0.1389708959148233
0.11497428315364672
0.12783173321460595
0.10669938650306748
0.0718773711767151
0.10620858895705522
0.12080268245806926
0.11110530426928583
0.15537444856368562
0.1494168915087718
0.09099121558006244
0.27469938650306774
0.2070184049079753
0.11977626630164397
0.3741087852395955
0.15833855679508219
0.2689527141604617
0.20652958140233413
0.25683435582822095
0.23013070378555717
0.327102412687041
0.5661956826942333
0.4168209076304251
0.28530061349693275
0.13336037071442003
0.1285398773006135
0.05287820089879322
0.05032540355642677
0.05847219250272484
0.10356104408379573
0.07525905187081676
0.16923758864654817
0.24784320752114325
0.2548354866329516
0.409374233128834
0.11142724345052307
0.12878090328824388
0.0746549576489481
0.10061386953072922
0.2280169392795553
0.08402618821977863
0.09333276857917253
0.1678150855313573
0.13051559763109483
0.15191779089586607
0.10568981583340713
0.07679052261996658
0.27746322092187675
0.268785748746287
0.08487511178969008
0.13100368098159537
0.046836854133578694
0.08388916123817508
0.03963156311387036
0.05437613079624313
0.11703064172316555
0.16264385295330125
0.49641863517189816
0.27612134020392076
0.28555941677468294
0.31489229290907284
0.39989273855932184
0.092898839877706
0.1207537050801917
0.10989176932518838
0.11916063993290588
0.2790255098253133
0.15464555862195484
0.17050039696861105
0.053717094430593325
0.3506038566150268
0.30606837191044195
0.14602458082174893
0.08673600950906056
0.16985685879130602
0.07284747863033365
0.20049693607213412
0.1879411042944787
0.14043810068202217
0.11062576687116571
0.10110289975998463
0.047518147314981975
0.05359725249747902
0.1963559327831838
0.14894884975807154
0.1894728054853443
0.3769217130683057
0.6712490797546011
0.649323091541153
0.09217950805117973
0.21156518526680834
0.27012260542205113
0.42921717791411035
0.28295967935579863
0.35844924076667817
0.20040829678213112
0.2813970773615853
0.12013332722545245
0.05771095640634622
0.0791442906097531
0.025043680680257332
0.07546183396292315
0.0482425343421969
0.08726230250863724
0.325416393084411
0.05135888632294551
0.2570663343558287
0.13343644087880763
0.20226658358895735
0.12745476459078423
0.10618382049011985
0.06811593606220566
0.17867005063028896
0.08417386680070675
0.12376241647984616
0.18074867999144567
0.3928614670870555
0.35350141392807954
0.26779012741456815
0.14722238570785112
0.13104294478527648
0.030781318436894547
0.07945747489232223
0.07230210355017096
0.10090797546012271
0.0783869289771238
0.09574497323937449
0.15780047212568196
0.26281699141919174
0.13122072671578852
0.19720245398773
0.1412479444853489
0.2416687116564415
0.1659679912099338
0.21799828610916783
0.14198198933115308
0.1258934390889555
0.10826970076268178
0.2854969325153371
0.19778895787607614
0.3397974040241693
0.16836149093347413
0.19255919509597832
0.1874623334564796
0.1059631901840491
0.06939073000463618
0.10238036809815951
0.109419090066619
0.07123890925415437
0.05020227828267916
0.08630630491671762
0.10662314106765648
0.2350429447852756
0.1700276865252584
0.06110296918513134
0.22660693501884824
0.2916599647255107
0.06480311590827069
0.12387730061349686
0.09011775765977777
0.10591747262693137
0.1261802378534663
0.07191508241950323
0.11662502582124129
0.3847121210917628
0.14082247976089637
0.10253864874583035
0.27314247280772685
0.0923892358490096
0.0925433755122364
0.06717797681421146
0.06270368144728863
0.09067389222214728
0.08894782679044645
0.09495759681470863
0.11926128245606332
0.3162817310040513
0.1575950920245395
0.12235382773501328
0.11542938385602207
0.12429845534486637
0.11178657697607221
0.1901356378715645
0.11173083644814298
0.4058404907975464
0.08894637064377076
0.17120922956741044
0.2312787018051999
0.13820211916070338
0.23839342854316792
0.042552094607162944
0.22860162196133507
0.03127381953188479
0.09894618506648492
0.044860350874667915
0.06767026187542041
0.08255381202279666
0.07863265894330204
0.07112913908997186
0.10120411645039144
0.1437547423534302
0.10802003569536328
0.05317598644747256
0.15609631461350798
0.12161963190184104
0.06712789924717952
0.11278435162418841
0.17517774562713762
0.29352446808256455
0.3506257668711661
0.2995706173734026
0.1883226992306134
0.23186248766682294
0.4007746001549472
0.2381799003742664
0.10036294846443358
0.14902411130843454
0.05607945801623024
0.03390049203849978
0.1212760736196317
0.061531862086826886
0.07795956107058398
0.13280981595092026
0.030584317998898384
0.31788871630127635
0.1002331254548281
0.18875775064793265
0.4966697321042056
0.35716904078415374
0.3272099796998437
0.19065240537200726
0.15460122699386447
0.13003899232243687
0.2832392638036813
0.15329772128385422
0.28125490271555037
0.2514195844526332
0.10577281850075268
0.1502168979231067
0.15622484634928535
0.14052882948154397
0.03450791005565452
0.0947970360475991
0.07974324999681143
0.11319844274058045
0.03810316804908386
0.09617696643558807
0.06375520952027862
0.1030312290719733
0.2264879542202927
0.16979732555815089
0.14897161954678964
0.2668770836304218
0.17230142551061842
0.4143803680981599
0.4229202453987735
0.26466346221103393
0.23523652309463483
0.049315776311696584
0.05986684967843489
0.05349638845878009
0.08996353335156365
0.2246713902232428
0.21227668408992956
0.0590480377445759
0.2693987730061353
0.2011173815446881
0.2632053843765347
0.05983888304132292
0.20749135106669042
0.2050134836601861
0.04926652620219752
0.22020215676531785
0.2147715761003349
0.18945401240219817
0.41811042944785304
0.07944815221100614
0.11015675920283631
0.09432434824359022
0.32240846108281035
0.19343801340902858
0.07412878953521908
0.11533742331288332
0.1273340443390402
0.19542357700781093
0.47641522868451897
0.2259483140683652
0.2726354691676383
0.18800506134539344
0.05305878463362291
0.13411060699685404
0.07131415855459725
0.05914938150833651
0.11932517300070804
0.16826787518991598
0.1648807733284884
0.3158308341181192
0.35444717679849974
0.29023607161241305
0.27347711325597673
0.2474257001736406
0.17741196244339347
0.39705521472392685
0.1754110429447858
0.17212269938650307
0.19195330578987516
0.48271424008184666
0.1755849427004976
0.08694154704056105
0.28085599148185847
0.3852384934779719
0.06734131638834204
0.16817215052531734
0.13743372094962997
0.10733742331288348
0.08629645614338362
0.11852639779304154
0.10595107588601355
0.04241445817389704
0.1878796131283032
0.27194137828894216
0.2879173126195002
0.12991019961158476
0.22754961998887158
0.1966134969325158
0.06000721743852501
0.16051980710855712
0.27065629269911873
0.2113250091548806
0.2412377969507423
0.30233128834355816
0.5498464824351015
0.20618404907975507
0.041813342964677466
0.22205033601483526
0.39211345948362303
0.2822308123992778
0.19557011728511337
0.07860594565046546
0.18738650306748472
0.17992638036809858
0.16864421984118558
0.19909196766069048
0.13820211916070338
0.24684931439712893
0.1893404081573034
0.2374316588788128
0.12924870402862473
0.16934232041521252
0.15074694086969387
0.1285007903724183
0.22303749522702923
0.31030000901376104
0.2158875624661463
0.15239077993754194
0.3935525919032642
0.6780360851606364
0.45324911465798035
0.20414371888965976
0.12433420842134085
0.11118893641401244
0.05535168672886944
0.0710316193024843
0.11238486168064739
0.09885319506683914
0.05762096551699295
0.0969815950920246
0.0601709798252968
0.2327361963190181
0.247049355522371
0.15672560035913907
0.13992256162824776
0.13002209359316416
0.19049260300750565
0.11662502582124129
0.21045398773006183
0.2849252822057705
0.11591415259106554
0.04603243567842779
0.13296977548638558
0.10847132031717455
0.06524761381522272
0.12549272252334656
0.04979186070352059
0.2047607361963195
0.08727119403228335
0.13818062987320032
0.11738760474063471
0.05713012701887625
0.1432368500518478
0.10914588384922418
0.06426503949459192
0.12583969692078997
0.34895437223391096
0.21351510820796998
0.07313160300695089
0.07631300137555869
0.1523321389332078
0.11838936087108128
0.12409768387818762
0.10492490066736242
0.24816006832166446
0.068917319892311
0.05858664860355312
0.07579859044866306
0.1277124560808102
0.07728875460981144
0.15436383609393498
0.09103358953490219
0.11121472392638039
0.12908993771904484
0.03595257993429275
0.05096374311743282
0.08168952282870244
0.04204014414698995
0.062444466610278845
0.08073243724016463
0.08815689403804074
0.11591834105755304
0.08099773216771047
0.2978976995161431
0.37798080176571125
0.21148466257668758
0.18704993082987534
0.17096793178976208
0.08103898682536088
0.13348498775089906
0.20446903719793735
0.2696314069295115
0.2506803127528256
0.25357435860279604
0.42677327998656245
0.11096725863185633
0.16219954348117682
0.09029195715373242
0.035466254049436166
0.10834299603402904
0.08208495004915621
0.12266959161026716
0.14301365277868575
0.28571467590937155
0.1591426216324728
0.15060980720618847
0.13575901863382517
0.09449454342547453
0.14174849245833765
0.059118221624620944
0.13968057773573234
0.11744339049210813
0.14241014934124094
0.07802859014963182
0.3874146668913039
0.20016442588850672
0.15810926819505625
0.23256815610754805
0.10609463200144668
0.16049008573034232
0.1606907901977106
0.16870483924129115
0.11042332603733962
0.16555901622641855
0.16340685399899815
0.14452023437253042
0.11195092024539878
0.1669908452538755
0.2455460122699384
0.2394652495465456
0.31621037214582903
0.11889023893630513
0.12666445251955405
0.2122127294627065
0.13928834355828235
0.1639502172355709
0.18807361963190225
0.0997041388014139
0.16347650840301606
0.1615773036117877
0.17040646074940233
0.20937262334034634
0.19748635362578526
0.13979112991050857
0.10607450407033978
0.06542993875586563
0.05433646993583372
0.0506727613925322
0.07505453779355524
0.0894723926380368
0.09837590526974138
0.1635518351316675
0.12480981595092042
0.1248097069798601
0.19802400577110002
0.2796720978731482
0.3158263873083937
0.1680261290237049
0.120984819936333
0.13105669867080563
0.12191411042944755
0.06103658101251917
0.15304101611065637
0.12732794975816228
0.09474823806082891
0.18801141193719162
0.11578000744766515
0.12426329454507001
0.07236590399772155
0.0645650791816406
0.035739162793130344
0.08353770207822062
0.0481830237932189
0.11717856841015958
0.12557055868992403
0.32273187355441757
0.10459737589381882
0.07572840656861812
0.11661352045801582
0.04618018600692488
0.15826266135784806
0.04990073871203657
0.03193048765853859
0.3026229156931953
0.3995231189603533
0.2943972033009534
0.12155932236011067
0.05039927872067532
0.1069712378318958
0.3088140943952597
0.17930536652496729
0.1102689828220198
0.05308240794074582
0.07308708850367245
0.04770164380395811
0.14742179892363932
0.10865794660389537
0.12593906138177596
0.08313035185823875
0.3385902633870708
0.11114787136469091
0.21911621918368804
0.0791908113175076
0.10722799973113514
0.06706437256931702
0.1453742101999975
0.03649433113878217
0.09623973401127267
0.0590125429572777
0.08609929299603293
0.1063483090915421
0.03455386360885042
0.1259918260306202
0.38628687394109495
0.08529569244696687
0.08757678916440437
0.1256600647903231
0.07744785276073621
0.07303712878354429
0.048035273464721806
0.07267747389607837
0.1259918260306202
0.0687505225850468
0.20816084472814
0.19051488786902132
0.18079367499607008
0.41555828220858954
0.1183571575288145
0.11866256708847632
0.0477250384306398
0.11324397711014635
0.1727116564417173
0.11665905482758088
0.13779087431653417
0.14267260814946314
0.12248745413200342
0.06284313972076387
0.21673848382970276
0.05294386771145853
0.26348315446312404
0.14306945209697539
0.14680800642244285
0.07478532276155857
0.14020549535217564
0.06557431196582998
0.15563190184049136
0.07385996346256193
0.24588559565532325
0.17002052283131294
0.4419281412841524
0.10991626045770697
0.3301206889815931
0.41641180967924724
0.19478833488396716
0.2602908448503204
0.36954200197653364
0.3087376281016256
0.48699008250623793
0.06649830050960212
0.17570552147239232
0.712838123130869
0.4159969671914189
0.27013659976139054
0.12363190184049085
0.04271626163882639
0.08715278334894244
0.10204252219695935
0.11191243582584783
0.1076926843007657
0.10813302898745149
0.14945064262643137
0.26293946302042454
0.23253917841230687
0.042552094607162944
0.12735635192134226
0.2963684862442482
0.1289408179551242
0.17317032166485613
0.054733288356590026
0.19872967421182514
0.14280053583223837
0.11854057339610383
0.16495705521472348
0.3090724240113692
0.48243202685538217
0.6707636051707285
0.45310429447852746
0.20039263803680937
0.05595994702259327
0.1111493961101195
0.08088304461073088
0.0690970182889613
0.08593093457081019
0.13382580048558224
0.04791219544409328
0.2506803127528256
0.09485571089513414
0.2643926380368104
0.2276263134594379
0.17074591396908986
0.0935827146989233
0.18655214723926336
0.1433454960613898
0.11494478527607369
0.11374485517537007
0.08014049043580924
0.1426230575506513
0.24686875501358485
0.04795898469745665
0.042108843621671666
0.2508581288985585
0.05156175720643625
0.11872392638036819
0.09879754601226994
0.032028987877536615
0.11317791411042945
0.045359350848607746
0.050612695861837725
0.21499477337349812
0.4598773006134972
0.20015108715007382
0.21806373587947828
0.07380949743588137
0.1614646588181562
0.1089151495971425
0.39004124080404634
0.1697828949181337
0.24201226993865085
0.1331063069345843
0.049299359608530234
0.16025734830033492
0.17900421307609135
0.12908621538550497
0.15185312779222834
0.11700004935514835
0.06003061206520669
0.09450432354105612
0.07702367803839122
0.0992710191715207
0.24127625228834723
0.11558685914095564
0.12052108473552839
0.03831658519024626
0.3662784687873011
0.1786294648758722
0.1205719719145712
0.04089380743958736
0.10724628975444138
0.10880867066657685
0.1289745768961363
0.11229447852760732
0.12209583758486059
0.19342331288343528
0.04230584405966782
0.10728834355828228
0.10685836388123143
0.24530943280860248
0.060088129987182826
0.3598036809815955
0.1277124560808102
0.18603080326773247
0.07916564417177913
0.05402445516867811
0.04583007366942314
0.05571420355820187
0.08269938650306749
0.05146817869970951
0.1657693196811225
0.15756568183619316
0.10084270138458008
0.04946226173380311
0.11189980964418857
0.11391411042944785
0.11605928499575519
0.10776001848022193
0.07058158869864715
0.056507674380065744
0.1478123941516726
0.19180489704861564
0.06498162807958674
0.07859677550461873
0.04063646654608881
0.03206182128386933
0.11489220048966861
0.08422085889570549
0.10144785276073619
0.08894411335514021
0.08235957402005405
0.05665065012066534
0.07698580995675974
0.029156064823426503
0.33064560659803754
0.20210513084837986
0.39678895236411676
0.0839386032895155
0.1257659287407416
0.09989182240928159
0.04396393107946858
0.07946012269938658
0.06619340669179341
0.2039484412852214
0.20914668452729032
0.14280053583223837
0.2345803340934812
0.1442654496533815
0.11226848859345738
0.14276007104830313
0.08768830374583829
0.08500613496932521
0.04581901853726538
0.08782936193993902
0.07918426867492741
0.09104294478527611
0.09307225139249661
0.13937296918687556
0.26787880946095405
0.07679646954860248
0.10307661837553238
0.04012242253854411
0.1059074749879932
0.07605580700924533
0.13810582488640014
0.27726148500568915
0.05122011387899246
0.11558519189749723
0.18394424021567912
0.1476071698676013
0.05032668048821141
0.11706886415367344
0.611727926419324
0.07406738807421832
0.07399437649889044
0.1291754218426285
0.09863202012981619
0.08378324000107319
0.04617055254661475
0.13469386037951467
0.0755071888113806
0.12520245398773028
0.3326927853021681
0.14331781864218074
0.14025798711382054
0.04889476976472409
0.05916579821150286
0.12944502005408012
0.1888653583965297
0.3598125883089572
0.2309047880681749
0.20299386503067454
0.10267901650592047
0.032948323254851905
0.1010179980115208
0.15302491787273362
0.20812841948467733
0.19324786443725783
0.05146636442648758
0.10601226993865029
0.10535096562029857
0.0818650306748467
0.06903833547180689
0.10125660821203589
0.12094101882868417
0.06520883656937548
0.2217479066830959
0.12476890097201605
0.14173854680850131
0.10305359727258792
0.1245859885675061
0.14716708243666762
0.09757898788931288
0.16526082816600549
0.21806409585061956
0.290220977623516
0.06520082456185934
0.11737771512378051
0.2820122699386501
0.31437316048827574
0.11578731439144806
0.08682794304679207
0.14154601226993815
0.10367122924767805
0.12204334582321567
0.07686201582707153
0.0780858895705522
0.08855351812710634
0.15234329240336725
0.06554964930405865
0.27007011366040623
0.044472848877625176
0.1274100332739935
0.39930483082890483
0.1341447893927884
0.3293008378671827
0.251595534359426
0.3122824284091182
0.1865652944240867
0.212235696546197
0.12102040382436204
0.15540880332807813
0.21754749929782777
0.22317237820292796
0.5034735242890578
0.31132863831290003
0.1629154179274136
0.13901643028438954
0.152403534936735
0.06908433259101916
0.06797090725123901
0.057864812139459286
0.1429202453987732
0.13626861322884687
0.19983858176153602
0.3866018245109609
0.219887989528366
0.43043639550551405
0.3448183822420238
0.07598574746211666
0.1495706455231176
0.15964349969769664
0.16940673033011644
0.2932508640796875
0.19361963190184078
0.12092543552328777
0.23871877065992564
0.3528440186015185
0.31816762186753395
0.16577432466642764
0.06477972128158899
0.16944340658810356
0.12804907975460145
0.04493251656628282
0.08565470740039596
0.11656970575597266
0.20895491359940538
0.08941426317740447
0.15002974090965343
0.2705196895904224
0.1889676336980731
0.11447521077190599
0.1900122328188317
0.2162944785276069
0.2110888210931594
0.22718672114980445
0.12000610014597274
0.15973451950461118
0.07088732427227232
0.14537423312883457
0.06356320069414122
0.18631392377215386
0.12618404907975436
0.12353474463201736
0.12697757141778843
0.20204079056927202
0.09210653314416843
0.10595847797961822
0.10175153534373517
0.04620438769633012
0.05503506763842886
0.12340813162597054
0.07596337175271033
0.05960950878493635
0.14780725137489326
0.6015214723926386
0.1578201515946545
0.2776814190988438
0.29006134969325154
0.12353374233128867
0.19964996084359618
0.04153425901084964
0.1698308714011769
0.10593086961467489
0.14397448676883504
0.6423617521608371
0.3145265050089076
0.14129650851558812
0.2309083515901382
0.1489296442520814
0.07102608660559918
0.06979396911362194
0.05598334164927496
0.10322873883752155
0.09213304260934405
0.10357841124389199
0.09028090023236288
0.08802636237793507
0.13707947143896984
0.1955037613399389
0.5395236085513497
0.3673541957115827
0.10700576847963159
0.13891299239088029
0.11386516504526352
0.22822085889570531
0.27229447852760696
0.1754806902801892
0.1458126443308245
0.22860960880912928
0.538355507424904
0.26346186230772334
0.05076044619033482
0.041288008463354516
0.15367084468610626
0.13344711966926748
0.08133986649394236
0.11700137047251091
0.10399657196752501
0.11246989282752767
0.269882208416501
0.08955463093749458
0.3671656441717795
0.203037753893905
0.17018792078618417
0.17712869761096428
0.18897034191981837
0.11240160251254806
0.06903223681447539
0.06470807270604359
0.18445605041840027
0.10103204179273735
0.1849809680348447
0.2768940426741783
0.24325399249567115
0.22981196319859593
0.10427091293190606
0.05329295958088099
0.04580260183409903
0.057027417935937526
0.07471372505887218
0.12348389137699227
0.03299757336435097
0.06717291490521439
0.5302609217151173
0.17211426849716513
0.17248552886866697
0.18570013127095736
0.038612085847240456
0.22124883887421537
0.11829766871577338
0.15862576687116522
0.14196743803634682
0.19429515493727176
0.09833605196639898
0.18971908897361817
0.14333423534534676
0.22466258283141408
0.18631480689294858
0.1726703591174209
0.0536169525412787
0.15646128848670854
0.1397214929995424
0.1167956579362784
0.1368307805452315
0.13979051456700844
0.06589664650970381
0.22808165715509554
0.14314134856692157
0.059034464586172126
0.18143993798435543
0.1559407601583558
0.07137332229048289
0.11164891321000875
0.0733993399459004
0.14036776009011748
0.40088343558282213
0.1041294833601851
0.11795570772906168
0.6864990129286638
0.2123642017892317
0.11247010814795028
0.2472638036809817
0.21990927341777283
0.0558003740624024
0.06714257857643925
0.11661352045801582
0.06441932628611476
0.18414109984853427
0.15379951415221407
0.03724949948443389
0.05778472790376475
0.30266749764157586
0.15798112138854425
0.278202329433029
0.29618278148625093
0.10285957605045583
0.13616040580086433
0.04265059482616097
0.09326908505828788
0.27196587734815103
0.04765768929189583
0.10277397354778459
0.0979871034835443
0.2138175375397093
0.09762577714267626
0.31032892896982095
0.28609288969034025
0.2805440294853735
0.06370356845423134
0.13369516662416256
0.09453557788468842
0.20109593885967295
0.2240490797546019
0.11746204362703495
0.06857256912581774
0.32240884701025724
0.16784829390460987
0.1281964333983952
0.2892078666999321
0.22097763517150842
0.179609419794082
0.255951472998763
0.17131885118998738
0.13717797165796822
0.20259887060018444
0.14734729808966554
0.14949653716323408
0.1301595092024546
0.13952310245079877
0.09098399691956414
0.08468854858770385
0.1113116337514627
0.061037302372466025
0.06169163055960637
0.14518982619201656
0.08481462592334221
0.14167446913971232
0.1717005523388126
0.11959396695903585
0.2783638120002207
0.24570345817706069
0.33647620314302823
0.4006816053851326
0.19827727542232912
0.26746888682951303
0.18134778444429456
0.22972579340220353
0.07717887342288263
0.26702559148503163
0.2379976472956822
0.19358837557225647
0.29572326375325114
0.18391331867626945
0.1299632561591737
0.11339375552613273
0.23985642905367288
0.0849265624382205
0.053153374233128874
0.09653234966404046
0.03696358499036315
0.0757289070499347
0.08139761577792812
0.06775514191391138
0.07047249991614854
0.05916501087798432
0.08775460122699387
0.16022538841849027
0.06271572240853493
0.19389322098218761
0.36568155281705056
0.28219187619641434
0.39326827823979943
0.302490749517409
0.18093404275616087
0.2261870009256936
0.18074688574270764
0.3221208415614735
0.15304764775159133
0.2581104247743529
0.1828204938066893
0.13168539678429544
0.04696818775890943
0.08376419656879129
0.06943525199124445
0.06520082456185934
0.03985975528788264
0.049923194328851325
0.291386503067485
0.1829361424432147
0.24820784850317998
0.1940375941921523
0.08351881725361956
0.06523997838304998
0.26022085889570584
0.2915392441729641
0.19049260300750565
0.10175153534373517
0.06016721710464982
0.11636480723130573
0.1289277876427727
0.28981478168253394
0.29824901092938466
0.2946368468953449
0.19034676139773787
0.17585373526312267
0.19066627059881663
0.10237488635905855
0.16994051808444804
0.1796000308003697
0.23757771320252638
0.21065030674846622
0.45930291438844684
0.26113829093055374
0.1957779820346521
0.19197758821990651
0.24585179638817317
0.27921978872592274
0.25059473844287045
0.13901372766909303
0.2231566050541985
0.07868339943059743
0.14293238606704795
0.12273017238628289
0.26648819253108674
0.3244090893944745
0.18537520159428844
0.29000839976458426
0.08152150653329174
0.1080755049761891
0.033916908741666134
0.05174891421988973
0.08675577501767667
0.08562110414131377
0.06543697882104615
0.14225827817994327
0.11790891847569805
0.24893251533742328
0.26036552517724776
0.12352571844553989
0.2520455207184243
0.1775092271822046
0.1334385418152103
0.31835727654427254
0.24264913383219253
0.16783968621954096
0.17028327477441396
0.0872591681024827
0.14766796050189146
0.11142840711640363
0.20863848135049873
0.13185666024074638
0.0946939840934938
0.08409212152259457
0.14016788754586765
0.06323546596440671
0.08528587419674465
0.09158282208588957
0.03936725419289229
0.0979444289360372
0.35599965069372314
0.10679647080189726
0.4279263803680983
0.12624744437163135
0.4944785276073617
0.2049798804011047
0.30225714517778446
0.14466203034864822
0.19256117221695887
0.24166684751638168
0.208844255195551
0.16923343954152623
0.05972648191834477
0.08890502269607689
0.1463222674239649
0.24333567095963893
0.12026302411684821
0.0752371194083026
0.09613515036322476
0.15911015534235304
0.16667484662576673
0.03393332544483249
0.09139928335992457
0.12902475012192016
0.20503282098300282
0.11269772769820982
0.11942956921000765
0.05635854197005807
0.256359263537709
0.15411581218794085
0.04526085062960972
0.20668398954451253
0.1776367975401966
0.04496534997261553
0.14731020028705774
0.09898716538463853
0.05464984792841887
0.1861620553151009
0.2432446022205076
0.21878566253383336
0.09430084791103324
0.06353980606745954
0.06459257413807207
0.10159509202453992
0.07993952032401377
0.04047270415931701
0.06952579787536198
0.11538409247973927
0.0782082369968768
0.33529810360792867
0.07640230271315994
0.03503324455697758
0.3081226993865027
0.0900948669768944
0.25242768222509765
0.33933742722817284
0.27042862085128994
0.11001808638784
0.1348445781067488
0.2561597968246422
0.05188773166120497
0.058603539837623744
0.3285934258789717
0.24675664301582825
0.17786934666085935
0.18127267369490177
0.033752741710002684
0.04505805098892752
0.04112775370640421
0.16544497873148695
0.13060122699386495
0.10558717854769833
0.09915693774626018
0.0946426462448423
0.0919130746393338
0.11766416612098461
0.22296998546901722
0.3088882862610098
0.0863430129278937
0.11327857939235172
0.12979284979183153
0.14251832519798036
0.41968738187542265
0.21870224006729092
0.19240890117847304
0.4965527940088563
0.28676013202932815
0.09854986489660295
0.10000258244041141
0.06305933064825016
0.11343452168360789
0.12544180721237685
0.10618773415936184
0.03762872532757647
0.10880123868206802
0.04760843918239688
0.2838521529992882
0.14703442043984827
0.15875359719925417
0.21264727278908566
0.28064413977891894
0.051115046978727804
0.2658970186096777
0.1375963314886696
0.3229388558345713
0.1312785598206274
0.28980093801938756
0.2592771123688804
0.2893543036304703
0.49514073465851716
0.15133199868468308
0.2588245511428713
0.16365153374233118
0.040516423414536325
0.052766580480543064
0.1252809528004444
0.16112868734186545
0.05670857507640721
0.1317585374712562
0.04489428860215572
0.3222085889570548
0.30282290036282733
0.1290544222000178
0.09059438648547176
0.09882718496059803
0.16946252964840725
0.13131403956430487
0.11862576687116602
0.07505716687652357
0.28608310487566113
0.17960831117801887
0.1269535956949765
0.12371627506156613
0.24239359052298032
0.2405125400465595
0.3918228130362575
0.15333953735621764
0.07706641947899608
0.18612764987949532
0.09587009816136896
0.29177463534129733
0.14097440817571874
0.09869277192426941
0.0633220898903853
0.10747491497566615
0.06648752902935205
0.13118712345670716
0.09275351080553593
0.05319938107415425
0.11683410618305841
0.15397161991351996
0.09954413653057459
0.11999104025036855
0.07949494146436951
0.12443286838119534
0.22281579231951534
0.22620404344926645
0.25699598182937944
0.14153749142420174
0.1617796093880222
0.055930181540208186
0.097964727180589
0.10223376654913566
0.175700424576115
0.11293434339709889
0.06672935188533004
0.10819076992526032
0.0920120856282035
0.28843173188361587
0.34005889570552134
0.16485568368507084
0.04371439719134015
0.13027838476471248
0.047940268996111216
0.07457739093587905
0.1349820851408594
0.21497231215710128
0.13879172578102594
0.15300914205195978
0.06928084745514536
0.13707613611600358
0.504719993425021
0.24783565667777854
0.24483412607451854
0.22568240609901694
0.054391820930730084
0.06301576642978984
0.04464396609666166
0.10766060313265194
0.14125153374233163
0.20657668711656493
0.10035775052302473
0.1347579541807702
0.334963307698185
0.24284800750255828
0.18474340770105613
0.3095705521472391
0.18169105566774837
0.15464001720671713
0.24658555742369423
0.31038895705521446
0.2674028760218511
0.1184989441909073
0.29696135570237736
0.30168561769228125
0.0863818063126973
0.2072821105626975
0.2578702417250419
0.19851316370104893
0.12959181312480036
0.17609018530171783
0.15969113686352301
0.19231159409790793
0.13101889714092715
0.1654033435578032
0.17468115409935084
0.19800544538367065
0.3203555275453544
0.4843277359422566
0.4358215417344787
0.3246414334294419
0.22906653954148876
0.2279209713097136
0.20613484668814228
0.22375572935276317
0.2009138860521644
0.16079159470807936
0.17249129849860842
0.18957818389215064
0.11187178015974306
0.15300500877731144
0.04575335172459996
0.044111681407965675
0.09284457954466757
0.10895705521472387
0.06918498514067879
0.07721301844654861
0.10262576687116565
0.07181123463629198
0.07886511247718221
0.07713522204446634
0.15395170350197163
0.23258895705521426
0.09765403921991946
0.12937423312883486
0.3739851741923067
0.3101498087185896
0.24416397269179144
0.40889740443316613
0.09248349728759751
0.21979141104294495
0.19169991352532698
0.16448762019893493
0.4696700373132143
0.38854608395210966
0.20141559268753548
0.28529754601227003
0.11486761700707894
0.17131613840795454
0.18153187114797806
0.2276711656441722
0.04660045360798329
0.10478369124482058
0.0675204628361501
0.2862036809815946
0.1479509202453989
0.18371098494327628
0.1685920602830747
0.06463420203621197
0.15349276475365045
0.18038793889095925
0.26086120422396936
0.2834742177318922
0.10984015758021519
0.26737326465342554
0.32378112431275785
0.19186361960245799
0.0788051002093998
0.2452100153456215
0.6767920304096638
0.11569780300126964
0.09370456799704968
0.10058542237085366
0.08849770677272378
0.10335627867781161
0.060685661612293884
0.08164312463148059
0.04723375127032429
0.26168602189465673
0.3137432593485427
0.1628818554818353
0.15593213384274257
0.11359284159998903
0.23152645507600106
0.23418973886544794
0.543262162876816
0.5018342869846899
0.10858007474219748
0.4713760195666576
0.4682944785276077
0.503803680981595
0.5095593746293228
0.39479053932748676
0.37545364425481004
0.2800122699386501
0.07474730160425881
0.06529025453649696
0.1810567484662573
0.15486239089328804
0.10455377338446317
0.06563206124981576
0.05711404186191624
0.25801604777551335
0.1150920245398773
0.14723179952169446
0.1869921815458892
0.3997742158926607
0.3283816162689887
0.6839263803680978
0.3279509202453988
0.3815298442427418
0.25380541584746535
0.3212905116562899
0.3833998270506528
0.36858895705521505
0.18212966422524313
0.2889146560907442
0.10490937485446691
0.15916564417177895
0.06646942586760932
0.1067564327435027
0.11311974634366892
0.10459244689264417
0.10414723926380363
0.15832300298028884
0.10873607452313196
0.08628619184230264
0.09951731852747897
0.11547516121887057
0.20877704867738708
0.07923201762846216
0.05399558052668517
0.06375520952027862
0.0739504149408099
0.1805550132188052
0.14458895705521482
0.2042742119603796
0.09875995689484968
0.05560902762236798
0.08760467160111168
0.13689851436857883
0.0632699740030888
0.06550495470872125
0.05249754227370368
0.0975346196099451
0.06914711705904744
0.08354851258187165
0.03475416060314964
0.09526380368098156
0.13760111890450122
0.2207278577146764
0.24644882092042908
0.339254255507718
0.11155936848628346
0.11312883435582824
0.12638185740795918
0.2865933220471497
0.20187474317731766
0.2669439387020021
0.1318282208588962
0.18612845205601955
0.08602434325029956
0.1185067490775893
0.07547108669150138
0.12192151046485682
0.152369203577822
0.13085987751173125
0.17485005803747586
0.049693258869746064
0.0699877300613497
0.07056684407251133
0.05089470171268333
0.07890023606284087
0.056618961979907
0.036893326277019106
0.27944298599908596
0.2982473562630013
0.12530061349693244
0.045408600958106816
0.1968588957055218
0.09636542268778361
0.06194897145310492
0.15973243068389045
0.15962744716060182
0.05130441631293771
0.2704375559919171
0.16481645649535798
0.2092476261059493
0.25648051688988405
0.14894884975807154
0.09622279542554191
0.05102368079275748
0.08973729129163995
0.10931086453119175
0.03616809284988673
0.07761063030628317
0.03527909703598268
0.04618099306964843
0.04021536326581847
0.09577504627244932
0.30084557972124537
0.27994875141337705
0.20049195066205078
0.050547029049172305
0.2340082734107085
0.2658837516544815
0.19206125355608086
0.14823797652789575
0.1666613432209512
0.08637709420136201
0.06504297794505395
0.10867293987166744
0.161202200009934
0.33570552147239263
0.19394294362098136
0.37332140881493
0.29609815950920215
0.13545473736013922
0.1081133730578206
0.19232981466505894
0.44738728449516957
0.09777538677243175
0.25422169413175627
0.2057372875037262
0.25089437630756184
0.13045398773006112
0.10728834355828228
0.2090122714909625
0.1018656431471629
0.15973451950461118
0.10876161944315886
0.08190866056884974
0.14454246758728587
0.13447231416633246
0.1445553982661385
0.19097688214090677
0.4154259246731609
0.17347884909322184
0.08955801305840479
0.06730732794154302
0.06560318660782292
0.0667292976455452
0.03587049641846109
0.14154601226993815
0.0991932171303493
0.10015428121750358
0.27820633671528827
0.22097829550283024
0.3059141104294474
0.07750639819642624
0.14792399278825422
0.06791460125693487
0.08954026481992021
0.07963972402469136
0.20189939465475976
0.12666445251955405
0.16029447852760684
0.14407074530619318
0.31291354857296455
0.3356328995176711
0.13546474945825748
0.2185219938112097
0.08073485667849886
0.08679721820918893
0.1299171100698755
0.10697821023127486
0.03429449291449211
0.13469386037951467
0.1277899171422425
0.16267196933597636
0.31400571815676487
0.13526773147350907
0.1200846187570946
0.12141786958006003
0.09194088285902652
0.23782601224217645
0.12456994362621596
0.15260836897478725
0.23214723926380387
0.09710542102205474
0.18125405295809213
0.19690797546012231
0.09500557895432746
0.08793920018001809
0.3134233128834352
0.40999146357046956
0.25477968731466083
0.14079227069745615
0.04309290234766592
0.10133156201564278
0.13096100002792604
0.09575877919687883
0.057495176289555694
0.06078112139501191
0.19603374723914643
0.1181105466085258
0.1714824357848055
0.15444057874155337
0.1699141104294478
0.2151436923091738
0.044916099863116454
0.04809935245754677
0.15994239773046778
0.08045412322698756
0.06713354263344545
0.12166871165644157
0.4498541040584322
0.19091913285692064
0.20193580704598335
0.2787469488891829
0.09619870491509341
0.31013459111266867
0.04393109767313587
0.035542162355134174
0.14007361963190204
0.06273728470637083
0.08936094664037024
0.07649352489555078
0.1904007144429845
0.09426126878575604
0.2447130105229078
0.16795948165623695
0.20130744785040464
0.2257113582249077
0.45019831189707105
0.1951643697938562
0.22865411372297997
0.16834654328259588
0.1617836150672896
0.16186503067484628
0.07481601612803226
0.043175929327484035
0.1259277361849007
0.06814415510319631
0.06586238780101061
0.07640685074238689
0.05543931262632923
0.04699980500350743
0.08639397910020315
0.10640490797546015
0.0805891258021275
0.12158671455511316
0.2436198236565504
0.05803803040568839
0.09588425392904494
0.11092172426229045
0.05212322824679671
0.10817177914110429
0.44019591314988776
0.5057047083977821
0.3801499138547525
0.12981178383264733
0.13163949284553855
0.20569325153374188
0.13392058956297676
0.15411581218794085
0.12089375119720057
0.08483369817508084
0.07683542234305313
0.10174323143865305
0.07123663824573435
0.04721003965835843
0.06018343701612752
0.0686178550457468
0.09379923820112832
0.08534969325153374
0.08098359671957371
0.05463889926757305
0.07486280538139563
0.08180186076582838
0.1294971759767197
0.12008013296126849
0.1962430330397454
0.20377911039709692
0.04550710117710484
0.15704917779927366
0.15819106735371524
0.06295805664292826
0.13761963190184073
0.09376137011949684
0.14351247633577244
0.29841566494837996
0.21635350755223343
0.24358282208588913
0.05652141806295372
0.0751772441531369
0.035377995323470725
0.0752271141815752
0.05653654902205856
0.06713354263344545
0.19762275798895168
0.04975100815373183
0.09610532097494402
0.2526945252914173
0.559833576799849
0.08937253203757528
0.35784102819731145
0.24777085811464794
0.2565094661816687
0.1576988506158979
0.38880981595091985
0.4196661022380708
0.17699541354544826
0.2500182607122481
0.046459269960752836
0.22860980703639214
0.19204262565447727
0.11744785276073645
0.032225988315532784
0.09384633567511516
0.04795898469745665
0.0709700831814971
0.14199021524808514
0.06678026756418873
0.21883818013323844
0.20686264093743212
0.24121832277482907
0.10089277936542279
0.09137648749033088
0.026329190166070146
0.03529112884323505
0.04034566011014663
0.06662149352086165
0.02893999233128832
0.07037183665644169
0.026468986768282275
0.04427923435762081
0.050377926283251266
0.061775540404524494
0.02122684122058336
0.01338568387207149
0.03360821601230419
0.041608760392055084
0.03497135864472075
0.057689001012846686
0.07028246803517725
0.027257738360086384
0.026501063263432656
0.16560853219888536
0.04425057240890091
0.044078850713578296
0.042877761364354124
0.015510638456122536
0.1092515347557931
0.14635582872758962
0.07369194734062193
0.05555828233527174
0.12323926386702293
0.040119709886913754
0.012214027161056514
0.09054258318693167
0.04040524310382317
0.024341323201162213
0.03483863510170756
0.05119018404957464
0.03784354548899654
0.03314902104390285
0.02353283322419704
0.06040134122903463
0.06865153680244633
0.057673488050528236
0.17846319018404955
0.06810015483551238
0.12268310962623177
0.10417769272916884
0.08826037131490438
0.10246634796190068
0.12969827478622256
0.20601640869131702
0.15309702280138615
0.2502517892391815
0.21811545855079645
0.24996139732314018
0.15049720614579923
0.24863798439169352
0.2782147901283393
0.1562550780125126
0.23558465812510276
0.10478605931126354
0.06674486324632735
0.10559419652563237
0.10686916212220442
0.06283121994645036
0.11204907887918084
0.06173398432326298
0.1384939077483313
0.23899499064989124
0.052170017474079955
0.2013797396795005
0.06417289267266235
0.08599069118302081
0.20067600476286032
0.1812726736934455
0.4245770128718393
0.3675501095793818
0.2996161517427707
0.302331288343451
0.1472029248796697
0.1678313377906134
0.25846514327754117
0.17772763728547747
0.20167891700818927
0.08059448891840792
0.15495619003593672
0.19946869424869698
0.0852500196280642
0.17940541608925473
0.2978159509202454
0.15431243264820313
0.08325580007532854
0.1265766871165642
0.14662521207701648
0.37200911477382004
0.3782681905984045
0.14041206218173805
0.32176508962252254
0.3632392638036809
0.5130747316816271
0.2918114370520371
0.342181987233516
0.16121237246349893
0.16034677127627633
0.2132103564754241
0.41388957055214676
0.4794277427524246
0.18234336418503538
0.07206932690024895
0.14379753908879814
0.09609333429086145
0.09243477021857535
0.029123231417093796
0.0777579415160911
0.06592959431917488
0.04257822056066884
0.10646509929837364
0.11115224203477996
0.123990088327675
0.233687545000833
0.3060936496993497
0.19384670987144786
0.20911308126820893
0.43558282208588994
0.3567617855480478
0.22523934954392916
0.10202981017882637
0.39059522803386565
0.21064051333805767
0.5720552184006052
0.16002326592453947
0.1973300454824089
0.09588425392904494
0.06762441154732442
0.07032102758962262
0.09457668711656449
0.11983869183415152
0.04311629697434761
0.06391339877424597
0.07315499763363259
0.15446857131002759
0.1048726997181394
0.06687367085550955
0.14355457642320574
0.38071165644171784
0.2187333276989644
0.12113737695777047
0.22005364662773638
0.22906253492951578
0.1272786996486631
0.46518199169261865
0.3421356329736327
0.5109924042795152
0.4793719434341338
0.7834224287993529
0.24197706865054996
0.08333118527236075
0.1857158526978653
0.13663605556035777
0.15185866643723178
0.11057479836386552
0.0895201449767733
0.06184948314874854
0.12112473999443905
0.17560591652940621
0.18463803680981572
0.14785009798015522
0.10768878402311861
0.18723761600282932
0.3506300348461037
0.2698336241465676
0.2715898814608362
0.5466012269938648
0.43049174061161
0.24303786165406976
0.428777585888212
0.3494087892134889
0.3174189394277275
0.3255950920245397
0.3676233364782212
0.21015950920245416
0.19621420502674508
0.1701104294478533
0.09781325485406321
0.09857061648669241
0.07769073499792684
0.0992710191715207
0.1717530441004575
0.11969480885061246
0.20267347893737866
0.07518850050185429
0.25575460122699356
0.05425213927483022
0.11324298310683964
0.11968539106048702
0.10577281850075268
0.12777120074365378
0.4018666903285565
0.11824951290717384
0.30480018905162815
0.48521424209317243
0.39773754077505574
0.6945341147625032
0.33574124500492936
0.2767890591508896
0.10316909584055944
0.07883989191728231
0.1346477530098233
0.1310097547142164
0.14619421392124635
0.11588497054496313
0.13815831664804504
0.22544066372027874
0.16801174737285224
0.1693384230648149
0.239428531404959
0.13971271054302936
0.08443110438450585
0.5194916532850413
0.3284652484137144
0.42316564417177954
0.22359608593261446
0.1606976906765016
0.3400736196319016
0.3715891806806642
0.42385162173503477
0.3883528652123877
0.5330538394988205
0.13331422208112548
0.16514270399480036
0.19691579424735853
0.15234355828220866
0.05967969266498141
0.045851851943598095
0.12019631901840545
0.06401508129821451
0.15269320926928126
0.1952883435582824
0.26902027842751847
0.20945810000268267
0.23017218794852762
0.09286928981200648
0.1704470116839688
0.12397894231222804
0.43132480543198515
0.28102405570400546
0.4369779561964759
0.15324992405781906
0.27397557060361843
0.30959641017863543
0.1629084871785445
0.17440694191197012
0.11248725009578725
0.24434521479432852
0.24219869112822848
0.21739414405999097
0.12173549064198076
0.15333953735621764
0.18356369047044607
0.18140358376258536
0.0645691696414537
0.11194698700639485
0.1314662449935814
0.18081913712103936
0.34632071131284387
0.2931212289735788
0.5276770171524725
0.22858617488817023
0.5576124812091684
0.5773302717247867
0.5379885764199354
0.31849444764447493
0.36668737860874856
0.572148845369741
0.3099115325095789
0.3363168536130033
0.4882453987730056
0.27289206700612595
0.12490391185352254
0.14821353734945145
0.2289570552147245
0.07018140603611943
0.1553727389338831
0.07666600378682524
0.11292872483415288
0.18687602739158352
0.46324594044816414
0.4613487636262862
0.31411965245499945
0.4819141104294486
0.44931369754364925
0.6010992126381344
0.5510103855311922
0.4606256825276396
0.3332422432398255
0.5599370575259246
0.6134390267904671
0.4944814099436148
0.5944967290510942
0.6172888602270226
0.5536196319018406
0.18055313638147744
0.13653104131432053
0.31243096530743264
0.11629468923466131
0.24608137858891815
0.20900275630702506
0.18380982717935132
0.3066503067484666
0.195539075575782
0.30082404048032485
0.19455733774802386
0.3230867929212448
0.4569407851144491
0.3361874567230988
0.4308006704620404
0.2696586092976319
0.24148781789805268
0.38046625766871184
0.22461584006261162
0.28888721832922926
0.6452220167473954
0.11082916307598663
0.35934760979115615
0.12231390366961867
0.14280053583223837
0.09022475063556805
0.1471868996508801
0.12736196319018392
0.039498587818223026
0.2059974879156819
0.15622085889570556
0.2255317324594112
0.114015858065729
0.13906027583770852
0.2268940086432617
0.3301339356630755
0.44985439729245597
0.3689432064613879
0.4434594474127871
0.5711657324103027
0.49405689497237976
0.5778019408986677
0.511744032562036
0.7288506955111929
0.27032439833734023
0.24932344946153745
0.3377739534391098
0.20082313506047844
0.22131106431502875
0.0766824204899916
0.22565244316699362
0.13095190064313172
0.113414904486225
0.09610532097494402
0.19293251533742325
0.16456121161080392
0.11589764057432893
0.1698150698673578
0.3661300374696482
0.24716693545905083
0.18782927445892786
0.24019631901840538
0.09193353773152496
0.3452734870690733
0.33774841647836756
0.37300613496932566
0.3701944245699595
0.2730386146846714
0.3488690357908639
0.36327320039595795
0.47356701951436303
0.5519303391231851
0.15563781550530423
0.16237180898669035
0.13710398676262542
0.07198448248824928
0.1104951582614492
0.05191267660666153
0.07436401234879415
0.11194549889129794
0.2690643127970433
0.27895791629321165
0.2831074577670994
0.4723970286478149
0.1226984394652527
0.2619710078044274
0.4273998522658432
0.7095999307009522
0.5751522323376247
0.44029218512899465
0.3195004165917872
0.23338479577650154
0.3647197831526955
0.38380368098159506
0.17889871023485399
0.23856891427820337
0.2322657267758087
0.10361480157318802
0.11233569511162164
0.14329282089344794
0.10546013450024046
0.10441473269115792
0.1082699386503068
0.14118657202397647
0.23911656441717802
0.31774233128834367
0.0806552626562468
0.2574233128834352
0.2810040062813699
0.15070818508342276
0.32825000697073803
0.44650255051655385
0.20105536367821208
0.46041717791411085
0.4555759993116954
0.5038159282628926
0.6186470418873521
0.31671693061717415
0.3004467394534879
0.22937584649474435
0.24004482599981392
0.13732779731813666
0.052385699803802865
0.13189279189743228
0.05820583118403521
0.09512129802295757
0.10484691906794759
0.22184344852458043
0.04539218425494046
0.14154601226993815
0.09550330187454407
0.1395173083496134
0.11888833063264088
0.05974038282232489
0.1757529521429457
0.23480353136664325
0.22839938724834008
0.20875973605975426
0.14221646210757985
0.12107254247298015
0.11038545795570814
0.05495397807528079
0.09470882573664571
0.2588833040011846
0.08804053879522845
0.13867291493440986
0.08969547521927666
0.10792306194087394
0.08460285865325762
0.09130161798148594
0.09758218489692833
0.10473774365390894
0.08114224656625685
0.10943266137475388
0.2422085889570552
0.07296622031600722
0.13537625328089153
0.25715714029588616
0.19567177763534926
0.1399263803680982
0.0460652690847605
0.1699141104294478
0.21122684885704066
0.09304076100834055
0.37826357869165306
0.10917107605618587
0.5574478527607358
0.21678913350277682
0.08844861837080378
0.0688194746002397
0.09558423223171587
0.06068748590235974
0.07154133858589369
0.14844287999532596
0.06577643445978011
0.3411773344121574
0.1550697942808315
0.08466045032312354
0.08694154704056105
0.07802676758874824
0.10311843444789569
0.2738240982770932
0.36861029662738737
0.16381588802547273
0.20281008204607617
0.31550764672143244
0.36309202453987705
0.42224373066750515
0.27586943783044343
0.2023534910861018
0.37368803459182826
0.10321472392638043
0.1317624440167556
0.09978239509889919
0.10508378984897074
0.15745784995853862
0.05312919719410919
0.08928039304198432
0.05078973452594062
0.2700751581955783
0.0802426300982129
0.06332925442732437
0.04095967440002762
0.12098159509202401
0.1259277361849007
0.12582740363310374
0.18926467199404137
0.21842118403396324
0.13377047536588188
0.2692955060196466
0.2577350544284449
0.1918291764987261
0.5400831574199622
0.2573001547920095
0.35934760979115615
0.17074718007625636
0.09516442972064384
0.1191839256298496
0.084625695425907
0.06030842325705174
0.11659815950920248
0.15157672855565252
0.16650299648965525
0.25929784299438685
0.33344818833035883
0.11590281295941912
0.1223558282208591
0.05795140647970967
0.09375163423851669
0.1368757277667243
0.066166242126684
0.11980368098159559
0.19546501197180466
0.2184182202023236
0.3602453987730059
0.3556038793774959
0.16633403648139483
0.10603548575141415
0.3291271210801014
0.5764031954738069
0.5661478037267076
0.34095663339334714
0.39197626116155604
0.1786611254648941
0.19790948167948352
0.26088067484662597
0.1256238083814434
0.4124851993865037
0.18150579654241528
0.3518451952775129
0.5438242429238539
0.40415639858128855
0.21714722075558937
0.2488791780660228
0.3913619631901845
0.24904667465278724
0.31658112064806565
0.3392077974038467
0.336949763429329
0.30344251071151673
0.2591543109467982
0.14567348844702127
0.1955440852508375
0.1991217336427097
0.24267002751889047
0.04288042867048985
0.10179141104294484
0.08259028603821597
0.11999999999999995
0.030518651186232957
0.09231901840490797
0.11245797045886531
0.1075521809144212
0.12666873305723672
0.17705557210383951
0.427807857401811
0.3506277667662631
0.11465706536694377
0.23532056745181854
0.0662301881358535
0.15715253877056215
0.20063803680981657
0.19460122699386484
0.10755561960936318
0.3615107624449414
0.07097387001849853
0.09271165644171783
0.056322563736159396
0.13470204876803013
0.0756034588328449
0.1280036361585263
0.0589606031001845
0.08388304116077806
0.08508914562556254
0.08080955984207557
0.04565080899074297
0.11637423556562115
0.23646613416107684
0.1289029498734926
0.11407424540708003
0.02838447977460832
0.16254341418037804
0.07494093354866094
0.03427807621132575
0.09410218285418001
0.04884798051136072
0.06626914285505636
0.0796396123705854
0.13531288343558326
0.07556493809536638
0.08200739958800704
0.07516814203844968
0.09673005067614732
0.103110071233423
0.1040278207100283
0.0708615162268467
0.04545108071717981
0.0931496598207585
0.07579581276571605
0.1326405595084717
0.07959113397300428
0.10807171816802595
0.1036411353524369
0.10657244202510424
0.16600562567506136
0.2465914110429444
0.09402338404460045
0.1728667066829732
0.09583493677436798
0.1991607361963196
0.2204613496932518
0.17071290493914273
0.26850631961413757
0.22769006157682992
0.17109556642726628
0.07691338387643386
0.1301351701172259
0.10598086676003132
0.046199427188607686
0.13157479252912252
0.12760736196318995
0.08284134787757207
0.12430049157392474
0.20925901909545272
0.07287374535539985
0.3394642225542953
0.0294515654804207
0.03417957599232761
0.02979631624691384
0.13222085889570606
0.11110530426928583
0.13174219048399377
0.08546801167500793
0.1315337423312885
0.08894278591673734
0.06785540868326749
0.20868945040666542
0.10617205860781898
0.11891488742301033
0.16504909123929584
0.08797711226843612
0.06786665088966498
0.09748908524037923
0.058846520381489006
0.0901575441174038
0.04225069578712524
0.11558685914095564
0.24088469418612318
0.05172551959320805
0.10655827613811963
0.07654822418913375
0.1173006134969326
0.13023560889014907
0.2166432950135866
0.405393875179654
0.41305767237973534
0.18841717791411045
0.10483132216063568
0.17937419698050774
0.10618821050817344
0.14893516505653553
0.1296716403985905
0.13609453731065654
0.14474343164569245
0.2677300613496936
0.08032925402419162
0.12549266683545185
0.05942235177148287
0.06502569376796526
0.04808452357422076
0.1530933518462486
0.20846625313350337
0.10949264243700016
0.08319617534431936
0.24970194935022105
0.13202453987730053
0.06095521885663425
0.15010016620158503
0.1413954725482595
0.22279603355165833
0.37644171779141106
0.2561758237608291
0.226694814286099
0.41117743954832026
0.38502614256325507
0.5031165644171774
0.14298948457885363
0.30256251411828716
0.11982976427045058
0.09353171747338127
0.061858137530783175
0.17192638036809874
0.14109785530013094
0.13642608851377927
0.15372712189047089
0.17763917093318302
0.06461614366272903
0.3074846625766869
0.06882699169752061
0.1918938556012096
0.25845308165548475
0.3857964866608776
0.3746861946176837
0.20064988720852128
0.2652280437467518
0.3246625766871161
0.3856687116564421
0.3797701602854989
0.08861736369192345
0.1449218281622638
0.20085230497326814
0.1684907975460122
0.1347239263803679
0.12500613496932475
0.10566871165644176
0.06684479621351673
0.056767546158001635
0.18146402000466944
0.05653912570488788
0.20422550494342104
0.06810175827038836
0.15578481907334762
0.05111725929948422
0.08839917697601442
0.04813402820213059
0.12242750791451228
0.29653987730061365
0.6104791879243017
0.2820993599946349
0.5473073838195033
0.11513033930556861
0.23555884616585887
0.17400383509656286
0.07846557789037535
0.16059043804020928
0.22083067815058235
0.21932529954550398
0.05320653496212001
0.13190958843886502
0.12500613496932475
0.06797939312318595
0.07183575085488111
0.10225395168327941
0.28999376913372643
0.07969401190034817
0.2509106206602034
0.04868421812458891
0.13002209359316416
0.1153244003327334
0.11918734386861916
0.0613874888768624
0.1393311531145133
0.27703110443833134
0.2293987730061349
0.11683276564834098
0.23508995882646833
0.2888730707901884
0.07142907547676161
0.23173456886066307
0.07818484237019512
0.18913409529920225
0.1069236970329559
0.08867900071778931
0.11966432321892402
0.05919301608540349
0.06540106411387268
0.087032441022764
0.20294478527607404
0.035985413340625466
0.0511406539261659
0.13715472435817713
0.1398747620552354
0.07858255102378377
0.21271836011210254
0.2857737033949646
0.2554478132641416
0.22860960880912928
0.2764856221296862
0.25575460122699356
0.210925214687237
0.45017575443480556
0.28822667637292565
0.2928379547601835
0.18583719586617387
0.15262866412604184
0.26742335245994797
0.24322668831887306
0.17348594804570092
0.21976531439724956
0.2676965586773418
0.15726531788660408
0.06824212603047847
0.1113321599964947
0.24389882024800325
0.08180186076582838
0.044669849315621346
0.1596955803554397
0.24412223045693987
0.3572024539877303
0.5165153374233131
0.44008968185346375
0.36905669117371265
0.45376005633877087
0.584075831817171
0.47619178445312366
0.4289851590177653
0.37921216710259326
0.42706754704637373
0.3455680220103047
0.14277740663833086
0.1792733872032613
0.15706116779655138
0.11817222049868312
0.043290846249648414
0.13280007989265027
0.11398225480664693
0.19720245398773
0.3577838473681888
0.22618313541308474
0.24479277078574424
0.33758587565784104
0.3253658249522101
0.3579386503067484
0.31710134965623643
0.26003127556694194
0.41034111810105417
0.4603190184049076
0.3533742331288339
0.3191521919899519
0.2434709812839627
0.3164256901124865
0.2318561111832881
0.28314056230986095
0.15768269191340326
0.21259997150272333
0.1261802378534663
0.1659877300613492
0.20606688244700935
0.1263543787077873
0.258498616025051
0.10675782069073328
0.2063312883435589
0.2819985502173885
0.1915832496227569
0.11099333010764996
0.23740702541537737
0.13274546180305535
0.2454564231442509
0.5338320780857134
0.23191093429555437
0.4455538062013599
0.15796151786655985
0.3631852469864422
0.5341110746771651
0.3180120370475517
0.22537423312883414
0.1946280221974461
0.16287821009012168
0.0795389142474449
0.06854840009109657
0.02744872769412668
0.08584431064483158
0.08624209595762648
0.09748540938258614
0.15336573060741562
0.40175509169197604
0.32508682836075725
0.18315185416083635
0.31660990707200043
0.22275824526411764
0.6873619631901844
0.2760993267359169
0.5966738546118263
0.4571751191479498
0.5487607361963196
0.7189271674816193
0.6090495591413773
0.45898796381858087
0.5995084097406225
0.41310290251760623
0.2980649638055967
0.2452025801118368
0.14214986253094766
0.18365644171779164
0.08567112290833463
0.09183770707151116
0.07402059882085496
0.19093086758582567
0.0793090929966066
0.22562645253236224
0.19707275148078493
0.17758404130662306
0.12757089929523402
0.2209981244012047
0.1800045181836122
0.30826993865030655
0.3470429447852757
0.2084460405465992
0.6057016000439442
0.4307115604762354
0.1313664587370828
0.359849803655771
0.18955225602283526
0.1707045561373135
0.1626733772166793
0.1369668840188359
0.1300011242408053
0.13109202453987698
0.15926000482909092
0.1349693251533739
0.11248984520393615
0.0750024742713549
0.12448827910622207
0.09388263687360654
0.13632509387325925
0.1483084964047495
0.3296688356563968
0.22351226331682994
0.4339671989863191
0.5336567155004238
0.8086995199849735
0.38371511744337905
0.36728362176788076
0.3456872139387573
0.37568923786572256
0.6499005009192412
0.38120245398772984
0.41499986756057844
0.23913693550267492
0.20303813404051602
0.06993515548862432
0.19239263803680953
0.04496534997261553
0.11206008350143545
0.139470610689155
0.06961676184483319
0.06200588785928027
0.2148311556114476
0.32670500859118357
0.21378393428062678
0.36814537793949903
0.23974813423391908
0.46995874200225896
0.5549829124057065
0.3510001480654462
0.6619902415833884
0.5892602765510268
0.20028377862939345
0.3111531421152729
0.2115620537046723
0.42203680981595165
0.5793793183552484
0.3643852545737893
0.30740252893872055
0.2751901840490798
0.21510187623681037
0.1511298761907323
0.2009325153374231
0.1756374344621425
0.09265587267084409
0.1969537008311393
0.64978306149348
0.2622324343294456
0.30636091305194557
0.23869537603324323
0.38970042806936317
0.18165037277720664
0.49266257668711627
0.3847920989316479
0.19787792157720516
0.27588275706443677
0.14542099945336112
0.44680987511708137
0.21820168306008705
0.25185642682070153
0.231509202453988
0.13970749776578292
0.19401226993865064
0.10658953780857429
0.07811465849015006
0.1273717564186095
0.2194029195184517
0.14172775643986407
0.20111550560665728
0.34733742331288336
0.3272099796998437
0.19032497827972134
0.10629645594750638
0.16824949554563354
0.12898302578219353
0.1362503057941401
0.4044171779141108
0.3529368985045207
0.26379781046269285
0.6619877300613498
0.42592130886622903
0.5028185847916496
0.21420120189751812
0.45352882060756367
0.3430184049079761
0.11877451966292067
0.25281997350850643
0.18846944227978024
0.08103284682907265
0.179282652133791
0.2768945013296339
0.11471895263771131
0.2825631529317728
0.1905558417595538
0.21694845087628006
0.4140368098159506
0.26610285574253895
0.21684183085710265
0.34274400684635176
0.4221349693251538
0.4874110429447855
0.4397544274478424
0.30549008541695644
0.21476958714303995
0.4299895467469951
0.2064248205416363
0.32103961421711313
0.454527607361963
0.11325883514460544
0.2566380368098155
0.21080982450170657
0.0571137103157099
0.15301348519340818
0.25132012958064737
0.15199734302346418
0.08572191391856022
0.20927607361963227
0.07364628479394798
0.07661543070729801
0.17470766556771938
0.08417386680070675
0.3263144133631491
0.566911025759454
0.5371779141104295
0.38798856445832597
0.2184824185802675
0.3917133932754066
0.6717685542042576
0.5526364483496289
0.37777198235545323
0.594997607116318
0.27248882789714013
0.10775565049584637
0.18662513095740416
0.11381423851123612
0.0808489975800634
0.1305470375451502
0.09213304260934405
0.09791411042944793
0.051039530144162654
0.1827009196296404
0.30823543423701066
0.2424693266862435
0.11295759947614571
0.05146817869970951
0.12951021775237215
0.1402092906341416
0.2136472620027373
0.2546180646201287
0.30276710104453647
0.292796007174455
0.4901261841702289
0.6125263666284323
0.37005741178074697
0.321952825266062
0.19874416083699106
0.29953074058368395
0.13598428113857608
0.2047834981263267
0.19981735879846746
0.09425714172542583
0.1023195565682071
0.07465225374126047
0.07486806123502639
0.1195277201102265
0.09482167640517784
0.1862352254635244
0.28943957370718865
0.31922789994024864
0.5159204969144451
0.4720981595092021
0.8014456086072017
0.4019318184363247
0.7097673286558235
0.5491900313331216
0.6397546012269941
0.2896704084725704
0.3278426851871568
0.21724250336613726
0.5616201385944084
0.25632019697079383
0.20284435999998085
0.22349741778888169
0.08461168811933564
0.18142597909632838
0.19553181212536708
0.06318789048725702
0.14994467898018193
0.17374773104294436
0.14781981580426273
0.1987316924019059
0.2616455048079776
0.3912638036809811
0.5973317023003611
0.3449075986049488
0.4608988887450346
0.45211075541883516
0.22139565890131221
0.4930916880280555
0.557115532096235
0.5798764908856201
0.7117761041142842
0.5163866776143811
0.43501148539314516
0.46514311727004326
0.10280139522764442
0.32865798473135227
0.23595046859155047
0.14575424619949218
0.18699386503067486
0.23943487478476003
0.16975835715796952
0.25440052276412883
0.13692874996790944
0.2613654994203421
0.08347893560085784
0.2487649269851431
0.17330739445793067
0.8224785276073622
0.6484000180653171
0.2519963936033766
0.7631672762598825
0.8652242294133022
0.4312417136190753
0.45787800825335206
0.6501178574032237
0.3489698455681092
0.7899660509139035
0.4600736196319015
0.3695944937381774
0.2480947573314541
0.11278549523240891
0.24996576895060435
0.06584739640020473
0.23013496932515293
0.13085109086588528
0.2963435582822093
0.2712404862103741
0.2084108095026699
0.5328834896747734
0.6004363023484423
0.4677573664235036
0.46808911403477044
0.35892036255042864
0.17610197486536955
0.3186316743914289
0.5087116564417177
0.5215051346371155
0.6954919607480391
1.0
0.5769580917369371
0.7909553367685774
0.2410697806553319
0.2191425884012636
0.08653244238979789
0.07881659190161625
0.21957031747332292
0.05959263249382779
0.20937423312883444
0.1563194907193934
0.1789037513533569
0.31532194765991106
0.16207336550603435
0.5036101273977552
0.2241337380779292
0.2038260978277379
0.44459758444047726
0.4237134999935475
0.1780883959484972
0.15617209722142777
0.20187223363626952
0.2581970487003315
0.49690496716802857
0.7035470813198117
0.3633063751722347
0.4625049118487549
0.1953947023658173
0.3271514031375076
0.15009038907898917
0.26365177892285874
0.15181313926052614
0.22450726455307277
0.14662521207701648
0.16261947757433262
0.2991505496114006
0.26046625766871184
0.11174486451244472
0.24750933231836744
0.18322671617096584
0.603358028675741
0.7986748466257669
0.24063603501226655
0.7368299980267415
0.47683591809306436
0.328438254268917
0.3988454298476483
0.49281848181066046
0.29695200050894366
0.14848569554866148
0.2856076751071474
0.10498481674876813
0.09503629462996384
0.2867299251558472
0.14004023531657342
0.13570046837299726
0.07658392027099357
0.2141936744375262
0.1944819768924793
0.12097468563278696
0.333742620535057
0.30535281527948116
0.15867458938590404
0.1791538941984409
0.23887116564417196
0.27815384495364337
0.18628110589369007
0.2690027935131038
0.09024261730539149
0.1889817943346612
0.5335530814942606
0.5885901233185892
0.31646386848231506
0.38223312883435556
0.18827995553421065
0.28209072707697325
0.28236818606729175
0.5399142037793829
0.20928944217831272
0.07096940778810398
0.10143661732098667
0.12611727424771044
0.1891803089663957
0.0732953653937227
0.1756374344621425
0.29906900583111906
0.30555146156865337
0.3237300613496937
0.13901668282284732
0.24341602872702983
0.42675318628614367
0.3647197831526955
0.41885885092558744
0.36785054496800956
0.3053864185385637
0.41786503067484704
0.501716257797117
0.23408030276624472
0.13594617564727843
0.27612269938650336
0.1365636449098501
0.09643265118191027
0.0706751672053739
0.12657725104370687
0.17778959668956176
0.15347239263803658
0.09660147624185643
0.1025846331396273
0.17470755033386376
0.1138814450294005
0.0870859202505254
0.06189097093711588
0.24883213350330818
0.2805267487258619
0.19464396167400244
0.1258996965826905
0.18334368930437428
0.374581211094395
0.11800326235967906
0.31604587492181535
0.3702768866395542
0.24687818903912256
0.06773531726433425
0.05246778331963454
0.09854915312169868
0.08111826742430595
0.1310934499799403
0.10556093266687623
0.10419614686412193
0.08947503619679832
0.10360736196319018
0.21815516458975084
0.26801529926430306
0.3896625599877315
0.5789737265827698
0.3662222174578569
0.07947326002827004
0.32531315117427717
0.32374003223666215
0.10560865146908922
0.4084907975460121
0.35421186085236345
0.4170037564836024
0.38088022249172265
0.7094883320643718
0.7910674846625769
0.5604907975460126
0.26686811620009926
0.17881308146375777
0.1661770715717509
0.16451567724123772
0.058124654331666976
0.11136196319018411
0.06888668111840394
0.13542494549117043
0.11224741881873014
0.20707127017623914
0.2519416668075746
0.09667230139216154
0.2231184108724232
0.3312247533727175
0.4512372368723607
0.41817722545622105
0.42429447852760743
0.39064574801794016
0.2364494918718019
0.5772439477157632
0.2218224931836366
0.18412974271371138
0.15948117008905488
0.2083501851362968
0.2163793241766854
0.19453446865412424
0.20135298221997083
0.15883940560283163
0.15081142676068135
0.11353412328622285
0.20746012269938685
0.22188267647085283
0.21801794492497747
0.3299413690520349
0.2790523907710515
0.16452771007542855
0.054897455388253476
0.2818423566855788
0.1986960709527426
0.2350825279580961
0.23979285681020954
0.2273021928392621
0.48612620458873207
0.27220125006687795
0.550008678509959
0.11637800874621056
0.5462576687116567
0.3714939868755494
0.19597546012269992
0.08758948229623299
0.073745835649815
0.11450306748466263
0.0655165626818442
0.0550943458353709
0.1383321021997267
0.08300490364114885
0.14171674290105354
0.147912726852486
0.07726854197294632
0.47436804998038845
0.2546454973245194
0.08392218658634912
0.25940930341636625
0.23438273209798402
0.44502515522117186
0.4644520212098661
0.29304703512200053
0.6024652395830916
0.571792759592383
0.34802605994018043
0.3750065369540672
0.23954402997293012
0.26683140565559166
0.09135601719198438
0.16275701485201813
0.14890797546012327
0.19602300515471033
0.07978063582632688
0.13234894530195593
0.04283117856099078
0.11928114607258655
0.10951629351948049
0.14326186391666298
0.14620866317907014
0.27373160609250013
0.15548227977310033
0.18917591137156567
0.2975214723926377
0.38650306748466234
0.4376763085909565
0.3937757891764274
0.6861198164538724
0.4253523511971115
0.35164300602974474
0.44445767410845477
0.17958231593663415
0.38318986000407546
0.10091687376511488
0.13653004165076874
0.23106873475862258
0.1289408179551242
0.13952310245079877
0.15076975802107231
0.1193128834355824
0.377070114374396
0.1455357150847837
0.19965644171779132
0.2623235030685781
0.20913935941572256
0.12565344603519457
0.3397791731241613
0.3080400101126419
0.30655214723926444
0.2300143084173044
0.2399194003188381
0.3102924943645569
0.294093852015477
0.6616125169710777
0.4782559570683224
0.24738822985099485
0.2012163791112733
0.12182211456795936
0.1430184049079754
0.10834058154760934
0.08546826024220704
0.08874648628374553
0.05880463074184325
0.08477594889109509
0.16858755081513815
0.08965365914691335
0.11677132531046554
0.12259110228434295
0.07778713371660646
0.07706000466281746
0.499694171615097
0.2504450899392513
0.2593499535960198
0.140723979541898
0.6298627048637533
0.2621867737178853
0.16504909123929584
0.7712883435582827
0.267246719480325
0.09628396407060602
0.07563482806189126
0.1915949300020383
0.10917502137507851
0.15018404907975502
0.11421747762022201
0.11938488659721876
0.06122373802597267
0.10387112375043511
0.17399667710368796
0.04567126820876829
0.24655380444371772
0.16369605858905373
0.15684959411751057
0.24902746715536392
0.40469594833200906
0.16121237246349893
0.3293858043185713
0.21805154818406
0.26939353272621197
0.3538931202654033
0.6651779141104293
0.39239263803681024
0.30794323982703875
0.26169088038147
0.19201940429226994
0.1423000942523067
0.13147797942443162
0.13509014958142676
0.08488183244150647
0.14691960505902443
0.04653191246987371
0.03984333858471629
0.0912604529017048
0.2204662576687115
0.13437943306951083
0.2466141455683759
0.1269329262006998
0.11526167293089991
0.35421186085236345
0.2602572415912378
0.33657756645219533
0.388180500548451
0.42675318628614367
0.2104346670017672
0.30931348727132363
0.4791656441717796
0.48105209646739394
0.11833159642300618
0.12799411591433785
0.18393113280195583
0.0939294261269699
0.09632580568824695
0.10023852184204828
0.056424208782723376
0.14193865030674802
0.09804046334385196
0.14294826413545866
0.12086925138219484
0.0839633151605716
0.10932802132748747
0.10884095616707826
0.13863504685277828
0.24515337423312852
0.35909614140929874
0.29559781553616205
0.12179552079110366
0.21274836220353868
0.4716158381917473
0.47490799797088945
0.4471019747665966
0.24306246474224388
0.26678654167784843
0.10944581483055693
0.1639754601226994
0.2859877300613503
0.23061661713559675
0.1666613432209512
0.16081363531337134
0.14184049079754585
0.11165027417534323
0.22704294478527573
0.19460122699386484
0.07855915639710209
0.5291449353493071
0.1664785276073624
0.16355945548035622
0.15317096047834175
0.042814761857824415
0.10587915624156438
0.07356324688838625
0.0609716355598006
0.08951908219484295
0.10490150604068071
0.3061354657717132
0.12641546066704173
0.11507783114379926
0.07584255574840865
0.04381618075097148
0.03888186954496239
0.03818003074451181
0.11170246877927029
0.08455732428369185
0.03414674258599502
0.05941502007976199
0.09807027504962827
0.23082208588957046
0.11518094690959745
0.03019031712290617
0.09249048401742213
0.10288385282301207
0.14781981580426273
0.1889922910501007
0.16055637189450397
0.1360288024363244
0.23354265062092996
0.31201103121427803
0.14937469136256645
0.24006168288286747
0.12800128795443652
0.16465228034993523
0.2741978500797738
0.08179033260594888
0.07111966511232592
0.09712883435582821
0.11646625766871121
0.13290914048360516
0.16408924690037502
0.06545914869202483
0.13825766871165662
0.20407109191194192
0.1703586788080811
0.17791411042944763
0.07939117651243827
0.11435875425675042
0.26335116816992393
0.221968217955838
0.2521924594115222
0.1344804887203696
0.23574050154497314
0.21114110429447822
0.07537211012125859
0.11219668661013286
0.12895333461034733
0.09712481028385288
0.1840450499929256
0.2129079754601232
0.3425520149857003
0.1989245697058181
0.07722566267624599
0.16269938650306767
0.2134245080749128
0.27169735827138336
0.23990184049079774
0.17560045466036756
0.220907825206043
0.15215555712396767
0.2461102695176542
0.297523255913341
0.24190986213238486
0.1361150623544352
0.2738630541700302
0.0771913382881482
0.13113662489275402
0.19256344742069575
0.37725919096242333
0.17885094954538933
0.41064305134409385
0.25411009549517466
0.23045118453998048
0.14184049079754585
0.09002337122013564
0.09262686836231662
0.0724416401609845
0.093664198196852
0.07584976750781591
0.05521015467196965
0.15869199461872
0.15489890757457309
0.21741308626149877
0.084628104822502
0.11629477987105455
0.06134071115938109
0.3148750248956431
0.37178669938209213
0.1871365547558539
0.09211412146635466
0.18070648554533042
0.3162705360708501
0.6468157196821983
0.4458365531415119
0.06491164431972309
0.17180411985763494
0.11769325153374247
0.07020918549797922
0.0950757636533918
0.07732036490219218
0.06458546395588902
0.028138229227113197
0.02603689122182116
0.02561005693949623
0.1490109012197987
0.09262260028470766
0.12990955637122883
0.22563952647236266
0.10424746840170471
0.1818698278234283
0.5838527607361962
0.3207361963190187
0.38419631901840484
0.08315060153753107
0.27663158386595604
0.1449218281622638
0.303714245003891
0.35991093483091513
0.13806447362895125
0.29226585403161387
0.09517082000853172
0.24324682346012091
0.08382934334609714
0.08710287873275217
0.059683884999282566
0.075877300613497
0.0472103566436426
0.08425697061873379
0.14677441399517963
0.16389305730096243
0.19352147239263862
0.07234781680386525
0.16468957276160817
0.25383109890372185
0.2384931781149402
0.1659679912099338
0.2940154242863751
0.09283197400710846
0.06626562690999639
0.18993865030674822
0.29150827253763567
0.21702197582990138
0.09851477295658043
0.13187551060466463
0.21638975633076118
0.09390776158182075
0.03764195433083305
0.1060187047520492
0.08539252407894408
0.0767116564417178
0.03037090085773586
0.027760645054287224
0.08541610657448644
0.13185666024074638
0.1646716929666725
0.05220511606897306
0.1434780960626202
0.17267845223946063
0.1791389741669323
0.4709619844190768
0.38267391442750426
0.20131076259590977
0.220773412169714
0.4806216920665005
0.3164825097498504
0.44655383676767185
0.4365835353968967
0.5516884148825799
0.2665126650686315
0.24953455139534986
0.20394650835196818
0.11164891321000875
0.09331625047112577
0.1179039595479365
0.04241445817389704
0.026086141331320232
0.2981915569447105
0.14879523121575247
0.08175672934686669
0.1757114417405532
0.1504417909107781
0.20804907975460105
0.2020552616594612
0.3049990737761581
0.14637579656183777
0.07709283806915017
0.4333194923744719
0.2162267461156414
0.09142620107202944
0.10345784226048829
0.23694531219357118
0.223605227592861
0.23322089698604187
0.19828216656510564
0.1552470569595249
0.11584931794917785
0.09423312883435583
0.0923602510991329
0.09291531279125065
0.08957055214723932
0.13595878624637145
0.04135367527601983
0.1319117970123623
0.28987745851941826
0.2378401720107486
0.17637231912516313
0.04462059920612227
0.057524127894868465
0.13494046551636604
0.11091561109854871
0.11300776029326456
0.1366659066079424
0.10726160299021734
0.17654745751784948
0.1454021797549706
0.21020858895705583
0.1648766233250417
0.04682043743041233
0.05517944084839322
0.11662057522725389
0.08968709849025376
0.29187730061349704
0.21091519982878917
0.18629060237849795
0.17806991717008958
0.2577928505023513
0.08316789785339428
0.09857802776369162
0.09778953952944805
0.26431939340841376
0.1250296113148735
0.21451645122372484
0.2610940224192149
0.1939045675143911
0.09434721374033903
0.09618492734391042
0.2584049079754604
0.4565896941348631
0.2665418202362735
0.13685856608786345
0.1368307805452315
0.07164214836314015
0.04952642468512959
0.08346488043714505
0.05266734699501277
0.03204540458070298
0.09637426775206769
0.05555481119430065
0.09879550847676065
0.09536604927513673
0.2788220858895707
0.39268711656441674
0.2572621238191748
0.20018789293663583
0.25884662576687073
0.11919562294319078
0.25860122699386473
0.3250814798637317
0.3557913071617861
0.5544220265349263
0.4713128834355836
0.44113697235347654
0.2164907975460124
0.15531669927970065
0.2502322834206933
0.1514834919423239
0.0816249732531599
0.09857952836817174
0.036963510157064165
0.06314052381535659
0.09887639201085853
0.122814299557505
0.060462717761644004
0.0606622669856122
0.04501126173556414
0.10300118203757333
0.1509043053013714
0.4238527607361959
0.561084440216927
0.2023061580936417
0.31263888194934003
0.11025887555078685
0.29844130845686634
0.42984444870115895
0.4988957055214724
0.4524857074143246
0.7381133823474242
0.12988696733672137
0.08478212709443059
0.1230338665667935
0.06351015966526019
0.08603680981595095
0.09570552147239263
0.06730732794154302
0.07295267546734394
0.04335651306231384
0.22366739636676233
0.09450670324269558
0.26296932515337484
0.08324559286547244
0.1259114117808095
0.22149040946241422
0.31279840763894357
0.20054425020226113
0.2601717791411042
0.28196319018404953
0.22093782476125373
0.24171196505361398
0.25614776753778146
0.2384526134911433
0.5898545936494274
0.536098361674195
0.18294531658943383
0.17028327477441396
0.1132895114797121
0.0978159509202454
0.11946012269938625
0.07729741661493914
0.059221890727396434
0.04302271846762087
0.2129079754601232
0.12530061349693244
0.1744566538996844
0.17676979920682107
0.25826031672656197
0.22835757117597666
0.30421512306911486
0.33948466257668736
0.10754582244271782
0.353309201621529
0.2180324216882351
0.3628957055214727
0.14343245618541783
0.1205759059174107
0.35951956700908816
0.21083237565535606
0.06064330149647382
0.12132933354720073
0.06996198540903265
0.09840490797546018
0.10026993865030673
0.10091058702369118
0.07312326563035075
0.06456401572893386
0.1185171787694226
0.10195228805523783
0.07699171640942915
0.17679835395202884
0.2296111531273798
0.24352963297192462
0.16167169278215324
0.3339929839316404
0.2413920070604753
0.31979594937768663
0.08191934880005523
0.11808185241466934
0.23896932515337413
0.2838754469728828
0.07837199938364861
0.08873581900363559
0.0867971738305967
0.11038036809815958
0.032800572926354805
0.10503601505043224
0.12344367589288607
0.23040391000295107
0.10850840267530304
0.09324984137015706
0.0799657611232604
0.22190162371528163
0.22255438490106746
0.23407814022886633
0.18475154286001838
0.10108818189156585
0.13299660101920474
0.46229735203722516
0.3208460801706749
0.33596538430331896
0.3831181193829319
0.20860903238197673
0.23592638036809863
0.08539968987132007
0.2913288964819932
0.13361554707087123
0.4315347724785624
0.19324786443725783
0.10346443471393449
0.12339922954409527
0.1272044921291558
0.09508675297659806
0.12072300091284464
0.10058542237085366
0.12274846625766894
0.05532829210218776
0.16923343954152623
0.15744583756774802
0.26424539877300657
0.2772604906868056
0.28204561927440774
0.19183593878982594
0.8119263803680989
0.8323618643951546
0.24651321474581717
0.7611027014831322
0.38343793131283616
0.3262540424285777
0.595239263803681
0.4795951407072958
0.16419600195401401
0.13954388081193303
0.06184172082761681
0.14321708473018474
0.1251533742331286
0.04414451481429827
0.15590329530380284
0.11348718867517969
0.05965829930649311
0.18352395785762654
0.1627853711977373
0.13894569307271054
0.11415787755180662
0.18587244165486494
0.22342047043537083
0.2324984910029778
0.1989967689733259
0.16556296774125162
0.2852515337423311
0.11411258515586094
0.10326388217296262
0.07422959931246553
0.12856606924829958
0.2793078229166218
0.31623619663448627
0.17571113607058345
0.1660638458064755
0.15849290989891726
0.2173251533742326
0.12477915993208455
0.06441744766047819
0.03355574127200663
0.23563190184049096
0.13348498775089906
0.08101559219867908
0.058771797335510544
0.211142871676618
0.0852847729491557
0.21289273541350223
0.2550574698301107
0.14151462040710389
0.17347115684470268
0.4602327772604748
0.5109202453987729
0.4721013736994211
0.213780098617248
0.2720000000000004
0.146666826088115
0.213765320809596
0.14029360666796856
0.17373875852514176
0.11243735344229182
0.05635765567618192
0.08764648767347498
0.031651403704710764
0.059914610943470364
0.20073619631901873
0.13849390799715058
0.18900864708211199
0.1562984371074588
0.16407361963190156
0.14959509202453966
0.23542555097510717
0.16249193828059816
0.33295705521472363
0.2758927451991861
0.49489232878334616
0.27316068302523805
0.22641326007450388
0.13504670060069848
0.3474846625766872
0.35711563705953453
0.1604417177914107
0.0708389295921457
0.15212112524545401
0.13291482476257196
0.05219341212684177
0.1633018704757095
0.04512823486897257
0.05053239363244208
0.2631485433822416
0.044013181188967535
0.10149693251533738
0.04562201809926922
0.05965501035728962
0.21236809815950947
0.29651515814087653
0.15972756832150117
0.17894478527607335
0.24624239161620648
0.26197138872644526
0.5901254295727769
0.36701744717211804
0.6602175340138136
0.36725657150743835
0.22938431461393258
0.3212924747170002
0.04852777455971205
0.05053239363244208
0.1368757277667243
0.07728749588894104
0.07813697817491393
0.06170510993878406
0.07157067428346091
0.11959876713450844
0.14647321051269918
0.0888806202722822
0.26949693251533746
0.19558430388701198
0.05402737012043726
0.1785857974370708
0.24471259088965663
0.14324529917196457
0.10481495043415363
0.05721221053470792
0.2560548133013535
0.10625766871165643
0.28111696554780186
0.5615643392761176
0.2656196319018405
0.1579442917010521
0.18968122089198658
0.2801485318961302
0.18654149881267731
0.11002492928396988
0.22592454211747137
0.12904439931314154
0.1770512369359226
0.258270944177221
0.05715307298335924
0.13232963426549943
0.10571585307243847
0.0902332562277493
0.21706233972017186
0.1012089750205091
0.20894506497279744
0.0973478164617604
0.05330503518111815
0.3207440992214998
0.2860273055573703
0.21323923111741658
0.2828439134653556
0.22346012269938653
0.189349693251534
0.11775701181218315
0.19256484889377137
0.12716564417177956
0.09630241465267797
0.06846549158968109
0.0908968158172111
0.06519894161992255
0.11131963998965166
0.1726978958100566
0.1331697157425535
0.15658718352738707
0.17957715440862335
0.19008176823912723
0.27494478527607374
0.06591306321287016
0.32406810819980303
0.39244171779141074
0.22756127050430833
0.3922453987730064
0.16549358914624834
0.15507904066411454
0.41694805753445563
0.11449008788208115
0.1709667552398415
0.16840234260088666
0.0887361963190184
0.09604907975460128
0.08952057056636409
0.05467250252665524
0.04129151609317601
0.024641471452681998
0.06389495857112114
0.13048145501598205
0.14172775643986407
0.10698362781535074
0.0519166063031978
0.10437291661879461
0.06508344305195102
0.1444327139428352
0.2950109958021499
0.16210235565425085
0.1205759059174107
0.32521234139703076
0.17770558427408847
0.07423633171820641
0.11077355733778395
0.44810373089704425
0.4220660435497372
0.12657725104370687
0.08346449941411262
0.08765366141416629
0.06300446882846364
0.07768780723370296
0.05194548094519074
0.0699877300613497
0.024198220467190713
0.23763020496417128
0.13995538973948807
0.1294971759767197
0.1104951582614492
0.0878655355843332
0.13598428113857608
0.46123716498970463
0.28891557489500524
0.17869947721886298
0.2153853686015314
0.22923152310106817
0.17379868161824674
0.36807775345779914
0.10767715606804856
0.5192147239263805
0.3861312825706213
0.07077544456920024
0.0593521678914378
0.11827053360283593
0.04819177748611636
0.09162248063308673
0.05951593027820961
0.10314631163123407
0.08800000000000001
0.08496928410788407
0.16593793370906146
0.16046731534691222
0.10750029213949139
0.1128343558282209
0.08829114308587056
0.06727791584340993
0.1505256244850566
0.13423821062489866
0.3025276073619637
0.27257445158325533
0.36584049079754605
0.22481796255656242
0.3551411042944788
0.22285366040114693
0.1578301842412283
0.34424539877300614
0.2234650907094707
0.05734022999681272
0.053273714476863146
0.10278234429119712
0.11338421476640204
0.08000000000000004
0.04611080918960338
0.17256441717791463
0.14792638036809805
0.1652941763213267
0.07963530922445962
0.2265452322596418
0.23054381714217817
0.1322030353782087
0.1312507709346432
0.05472003180846393
0.06449898576140876
0.15700106644403694
0.4452805999839649
0.15835822800833305
0.17436180432973666
0.1917306762797289
0.21439421679713194
0.30907149256219096
0.16412269938650326
0.10978184742137834
0.11010171853256659
0.08050754154848556
0.07048300110461958
0.07584976750781591
0.16550077804977775
0.12583969692078997
0.40174974267905905
0.09179248689536477
0.14261364548008781
0.2489728948510836
0.08425620533522318
0.13269917343702783
0.2974723926380372
0.244021918033133
0.1562406878234727
0.49037803728192797
0.33126997811201864
0.09102849241844077
0.07967332728377355
0.03655999795144749
0.06608982037576339
0.03367065819417102
0.12093251533742351
0.06021776907866018
0.031700653814209716
0.06808020290043239
0.0914517502585352
0.069033512814153
0.07111656441717795
0.11237882408839603
0.03147081996988096
0.13277822165387443
0.25995481225949846
0.28918964766096744
0.29869936998121577
0.799656441717791
0.5774113456706345
0.41117535717917986
0.12997103896794304
0.37383717413522405
0.09769580054291153
0.2677300613496936
0.40764989876267543
0.11641084215254373
0.11235591647045652
0.4414284069965583
0.139337423312884
0.08552029436406734
0.10910429447852761
0.10351375396274484
0.08073232940907787
0.05156175720643625
0.09639263803680981
0.11607361963190138
0.15800252420426147
0.18393113280195583
0.21895641023200715
0.17983551966780728
0.10252354345963431
0.07530730328834766
0.17972547901745994
0.38635912576581927
0.32657668711656485
0.2273978301969218
0.23485317772513375
0.20737767879286245
0.09255737245184593
0.302478527607362
0.41665350967555387
0.19733057338154164
0.14585446040318792
0.07700867019501043
0.11622997999922059
0.1344294478527602
0.09927135579047217
0.13364417177914165
0.09825766871165648
0.10576555199666997
0.03381840852266811
0.14725440096876694
0.22785224717649977
0.10522903081422431
0.183852760736196
0.08571791216169801
0.18792034319805914
0.10047374465562334
0.14479532192715172
0.19338876329952942
0.066192147166698
0.11240516657995558
0.41009417383853725
0.17265856278806208
0.31042944785276133
0.10710060094875919
0.13264668167538293
0.061595074591139665
0.042503473013519075
0.04322533906334099
0.10473532043136645
0.13481501729927695
0.07772845037873927
0.09659641356868208
0.1872576636675739
0.14016788754586765
0.08675577501767667
0.030699234921062763
0.03224240501869914
0.03362140808467195
0.09261058203040065
0.09613892423402622
0.08646654021551196
0.05432232315487527
0.1244785816313044
0.37358386762315104
0.22289073902459436
0.19049260300750565
0.17767703901481344
0.08387730061349695
0.03271848941052302
0.07009381909983388
0.07039676375288557
0.09580742950487815
0.10255914701803495
0.02950081558991965
0.041319612691811024
0.0860688315619233
0.10161305584281694
0.16856058769645876
0.12699535671901813
0.08642423343588965
0.09705510395521728
0.42061526127418225
0.29222085889570526
0.13330457139612925
0.061759637311785145
0.15600551560713902
0.1554610724896642
0.33126253859119964
0.28246672255467903
0.3161984816226981
0.46478527607361986
0.0677081299570519
0.1315968464424952
0.07924145712845192
0.07499510667487373
0.06545914869202483
0.025511556720498207
0.08300683493616211
0.06443856751184394
0.18444171779141139
0.06962595281821125
0.19714123297338482
0.2532173064025265
0.11516979295169978
0.06288897026049212
0.13464375503510267
0.03278415622318845
0.19775278402171706
0.0803269285929199
0.18907537284138726
0.2575214723926385
0.36931955111265863
0.384401147874489
0.1320231268637359
0.2839821039999723
0.5526846514111696
0.41202216625743704
0.2455460122699384
0.1074506360860744
0.09094995739017558
0.08451173624747421
0.12392996343344037
0.09957687183941527
0.14797101376166533
0.17938650306748488
0.20098159509202473
0.15631944097467057
0.18905521472392633
0.252466257668712
0.15852760736196306
0.1612422915867602
0.2193105801502778
0.19412602771757007
0.2830869900981939
0.2820912241628164
0.12633128834355817
0.1627853711977373
0.08293718439636853
0.4130591628046694
0.06127052727933603
0.06979087444678218
0.06424943136506749
0.08897353598724766
0.09467484662576689
0.062132426042892146
0.05926354775323608
0.07538650306748473
0.1021875108688129
0.12927177220212294
0.12007968685336165
0.1265051455629889
0.10400050008828879
0.10395496571872302
0.12151842820677237
0.17516500860734296
0.06433705970890106
0.17997486306221108
0.24881279005264528
0.1718011763717656
0.15116564417177908
0.09632580568824695
0.03675699838944365
0.058269027541631345
0.1341973604887786
0.06519032261936768
0.03359468391490131
0.09831839882795296
0.09354601226993864
0.07551982668811831
0.06071693707151033
0.022655050369554335
0.06784621065304303
0.05240747521707676
0.07651462093005156
0.16273983682817109
0.03593616323112639
0.08746012269938654
0.14728954880567943
0.08176422025249314
0.11119624631458
0.11840020563601417
0.3002699386503067
0.2658665880858556
0.29941914194710345
0.18399873885146123
0.39113941517135786
0.201826134256927
0.03920308716122883
0.04643833396314697
0.06335134963039822
0.09580742950487815
0.0879810162523814
0.047548611601239854
0.08314098425292274
0.08029521902010464
0.18760699545563367
0.25922716593810363
0.2271901840490796
0.18498159509202505
0.12303339722061658
0.08361272424226539
0.13856108658873192
0.13526478758757812
0.12785691474447183
0.20526893800262924
0.23697845484968114
0.11659881938152414
0.17756521651399768
0.5372531804303714
0.5414478527607361
0.13054201688380834
0.15116564417177908
0.2537423312883438
0.045211600520110654
0.027990478898616104
0.028581480212604485
0.07634205256902499
0.12666445251955405
0.08118800811275352
0.15280460542632032
0.1398360489365735
0.09885511632735326
0.03455716016515358
0.07007739476176726
0.08157055214723924
0.0937866960982758
0.18357975717591735
0.17423312883435624
0.13488610677126334
0.1532559052114908
0.15800204098503817
0.35679306513162395
0.4094211645090625
0.387882419585238
0.2013824581161081
0.10621160513485513
0.09682868473164517
0.13040300684502035
0.10669938650306748
0.10746730597367882
0.20054274993624438
0.12662576687116586
0.10205695315341994
0.2941064930255064
0.25533845914303566
0.11764417177914079
0.10746730597367882
0.09126645166711468
0.11948326856653621
0.20487534569806928
0.3072342809046377
0.10160297589650144
0.17682830756439563
0.19392244603471104
0.21028145729950223
0.23891917207407407
0.4871800501729861
0.4013854677225327
0.6725491833560261
0.3043783207660992
0.19408182295126844
0.2647852760736192
0.2600441871863271
0.11257494359227374
0.07090911347219075
0.15155828220858897
0.07360146243985052
0.30014789308264456
0.2118243736597666
0.22125277533112087
0.0987253245967156
0.19051580226330972
0.1716118441325315
0.38774946280104755
0.27106748466257685
0.21736830492239886
0.23297139521653382
0.09539746209962345
0.1482517492818446
0.17490355553422654
0.4936850182655248
0.3418123513836116
0.2934154078417076
0.17653956114446737
0.18399873885146123
0.09505236820769082
0.091734737611379
0.03936725419289229
0.1539141104294481
0.06491019519999372
0.35200975358730563
0.20581870817215836
0.3033250942274422
0.19474443570070157
0.33578979923918756
0.10606849664972166
0.1489884572192993
0.26739033324832623
0.21658895705521458
0.1267596783487426
0.09585712978828109
0.2622285897902487
0.27023740953863584
0.34422599453441627
0.23430674846625754
0.2109025595354009
0.439775979056732
0.2984147542178737
0.06297447334609461
0.11240898127828099
0.1686593048717261
0.09610532097494402
0.10491118747960475
0.05162785988326908
0.0980810320447346
0.09872240097365598
0.09332116583324608
0.12713195982771563
0.13259418991373917
0.1396539114583109
0.11579390180583068
0.1986960709527426
0.4308006704620404
0.40434403994676626
0.27575283103200254
0.3882516566656624
0.5150429447852759
0.23131475700496032
0.5610063460932119
0.6260692411326867
0.24338840553200017
0.19196237233354804
0.08367211511454914
0.18393113280195583
0.09202496089248313
0.09152715330324077
0.10035775052302473
0.11485389158822053
0.07075279443870215
0.02927098174559089
0.045474267770772125
0.11065658420437552
0.21497170963698958
0.1567116564417176
0.07914539370248345
0.09166083062035171
0.05046220975239702
0.09430084791103324
0.0845520983185909
0.2422494799888781
0.1707573801496276
0.2724608473383605
0.1546781772332908
0.26865805636177525
0.1494924586987948
0.06560318660782292
0.06644055122561637
0.08225766871165643
0.08579141104294481
0.05107047004612085
0.0901283547434244
0.04068325579945218
0.09709692002758058
0.26385276073619673
0.18436094763198393
0.12609556158290636
0.0913681181138086
0.16906911419781748
0.10381836261002551
0.05900124849121252
0.05163194108648131
0.04715229037437267
0.07322699386503075
0.09698159509202449
0.2402160652408278
0.1998958823938655
0.3189957384668337
0.548734687637464
0.10064176095103404
0.08974824241419314
0.20148958532866834
0.053108034743121986
0.03649561762343045
0.0903908135516463
0.04751448679050451
0.04461132187899928
0.05564143512027935
0.1859978898719552
0.04486684975361739
0.10387112375043511
0.09650856008392981
0.08205915867860603
0.11447340508842285
0.06421720379216464
0.083577435819856
0.18994097402860985
0.41408674103418747
0.13610993803405044
0.22067260239246755
0.35594385137543233
0.13468186240125019
0.20739336553314805
0.4250792067374266
0.11860283166973533
0.04840348260440868
0.09298021788030425
0.052533450132299965
0.09476119061165807
0.14585941801150384
0.1194259827779545
0.04973697632526477
0.20671492135937872
0.3094478527607361
0.09766296713657882
0.21600174938004857
0.1759043190206236
0.2859751174386583
0.10059689473125044
0.16717621393368792
0.23626993865030682
0.1459613152740069
0.3998871000102299
0.2157318963089232
0.26368083732928443
0.2977553082305766
0.5193009979479888
0.26650067386858833
0.08410500930347434
0.04531539188242606
0.1023589352065682
0.09452760736196317
0.08839612660915934
0.08513752333167712
0.06331543248780246
0.03768874358419642
0.1281456611644001
0.09292827232360469
0.10365644171779138
0.3654476445682701
0.13722699386503087
0.1155045888614425
0.1257716634269047
0.09713873609994389
0.08047980550174509
0.10783285839461382
0.19270153997704853
0.3556570226826796
0.32792930911313545
0.30019984957939644
0.5710009943551403
0.1137513362395958
0.2664938291713057
0.1271639233366431
0.10359884775026314
0.13197026448564114
0.04750993896339874
0.17878694016080574
0.17327530518814477
0.09596788607377156
0.19146102072866564
0.12883865257222998
0.22444259221065443
0.2962041345212868
0.36951140902647306
0.11225741625145849
0.4124503195270226
0.16626561182674374
0.27287739623630686
0.3567617855480478
0.6065709315727393
0.34310559491360965
0.27430944871635426
0.10019918607766179
0.11697294486495845
0.22035398871480238
0.12496945054518349
0.03450791005565452
0.04299534559265423
0.05925076536938938
0.039777671772050854
0.12370708865015433
0.09240877539266035
0.0726763337674139
0.23234355828220823
0.1671656441717788
0.16883435582822037
0.14298795827846536
0.2876861469167287
0.13456771585451946
0.2781840490797548
0.3951927934615838
0.4081700887878367
0.10148805897433694
0.19305585636439415
0.2445970923216844
0.29573408329107415
0.3756585489178557
0.2118532483017591
0.18369806399421582
0.12092682531763597
0.07367816381055063
0.08791700706977658
0.15957609599497596
0.17763467539929484
0.22530406061158123
0.10134999339500808
0.14138421750181132
0.1905558417595538
0.11070584748845552
0.14667822589357712
0.27470004394438874
0.2757392239180007
0.3186699067573441
0.20679445639154073
0.2473199868446115
0.18853729642770872
0.4483321362047687
0.44658731320175027
0.3968345267277086
0.4632023745160282
0.4347253627457523
0.3246051957448815
0.25541104294478534
0.302120542069087
0.1840819510405322
0.1322792393438732
0.09929011003769023
0.0700963984453613
0.09646967894213118
0.0748273293037665
0.11522559226999081
0.18591425772722836
0.061878357790741356
0.32006488971460717
0.07423115046099012
0.2170168053506056
0.060823885231303505
0.14195346573116516
0.14461715774098327
0.1296716403985905
0.13540044231236248
0.05667045933021861
0.32034388630606003
0.4018650306748462
0.29261999053452986
0.14226272485133354
0.06044630105847765
0.20766855966693049
0.04784201156404812
0.0966694665881948
0.05149157332639119
0.07107838922225193
0.07391908350177219
0.09271165644171783
0.09109202453987732
0.12277500082548845
0.1424106119901439
0.12255068913675629
0.1811551697118612
0.1120895216291239
0.07937639083842651
0.08259681082392044
0.1420650643677456
0.06711918394975756
0.15044138887283318
0.12204882709819867
0.27321961935907063
0.14382673644033747
0.3956481371572426
0.2694627703091002
0.1576266706391302
0.08607414954831032
0.07913873430536153
0.03799287373105833
0.06351015966526019
0.056319062221680545
0.09295712886361396
0.05041569542384156
0.07995092024539883
0.15669199710005766
0.14734729808966554
0.12906382320604692
0.10023852184204828
0.11917580623540283
0.05710628372999586
0.05287185630061064
0.14270471421921915
0.39544976872514337
0.05064552926817044
0.08702085158909689
0.2552201414163128
0.18369806399421582
0.1461889889820941
0.1301147284856989
0.09410218285418001
0.08058327771174852
0.029779899543747487
0.0917300613496933
0.03729103493060776
0.09329646018180335
0.06532473565569619
0.09043125795768016
0.09022749767582296
0.11332357164608768
0.14680800642244285
0.0565682073163171
0.0592642984305009
0.03646149773244946
0.19523493526728095
0.11834801312617221
0.08585935755997771
0.3273746004106696
0.10073726249134056
0.06368587820930463
0.07570814271208
0.14293506695768424
0.0835713053373027
0.32377914110429423
0.11223573342632369
0.13120637321564563
0.27190732531796064
0.10636828730571043
0.05336197542245146
0.09905195422297128
0.053832421049601495
0.13458105262400374
0.1049835232887878
0.20058895705521487
0.17033063117831115
0.3614582706832965
0.11797955154498986
0.24399326419547882
0.19412602771757007
0.11607606081137632
0.1041436551024776
0.0517957034732531
0.10797168089221855
0.16161137123414776
0.27205536679562403
0.14881990483130275
0.118571498349345
0.2519339220818427
0.12768787242864246
0.146394434903901
0.09837419814624353
0.12900802388775726
0.033227407208679734
0.04749878607828727
0.04302271846762087
0.08485889570552149
0.06156117063849567
0.06774599803868336
0.23229447852760776
0.16284139351209082
0.4102993020286908
0.3719208715212172
0.1574648720589467
0.139833091636124
0.11008427675311767
0.0714939791392329
0.19565740258787684
0.2973658297154911
0.14809139074312547
0.05085991840598568
0.07681648145750576
0.0916360875170184
0.04979186070352059
0.20819631901840488
0.08105106090614159
0.0877723276710386
0.05810003495303437
0.0456332258335574
0.10345193611068383
0.05858664860355312
0.026529392316811513
0.07763610010969019
0.10586740924048658
0.06624139727619693
0.07381121306616285
0.040188089351209426
0.14297792043661417
0.07860317476045384
0.24288587558418984
0.2416740969719824
0.13300613496932462
0.12543686751716104
0.05387961979194017
0.2658837516544815
0.2124256476055598
0.20736590284960013
0.25241717791411034
0.058968797773506706
0.09312038515715476
0.12008013296126849
0.10040328489259048
0.05215225809549412
0.11178687728404064
0.0991901840490798
0.024805638484345333
0.116595804367249
0.13709892503988633
0.057171791145902
0.05957857835264884
0.06861349693251531
0.08115187068338801
0.32951065022279746
0.37830674846625817
0.07274458481403621
0.03283340633268752
0.06630701093668784
0.09880902489963457
0.3424639935043871
0.26685637125690453
0.47730736865738344
0.1267676848711893
0.03431090961765847
0.04129151609317601
0.10445632383991373
0.05712554043965199
0.050017711845445
0.03843737163801036
0.05941502007976199
0.10674846625766869
0.2063162285026432
0.05542278988957643
0.2813558424139515
0.08494002218266244
0.14497957744624992
0.5707733225073115
0.1900122328188317
0.32219443297328954
0.16476073619631912
0.2206140205463039
0.06218291771992178
0.13753813942323317
0.5163030454696541
0.5102822085889571
0.41765789740478365
0.10689196714031363
0.10509332495786791
0.07430716058958256
0.32518646338702034
0.09228335580924374
0.057142916503909055
0.3088098159509203
0.20475271738130826
0.07440315987051835
0.06847607229729534
0.07988367760742861
0.024641471452681998
0.06924139149892565
0.1257914110429445
0.05907143237125758
0.06821461593676102
0.128981595092025
0.13699893384795425
0.2078148843501552
0.1223956438073767
0.5923655629725019
0.19243756501590295
0.2850330504400052
0.3474846625766872
0.29232662059762965
0.1585816625817497
0.06481491216311365
0.09306789339551044
0.05538156334234346
0.09954598383034513
0.03474102062230391
0.23169863589835457
0.07955828220858899
0.2086203850204992
0.10667438595582505
0.1118026137964305
0.17020858895705546
0.05803304569302507
0.03963049759877633
0.06320170495733138
0.0975346196099451
0.09831706955994975
0.0930174635903505
0.0780839843240721
0.27363475786893526
0.26244092211515535
0.5074798542009986
0.29869938650306727
0.12560898244907015
0.0962944785276074
0.15219631901840483
0.04749878607828727
0.13068200343647318
0.03909242118509756
0.0725931124875103
0.09383526638324328
0.05610342939216537
0.14560292160294874
0.22629198444898227
0.18093910238822614
0.1185067490775893
0.05532829210218776
0.11882208588957038
0.1304718330037635
0.06508385142845091
0.1295496677383646
0.12611303133530238
0.12510207160741857
0.14024585826266608
0.11075016271110226
0.22425677011156842
0.10666325966140842
0.14266960608681922
0.24953455139534986
0.08391652590720822
0.10350920245398776
0.029550065699418718
0.08204313397679291
0.06288897026049212
0.07927533741405894
0.057995279543899915
0.1630430130665837
0.15502795285977125
0.14942745011774392
0.21711514746853813
0.06300172965378077
0.12288321400952609
0.09459015448319785
0.0736155506915597
0.09496281016615096
0.10706717250959819
0.17105337916582009
0.34082223611869245
0.28695759700367607
0.10106478726488416
0.1167041187923005
0.23617717670791372
0.3098158505257074
0.09616490733252969
0.034212409398660326
0.1167956579362784
0.06041865982970259
0.08073243724016463
0.09491094823059584
0.06952579787536198
0.047148771493739236
0.11154283726281382
0.18282880580742433
0.1340531840017172
0.12220050705630965
0.10270027372426266
0.10577089971345377
0.12927607361963153
0.13155336365493966
0.2562944785276073
0.13674164277120443
0.34012269938650325
0.3084443151150384
0.3269180537362726
0.11016529704406
0.07819275718129526
0.05480407050248579
0.04473052621538392
0.07460122699386502
0.08112318038480038
0.07614706777356772
0.04830727605408789
0.06848344200941818
0.07769325153374232
0.11541194404554006
0.15893233860724118
0.10144579155336372
0.06910924897741595
0.13559234344604165
0.11250475971222869
0.20261336286403758
0.1316415643378478
0.11453702390806755
0.12775478404048662
0.11512476561544002
0.3478104126557547
0.32030472955409134
0.3024575305949974
0.346234769992877
0.17144382783712
0.07648159635247413
0.06616481713274994
0.04407547666829672
0.08103067484662577
0.06045226308878478
0.02913964812026015
0.07480076034326137
0.09207361963190185
0.1753528571978988
0.2898595078003433
0.1206393687681178
0.10194087575189244
0.14513972094674954
0.05015807960553511
0.26019222118884533
0.36072327570027246
0.24561238943792937
0.0739022818052945
0.05434571778155696
0.08913352765722424
0.16774861748040967
0.3472392638036812
0.2895837845465918
0.46988605932474053
0.1918036809815953
0.048872525326205306
0.11900854194594916
0.07535748244660694
0.10319880339287851
0.09796319018404913
0.1025916030007019
0.1136074120395643
0.13716850357332877
0.2805031730466054
0.148551685453635
0.11656441717791456
0.09742331288343554
0.03864491925357317
0.06563206124981576
0.09854159610111524
0.05191267660666153
0.1229447852760733
0.0742779397143535
0.1639687934642256
0.28043052303484883
0.23397122406830537
0.30145206566702315
0.31523926380368067
0.04599960227209519
0.09649079754601235
0.11204503112742883
0.05135120556630108
0.20987486719139825
0.08493810709936649
0.11062576687116571
0.07695146329811954
0.21849441596012173
0.22880981595092068
0.11388145828406748
0.17101225664767636
0.11443020621778259
0.10186513958862949
0.05870489361651303
0.06761658901145476
0.037610666954093507
0.03055148459256567
0.12231210569289011
0.16802067819879096
0.1992754300746029
0.3358615099173457
0.23092024539877262
0.358943757177111
0.3330839133738325
0.3826253074614235
0.08153027398567628
0.18566336093622157
0.09883789954162751
0.12742355843950617
0.12006122413041338
0.28706748466257653
0.2594548377859325
0.38590808529745924
0.19310662217371533
0.2053414913092324
0.11257494359227374
0.1722254699552559
0.05445420440276219
0.1127725374796896
0.09823403743640019
0.1759466645541286
0.13290997709322613
0.19109945070027706
0.14836342474498485
0.1714380935305904
0.07857034135412112
0.2077017443867587
0.30035786012922183
0.10489458611914634
0.20024539877300668
0.16688794480192667
0.21007203010086425
0.19864557311436642
0.17861361784805807
0.09481842194087398
0.23690797546012268
0.17295705521472446
0.17491663069568084
0.20966871165644213
0.16249725720378058
0.4943678056987199
0.3220178658547771
0.10992465703238789
0.04882458588467903
0.11319844274058045
0.09884662576687114
0.09894478527607366
0.0688371465110254
0.12970714302329703
0.13603873799236574
0.08385196034732292
0.0550943458353709
0.06395733201422873
0.0403323363992269
0.033079656880182634
0.06613121387366776
0.06736569257727494
0.10306748466257672
0.02579064067432604
0.08213586905863848
0.11597603928409445
0.08134063934437771
0.07201335713024211
0.07386503067484662
0.06317771668042095
0.1541793753498016
0.2571688450342902
0.15413404273112025
0.18899959542262024
0.16556296774125162
0.32942331288343607
0.28075395721565033
0.4991166397283382
0.40061805477737145
0.3749693251533738
0.26063861573516944
0.17520985943233425
0.08185961004981415
0.0804158779501702
0.11085440783510601
0.05631086642281855
0.09173033121889135
0.06514119233593678
0.1939916146812422
0.19141000177079973
0.24516937826335364
0.14041484668945617
0.15454365030632794
0.1639754601226994
0.21532120626530413
0.1266170802215346
0.2434524257016792
0.11355751791290454
0.10618629869958851
0.08081942968791025
0.23166125270887472
0.7472644705470749
0.29701956199651364
0.18277805229998015
0.09775188066996933
0.14072588072877218
0.15222054029662618
0.12863106190958684
0.0606622669856122
0.04866731653662602
0.1519505270201098
0.11256671751781136
0.229609439842353
0.06649534315330134
0.18648132172702508
0.18630674846625733
0.17184535444356905
0.058147962615189557
0.24652121142081
0.17288876797765276
0.2909026030928812
0.1992520354479205
0.047854689729892
0.0935259579386603
0.23523652309463483
0.33017970738060987
0.48652760736196354
0.2977177914110432
0.144298417154022
0.10113183480564328
0.11465554256668616
0.05029962635159656
0.04337363786784615
0.12225331286979298
0.037036082343271486
0.117391053057529
0.16894553030033907
0.07188874316541927
0.24902050480848584
0.08395501999268185
0.06323546596440671
0.10808757364720713
0.2187891270172552
0.10155211588895821
0.16891848897165912
0.10705998343572433
0.10665030674846628
0.09990240682736663
0.2831736140241725
0.4358907383150305
0.3225875003444528
0.20505521472392602
0.1164803057992768
0.33662966742549805
0.1911684644634315
0.0722470070266188
0.13118419730108807
0.17321274182830587
0.19151761142391008
0.11165443589939497
0.20484546736477574
0.10480856507722047
0.22147917356805408
0.09156148975942181
0.10299298623080577
0.1034529630268021
0.07839640343865195
0.04699980500350743
0.12169831319169477
0.11310737400144893
0.23184616749724468
0.37360950228739404
0.4118079400517268
0.45300390299111915
0.36880711731351185
0.03984333858471629
0.09026213086974225
0.15450831234653864
0.07580560883666766
0.11668059651094374
0.10223119510561962
0.1597143887430481
0.13461325674737692
0.22288588957055255
0.3570765775367307
0.17049346392932538
0.10196502326945632
0.10306225966518578
0.12088627699211181
0.20368425155600234
0.19083680981595152
0.11234577608934629
0.2912049079754597
0.32239699683673856
0.1645481751131862
0.3996880206889083
0.19953828254065603
0.2151635565092785
0.1475910864763803
0.09236529702479981
0.0968542116367167
0.14038909974530409
0.10968111163736295
0.08995605966461769
0.10642445661705735
0.12365443375937217
0.1577669925347068
0.07982106032511682
0.16708547868923002
0.20726235562373066
0.4600876990329192
0.21312392638036864
0.10482650029095074
0.17304881809786907
0.05076701287160134
0.14050573008537176
0.07376681400764894
0.26919823116094055
0.3011730061349697
0.23456418969702766
0.26663600381734065
0.05498610558535166
0.17405521960499606
0.2195415439015126
0.3088596287648259
0.41771779141104315
0.1955886416264953
0.05804946239619142
0.05139799481966445
0.1096552900751389
0.12521951630595152
0.043584189507981326
0.24366675755327669
0.0951419453665389
0.12810772015923147
0.1527227341612411
0.14861349693251558
0.10470524571098908
0.16820396117606728
0.07007875611671922
0.13651203995827027
0.1973621887936826
0.1260962297057617
0.26815757387482125
0.22904230936092532
0.20601108041418775
0.04740066528294783
0.09605645941840714
0.0347514672377865
0.06141636351885534
0.0695251430409648
0.0780459094357824
0.08168145207906087
0.10108630043607753
0.07807060710227948
0.12466172473076928
0.2989117023579352
0.07469148017508181
0.086125153027546
0.12746012269938609
0.1143558282208589
0.14518982619201656
0.08306725645107046
0.10131382613267698
0.10841590771053403
0.18165318758611793
0.211142871676618
0.24219731172049366
0.4581104294478534
0.5806113755486407
0.4909554466600162
0.5093082776970154
0.21537756804623767
0.09059438648547176
0.06742996658544022
0.1492532569422395
0.11871520308952586
0.19397805598069354
0.10521499403821524
0.08933004252135034
0.3080719913045859
0.1259049889457525
0.21172027141649885
0.21857177914110382
0.1968823146563845
0.08182036735652912
0.2249493717565323
0.1896702355632772
0.1305085565346661
0.21019801032881158
0.16680013104996397
0.36817227197880736
0.38784850659101244
0.0871987553295618
0.2596070552147235
0.2904019721113499
0.09063750121564966
0.15994239773046778
0.11297077089275152
0.08618775379320476
0.11214723926380372
0.11842944785276052
0.14159509202453982
0.11574688830161185
0.1420287785845167
0.09336795508660946
0.1593466545675466
0.15584749598551206
0.07570931130533085
0.17587945125182042
0.1445260890018508
0.0606622669856122
0.033752741710002684
0.11268711656441718
0.10008454430562991
0.3912210995356677
0.3817200906780331
0.21764021201972614
0.2969458956223364
0.3357444981542527
0.1514763718946478
0.1164769173493183
0.1698650306748461
0.06242697598860609
0.036001830043791816
0.1072045390986655
0.11794898841495334
0.1254028185684574
0.26822732302268476
0.1657693196811225
0.14711506826164542
0.08702817096653964
0.07108936858647008
0.20350847676581715
0.12495705521472426
0.15763307417080957
0.11344001408469259
0.11355161272127373
0.1289408179551242
0.04772335610456126
0.12699067548468473
0.1730192649741438
0.2685052958917886
0.2934478527607364
0.0895862887130073
0.11432514184125983
0.06885307785932177
0.06361096944250663
0.06452238038809045
0.035427245432969795
0.1449666289188545
0.12420928251476923
0.2089815950920246
0.10807115694404076
0.2943737993017614
0.2024399267581235
0.15611049913042765
0.08558750088223159
0.03601824674695818
0.11678516375142468
0.10356353474726497
0.08142684770506499
0.15459483322987827
0.17617111286657872
0.16872785198591242
0.1988074285651691
0.09538104539645709
0.19403503369790484
0.14568719611373424
0.08200398325977862
0.07463798889560923
0.12482307501596573
0.09676053532732644
0.0321110713933684
0.10913994886821077
0.1642731930473859
0.1983803680981596
0.18189444141166886
0.16105506515423693
0.23937418080741424
0.24198702118065588
0.27803680981595097
0.15196461158705252
0.07107915089221488
0.07516814203844968
0.11406359576233065
0.13844570644462031
0.17332779694978853
0.22419631901840456
0.30912398432383587
0.06299089004926096
0.19180489704861564
0.09392921040283791
0.1189815124860501
0.0901575441174038
0.06459257413807207
0.1308494013913444
0.06063887235893052
0.08050754154848556
0.11422120454076033
0.13448024284675728
0.18127500243129976
0.13685856608786345
0.10821890727253786
0.1720679946703235
0.14292733533775678
0.0966434267501686
0.10076572403501782
0.17600000000000002
0.17735636945879307
0.19405882119940615
0.1477199269251241
0.2478020448249102
0.3474485671003228
0.39729114622873163
0.11086713584451069
0.13426708526689113
0.061387500412744454
0.07812757736599468
0.03189765425220588
0.11634157863580105
0.1026800033708805
0.09442944785276075
0.0850646953110238
0.32531002563391925
0.1986180881570123
0.15385335337971864
0.1789045380240309
0.09053720525812538
0.05553770681174081
0.2203288852822237
0.2147715761003349
0.05385443062124156
0.26110429447852773
0.2138749338505661
0.15874179590406795
0.10262081149281474
0.29342337977327015
0.17423289834093905
0.19070257005408298
0.17357851638005495
0.20967556799339793
0.03585407971529472
0.1351662862343142
0.124041884559898
0.06672147529616891
0.05340353540011617
0.042125260324838015
0.351965881081889
0.13102356244485483
0.17469258275254343
0.16592645855792942
0.29674748646032323
0.1022268106168224
0.2973540905754198
0.13622761231902938
0.18915968900497196
0.04444001547129246
0.07495857061351588
0.057836045255029014
0.27450306748466224
0.17679835395202884
0.15785766777507348
0.3936882123329541
0.09059438648547176
0.12769117126128626
0.07839539401033029
0.19442948513083558
0.0878936124430949
0.14431525909749746
0.17462391818913692
0.17189224511089804
0.09923897064054792
0.10639665322107378
0.18609484879693702
0.1396809815950922
0.07785731759665152
0.0874020768726676
0.10750748375171719
0.2093730743230384
0.12696932515337406
0.11277794716381778
0.07611355629323109
0.13086577813211145
0.2990980578497568
0.2255422941969807
0.3345727124701505
0.31400571815676487
0.04860985807554383
0.06910772721770084
0.10605656003984744
0.052385699803802865
0.09580606213237515
0.19160736196318984
0.20344431448735328
0.14146377280504066
0.30070897661254786
0.3062369374333937
0.2746012269938656
0.04759202247923052
0.17426127102139413
0.05565581687573135
0.05029844736562522
0.09193851684875762
0.0871344558339912
0.09088339591550589
0.23007139128737863
0.13905028608192985
0.49516315051035986
0.22129715868231384
0.42355499696785703
0.31573794629102947
0.04893819213887073
0.14106067663851582
0.033687074897337375
0.07083567014516859
0.11048751586210355
0.05662317294803727
0.0966694665881948
0.0874374004870429
0.2025940490062714
0.19463007660380227
0.08005641250472997
0.11638584861018698
0.17576383025950765
0.14689986221226986
0.13098550390221425
0.13168098159509234
0.05200625511338827
0.18589441272884122
0.06167623529679124
0.13979051456700844
0.14128387391167788
0.10136215940863713
0.058767302224395544
0.22763190184049112
0.13673619631901884
0.05737391363985213
0.03629733070078601
0.09574497323937449
0.028893397572765028
0.07377471029180784
0.12057501061024044
0.10265845765189936
0.10441473269115792
0.057064460206210824
0.14860417721527874
0.12574092959644084
0.16679239571952817
0.08817411270643216
0.16947239263803743
0.1441576896125496
0.16348466257668737
0.12253298850156964
0.12144293779209435
0.06519072827355105
0.15676073619631928
0.09288972329109423
0.10926539708530068
0.08581149066842475
0.13957559421244367
0.13553654412775085
0.1275024890342329
0.06055307286603122
0.11185276073619639
0.05084824454946128
0.10954601226993867
0.034360159727157426
0.03805391793958479
0.08004784463909206
0.15959796532813159
0.175251159274587
0.1788466257668712
0.30483916752845064
0.10577634050135494
0.3057802642322258
0.14079275435728153
0.17284846687177952
0.4014233128834358
0.3188874519896927
0.10692198772239672
0.3692662140537271
0.34310087374087
0.43735430084774546
0.5455993705318308
0.3104605106599673
0.13632842209627583
0.18478527607361958
0.056949543284046444
0.1238952162358806
0.174167665136099
0.15444057874155337
0.11053212954874385
0.12719661613283073
0.3842645447657914
0.1556502960685107
0.18631392377215386
0.046426436554420115
0.07717515036491701
0.2228800199420968
0.40516482039649476
0.08543717664151779
0.11465030674846624
0.08292797180355078
0.21779088963322452
0.14060418709761413
0.2714135236065118
0.1903791991546122
0.22869209975488286
0.05993703355847995
0.10807361963190187
0.08938396745766668
0.11356271769710691
0.06335264905400606
0.10472106448056591
0.15075633944269912
0.07137811500639879
0.3018018014821269
0.16790184049079798
0.12981595092024525
0.1212405587683905
0.08933814232597008
0.152369203577822
0.14360736196319077
0.0919058341195553
0.06494036038020357
0.22183426388730207
0.12136095292183881
0.16453681468869719
0.4379912591608225
0.5764069579414046
0.2998212388448545
0.273914110429448
0.04271626163882639
0.13387104652345344
0.09575877919687883
0.08649069844625645
0.06660165950081791
0.09589538230557623
0.12302153149974512
0.1556394213361998
0.052221532772139416
0.08067167935941315
0.16382678809215392
0.09499641342523313
0.04526085062960972
0.06669808066948722
0.0783191156531771
0.06652717515159506
0.06384619225608172
0.1556394213361998
0.1546525825138644
0.17558052904572763
0.06286136189369065
0.14191886539500437
0.46012269938650324
0.3084028321918819
0.15549987206720942
0.10254676505799584
0.11784816022964573
0.07668286530370805
0.0641883291501717
0.10669938650306748
0.0914517502585352
0.11409652995559134
0.09199920454419026
0.1858596259833616
0.06620679350917183
0.16327823588015797
0.0899733844498134
0.04660209634991877
0.09039276693097886
0.10357841124389199
0.09752969313528388
0.08492032210105945
0.05083652377930399
0.184098159509202
0.18363555649420696
0.2220926435174313
0.17711705398432506
0.36308551529427247
0.1083784496292408
0.1296776157072434
0.08623312883435587
0.057995279543899915
0.07590579406618969
0.08543039216057556
0.07322150154000108
0.0334572410530085
0.16334384975372077
0.25299665337978916
0.22041717791411097
0.27657576074267376
0.17206346588644902
0.05048136223650699
0.16277695285926502
0.16984064420211867
0.056949543284046444
0.05141711431698863
0.28233458280820917
0.24893107877872014
0.13272904509988936
0.1376053459413971
0.09649738121176854
0.31386840941706445
0.28044171779141064
0.10166635792538607
0.02462505474951564
0.05457307336654284
0.08431901840490802
0.09065618742571714
0.07007875611671922
0.09222802520920013
0.22271240140693152
0.20084259556092554
0.2513305547533581
0.1642699386503071
0.20436809815950963
0.0950636199433974
0.03148723667304731
0.09826777005375303
0.13570394208262326
0.07975176118433394
0.16293442814419862
0.11234355828220864
0.19708319220223094
0.10971464090321408
0.47376687116564375
0.33479590974331375
0.0710316193024843
0.11365608468344712
0.07153449458787285
0.09939680400756205
0.05527736119013391
0.06346690481432825
0.042437177684998564
0.10311714020094052
0.09872774684974923
0.13765691822279202
0.15548466257668753
0.5240245398773009
0.22979141104294473
0.09044816452181609
0.07895495020159572
0.14719018404908
0.032652822597857706
0.15690480458930897
0.37788973302657997
0.216617564230584
0.3634653009817964
0.2851082150376951
0.6529975148562607
0.3015953153604343
0.1701914145186274
0.07977567698454974
0.10292678256862021
0.12590253184943911
0.13947177398004718
0.1714713051068668
0.16893693234772836
0.17839042057489488
0.3200490797546011
0.15108303821932717
0.2271318526352927
0.08434282926120189
0.12361809867254787
0.09668982494897356
0.08183292440558677
0.08834296812696779
0.08358737879924719
0.11044266649980487
0.11386503067484664
0.19985034802429927
0.10890840880552438
0.4733707065091444
0.22083749099365632
0.3381996681590364
0.1287172360026371
0.03350649116250756
0.029238148339258176
0.054890694428464504
0.08448016789189607
0.02574139056482697
0.03963049759877633
0.05897785386453084
0.2530102911259789
0.03941650430239135
0.11022174505883188
0.21125621904803066
0.1423404392626928
0.086125153027546
0.08269697466760771
0.14624204794128104
0.10104664116545835
0.12995509074079503
0.04844569104388038
0.19008176823912723
0.37851809321772495
0.3854592029266398
0.08728535214937096
0.1428717285807689
0.03903892012956538
0.15082555733936315
0.03312890698968171
0.0408236235595423
0.06926072130394174
0.07762352847976245
0.11114281958833734
0.10784365062494854
0.3457632339516229
0.39232342653020036
0.1499689630180336
0.10988957055214721
0.09023908415999958
0.12696932515337406
0.03314532369284806
0.10663249725324524
0.0817922375426131
0.11963578303139927
0.05137460019298277
0.1719895056302497
0.24634383739714039
0.13320900432552094
0.3258308358548272
0.21765265665097192
0.11754252538405421
0.07270634853807131
0.05151496795307288
0.08733492082720572
0.08607414954831032
0.13703067484662537
0.19568928741030064
0.11995092024539829
0.27097503328607997
0.13595366265897973
0.11215070607836827
0.15823312883435536
0.07185590975908654
0.21159429118855153
0.26519017566512026
0.28740867492961397
0.4432697845001466
0.2989681960538726
0.07576308511267632
0.07510294382348034
0.3333751782035461
0.2554478132641416
0.15763998743680238
0.13646283513260365
0.1681963190184045
0.08997456195635078
0.10051533742331287
0.07481419740355151
0.09977914110429446
0.19200545423779006
0.1237791411042947
0.1478681934699634
0.09425695090051352
0.2344209016686548
0.22179244781493865
0.1707032088675686
0.21289435493207284
0.13684602260693507
0.04805169016788816
0.2865000350551016
0.4320541215237454
0.17098155771958162
0.12469336021338691
0.07729584655629106
0.11235459820054412
0.08457885471300294
0.5256032278980376
0.2687116564417177
0.11084557977915287
0.198478175159494
0.05090670765934905
0.07718191804696761
0.08697743051566227
0.0573450389978593
0.07559381273735931
0.09701260897016203
0.19527920379784625
0.12408115706680745
0.342823695299537
0.11594376983443601
0.11515683624127224
0.09846252919572009
0.127539020708062
0.06973938213810635
0.21008443336392849
0.37421376876288415
0.23962489190665814
0.1703586788080811
0.2077353476458401
0.10115972491101013
0.15857761192771405
0.10830330402176384
0.1734852722347221
0.12323926380368097
0.04770164380395811
0.08391566889531708
0.045113100301112624
0.035739162793130344
0.08296308756878555
0.10529847385865423
0.37692439505267966
0.13205515652329836
0.2038115366987201
0.16571157039713755
0.12492680130218928
0.22648899623776705
0.25251533742331256
0.18865539134995124
0.08061788354509042
0.40644223442838245
0.3762609474670159
0.11913399016303941
0.17744183216395587
0.22213262085122376
0.2764876157279154
0.31055613745960936
0.11212023485835215
0.14384728892974966
0.1826748466257664
0.13916519999561824
0.04847852445021309
0.1314073945742501
0.27219631901840474
0.18243511759509096
0.4192063284873464
0.2566322226794417
0.35652404508872376
0.16829074396430507
0.037462916625596414
0.06672147529616891
0.23835161247080566
0.4018666903285565
0.11092172426229045
0.1894944849147156
0.14159509202453982
0.14721587803889186
0.17562346249941801
0.4268089856044333
0.08857819094054287
0.624003000529732
0.52492021235455
0.2577869657061694
0.19056629577764467
0.09689979199555122
0.09817210078386625
0.11941875774099574
0.16981084891961443
0.0759097622665729
0.28912280325620326
0.1794558999857482
0.10060815769195186
0.1007349183231876
0.27972859780297554
0.19245184878411414
0.1375539700390727
0.10488511909873856
0.09178627883744163
0.11169580854490913
0.35787737760240995
0.18457393027898586
0.2841707131321316
0.3552883435582827
0.3261532326513313
0.18814716722560454
0.04883969191987259
0.10948284066158988
0.11077171238834911
0.05166001463849935
0.1267256109618961
0.09838884969486145
0.1203533742331287
0.07816943080312415
0.2656785276073616
0.14095257344862291
0.045116383641745826
0.12688098159509242
0.07762081260525942
0.11165727642448132
0.17934723926380378
0.03861536918787377
0.1352006501147759
0.10150014153337106
0.11936776691869051
0.33412056121889666
0.19357496218418468
0.22293697018073574
0.15585863627481963
0.27783596563231805
0.06938027092160184
0.15768840888200147
0.10658953780857429
0.04564291665596966
0.1085529630806066
0.027497977803625753
0.06794203260924607
0.07104052114062046
0.09535182954801828
0.39008588957055274
0.19971374491560176
0.19115807607561405
0.30993865030674816
0.10847132031717455
0.044637015909288626
0.12765644171779159
0.07212885569821366
0.08982151152658227
0.04957844356235807
0.18482349274991114
0.14865666897692364
0.10160986517294397
0.20211042944785268
0.08284134787757207
0.1270474138735515
0.10813636313149153
0.09011251737071958
0.04119793758644927
0.08321398400296535
0.04299434192739804
0.037267640303926076
0.09106448745018114
0.04311026251481861
0.11039017473816043
0.14435234452208284
0.12531058504508397
0.057409210972704086
0.17504207891276993
0.16203728040778415
0.4143803680981599
0.24003489888680915
0.19798872560711017
0.09202348403130783
0.24986503067484686
0.23739877300613474
0.10370431390179335
0.3586222186533792
0.385289530469851
0.3457883754465517
0.16918782878190886
0.07348252240717618
0.09309867869094628
0.08063942098238534
0.12702017317365616
0.11777510945450591
0.1499798489215218
0.05598095779723209
0.1197956186278589
0.20389070903367737
0.14020032389309986
0.26823290200285294
0.18662576687116586
0.10541409925550584
0.21026689286980413
0.1939507841345495
0.2669212702289466
0.11870171542662249
0.2832456223541521
0.05902747466177703
0.18369135581249776
0.07389020885977936
0.18002453987730077
0.043077429108486005
0.10006586116537489
0.07588763558944737
0.03076490173372819
0.07278245289566768
0.10491652555951753
0.10830362742094475
0.07653139297718226
0.18561086917457667
0.09479479387074026
0.09714702200649067
0.04891816439140577
0.06172680390545244
0.11674017757721258
0.06925631696830754
0.1258274627451955
0.07679646954860248
0.09448381684903642
0.2632986764082802
0.08052392903091606
0.14932519440934114
0.22726203850291157
0.27029552369534776
0.21899111607473723
0.14566463856319284
0.06835675970121878
0.04337128809516348
0.03902086175608243
0.14046270498423405
0.08844041757830598
0.0849456786337626
0.08618899921980212
0.2721543734578341
0.12164043755146883
0.19979877300613547
0.06456525188291323
0.26109537422920404
0.1651604022082055
0.1597796732693704
0.11714846625766907
0.08706268395593794
0.12342251212687286
0.13238302657542414
0.4062530918291176
0.368231893241673
0.45297135500362806
0.22853008583770273
0.5275435582822082
0.1341893340692446
0.12826993865030664
0.07149093369727047
0.06613736748469118
0.053959706441309145
0.07988960625008305
0.03975304671730138
0.03986796363946576
0.24857473726702703
0.16619826952840927
0.0499478193836008
0.030888027007475692
0.19208673801333065
0.1553286238530551
0.17072392638036835
0.17339638158789134
0.07367235281400698
0.11854565170827842
0.08158530095088178
0.18937116655744646
0.34709430865156476
0.5321877254316876
0.45685889570552135
0.14812307883509615
0.1516427328931851
0.11438233634929133
0.30429474225255176
0.13397416321561537
0.05349638845878009
0.06750894749603592
0.0592642984305009
0.20785276073619668
0.37053934544777645
0.2992555331346904
0.17474933334090825
0.18355609914873683
0.08014377291092357
0.04751448679050451
0.0737255504262333
0.03655999795144749
0.08464756584676765
0.06981404298704394
0.09361866382728624
0.14061349693251576
0.1283644496938067
0.20668398954451253
0.4282277914949656
0.31106617950467896
0.15244906930630123
0.05708288910331418
0.08738173244300473
0.10309381986958961
0.04751500834215766
0.036893326277019106
0.03661259075683888
0.1199685343246869
0.13614393699642768
0.17487480097408603
0.08899494786474943
0.10244507023910361
0.12626086405234968
0.11713317709186204
0.09156148975942181
0.035091940022529196
0.0500538386188691
0.042718588320758956
0.15752777669482632
0.18346012269938616
0.07385874754538045
0.3693292715482093
0.21835004275015701
0.09282987867293069
0.14085889570552176
0.032078237987035685
0.12655285388297247
0.08514975971138267
0.06072108916144192
0.08566655500365086
0.0400895891322114
0.06632505265764484
0.20094748931124692
0.17028948761599388
0.12844853289391464
0.14625766871165644
0.062027917712332716
0.0874375317612953
0.09955518660911034
0.04374795189475312
0.04637249753336459
0.2874222885146346
0.20630530872819777
0.15344692449581462
0.06381172520757812
0.4772024539877303
0.42134065241195917
0.3584137485079219
0.21593819768407643
0.08951139017792727
0.10131397228390655
0.1265766871165642
0.1384244834800344
0.09315548081339356
0.07940450121111639
0.1192087209758385
0.15494478527607383
0.07612611522220677
0.387907294331056
0.3502096060426301
0.22660035403881154
0.27411042944785236
0.34707175976723437
0.15008128208887944
0.08424405068075182
0.1080755049761891
0.11250607052707003
0.1811803864894233
0.23441293613861
0.3192147239263809
0.0675711502326708
0.33233623232244697
0.18609706764410963
0.11713689579520269
0.06141089503942615
0.12178375052677752
0.07594336552565509
0.14555965503990417
0.06969259288474298
0.12046859297388464
0.1296749767980105
0.07128342749909773
0.2586856395949995
0.27080499832342797
0.14407298698783225
0.18251957012839673
0.04074625725886521
0.0723484108540769
0.034951161041145797
0.12117168607078255
0.3967864963963867
0.19926184554474702
0.40934379897949136
0.36225263488326076
0.1904337567295875
0.37634465126969197
0.2248606687276144
0.05614512482889555
0.08300490364114885
0.04570043235172166
0.032541925714225456
0.06336196319018401
0.1110200758778932
0.08699113721497087
0.0828386841773705
0.03524666169813999
0.21273657461142087
0.08353698807900255
0.11976123124848835
0.06063674818504755
0.08545658795707331
0.07798697495755288
0.09749880010491549
0.177310835089228
0.06599624186903665
0.14890797546012327
0.3828391227914791
0.41056461946568806
0.257013368725004
0.4458125316458374
0.13107095808008884
0.14902411130843454
0.14018060307666305
0.12768787242864246
0.1384078383629887
0.16470095792738576
0.2281930599111829
0.1889364917318099
0.3630034305191831
0.14076546874370519
0.1178390953280155
0.05534070637374476
0.4794835420707154
0.237962615350874
0.1431450340042627
0.11815895546153067
0.0739271699807262
0.11344001408469259
0.10094574840710771
0.16624221720006135
0.343862150187623
0.2895344850434839
0.42179141104294443
0.21204930295429017
0.21752720843388165
0.11776973387384262
0.10220145992163499
0.07720245398773007
0.09125087660986458
0.1334719693510005
0.10777985276225024
0.060059255345189994
0.07932550969977295
0.20482285393642552
0.13439382171005382
0.1185067490775893
0.0749008213295301
0.045359350848607746
0.05746053756583072
0.11483499704195649
0.05095349691271242
0.11351718332754114
0.03848075222190972
0.10492490066736242
0.22065731166652153
0.2554931513778072
0.4390935861553551
0.27190184049079713
0.11575661282098276
0.1497625415019182
0.16237556187164476
0.16192021817598715
0.21217170056663973
0.16623312883435637
0.11494994977365437
0.058344963053185615
0.22576950268676912
0.123357413471733
0.08870095191417977
0.118686711078148
0.0496901870719014
0.05619389328941013
0.1310331253636884
0.23636591227877873
0.2977037082212047
0.1890183323370839
0.1335991303677052
0.32726214020104216
0.213780098617248
0.9407765063787096
0.301960082929268
0.33725956856523115
0.2509854450466931
0.13765851021998124
0.14244421524922643
0.0749329892614407
0.13113520293130665
0.05424078726159967
0.16884144234998869
0.28178655736728914
0.1897304223884742
0.2428357391601189
0.11865310781906548
0.08476117868040739
0.06467919806405076
0.06335096453237825
0.14045271477108776
0.14105860407719092
0.059568386431311036
0.13112839798279727
0.11613381009536243
0.21777810486806215
0.37242560867868374
0.5884699885529007
0.12699961569483514
0.21611075973930835
0.20781886269831473
0.10104076606651176
0.10228168848657561
0.05266130466047547
0.03281698962952116
0.1415070711848399
0.14145127186655027
0.1354812368041802
0.21139810288579464
0.1865003020349444
0.14853311352364165
0.12200893793226641
0.16661676441558915
0.03798825112691936
0.06690254549750249
0.17395769808952166
0.11327658636592183
0.1383782209002861
0.20864816304054887
0.2675813073480166
0.14529719623168194
0.24269938650306722
0.08930686522490996
0.5525889570552148
0.19432634061208054
0.050497778939673346
0.09093041907629328
0.11966313795541644
0.14984049079754566
0.04141934208868525
0.05464984792841887
0.15842013664278048
0.287721684235839
0.20932149689398516
0.3327723038671348
0.2997279589894899
0.11846493300522704
0.09800053492383395
0.06414806636118336
0.11488321441451507
0.10834299603402904
0.06067613490280641
0.21474989093201394
0.2932254176168524
0.38295159070309337
0.3393067472693629
0.26899616480566774
0.2649259210192561
0.19256344742069575
0.1008603665402775
0.08438483402913768
0.10282572194135256
0.04564291665596966
0.0864149622829935
0.04931587304499442
0.14886663602350098
0.2186562423876916
0.1631102195847476
0.19552081129009546
0.14671447379608057
0.148177803423906
0.14085889570552176
0.07308481375358752
0.08513304649465588
0.15445398773006178
0.1782620225443613
0.19185214000281628
0.4214661247010509
0.18739095972030567
0.358112843719294
0.4932101743701911
0.08078659628157754
0.1892863742850332
0.05500076732864416
0.1131961078874508
0.03930158738022686
0.046886104243077764
0.15276780989326136
0.1949447852760742
0.14645201498785948
0.3104533316996288
0.2156750633784641
0.2147239263803686
0.15390584514136355
0.11231673011891265
0.16893251108911997
0.04703385457157486
0.07719246958265026
0.07685065352087309
0.10498159509202455
0.12214832934650434
0.2097313062200777
0.2803357750917341
0.38458823704911554
0.32107975460122684
0.3918786123545483
0.30532515337423316
0.09107062084554286
0.11999999999999995
0.048380087977727
0.0940858895705521
0.0758961713393879
0.15752147553422913
0.11061266644549701
0.37212963819236566
0.18271873453094337
0.2455460122699384
0.061792470718117866
0.10331748454480176
0.10652233129041003
0.08803398020318502
0.06618067944768047
0.06451825743772464
0.07816365587472553
0.05401095341727091
0.24483310368711686
0.2931138189802708
0.13019046464896208
0.3854592029266398
0.2870874926048909
0.1405020031406855
0.07301988198550818
0.06410170522419309
0.06542554543294264
0.04250284449766399
0.04976037095194646
0.05949253565152793
0.1367397118060991
0.2964734697675369
0.08496928410788407
0.1606871165644167
0.09939844036499464
0.13557186162037074
0.3569570552147243
0.29940307812122147
0.40135200953303546
0.2106222700341854
0.1420073817457639
0.04314309592115132
0.2385978850104015
0.25256209526142664
0.24470765547002657
0.20335159836094396
0.11370208613009672
0.20389070903367737
0.1324139466973481
0.03112606920338769
0.10361933406555542
0.04774843305732148
0.04695177105574307
0.12353374233128867
0.0480525632041834
0.11797910235574288
0.3277543751835386
0.5246251905677718
0.12786970096265102
0.34125153374233114
0.14293238606704795
0.12310252559903251
0.24436273076781617
0.17030674846625765
0.2950109958021499
0.09345066350745428
0.2698076548521851
0.05212303255314139
0.16492548656733025
0.1615073681581802
0.2851908598301922
0.07630483631716574
0.10316564417177923
0.16181802304260112
0.09369325153374236
0.02817106263344591
0.0969815950920246
0.04890535873253802
0.09544003860991826
0.16942331288343573
0.212170869363681
0.17359025575801076
0.13946814464866983
0.11231797036782147
0.06439045164412194
0.1109156110985486
0.3163190184049081
0.4396960009000899
0.2964417177914115
0.3286949485610796
0.1577962961582969
0.10917367934350147
0.07224260719304684
0.08472660504150004
0.11882409751799575
0.11775701181218315
0.25276128545975973
0.13229603100641804
0.12281380453100972
0.04283556145416738
0.05333974883424448
0.17033576653605886
0.1246556770610933
0.14429447852760716
0.1256932515337423
0.2961119190318907
0.15355972393559963
0.09503001668431532
0.1797296042138683
0.2335427641490254
0.14401455321920217
0.09037395093072223
0.06134071115938109
0.10299298623080577
0.22308998698867413
0.3241382399498182
0.47066724978080826
0.23864563089436158
0.12920852316295317
0.32687116564417146
0.05514113508873427
0.09069938650306746
0.1420650643677456
0.03708533245277055
0.06411501832873887
0.13123926380368084
0.10022085889570553
0.10567352872117634
0.15589031777037915
0.286585298740276
0.11026898282201993
0.1461384146029567
0.03408107577332959
0.2034770081198139
0.14284131732791663
0.1113128834355828
0.036149580372288916
0.11816168902325246
0.39277140144719647
0.1736230526872512
0.3587674267615317
0.6492181080178643
0.3238868592341329
0.10746373892688615
0.1424770423713903
0.08867900071778931
0.04127159176018816
0.0749788016302924
0.07628680414518839
0.10742548990131552
0.10140504102303809
0.10731598859838906
0.15525276184411274
0.23444993861614793
0.16269430245860603
0.10508392652730361
0.0825524179565845
0.136694177436534
0.1454021797549706
0.09884662576687114
0.05902464311789409
0.10144859069068347
0.11716029042188389
0.2609365471342825
0.3817146200701071
0.39353073704802166
0.2400571963509007
0.1445260890018508
0.08382294740048148
0.11522559226999081
0.13285817684980514
0.09316620922543045
0.10836809815950921
0.06534331482988691
0.06323567592059763
0.2345930720030045
0.06473106058489339
0.22062287419138776
0.14221646210757985
0.11110495150670596
0.08951139017792727
0.15964349969769664
0.10618210089461608
0.12105752949175082
0.03152007007938002
0.06756666226333864
0.19775517969844209
0.11235591647045652
0.40175509169197604
0.5113747419396852
0.3255799394206467
0.4794072590982499
0.21447852760736144
0.05263195035129798
0.1387039120290632
0.05294386771145853
0.14512883435582855
0.16822605911755256
0.12712112910776682
0.13638996990598354
0.1788368151212201
0.2601377861720836
0.09664297312025844
0.05412587033943529
0.050973863331497345
0.11105832737098785
0.14055848277390093
0.04356079488129964
0.12398554100405874
0.08626977513913629
0.2146240157576809
0.27547951795545095
0.18286310774090808
0.45001226993865023
0.26461097044939014
0.17830674846625746
0.16966871165644176
0.09177050055334691
0.0750406410444395
0.0971805521723072
0.029484398886753298
0.07002919192719703
0.1444745300151986
0.09095830853839572
0.2709624736083615
0.18400438741540076
0.18482349274991114
0.03724949948443389
0.06196498171672007
0.05392461450128661
0.060809996037004856
0.1633335786510466
0.5044458294026256
0.3435006033966393
0.15227562507109477
0.1279452133221417
0.10258797808648203
0.3185966553359757
0.1629973540498064
0.2606387313946427
0.18924083991546814
0.20076103541561569
0.12286160167970363
0.08981197183099313
0.09659641356868208
0.10817675377611671
0.07036198977094923
0.27768664260350173
0.07715850488181561
0.14745830987290806
0.21136781768461227
0.12144674422205251
0.13813628729393646
0.05450345451226114
0.5968313298967588
0.46374813431277906
0.09003113373379917
0.0883848996034103
0.10298314665278238
0.22035150792939068
0.06917998714297248
0.08695927667212282
0.4058404907975464
0.13135074642561032
0.20072849652816205
0.15255533620636985
0.03962992144355376
0.09660936986117626
0.1371084814151573
0.24392638036809847
0.11643138297975207
0.16071625733236936
0.1588238810455127
0.3011643203082055
0.11419920908183953
0.19210983217264116
0.13303530270622452
0.15449811593676172
0.2578379021921026
0.17469258275254343
0.1509122365379278
0.14552784513229852
0.2236436677085329
0.09187069897898147
0.21726340144614606
0.17387122888659773
0.1829361424432147
0.301574129634298
0.12384760868689768
0.12608588957055217
0.1373184484617346
0.04342217987497916
0.07651462093005156
0.11887116564417204
0.164606745980369
0.1677327507814005
0.25337773345748976
0.11053961107096708
0.3046865848067334
0.21008455041970137
0.24258293093113828
0.08546894029892417
0.07429445384767962
0.12755828220858942
0.1623045270044655
0.0686866239374305
0.049972444438350284
0.14945514695514536
0.3325714551360212
0.37315207639641396
0.21563211353014533
0.17009969747383483
0.04371768053197334
0.08690724734420245
0.0985030674846626
0.1388407095494219
0.12171779141104322
0.11378153290053702
0.09008816620124523
0.20178757078829987
0.26125149770414846
0.05425720396476603
0.09797166028184114
0.054273620667932385
0.06122373802597267
0.08119549328397789
0.19485121947060816
0.357694682995661
0.10211189369465803
0.4405356179039101
0.37081196397150634
0.40833341383173993
0.1618194431106496
0.6756319018404915
0.3010515981169665
0.20078098828980695
0.09107528167180415
0.04503101678528084
0.061733984580777
0.1012592502825261
0.15807946871713482
0.08239519126942754
0.06452238038809045
0.45855214723926374
0.23631791092306134
0.2890962680633505
0.1555999474236726
0.13021524933931378
0.1683410795935709
0.08723029346048976
0.07584976750781591
0.04045075660187102
0.0736592117238363
0.1841472392638037
0.298748466257669
0.1134886689889342
0.5858605517130806
0.16708442376060273
0.2243497892681392
0.18870788311159617
0.08327446750746526
0.10311843444789569
0.12660865320126324
0.1504349621113287
0.10910429447852761
0.11447521077190599
0.13563871208911377
0.2952147239263802
0.15999264489292228
0.4404798185856193
0.06001946677615272
0.1470304793279701
0.10014949331010149
0.07107287585896256
0.0669891694234811
0.11815895546153067
0.09045997344914312
0.05418195539478516
0.15393664356549513
0.2652659118283822
0.6280245398773012
0.4120245398773008
0.3181000755650272
0.16429921394695346
0.12078527607361966
0.1257716634269047
0.06945006171209914
0.07375915368531549
0.09404434674505979
0.11861703271891123
0.10406148832325421
0.22312564030546478
0.43278527607361933
0.13034193697548846
0.045359350848607746
0.09822595398138972
0.15427328747287328
0.13435595362842337
0.043175929327484035
0.11761648564217758
0.18692631795329806
0.2713520848469557
0.20539647476904302
0.23812917251528012
0.08779652853360631
0.14575424619949218
0.25826031672656197
0.12953164398005873
0.09932797811932159
0.19680419561077808
0.060077401318570055
0.06323546596440671
0.13187730061349673
0.14734437493581368
0.07233097819216389
0.17962680834711617
0.18979141104294436
0.06481314410072507
0.23610748897215797
0.274639436478398
0.34905521472392664
0.22302987520733752
0.166616531226969
0.1944284570493094
0.06255723174682874
0.3007861723986932
0.223141473843918
0.22242944785276078
0.2446625766871165
0.46430612749568473
0.521641737745813
0.17592021643239938
0.10368280750693967
0.07751596309960018
0.12417177914110453
0.13012401025356748
0.08099337079002776
0.043175929327484035
0.16600297191439264
0.1655498304863008
0.07966513725835536
0.06641734514930699
0.16219954348117682
0.2511055145416109
0.42558140060204147
0.17873403393592582
0.2217479066830959
0.10238913042330579
0.10228211300062964
0.03807033464275115
0.14036809815950974
0.10190699382542484
0.1262110601508774
0.2533289050391069
0.09868080273289224
0.2962635027209596
0.16996472351302214
