0.30738814481915644
0.2119674387260285
0.22379372258794358
0.21134694116626138
0.2090556964762108
0.1214615716770795
0.1606248462383582
0.20901421690091854
0.1391441517421708
0.5781187067325732
0.482168564324042
0.3017322415721668
0.37557256903546726
0.5612158094490263
0.3465839075297183
0.3182200790733714
0.35283790824509886
0.2278624766569431
0.4531409042904535
0.20784854893179242
0.3419661676689191
0.26081459173430066
0.10136201437876598
0.20270171707353815
0.2384559850903648
0.18682574733889235
0.1911997787374861
0.1661314763001655
0.07310963905097102
0.17334782617954986
0.21816016550537934
0.17798128028525617
0.2942763645354915
0.3272892222219249
0.4368073939738797
0.5694082987037539
0.26851864139571224
0.2974468399514863
0.34133719095268295
0.3144879320622147
0.19891998963395716
0.5658617981939545
0.573550582384506
0.37499198684653673
0.3259569730134233
0.27071303916755163
0.24188071521483734
0.18182981280701116
0.2073755525659147
0.1228707255462034
0.18408816402957565
0.11824041436862882
0.21103258735767613
0.19749488976175356
0.26454028450149325
0.10937086489758187
0.26584515578718204
0.23675667706273001
0.12415643508616568
0.27048433129776134
0.18936084780579723
0.07588193346133032
0.06950950672640706
0.13853369163557117
0.21485822478343905
0.30780732432373226
0.7109909027057691
0.41866493737564947
0.124618484154559
0.34035226849006006
0.18730101299586438
0.21071382124446678
0.1637778360318124
0.18668826818507567
0.1840946364614638
0.12433980797274491
0.1193960138648963
0.07629585241843298
0.2280029164503572
0.3514678911306576
0.1403032575550666
0.163500752395534
0.13709334728249317
0.4013545347467618
0.14071478451308886
0.25840657452094984
0.14805986120937564
0.17909402079734443
0.3067236344736613
0.2985861088722212
0.47961711893748776
0.39125187435024195
0.33453507019519474
0.359707286295467
0.22997108002366493
0.06803672532090375
0.09433842729086837
0.059334801199497876
0.10105995558133357
0.09449080450652117
0.12310716696803703
0.25664180081141286
0.21743519336291722
0.33595645304669614
0.28930702608175735
0.17591240590591575
0.21903990818723026
0.1932627314313037
0.27411315499598693
0.2292631971155412
0.2225800434786224
0.36002589780608885
0.24005404382269313
0.42472934470986884
0.19234907193614623
0.12698359782339663
0.3976136999759867
0.2642203988619091
0.35742497403117685
0.13628448859975686
0.1873931917088898
0.10199524185016684
0.09378270699413449
0.1634035714837845
0.219921210410941
0.19392262541123065
0.18324067836861996
0.20547663914993308
0.09621911457866728
0.11809266403284363
0.19731036652015443
0.19692863717003029
0.1230397016660317
0.1779496369872496
0.23825453784252137
0.07652687695262965
0.21211455320056335
0.09238574862300176
0.3777715812968884
0.3111503729878295
0.22520774143418934
0.1432853751189188
0.1059956268212751
0.2139772281115044
0.1870581587119686
0.10124619440046499
0.17310074225422936
0.1476293751959997
0.14015065279187724
0.1796330428980774
0.11853348147568762
0.23609676389998152
0.21351513981587747
0.37923717915046007
0.20649050997031862
0.2992675805364382
0.4626992618049473
0.12277991390324369
0.30418538313582033
0.4916568511974881
0.4933730881473836
0.3691662556758289
0.4620912083750894
0.17773849316982798
0.1994777462202957
0.23444675233175094
0.2744156383630267
0.23001017384935932
0.1935967886524911
0.19177777994716305
0.19570603514311957
0.14392732282513687
0.19978536577762546
0.19055306586854634
0.15737146968209267
0.11975434478448735
0.3417419185970429
0.26884789027564887
0.17415022668949584
0.10017801364100799
0.3749168911627257
0.18598485710520207
0.21640301133321913
0.2494250723474796
0.33011042544468366
0.22799017622017798
0.3486397553750145
0.6097232628662277
0.30640142691711314
0.3116797023289797
0.13778688260376618
0.35901714435283427
0.20153358237844857
0.12389530504081599
0.15285362226389634
0.13171503841387067
0.13797660969382886
0.22213671581268438
0.1910249653897439
0.0974923534309727
0.23439826195522856
0.20105327065309758
0.3948078275953072
0.10493326863655526
0.19219915247984967
0.3094490249967287
0.2082101197355527
0.11633867103290212
0.37567033905016006
0.4143233984490947
0.14202233239737075
0.1254944521800543
0.1966687332388537
0.1455743346106434
0.3788442910070401
0.1594924344111319
0.1138268411610675
0.21741264232430346
0.1718997485546197
0.17359258403725275
0.1694682212250198
0.17605533366080875
0.1278106223292825
0.2965539977303064
0.1060883913075386
0.12173067747710103
0.37776469048553946
0.1894092823405479
0.235672987212659
0.40727653448501583
0.19704067064090539
0.12894511351365168
0.5028411087960355
0.25062790714363536
0.4151448179954717
0.4979775966695242
0.24730026664086313
0.1097366537433932
0.1723042309662239
0.13226927206408973
0.15159875409858556
0.07304603504895675
0.13816501066757295
0.0814960552536814
0.0717154312180179
0.21937605290174425
0.2292937830571777
0.19210865523981485
0.1703172903601597
0.19601826687755433
0.07957832600847627
0.0967774229615758
0.16167222580769916
0.2016199169132388
0.2794136893076827
0.0904846092270088
0.1731513093868822
0.3629238930014221
0.5835665591039555
0.17650391229576112
0.3189932189503331
0.20958639472965865
0.20640981070386796
0.09873903479481523
0.06681422049411337
0.23530951446145862
0.13571178603937617
0.17589222554577708
0.09113950363667012
0.20855733146035868
0.1132110661519329
0.14910993445674428
0.13564517357895084
0.20390001308729278
0.15545127847867682
0.16263505159858233
0.2377633817563147
0.12013194574329777
0.19995078257396276
0.0658516182682942
0.13646226201801842
0.2919570933547084
0.3609481431241244
0.2650178396238259
0.2576217644059976
0.19270638539566795
0.3229283076474806
0.10933911763180663
0.1883356421496363
0.18374558303886956
0.16302837986204655
0.05430039155846327
0.06057655807080472
0.158220186119799
0.18593408304729703
0.14829689243372465
0.2530755136762209
0.19758539458186125
0.15264002768256693
0.21458998154392284
0.1694693890992459
0.24659932849367
0.12064293696192506
0.13883052151997263
0.14933246133974964
0.26183548092285586
0.19751922228543323
0.2730110284105517
0.31820252753556627
0.3234524276927109
0.08331322264465488
0.12430857645326741
0.17151095822886828
0.1860509224727501
0.1845308205732238
0.146795726506967
0.05942143539982161
0.08780613527668975
0.122811615190745
0.0906731064175786
0.15340849635897388
0.14092976210600774
0.14856799090141773
0.2854011255071332
0.13766170766683827
0.21633294071456646
0.15209184759023162
0.07691438845436636
0.23354273000916143
0.3883950468249608
0.4158158977275745
0.352179034157833
0.19100362610477273
0.20134642299504008
0.12130442965970448
0.09333950998825473
0.07817640445896817
0.052124910528111766
0.05065212912260839
0.0572844584585029
0.04967027485227273
0.11717131788772712
0.1521502284784887
0.1092055370938492
0.32666769070524887
0.2773792631789728
0.13533224692792686
0.24883768724882355
0.1993595255093789
0.1529508527316189
0.0878747231030268
0.2551367622039002
0.2649399592640438
0.2509628658245668
0.1982768064742467
0.38358916874504784
0.28320900405706095
0.15453417262008923
0.3115810955143528
0.21436984687868116
0.16097326498489922
0.1481384941438469
0.13681145946410772
0.13201072181618703
0.12125688212713238
0.16872791519434688
0.194799195810598
0.11451994296400425
0.08637950848887889
0.11035781257631118
0.18855462398166417
0.32750948828687376
0.1774333904189551
0.12127474594882648
0.2604661771644413
0.12953756410668218
0.1540021794209636
0.29049056881978497
0.14042406962499304
0.24913268922607856
0.22697349196327665
0.23663363228975123
0.2658982860811743
0.14786084892532037
0.16699384897264788
0.12009355335249013
0.06152328022433274
0.10972287892411543
0.16245064867883283
0.08715976735344415
0.13681646131766786
0.1836911118551529
0.06245363241115223
0.1525599297145683
0.12491545523187814
0.19669391008176806
0.18077917012458167
0.13084123584060073
0.07700817806553896
0.24165556945162045
0.09230392743380676
0.20360643275661489
0.3168433451118966
0.2323182743700542
0.17230668616124933
0.2498411349010246
0.08577748434275219
0.16943744239806324
0.19840335034681372
0.15804927642398792
0.04738890757708116
0.1157058437583749
0.07753760928973963
0.16192252322994385
0.131648425953446
0.12868324383294674
0.13247658431888157
0.07879369489600159
0.13370322430103257
0.13934393915128473
0.1367294856694155
0.10578858329618421
0.05460962732955823
0.08655179024566252
0.12958835651189976
0.17841037317185635
0.23375256994242982
0.14389488398153064
0.2507600384807883
0.10999655634436453
0.33355755192931047
0.14054472182826636
0.10950732352973234
0.08624550405952672
0.09649925100247539
0.11603525630723044
0.1324158004023476
0.18044104174846276
0.10566956638766227
0.15849132723251005
0.11360567967008683
0.047042370775786234
0.0698086896458484
0.08335033696212232
0.09709876314630121
0.0804721006664569
0.0621070956098573
0.28251885263793236
0.08836688433020616
0.24744932247018195
0.13737652531193517
0.12896191684754896
0.23164507263447257
0.2920102080879468
0.18190286731563185
0.09420220314887719
0.16951315272870043
0.08622230516199257
0.12730663525716523
0.0869958733151626
0.11779303418502807
0.198305195655019
0.08318808435529888
0.25521454004198124
0.3069572412417588
0.29287552018641644
0.21474276620134003
0.12909701632115558
0.14216040487746298
0.18782493424526872
0.13778623857354105
0.08182118919463557
0.2557261124966986
0.2966027754986241
0.20869683851179574
0.11581067378831246
0.3496597304017805
0.313473367360294
0.05275060197489429
0.13573935643487348
0.04342298640670589
0.11663725922726627
0.1257007292922234
0.11778965594445796
0.13721201057412638
0.11136565722309091
0.1665393176101791
0.23972303625498884
0.2866882118597894
0.22112379032132548
0.1535285101711399
0.1922323229469699
0.08970008841296581
0.16267114311031278
0.21641765158071577
0.3225817946987898
0.3068470801465263
0.3150149324516625
0.32917811804737623
0.17068766462237925
0.21281698310207614
0.1940865055252269
0.19022375832094018
0.17134572966939443
0.10280275986807505
0.06370094371053403
0.04104535890893238
0.11903893010717556
0.046212126356017146
0.14248673204387494
0.1933872366182437
0.18145777473154467
0.34396173285330445
0.3372941015318649
0.36109247774646813
0.30386663395983887
0.2664830837933568
0.20537180645103667
0.2873114112107926
0.24830370079549965
0.22934464035931412
0.6019827247742453
0.20133270542977294
0.36251799502682985
0.24659996157916086
0.4463592763332435
0.32456484753304615
0.11379191848921826
0.15140531337573446
0.11986111246697666
0.1335885355319985
0.1430441041748464
0.09520707919167007
0.14091741918597062
0.24238326228605747
0.27457139117916557
0.24176547559065392
0.1569426642244348
0.24291660272118856
0.25989961642521237
0.1602473756292828
0.32702503641769626
0.15691675260802843
0.13745000397944554
0.13321154808409016
0.400405706059417
0.12720788414201228
0.1349122544049748
0.16278991893244618
0.21503811288968322
0.3135382521795228
0.07885637433911227
0.09920815772642883
0.12495283007773532
0.10535848284623989
0.06884063987162038
0.1487697945295124
0.0860592652403953
0.20730270906949363
0.15963736664133105
0.3257754220651754
0.3074497024730703
0.13404258272784186
0.2249058705485668
0.11299987528892048
0.08544538657484452
0.25247095790463064
0.30978889332179904
0.3594742185265819
0.21754686757585104
0.24078139693414938
0.2963130707928341
0.16121340108056653
0.2712938024902271
0.13651305442323602
0.12334754908023499
0.14352754885659857
0.08769308760822891
0.10339977445820495
0.16688915063473408
0.18577792162951273
0.22578495320099873
0.25451129331538747
0.3430702787593255
0.22568095966061116
0.33463884331714366
0.12092305420963873
0.40016632438794913
0.21886220376590806
0.21265209523934608
0.17900100365429228
0.1645139709666501
0.2879281655643815
0.15517858533104611
0.3544330958658445
0.41286410691796144
0.27965621080754544
0.3766841601392829
0.3026802455207496
0.1683235646625083
0.09947978331925561
0.12112425070058742
0.04437596261026694
0.12014348753701985
0.09007186525258751
0.06833513201090775
0.26332033110992487
0.165927669474588
0.24298005147724064
0.11394322547022315
0.15278056540815613
0.33160558751398966
0.23596853898995104
0.12517788265883592
0.11250178402620849
0.0848414264832711
0.15568303433057218
0.19230999988809505
0.10456364160953169
0.29679703859115364
0.07072238553093974
0.30889630734004725
0.17422031646822372
0.15869150839775495
0.1807714958775033
0.14810689443248426
0.09845617839670083
0.16082109358924512
0.08260169101423456
0.13081220180204006
0.22111137705102582
0.23540878009761038
0.10856199383197727
0.14600119075970416
0.22179222705185134
0.09632474330775144
0.13569593940329205
0.13759616803270408
0.05592045110451705
0.19271037822274595
0.06729263380034557
0.31711425413755523
0.42886294117018847
0.20580649494470935
0.3790566433884366
0.303716230763191
0.08205413893328356
0.1705979921078413
0.12321972929432483
0.14310836949073955
0.09239307817103291
0.06886217764239687
0.07137797911244007
0.17634471927758194
0.18767504253370038
0.2234049978586175
0.15211261839147616
0.11866242658920131
0.3041392991587033
0.2796099986912714
0.1739137547441434
0.19183944519355406
0.17478887574007934
0.24220978929459547
0.18795560242764633
0.40033719482138735
0.3856962459157097
0.16007834955021905
0.20974796402466278
0.2929500300738547
0.12576487223241511
0.17651282551175174
0.11047710619103675
0.1200232364134877
0.14667492394945725
0.11003563221776433
0.13900583914441417
0.051433970437236236
0.0639809049960458
0.10585982292512752
0.2615965067104531
0.12534043582392299
0.4356795472667704
0.13187655721129737
0.1215242156435147
0.3676838668278399
0.3014170523895061
0.2919349561575717
0.39092495906304003
0.32005627535662917
0.21423220672689727
0.36098947196470144
0.36878372099173284
0.4309819976723756
0.2800836199483437
0.0690387942379814
0.04811759746202628
0.15670116380327329
0.12150146862798973
0.10211024058561527
0.1465226057286063
0.21610718492343972
0.15167914245144828
0.32120763668671365
0.22638135015113378
0.3295870959298528
0.31102841953516297
0.11381601078022568
0.06280498222357629
0.2221414534409256
0.1807989049396838
0.22852463577167273
0.3211370468208298
0.27227456565379465
0.3218469850795003
0.23865400440670018
0.21553006091768726
0.2247546891464589
0.19289526394943748
0.11379530464956605
0.1578660263227611
0.13160860891912432
0.12650940058917393
0.1287361240995336
0.11438913745730613
0.07332998864999256
0.17564242305539657
0.42591938227980725
0.15674787479763777
0.1781865298241226
0.17259224961670153
0.05934924023288521
0.06836401007768242
0.16233837074160326
0.161757846373068
0.23583045002692066
0.24491288681689463
0.5260273524407806
0.4594316905901903
0.35186424259206334
0.20394845878877393
0.3181075950381786
0.39787330637145535
0.2064258726832235
0.11822460076585752
0.09773158152033903
0.13896262828929526
0.1425476837147499
0.19737474280975598
0.25896763164758874
0.28003284605271445
0.3754897744991506
0.4019906810262329
0.12267688538376202
0.1911014379413796
0.20555812049866837
0.3073101946829409
0.1059682446371461
0.37739176304293093
0.33652855283220684
0.4157296157076542
0.2573467842140745
0.2488319931611433
0.4275430053699022
0.23755959272437355
0.17494597437123843
0.15074399794197066
0.14945849849605258
0.16766454438027684
0.12847545242186437
0.07383479505183314
0.10988418045199191
0.18936984687868136
0.11770053978877518
0.11825318474749968
0.232080439302889
0.20144371958408253
0.09181303609129995
0.14375441412965773
0.18391898966103942
0.18148119738632087
0.07884719340054432
0.14029916414731688
0.1379990358531913
0.20051992301983237
0.16012995293681798
0.1807075262030913
0.30623589111658317
0.17223637774106987
0.2983771757623353
0.25165554246826394
0.18480531069767317
0.1891266580024303
0.05868504469706988
0.10976201905071145
0.19930637351132066
0.18111492934553314
0.08902288331590925
0.1043111098064369
0.17359135121987887
0.3089670986420478
0.16133065721040915
0.13677314457548256
0.1652874968295379
0.18553784677924867
0.1991231514199715
0.16612778966101258
0.12250621168754347
0.17465895908536802
0.17545117423850115
0.22955464721039648
0.32967817130138627
0.41636058166027196
0.3210723792488757
0.20453168161198998
0.15922102687780137
0.1470465195840016
0.08793689115327351
0.09968370344505346
0.052221170750693706
0.17856955895825172
0.12409679335658881
0.13656881861886663
0.11940786542611392
0.08694993385380016
0.19204777720801272
0.27854110959342654
0.2729178063614537
0.15315296064754408
0.21866509823302388
0.2819493521790344
0.21778721894447278
0.20464229843949108
0.23715808925068657
0.3829994111216233
0.06991861267238073
0.23113794006020197
0.3357751505236367
0.10378709881322246
0.17971252871024065
0.15245239935025415
0.16269794529511877
0.11275713217689126
0.09573119101006837
0.16599944742697056
0.15065664102661985
0.14880600494770282
0.11230878025686387
0.12902456081398417
0.21901667396416957
0.24022715568897923
0.24462093841904473
0.2785497430469055
0.32998498105704427
0.21969585245494008
0.20814726502086217
0.15816901455934124
0.32186650501971
0.34911192264201063
0.3225974845926516
0.31769702792071236
0.39383102891979527
0.19531880810402774
0.10779845416170607
0.22122720921853606
0.16543565364064197
0.11713289475991835
0.22999822094621175
0.11541444483776672
0.21548859316034863
0.2435772979833272
0.23217726677952522
0.38686819626950897
0.24285744804059453
0.255337992641672
0.17561886575016045
0.11849768137120276
0.06569827559859022
0.1742941126537308
0.19407784360492697
0.15656380052812272
0.38663133097762115
0.15124285193634665
0.28929019456846405
0.18407243230798873
0.3866640492082194
0.1643464916261844
0.1843558877730372
0.23413492998298716
0.0788569021805365
0.09051174662309125
0.14000458055228365
0.14543611313702567
0.17801989268420423
0.18558093713698856
0.1811681290334553
0.1639266038600952
0.14228666786246524
0.17273126798886915
0.060218470042799996
0.12742798620997697
0.1887615413176453
0.24097666989412436
0.0877411928834235
0.3620611385494078
0.27706478904851567
0.2892147973965145
0.36008407770271345
0.33870881835413225
0.10550120394978858
0.42844951798519865
0.2864570328854749
0.22396726818527404
0.13704403524787778
0.17335974585860006
0.17517277108919294
0.06139958297388018
0.22136894174648317
0.27071992019589697
0.18856326537804952
0.2626305541496748
0.13463790309962662
0.1256528978494734
0.1935560622379573
0.13027913322285936
0.1908123772878773
0.22667419890933727
0.1913714122911102
0.15660521211885695
0.28047666630494816
0.42734302944545355
0.3365941737186149
0.12182212468855404
0.4819120943955325
0.3397028352412684
0.2912233346420628
0.1389186944668652
0.10912303827461008
0.17561225218863447
0.1248608244000687
0.18177119118898066
0.1987371303545604
0.37224884412626025
0.27456889203708723
0.22102657978806295
0.10334860564090678
0.12513836339392223
0.2712212123838861
0.130322218242489
0.1694746917930436
0.14586400150157797
0.1526979634477732
0.15321404134818462
0.23146010660193225
0.09627947462644004
0.1326351385705851
0.15696546292419955
0.3156927912049447
0.2987894977808423
0.195576462760041
0.10568206445613762
0.21816516162805946
0.16084515882507197
0.16961130742049513
0.16700591506846335
0.07883484759180369
0.21743928379339245
0.27682040291692966
0.19774384246018298
0.32040758862195035
0.08343836093401154
0.2109376374042824
0.08719250961470684
0.27682894909043365
0.05824706068432215
0.23290338358331406
0.16757785772457695
0.06445584504085627
0.1193565353917322
0.10359525154266662
0.10533756157139926
0.17052857386890954
0.17275986555309686
0.2103906626095202
0.27954292631854516
0.14298198099093753
0.14300344424470174
0.12030362777232122
0.14486116558341017
0.046217495871558004
0.13370508595890235
0.11658553384415984
0.07892809760534815
0.22828765050525285
0.23127713896033275
0.15756496876872328
0.20050349680996377
0.14659934179339054
0.10668462576902633
0.21007171812967426
0.3563863685632844
0.15611391434160193
0.17992197918020253
0.14547342499087063
0.07986615006905465
0.2065462779746132
0.09139812023807545
0.09071354395655995
0.15269271165177392
0.11483766178964752
0.12599143398926632
0.08297616632606415
0.10005215804201185
0.1630643895176156
0.16937900800314754
0.1520889742552849
0.24678376369665297
0.10280495511600057
0.18926773956307852
0.3405428814315916
0.31589518497956687
0.06082587204733766
0.10024558401771831
0.15468982988948624
0.1133165714212209
0.22770623559338488
0.2841162737570038
0.1387800887761167
0.1505626246185629
0.21526403785428047
0.1796852506216472
0.10722421445636439
0.13643086889192754
0.07828633416192464
0.12428267707881424
0.08764906752370691
0.06515706326366953
0.09660405392567058
0.22991475948579287
0.27918138987043617
0.23574795851578123
0.06969143854708741
0.1276763974449717
0.10492428497389011
0.16515227313191658
0.2058457168054502
0.2042315832479674
0.3568544693103
0.29664325632848154
0.3325621473872537
0.43541095930710966
0.18668823564427917
0.24382678927033852
0.16000090952571033
0.06729455900479717
0.04779223790969943
0.13634712553663592
0.13021837713476736
0.07955614429236524
0.12503025811346688
0.10777674055244223
0.16948712220588344
0.08406308977856854
0.15773608587125698
0.10828771484380184
0.1234020731479729
0.15619946892387454
0.045404984389667724
0.11138772439427085
0.10888694822619413
0.12695260934543237
0.10930882714221911
0.16328450564859046
0.22302140079937827
0.23340784091415556
0.28233982912419275
0.14446883816048964
0.256442596285906
0.23982135846093516
0.16186605841761242
0.1163806380751435
0.04654085501613438
0.10648889965089083
0.14460746795565743
0.10266978525318549
0.04832166913389995
0.12044523062722733
0.22222005274655293
0.1647521927400231
0.05191217543620577
0.08145239408715665
0.09719515748025463
0.08016565315497709
0.08075823121584928
0.07386739490799164
0.07518799744364986
0.12932625529780242
0.175186368184338
0.28058827378615414
0.07842224073526728
0.1405488019733533
0.22209656413475973
0.19223245326424893
0.2861673268332226
0.20223091241971192
0.1512858264625054
0.10235746185695553
0.04950566987165767
0.12460306895080804
0.14337269278513476
0.09433673421069413
0.17239082716477602
0.13491986597957661
0.3703670985473114
0.20659530849758748
0.20438751472320404
0.06271533664607065
0.08907733533063351
0.1443495615757101
0.07735514006626824
0.1324526698146658
0.07172252924356537
0.2235172327538446
0.1843565037636937
0.16626142339587352
0.24310348683685035
0.10926970134467584
0.137060972906849
0.043991884322165074
0.1496004884243025
0.059934786166366674
0.07255356469302904
0.06380725484135641
0.1597304017798723
0.08248920697904173
0.16867988464755737
0.07184189191956737
0.1786495453062807
0.2049754524987488
0.11571177830018176
0.17492862224429603
0.14758769276154785
0.06369202729311021
0.0658456850400935
0.09428082608290715
0.29334812806561633
0.10435363425876618
0.20492798119201933
0.17185350676940178
0.2200350731839757
0.15276752040223873
0.1075841195210468
0.15309228176940243
0.1423691953984331
0.05781649401733835
0.12020325802698599
0.0651851092545327
0.17636182483184967
0.09410116128391718
0.26097234427834654
0.24067427678250936
0.20002257874939774
0.4058389488712476
0.1201916632931419
0.24093135184454464
0.184383663649664
0.1076461026767106
0.15464187904024998
0.16224788937153828
0.16890438774276317
0.11596830007325584
0.22304072432954578
0.27223872628684775
0.2348424506078719
0.149076001231205
0.2039981680252453
0.06130379923165685
0.10788394803854415
0.0742229030224667
0.09425663151193842
0.03810942212244684
0.1567257868684568
0.052779480042234664
0.16737388478066287
0.10558047964595102
0.3828032979978851
0.13862971459249318
0.37365495925754694
0.30786895106166345
0.1895911178756616
0.30153121319199855
0.33460387866832003
0.2553334210289998
0.2810894436565341
0.3838735298072011
0.33546722401621837
0.14765587253839846
0.15074329824032653
0.22363417815096417
0.11928469731506042
0.10300465125367798
0.08238013205719627
0.039976870438273
0.07513889811860582
0.15206389394369912
0.15442370456129567
0.1554701558851823
0.19584063364975418
0.06001824877982953
0.08196245247277292
0.15663345038396748
0.1737919092490506
0.14318498437207558
0.1660209926058405
0.1475011447519821
0.12823006444109922
0.16135156694962477
0.23975100311221692
0.27514816237617395
0.2629883282619003
0.25646956727290393
0.1327235948959569
0.2540912166012528
0.07261871191580371
0.11677763312145935
0.1696473608626241
0.12777511148940635
0.13284007086376107
0.11580361053823356
0.055388132073639
0.18159030484192634
0.37583431488025176
0.14856799090141773
0.1539036621618658
0.16000667114439177
0.13891226647733423
0.11788773226081498
0.08988714720041364
0.14153108069930218
0.06891704790346677
0.17132955354889504
0.16966193670269514
0.35895170789163783
0.3032643281619437
0.3601295641931688
0.26652238969947084
0.19119954404087833
0.10070440874481038
0.2225166862976057
0.10567347058313034
0.0854415825719106
0.07430171681121454
0.1416133828289713
0.12321737410443351
0.11211576911703686
0.0894064947340908
0.1822738958765119
0.2091967827889499
0.1426529911729499
0.15416188907453932
0.12279910501447734
0.15836631498337936
0.13532330709610776
0.1443801203473765
0.24176135382487468
0.21504722640565435
0.17792579547733905
0.10371076380976461
0.18114044935614604
0.2614224212489196
0.2794464075382809
0.1904462685778813
0.12114586135975754
0.048601786381613346
0.1160619556298962
0.13130247579838994
0.0800826922264551
0.16448205125799237
0.14718803177239442
0.31739452806681556
0.15407029582679446
0.17701457449804942
0.1949530899453823
0.21181988711779648
0.15313522754090653
0.25336308143079594
0.0952494902448134
0.35857333404858016
0.08006925314364427
0.26584515578718204
0.40197359398288907
0.17833213471907983
0.24189927798761118
0.33547698930058634
0.22962402750408273
0.20766474547860694
0.054550668137176274
0.13049380997274457
0.13325631942691837
0.11896657174073891
0.12433625006127128
0.18005613769821383
0.1436608729834363
0.21324749013480196
0.26517767272052734
0.40110967290309835
0.4651416952710078
0.35330969453951405
0.22246160457620068
0.3064875985049948
0.26420545059854184
0.3198513867184544
0.10215134820393798
0.23825413940100915
0.3147469356665847
0.48758867431644404
0.2955039411828913
0.1904338618351605
0.07624772230714165
0.17577727799038678
0.14225969687546733
0.09437228889434633
0.06074020044919399
0.05979685026789113
0.17658290182409825
0.16859318781725482
0.1390865362875952
0.21184982830524993
0.2690685052577416
0.2081212201828945
0.23667407189033227
0.10742640840142723
0.1639524225897946
0.22939085893740047
0.23017572415502738
0.23456959391076904
0.09955232219422601
0.2577014463468249
0.3371286480827121
0.23143389167022557
0.09030171480410279
0.22625403750669182
0.19704067064090539
0.11917591344228626
0.06254026661147596
0.17968644154341026
0.08868405945380423
0.16054302719175687
0.14177351993805906
0.12337475227361056
0.20072550780436202
0.13918812109803036
0.4124511365471909
0.3686108487293192
0.3340426089638833
0.24316188980499973
0.14668846626849985
0.12509047767350923
0.3063480282717809
0.2841021437129937
0.33902799921518856
0.33097511169877963
0.3486764078391098
0.3119500220449114
0.29635883643120947
0.41594506749635296
0.13638148335406952
0.16799213821562223
0.16759071278064522
0.11721583487401627
0.16322011935275688
0.13487945406962198
0.09706428637088033
0.15021109825857015
0.17481330030890208
0.35854732298344916
0.23667786325545187
0.2506319879105227
0.144089305568872
0.12908228916632578
0.12970687212407395
0.10026420789959098
0.13140055769651823
0.296307767114651
0.1828865203869273
0.21267905893933964
0.168904381137616
0.0771718204439283
0.17370309263515019
0.12506304254297493
0.3910666644210683
0.22516686297605054
0.15750556209920177
0.15681229335715655
0.0823852812629873
0.04343261242896409
0.11771609870719017
0.12214504826613323
0.05297200048683275
0.19941098288439416
0.21178321584482462
0.2039742189429531
0.2180234785233655
0.10286802194030589
0.12984574749029515
0.1448832383380104
0.11126922903007669
0.2554639445098812
0.2554351102657588
0.2566578100178584
0.42388600485124833
0.14188077756081935
0.2958925492082343
0.27411214795869254
0.24683043496500862
0.22807878549928057
0.11935887700616635
0.16241329668891535
0.08255458928037906
0.10470414296865418
0.17435517140321397
0.12201182334528327
0.1905978746383641
0.3365972516013108
0.27561837455830435
0.3350583102534627
0.17025170260615505
0.08600913422665939
0.24862583431488058
0.13123064428060252
0.15364751728821316
0.08829950217439882
0.3063724857919416
0.2296324639888807
0.21655710884195611
0.4029250098154703
0.42470835481095903
0.2406719048166452
0.25612578654408
0.07551614461551898
0.1829276272739171
0.055956067386872387
0.13606322682925992
0.12114876977967667
0.10626071566239172
0.18173541420905998
0.22169873053265324
0.24121366686169313
0.3827347132097933
0.24893076460854802
0.37224573583681775
0.18473197777650044
0.21271579029077634
0.24515770187148328
0.11851626269410116
0.13013854351714424
0.20377828028299258
0.1589477458276499
0.14109887634057686
0.23835265666010694
0.29788292320424453
0.1724983832376774
0.1933831940711617
0.2005905860286451
0.10669419160242025
0.14797739263029924
0.16095635102708297
0.1387563798961518
0.08692273612909512
0.16605008857970133
0.18374959693304915
0.09237130958961409
0.23438704408240446
0.1213234945875577
0.12590547112297898
0.148800468140624
0.07009669408415707
0.057563613103990496
0.13301600405884387
0.2122200118682368
0.09569228726869072
0.08286079959852023
0.3209792643565568
0.3409370662022419
0.32376248076025854
0.24085091389309127
0.18309544955508744
0.19200800537327012
0.11324118272264694
0.04659957375190938
0.11173344340942842
0.1358194544028714
0.09760607202653561
0.05480094471588927
0.0921134507706566
0.1487216543333459
0.21975259814252918
0.09605807611450205
0.09418480312603515
0.17614506417672499
0.12643705032552738
0.15056742867400286
0.11972666319250384
0.15133949214737083
0.0597198420898256
0.16203188093864412
0.2287790207710811
0.2176416699384904
0.22108431403184114
0.13770742476626296
0.05678390530107691
0.13011633936366912
0.1695898045060975
0.11686045973907701
0.10733487789828912
0.04595463026061045
0.06650275641640244
0.1746171967020027
0.14674668834878848
0.21047317078979813
0.420200235571261
0.19651581578698976
0.29210367322361636
0.06490826808699127
0.18493659877752888
0.26424123281435313
0.2017920209040153
0.10911096229661053
0.2287689931001816
0.19459129016906784
0.15975904521116877
0.5062369338311141
0.34485270762067266
0.3587272281833651
0.2524484383022773
0.1344644274127918
0.12062453203878402
0.1254089778824764
0.11352991324903344
0.0640492229794247
0.12068093845114622
0.09265793245129494
0.0709335299977761
0.08909558641182652
0.1487686258959702
0.11850356709622874
0.12550163540659937
0.04146890388829284
0.1543949263830327
0.09203583825433549
0.10579982626984516
0.1920232953801864
0.09707843447387003
0.24933413647392266
0.2601438621134379
0.13305917086843738
0.2542839831352242
0.25491024485753994
0.2459958677953706
0.15440768326535026
0.05570233772199498
0.06370437310185091
0.11498969751120103
0.12117624172955012
0.08894138151307919
0.15325219212145025
0.15410958657349716
0.09149534156411877
0.26734927606679815
0.12840641719007642
0.1189988811231766
0.035924315067573986
0.0905979972345485
0.11138857475723676
0.11651584411522148
0.11865242897991475
0.12394394479584385
0.11865693956309459
0.09152421963089344
0.14022090000412266
0.11247044406471983
0.3291360247982744
0.1978226562674604
0.07419831053141943
0.12823556234162048
0.14861051255209318
0.12942496735401535
0.1245231773456445
0.10626568877253968
0.12144299872874709
0.09525269058478512
0.18449690084652795
0.05733942281777279
0.14259830529159417
0.12440801856003064
0.037705129185339636
0.1401648998822146
0.0804456480400294
0.13306504384242948
0.18935134343921572
0.1531246641108743
0.20844034516165977
0.1302619997793227
0.12031027715881373
0.2136837742622711
0.1885244773660833
0.07740284497812497
0.0770659341990883
0.13977561182523587
0.11801032765626059
0.11850070923804437
0.1137194888156528
0.07261620865946425
0.13015919799764072
0.06589918354463643
0.14591303965975647
0.061098035701043045
0.047850956645474355
0.18338410355026316
0.1612441328097173
0.1036176282309074
0.05733942281777272
0.08755921910187651
0.11032110413268063
0.22390051987860865
0.41307292541554663
0.3758997638171873
0.23166433502020747
0.10024796697423026
0.19965507728667095
0.1544427734650573
0.22163329407145677
0.13935742911542282
0.07129018669472847
0.10640230345233805
0.14976163968262848
0.2597806151835294
0.09275817633822497
0.19943277536522205
0.29665619683287586
0.25312507289403646
0.18438178813347406
0.19922130611176553
0.1888424057642985
0.08499403439687081
0.1681523341516188
0.1045004122071272
0.4466692841251151
0.15868479501339594
0.30754203895394067
0.25198172887415354
0.17710032811682985
0.21730578718006166
0.18804332953792546
0.2412969506609085
0.0911046441586791
0.15638062068320602
0.16656809578844203
0.08417994624734353
0.16245064867883283
0.12767084481740074
0.19113990315403814
0.06228999003276297
0.17298562954117616
0.09290906955616621
0.17894809992776325
0.08194873490750577
0.2075317366836806
0.22157677526315256
0.15985410461134564
0.09654422435202971
0.23535452930240083
0.13297387147466955
0.08611439512178884
0.33838242356481435
0.3440976312001056
0.16774460691543014
0.23250325883287304
0.18240712079736188
0.061981957320500845
0.1376657515451787
0.13670053205085553
0.11164248367244474
0.08936077157954116
0.049054209427748414
0.10995496800834278
0.18254922268172755
0.16502126862641428
0.23053265279413734
0.2300680634144968
0.1385762164289375
0.10004324932939332
0.3003533568904601
0.3706341578540683
0.29684306940262
0.28735010995984694
0.20536621549054138
0.239239311991983
0.2549248652902855
0.3234197094621127
0.16617588460711571
0.17730235628068308
0.14645143504415084
0.07098840025884534
0.0402078949724696
0.11729012447254053
0.06074137900409033
0.13776113934679893
0.09139246778824572
0.08304614012889854
0.20464842043682452
0.16729367662552824
0.2638160072645515
0.15351395417740446
0.05779463763818709
0.19769240554455206
0.1659629896929917
0.27814109291556577
0.12635457337971118
0.22557802276755715
0.18564592304302907
0.18205416223721896
0.23121054810068098
0.16830748334071843
0.20168668342034476
0.2015466086613399
0.2872062190685301
0.12092008381607605
0.1275426643763548
0.05534962798460626
0.1451571311604879
0.08817561545779609
0.05328003319909489
0.22231546711011937
0.19002286294120513
0.1794995462847466
0.14671190224776012
0.07810781663263111
0.12514260898526236
0.0681214291179565
0.047437037688372104
0.13862448469470057
0.18014167406826237
0.17980990708255842
0.12984231853798775
0.23636910356371574
0.16827443978909584
0.2140760795276985
0.2036436833191964
0.2777481344596037
0.3422013177298491
0.11045755089993844
0.10507005424383643
0.17079171078416913
0.09851725909734071
0.11210877089542061
0.05151847112584564
0.18804332953792546
0.24607381232822978
0.07626966288679797
0.14196029861609383
0.10464928555004603
0.15983987658241516
0.11060472875112509
0.2365855254547837
0.3011385944248144
0.1375596920989555
0.059402183355305276
0.15356299233558296
0.07584342937229765
0.20937608834820529
0.2615204975652766
0.29328621908127256
0.33093394744123045
0.1349671246660447
0.0839652170018151
0.16118381093574513
0.13240839818981057
0.15472451249836472
0.14265448100541425
0.1624787331501118
0.1966365658945165
0.17791043787114674
0.29324963650384034
0.24588075508231672
0.10910208640745762
0.16306576725791852
0.04570435368189746
0.06718863467977292
0.1015580255874159
0.05095053581261232
0.13302508346889785
0.2310561444837064
0.20210220492971234
0.20190127079409032
0.4001893469305592
0.14681910105708676
0.20432262027721548
0.23220128255463987
0.14764725434399095
0.17451087298913537
0.15511438083961684
0.10161070103299745
0.2563473367360301
0.12687942823362613
0.07006932338592878
0.20314025791593368
0.15887972778432158
0.0627852962289344
0.2593777206878419
0.1356497840596785
0.07430928883338461
0.08819489760281425
0.08073430203520511
0.14296998961247115
0.12194521088485864
0.27921737992409396
0.23289819161711214
0.17678946996817974
0.2353749509226544
0.09736904080218658
0.21271350368147807
0.20634125591945762
0.11205219143758807
0.11864782371257991
0.15672032456484755
0.12196250593912274
0.058148759168549946
0.04763918415579416
0.04445297078833247
0.21951459385703645
0.2987828818217516
0.46439094112660767
0.3193953670985481
0.21851403284284113
0.16423706334910845
0.07895830567921065
0.14265448100541425
0.3079729425313383
0.26451323886811107
0.2763054574008646
0.2442607707304321
0.1279122071397184
0.09349755419382275
0.09583667760256338
0.17439283353813342
0.10035953184246145
0.16555424682633163
0.10087897497653152
0.14007183898459913
0.16525152193191642
0.0985566660009801
0.10673536575446328
0.15307113018291693
0.09855419692393097
0.2059435234808921
0.13404115736931138
0.15765767854347737
0.11847685579046245
0.16827443978909584
0.11179815692938919
0.31622677765826857
0.11024807205417204
0.07869273196072295
0.21557989854533782
0.23340803277672462
0.33571728320458216
0.26125406978718907
0.2588442465523536
0.0971889499195981
0.139612759076769
0.11649406561016162
0.07813565002644608
0.05624201759637996
0.1216071453069477
0.13259518653058203
0.22369277964125117
0.07814404869200563
0.26220390001308774
0.13023045513108492
0.07260908589354503
0.14701015150154506
0.25109988895237223
0.22559213940663428
0.1767012455599056
0.06798425346528239
0.21571129433320269
0.18416280303888896
0.2389085198272482
0.1996833801023453
0.26437669304054184
0.33712049165957886
0.2769920364705545
0.24739867801877113
0.36611598386671795
0.09106935430958174
0.13482576516393438
0.23724319818424508
0.18047535944503443
0.16377661249689432
0.10304635028878208
0.221304190845391
0.290890693570226
0.3367703957557619
0.0890984620218288
0.21937573616018874
0.2501926830260718
0.25074426720882803
0.1638270438796975
0.09157870660737713
0.1198362147101157
0.14679071605503824
0.2651621345187814
0.30295721429317596
0.26465130526886876
0.06640030153701111
0.20934938902553885
0.14522786348606684
0.16633948436068588
0.12337757004043075
0.12473923549640589
0.07459711246295121
0.08730599501206356
0.1734724845560034
0.10993169569267883
0.08568122412017018
0.2918513932757786
0.2760764297866776
0.07360845522492095
0.1230037795231041
0.06358091501444416
0.13023172697798957
0.20900229783087862
0.10779758490431024
0.1552484031709043
0.20230922958809577
0.2191549947985347
0.3075112601269841
0.16651752478108717
0.42693310871998735
0.08916584417763615
0.30516293678837897
0.12281688426444042
0.04295131131605443
0.09646810010811625
0.09871966634997784
0.09313821675062592
0.12818344812034377
0.03983248010440014
0.09873399706735533
0.1673779059938124
0.25955038975742234
0.14964771656886067
0.25511202807537603
0.09669511756997162
0.31857443337561453
0.183850390773239
0.1439939352855622
0.09595436904553124
0.0648023818421512
0.1878161458231781
0.22685051973316547
0.1927098480097751
0.09758675931235324
0.15005769581460227
0.23458971338830018
0.0904979542068174
0.12002089214157426
0.0827347941899467
0.11360561794460751
0.10489262034354536
0.11726342514987478
0.13912029784545757
0.13724107889802203
0.06233812014405397
0.08245300446994387
0.11798430686186166
0.10977191708229395
0.14850784006733062
0.13499177540022017
0.1455312474779118
0.06687313067862251
0.1362525224986163
0.22922392357021404
0.23315192305908625
0.379858657243817
0.22035296377453067
0.21805810128605446
0.20043172114372115
0.21963748200497327
0.09889162468191084
0.10471478778823609
0.10420409225831002
0.14451642455176017
0.12711655533224314
0.06285388405527145
0.08585609561952491
0.12192300673138352
0.08525767914081019
0.15008128310491864
0.20609213453736433
0.11906795934504649
0.20871122559514366
0.20256959679593067
0.08477455335259253
0.21511688251876393
0.10859416235528166
0.1422786255883798
0.07300375280613103
0.16046491161774873
0.21859122904832742
0.22475489820392633
0.1888949853031027
0.09769649983449237
0.13684098039675713
0.11015179611528887
0.16251877706905452
0.13705811643934143
0.12238969510178158
0.13438907248783818
0.13915063473367406
0.0477450704006343
0.18793551739919598
0.14765762060894178
0.2944313571522061
0.16067352527144715
0.10815396151006225
0.21500964543076953
0.28378161585518846
0.0814168962597916
0.19914278753936498
0.19790561992293154
0.3198730349612653
0.4348958299161957
0.4762100106780799
0.24289692819002426
0.3783333409549484
0.0799344888320296
0.1574718564449047
0.15140104980128466
0.06851895463857582
0.07539286014469447
0.1269626611974589
0.13702394974479826
0.09110364170804296
0.13755473077780384
0.17427703134319636
0.10393799203116369
0.19029257281118628
0.05822502718113702
0.11256709209846111
0.256880089782785
0.16847840810686124
0.2078072252398652
0.125789417189233
0.1159507250127691
0.13399676722241144
0.09580347582759001
0.33673346385980685
0.19359377044889423
0.1366406676286688
0.20919154796729378
0.09949681172160384
0.08003542129067978
0.09738741714147624
0.05533665828873094
0.11770274909722353
0.12428721190309278
0.05898553064986192
0.15986522721444868
0.08853316623586233
0.09695575131005199
0.15151865613058696
0.05391003150092029
0.1002830334747779
0.046886638084006504
0.08820511637725922
0.09698408374137972
0.04570435368189746
0.17643901093278141
0.1675753320276605
0.04919859976162134
0.10832326952745402
0.19419514692128687
0.08892519362118148
0.07978135959525522
0.09365711935767133
0.12997898623924062
0.1192906687606336
0.10741810607978944
0.0846888991740545
0.18147529616204425
0.14222175697762268
0.12296660194470943
0.100992232374377
0.11450837130998828
0.12351106665376155
0.09045088276001365
0.12344588404659113
0.10555463547895327
0.15117156493592673
0.12443432637762762
0.29711425206124914
0.18064124628088435
0.5403088600968471
0.321059355060848
0.14367478355892063
0.39023033634341137
0.18584557424286735
0.2473975080099046
0.25476493688071583
0.15651707784547786
0.08476424972735215
0.10074024431620571
0.03753186078469216
0.10094504861018581
0.13213331721163266
0.21293024473236494
0.16151301237735974
0.23175012074246643
0.35874877023129265
0.274543820632643
0.19097199095578868
0.1010573033250077
0.1796230859835103
0.23079809146652436
0.12631134098230892
0.11167148421728984
0.16705622076076715
0.38754744143436765
0.29684732780766043
0.17260952373122762
0.07491933123551167
0.19755267635126303
0.15823394938572943
0.0827238972977715
0.0373200882950119
0.07182046097772099
0.09561108486347386
0.12570931849026562
0.04128600946538718
0.13018295182409378
0.14562182575892962
0.2008572176416705
0.3058799822982649
0.2724227589851287
0.09631102574248361
0.18278973460989464
0.09752064206232687
0.10458592225773737
0.07862908411279254
0.18221065558520105
0.08858803649693223
0.2358889297981385
0.05172061759326771
0.11234908227460738
0.15697114432898018
0.16613642311449156
0.08504341713604267
0.04338448231767309
0.03881212174503175
0.14102858511678945
0.09041531295031738
0.06579309555856312
0.14477817039654536
0.06788823050841107
0.196929073856308
0.2999837302174711
0.16841054878798953
0.1878209036413746
0.2673380078393471
0.4738595786794115
0.17651285036306247
0.12852171600232956
0.23393946520109352
0.19049966722321418
0.2692056013610788
0.2200024187693462
0.2910753665319675
0.1940800342082337
0.19644341464009807
0.10768288734916633
0.10578783281872449
0.13783308479245734
0.11980635019954393
0.1220062819002749
0.05355212590111557
0.07152353010466954
0.08088973110953016
0.20252468137679455
0.23245573492245003
0.16641711954808935
0.17418836581000877
0.2997065717585677
0.28804615647399606
0.24208453005976613
0.19470951087998464
0.2795419083149335
0.34469208309099114
0.19423387712580606
0.34498102342625386
0.24710223127552103
0.16655867747688927
0.23591521507839114
0.3875669890420358
0.1121410960610744
0.053032107323806074
0.09168547403567165
0.1036176282309074
0.08535773456378626
0.10144307837841365
0.1089262686006803
0.08563120160740853
0.12823556234162048
0.052124910528111836
0.0375799908959831
0.13702394974479826
0.1439217948507435
0.07493572849773543
0.07146491414119781
0.0738091305157276
0.10287249023280222
0.1042796433663153
0.09322099437608057
0.04706162282030257
0.054906830960729396
0.15738785692242382
0.18734594049460226
0.1694119310525103
0.21045481764009677
0.2034041639655687
0.05930103465101234
0.0922162564544354
0.030861027359764787
0.09342093000897345
0.10404726043011436
0.13512464486051387
0.09798526589821509
0.2810823190681852
0.0853553532819362
0.05798414838534096
0.08073430203520511
0.10923405687024952
0.0697305159890977
0.06013493495301694
0.06135007605150462
0.1122706518112988
0.045434825058668055
0.1814745463514108
0.15632209245810977
0.059325175177239745
0.08999368209184079
0.28090379802885057
0.25329647413407563
0.2173600759700492
0.10400187158158199
0.08087973924046644
0.08224614858482412
0.08810830140426214
0.10342516621199208
0.11328817655162066
0.1538567744495073
0.09941174203202165
0.11581186859121821
0.10375517547039859
0.14734606858049534
0.12425341527763503
0.11731122741373005
0.04082197502990317
0.147959597096202
0.1476675780914054
0.09938801136957663
0.16439511149841873
0.17059451114864618
0.23479560050634493
0.38334314880251347
0.2134247392129943
0.21050203618931548
0.16602706806739073
0.14680670069362645
0.0786859010829705
0.0690819037964043
0.07577947569767465
0.06589918354463643
0.23943952567032695
0.27854398741125336
0.20897611107714728
0.062387486836179534
0.08206487682808523
0.04727072991149396
0.057937203551570476
0.12972778432142443
0.14458186101295661
0.08948273850436633
0.09598855547254931
0.1571347709415913
0.14583143635783313
0.15663345038396748
0.08314856667815552
0.18340333007251924
0.1715416830257822
0.1409978062898322
0.10209469767818241
0.08670873005529699
0.27018714827902174
0.14015261673438176
0.12007590629498785
0.1121012295957666
0.20553592461719705
0.13956250903062686
0.07606482788423631
0.4002170869213466
0.37595812083279373
0.12776619343298762
0.17955755643081406
0.09585729310171252
0.1601557387776473
0.08957189197130261
0.12676787525018787
0.2023808658096652
0.10407363251043075
0.10915561848324169
0.10192342647003338
0.1443192995189595
0.09157870660737713
0.06779220755153906
0.08929604364582962
0.11055754642939886
0.07902458221762738
0.08816116344373517
0.058428196802007545
0.12425864768841487
0.1460214631592729
0.11890324185877929
0.29606878904530093
0.1944362971772592
0.07990481768266149
0.1817844523672378
0.10471474349676907
0.10087004103283813
0.1398907245382891
0.3568206322876459
0.33572176416699473
0.15049810744943465
0.1484098939929332
0.19854065183905745
0.10949996024832925
0.12130496176099179
0.1567680514701212
0.17490143633032368
0.05081457716354636
0.12633071178510702
0.07483540327573114
0.08799798879766847
0.02858949291590334
0.02957414850912271
0.08279250165074986
0.09816456251310222
0.11619125537940368
0.32286989477850675
0.18740704445129547
0.14303141309283082
0.2729471756163865
0.36396120999990306
0.10522204930430125
0.1125955823540765
0.16673233153415043
0.21331117111228426
0.2260631650145693
0.3037233346420634
0.3188516439014138
0.31855187552672715
0.5853618636304159
0.391843675234179
0.18554508572176437
0.11166468782591984
0.029253481642646673
0.06468069907275899
0.0583616242892648
0.039052772301486544
0.18999353289483317
0.15307611718544814
0.21583633697534876
0.14721691044984123
0.20354011255071355
0.15700556922192882
0.045146044390922326
0.11410547681430076
0.035625908377570056
0.08612991132963686
0.09928471500866054
0.1560986781834838
0.07552577063777766
0.17974850143307053
0.09609923067174599
0.16028390006508436
0.09651049916063671
0.22829714539942758
0.21597502875698601
0.10086751481314633
0.0822885927784571
0.1558696505692975
0.11968328752781038
0.10746477373138578
0.1272084805653712
0.10580753627054418
0.1327490322962609
0.10707481838248313
0.12659331527397513
0.07236224663337558
0.1231886434794598
0.04986334974703442
0.11516817170527431
0.07004577121820942
0.04967027485227273
0.13311408037520023
0.2297474152597831
0.1763757255328032
0.15819709828343967
0.2957728046067276
0.2409816776644879
0.27820981686395857
0.03871586152244981
0.07688286899956465
0.06074137900409033
0.04695522591034355
0.079147587299898
0.06986355990691763
0.09678790499765041
0.17864031165819402
0.17632318274520387
0.149677435491695
0.10859180735505825
0.1404087317470298
0.12909494830381765
0.12492470795941142
0.10687738863272972
0.10116154039176876
0.16054835754482408
0.05749031603571422
0.3426329904037996
0.2988613812651994
0.16898633215903722
0.2830395195842035
0.33387502994061535
0.07452938925599466
0.08313023653951229
0.09436364652562267
0.06763385148493804
0.03055299464750266
0.0937854775161431
0.043786468333571894
0.11255145518807859
0.052115284505853635
0.19065986315921074
0.1385427853148224
0.2176493622059416
0.17472670932611062
0.09568019332870047
0.1902769598220134
0.0818364223418789
0.12873512609411575
0.06765781827930983
0.214528423890009
0.16999499900482037
0.22197908819812887
0.10523613616777983
0.16771922291897737
0.15542644234636108
0.15966516483922852
0.17831435675958698
0.0934912485670727
0.04092984664183406
0.11268128548942952
0.11588797277843209
0.09716875670312193
0.20400850570909965
0.25209684158720674
0.27739648936353484
0.19657337071442993
0.21021463159272366
0.27647195857628976
0.17079556709557114
0.1517589500345828
0.12062453203878402
0.21653490468848102
0.05895938633142841
0.23307699902737727
0.23549725175615568
0.19892328865058037
0.14770202891589201
0.11969947452341743
0.11524126581150936
0.22677204471543255
0.17670900299577652
0.14090546980896107
0.048985425569920214
0.05871602043157408
0.029715530711039936
0.11048297037588038
0.08368055987728118
0.09392635482340485
0.1582461364416182
0.2012458005958149
0.1138088492909579
0.13814049158848368
0.15374296558042172
0.08488247043826896
0.16406439427952796
0.13541887380958428
0.08470480110125847
0.07038482738707973
0.130961595607961
0.25224073247852424
0.09757898763129602
0.5755136762203913
0.2842814028512872
0.1566030350611334
0.16501640898804587
0.13950396093080514
0.07356433355685964
0.10846458619632614
0.031794751518809436
0.03512535522014407
0.12223530951446186
0.10570174995348813
0.12427208476578834
0.39738773474259087
0.44912464295595544
0.23396616452375926
0.22471735985240554
0.24546114498175306
0.20557178524553354
0.08790624360763923
0.12355163953041709
0.09577604069705506
0.075021364447464
0.24142013745149296
0.14713460505823706
0.2281032686489712
0.3796992840070333
0.12767388248141562
0.11590175969389964
0.10029195124787833
0.034432281617554204
0.07288306828021283
0.04344223845122228
0.10815679792675625
0.12145007198010761
0.10967363736174066
0.1829276272739171
0.08318102894472988
0.17393011385944251
0.12314423517250961
0.07525456305701009
0.111553667058545
0.10935545586451696
0.13041486716398398
0.07222680021946244
0.04885206296032635
0.040544805751506326
0.14041300857764968
0.21677317822750933
0.2724233973960498
0.2930504175634302
0.310619921649637
0.10527542927275871
0.09195246726233325
0.03821530836502383
0.08378169324775471
0.033046134412374494
0.07298158553930995
0.06758776054291941
0.13954325350085084
0.13338379024518138
0.11506803816555788
0.057723514645260245
0.11481767761937405
0.24882214369846928
0.11011089640149795
0.15440218297853514
0.07690257245138434
0.1455838515064193
0.17432273262661996
0.2510013338340058
0.11396122650661068
0.15987380806316467
0.16986345813563505
0.20063962418682363
0.08831368519158403
0.12302671207594894
0.08340471155180885
0.04991092540872753
0.11076720813574868
0.05351222210816541
0.09188078707966896
0.07702079316230116
0.11219930591212295
0.14257438303741565
0.12861536448108918
0.03200652400848971
0.056173429770042915
0.07871198400523895
0.21325742703834594
0.21783797932207846
0.11747090791629829
0.15612161707883532
0.12907731286933588
0.2135366597877362
0.08967172415305784
0.16294203593813975
0.16676839713120056
0.13348562761716395
0.23546305455097366
0.1397050955576401
0.06119405865791484
0.046050890483192386
0.09675228608593507
0.10749147305405156
0.03892763401213001
0.11687332440575407
0.15517646333585422
0.32773851590106073
0.17423599231855136
0.18753604240726734
0.13644452310405192
0.06461948741924553
0.1009801905747747
0.1368219937131274
0.14925364753247153
0.15678576102604402
0.1433630554344812
0.16773502004913354
0.19705983863980225
0.2999280198926851
0.2197399867973006
0.2275925731190451
0.19242201845517898
0.12695527927769873
0.09168016131598548
0.08375937368455928
0.09079278355939283
0.03681953513758591
0.07754307196557389
0.03849446301051135
0.1623151419971213
0.13689001855493566
0.07960194535065125
0.03799390985308536
0.04021752099472779
0.10695589582515397
0.11418535131834734
0.2692440074783709
0.14341662729521146
0.20283246964636445
0.07594044132038055
0.08129029177467026
0.10312865568038626
0.058275938751096754
0.2212839862573227
0.23734778061731404
0.18155197631416764
0.21708546001832246
0.12478733150111265
0.06679201286117638
0.09675228608593507
0.11701207281890234
0.03929342285794134
0.04171918046700584
0.06562483223928824
0.18582069704664306
0.06563021975635572
0.1790096575816771
0.2122272989143254
0.199310443703054
0.3992605679884836
0.1340242265675724
0.1293343944858118
0.12203145662688722
0.09415326370248128
0.0639375717113968
0.19493026335727823
0.08068531856816892
0.2868407276534488
0.18207384190344506
0.17685611747031138
0.1247207300692367
0.0774739725541487
0.03347930541399315
0.0881060809889145
0.06223762719332936
0.12942496735401535
0.12236299577911582
0.1409781977682949
0.11552933468212469
0.26127708045322495
0.2141746420009841
0.32527010319716526
0.1293703580369411
0.15435581718915253
0.23161235440387434
0.2255267635126298
0.0795301958971856
0.3304107073829618
0.18278973460989464
0.5229681978798598
0.166192749872068
0.2752757009343112
0.2046426006218094
0.26946960657294977
0.07744937349979561
0.10176832864755296
0.1104016992246655
0.135159010600707
0.1087196418966959
0.13843083366051562
0.12455195552390746
0.10125603890024702
0.17390266575862626
0.20720288349633423
0.05197585479821555
0.07776487750094589
0.19987770225849588
0.11039844054448003
0.15704251878326356
0.04244214693736577
0.07223285437017038
0.12890432983233063
0.06695543607022696
0.09337337159173335
0.19533224462579293
0.1310027483037631
0.21589389333187534
0.18044104174846276
0.1312004715816221
0.11315172945928223
0.09320733542764403
0.05038606597588361
0.10486192906687641
0.10135467716926803
0.08921235261647704
0.09164075441234679
0.12222272184608682
0.10396716246211575
0.08515292857673558
0.11099743356185575
0.0991859535729537
0.12542371984961076
0.0962994136212001
0.13564517357895084
0.06721606981030773
0.08906815128129154
0.27615838778152174
0.21896605889317988
0.16174449671173546
0.08138801819301691
0.22823973180686516
0.21455575694544493
0.07878033652940257
0.05046692261880044
0.0991859535729537
0.05939325250114243
0.11711343657123169
0.05491141376544124
0.1254728572283357
0.14013041258090667
0.1865605043643353
0.17914378394260458
0.2553790213020383
0.11457557233020775
0.23331370239497512
0.23721852342503993
0.10258372773786284
0.2253548559087249
0.26052884781837715
0.074813444990671
0.21551351362862955
0.1456119553135542
0.1803528431766015
0.06545695135570825
0.3768559572610141
0.14084795768187078
0.23459621906594644
0.10150898742923738
0.09962065239923139
0.09565549317042407
0.11742362108587202
0.07364898756555585
0.1760567988483183
0.15910430420973945
0.29899988136043
0.14381630205776202
0.07603646427725257
0.16303494307027908
0.12591975435688835
0.2556113995047826
0.1344905575982494
0.12759606302168766
0.10178803209937266
0.1372143539597946
0.13224174516560344
0.1951160486257151
0.18131858986454327
0.15419347913518927
0.13988228396933847
0.09301625308091276
0.14598874492867464
0.03720457602791357
0.07706900951687586
0.10714438185939133
0.07388794432300572
0.1322873982610128
0.11472698949658748
0.06820373450956135
0.06363578527551379
0.09388355383250013
0.0853553532819362
0.09908865920010575
0.14020009423197582
0.1232495746630024
0.06626715800726095
0.10584613965271082
0.1306111765475727
0.057627491688388315
0.06685941311335508
0.16583631964409895
0.06374351939375002
0.051980520194238905
0.08417994624734353
0.07072776651876496
0.1245231773456445
0.0371083158053317
0.10693971042671953
0.08106736433733033
0.0527851911489927
0.08726232315686319
0.10740016127893365
0.13617327574924756
0.09800913343877717
0.07366591836729482
0.1623151419971213
0.08239983550901596
0.12124246502361903
0.16887035004951267
0.11632756005567582
0.16063979106618637
0.16625153582754543
0.051316324658423645
0.1422176030075598
0.1950983123126671
0.1969866302128346
0.11117619644946955
0.2185904986258345
0.08609312684387392
0.1462794801127596
0.15063473367360297
0.06934856392379704
0.09699747687682697
0.10126379663834549
0.10793439004211494
0.11304493216861787
0.18455445720305455
0.2034041639655687
0.21291550036117324
0.23709894755587158
0.25555824093184376
0.20665512075352765
0.17015267957695066
0.27559444896247015
0.32594533110875895
0.2987894977808423
0.31054532164013166
0.10661782253173924
0.11816904924156975
0.24323316268208584
0.19786868027908022
0.08525466813695186
0.1340020662217991
0.2744862642761164
0.19177777994716305
0.11578994701208234
0.08996050117822985
0.09400831510762953
0.05666726211966966
0.10570224876139399
0.12482004973171089
0.14587658561707204
0.09524648609530946
0.06548765658661414
0.14158650809876716
0.22268227628800333
0.18019071222644084
0.07533686844861427
0.261248302274962
0.2729158586273613
0.10698329152052873
0.18465318462067276
0.2178130743107191
0.09038503754696259
0.177766452721081
0.2020133883158119
0.18174977097238607
0.06745231412900554
0.1268395458896305
0.11535904343468477
0.06851895463857582
0.03485582659691466
0.08383818749183737
0.097064286370881
0.17616856271786532
0.1337025413345272
0.057563613103990496
0.05539775809589719
0.06639301589426316
0.19005925645922594
0.10067054714133175
0.15663345038396748
0.27663263970684493
0.25386376474100325
0.21365004580552338
0.12300227463534773
0.15476445869810254
0.23295577042637286
0.0826105230198069
0.3214566156262274
0.06495639819828226
0.0831284455205034
0.07344384444171191
0.09821992241291545
0.050110265921847794
0.10055095485224905
0.11174566619670354
0.12650139079237413
0.12898442780032857
0.07065500337513239
0.05641811645526565
0.13619324492019808
0.05315556541121277
0.07979972452041492
0.18159507904606192
0.03441302957303781
0.1360344486509963
0.06884063987162038
0.03981322805988373
0.1914940076865565
0.11030417333094165
0.17887056667975426
0.5173260759799572
0.301909874799967
0.29759514142161025
0.19686559350870347
0.1537102473498235
0.0770040042514002
0.05091960227262495
0.08547350970490869
0.09670324792775656
0.15260142405260563
0.047417785643855695
0.2032352441349829
0.15549568678562706
0.06519958771599854
0.05781868793939604
0.12935821831765523
0.1889778058312418
0.08336530464817014
0.10121475848016696
0.14546525323910492
0.11233586953964622
0.2942799344266663
0.21135892766743503
0.3843083366051573
0.1202893298299159
0.34338122303864804
0.2167650546670829
0.1527545702220203
0.05968107613070897
0.09159213308449392
0.035760672689184723
0.06736610177076179
0.1493026123492941
0.11551560754920678
0.17602411136685195
0.05536888002912266
0.12551351585372497
0.04804347709063823
0.13998454873879615
0.1348058968323542
0.20933123936657536
0.19193535111016177
0.07198976899511343
0.08833057450667611
0.09125702137433256
0.08813535684310785
0.10271409433488744
0.0890390863464959
0.2167347420697563
0.16986345813563505
0.07411074536582302
0.26266793638990577
0.15432208501053654
0.039938366349240195
0.09853648237381275
0.11508203399207213
0.03817680427599102
0.05332017619442168
0.042152351468624505
0.2536168660060701
0.5371024734982343
0.14340342730550154
0.07071995886467283
0.06716119954923809
0.07203093521916885
0.16444182698599707
0.15770441688332115
0.19476841698364075
0.10801851509614845
0.08198988760330786
0.11658822106908774
0.09873399706735533
0.0861608500508305
0.13777270540214617
0.07241502704665619
0.07757693356905185
0.12342904413497148
0.03969771579278541
0.06582695716204155
0.05919129412887306
0.08830591837018979
0.09458969380362306
0.04481875963414381
0.1744533166326081
0.21098456208286562
0.3231469042211194
0.09666768243943667
0.16861770689634406
0.36951180890179663
0.3677371481796378
0.18569378914330117
0.08880205512214691
0.27084151289098307
0.09318713277260195
0.22008251673734414
0.10751059104397247
0.13090895904755798
0.12456072802100968
0.10493937429568444
0.10986615139444236
0.08304558253081606
0.05750403360098163
0.06560685673943184
0.12165331354738292
0.044243604804216775
0.12779753687866627
0.11559621075059197
0.15072660797252263
0.20809827545247808
0.2201113346275017
0.3526648813409788
0.33726009613025165
0.12640062572108554
0.0745704302305072
0.09645337562326811
0.10140024245669294
0.19823868222505747
0.2573239346221089
0.24384601346276638
0.22398056142388484
0.18095640898865725
0.3272448139149747
0.15622071522820458
0.4152597827509492
0.1463697797073897
0.15053078119193847
0.1262210898631835
0.13240839818981057
0.040034626571822135
0.10472384642047321
0.13655245585973702
0.0645039751521472
0.06240120440144695
0.05877976717085078
0.17186896972766244
0.08899956345495451
0.18628117424195725
0.17325190478085983
0.1561717679796133
0.12866354038112704
0.23060204986782068
0.12023046300239489
0.2356119203555259
0.24916288170432632
0.3041319844904881
0.5651092788901987
0.25293321100651317
0.21856045022137083
0.1188930145034718
0.10451495040696082
0.10405897165451265
0.04304757153863636
0.04064106597408826
0.10640230345233805
0.0738142187039321
0.1189103317304903
0.09235007867784763
0.11059888845911882
0.08463737769991843
0.1504555580934593
0.26956096648905237
0.17624314049308132
0.08390041000240488
0.18168433451119026
0.14338757451356976
0.14436833767713733
0.05923854097691601
0.13754602693631757
0.3999878996827158
0.30470759813782083
0.2638883302181377
0.24660020953890155
0.16198795969114033
0.05147996703681291
0.08807442963302281
0.09034032659226188
0.067164490499439
0.09767607113665194
0.05736685794830754
0.08954826606565087
0.0674353833272663
0.06218172335716839
0.14396274781605722
0.10313948345946382
0.13755057767065287
0.037031307627266107
0.11885387622775885
0.10744260456882064
0.16388561706582913
0.12600357438549886
0.18026650864181126
0.23413453666159229
0.07894458811394282
0.10664035238884349
0.29099591773872563
0.15865409676601303
0.12083513201272868
0.06566598493509046
0.1423243031016886
0.12702421885137272
0.14952354135691007
0.16719115853563674
0.0864994660856147
0.15467980468940631
0.07497708736906034
0.10625626056135615
0.0671511312731501
0.09803133759225229
0.11834630415706572
0.04120900128732165
0.16025389346944133
0.05253882948521409
0.20898823503775626
0.14939157169520806
0.1843832904566395
0.22312623952128957
0.19591142144097246
0.1829622246342375
0.2469899227849763
0.17236143095897385
0.08515831876374129
0.12992409370501248
0.07940546015688668
0.1153622671146283
0.10724645193610727
0.09074837525244261
0.11584836104856679
0.11272527797964803
0.0878335704072247
0.22351592497703535
0.19880315657239653
0.05722670232495377
0.15652451157452288
0.11923628161072006
0.16112902009666344
0.1379099972334042
0.12127474594882648
0.16982002993220388
0.19770848434308302
0.2543118883130554
0.15293593211026768
0.31384421234160337
0.1323882223957712
0.17236912599699025
0.07906804620134979
0.13436531431172027
0.09878627881040317
0.1358577421880198
0.13758847027721915
0.08345192177255752
0.26066588549849146
0.13215783629072192
0.1305160141262197
0.17738400982168445
0.24954194477162708
0.17987584730120862
0.1391509820726046
0.3644724537160609
0.34041636399383013
0.15764269499376796
0.2637232256056124
0.2422110499266538
0.32988710817850353
0.12036378231643773
0.11709093474865244
0.15049323198458
0.46711297572811594
0.25787903845898447
0.22862512663629614
0.19935217903415847
0.11808168818020308
0.17488529476944484
0.10182743900301139
0.18609301027421657
0.20966536923080922
0.06708374911734277
0.11089675139181386
0.09899966853489628
0.19471816020447108
0.12586565022276303
0.18695196963748237
0.09047820449432896
0.10082292435698523
0.20258623903070838
0.27008899358722704
0.28061056536660123
0.19310952277232563
0.09620128522034448
0.2575681803103344
0.4563355727224135
0.3858052125263407
0.3465572082070519
0.055705790808159385
0.12292219363775922
0.10922060201963248
0.15664492608249442
0.12718046323561696
0.24786644938249008
0.2734916895694286
0.23059497156154185
0.32549144262343366
0.309907080225102
0.23553854207564492
0.16342256957621207
0.23199041464646228
0.239920113478318
0.33826521511443425
0.321433145578174
0.5194850413795649
0.22462513125383474
0.6252103119767212
0.4067960411687145
0.5319329930637362
0.3306324900679707
0.16678971965179867
0.1132110661519329
0.21499149326004494
0.19039782355575244
0.16765227043455905
0.16829478648424534
0.15203511576543546
0.18346088642904582
0.25340208233664907
0.3691102166086328
0.17003940731177059
0.180240810659956
0.051547349192620245
0.13328301874958412
0.15675656569179583
0.157767307943987
0.18662478733150137
0.22323303681195394
0.21015701710644794
0.13474764362176575
0.28716745429256696
0.15546988549206525
0.39253344183821914
0.13118343133464558
0.19131098634084814
0.18028658414813395
0.18528333987697984
0.14420304172005308
0.06433538110415175
0.11758381702186858
0.08852760902487035
0.06853295607597878
0.14190689997076164
0.13115255404806508
0.17604698786036793
0.16442494437209332
0.18798993089259264
0.10286367385104396
0.07389897287614301
0.15902116579978448
0.15074329824032653
0.16137070619440883
0.20268943855516353
0.2332155477031804
0.13396574240152329
0.16744562920076897
0.12251157540323637
0.24326004449679378
0.2569689831173932
0.1527017516008787
0.146480927360603
0.11769061431253362
0.14201350757941164
0.06736696302824931
0.06316938805642187
0.11997185398339573
0.10928832522658906
0.14373264887191964
0.09739471339860924
0.17177469296212367
0.1132110661519329
0.13827882486902796
0.10185292211051732
0.15414010358369942
0.2744156383630267
0.16528771846811485
0.2816232524854347
0.14742122651326098
0.2726276403926789
0.3224054443135721
0.11285548495504782
0.1766959582095051
0.32764845386881575
0.2646957135758183
0.10994526115263249
0.13471892559061266
0.10986615139444236
0.13213350412622785
0.08009962302819407
0.17426971823030574
0.23134777505931015
0.22729133385721365
0.14697628989806646
0.2675767101003062
0.267464388779852
0.21455088686218887
0.3261773091234651
0.24662153264714512
0.27645542372741166
0.17009989955746935
0.16393456279030955
0.09738597160392556
0.1498375953919929
0.2089007960138739
0.13581117907501106
0.14450439284414182
0.2779108674894587
0.2961230941529088
0.12361052239548546
0.13226450729849373
0.22449856863262557
0.15203511576543546
0.057188529599831284
0.05369395215619715
0.04600276037190145
0.1307824639679196
0.08596037876565818
0.24159141473629125
0.10539205394950882
0.0664099275592693
0.21316739216680336
0.14756886795893864
0.18425791532780308
0.2834934080695288
0.2404963542682276
0.3438610547631532
0.27235667908462624
0.17513221319036984
0.19551513665718315
0.15902655963492798
0.23086904309448228
0.15931480118333172
0.09146342334597156
0.07451245845425568
0.12148191813113171
0.09727639637410138
0.07383522638468726
0.06083740196096226
0.06331034839213136
0.1961959001053545
0.07862908411279254
0.1449322764961889
0.17393011385944251
0.14893874364472753
0.1363809822462885
0.1881517294859773
0.0629060554572873
0.0864587465838262
0.14354555317773846
0.1684217411084831
0.12850591276657153
0.06665057811572411
0.1520984513039474
0.08252388881948357
0.19812766145768193
0.1230612579486333
0.09585533055169936
0.1298121068029805
0.1526322028795629
0.13222584060709897
0.11969306351249705
0.15192000305238162
0.19199057714958817
0.19348999136182676
0.10092108021931628
0.13384370452557445
0.1147673749143583
0.10093846939940532
0.17896547700873197
0.12135355975610458
0.13166745470893812
0.17306934397898407
0.12736302433276547
0.08052210811969492
0.1737324925888515
0.20033372595210078
0.2504628511983249
0.2553775539092322
0.20168032601368668
0.23467210596261612
0.06151990825210758
0.06679201286117638
0.13131482741580186
0.10874634121936232
0.1063111308224254
0.17750149506078625
0.13605636986590292
0.10341235711976061
0.10182406344715932
0.11937908306315732
0.07121095211510982
0.05766864438419061
0.33405313440649226
0.12910613794006068
0.10198986376541802
0.1045798998091223
0.12380578458316968
0.13961075822146948
0.06324296623632401
0.15577627893967508
0.1697912517539409
0.1636648529203284
0.21070540505169516
0.38824412323508944
0.1732252054581934
0.0474851677996631
0.14415652401518161
0.11646244546988928
0.11960210886260664
0.1348112620714831
0.2159226715101383
0.15560365249851307
0.1031424441952564
0.2033456375243142
0.23010731579636234
0.15814008815180036
0.10964970937534047
0.08506034793778233
0.0448091336118856
0.12032898026149201
0.28279922568020766
0.257728561696662
0.10098871549867065
0.1493026123492941
0.1149731066936991
0.14523414336130003
0.36150372987828866
0.31579076457840594
0.19316791798187877
0.0760090291467176
0.07757693356905185
0.11464689152858885
0.15629498756707252
0.15474026452219294
0.08309637493603365
0.14829139033140762
0.167172437531973
0.15420192305436758
0.07046713277868391
0.1383611633002863
0.1502999148724699
0.1741863810741761
0.0647831297976348
0.19258356893853742
0.17821053579058108
0.14633753666319002
0.2757819657112949
0.34972516686297694
0.3143845243943017
0.4093891773545202
0.1597251836076901
0.1747123202369788
0.09083375133085214
0.15815992671116377
0.12618099892037965
0.0983421957409024
0.1188930145034718
0.13177527826801597
0.06904050599087305
0.10114460959002979
0.21753424949288777
0.18214277922869893
0.2006205464258251
0.25265017667844586
0.20206173077399645
0.2667737125015308
0.1452817761871136
0.20883006343264637
0.1342273961884428
0.21065080401759828
0.15974766754002107
0.14450439284414182
0.21606861746550582
0.3479857315607886
0.12293681992652648
0.061308135762427315
0.18744274309645384
0.12287778533080969
0.1060833845960165
0.08351964497951408
0.1041818881048349
0.14943120487603895
0.11757099265027769
0.1341427421797466
0.22117557276476188
0.16548094864058513
0.3068221517327591
0.2190507129018761
0.11568553549895647
0.24045409993164188
0.39250557333423725
0.3157599857514493
0.13605233481342763
0.1578754586626185
0.17538617521645783
0.3801185129184519
0.1933574576973346
0.126187882894902
0.11141406510190185
0.21723904073020384
0.1714688449772221
0.18515246695458756
0.17132955354889504
0.11266387473229623
0.1041818881048349
0.09709555319318332
0.09566025858351829
0.15094383532324593
0.23078894512648368
0.3207695327836678
0.1211819942083837
0.21566724048741612
0.2220193305968132
0.34758529282494516
0.17277956900491653
0.1703915860337288
0.1572163351198721
0.21140574523574918
0.25443067334479297
0.23502712264334402
0.1728104694205955
0.22339323274795117
0.22970741889829777
0.09867044696847818
0.13782118061950377
0.14939144091087547
0.09652721046357465
0.1503853485117052
0.0930988098469872
0.19978536577762546
0.12988515439393453
0.12369643750665513
0.17383631755600082
0.08923322633344348
0.3148802512760113
0.28575062946841356
0.3428593520177863
0.049951836003324895
0.05120938583889903
0.09917623925580811
0.10608892619184074
0.18587108933288096
0.09073922936890616
0.14265969117264646
0.09247635003149067
0.19625628807812787
0.1761968918590377
0.09432154468603317
0.11093644507034527
0.12474702336814683
0.13427585102066814
0.1280265526533787
0.11249666724163611
0.09686113179852082
0.1241317552191043
0.06796934530405767
0.13476136271109715
0.10219586200423433
0.2968756877643616
0.24517988041435315
0.18908460330730462
0.07853306120354796
0.18288532291373724
0.14706543639823058
0.21733248651431508
0.26266195524856095
0.22571607382280584
0.30270976312336817
0.2589004295194386
0.20375339526538808
0.24579396446505983
0.14636977970746537
0.08754917579344594
0.08873433191519033
0.1264746914697077
0.08743912558214093
0.08951738149562886
0.08623915500887469
0.2594751296305938
0.15607506241433794
0.38754181798848353
0.2924577686895891
0.2719777218309086
0.1845352520465134
0.17396375291730218
0.09545874832191675
0.08917699761643702
0.10908460378393323
0.2214314036820599
0.3313804882126572
0.2365599751593848
0.29077170897212823
0.08899256597265207
0.2496287317203832
0.3054936431479867
0.19031179660753894
0.09670883426200926
0.20632116111016668
0.184242057674533
0.1569920170647019
0.1323049506677051
0.22677839695765062
0.234996343785773
0.20772630311721357
0.057785011613535296
0.2219966724023931
0.39830879964810156
0.40517247806046025
0.3660798783424548
0.28084813924985436
0.30031398134912024
0.30175630635058626
0.48972647559216925
0.18414459614970158
0.39822039756610955
0.46587488548618944
0.1415217792399441
0.3959887449286743
0.3605476532841313
0.25512101792299885
0.24441306799088477
0.1826957747925369
0.12612179509641566
0.1410185787199082
0.08282665908462025
0.06639067551475292
0.10563897012432273
0.20294155158565486
0.12214459643420303
0.17097573349299522
0.3608472869555763
0.41152822343292755
0.15149433829943196
0.4019850020620479
0.4503209334653669
0.5564504125548737
0.351780403504882
0.5053985080486857
0.3446156565985342
0.4132639706844664
0.3177219397275752
0.33273329708119725
0.3239559527108665
0.236192288866146
0.12237439975056229
0.2196638346843779
0.12401352575173279
0.05926741904369054
0.20617216962826326
0.18705605437141318
0.19493175478580052
0.0828993036875529
0.3213617322576159
0.1806516545573517
0.2577458135381345
0.4830192383195927
0.4749262758805569
0.22976791040279454
0.46511291709274416
0.35139135974839614
0.4978078785499291
0.5628190027483323
0.4962870097190048
0.5704310287629948
0.46456821439157997
0.37793689629846594
0.30219184055518383
0.22117124667353022
0.21811721164151285
0.24262949290171287
0.16999077532533907
0.24859311608428233
0.2023969277263502
0.1412146391901285
0.10578986334226397
0.22685051973316547
0.3191103045062161
0.2256830159201928
0.3285892394112707
0.1466956429696798
0.32933614508736464
0.3712672777758629
0.1692336027040341
0.5062501457880721
0.3199052437408855
0.17697441921686696
0.5743944686707813
0.33712606063110095
0.28895112093250125
0.2667617122029646
0.40508212349132483
0.46060725035990147
0.19839405637022542
0.22777192166520532
0.1541006966800607
0.20708777078328103
0.14723574169291612
0.22667190158356257
0.1811224372318299
0.24073743197626238
0.4090763155240086
0.5340942103900653
0.244892195596429
0.2207814694659064
0.22764573912571853
0.3069699276214051
0.27796053550760164
0.16897904512921239
0.4432877865771525
0.37216273865647953
0.6783561124833026
0.552384956572922
0.4455659780647263
0.37285858130171273
0.5568837924421737
0.4328458316974225
0.35797016097369483
0.23375256994242982
0.20105644853133964
0.17163355362431457
0.15360833374024915
0.13790445928445785
0.07170423980127504
0.12420436155883109
0.24047045756880175
0.186181826888117
0.40452820311477633
0.40006319278656166
0.23235832306889334
0.21019590359226983
0.27828465550253634
0.15976309141921918
0.5425991362387127
0.5827771234131668
0.6195524146054195
0.45463276447171935
0.4108948292445366
0.2493229864115803
0.1756401372425458
0.29806216025119725
0.2508782185261781
0.22825578071281308
0.14087968050919777
0.18494620810864787
0.19485704502134443
0.2172369606622215
0.23838201478165222
0.2154046643013976
0.19952652312660887
0.2582959158228054
0.3187455319662745
0.23949399938166122
0.371761368803929
0.40511041541359777
0.2514160452164143
0.2192538825227465
0.40398236832467427
0.6557387776469059
0.3628823705199792
0.3814618505431231
0.21488573567403044
0.44255082533425466
0.5401068554407282
0.2884327827627726
0.2717462632029969
0.2030750481989863
0.13686017633802627
0.08416993862563421
0.24607672152089216
0.23697814422196115
0.2050507980762833
0.0822062300849629
0.26429603881326774
0.3815123092376262
0.37953559534866743
0.5787854992801998
0.3821878549422249
0.5262384373581831
0.4922287126737451
0.6755333071587499
0.2840770591227883
0.295476355860006
0.42922849082578224
0.45567733994374077
0.49751341447454633
0.44309761072125836
0.514690485538543
0.3119239480172052
0.12084508342934705
0.36889804999345716
0.31200104698337955
0.11503550233249821
0.23808186877294088
0.10133165463035589
0.18434549522294416
0.3565074099567899
0.4987833856608985
0.45389719209904367
0.4659115408527457
0.80950137637061
0.43678082326809337
0.656310368414902
0.3663550155967122
0.26526429536900775
0.5065187956318922
0.6302149064456904
0.42952440365313416
0.41623208290901403
0.3128016407927447
0.44787916330833144
0.45704126840438414
0.3882910070870013
0.26548975818544845
0.47576084305019495
0.45620377315605626
0.30412277883349154
0.3607278519355674
0.2679078343893092
0.44355367527674544
0.3766268512434387
0.667346526080799
0.598701220591353
0.5143090525186782
0.510654360805157
0.5473628139794124
0.3587636888538221
0.4411077129349226
0.6175771628913959
0.6838846282509595
0.42139772406296616
0.3695316787599581
0.5484203866797366
0.33897475532296245
0.41245126116885145
0.6520847412699224
0.34770681425815536
0.20163449186565607
0.34368393159314514
0.23102297258326474
0.2455113249733939
0.18280862598102562
0.1738793338616682
0.31914999694088186
0.2683024151612328
0.2267542276932153
0.3401454270839665
0.4838184260338977
0.41757131025139166
0.6534485015050396
0.42745634877825606
0.1500975991559972
0.3269866046927403
0.3286546263578072
0.376096060725037
0.3908192644941769
0.2513377518185459
0.4267803836459226
0.38574793875147284
0.5016359115299056
0.11089177641437652
0.19016997741574
0.07568941301616698
0.2495746630022253
0.23305195655018993
0.2355811415285693
0.13563265273279723
0.108931185788501
0.1481783768215505
0.36197516459367934
0.15755995466146824
0.32612827096528657
0.2816627676357245
0.46082433115372207
0.4241562073176922
0.5334616037434584
0.8063407930899127
0.581060492288029
0.5066151531821665
0.2675360366219411
0.4438409675933434
0.6799132396506128
0.696662139399895
0.36848196905212754
0.28694403026367715
0.3109992835184861
0.24249038154219524
0.3164160700058607
0.2085192052839956
0.08619140329985485
0.08212922190689757
0.12603698967696075
0.2050285393437884
0.21927971529886126
0.35564072697884763
0.24245796610146705
0.6161613368513754
0.17091965121646438
0.3921530342586229
0.3653693454315993
0.2258048418668317
0.18500252178019952
0.5905089194079637
0.394673919342683
0.2809220191112841
0.1860902622953755
0.32268415034756953
0.1409153398376788
0.2592779001279114
0.24661289747905038
0.26265843300986735
0.07860609776039894
0.16468820632428904
0.15895953472773136
0.17050567598621144
0.23377175762334837
0.2888365397199323
0.17396398787036443
0.19925860566874135
0.22032052303231672
0.2763212083162223
0.3489875386264206
0.25570589866726195
0.46050991734632024
0.6376449580673333
0.5035902008136537
0.2225247565426337
0.22487350597363231
0.6595340923962842
0.5096039806879298
0.5598743619945041
0.4318790590769532
0.263573074989026
0.33041910980589434
0.3199842952493136
0.16595384307236533
0.15014030286434762
0.12930053288233317
0.2849084721708361
0.29368130917779084
0.11334824180460698
0.25742080456593214
0.37433209345054314
0.42864254063718077
0.12500352504488632
0.26577986159280664
0.3169864950095117
0.44352928339520953
0.3699683843767541
0.3935703659299823
0.3064173179553979
0.38671298949699123
0.23479635851933936
0.41301182232318123
0.17411549060618367
0.20072913255800665
0.39310954063604314
0.2724005548316536
0.2759782750948836
0.26939252672349806
0.2603716790995947
0.19990405181414792
0.13294065525626322
0.13561885887339978
0.09573488800125296
0.3337148340046181
0.19048211130325163
0.34549233259187245
0.10822536824885723
0.30293126585981844
0.22207760545722596
0.35731579636173355
0.3339194936560556
0.2971634612746138
0.25906116072694524
0.175079750150602
0.12044022304785781
0.22476639801058407
0.16079730006457726
0.10817723813756588
0.29122497055359325
0.1023246166045853
0.3083366051563935
0.11277210406337566
0.13087032698490772
0.1820795338724041
0.1942814814560771
0.1817689887113723
0.30683156654888144
0.2521281627089524
0.2266488062793428
0.2648823932099128
0.20294952044788903
0.20664980268258237
0.16380550682683956
0.12883537299151254
0.36141700611304406
0.3252509707327187
0.26218664423314014
0.32220521831101634
0.3958975564941577
0.21437781162185446
0.33748983758306256
0.3704264026706196
0.24475627850143364
0.1610236149997479
0.12474255346905334
0.16671198667975887
0.1265636748076644
0.049631770763239935
0.05370357817845535
0.3047719445278143
0.14128502856160807
0.21166599298301153
0.4436893440666254
0.211279474903579
0.2457056915527506
0.3120049688627001
0.3086459618747486
0.17670677775211602
0.16534620978510714
0.1296584269075571
0.18173522586866087
0.3058827378615374
0.27335533343107976
0.2632858712596984
0.10375889392105594
0.4043722285605361
0.14933246133974964
0.32210042410458267
0.19447716267504317
0.15678352768717843
0.23069624394712784
0.1270333487610821
0.11877001693792934
0.18705545459927633
0.23399286384642567
0.2389589378623359
0.1334908860768972
0.27745789897324896
0.23633940334068085
0.17223704609296545
0.1803311130053686
0.15662716022328452
0.08983003971345146
0.29302506626135544
0.2911579075362812
0.40168581220025545
0.3231370455220943
0.10355674745363394
0.4126423243031026
0.13930779412056013
0.3362512696579054
0.18339444443910327
0.25017265338213224
0.0763824866187563
0.18760279071393343
0.15493503191038233
0.21383265631376047
0.2440222348215157
0.13211951137191116
0.08029065165558294
0.15601193150654935
0.17380414849952913
0.15942062867131712
0.21009570018072266
0.2749967281769406
0.06728589558476483
0.15905526605156095
0.24202527287781447
0.43023376503752786
0.4611634602800687
0.22627444069477268
0.255939707078028
0.38411589301121546
0.33275144397678197
0.3898368102489346
0.3762689251580381
0.09899690070992835
0.1344472289424098
0.2895857872006287
0.2401579530970691
0.20578372697973535
0.2739497447978019
0.0828049686694229
0.13925415122481338
0.25423533687373234
0.183663755789991
0.26343410548357565
0.29620619698569256
0.16116684137578385
0.1926860684335805
0.18037906864935047
0.3491395105352709
0.3829538018583962
0.3291878255191489
0.2733076164723799
0.24863785850986933
0.2730484649690082
0.4162343884697483
0.13614409176598866
0.1076691697838992
0.07868310593846427
0.10039886019217217
0.1924907837888258
0.082579742909807
0.19810888627143097
0.167411767597291
0.1888575856896026
0.174809024542322
0.15070117202776348
0.24024050535031247
0.1190161392002904
0.23340803277672462
0.19426413875302706
0.20352327075211435
0.19389154151741234
0.12377359140783817
0.20235595972306686
0.3046394450988099
0.22349133239340774
0.20785308067974512
0.33303886925795106
0.07594931561713765
0.0597294681120838
0.0527409759526361
0.1052032791646864
0.1008422664120382
0.07053372004554143
0.10553011639986401
0.13601163632280477
0.10633569099191274
0.13082668106429543
0.15288032158656276
0.23844357243556674
0.35224447061902947
0.10786920542530389
0.23938297861428567
0.25958644156524047
0.3578392880513026
0.4217707106399695
0.10156787963351022
0.15773123578074513
0.11126922903007669
0.22300210336292997
0.220586310692318
0.1607566217730863
0.08280471098019201
0.16236935957981508
0.061738645999031075
0.10626063427914083
0.11724886340984202
0.11041596382539721
0.08543918299418347
0.07070780719934355
0.10306840085930978
0.07170582892233097
0.191113751644536
0.22615331388276977
0.1904151682066319
0.13458802226548802
0.15259732330623504
0.18162753026106698
0.1768414060228581
0.213519823225997
0.26158879727784373
0.2231618848514359
0.2661529904462772
0.1189916481556194
0.2500948828687348
0.14235587410343664
0.23280796921974695
0.10874335059164471
0.14759100814851644
0.11774782807314191
0.1599921476246568
0.13986194636002613
0.0450497841683404
0.13669634675105385
0.18587226802774534
0.05009381983163319
0.12914462373632582
0.06925998703515202
0.15056742867400286
0.13246630658228464
0.2214697029184663
0.15879398951203372
0.24835375209438287
0.22408716136631354
0.11617155192758467
0.2178397736333849
0.23918361651502654
0.25051404178272096
0.22641575298486927
0.1912488168956646
0.16515433315078237
0.20703021442675443
0.11555272187009585
0.13125387022695428
0.04225823771346457
0.08947337471220482
0.058381957778095905
0.07129994686643104
0.13532079749322726
0.13088315474185136
0.0572844584585029
0.10289142540126266
0.08012429872694045
0.16469750304669117
0.137195135018957
0.06330072236987315
0.07134505695579839
0.20010469833791447
0.1843054243646596
0.08621065534437085
0.25842804080515064
0.28285262432553987
0.33068315665488895
0.17865757004274455
0.1857647566825927
0.33074927447948826
0.25223248691228467
0.1749021169228018
0.11506172861965887
0.17883206321809192
0.18726160609222567
0.1336348181275706
0.08321075091210757
0.107358213828319
0.15579422853269925
0.12767836779015387
0.21249990910014865
0.23571929329090607
0.18397998536649926
0.169548202906524
0.18573774381861624
0.2576217644059976
0.21408998799228784
0.21105937448096965
0.3715477742225989
0.443662644743959
0.4038729537482722
0.1825396410134213
0.4963393635079312
0.13348562761716395
0.10814928456825854
0.14756880399504138
0.16194851738408514
0.14832374521319225
0.06837363609994042
0.21562372985209205
0.11661936237966608
0.3038793585460626
0.30967596889644117
0.4276718005669541
0.47300520035409377
0.32242651261089367
0.17605123264193676
0.2610320282524387
0.37233146969834086
0.18858340206024746
0.32489117364662157
0.41823714173537574
0.12682284325168497
0.17742298916867769
0.17388385732968617
0.25565510626204435
0.4409066961584468
0.24689176809318225
0.22523229943724704
0.21054115217488628
0.08725743266599338
0.05769837741560516
0.19169611307420542
0.19446062871407085
0.2078186396133919
0.30608470400930793
0.24190523429392657
0.2690685052577416
0.19610708349145475
0.12183941470513372
0.23696618874163247
0.1933093601536009
0.15779507220942074
0.3280812769220538
0.3849756129500494
0.33811123322207415
0.4086840102585818
0.4761484098939939
0.2084521218035587
0.31590638578627406
0.2493099961788612
0.14745035234676448
0.15940092521949742
0.11560351427531346
0.1564847301464972
0.20834969244863238
0.14583948242248868
0.16063979106618637
0.1035613427631248
0.20696554659183364
0.3221273279674951
0.2173411040968399
0.31952411325830576
0.24252978844583395
0.3605124001468686
0.2985792517787126
0.5188784190550981
0.37874203490608765
0.34172192198069357
0.24671564294374182
0.3982737962114484
0.4119308436620187
0.3419115260631368
0.24298005147724064
0.11539675483121045
0.324991967128348
0.1073782782901359
0.1436640610455826
0.23458688146367973
0.22307458155343007
0.25539850804868536
0.19197711094509928
0.1487234199757428
0.17219749244336544
0.2342598570730873
0.0950280917328754
0.3259566374116625
0.39831876534343974
0.5036955031506446
0.36851365937951375
0.18971927268671415
0.378454211276521
0.5171391807212943
0.5133314398112353
0.3027603830170008
0.37129785440943225
0.1341097421011362
0.18972764521354413
0.5135780656982079
0.2492416227571988
0.16226480386857134
0.1334908860768972
0.05636036032171645
0.11565926218027806
0.12461070080057254
0.1436830771369114
0.18325480957989806
0.25404843770274477
0.10565522030591992
0.3399213649126625
0.20763935252964963
0.2845769546285793
0.4382693815653899
0.3285353556378126
0.15783788696758055
0.4142399911658256
0.5732878562882758
0.4528537101232129
0.5891756435861746
0.656491296950662
0.4658625026945679
0.5544499354438027
0.42879112201889535
0.35675260074768184
0.13086577260012558
0.09838757350098469
0.10185294151393398
0.26251454211855046
0.3015665300219569
0.1494651177537301
0.19490654539817956
0.45915854054392413
0.198424581593082
0.3724822505159159
0.2997289090777505
0.479947024247301
0.4787004318806447
0.26142935886629487
0.20747817466957222
0.4927690195809242
0.6048197563570378
0.42169327584025823
0.22979240334756892
0.6024337732213432
0.2869851829594792
0.4054700466075017
0.49630283994241703
0.2713197234240975
0.31438860905293314
0.39769009291977575
0.4216391504833906
0.26200901100533996
0.32944294237802896
0.21681678382142794
0.30217087176548785
0.3175759365419094
0.19477483428295314
0.27162314789516917
0.24459929272634104
0.46497573883878945
0.4354392533627746
0.4684370059989324
0.6182235182574916
0.19530236559646538
0.7848600874024697
0.8189693970192612
0.48803036013267664
0.5859676102060104
0.45972093785183205
0.5659619500624048
0.5457493725867346
0.4798111334320441
0.46651468018663766
0.45452165946865686
0.23449078010349092
0.25175100389734506
0.12280879197001836
0.11607057638928378
0.17882218082595358
0.18496059844699023
0.2437514024586414
0.2353550749767336
0.600587250411154
0.5593902290835766
0.18251900803758622
0.5022943234090311
0.31667371573015074
0.20955850456084854
0.40010870670096854
0.5952711505120474
0.5775081728286127
0.8866640492082201
0.5823281283682094
0.31243126653052444
0.4951873212852359
0.5016848772438707
0.41498541358450325
0.21018053502725204
0.23745449439239544
0.3048795655251408
0.22422528170554823
0.2916830257819665
0.13362881023963305
0.25008236910877046
0.3148981785966542
0.2996998969279018
0.10690660319948457
0.36999227884961206
0.42926318544693204
0.28678374123236
0.1947208389708814
0.4942044625510428
0.513891929249173
0.3720602807070181
0.5385860912730982
0.47052821628933555
0.48473963466836906
0.39657137477043625
0.17064049657097638
0.23256149268976375
0.365406233633025
0.24315073152092642
0.19997956075222642
0.19756929023672368
0.19002231107309678
0.08499403439687081
0.12936139814551825
0.2894221387948105
0.17970352965995628
0.29342230557342014
0.36084134583346
0.18732707129174747
0.305344392846299
0.6341559362118373
0.7279500363590531
0.3995330594418353
0.7100837586703314
0.6783961249583513
0.4772570099711585
0.42159389410802367
0.5117376996704377
0.5422632433501721
0.36431225778006365
0.35851850476150215
0.31601318307693915
0.22022079416533571
0.2187347045546438
0.21957615151095028
0.20603346764988772
0.14007183898459913
0.1855068938846375
0.3864350215940331
0.30546253935597173
0.43626488679492315
0.3031967165979767
0.2698431181195004
0.4594261395518212
0.5910324014448711
0.6104980326912949
0.5268659714684666
0.6640992571306503
0.25595593184533594
0.7076655472671749
0.36661564933679325
0.6537767248341023
0.6235943447891767
0.3886126923200458
0.6676825138886748
0.4094815138353913
0.13630447517600416
0.33546722401621837
0.3146533419515468
0.1805231589191126
0.2056076563209444
0.20905362380455725
0.3588811223181494
0.33816713879807786
0.5242769271037832
0.3159651039496602
0.4912608570600333
0.5275903421025416
0.24332217271331438
0.44367679058457316
0.4818425360112037
0.386152433084226
0.5277342329938585
0.18591699389472818
0.4425065746038495
0.43160433524761044
0.1946959261941994
0.7131265541159523
0.39757010780304797
0.2664276375468711
0.10354712143137529
0.21017754595251747
0.25092023441678557
0.1490079861067717
0.25728021453322597
0.3065371024734987
0.3264884323980436
0.4873827248634564
0.2763803186716808
0.3592126871508226
0.25231973831941984
0.39680781619226985
0.1395388186547568
0.24327869019068285
0.4927690195809242
0.21351479970896514
0.7381314942774272
0.9548488417746392
0.31765765889740727
0.4927101656108897
0.5589859650753024
0.5181798778104164
0.3200062598821153
0.27553186750387465
0.3284821025578485
0.13305087965273557
0.12320345888260435
0.406403631139695
0.129233182384267
0.27532341533367655
0.4385059476558042
0.37508179557649574
0.4818117571842464
0.583505001450041
0.42580905119062745
0.5287294214792453
0.6429389163039306
0.6396763606464928
0.5591839626365079
0.7099528857479425
0.6654382388094678
0.58154898366448
0.7490027539976134
0.4205307721829098
0.3587636888538221
0.5166169964091862
0.30695021763879843
0.3075673280947712
0.2852794852026996
0.29572455983449075
0.255262441196179
0.18386857408981927
0.11880343580402411
0.09978156975513876
0.2743423635649786
0.264430091685874
0.4173123629972707
0.3031290743387838
0.23210436104280538
0.4123863912010488
0.46980376014967495
0.38970624304355045
0.4472034835076955
0.19768961911649735
0.5770312523590282
0.456767245396364
0.3268491275754145
0.261539099388434
0.6383528710873435
0.22240288568051425
0.10786920542530389
0.24349216628645654
0.12917583012843367
0.13492849222780048
0.12046690442422851
0.19405182567726748
0.12480954668313712
0.18232967448736193
0.1794995462847466
0.08307257208820022
0.14935216479156865
0.20493560237428862
0.27817363473516077
0.38754066849964247
0.19712532464960092
0.31995157701871535
0.2887264753121006
0.32018109206635853
0.3806489638897245
0.4542059875309233
0.36907743906192914
0.37728169543917733
0.5552283732495757
0.39138936694191634
0.19263576905023505
0.27160120530655246
0.18869378538347573
0.26851448637251635
0.23718164053033125
0.19831042641295038
0.15996247197786073
0.23057076424619874
0.13594107180003054
0.316547169530263
0.36139636263152347
0.16739652706996577
0.5028016444495539
0.5983711748702529
0.7424748069624415
0.7884357498818161
0.49646189939880253
0.6992819599499939
0.2958172900165107
0.4917889981187809
0.8189045936395767
0.7482218183971079
0.8720363577369361
0.7212099254585592
0.22444033497201366
0.48686214881784246
0.14164691752930078
0.16756005974141003
0.35287802186556283
0.2797555028962629
0.30191186816111787
0.2518013120647697
0.1315102982186574
0.15375645353010728
0.49918628015658606
0.4194997577310632
0.31897630476668287
0.5392742824774739
0.6240260174631272
0.5673606066563835
0.6857214857741062
0.7184596257034429
0.44903459572550825
0.2810413458501849
0.2512488069610793
0.2525964500772266
0.6330943390605255
0.1526205829036406
0.30803822115907453
0.36163189748643043
0.3389608689962051
0.1694773254094742
0.11515896041990449
0.2769786637856797
0.23861967769597564
0.2654211381231521
0.35607239965279813
0.13225191980530557
0.17902476195786227
0.2428146227984201
0.4453571214754397
0.34710927152653615
0.3662864277703752
0.8084674780787844
0.6571358386693211
0.6059291441800616
0.8733313757587863
0.6818673490646602
0.2824467450998809
0.7043014326112342
0.7615912942230084
0.3954527362226859
0.6256719943810761
0.33551037758190433
0.2781222801699735
0.23970629102371002
0.14172392570736675
0.19402124314224314
0.3909828556471674
0.46045085221407694
0.4748855237993887
0.8082711686951977
0.7666443510367698
0.6400266845775663
0.5520225466139731
0.24152652448030543
0.200837328394926
0.6148404272404726
0.5326332335589912
0.24092008507803944
0.8344808351032219
0.30207420448433525
0.8471872119903128
0.24146876834675612
0.5269885668639128
0.5357909162569311
0.1539489739752706
0.2966551705939135
0.45916764821358524
0.3822470880774773
0.2689497785293005
0.24576726514221234
0.24016040738231384
0.08948350291215681
0.3818270134490796
0.47245135254990583
0.5643894778170409
0.20863440642406186
0.6316522347029232
0.8032491224121062
0.6557627702403268
0.9838371940845437
0.6993086592726576
0.22651955577978364
0.7116843484533794
0.4191897202610563
0.5722828529455708
0.17805253370978497
0.36094776227818015
0.4702642110018891
0.3480501057210771
0.18827358329519897
0.45439078654626464
0.3242098751354571
0.32127294964217745
0.2684082907631351
0.17247407731731376
0.3238970347681703
0.31101357772472854
0.41650657400589564
0.3853418469656749
0.14593049743419673
0.2860797569874013
0.2505787647397736
0.5715320377637838
0.641061407859556
0.44624377680731575
0.39345490161745994
0.6911386665368067
0.7896000267538444
0.5108119884197132
0.533584199138904
0.7075644549142794
0.28436512799340435
0.6308074859311621
0.5093901321816527
0.1729236277609675
0.3324742934768265
0.3115740652853025
0.09234243152283943
0.28796670500931465
0.20215377276614577
0.16888856051998574
0.5839222614841003
0.6005478647304486
0.3800598821457224
0.2926779725454542
0.5278432142389752
0.4437246433712875
0.5057269057298042
0.13447553094694753
0.5356770101945518
0.20433157447464995
0.5312739489202547
0.2311272571905871
0.3275258584733701
0.555032063865987
0.3095609315356647
0.3759633712792624
0.38640230336343484
0.3096349991870141
0.06537994317764273
0.1716090345452253
0.23917543954694964
0.19897232680875887
0.125131630369312
0.2573467842140745
0.37392401393988967
0.33994558970269123
0.23980787583414523
0.26024964825329794
0.530319188468415
0.18676408385344884
0.32397089127974915
0.46328966225647605
0.5777675796576204
0.6228417991567111
0.4778087066221038
0.24066980849932612
0.5595911037605245
0.38082831676668166
0.26112375522380854
0.40321947389085305
0.37405508400793047
0.36015890096619796
0.22463942070686688
0.3533241722287665
0.16627742990449204
0.23376519073810853
0.14938046374503383
0.08398704420272887
0.3135060855908916
0.3201305791793377
0.20694535445987441
0.35333469424813396
0.6026304118984107
0.607083760160763
0.8602277188849629
0.2182700547045124
0.9053134406491326
0.17204589582067237
0.48849361269388775
0.5410613794006031
0.19935492096716464
0.5447544583112293
0.39487632508833975
0.3661545110440305
0.25460611726212584
0.1435817556539777
0.2411035774905957
0.16118842593232022
0.16411270533450864
0.11445735161929095
0.20571828114293803
0.20575645820727506
0.2640950008696412
0.2970976813236883
0.33491630352459667
0.20268940886686926
0.1752418962911593
0.3499608158399773
0.4972011706627263
0.15501746244592993
0.249947756737473
0.42711909624565464
0.7894461326190583
0.684007328883652
0.16088933602342784
0.446835697321358
0.6284517733280994
0.6368276403612102
0.41308263658935557
0.20889550054021358
0.21977894739743178
0.13425932069785645
0.2199228382887486
0.28334988096577035
0.3349692448632381
0.3016940618321188
0.14218256399670182
0.25399331160085453
0.39086032352643085
0.3880212563076342
0.38459814234097395
0.523917026567204
0.34267942720157396
0.17167048095260304
0.6676432625905662
0.24124736983481743
0.3545990621625421
0.38588683324003326
0.4524109572268096
0.20214646742203995
0.48140759883711276
0.16962976423386641
0.29438927363467443
0.44529130342659573
0.3513815565958673
0.43063735113205187
0.2764035785724136
0.2904039727323401
0.11276885075472383
0.3031174102291732
0.1461711479906514
0.36378483094284136
0.26618606494383135
0.5530590298656327
0.7648540766915353
0.19248487583229382
0.33590417846324516
0.38586377908905095
0.40147329898199613
0.41737147287011706
0.21731707850095178
0.36859247318679184
0.6226620134699232
0.7208153383065037
0.49285508093864216
0.44755267635126406
0.12651710446132006
0.2060093025073553
0.24195131527287048
0.14149048751560087
0.20945618631620389
0.17423257600776834
0.2225128743324529
0.18962497947913212
0.35050928138585646
0.16993319853267172
0.3514164849322977
0.514252640796882
0.35964409054426094
0.3260533798936719
0.7199973825415545
0.5686688734670264
0.7863826724250775
0.6811219231376734
0.5814601670505796
0.46824085336621907
0.4520582611673548
0.4750126104153472
0.32786653021227563
0.32770217061074924
0.2149362056382788
0.2028286004003007
0.10358133533421132
0.1634891820366374
0.1734388000395235
0.16993514264525775
0.10554294716745073
0.2790865070017017
0.4430375605287272
0.17233377245446838
0.3162206982506454
0.36279366362849585
0.28978640700260117
0.3489334479243426
0.4493229011491897
0.7091676482135889
0.20845151200115655
0.6922366887374966
0.7887074407720934
0.5603920834405098
0.4034281760036112
0.49676891318246225
0.23105866936425007
0.36065113432286283
0.3054901190943599
0.18365587440926298
0.22369454259913676
0.16768598189095502
0.10459849314482843
0.1642042726602907
0.13023981652668495
0.10424019503396527
0.3828032979976453
0.12116274216386771
0.3467978546374719
0.3322851567538061
0.33992338554921614
0.36143921026651915
0.35986419096687033
0.15697154496434323
0.5070196164619962
0.5360690004916175
0.19323277081095408
0.42633478433360605
0.45288219133080754
0.48638497189221774
0.30538087097009836
0.3159528531432734
0.3191764355436714
0.12046765817839208
0.13688758380348204
0.14791381280874794
0.09906825636123333
0.06998118181705838
0.20841217225809572
0.08377527171304822
0.33127208480565445
0.5660581075775434
0.45544344919624885
0.4722843186421069
0.5207986920323843
0.528137127489546
0.49849739696227613
0.5704423504776872
0.2994720211631148
0.5315452300387151
0.29599762334016744
0.6528251385108349
0.3268660583771535
0.4120385844487192
0.5562002897819194
0.21026284041885687
0.10836013256047189
0.3040332526808476
0.18803681753498072
0.1838515358793343
0.2264428739693763
0.05926741904369054
0.11788917251010668
0.2073179962093881
0.07618996617359299
0.43475093076705495
0.1451604156535414
0.3317390841273211
0.49810234262531183
0.2992897846899133
0.1395388186547568
0.4912141384124302
0.4798761225418578
0.5767952171734239
0.4990523120649013
0.7280423728399262
0.43677790300729186
0.17812954188785027
0.478478623983966
0.11920865964545439
0.08012700927719359
0.2373380447585397
0.10046744801850924
0.06900895356898107
0.06304081976890195
0.13722166847567793
0.2109152684923102
0.12306027801393275
0.1650245245520626
0.11225867157503983
0.2722108160481629
0.4222334314803086
0.3983538941794471
0.43536650730619403
0.3512802744850923
0.1875052875673295
0.47174944473046226
0.5018565107974956
0.6072195613573137
0.654774189065466
0.6955895825153757
0.1786878511788256
0.5027105806880218
0.3371857459512217
0.3022182960345507
0.20463623407836098
0.12102137083186008
0.16841850410809395
0.07125181675514038
0.13071269937035218
0.2578650122454078
0.21669856311051114
0.1323470696999691
0.13719969524601616
0.13228079787207955
0.33870215710809004
0.5122803512664237
0.42265874497941236
0.4077570744154294
0.6763587966752437
0.6175509273538671
1.0
0.5845816697760715
0.4719764848835415
0.2597969685994729
0.6748789425467885
0.2602264227316301
0.16123587282472251
0.38509357413951156
0.29147549128240785
0.20838598036314562
0.3304214108101038
0.20116963048376127
0.12936825608928973
0.2725755791126821
0.3354892138308603
0.1957340903745972
0.1964480925800332
0.36554042662270797
0.3212195509968445
0.15039938559188037
0.20416972042829917
0.1923686198098468
0.2098566761561963
0.1766784492008042
0.38241067923046784
0.27857916278744166
0.2199228382887486
0.08502146952740576
0.15344385616244433
0.21459098018857153
0.1693883572582534
0.1368664020200776
0.14679287601867258
0.05470468449330733
0.13472478217355788
0.13404179139755903
0.07932609702517893
0.06493714615376586
0.14370634306204472
0.07414924945485567
0.06432108072924154
0.14001272862914074
0.2855974348907219
0.06828700189961709
0.21520321705355414
0.21351513981587747
0.07152134537836972
0.23373636385517102
0.24651484617686564
0.14579028366203103
0.11849232877988554
0.16708527142909002
0.1799516254672032
0.2386574323382089
0.11340311206567623
0.15096396995212918
0.1708873184138202
0.08739679857779248
0.07116672860732152
0.07886367450123209
0.14914241641329687
0.10901919891711773
0.22375239886188097
0.18440460557840255
0.3653965294101331
0.23759979060332423
0.14458313791849847
0.2718674500541492
0.19674109061164258
0.24401017349519727
0.09214028505541742
0.15622050764767387
0.18739953025496217
0.20148749830588147
0.17248454626680224
0.10257617017215162
0.05347255364425875
0.12250031472173425
0.19997382541552225
0.0906161749177342
0.11533774803553903
0.09418249969705818
0.0867937052647576
0.09164075441234679
0.0420945953350753
0.13088007970962762
0.07382793626919923
0.0522404227952101
0.20044001160444053
0.23508893030713213
0.26864939144091154
0.059036394509493946
0.12233873234707776
0.053443675577484154
0.2091631246861782
0.09653943151696538
0.3099791361543818
0.28320900405706095
0.30617720193692016
0.4053981971962314
0.37779541572648634
0.0988881266584107
0.24568117247366134
0.15152114331359665
0.14265448100541425
0.137156797603268
0.061372387006391235
0.07623940023165465
0.12924279858083895
0.09092002259239183
0.15232738601630857
0.08840538841923881
0.38874213801962104
0.12257517376891137
0.06822924576606776
0.0815920782105534
0.1551449796264923
0.19779241920420965
0.08730802188180482
0.2315352623305707
0.20443943100093898
0.19506377810256667
0.2518109422459587
0.34666193536067286
0.37509477548489206
0.3971993194608043
0.11382835658896631
0.08814175385431813
0.10722618480154589
0.1329359275549239
0.09910836265192477
0.23095798979191237
0.049689526896789134
0.2039509493525724
0.15886096986378725
0.1489555211546339
0.19695371369758458
0.12488159362839951
0.1314338139014736
0.1429975514893529
0.22627928281638582
0.11359515797942023
0.29441343103999706
0.21720102929273216
0.3203837304911907
0.34599652243106216
0.5419774898573496
0.3322580407375832
0.28072711238478915
0.1956749800191388
0.21703879395339937
0.1478341496026539
0.12698431060290358
0.10429037048044536
0.16461117966653233
0.05005531574260047
0.1592008821530167
0.1751241584575522
0.07145396322256238
0.4515443004842304
0.21854148573210622
0.07899113865072695
0.08794333935084549
0.1722201152912258
0.15776553871848178
0.17761102364675527
0.13410888057626796
0.2053884196440165
0.18066858535909064
0.10116949393360197
0.26674533073196083
0.35300118164703637
0.23666915355862012
0.4755594817432284
0.14076268565977723
0.10897979201347834
0.09677646274131439
0.11925850831437962
0.11683825558560189
0.051605105326169444
0.1931029969899234
0.2935661964647369
0.09274672445768342
0.14913736958727855
0.15077081332257034
0.35054312262792875
0.2267710194404696
0.26772382457484106
0.10497177272558793
0.27564348712064873
0.22529773589844282
0.3034371116090763
0.4405182567726747
0.3147514182679032
0.12552943976206646
0.22101741158850619
0.19082505043493686
0.2014426790930994
0.2731336898977377
0.08374639364627354
0.12316627732349543
0.1035022324076664
0.13360341062157857
0.1911671502898689
0.184260879355246
0.13736801511751023
0.07443150914096551
0.17504170561771112
0.20107807650981754
0.09392416938595478
0.4265802905378883
0.2625993370452012
0.13752890252758795
0.2804874500587735
0.17961666678627178
0.1574903177781145
0.1905223119713099
0.21926601556590955
0.16976494087653793
0.18300566049922054
0.12702465437621435
0.17142003082937327
0.09882134018642008
0.16970946211228918
0.06477434319270885
0.049689526896789134
0.16552152859573407
0.05531112389557346
0.10671316160098818
0.15410286611700097
0.11087132338814729
0.13792870089349987
0.06288680341277089
0.3619945033372601
0.202327467164333
0.2155717433521391
0.08185969328366824
0.17407999682500144
0.13038410419364235
0.2963944509880913
0.16023487988861307
0.2332556555610718
0.15621563326526222
0.10847564482756988
0.12755963942164358
0.20562008369184845
0.052923870375541755
0.12222760925960129
0.27525847402172515
0.05004568972034226
0.07327923365850285
0.15384112027221578
0.11872138094984702
0.06823116964009632
0.14507939097072375
0.11956054564053276
0.11948066787359253
0.23031176064182873
0.2656520554655189
0.24180715797756958
0.46682246845620684
0.2246192835360492
0.13061865647627577
0.32282151035681556
0.0837656456907902
0.21405156044860923
0.38926489961994515
0.24482299621566764
0.45549586013604604
0.2809047456125893
0.14101664768586525
0.14887884905006857
0.1426274830618055
0.14569820378935902
0.16377661249689432
0.11810389233367818
0.05473356256008193
0.07728476271658655
0.13355798315229836
0.2132247088077477
0.21728176940191118
0.1754128124527279
0.26224074722724694
0.1390961118115347
0.20421751685942763
0.20843669133718498
0.1974031057470505
0.11273034666569115
0.4009170291554001
0.44428571309608206
0.20502273048670636
0.44347574948529533
0.46016282615166
0.47821063443028217
0.27267323904552354
0.0813013839926929
0.14414936435988726
0.10307472098829984
0.07620107506046093
0.1871541306877702
0.186858258455702
0.09790226331350352
0.21055085854551742
0.13058727381451274
0.2479566096008394
0.09027283673732812
0.2916909430711066
0.17013762667730364
0.08964714529054546
0.33238055230820746
0.16493245201251386
0.2048999282675662
0.4427430964533445
0.11720644701575043
0.17083855784032115
0.12123975034193304
0.5991035204816134
0.36654233739039443
0.13467905579542871
0.2245452165946868
0.16909887530153608
0.1532932824656018
0.1254150895411952
0.16011024948499827
0.12818309996754534
0.219081272084806
0.23551958387465546
0.17648833128397323
0.2855621272195525
0.33654887957819096
0.44112214794714555
0.3118202959009586
0.48208876662685907
0.3095288544219063
0.46251236654628364
0.17537649952200698
0.3898147792435299
0.5115607195888529
0.3272385360154163
0.5027482458042216
0.45115604553511496
0.22612709898969355
0.18991212467192123
0.218455151197316
0.13762861095898554
0.22523229943724704
0.06407080415052854
0.15042455021216689
0.13337266536598041
0.21486699098653544
0.0949414575325514
0.1023246166045853
0.2645596126161498
0.08962789324602947
0.08707699734760815
0.14700745402505216
0.14681910105708676
0.1077536931582059
0.3140979290957735
0.20877777547908494
0.35410454020604953
0.3898288384389961
0.23232446146541538
0.3655935087030497
0.2641882303386047
0.4153294909572139
0.23330469118121985
0.0840612399586871
0.15360120329854965
0.0498724213196948
0.15808005525094448
0.10645775018058662
0.11924529041142172
0.06914371788059574
0.09974041705933599
0.25928083828542825
0.27924779174675934
0.219643486174985
0.2412474683819132
0.2728171299368404
0.2174275908278317
0.1543774795194291
0.3137002802952075
0.24939070961853685
0.2577375948759665
0.19168925704678352
0.3254482397591944
0.23354501441615644
0.4162740478994904
0.42114906425860577
0.23757057308369434
0.14954919930976357
0.07389652409553629
0.14766083266940197
0.050883153656804986
0.05075801536744845
0.07647874684133832
0.11702570162140685
0.166192749872068
0.31163449415968497
0.11312876076032803
0.11942043213513508
0.15364702578331474
0.34795838241067967
0.2892025378569699
0.18064124628088435
0.14653457118138494
0.24455695888220164
0.17843371952951503
0.2577458135381345
0.21576613736446926
0.11464592509507113
0.263267512612128
0.6346355189111386
0.31985083080779014
0.23365430701772802
0.2128010874150605
0.24473236487370825
0.23838201478165222
0.21061951286647485
0.21813244339746124
0.18700338056669252
0.2147085144767451
0.2648305815258664
0.204254546831731
0.5023806579438214
0.33412810149223376
0.2522934603981998
0.6191925140688402
0.4911780790211128
0.4175901218704872
0.7340276706930149
0.9179426776599943
0.7781703965449571
0.9891391619158153
0.6049592383675299
0.45258828829318476
0.388039780132607
0.3238459341047796
0.31045847388785297
0.3935073026447295
0.2862602483662671
0.23651103689430497
0.36479218766660215
0.16527255386169917
0.07360056618613901
0.08585449252081818
0.3691270776076434
0.3346093443266595
0.21681584707230048
0.28140685570737967
0.29205123065705385
0.315063495627482
0.25308593435859594
0.263780781962139
0.3369988506925587
0.3249758742480949
0.5171443528333998
0.3304107073829618
0.15965746040073356
0.2903674535119573
0.1901383100578678
0.2736146586830412
0.18063205565004614
0.22656294523018
0.2402172490511715
0.15449649987925068
0.18174228938870585
0.2052947758029209
0.295384402305942
0.18391761224799774
0.19029593767242398
0.27646391491758376
0.19164404864297407
0.1770526149064575
0.32059486455456737
0.2927617635682552
0.3610783928805136
0.19719214580923763
0.32152205208742385
0.1591786273630224
0.32209345030876846
0.2953941496774673
0.5421233221255483
0.1546227955333446
0.20283100483571415
0.2179500940237903
0.16266762835806117
0.15678352768717843
0.1815019954847107
0.22225494045282054
0.23616593924075116
0.1668974659863087
0.12986419038656824
0.38735113205077965
0.475185279484927
0.21529789456393306
0.24069042680342442
0.16414945710798948
0.13708870168236856
0.14119489929744888
0.17240520342034643
0.22488899340603036
0.20227228837832062
0.3049683057113174
0.4422054871950937
0.43747546132705245
0.36329919486449513
0.29911647432659155
0.13461046796909165
0.10621510786555338
0.07404336321001567
0.18036383092778507
0.2865135453474685
0.2073736391482412
0.25562753566287166
0.08174418101656956
0.3386991231514206
0.31376783143567677
0.250306149995463
0.3324421099621213
0.3305910132526747
0.297754371981628
0.3174322732626628
0.30624263839811594
0.10721649013007482
0.13348244091191783
0.2161468664595658
0.15382877690873273
0.373716516911404
0.11243193997568716
0.24586910285678165
0.27646306159953105
0.16801273939523437
0.35061550525231217
0.17379123258416307
0.09273074120769002
0.15117156493592673
0.14561881071068605
0.19042520556878428
0.14292171201087522
0.20227406851900082
0.3592379992617697
0.2179332799870883
0.31209934326635386
0.23840599586138442
0.323577807798517
0.21620184238635576
0.17123812879035177
0.20266970541505025
0.12614902169361097
0.20145960989483835
0.20751675456263877
0.26591778575554315
0.33333763882472817
0.42238328457901136
0.4178118047376007
0.10128500620070065
0.1811816036127162
0.19389048120181918
0.22866771365004612
0.24940083483224382
0.16522110600768955
0.19595061579535314
0.18910511282356035
0.2199319460803567
0.40904331893731244
0.08912734008860347
0.3157995884956097
0.33261818436814405
0.37722636338726456
0.27553186750387465
0.3638636447501195
0.3497953801510192
0.33892723024984284
0.31026442679458205
0.20379280216875928
0.13132782166851892
0.39691213075547266
0.3553550132395983
0.36454442647822977
0.2692486358321812
0.23206722951589498
0.11174329147877403
0.09098861041872888
0.1743382039195549
0.18556554772350992
0.044857263723176534
0.18731994086005618
0.1931529381862471
0.10787883144756188
0.29611691816012076
0.17794187338161746
0.3002609022768762
0.13260770344005016
0.1949243204235039
0.1070702455778739
0.3868276403612099
0.3305749337114441
0.2902761418662485
0.5429917550058903
0.41486780855285904
0.3122014340426279
0.257602158156688
0.43564324041355945
0.2556653356918659
0.2671190506406911
0.20121702241755127
0.11712728643184273
0.1644385105969519
0.17137809187279168
0.06493895397591777
0.14066595673467036
0.1866735854939605
0.07089565393158706
0.1510317038778009
0.1031424441952564
0.09809430922724685
0.13500805186699602
0.11905474895584905
0.24555032063866003
0.130535368303977
0.13065499702147
0.24746176873395537
0.18271721236953484
0.11790914664059841
0.17042703088229888
0.19644925219457474
0.3947761849421784
0.2605887725598876
0.12190525640704991
0.17111595896756562
0.1991231514199715
0.07129018669472847
0.04527118268027879
0.07491162392532486
0.0860592652403953
0.2022088452485313
0.1049668094262194
0.17476217946161715
0.22780805913291466
0.3147166601230208
0.27839942415914215
0.20012345164354323
0.2218537847057652
0.21816516162805946
0.18812855797228206
0.1376474181397628
0.33951707891637306
0.24082624859016283
0.3396112816861448
0.44845035187824744
0.26572893329687297
0.3342821620206785
0.07325402938484436
0.20759717314487638
0.16306730312061174
0.09840181970827819
0.13470782051599786
0.05267359379682876
0.09740290240566454
0.13122498911765815
0.18019372867406772
0.23388025474648785
0.18858173736413025
0.14933246133974964
0.10016566158262609
0.08065644050139426
0.25062915449577483
0.13065980917207787
0.15288226490528187
0.3458316974218039
0.2492214016011451
0.26112375522380854
0.16959126014483372
0.2952731823317911
0.2959427530790982
0.3176748237672372
0.13463790309962662
0.1951473504708456
0.16839703518454144
0.1668974659863087
0.1004504467187224
0.08644809631521594
0.15924965067530955
0.10521372560103263
0.332613532260176
0.23019664792877484
0.2980268140955614
0.21045256888373995
0.2735329666588799
0.24694554767806182
0.09486444935448607
0.13514597602973255
0.16918164571539562
0.24342974240259418
0.0826008969975489
0.44833791388561756
0.5960934432665895
0.22724518621990966
0.3156542458010094
0.2690478548456575
0.22682960107195982
0.1342241077565495
0.1760567988483183
0.1136704506574743
0.15393447553081857
0.1630970040449292
0.073677043051258
0.1045004122071272
0.10344123518653528
0.10369107585635046
0.10188181958070797
0.07241656544838171
0.16241555334787605
0.15721384206753647
0.16337062397125798
0.11914205183880831
0.1656207807702401
0.11987007631359432
0.24173661888263878
0.14035703054670345
0.3017679772698003
0.136599514932866
0.17707925539037886
0.1150766550283003
0.16751874736911856
0.0905222131996367
0.07714758706391246
0.1038366070665638
0.05046923469970272
0.16269687929448887
0.16029445292702543
0.15942582195070723
0.15520703279045137
0.1317385683327792
0.15948041379890554
0.16773345283033558
0.36258343148802563
0.297029964661283
0.4432665881429142
0.45397576210481627
0.42363564978406076
0.3208811880402005
0.2274763512557605
0.31873651398888947
0.4144091087553992
0.30159554883720013
0.2698233548644431
0.2168785980174028
0.17865493065906182
0.11350409485965166
0.07565237244976455
0.1504161273386618
0.08458628548908431
0.10129534815308132
0.14069001802026299
0.10322710950540875
0.1157724562188002
0.17180741207374858
0.15800094565072628
0.14721691044984123
0.2979976442873974
0.10917834445241788
0.10280591771749462
0.2894634106798072
0.2846557684358574
0.41544178141015053
0.4784084354504259
0.513329275988173
0.296610715669189
0.4203024211288209
0.29060621088533656
0.4071536660702977
0.08391966204692154
0.062097469587599104
0.1664845470155848
0.1448587192589211
0.12256692718215888
0.11167556827181747
0.112565820244622
0.15773319506158479
0.21921214500719824
0.18484223898568822
0.24630125159553623
0.29267407293857234
0.18680354318541725
0.11216853119160937
0.18907263119040557
0.26568283429247547
0.18609301027421657
0.3649648567361827
0.299878111041658
0.2829861209388713
0.3145981189756311
0.3234851459233092
0.3432948885038578
0.4474218034288711
0.18625574993302974
0.04673433806352404
0.04377914923025902
0.06897191816453602
0.061303799180054186
0.10996806971500732
0.12554683515743845
0.05142221090326378
0.14446022250853738
0.15527918199786156
0.0801334846316727
0.12909295140457358
0.17420816057639188
0.1166130223382503
0.062174477765664635
0.21688915063473374
0.19755267635126303
0.12416562623236108
0.27568381101950085
0.1450461784997971
0.24354972264298314
0.19185386782999256
0.3480501057210771
0.11546074685578764
0.13228035398843377
0.1024579494612348
0.13736590470891066
0.12466706823696133
0.07452938925599466
0.08102295603038012
0.10177869729921853
0.17984068590951502
0.11812195451766534
0.09765534713869028
0.12067957413678165
0.14086918259924394
0.07292257696155048
0.05244256926263217
0.15727980575006384
0.12957181289898465
0.24823321554770378
0.2291030771547668
0.16584282230499048
0.27559444896247015
0.21155596218562997
0.12199030792307496
0.1691571266363064
0.15249812606649793
0.1658486413318579
0.09087886989658973
0.21100474703084202
0.13697839704894307
0.08328649084089203
0.061536997789600145
0.1450913902751079
0.1968983117393017
0.1323882223957712
0.16860243721918952
0.2731645072634476
0.10411303941407013
0.1305160141262197
0.19735636696767497
0.13833664422119707
0.07491933123551167
0.15326876338651257
0.15309582063726782
0.08182118919463557
0.16070135303958233
0.11102997327441451
0.25862948805299407
0.2753092989368823
0.3161244866968982
0.11496014380922366
0.05270247186360336
0.17940978233211813
0.07661187786991748
0.039312674902457746
0.10054040693493044
0.0807260626925449
0.12939418852705808
0.17258442171420513
0.12196949572925612
0.3442612223530954
0.34280565947338004
0.1379521725710684
0.23949199950784691
0.2966463342111775
0.06341623463697148
0.2267840467265562
0.2286583724858468
0.16972743505366056
0.17934798282343245
0.2874449078241234
0.289853811468761
0.21466975579657888
0.12846499872929235
0.1853733972713067
0.09965469903697982
0.11599422086120945
0.16306766130087733
0.08250379687516146
0.13364585985513544
0.1478536840727659
0.1567530427954458
0.1445051156439795
0.1534995553423153
0.2900852247041804
0.2106042571908496
0.07814404869200563
0.09194776461025343
0.27845765287646307
0.1631959979642277
0.2144699184153036
0.4132057518971832
0.25502294160664185
0.13131825230491337
0.1756401372425458
0.3290872178238124
0.31166640176617366
0.31607544853871966
0.21898784450803127
0.10170332604742402
0.08330677386897958
0.13012275272631965
0.12193580661645698
0.1656851197487246
0.11915907705917383
0.09686111675000994
0.20149978816168107
0.24181576538761704
0.3043292351352416
0.21795958402695734
0.2005905860286451
0.25760292908772714
0.27528582830304726
0.24179846457387497
0.1714412984112222
0.1456513427887094
0.27004628774037076
0.19285876261132073
0.1672034030444576
0.15087950037623968
0.44632076668675724
0.11315389164505182
0.17656742843342935
0.10419215390308764
0.07459611992417389
0.08226676565081245
0.13058638716029958
0.13979765348013318
0.12053579280244729
0.1673752609919464
0.20043172114372115
0.0719352643354717
0.16663166149012038
0.12901939416730582
0.2026478590363268
0.1547407455674762
0.16587157003835543
0.16417798446510173
0.22875979660385382
0.1915569585888695
0.1914834935677724
0.3093638970174705
0.3520912616535321
0.26945370967949855
0.19609259549762237
0.2624308899213656
0.08359237729014288
0.19195044901674352
0.1746936682048336
0.07835473280744436
0.17684190542846898
0.14582524691588405
0.0910434806797988
0.18101561186545448
0.29730735963897653
0.3092790817965425
0.17365868432820064
0.12278592670858457
0.0847763780279002
0.14956670256416527
0.2712918176110833
0.18051620814343783
0.30822934323017914
0.31159088571507926
0.37075985288693314
0.2977789409891937
0.5472451249836418
0.4023854919020403
0.518900243667383
0.22518755142979827
0.1557803068024545
0.12447525438665873
0.18602625304966777
0.09194883998744754
0.1676984456662942
0.14634757555391528
0.1355119486581009
0.23498233215547765
0.22042960793200506
0.179320743464333
0.12012403833968231
0.19380315209628887
0.26232794215416727
0.22968313785954111
0.2459384856106024
0.4833870602899903
0.4339440912934686
0.3825553602212717
0.4432488521307568
0.7814749378353627
0.43402110258460275
0.4288233464506655
0.4855805813298659
0.284616361532218
0.3313118949646616
0.15486604350853772
0.07382196469807768
0.1511436727045212
0.134416948312412
0.08776498258088765
0.05796790603883456
0.058343320906904084
0.1502191166716257
0.1592432976049419
0.19303610287650147
0.119274230000128
0.296831007172919
0.40787312052688185
0.21339582512098046
0.32953184172290245
0.2436134782959049
0.6232495746630031
0.5013149246427291
0.5835540823226688
0.23270908809180088
0.718763780306177
0.5472658452706708
0.37520349734259345
0.48619290668760723
0.1991624909911847
0.3844275486924264
0.21706740717657905
0.17849889576928687
0.1447044681967629
0.13946103197819607
0.07131919891094772
0.1276988112771803
0.29831280193701204
0.18611880588669696
0.3582515115348406
0.29301443263025595
0.16219708066161476
0.19338361746523636
0.124320077464555
0.49708807747677064
0.6968655935087028
0.6543578611049625
0.6173951373328098
0.49999306078671674
0.39339911902750213
0.4767393011111498
0.19867149776789522
0.12614902169361164
0.09956194821648401
0.29147549128240785
0.0842758248704742
0.16659268513360376
0.1981576149483918
0.22834618355760541
0.24846389673149688
0.33508288009166
0.1547383078004426
0.5098512685420364
0.17728245192912964
0.49294141547343245
0.6115650662750841
0.5656952180833094
0.19563927637550205
0.3445926077981051
0.41095489459864826
0.3180280331596274
0.2589303727231172
0.5800577728308616
0.45105835712249154
0.47118511270631735
0.1736761642407978
0.2610260437115567
0.09491183408520773
0.1885551629367884
0.1190876627968655
0.10324608753401308
0.14420304172005308
0.07642055610473988
0.12897035600912798
0.16976494087653793
0.20218763436962436
0.25460800441116815
0.09059080102597374
0.20057011833993546
0.2032668821324774
0.35709595035464586
0.11582029981057111
0.18424697796384704
0.13111212866842836
0.1320727183946209
0.1536778836907915
0.3377976258526325
0.2980006025972834
0.2202794065372629
0.10357599949814994
0.07414924945485567
0.146480927360603
0.05413674918007401
0.10188654935846979
0.07482931853371999
0.11913820529436302
0.12043532844855619
0.21476246564585796
0.16349966042225708
0.1592341903572531
0.1246652331502198
0.14204942659195682
0.1229692428053012
0.18056417605893418
0.133650238400373
0.1529200049825236
0.24419200510490774
0.3160253893469448
0.1128406918897127
0.28389672856824166
0.21019642401008665
0.2098023549736975
0.4107681319811626
0.26753697160057627
0.18279675435152484
0.12256692718215888
0.0601240885670569
0.14607631273773072
0.15168171705274175
0.13174101194620588
0.07942470289830215
0.10596988808570422
0.1619084228512372
0.286937620693466
0.05560953058557746
0.08466481283045271
0.22189807067864525
0.12398426113622173
0.11480230372295211
0.19428094995741416
0.3703000671191813
0.399555032063867
0.44472327070110984
0.35089254084536636
0.5519079027350974
0.28378881655580035
0.3185763180528929
0.19690643301655586
0.172304769299922
0.07774938177941963
0.20470979131562875
0.1716090345452253
0.14189191068912985
0.14057449565040742
0.1866481141110922
0.187722937665931
0.2536702646514023
0.08458385758273687
0.2528162960437916
0.16133186349780576
0.09292278712143336
0.0855976072686371
0.1849383942935151
0.16235644299241833
0.1867591348784677
0.40303838657863417
0.23890435331105225
0.11362556673570315
0.25709063934042115
0.35137108854065163
0.40548026633098666
0.25220170808532744
0.2645290145969868
0.20754822163549516
0.12521893690848182
0.10384882580270968
0.16616520129275517
0.10109841128569151
0.07262079052566733
0.18374959693304915
0.05868023168594081
0.09379664163521378
0.244274309645335
0.14652520878171543
0.22898796444171293
0.08458385758273687
0.1317846495240056
0.32832744405182623
0.1748715220289398
0.41268879835876165
0.5917845059014635
0.7300429965921279
0.571552400314974
0.8431160842821619
0.44102467557722036
0.1921450302957781
0.4433974610653065
0.2990591131839128
0.14919223984834845
0.257126320398441
0.17259288496139896
0.18976042589304593
0.24460095468091725
0.3429207721864339
0.46076741217497363
0.31358043570683625
0.5717659948963035
0.5195549871621993
0.41006823926677216
0.5254834961400322
0.37610082983477117
0.6863019952250805
0.4350369506889547
0.4030208046001126
0.2680173377348511
0.7608662551054972
0.7689474338657232
0.4559772820061328
0.5381800829969545
0.6212889450409289
0.5624591022117531
0.1798647157862764
0.18624338363562182
0.39589059023688095
0.3541094097631208
0.2907747131731892
0.23788410532329998
0.2622663845002534
0.24251008499401494
0.4213358550686025
0.5327416360116866
0.44309122451620064
0.14889531228972003
0.7026894385551669
0.1768492809275103
0.14149290117317012
0.19751922228543323
0.4722619823368457
0.4748855237993887
0.19554301615292005
0.683413073752332
0.20900982129213122
0.3289885350296608
0.15524848698012658
0.23581220662369198
0.2664103720510294
0.4028640660396453
0.3872529773589849
0.2632746477534169
0.10428832514525661
0.18891950438219196
0.18609981028693484
0.26224074722724694
0.3448608473894261
0.40615740052403965
0.36934120435593143
0.6714401100660747
0.30113123973355715
0.4777465373503683
0.2861474801943578
0.5407146826355334
0.7156785761026065
0.5294580396120625
0.26237648869154984
0.20640116926016125
0.6129034199924268
0.524528717540606
0.36528524027071957
0.264362651273693
0.30686490476088774
0.20867463435832065
0.11776529782071297
0.1411358253828504
0.10027540210476522
0.1845551083043164
0.11826165014836951
0.11972690965395238
0.11622995393966427
0.17310358049132504
0.29981655338774416
0.21769864306657566
0.06116374542855445
0.16302289481366153
0.27140769610647036
0.25248658552545533
0.2972124067530431
0.08430470293724887
0.2664978706203816
0.11495395780733379
0.36065305588273855
0.4626673268170173
0.22345684708458896
0.20349049850035827
0.060422541714673664
0.14677120742787775
0.1645746249143508
0.14579025108228183
0.18436517347218828
0.09941766781263081
0.12027641555533511
0.38168497830720666
0.19723147219342635
0.17332562202607474
0.12046265437446652
0.09259270810155276
0.3159138798862336
0.2979698237703261
0.29155215285957353
0.1598643956615044
0.2958055228373258
0.26870198331246314
0.20146779485406247
0.1340134818785542
0.3443198079372721
0.34853251694779297
0.14293703008640932
0.16709008236424577
0.10371897037768034
0.15577627893967508
0.17094560491895408
0.11011039708266786
0.14383333496037212
0.06504869449805704
0.20780722523986586
0.12319383286034635
0.2508935350941191
0.18920159176072054
0.17488056346349726
0.20380200269550866
0.14840701078872356
0.08468881856967071
0.11185649597912115
0.10919520581702367
0.12010022818315674
0.08521912425935833
0.07865260839078499
0.10722479425514118
0.14687391145629985
0.2621425478136686
0.09265361410998416
0.046289794231150615
0.05183785074965654
0.05871283741018461
0.030554980558220205
0.0378901674699879
0.031103022000973382
0.03289021604556843
0.016481009320637473
0.12936285044812817
0.03919535972104284
0.0384741605412792
0.033286094642977306
0.02734847167165427
0.014824093952844569
0.022602637624804727
0.018241317098081647
0.04231843324745136
0.04191205757582963
0.03286686790745892
0.025912481228233725
0.15007820010306858
0.11617750587903607
0.1271559442544104
0.028093573695036192
0.049095572146047387
0.04589613567649148
0.020333892893013412
0.04305957891662635
0.030704221067775563
0.041805029847829876
0.11359689342058957
0.041188704696351566
0.04111849563266345
0.02611281923003275
0.02126222616449845
0.029986861750455774
0.021172562874289445
0.02843477863948789
0.01997930014494196
0.06645072634472036
0.05460672686821154
0.06141211883261389
0.033347401165073155
0.08581652758139836
0.04207687083517967
0.04464924302141091
0.01605620512666492
0.030835902097467765
0.02219502060266899
0.025555377009850267
0.040611396705827696
0.026889229858259905
0.04161758932076964
0.02461738572880872
0.014787535358267673
0.028776582903637334
0.035777092372684886
0.03646894694625447
0.1702069130719866
0.014362025209223075
0.034815916756702286
0.10600374968918284
0.11537171665788995
0.08604233443865632
0.12791603560829265
0.10572872246326609
0.07996417661428026
0.12625971925915216
0.07635241228373084
0.07819657112943361
0.050822262813128745
0.02391999050883436
0.052059724478454014
0.025259825232558243
0.030255586898691327
0.042070530279429835
0.11992998536214777
0.11415381437639414
0.17364871543695679
0.2577447824526074
0.15026929890047797
0.25514602799408365
0.2550757989382939
0.26794119597947724
0.22083771835529512
0.2973741747278629
0.1942296344959792
0.38781648417945785
0.2697266848635961
0.1391340399796454
0.18859992310082965
0.5066402119782699
0.3803486362862169
0.20081127141460975
0.23803003887924157
0.17690168005476567
0.10894488253689318
0.07614182875839239
0.11661301713403138
0.17101638585272666
0.16961752628977267
0.19345553285092473
0.07983822838120057
0.1946324495192807
0.20023705590618668
0.20425600775097838
0.13331313286943489
0.1323882223856069
0.1657525490210997
0.16159786009402327
0.16147471352182402
0.1303354281379238
0.1832966746954838
0.22379455694149394
0.18591739844193278
0.09489340262453409
0.3887422423138329
0.35289065567333655
0.19725950125338407
0.376009098744787
0.3750429747640183
0.07933526894645744
0.09153148306418658
0.13925699219614265
0.15265605647045466
0.10581472604100549
0.04651149564824688
0.10019479161246017
0.22801262797985303
0.12862413347748833
0.08567881761460602
0.17756939085898962
0.16718772937855148
0.21565309910702482
0.09733572786795912
0.19029012090327763
0.24754613270514358
0.2088118332472498
0.35582786268401906
0.18378108067012203
0.16223352914807507
0.3725116197708487
0.3635564261329116
0.20887313094497295
0.2060424032641262
0.17406657797238956
0.14194548646629476
0.14022167358831822
0.10205993973448133
0.07134299932100795
0.14257860638808867
0.17554270666561855
0.2649626097416826
0.1996949139494475
0.17833706984729802
0.2169615637454465
0.2408532548055011
0.16548723347363212
0.08048798567609271
0.14217234765621187
0.06493203232944122
0.20728616590703589
0.1412511392899529
0.26274114790606434
0.14189281667586912
0.23528644602960222
0.13466082471296661
0.14776668203889928
0.051306698636165445
0.16304312262792864
0.05200097549153759
0.09642007294430631
0.06590304160986786
0.09284428403738282
0.14213542244283311
0.12499445471663789
0.2634078726742669
0.26501824362746457
0.16590943476541514
0.19702918466169397
0.22816344423194196
0.07549689257100299
0.17540949180404927
0.08211959588463957
0.2065501897657376
0.2499240748905125
0.2126000774392372
0.19823868222505747
0.2800692308592118
0.29759514142161025
0.2937192486506766
0.11373145298054314
0.33191886990385333
0.15707129696152722
0.053299285243611286
0.08708925704204962
0.10058481524188063
0.04694611055320431
0.10048760427928777
0.22150863506688778
0.30944514970105785
0.07386046878711035
0.23401142135376457
0.17383631755600082
0.19362716756731574
0.10334813672466522
0.1525835308899619
0.18323107803349992
0.1423968462992966
0.2508881581001448
0.25708777795267374
0.22314813879069786
0.4684229674579688
0.3884217461476266
0.28103768452027034
0.21720618183526424
0.17246762233243543
0.11597451740938976
0.0725110500035282
0.1490269627040833
0.14364235594406344
0.05309713877618922
0.08736717318813252
0.19608487933797963
0.3851970193663505
0.17043835010355438
0.26127530677438476
0.3112647760967158
0.20079787749220032
0.3691982338279753
0.30979708900528324
0.302678984294741
0.24097321575209574
0.1919444993174033
0.21857665045317812
0.23851028427466245
0.3072342506843715
0.4364004289787573
0.19577086051046477
0.1857816874843317
0.33530454086911876
0.13250045441104313
0.11721194044053827
0.05750585697044137
0.19344492742449143
0.10836898500707527
0.18670436432091705
0.21745241245092028
0.2188009492493676
0.29218484390809524
0.30556669680056653
0.49043771396451835
0.11738934143865642
0.35073943201151747
0.24624406203806967
0.2970195778563429
0.29868472712995764
0.25396862120580715
0.34183518561595366
0.2670049455372218
0.3468158221510211
0.4008634422874423
0.21717649331363087
0.2618637646725256
0.19946270839054267
0.17648833128397323
0.09642091590479054
0.1864939144091091
0.17226909447810343
0.17931744585124698
0.106376227327445
0.10363620559528054
0.2640704817905519
0.24971876489680764
0.22486146224161657
0.13364679976619878
0.12066393894242342
0.1668974659863087
0.1550341370809343
0.18227663278189998
0.20592934155398962
0.236609113210662
0.2713125513113775
0.1833267212321467
0.09057124342733212
0.0843720850930562
0.24139033363305357
0.07678677955360097
0.13484582405384973
0.13539435473049502
0.05269284584134516
0.11424036962902331
0.14155980877610072
0.10846750226617238
0.06755542420799444
0.23099509631198217
0.3796623478602283
0.4503991624132975
0.24999653039335837
0.2444706243474114
0.24776971434217576
0.30576814404841063
0.32528464860620393
0.21655982646916785
0.0813013839926929
0.19474891778362335
0.17448743020145177
0.3273870945327327
0.2512387141500391
0.27534960962401805
0.3287906866591142
0.24766500213464662
0.1319737202867977
0.1355414692050299
0.07835575044905545
0.15112404035867202
0.06456857971369764
0.19620961939972317
0.16776731443381418
0.1566503027663285
0.20763396665164968
0.09784734173547925
0.1170426324231465
0.08155092551475063
0.055725042852675724
0.22218950399162474
0.16229015774898572
0.17314487632508893
0.18553291526400942
0.14404958964897835
0.16001151013603926
0.22623503379113397
0.26055844686064733
0.17335447900775258
0.20316962087049836
0.40439096095701293
0.21315996639685422
0.1735047768616675
0.10216045769438241
0.14734427270850467
0.14947385789999482
0.12107771143063224
0.2204071798387882
0.3015953082002205
0.2897642028491261
0.08726951779277217
0.04775469642289243
0.055301497873315265
0.12941169943273326
0.20422719539327377
0.11763521048401869
0.13881081806815362
0.1583196936788853
0.12533872527535855
0.2261677029719016
0.22243205713196845
0.15266278386100293
0.2548641492848208
0.19453217981360943
0.22607740617657845
0.2501308729223926
0.09828330409610402
0.12085720736458183
0.04946812838485067
0.16337401348754185
0.06821745207482849
0.1338185289247159
0.17604698786036793
0.22233900918075442
0.26848370754555906
0.12763142912137296
0.2749318283278069
0.1993236833732706
0.19827247742442147
0.11706029712035228
0.14874192657330446
0.19205988021142825
0.17088482252794895
0.10727355981962346
0.2273763864589635
0.27885617223005427
0.20668920958622108
0.16380004018528752
0.2020604739376707
0.12550803329275032
0.057534735037215894
0.173014003402696
0.049342990095494206
0.15131566130885132
0.1512868831305877
0.14481179302132696
0.11510756552933339
0.219506609082581
0.11628074634488188
0.30160172535124763
0.21514566069702756
0.20691650843365578
0.07094378404287772
0.14776864137631665
0.14925364753247153
0.2148518740705525
0.26008556401698013
0.16948051887884732
0.2808462416723233
0.2679544022778098
0.21424771308132262
0.25480957989791986
0.21394362617782645
0.15680573184065355
0.18353414514435037
0.07289514183101552
0.07492534149059199
0.16383569589189598
0.18633032325611862
0.11558044837300062
0.1098664473453544
0.17878784378093182
0.25664379375282076
0.21851107434775865
0.3124666512670543
0.21321105213846528
0.3503776401844933
0.4765737468917689
0.0798286025871896
0.43322320958148175
0.1904376579626137
0.21181210705928327
0.22444201967556215
0.27770942024161527
0.38241067923046784
0.21223291587348705
0.20291493493509094
0.15067229606347324
0.17593177488598152
0.12492056745051199
0.11526519314388892
0.05782351570496169
0.14665359643018347
0.15672595882236628
0.13555974851794136
0.32290067360546404
0.07075126359771439
0.1872891620330996
0.14664861203243212
0.14976163968262848
0.10815224703706067
0.14860017654820104
0.12352712045132783
0.10431066951526181
0.2079076256015651
0.22868945066485435
0.11199020284313317
0.24616853686495108
0.2150881043405003
0.23643747965703787
0.19312965543914837
0.19264640440374817
0.06787451294314326
0.1785761026043715
0.14955432018386733
0.08130170995167811
0.06650275641640244
0.15094154499142676
0.10454770073961082
0.28746522267290087
0.17923255305808497
0.15939495631711115
0.08799146946213683
0.15459696056370806
0.177076789182114
0.25272996150900134
0.24499463825916418
0.17782365267070063
0.2891780187778806
0.2473965410452428
0.4837611766074142
0.39169135185426873
0.3502322719432438
0.18740704445129547
0.10499102477010461
0.16935327926901977
0.12245590641478403
0.11170909613287006
0.1375282110535075
0.08228369645255211
0.14754571995634808
0.05544588820718819
0.08282665908462025
0.1288434012353748
0.18471635275876475
0.1435346889881053
0.177005627535663
0.15319520614924548
0.21581693414303102
0.1797483494286446
0.1714688449772221
0.16217168587439432
0.3184377436967046
0.18928868312498687
0.30893786257040046
0.17054396591904442
0.22255968089255704
0.2634667587515744
0.39199914012383796
0.1958067249040363
0.15420048839190162
0.12524345598757108
0.10895578110196642
0.08932690997606252
0.1539864712656695
0.12222760925960129
0.12598387093367983
0.3585918073550586
0.21541683025781994
0.15263135098734787
0.20216670230024317
0.09576232313178724
0.159668243028791
0.21139248789425535
0.16180140290955028
0.19923134689240019
0.11459527578202676
0.16823723012771807
0.26256380054966694
0.23348590406069802
0.20707994659891316
0.23045157248050038
0.3497699786131178
0.21892505316611152
0.16228014722719875
0.13624664356553093
0.07629709801733295
0.14607631273773072
0.3021528595733549
0.15672578686483857
0.1432404600390349
0.09552864489030138
0.15781200301115972
0.14332781068131106
0.30228373249574714
0.16400812002757664
0.14248036858726998
0.1796252341208169
0.15805999018380176
0.16692416530897444
0.1452817761871136
0.10452784733766216
0.1503285886424299
0.21482910073613026
0.30293809710770914
0.3121281214446175
0.4137905496093658
0.08609514307727285
0.06661207402669138
0.2012825546394455
0.1870174060986788
0.15396325370908223
0.07934239750669797
0.05367470011168075
0.15216540482749938
0.2185904986258345
0.31039785368407347
0.2051166630705074
0.43063735113205187
0.1530331581232231
0.35949669885728847
0.3083038869257953
0.09342054601575742
0.2974224723520304
0.22914686386229777
0.2955615019146428
0.35829730273030097
0.44383068471935805
0.19572222123540217
0.29917721242680523
0.31661431749771035
0.2857283078131142
0.1821160799060325
0.062174477765664635
0.1814225886664051
0.12192495985886893
0.14996308693047192
0.12894583693003872
0.1228999894842848
0.11776529782071297
0.24171441472916366
0.19434867316437138
0.2377574683423573
0.21375938550410228
0.21198943812565849
0.1450548718916345
0.1280631500828275
0.1517976186411612
0.241133359507918
0.25755791126815936
0.08392928806917956
0.1320178481335517
0.12372326408454701
0.1194108061128764
0.2529760822620818
0.1711835894075396
0.15730152238763428
0.14751375773065947
0.10115752164114991
0.08895443233779969
0.11459563608462366
0.09679114052684294
0.21975016921916815
0.1392470050294766
0.14329368678336238
0.32436853814945743
0.2314341095941004
0.21284340643595695
0.08668233043502217
0.06657356993765857
0.05842995510722782
0.15510769431820207
0.12087918513641437
0.2007387671367419
0.3443266588142919
0.28746522267290087
0.2882710116642752
0.17060375230256847
0.23051320788967214
0.13389104545442357
0.12214504826613323
0.17474806962439499
0.11688266389255143
0.17739824630284046
0.1588803047518258
0.1270333487610821
0.14172692893743447
0.32764061295683544
0.12423998862693038
0.08041578994493892
0.22188610567596323
0.254233110664487
0.08869777701907136
0.12478734252966202
0.07406113487874533
0.18347258749043655
0.1389881491345288
0.27013037478775626
0.28858630386810324
0.168340246265994
0.4507693865214682
0.27302663793402565
0.09970633855035667
0.14897779920699922
0.20467919926378178
0.06323334021406582
0.21819787985865768
0.11786604878405871
0.07913663402768684
0.15041093563984545
0.21574920656273028
0.27946181034693485
0.2714520135470799
0.15215943987457523
0.06615002495829811
0.11926080068980932
0.07681836549749436
0.10547435934111368
0.18379813723400212
0.16768598189095502
0.10940684083876322
0.20941745450075253
0.3048261668798085
0.2681048689075041
0.27206609796840237
0.26988150353468954
0.20969648022019907
0.07279911887414353
0.044780255545111
0.13588852101497706
0.10994355063591808
0.06330656370909597
0.12850160254530632
0.09266227791868631
0.18860401531391513
0.28467337052491964
0.22117665051271224
0.21329309828112708
0.1556067075530019
0.1261997000720494
0.1588843221921201
0.19092106361402045
0.07578954810243865
0.11008407290833164
0.16522110600768955
0.18879732455399045
0.19741712854648125
0.11172956910305212
0.1707895203711505
0.12097919417153445
0.18190286731563185
0.0918326686334651
0.06875598586292483
0.05757262142731868
0.12086845345998089
0.09547785994262391
0.07569761457600006
0.10396716246211575
0.04656106966287658
0.07211815875837771
0.12831694473367455
0.12576063901097004
0.04344223845122228
0.1737010862452562
0.048813558871293614
0.14341209359265902
0.16058107577542233
0.07323808096270076
0.18562710537742377
0.15506921312940813
0.11399135558151448
0.13628401093171574
0.1476695901036656
0.1391098293768025
0.15856727731445924
0.05650475065558931
0.13242864042426641
0.1404087317470298
0.04843814400322408
0.1231372761364349
0.11622043488275025
0.14634757555391528
0.15735907874416089
0.041930952956686036
0.11165988617216131
0.04763918415579416
0.16550330319269696
0.177076789182114
0.1324520652397923
0.1505038607512107
0.0888528475273645
0.23720717183614742
0.16276937625767585
0.12019105609875617
0.2836268904083829
0.11509559022313749
0.21174676701422585
0.1384561559354032
0.12742565402650885
0.17905782515474936
0.059171158821108606
0.09311940956564536
0.07972714538993124
0.11617139672457173
0.07938852935514702
0.05906527257626848
0.1522144429856779
0.1702348813195815
0.1320525340940758
0.25539850804868536
0.12278217421273768
0.1582045935095805
0.4399620468525068
0.2146148428462035
0.30752279846909314
0.09086515233132192
0.19963434194416677
0.13955807069927348
0.2133788943192408
0.33794660384766456
0.23692786123882167
0.2452065793662227
0.13948904093838943
0.2641548982795629
0.15285937921543422
0.09207423035237462
0.07792715194599692
0.14117916503075514
0.14312154534986218
0.11761051634453501
0.11666062235780172
0.40206381653876394
0.20071906368492223
0.14966445876040196
0.088149074408375
0.18430991751342451
0.17739029979411813
0.21221044365920716
0.4183458159989956
0.11042268894311584
0.46185054312262896
0.40982855647166666
0.33606437439924236
0.2937459479733431
0.32680499235894084
0.2804737457012188
0.23204856450007305
0.10517702581232143
0.1474306072432949
0.09717742437361711
0.12445884545671689
0.09690157604814478
0.08492490152386852
0.1602656747487618
0.14152989441924024
0.4647602870500907
0.16832968749419355
0.10641834327694792
0.05195164212746437
0.09521882898130718
0.22723793521188143
0.06389753574988108
0.1486231370742488
0.1444197388354463
0.3360427875814857
0.1679704840546846
0.1531703337758972
0.16229866547204996
0.21394167252412244
0.13615085207252542
0.19948305195655075
0.07823127472003807
0.08062447788210969
0.04418344216510308
0.04388503547509908
0.11721002650454261
0.09638823023509986
0.15622842385030283
0.17066248153121857
0.41407979522982835
0.3652008899358729
0.14210129452200457
0.25678775330191456
0.1637778360318124
0.0905222131996367
0.19349561575710017
0.11757099265027769
0.17202286386244736
0.11114717171362028
0.08082008287978358
0.24477939020356385
0.13540092789072602
0.11024081292992452
0.22531558397991597
0.10061975473611416
0.0424218800918539
0.0981253545149294
0.13319591676482173
0.08448680397248445
0.10964485918347701
0.036578884581131114
0.1135478552620287
0.0725110500035282
0.20730001659262481
0.15440768326535026
0.136091741717067
0.08030262707541663
0.20072634471927822
0.10447997753265358
0.08915760195867076
0.14659604007365687
0.1900510892513604
0.1927542563167253
0.1333877904317722
0.22073777073350234
0.1774009406234234
0.2371744536055492
0.1642275337196899
0.16446782762368578
0.21077137760099335
0.08180873195443193
0.0694670795359712
0.10477002494809907
0.09057074202464245
0.09648257621595392
0.16084282162020686
0.2351132050778699
0.24986251723659864
0.09164075441234679
0.10241619335553719
0.1307747677005632
0.034153126972066614
0.028685546329413347
0.09965973040178011
0.029340115842970405
0.057039871059392504
0.1267390970719249
0.13223139352798968
0.11364951009469229
0.1614168018792971
0.11032110413268063
0.1775945556864285
0.15014030286434762
0.13681646131766786
0.06196673436550207
0.08191112216938165
0.0685286054281106
0.09934227136518713
0.07715943332572527
0.1153429384796263
0.11582812961732282
0.16156262269336527
0.14478360200553797
0.06377296092818789
0.05511717724445238
0.043317100161865754
0.13568595778954062
0.043105327672185556
0.07566375297252144
0.10214352689264343
0.08995979302367317
0.14868369559683436
0.15336408805202434
0.2348437395162402
0.15930506478209658
0.07055065084728039
0.07197283819337379
0.13062534160533698
0.13885617065829128
0.11117312296853797
0.09168727594712814
0.055973230549822346
0.05560075291155979
0.06179002490585226
0.09710543653690648
0.09219164522831975
0.14762055502132448
0.24388169087815753
0.1610236149997479
0.04269140871508323
0.18430179295903684
0.18843982335738774
0.2788253934030977
0.15486913130101998
0.2618238658402293
0.21165447944472707
0.26180470209589857
0.23461011970020795
0.35903655201392626
0.2460083758670333
0.16243525679969575
0.14889829433472682
0.12724897182702677
0.07788774504235753
0.08837253083061442
0.0937364393579646
0.1346881467636554
0.061848218753327626
0.10783183395288413
0.21859009448518008
0.23910482921083692
0.10717289469883949
0.11798430686186166
0.147315494530241
0.08809413308484251
0.11448669559259164
0.13738385028137684
0.06074137900409033
0.11828152556147835
0.177987174453606
0.2364121698564072
0.17386325885498755
0.21126060663147112
0.07685416170940831
0.2795224454722081
0.2723864898403969
0.16005113912953986
0.11055652761314747
0.0892739669637327
0.0751489652394519
0.09523210318240521
0.07018369538094592
0.09160327947720534
0.10513781113443725
0.16704184659264212
0.06154346432202184
0.0965180514382504
0.0399961224827894
0.10201864194368165
0.03438415150626321
0.07615625965101745
0.11106517568209402
0.04757251634737697
0.0973208046810516
0.05128744659164905
0.16962079689825899
0.13989450791822394
0.22895918626344933
0.2868041240801351
0.15991321496680405
0.10425096357680597
0.057023918816622304
0.1473730508867676
0.2086804467681864
0.08495309119546031
0.09916128438220276
0.04069882210763746
0.1564258604894648
0.2908610477079795
0.1665030755136764
0.1060833845960165
0.07430171681121454
0.10253664915242237
0.033556313592058684
0.08786747089440713
0.03271884965559596
0.05737848709417664
0.1059429123394134
0.09229177911913278
0.23520405094660296
0.07951094385266894
0.163212959458375
0.17183819090070585
0.059904607522778354
0.13257427038345798
0.09553017649960191
0.046406523299647166
0.059240875285489505
0.11369585132836052
0.09435540630228975
0.06604413871345799
0.06832719259696764
0.10155113567463417
0.19916978923848566
0.05503487185284793
0.11849159399251914
0.2007590629498758
0.08539896397256655
0.07666747227955313
0.07127646912946134
0.12962521154431753
0.13278251450723444
0.1497892193425445
0.16599416543380102
0.1296814093027144
0.08695185905825217
0.24424159141473675
0.11721583487401627
0.17657813025207791
0.11739316594039147
0.0671607572954083
0.11695954243644674
0.09550181305238636
0.13087292239235723
0.09179943210991871
0.061235211353717074
0.25664180081141286
0.06433538110415175
0.10651167374135881
0.04196945704571883
0.07617167702469742
0.07828614498110731
0.08964859520910776
0.17795445622300776
0.15753174781374069
0.17600733825883094
0.05885350008658828
0.29127408528542786
0.10332490134129119
0.11459527578202676
0.15084137455668287
0.1593112083292234
0.13613475163063243
0.05491141376544124
0.05198957236348296
0.061120194278541616
0.11099743356185575
0.11401914227951053
0.07680416687012492
0.1789032849103525
0.20759717314487638
0.21311259784998857
0.11306389401443225
0.16335595711578674
0.40901983143103715
0.1838726123792769
0.21615743407940557
0.18542918507301512
0.27824059569091514
0.10453076993787118
0.2897518769728182
0.269129448402116
0.22213875801502833
0.13045289054696876
0.2808567959822566
0.08570371840387211
0.11467359085125461
0.07364898756555585
0.07729664148777347
0.11437412097206191
0.10144701365013914
0.08056969388707085
0.09122180902827498
0.10932218683006767
0.21191644076567526
0.19362582102991435
0.36349954194477213
0.2368157874181884
0.2217314487632515
0.0823024903075449
0.06381090154955735
0.11286132104753152
0.146230206872515
0.13532789830149095
0.30378702206519215
0.24151292902849986
0.1317963892204225
0.18128840090338125
0.17857245300655464
0.18815096918789406
0.1332366757706465
0.058902259250705365
0.05776789553417844
0.06604705758465125
0.11196178510666153
0.047133554258819876
0.08755097715203888
0.1737176753468953
0.16944968564742688
0.15289780082904847
0.11105541879276584
0.11638828989759858
0.2522940445661985
0.20409632247088083
0.19607982566044624
0.16599021377888326
0.13456676155956368
0.1877488349902898
0.23529741437488041
0.37845177332809904
0.31156868156160417
0.20545128791627637
0.21255589662416866
0.18111927989580978
0.11347429802476092
0.10263219632880637
0.05696904855555266
0.0674353833272663
0.09424853381256879
0.07640449210757436
0.20861301423124026
0.05163398339294398
0.21194291964693923
0.1920334274265188
0.2299110064127736
0.12492056745051199
0.09379664163521378
0.09002107284736992
0.15884952592486853
0.18927496400994687
0.15143232669969622
0.12049651597794514
0.14054955099186678
0.18104106299735348
0.26380532584810157
0.18486611014064924
0.09810841885549669
0.12444575210594151
0.22297332518466703
0.07085345373881687
0.04632421790804271
0.06687351547527506
0.059307389976599276
0.0772926582465752
0.09032649633641696
0.12123533904518777
0.2824597911074432
0.1543949263830327
0.13255014155614933
0.0578042636604453
0.16697492859736862
0.08809735570697681
0.2720193691925148
0.06546022145607933
0.05577562037728804
0.12524652262706334
0.07181012604611504
0.14784791845214248
0.26829903458381754
0.2699580979494008
0.10590549688463258
0.0950377177551334
0.11850356709622874
0.08350322881090597
0.1151274793365799
0.12253748304547118
0.13303232561183123
0.06735072931857028
0.15414036540045375
0.06640030153701111
0.30919283713977663
0.14687297398667118
0.12232268149393408
0.1839091741918601
0.14417634239738664
0.1517473339828018
0.17543177469356294
0.11026051638174422
0.05193239008294797
0.1808420722070786
0.3695524146054185
0.3531562605041551
0.2600503089593523
0.22458490316741578
0.13546123125884357
0.23200967315936774
0.04725414326546643
0.08253283846668191
0.12468502800264328
0.07038072989914015
0.11277362197029994
0.10406189260038158
0.1482880380879792
0.1098978340892002
0.20095837221498325
0.20824954319078878
0.17451347276502996
0.1899071983600436
0.22113152177581052
0.08935622015190689
0.10553168794507185
0.18398361569408897
0.21402331174475586
0.20609213453736433
0.13595381755433053
0.24548488417746425
0.10455528246819712
0.09630835269321471
0.25303853300142837
0.23551958387465546
0.1644319464911904
0.14105252164544327
0.06034356961133546
0.10754487169938441
0.10350919505625528
0.11765475723072931
0.08750302953025846
0.1470357283078134
0.11144264629116947
0.200366444182699
0.16799213821562223
0.2980294063290773
0.24371809972516706
0.15297759992635102
0.2216005758408592
0.12906843232548434
0.1389535924467301
0.20209377779939697
0.29449181632419025
0.0792414152294396
0.1618016663725348
0.09441800173558125
0.11898914553776839
0.04886168898258461
0.1595266601179222
0.0867937052647576
0.09859121701762394
0.12230725761936412
0.13142559110621763
0.0949869123915133
0.1444376767039031
0.18158209345270862
0.16760411020592414
0.08468974382757687
0.20922030545853337
0.13045185364302359
0.1590479515381217
0.23010164246172396
0.20254081861766707
0.22210997983676536
0.10557915455804252
0.14705229966663216
0.21835564527343357
0.20334204142564793
0.08295011717202652
0.28775125322061584
0.16940960220251763
0.19745452165946897
0.11315554999660125
0.033190524746247355
0.10196108558715437
0.051193953577973204
0.09918798370486918
0.10372686855811991
0.08716807084932704
0.17919433054341932
0.11820100746498945
0.16568739323066542
0.29748002870855705
0.20457487741485278
0.08115311612199616
0.14593755873884573
0.16205052392839248
0.08920839436388836
0.20520017289741255
0.14172000471209795
0.2387149886947355
0.1796267734073893
0.13711069026673828
0.1370743225681822
0.10746810281913974
0.2848776338175635
0.07625734832940033
0.1403583392561228
0.07022310228458463
0.08265381560965228
0.09203621615399468
0.11317374672074094
0.08505980150464418
0.0876003717976786
0.28877987395743276
0.10749366024223281
0.12572711043505438
0.14936964722212512
0.10857723155354201
0.18953601640095796
0.06958559514814604
0.0981253545149294
0.23396806700693643
0.18045626244865481
0.1590307469724717
0.11842374095354849
0.15961766318951204
0.12858472657384964
0.2802360907042539
0.05823743466206396
0.1440635603864792
0.09034032659226188
0.13496270121711829
0.09814235835962713
0.13129825939013223
0.1296950660908262
0.22228468828316278
0.07771087769038695
0.24878525829310472
0.2586870444095207
0.11245660006222537
0.17293719661947207
0.22704667236587886
0.11173886637309717
0.26321816516162827
0.09283335865800742
0.23265933778301312
0.18442430903022225
0.2722796925497318
0.21141976236735616
0.18644137017795448
0.21165423373903988
0.15918136173578173
0.13036058505189393
0.07153710286954171
0.12379244202089153
0.08601292944487099
0.10948028748590558
0.10794134613805745
0.13379556078190366
0.07894832850992764
0.1391978381349556
0.32151562639240083
0.4230794398638928
0.2861366410134804
0.3101418313991364
0.12314258340553762
0.14619314557796934
0.10896008856165933
0.15074009774358335
0.1493211916531537
0.09592693391499628
0.1453039803405887
0.17282962415383765
0.17405835909075118
0.11402387567926242
0.22121785631060076
0.18597721489148925
0.2648867949221308
0.12053579280244729
0.08350322881090597
0.10062974712884296
0.07940205282670282
0.0848504474331288
0.05045378918284045
0.05526807046239389
0.08953248506766322
0.17698980995412572
0.15953884938223395
0.07623940023165465
0.15562891170647702
0.17311840816752902
0.08327933873844463
0.11963966486716485
0.08657399439913761
0.04171918046700584
0.12687032471658777
0.061067485205972515
0.1194361415421798
0.1543487843332023
0.16009300567918197
0.1576037167909965
0.15750556209920177
0.08392880772228957
0.03204502809752244
0.05709066346461009
0.10889662654862922
0.04249888826991943
0.07455786168486785
0.14498446209090743
0.16829478648424534
0.23724027780394544
0.3826151681717061
0.24774301501951
0.22924038441184488
0.2585721764166999
0.10348252895584671
0.1792959036775293
0.23985734851459295
0.05751548299269957
0.1389005830402486
0.17369315626780607
0.11753209921116688
0.11550192946487826
0.16051158258054438
0.15010359202927961
0.21639837717576293
0.16780524295695856
0.08067300133763683
0.12769536389649
0.09350169028334626
0.1320180604632907
0.11917561797734783
0.04137264366571091
0.21375477726545944
0.13183579612406188
0.1530939161678922
0.1015617979947819
0.0645328532189218
0.10861952036510159
0.1789655598314227
0.15345048277001827
0.06858782633704869
0.09912312662230255
0.21297272096868464
0.34278890197618167
0.09103329249572545
0.284642591697963
0.30194029244777415
0.10012025750745933
0.078833510729692
0.09196960369356938
0.1257361601884574
0.12073027090694984
0.05790334194809205
0.09107138961434914
0.16617488674062544
0.11780693842860031
0.10681868073731968
0.17737101813118444
0.19110573657576266
0.08561149815558951
0.05886839764722694
0.13670053205085553
0.12930244732364873
0.08937171773699079
0.1021096652891648
0.16636664854059863
0.4009865575952707
0.12227837679369027
0.1808378933764831
0.19017771696150718
0.18361471011647731
0.1380888968294971
0.1380888968294971
0.10751044256065988
0.06520051749769079
0.08851387551196777
0.03346005336947675
0.07949086944060324
0.12932913311562852
0.2166015446738845
0.30856563277058047
0.14814427585687276
0.2160673652378571
0.23150982683847057
0.045280808702537
0.04667658192997491
0.07725723458413476
0.1427829782533357
0.1460452949840199
0.1255936138217236
0.20426844789202347
0.20461171499927172
0.21966848799182137
0.15527932787182622
0.3906229551105882
0.1603663943586516
0.09463567908890572
0.06039216980375567
0.08577464487403652
0.11453714948825193
0.1148249312708856
0.06342278331507395
0.07839588550324646
0.13333594161754797
0.22184467203331237
0.14078116325009998
0.1527538627256395
0.13425932069785645
0.20634125591945762
0.04509791427963133
0.16604098848265844
0.18266588142913256
0.15300154880304662
0.22526501766784526
0.169392671400778
0.20034469810035277
0.14565568736240828
0.17054548016851379
0.07332038635430495
0.12346494618932113
0.14774716720419218
0.08688485254778776
0.08947011959644607
0.08839128011652216
0.12295511058761964
0.0751610595129725
0.13643353882419393
0.18985888347922592
0.21351513981587747
0.18746105320765613
0.1680537680772932
0.1926623123591748
0.20058390249575736
0.11616875292056124
0.13398115429917598
0.12213038536521571
0.08244256725713292
0.08462014709256292
0.10403401498803568
0.23102587513893943
0.17232008783881173
0.32003824269846654
0.12309982686556006
0.19784444917065644
0.1256686157045681
0.14014474467479338
0.08166687648115616
0.050398334792463396
0.049808479485964785
0.07531648858729757
0.05666726211966966
0.09542381716168466
0.2362890545485795
0.27775212792231874
0.3643289746895316
0.24238326228605747
0.1804679558896547
0.10222329637273751
0.08915760195867076
0.18717864976685944
0.07771237998296565
0.12417854972041624
0.13173724256734576
0.2095645689752881
0.16501640898804587
0.05739997072560123
0.16645298307538883
0.22591938227980657
0.06118299747307085
0.13253543771493148
0.2506319879105227
0.08579684902751161
0.10076324374217376
0.062491589219417484
0.12766653579374446
0.04181544068958778
0.0665850618080069
0.13928638279475813
0.11161084801398281
0.22424761107326888
0.21885804569300354
0.05266396777457056
0.06430318500551283
0.23955161020601728
0.21645140885474395
0.14411498440414
0.198059097689294
0.07829806504813695
0.3676220390001314
0.22200767884055017
0.2458596718033243
0.16499670553622683
0.19148861956864832
0.1816188980499938
0.054406277803303406
0.047417785643855695
0.0372912102282373
0.09037732552274587
0.06719835210291741
0.13198534223269245
0.06841736982814063
0.10643804672876693
0.12551351585372497
0.07167427852221582
0.0778648940465183
0.15710007513979016
0.16492773962742965
0.06321408816954942
0.09317020197086297
0.1775630527147001
0.08860175406219936
0.22914836669456484
0.2866739942771219
0.19267092348283746
0.19769240554455206
0.22128468877991975
0.18415156270736704
0.14081926449417656
0.09556667655652433
0.0799127483566289
0.08231079693193152
0.1920232953801864
0.17620878550667435
0.06721606981030773
0.2682877633938926
0.16430708472254502
0.09089258746185688
0.06615002495829811
0.06733402569605576
0.2552336630179154
0.18955700043851062
0.04622415888383985
0.12545449867656736
0.21178510666143216
0.13172163753104021
0.1916357723961476
0.15337166896274018
0.06180868891985337
0.1633991675850988
0.29295287497634215
0.126003547439336
0.09245809507001967
0.04755254995547043
0.18134884843040658
0.06697825168030772
0.1260633424944384
0.12706207656836377
0.04656106966287658
0.15520703279045137
0.06662621450380914
0.1423828535028954
0.10119023940107771
0.09971909465572637
0.0877000640484527
0.11158632893489355
0.17334118570867696
0.09502974812529484
0.13058262658664432
0.31457141965296537
0.1634007259388499
0.24878428860349067
0.19340649585551312
0.14347161393805022
0.3121951799356753
0.16888342351283794
0.041728806489264046
0.12699810067629494
0.1485013784409931
0.133444412607292
0.12918524222431169
0.09696068640360318
0.06541906876027709
0.39036120926580364
0.1469530719546698
0.06066319227112845
0.19765083104305772
0.16732465514896755
0.1338829996073813
0.07644256985252504
0.14204218416654618
0.10322638408219408
0.21466431095406394
0.14579028366203103
0.34249891116179215
0.21654093549595563
0.190926856385873
0.18294002048076238
0.13646226201801842
0.06973090523834573
0.0636495028407812
0.13456676155956368
0.14271692186886537
0.09678790499765041
0.1279477805589868
0.1809284067418688
0.05845883317400242
0.18970021008300916
0.2783671381176213
0.18551079465650405
0.15829079963355602
0.042527766336693966
0.13456458623756132
0.14568145094966414
0.10825173417876409
0.15924965067530955
0.16938050299426313
0.19285876261132073
0.31914999694088186
0.22466832169422774
0.17918542998378403
0.16784119611774256
0.18647585035563907
0.17927633515738275
0.12837034337900674
0.07503731330817062
0.08972951958585813
0.1391833529642716
0.09232487014916972
0.14506061144815063
0.19159795838241073
0.06876830301252641
0.1337647819549464
0.10227233090598259
0.057435445774644656
0.10587491783097444
0.10944248135060897
0.05455104320372888
0.059973195349115396
0.13725780474127314
0.13411069775223605
0.20425991362387136
0.17795445622300776
0.1415976817400594
0.1519458452932458
0.10531494997505723
0.12206930322978778
0.08764095369299428
0.0960167137132594
0.14981677790865117
0.11427814588388122
0.12881167386467793
0.03794577974179442
0.11864782371257991
0.07979897986884617
0.11208375655263512
0.07902689350554769
0.10901919891711773
0.17525910562398314
0.1535285101711399
0.1511845858107792
0.11925850831437962
0.1365547517547175
0.11754581677643401
0.38205909462463056
0.308057709676555
0.23982861964862992
0.1758454691629256
0.15703318613115613
0.30441041748462294
0.1963996948123593
0.22671448835890595
0.15747284386860355
0.13777646904855428
0.12190436312367658
0.1135255199766089
0.11696973260054676
0.1481154299175504
0.11555841974734167
0.12538001924039416
0.17004798606091784
0.168867816546863
0.16470283931901736
0.20243526723183755
0.12443558973165302
0.15514566317440442
0.13105447773170872
0.1355785611185262
0.10349902994260646
0.23563572362055346
0.19441395910269263
0.2644287396937575
0.38670518188724134
0.36065305588273855
0.09166077111683221
0.0806179364123616
0.19346289752650195
0.04116087117603065
0.09279115737214559
0.09412874462339202
0.07948372463973445
0.22457793482528504
0.21315996639685422
0.3484163211527831
0.17104566524480314
0.12130129043408258
0.11148213039455102
0.10261557707579033
0.11124568897271739
0.12405460546498623
0.17477199574773064
0.19269868165159132
0.11249775275802747
0.19461099362088755
0.24175491803415425
0.23861967769597564
0.2350579014703006
0.17840081945292982
0.14598232957577437
0.14623178768791611
0.14145948869418634
0.13505599059004145
0.14212049455209105
0.1160733204082147
0.13875346856571374
0.20206299897244037
0.1932427476931756
0.6136304148671653
0.17281388723882768
0.2096136071334659
0.18543779515152695
0.13973073781835607
0.10323839620252608
0.08371830082700187
0.2000623752202381
0.21957615151095028
0.15222483843722134
0.42788901976181165
0.40446276665357983
0.32047196996219196
0.2107087137573926
0.13529403669801301
0.11482881951797713
0.09548797182643905
0.14133637338635868
0.124954850019595
0.11363231726727395
0.09623738542506204
0.08622230516199257
0.1922523229943727
0.12637992880864599
0.40447729549180317
0.08636467170050217
0.09449866050867474
0.21957615151095028
0.14160642625547049
0.20351927667862188
0.1970152713514984
0.09225062642333068
0.24538672948566956
0.31671412938711496
0.3316647035728313
0.09165898394250811
0.2362089076277192
0.07241656544838103
0.26304172690723243
0.08675933861308817
0.17904565779942133
0.12409845175241764
0.15930506478209658
0.14142870986722977
0.10074024431620571
0.0445107269218816
0.11546159807015008
0.20464162563089358
0.24531038639938807
0.17199703661554905
0.09867488671189692
0.12423817374491425
0.05060399901131739
0.08846457840952526
0.13344696238492348
0.10910208640745762
0.20347553803897875
0.2698817557539758
0.32495746630022293
0.2408754329721805
0.20958908805437668
0.2115120341614995
0.13382443299399893
0.1715416830257822
0.12738246844035825
0.18729574850327216
0.15666422921092474
0.0806752702873273
0.11694303327788032
0.05872489690978114
0.042970563360570826
0.24696930750264395
0.1027530357552546
0.2248085520936331
0.13767462908578915
0.2125049077345899
0.14909974158257092
0.06306007181341836
0.1282347836364523
0.25448543038306765
0.12448640859540003
0.3142586048946476
0.19617715179259104
0.08365975944595022
0.13877141116451422
0.16441442897835357
0.18622240568238116
0.2005856152785061
0.10150998297883208
0.06307336509955001
0.0836208419869587
0.053951184196722506
0.09964553741845926
0.06750310653422313
0.12957181289898465
0.1286516079809683
0.1326214210053173
0.24774244208873228
0.10699323739980857
0.24609799681817737
0.2432391127113348
0.2176528783747219
0.08234654430026091
0.1709557630315684
0.15067738548154533
0.12598211941589083
0.306161133013118
0.2552190942393552
0.20373369181330087
0.21951459385703645
0.2020515895871893
0.23720717183614742
0.12332186840030977
0.0892422559673663
0.10133485270752512
0.07440407401043056
0.12828382179463016
0.07000073555959171
0.09987679727288404
0.1292059690711925
0.16997279485134595
0.148800468140624
0.10020681427842817
0.27535011465634296
0.1671837886881878
0.29027511703108616
0.1827845914064373
0.31772983067669436
0.2674295956257707
0.4160397339853379
0.3364373334536367
0.27652951493281636
0.12135355975610458
0.16779678781079302
0.309907080225102
0.22585114301100429
0.10235943220213702
0.04787983471224896
0.13979743203851056
0.10398541441724557
0.08967040923039973
0.09836439989437751
0.0941573679955002
0.1973538384480256
0.3254113446554357
0.20119552977709884
0.07750424376086483
0.26561518377317106
0.25134144745452186
0.06316595805825849
0.15364702578331474
0.16503075513676263
0.11255262301909669
0.17431643824683507
0.2916909430711066
0.35762642127902095
0.3587272281833651
0.3529521434888579
0.33729254324188673
0.3189197715147748
0.18695797805505682
0.14629176452642953
0.08919408450919064
0.13496270121711829
0.08082355936345874
0.035529648154988124
0.15727274420937062
0.19102954731231528
0.24219946324299702
0.128052733374724
0.07078014166448839
0.13597689229446971
0.08573758000735007
0.12443684281085426
0.07922757976608182
0.1632816770066707
0.17506745872216026
0.0809336350777172
0.2025766314348695
0.25713302278329847
0.22714616103285712
0.12042879277098789
0.11492628220574504
0.07664238921972764
0.17996380121734337
0.07584999179165285
0.14903154037429692
0.058313369951758856
0.15292723929160007
0.14564480514402683
0.18865331762858312
0.17839592705469112
0.2654786944796787
0.16513462969896267
0.1637629292366854
0.05772725548237976
0.13860635409117822
0.14932293211956865
0.19969302929675434
0.10278689735873323
0.1658650264584656
0.18465318462067276
0.20225788340670983
0.25601980504602656
0.14778896838154867
0.2237856348470165
0.19476841698364075
0.10620139030028625
0.1449506227547064
0.15675656569179583
0.07371671077251242
0.07593464580034907
0.13777646904855428
0.09287997398604533
0.16214286040926362
0.05626410009913451
0.1532114864716993
0.22050007824906553
0.09756936160903802
0.21895515741725943
0.3911529989558585
0.16033469247030196
0.12808151515711017
0.21573555516337992
0.20343149291568643
0.3295609420377731
0.48258127129861594
0.42609449042961084
0.15624959329497856
0.43645382762408946
0.32527974891098166
0.18776259128781933
0.20865520063400225
0.2402402321426947
0.16128105325446843
0.1348058968323542
0.1332029207815855
0.1764166993848975
0.1945588925727048
0.3344312095987369
0.12593130333623076
0.16692416530897444
0.1922657649402743
0.3101361078392883
0.19241089986895765
0.06743991194089591
0.1413072327150832
0.15340849635897388
0.18064761715939232
0.12430594636926696
0.23678509265770709
0.1862726807347687
0.09228467538929078
0.08310145015497489
0.2091967827889499
0.16599825137931554
0.21529789456393306
0.21702150887352273
0.10764603745788562
0.07561121975396247
0.1844981023426256
0.09186653023694373
0.18085638719909514
0.12564891225274843
0.20294155158565486
0.23966466857742671
0.18701763601129368
0.1368178088545416
0.26917288313048054
0.15509601202307652
0.18711440133406806
0.06952875877092374
0.1807010158047252
0.2129236828105068
0.21580755879708513
0.13562556779888021
0.26536999298227915
0.12898626620945378
0.26012291005719307
0.24247559876692792
0.14850491636333196
0.1733498891605578
0.10217738849612137
0.11311751689556665
0.05699567779075718
0.13275863362719725
0.08621489770567052
0.22457280824644155
0.13202639196234578
0.1686849000933377
0.38247311471223994
0.397125725336802
0.40121072170472816
0.4651223661824375
0.23859987598168161
0.15628823085463112
0.09347148973212972
0.25241340154810404
0.2519246986427148
0.2070391038291014
0.21285639000571485
0.3218849723158839
0.20378972059381428
0.2071867438895782
0.23401142135376457
0.14541147442767524
0.17971757060168733
0.056620262922687646
0.1868274796287454
0.1551497640131878
0.19572045543777
0.12278217421273768
0.07174274389030771
0.23602065531252117
0.1077536931582059
0.34682015892627927
0.3426907472843876
0.21957522960668668
0.26397068446538424
0.2654673825037773
0.11002859100989376
0.23204157642851886
0.20863284396989837
0.21934768153187387
0.20996247525987272
0.3697487239890072
0.3634668237141739
0.2282525094731964
0.07464980261228167
0.13636759004253934
0.06428257664020881
0.1924396780472206
0.06457135730795453
0.11093061299529247
0.14403834359251175
0.1554208279519653
0.1366406676286688
0.22471735985240554
0.16045436093289203
0.24662164346753002
0.10648305822012458
0.14793022384374666
0.07927029329621428
0.15986990502020731
0.09545163671223605
0.23869323493324274
0.15059143150562435
0.5325044851823587
0.25673012828761094
0.28010077215024287
0.16623802300085333
0.3264884323980436
0.16289124353292214
0.21255562465332328
0.1919983225575144
0.19098262126793497
0.08702423405644728
0.1512581989011996
0.06486013797570034
0.1984083879897073
0.11835515312721144
0.15647446967376255
0.13957622659589403
0.16784812861202533
0.175435016606203
0.21574337690576323
0.08996480402506614
0.14172988434287745
0.2773353039241907
0.2852288640428306
0.3599068695401437
0.24412576804321087
0.15053656124455445
0.23902771215868535
0.2446758902310045
0.18185800960450557
0.20277104404377413
0.10803544589788741
0.08603656935719366
0.10381967626482481
0.12029334635707407
0.20010825667851917
0.11836887069247858
0.22139052538018053
0.2229927429079581
0.3147135056349127
0.31943777872351553
0.26337442227070396
0.38073234121976607
0.28119536307878373
0.23302649889114174
0.0801173832549356
0.22300210336292997
0.3105941630676616
0.40973324407470707
0.4326358244828256
0.247545252228963
0.2540974725020371
0.4917533182913448
0.46251236654628364
0.2899626293087348
0.22731803317988009
0.137020978475412
0.16212000157058404
0.14899750265881823
0.1732590095656501
0.17481330030890208
0.20973536318351194
0.07299412678387301
0.33889450260185777
0.3019764872603923
0.2254893378656814
0.23765766401326582
0.1423592431764074
0.2555253981906314
0.2219712229944169
0.3243358199188592
0.33053382269078946
0.3721775755635559
0.47073137947974103
0.13781576067054016
0.2959886910773023
0.277972799634122
0.29710591239113315
0.22452839993949134
0.13419353458496416
0.18478601217265062
0.18334424874867686
0.19102954731231528
0.09680485809211076
0.16122435838218405
0.11661936237966608
0.2004146892656104
0.09733833707484137
0.1904546761727167
0.4629751150865872
0.2501525956968015
0.4342892483627008
0.24656899606882515
0.3387909737219898
0.4455542990289478
0.5155322854101855
0.4609688594228177
0.39265825005240956
0.15805928547951922
0.22782086820278552
0.5071980107315806
0.33250307165509013
0.34118329681789794
0.09848383372356669
0.1350631476229167
0.15940349837464554
0.21245782030781227
0.2212839862573227
0.20073770050317996
0.14968521817634012
0.32570154685854696
0.32191575114284116
0.13260808262885823
0.4131748878633363
0.5080107996488814
0.18441894745505652
0.25856736721671075
0.4164202394711054
0.3088910141738032
0.2919977128731371
0.16802221851674842
0.23147019632227234
0.13905751754184748
0.30525335604246745
0.39059023687998995
0.21638330788139945
0.32171836147101257
