0.06972606793459607
0.03285846557612448
0.03193074790063313
0.05660927276181107
0.024511170484264627
0.07856713636204439
0.07199773147930683
0.07694658963626765
0.05273156689110178
0.08270816822454469
0.41113412761727847
0.18246537244395597
0.08940609412177278
0.3260947872176193
0.34132660937580445
0.13158083753346478
0.09700043416300451
0.1927718603610095
0.20703714117104485
0.23507702665697516
0.38115576596511047
0.22906943269574512
0.19105085735117697
0.07936332693326914
0.08694182187691424
0.0452444707486713
0.036853942557006476
0.06509489594915369
0.06409097702185895
0.05104697101284789
0.06672590632805393
0.05475691768365337
0.0743886577523208
0.12122896787409308
0.06949121218207215
0.09240499544487282
0.22292154217326798
0.07286736475649526
0.23439940701867742
0.09188719953297068
0.12587325611775324
0.1652569129398722
0.14187702741599043
0.1439146042170063
0.20157335539836876
0.15045873025388104
0.12791038210718408
0.07215198478724322
0.07163901585629956
0.06320529292693298
0.0695209180260382
0.06705089281119746
0.0381874485027842
0.034806164881608675
0.053603313849172045
0.04084690424122669
0.11518865770149438
0.05658571382488362
0.07700397682899038
0.08267962188866773
0.03880304505940103
0.16303368589882486
0.15318823554735073
0.12757287817786472
0.07984844458124542
0.1808216477417562
0.14171528888096102
0.1350895158321901
0.09104675004081926
0.1345758712794106
0.13373761798084463
0.1083572026767865
0.13039674780013397
0.04373217972606981
0.030247911186951148
0.04731897104320857
0.05516106707714715
0.08210132314914
0.10569649565172642
0.046509151159765894
0.11700355427422109
0.3220295373848606
0.20434312766942803
0.16975797340849047
0.11283439870043933
0.1632789584727015
0.11657109961685658
0.1406018901840128
0.07639647183523109
0.18780340241254612
0.07185300501440406
0.1619004247524715
0.24028045060360262
0.08724861115551383
0.05024865647762476
0.12276417610236837
0.061085942359662575
0.04614856064827994
0.026312794503799867
0.05341691385069011
0.1165678769931007
0.09989989374099457
0.0423082409683389
0.09306105867004089
0.08329940915919745
0.04716015815842157
0.1692911414784462
0.20716219255856252
0.10334952736083469
0.14907631348736697
0.11736872761920147
0.17296665082772428
0.22780359276201717
0.27107405464965617
0.1522887987597694
0.15843999870967426
0.25392797707095205
0.19315670286059403
0.15385988446125978
0.1464557320261786
0.12336865619894531
0.14244862652401416
0.10041634203935812
0.0565316309995332
0.13679119149168079
0.1598835536760608
0.15321209810781258
0.14552605112038397
0.2720562577662901
0.1824348185735354
0.29408737714197525
0.20774064246332452
0.1360293010226301
0.2877579375289454
0.13817565601756296
0.15352130691021768
0.2890444089950087
0.3260221098082271
0.2030739797100133
0.26120694095561325
0.2939853475826835
0.11096125623919488
0.15884234384749046
0.07013965657164392
0.04838647366751686
0.12001424813441082
0.06271802982914902
0.09290611185240849
0.1323521844285497
0.05218653777594827
0.11052951776133978
0.22793937873028394
0.1745623616146758
0.1490134845007287
0.11242643737175675
0.13654709693453163
0.1963857126863606
0.19031001866651304
0.07206496078140816
0.31949716406323325
0.10801510219141336
0.14091203923128146
0.22693945487693368
0.22926580856341064
0.26921707817446056
0.31132609478721784
0.1404657131417702
0.055214477304578916
0.16913960224829538
0.05554755065272822
0.16749858488138733
0.14818775336833725
0.17063757525858084
0.10558228485442986
0.13752879507367113
0.13638418888006992
0.1726727041038126
0.2645025489808496
0.1694642271913215
0.12621275352615083
0.10046959918178155
0.19743279785971007
0.22137246739595187
0.3018062059383528
0.4205732516852777
0.13961990900784693
0.0638895240541056
0.05012753889647954
0.13396899794274877
0.04431389500150879
0.11795662106702588
0.1049172914806985
0.09455727776500283
0.08890848395749165
0.09772037256213657
0.07995255789833683
0.1224737245816218
0.14328941690181843
0.054561942412793614
0.1576927711470035
0.07522571367308056
0.11692286858543564
0.09245813350673524
0.13986436607714617
0.07152056033148575
0.14388361485347945
0.25627505847237375
0.1853925112906358
0.12118581821476769
0.1512565856473568
0.09097295221746933
0.0874519838717468
0.12064413397136488
0.10341150608788764
0.12053738110997586
0.058290992793322324
0.07311606796184567
0.0762581786606331
0.05481226919030451
0.10311028986515995
0.0799670663304688
0.08758547568576315
0.01990870240074611
0.03695600194693639
0.09394026453325738
0.09089180322318687
0.04563104869646308
0.22025906989975505
0.07348386983078141
0.14171525531611967
0.14712285594469693
0.18272265129748924
0.21144870710376504
0.20399378473792673
0.07035551952970592
0.2211606802537894
0.13331342138401944
0.10273302773477691
0.11283629475546426
0.10169149325706067
0.12590926260307236
0.0965438234375884
0.12232849882124798
0.07608544413962101
0.06675108903605331
0.05087344834438716
0.10439307937793708
0.15891947050145888
0.18664128029640287
0.07199520658406272
0.19160118651939137
0.17438336462208126
0.21911682392363188
0.16357682977189097
0.12823434640976908
0.1360578202837852
0.09044168594557708
0.2647558277157411
0.21529497907107176
0.20404104831535308
0.08351057219963179
0.183869943060169
0.13037225235593175
0.07538245484108938
0.15466021785571454
0.06709772025065479
0.1308071494302063
0.04431389500150879
0.14895322155638352
0.11134478315066795
0.1340323188524562
0.07378591744605764
0.09738878109693112
0.18751663869877372
0.10101335248024616
0.17342856710815766
0.16288847743645096
0.07721631536240949
0.07332155568578988
0.19118664331944377
0.11247908479826259
0.1860720385147334
0.22904337981783543
0.22713799593632408
0.21379516832067086
0.15354034160671945
0.1633759245116406
0.1500884686221005
0.18967735295631094
0.12041256784868883
0.1749486326632343
0.18676032784027544
0.08947199927134529
0.18119334035929252
0.10923750643086717
0.1848793892665192
0.21929433875064003
0.1135267536845484
0.23857594624450507
0.19694291090777705
0.2088840811835309
0.2947114763845516
0.24298759941118536
0.3062085015381808
0.28405746656484926
0.2116883422494337
0.08559985047438695
0.12649322631176535
0.22033406576670841
0.2515661372086812
0.2685637832552871
0.11450569823036964
0.14533565877998406
0.1069546151148858
0.0830824836145121
0.03803092047960025
0.11873648378403054
0.047008761181990016
0.09652400744119174
0.08433600915106414
0.1316226705979427
0.2674090334343396
0.35289300523146067
0.11828645768595393
0.16743553113361004
0.12764461231735733
0.16473442085029985
0.13577844077601572
0.09157356922076951
0.13999533328291633
0.21914567240355826
0.07980134627705937
0.29969639273400883
0.37307672515823587
0.0924912947635232
0.1283795721701429
0.07540402967075198
0.10242788206247651
0.0951357276697643
0.08071304337771246
0.04075606605536781
0.1119328998411416
0.07205993107305049
0.11291342140943268
0.22398740362104488
0.14392568867913746
0.36349903704982284
0.2191162864819289
0.08019497841578134
0.28810661589818015
0.25971285956877455
0.11520959039823017
0.28688313693202305
0.17041957950479825
0.25498048309593585
0.2686192481041186
0.12542057040715407
0.18140189013318628
0.20001273125677602
0.1366515017377955
0.12936757062728332
0.07953530809786748
0.04817108532198329
0.050008456735591233
0.08778881284413106
0.07613066620816866
0.07176561105831071
0.1461455235224968
0.1111009450411804
0.07400166574268355
0.08845853664754313
0.36355683630937086
0.12265119900113632
0.16604145269366102
0.134711584330017
0.09650194207123676
0.10700627225696012
0.14596554461693811
0.09687098518502897
0.06022571722446256
0.15248704839213828
0.11086956507927517
0.15134050326763707
0.14861436144884532
0.09609104478044247
0.08368941844167885
0.06699748411895841
0.04518868534627172
0.06974935834543582
0.03392806241830586
0.05985028347931667
0.1486131837595844
0.18966484304774542
0.15407007571908787
0.10675835734874857
0.2320582197677052
0.14496304209394056
0.06055879057261187
0.1328100335059643
0.20197602017187244
0.09224617773973103
0.254193489240354
0.1596881902519879
0.15564930826612675
0.17901116816486734
0.07320043810464467
0.0794596564957424
0.08345435597682996
0.02597972115565056
0.058260003429795905
0.0667916823364539
0.03746639969487583
0.026105543891733852
0.06949565255768288
0.07373308119359114
0.12005329524206383
0.14348050646842725
0.31081408136236277
0.11013950542752164
0.07378591744605764
0.11983586875692578
0.1172747388462928
0.0789596333833774
0.14643597504324335
0.13242646486338486
0.16880074214075716
0.11252009675419854
0.17933412236916624
0.1332060348695839
0.15113466783306714
0.14490814593732282
0.055619910870156955
0.08461820971093878
0.07757904986967955
0.060334231899814954
0.07101322492667106
0.06466827926066901
0.0798126897545412
0.08341784650514546
0.09826219056491266
0.12027901686339448
0.3007625497334454
0.1599558706181143
0.07783531365182815
0.12528142261550854
0.054994240809941856
0.07710153645390005
0.11972030141049807
0.043572049816994245
0.04183098458803167
0.04728127573956678
0.1136689854151545
0.06859797002112616
0.14885371307345854
0.1489050118560602
0.11363761478527647
0.060730120501412375
0.02914759487415908
0.0562991864381132
0.0512365720259494
0.043354119573555554
0.07365142273575541
0.04601920483683341
0.08342970550769073
0.07164740847323835
0.12349961643222558
0.062284716103931284
0.20415425305380308
0.35620945135209275
0.2847393075055731
0.06569268517928839
0.22358874080172905
0.19377957292499334
0.07687668508820657
0.1700040322698467
0.059059960505939715
0.11301165622249684
0.15217088827924224
0.1066740562741094
0.10712892236181798
0.07105112240847536
0.09618172752221062
0.05751625870516021
0.06854319971183043
0.029514366978423107
0.033872482570266295
0.04016221513032734
0.09471153107293923
0.11356970102403122
0.13680266627180418
0.11518865770149438
0.04994586252476167
0.09333996294177938
0.10460045755474293
0.10283523996727648
0.14705620363278235
0.05815679952637444
0.08962123931860093
0.14646779777029362
0.1269081414043317
0.0831925431789469
0.14673936970682722
0.11438949058749873
0.10321729248228856
0.07893690955234603
0.05650582811124842
0.06228049744497031
0.030436456894984483
0.024147817740828987
0.04545497105838885
0.0726612887735235
0.11923034926661466
0.048823839526441044
0.11437882783482821
0.12352994185112226
0.2070850659045941
0.13966906141387792
0.13294436952862984
0.14172022666655154
0.12454182755716706
0.22789411674086135
0.11326785572859713
0.156050742949513
0.1263746244610149
0.07656907047253181
0.0723764565534275
0.1284547183496019
0.027887323058687737
0.02703949999067125
0.03927714253727212
0.03147767647771875
0.02249759069772529
0.05408619719983223
0.0776489136533461
0.07219677867544896
0.10072741008245821
0.18826099403080102
0.17007227535473127
0.06251181156857866
0.11803848567238917
0.09492042048163023
0.10403129335841746
0.10230850648880614
0.15190655071270512
0.18066084590458995
0.14546780330742037
0.08966499207772385
0.20580469912762286
0.19876565736448204
0.24442957855194777
0.227036484330778
0.07495641459759367
0.10044769207018986
0.04388388535689793
0.07183334465439728
0.028004128902041733
0.06459357269836041
0.06207169514355382
0.05899930672807787
0.05503739046926704
0.06616229112905012
0.10808494706835599
0.13266289099651776
0.16391147487485067
0.10354503006710035
0.0949508253450584
0.25310504484903645
0.1624242613295391
0.049988880328220985
0.10619913539091139
0.15126556864904883
0.08755065877079009
0.1785622394895283
0.07176399941555826
0.06869425764568642
0.08635987581758964
0.028023580337476123
0.031075542604065497
0.05866336761503549
0.06189413980947376
0.09111238470692234
0.10219729326403537
0.04812312021331006
0.03728907529508581
0.1048922493967406
0.14352998604738115
0.16713837287089023
0.1541170739826484
0.10079845044327675
0.11923017547470749
0.12453043791488672
0.0355177306708369
0.09980832915068225
0.12316367731918319
0.04402624074628888
0.1406018901840128
0.07700982794426509
0.06060369652221524
0.04799284152879489
0.094687195763499
0.08826800195190021
0.08665137035616724
0.07604988984890433
0.054324354261932
0.07631171416585744
0.09474457557235863
0.07099731741194436
0.08965839926982734
0.14938506663922238
0.14940982708273737
0.07548653244876077
0.16616933806126788
0.08835359928045355
0.29061825115139645
0.25048460116226695
0.08062513844909874
0.07128468513374742
0.09599599921821425
0.11680831743482564
0.11188763785172004
0.07953954220937758
0.17354478364628986
0.0858393537622033
0.07112491370647714
0.12612566253280538
0.07847637041263499
0.06495573555642724
0.04838411389167689
0.051736441530890735
0.11717182112900733
0.07643962149455627
0.16652086656717943
0.09908491347877256
0.17658147426017454
0.05200486140423051
0.18746462203468361
0.17490866052590942
0.09619098438621616
0.13399771371480157
0.18598579045161687
0.1344008696143744
0.07021791766894353
0.05130843531264545
0.3118774740707715
0.1856063599559466
0.22739669634127507
0.11738676733958764
0.07586479938216158
0.07471535546236058
0.06079996537835469
0.09352229022586675
0.0695654974346253
0.09013678860513048
0.050700849707086444
0.11419599931225241
0.09591208011447779
0.04519199746481162
0.2496651336529482
0.3497036309793032
0.3455752892386247
0.14974060455998553
0.06022571722446256
0.09575634207730888
0.11413005621338913
0.15481066055811302
0.11084238151597751
0.07277652657063638
0.1501664854261489
0.15838663698387545
0.14103259340904298
0.13195270989578262
0.0687374073050116
0.06328028032108682
0.03118777714489514
0.08387793958729999
0.0620571731633178
0.03279258509506934
0.04834105457458747
0.042376013703185174
0.09872211707928523
0.09891493371420572
0.06545302803838302
0.09067028497587223
0.07330641598814673
0.11893717721465802
0.13505164624843063
0.13406724129092645
0.09400153283990445
0.19694430502112803
0.20729991155375305
0.2789584727010756
0.16870609503819567
0.06649355204872784
0.15830245726971373
0.08861988499257059
0.06609211374746403
0.08157881626871723
0.02679726482838072
0.03410973879002363
0.06748582222216766
0.055656896893570985
0.1029177172850306
0.0745043477332731
0.09095551485623962
0.1153576623233217
0.10789572314261296
0.15253545697892884
0.18430459589290676
0.06433462804749115
0.08181191970992606
0.07637074223518407
0.06361565662477496
0.16785879689188546
0.1414974338619403
0.11946966200996642
0.22025906989975505
0.18285843726575604
0.2082956753210411
0.0759434004123167
0.08339688481278484
0.04801131389471301
0.02769050698932681
0.03419108543583558
0.018682386891650814
0.04893220500832324
0.04710383256026053
0.0726468331954269
0.048007981226438054
0.10948128530784806
0.09301474468563901
0.12224574653958357
0.036199017064778787
0.07285599365077135
0.029885763147584024
0.057175375706368776
0.09584900184648668
0.11306767471736844
0.10199999987293336
0.19399989708228227
0.18645368596810322
0.17892064418602316
0.17002006895487007
0.10601480507262931
0.09029766889732252
0.08360162938832451
0.03274716600213985
0.0954617331521575
0.07638874995644243
0.04409691392659164
0.05730468524759971
0.05133988529617669
0.13687225601278316
0.12680337408891776
0.16288847743645096
0.23729889245024094
0.22080996243503367
0.07387221676470801
0.09051993086086903
0.07803121735969468
0.0753608800114268
0.05456347030592335
0.18627823818203135
0.12613984775796483
0.14619622583376002
0.08200592754750448
0.13744108962348672
0.1321465071750114
0.10858672979681096
0.06903945492028785
0.1676873446445604
0.04049869119543422
0.07923980253722766
0.09532328220747449
0.10285369754441087
0.0826284564699359
0.08537119930474199
0.1079788562634832
0.10808494706835599
0.21345134564915322
0.04054411028836371
0.15307604822593662
0.043844564374571
0.1148030244316534
0.120486645390982
0.0749293834181749
0.14489319721699792
0.23726334855126077
0.05036977405876997
0.13925217373956988
0.056683027975964737
0.050581729825774066
0.06716244473964256
0.10902785290707839
0.08684461236818375
0.09418581655681946
0.08776409328233654
0.1633789804201481
0.05523156393623034
0.18007994286309575
0.14073742703892594
0.14495960479596556
0.25375781195923364
0.2401964658253423
0.3010854300642838
0.3866104049812179
0.27646143916428567
0.10452712317484117
0.08528530165621809
0.18566356198219502
0.1722107878233792
0.10099177765058368
0.09842221856012325
0.10883464470502249
0.18151758011413888
0.1566017782693862
0.15553678935998103
0.03503326034625594
0.12532983120230015
0.06643828517321625
0.028250675802123485
0.04681738036782022
0.06492045661414876
0.08993557298194474
0.10169414082812696
0.14044795317713826
0.10017668489845274
0.06726377088077931
0.1731076004734219
0.1842430813271353
0.11801782761029808
0.12329028471021698
0.1906330147835684
0.08923553864119761
0.1491277723460097
0.04867412792273677
0.0723764565534275
0.11119584641704668
0.06870171372621162
0.03575996583312732
0.09746433517143689
0.058014716962704396
0.029658667682936655
0.08536411205030081
0.11758349199814716
0.06450174385630168
0.0874230622729451
0.09482745239105066
0.10815479194529863
0.1630731230381305
0.13754952915144342
0.17635248168017767
0.054926823049358996
0.14287712647607448
0.11534291100943013
0.10644846371348335
0.12106405786266757
0.07258948512312122
0.16478282943709144
0.16483123802388203
0.16302166417948882
0.09292860877185635
0.17733647455624527
0.13909792043163308
0.0777373480368855
0.06656515285489438
0.10533628364122881
0.08151083208974419
0.04369748535841599
0.07508239176498457
0.11408428961045652
0.1000605488973172
0.043693167398139464
0.04023705732073031
0.04970362736247125
0.08955926059154788
0.10326565055933086
0.11346972743846738
0.12044056393639366
0.09783375390492405
0.05350557756322308
0.12579357262212082
0.12496835279474036
0.09663038724980334
0.1663803128011992
0.16249054202575872
0.12867983592736226
0.03379180513951748
0.09532174972318849
0.08825194257191374
0.07088027543519149
0.02343625195160077
0.051272707128101905
0.04155673648901926
0.0581050566121634
0.08719168231104063
0.10619913539091139
0.09367032124436869
0.13621159882673847
0.12421348704744102
0.13511491444506282
0.08146655680593973
0.07581395143434118
0.056590778204973484
0.11740960056123081
0.08603691358503476
0.16855744996904273
0.2056196594791986
0.3145165440230541
0.17480574280862501
0.19126232641185317
0.06517756041068433
0.17645242628518537
0.1166155007999057
0.14187207327741475
0.1047765594157883
0.08782385623406463
0.16674516903144676
0.09454854811931228
0.12840826399082866
0.06573656716657023
0.11431976204921072
0.122562932747257
0.13986918697131503
0.14806717892955523
0.09294436618643757
0.15529474642602503
0.1786651572068127
0.1972649911739565
0.1825829079385642
0.09175775055499515
0.1371438279493168
0.13085437695157687
0.16440479866109653
0.08929821997345984
0.10640867002173908
0.19585241599341358
0.10266776136325194
0.1408004807539115
0.07787627054206227
0.12530528916482844
0.09591208011447779
0.16325999584593584
0.11990806948169107
0.1737225138320704
0.1200633434639767
0.046130658718687094
0.16734420830546015
0.12709732154231762
0.08192090394710075
0.19254669163159052
0.12928171323285167
0.3073497160632439
0.3820467563075105
0.09332109627239489
0.22359016985378793
0.1804618271017585
0.17205294629905626
0.08143643362251979
0.11525274005755556
0.17695592779510314
0.11695514568743053
0.08491644601897895
0.08590725592336747
0.09276118758884272
0.06991472181933721
0.05887577094909064
0.08815576548564298
0.058106159554421076
0.27568003464044916
0.28995765559341663
0.11624110258785363
0.15327405589460177
0.23095736758060048
0.12169257043751422
0.13245510214583414
0.11311117687167774
0.14230369474344978
0.11021521581509895
0.11868926230644541
0.09600178335732173
0.08979154212588586
0.0825485707563007
0.08026245153360173
0.07634216343889363
0.06474782600629679
0.03957005682060091
0.05194480144757708
0.07379200329336699
0.05778152744329908
0.07267359445856189
0.06119999992375998
0.0422397564243968
0.12329542530746618
0.06174716249433248
0.137324007390365
0.2710396774436766
0.09577372729058568
0.12581999897532947
0.15155053237126956
0.1475755416552961
0.12051039682529971
0.14357021561261785
0.1622359166220909
0.09351606793643229
0.07533930518176421
0.09495140984515665
0.11691171867758626
0.11079092265733582
0.0238904428808954
0.042579085367524146
0.042186305673206456
0.06722569405705506
0.08045507124689946
0.08287258968882186
0.07755085056501662
0.11998953395829677
0.14506467609820514
0.12671909246973853
0.08380011360325107
0.1643354775399478
0.1612684683113586
0.03854567019946743
0.03548745127555057
0.18109652318571035
0.17353839858671308
0.07871405650181451
0.14887047805279707
0.1446637805538993
0.09978575055528864
0.13492768879432537
0.1102422848164791
0.10848364299897763
0.06064618442133538
0.025237875971136012
0.03919725682363703
0.05503857913741559
0.04970693909648545
0.03127861533075402
0.0785270471761185
0.11997225574528012
0.12257500128647096
0.2465739127363089
0.21226779190037545
0.23846069853322932
0.10739950206037255
0.21319405135594058
0.19991766582617226
0.1502712527415629
0.1356725703236618
0.134800612498822
0.1255572434996105
0.0734682279731077
0.07415423905616322
0.13609862746304965
0.12551124386548324
0.03715281801629743
0.0867672337223895
0.06286038924815536
0.06351379954280577
0.04031716194795985
0.05940306783950685
0.0868631859647435
0.08478263365408494
0.1141773060452984
0.08608845187658129
0.1388679988690674
0.15229672258822305
0.14592355222780848
0.16718983172953192
0.19116542819133522
0.23144145344851141
0.22016225272617287
0.19300175604296194
0.22925897892045002
0.08923234213043993
0.17475654115917932
0.08763695808944044
0.22635855183544057
0.1313466917078303
0.04084690424122669
0.11016768225367536
0.1026089300201654
0.07131161935818515
0.0940996760087887
0.02940129282300306
0.11189149286171692
0.12432460248031679
0.048643848527450455
0.12216210945056342
0.10993590060271262
0.11478440517474223
0.1278161248045828
0.13602812888314558
0.10256720178990683
0.13336782787784754
0.16250585991097927
0.07812245820823825
0.11638412083800152
0.0889660564183228
0.06778811479985766
0.14712823327915484
0.1962291817696583
0.19446302681006483
0.05565352853623038
0.04602468083518505
0.10369119290665384
0.0660732535875056
0.05992313928894455
0.03535119399676219
0.0854998980185675
0.07630552805956635
0.07610445652306694
0.04530714229143895
0.09428733447611426
0.14871610147686884
0.11720075806267977
0.09981673991881516
0.22837441465548294
0.09112514166341833
0.09803602598680881
0.13199480787572565
0.1609913789422464
0.20338298651412112
0.15758091353218714
0.17434619850338975
0.16529726505028242
0.1609118509751459
0.08418669273915506
0.12619042650914047
0.09422117017444552
0.06931508259146807
0.06993258889517834
0.01803137989299515
0.04641359962201043
0.03296633972443743
0.16029399258279614
0.10746706267636408
0.10896772886688964
0.06487551279540807
0.2221397384993113
0.121360327085425
0.15880203777080193
0.0777833024514828
0.13868162404157847
0.11310657129624865
0.08649131360242565
0.06284747880712455
0.11474251335125848
0.10457039914838487
0.12470051957401537
0.13019091236556404
0.06390857090810376
0.048910138845091405
0.0983765091733632
0.0470056021822317
0.04369748535841599
0.07169499124479133
0.08902339110893391
0.05815349709201645
0.10848364299897763
0.12063419828355805
0.12669170997787235
0.23793572749187153
0.07961966990534149
0.051671788056081094
0.18159668005022697
0.11912725775742308
0.10707219635269095
0.06253653559645113
0.1604537525017589
0.1624242613295391
0.19739618175268847
0.07585710109366635
0.061272516241755524
0.12658879226058795
0.05691440064991232
0.05943497094453656
0.10896772886688964
0.019923842098389277
0.06277837932861466
0.052523347460680964
0.02740285273410689
0.06588338685731174
0.07211483544302272
0.03132403442368352
0.2251839654196467
0.044964902000164356
0.15832465825682282
0.1316428162605174
0.09597405884153072
0.06420148519143265
0.06963309984401662
0.06485393796574548
0.10130585998721968
0.11526910816268585
0.07807930854891307
0.10300864436204327
0.03731935469037203
0.08409323183864344
0.10632041315278666
0.0675237617215297
0.029967438401337483
0.05374563280717285
0.03288004040578706
0.0479715347390021
0.07984214934079037
0.06975677356605425
0.03132403442368352
0.06782297087622512
0.19492867034287378
0.07903359935635508
0.1918432294533474
0.05927191627294392
0.18569533893087029
0.19569803941748534
0.035214936717973815
0.03253521023513575
0.04755379029714354
0.1853025846945552
0.1858457285676224
0.10061154523551981
0.07005977085800882
0.09821851704621036
0.05660927276181107
0.05807637043804825
0.048204018734660854
0.03347211401311937
0.055621466223037
0.07902967634323314
0.07495641459759367
0.08863612241460461
0.10485299898964152
0.027327154245891067
0.18022516862346954
0.3232241340045414
0.36882502276180873
0.1844725654494274
0.08753151855091851
0.14786160448705044
0.05790684281439145
0.15334762016247025
0.07501339783613203
0.049320060608680605
0.03121805654018147
0.062221808746909454
0.046170135477942534
0.08780608567146682
0.09070502680212236
0.09918602312577934
0.06373345020993534
0.04942504200636843
0.04502754520398586
0.03145420397938448
0.03020476152762597
0.022573289185941113
0.08730217700190314
0.08608845187658129
0.04395054225807305
0.10344026275168682
0.17187258786600138
0.11242941087409572
0.08597904351608804
0.044552023253248314
0.049492659245981424
0.08196274218964311
0.07307394806719221
0.13168321926619617
0.05894907613938121
0.053570302052210854
0.1141474476535438
0.1105652122309974
0.11768640971543264
0.09087153007797907
0.09402095926275188
0.07341494684283559
0.04586425801920101
0.07883497144033344
0.06326948519902274
0.08694828168007848
0.13704470920575912
0.04475294623316015
0.2025420676169405
0.14161477898420208
0.2626100626277017
0.10979430815292064
0.086502880093156
0.11048451617963158
0.10714204122963357
0.1586880905395547
0.131657593036414
0.09040399926375521
0.1727218376708407
0.1331206047490984
0.0646166148394569
0.10957927639118663
0.04724887696107201
0.06593356383362074
0.07572330830336871
0.08734416939103352
0.07914803940353829
0.07302476469759964
0.08594412107761693
0.08513780210318973
0.11090812840625938
0.15298552424709247
0.13391372893654124
0.11286932113890959
0.16343333504862864
0.13220385052664424
0.06944731372013947
0.13000843674742274
0.13225553309171736
0.29645448463953084
0.20012350126074216
0.27437863428189163
0.06953663127500163
0.15538440968647008
0.16543667276177135
0.0878210278562193
0.11083100175229096
0.0493402746190355
0.10811506200792485
0.10284658129767642
0.052428772938238694
0.07313489792250974
0.10232687836446061
0.10690881901527648
0.12135434756972402
0.04522227686009795
0.0813155329983016
0.09482745239105066
0.057470292253408675
0.10350525629991643
0.08469393051788936
0.10481512274277241
0.23725048386345035
0.15186238166336966
0.08919034582514689
0.17233456897651195
0.24274004927134896
0.1188773114408704
0.1911584118601634
0.0826284564699359
0.08927581929102743
0.10173416353625282
0.081213280578009
0.035002980950969716
0.07273043469200469
0.029461851613575722
0.11820857540180688
0.1306803149735075
0.1283795721701429
0.07011819640341743
0.12008005793714097
0.1424895795811245
0.14598878196881618
0.09719428492274118
0.15339288215189284
0.07381666392009238
0.14716315571762617
0.052297387102118065
0.1724797947368847
0.05494196274700216
0.11939510735277296
0.10021508378273035
0.0817254547618908
0.15154633870220804
0.03866678778061265
0.10523292716054322
0.04015075800207995
0.10276334070910312
0.08759612372581524
0.08857771329927824
0.0716574851307114
0.09783342065311995
0.1308071494302063
0.10741653139531919
0.07075211370951327
0.06478276621505158
0.1086714554411819
0.07453273149724211
0.26101909997790756
0.246593341114143
0.1256509336193685
0.060543650874968706
0.17609221427468724
0.05118731773150024
0.0987121134818087
0.04962792887425542
0.10559622132203175
0.03925723598869565
0.09375804044666285
0.07149246165560584
0.0622747130802417
0.059519516090215024
0.034303979163518086
0.029579091467410872
0.061855576482489655
0.1029177172850306
0.0845213925373565
0.08927664514379724
0.0815640048017142
0.12291172298440116
0.1149646674471823
0.3158030154891163
0.14464485733197122
0.11940251331330698
0.3101810985011756
0.1392715041981527
0.07940639935331896
0.102605782636199
0.052428772938238694
0.12795581455846702
0.15436402244299954
0.10829448169918285
0.10737024550278189
0.07092747253500194
0.05419962450729839
0.08527358807145641
0.047041853833207484
0.06450174385630168
0.0692922168452253
0.08053311377553643
0.03940863296512719
0.1487387521776576
0.14298408498868745
0.06891474229590532
0.11842797716815798
0.061219085215721086
0.06433462804749115
0.13234933820941644
0.12957340606185325
0.07743516058406434
0.07421382796703557
0.17548073298993486
0.1915034772453989
0.12174582757993793
0.12568322066700152
0.1569406383769244
0.042784785539550306
0.13631451654402288
0.08576483921262912
0.13135029330327347
0.038454832013608546
0.12133998867905149
0.15319302217876837
0.12298667215561183
0.145083704445202
0.062284228064189505
0.04660163207119432
0.14227283657920384
0.06271028520357683
0.13680266627180418
0.0782835537777145
0.05859723736359431
0.0755023119747289
0.12247299171848917
0.15719488926335892
0.13088393178402094
0.1642052179282666
0.14837231851488933
0.13347760680611748
0.12060214158223417
0.1297564824126407
0.05885613531954538
0.08936652004779422
0.086502880093156
0.06247455686939808
0.1198990099794526
0.0952514176507166
0.12954137825313028
0.146484383630035
0.039242096291052485
0.11084895333424488
0.15853812174103216
0.09194544158308736
0.11356654461204958
0.12479733674759758
0.09436446113008234
0.06028627601503511
0.04354177042170792
0.11358941259747399
0.07952482213630657
0.11967830902136846
0.15369726306191728
0.1491277723460097
0.033837224232446866
0.10072741008245821
0.03300948938376261
0.06830451596231957
0.03398035671857924
0.07880917929600019
0.019076019030372784
0.13322698502547212
0.08607046731467347
0.09320798827962594
0.09498678421274893
0.14501919881897227
0.12030780053327488
0.1036594209960995
0.10651190913007284
0.1050530774489651
0.2548250004470801
0.07386765654128334
0.06635839945958116
0.10902785290707839
0.048098819412297045
0.1684446122665308
0.04407165983921826
0.0914967887945373
0.0872351992895617
0.04970840754260732
0.07222690930412388
0.07940101888540117
0.03376502829644817
0.04600604909202629
0.0262134180400468
0.07391991203009358
0.05425860106662275
0.05087344834438716
0.07487370808224729
0.11976322401118579
0.07400064712046743
0.13830333246232973
0.11046839505741521
0.12347977300307493
0.10487202949127632
0.07998354726186335
0.11171718211290096
0.05778399952941055
0.1087871454221345
0.09160455858429603
0.07193048209507495
0.06494708518536052
0.1148561724900945
0.12185457726547574
0.023799604695036513
0.06762679574724338
0.06264071130775448
0.056492820785277786
0.021035458921025207
0.0646128229527257
0.04368797052746804
0.07418440066301332
0.07138146423512758
0.09672487139527729
0.06670457088533338
0.07080226834279989
0.061009500009181865
0.1469313695669356
0.12707254032678175
0.03719500633830508
0.02819011701155083
0.02581318448157585
0.06377542805204524
0.06656030237454931
0.06974010962698125
0.11952080078736126
0.07103364830470447
0.05509908835009421
0.030218836495733332
0.07941362508350294
0.05992687399501499
0.06274253300312381
0.03509262755552716
0.07274343933550421
0.036481142560042604
0.03289856297857139
0.08268186623929262
0.08893988017798506
0.09565536749932209
0.1294040277581178
0.20557814027684856
0.2671362615699233
0.04755379029714354
0.15267843359234307
0.10801510219141336
0.06289668520205886
0.08121436662850574
0.1322722115554491
0.12813752923618688
0.10377391291420175
0.0454947914176747
0.07359599480052448
0.04004937110241175
0.06638996721501156
0.061056933795462794
0.025843463876862073
0.058731946996777924
0.024450611693692073
0.06544196589201057
0.10569484344097652
0.10043693304316385
0.10851720213324509
0.11279947626196803
0.12024045353641027
0.07035551952970592
0.16115614346653637
0.143108880765318
0.12876684086447168
0.08244205647145396
0.07783531365182815
0.17762268408874488
0.1131447990785557
0.039741706313276504
0.07531773035210151
0.08013849407949575
0.08973686189199089
0.08426007942851858
0.05844593961095483
0.0458543996265645
0.07554160448721252
0.06509489594915369
0.08748070837034963
0.06589864139514953
0.11258159525834685
0.12972778263778148
0.12271744878778733
0.11795338433780493
0.12204881140127126
0.3824185486283091
0.2537170265051723
0.21534508714555953
0.2712333117908409
0.2171027410890711
0.19441156795142317
0.16000113260753587
0.06355645070595618
0.19142695415015676
0.09963080373765625
0.0782303323565512
0.05218653777594827
0.11361495319884014
0.1569406383769244
0.061164642093442564
0.0715243422746529
0.1383214120310814
0.1492829433582322
0.15298552424709247
0.27190860906705056
0.13513999889942754
0.16932510242851273
0.1878319565798522
0.2651447340353461
0.14416708454019764
0.0730187617329268
0.1074091339828048
0.1911073629320156
0.18895634131829328
0.22083020448974777
0.12105636923679258
0.1223769965660981
0.14172022666655154
0.1748983007277182
0.1578285571152703
0.061164642093442564
0.13104204444365583
0.11609700286798652
0.09464281988185524
0.10162429595118452
0.11290073586167874
0.08558422787443569
0.08751396259879973
0.15894119285820282
0.09624624042662012
0.23523629460298467
0.11794551758180971
0.14808186699414275
0.25152087521925864
0.1415524574162526
0.1261264542075011
0.28012645253409946
0.2595584829928474
0.25353779653167297
0.14213432457777336
0.11788468475424033
0.2591311650930521
0.12054862411803463
0.14094583506078284
0.06679567263537854
0.03692572255165006
0.06294994234448228
0.06516011375505422
0.09099750724537
0.06348251376871646
0.06127035636184009
0.03769784713145094
0.06183346181298284
0.1416045366856
0.0669035467836915
0.12637147446682884
0.18041428983695582
0.2024225225550144
0.199253886423295
0.15282137018400366
0.1775455574347775
0.2989438182186385
0.13003136935713971
0.23115297997926126
0.23918077497041126
0.19315026129670856
0.0847853707380844
0.15506757576051491
0.1140328307518138
0.08276617917673791
0.0819470698412036
0.09826943118604443
0.100210044580788
0.034594209114604584
0.0430421603994839
0.12634938238879273
0.17103500092773036
0.14010882314644432
0.14727525343487838
0.14504171205607239
0.1432867650473226
0.22078798440157377
0.10004354204239413
0.06213550942825909
0.2693356661349251
0.07943852281765622
0.21001563091908582
0.08358089011287351
0.1653101700822949
0.1873020791617536
0.1028040633422412
0.05642565311603114
0.18118664128029652
0.126217769218946
0.13681120378653266
0.11994427196887417
0.15112978268078203
0.23192507590181632
0.2837441465548295
0.16700373157122084
0.19456594452735032
0.0798058279214946
0.1449741521193599
0.3898415148935529
0.18882562481376433
0.21098132043431322
0.07509257081702193
0.13381474463481194
0.04767490787828874
0.08547771358958883
0.1056403763753722
0.13640704466849735
0.22611022487521182
0.06295086280023
0.08584624722744552
0.13612854425385784
0.04375372618871212
0.16095682753645704
0.1218986765967268
0.15284973827882567
0.0724482780069771
0.09620902778790796
0.10076251346511035
0.16431007300698394
0.17825348633767288
0.13994631362528345
0.07929988506847212
0.13531871438719167
0.3390109607368906
0.13372868462520732
0.17250473454729087
0.14875958720921914
0.08636735614831967
0.13157807166973448
0.183311057159978
0.18240581737153408
0.09575634207730888
0.12946253568872904
0.053548727222548255
0.1037196422594564
0.10107568063664309
0.08156143657136262
0.024829104134770876
0.04489722052784975
0.052325142431010024
0.0870181327823759
0.10477023619616117
0.10708059228227682
0.08161373870718834
0.1743039212649563
0.08479744649929985
0.26969587814542323
0.07241317382720064
0.2192424895771405
0.10849298864505329
0.11650436077278585
0.06593267944887496
0.09256522885361718
0.1507526769777938
0.16120059401454614
0.04001422087085326
0.07402742796855362
0.13153134126096183
0.08835198673016076
0.06932104036532692
0.06853157906065703
0.03607311519585042
0.04665637779751979
0.06689387588457511
0.05767120552279261
0.07394859725846634
0.03412487848766679
0.03161168867890343
0.10159587288113607
0.0600643257806505
0.0954634277939801
0.1296755996946514
0.12763881017065157
0.15214818828460008
0.13651417752369882
0.1775175225139347
0.09964763692690358
0.08232954999244331
0.18308681660812828
0.15780739835168467
0.12296190585708656
0.03586594371662937
0.08135645551381672
0.07163073123038133
0.026872963316596544
0.07579889878042506
0.08771635926557274
0.08660296176937615
0.13099363585686527
0.10374105902331088
0.10084371243269895
0.09173542782434066
0.26958040899872354
0.06087291378996886
0.07033937085573173
0.03966222290064997
0.09625296311326911
0.09362220685409363
0.09111238470692234
0.04281874250842951
0.06667671456358974
0.04031247291442338
0.05690709550108343
0.17923941545342043
0.23066433386507443
0.1673995461052614
0.14860686589323482
0.029416432520646223
0.05289884353971356
0.056434660569455
0.04271222822358276
0.05748758071938698
0.047205727301746825
0.02369362681153436
0.17808972230162126
0.28349061901868616
0.1922789067344678
0.1117601133755468
0.18577432951246728
0.09885586951398721
0.20870303322584152
0.09801445115714622
0.16483085580048437
0.24054226776524912
0.2515823599032572
0.15591774084082038
0.2551330211495906
0.050895023174049744
0.09650087802148097
0.09793057107850635
0.05916868523241943
0.02779648487282886
0.1272062985642977
0.06590145659874759
0.0610457466158236
0.054902793169148895
0.04936937102651022
0.08500201613492314
0.08585051358655282
0.11916285617240172
0.1035318848711282
0.38201119072350975
0.2726427217775577
0.2898805289394482
0.22409149310458043
0.04432903469915186
0.1432100036021197
0.13483546648878333
0.0717403765638178
0.11545447949690496
0.10451905654532799
0.06846205658530624
0.15642164951038448
0.12282773820614082
0.08264102180843935
0.0840687630388697
0.023163737394024015
0.05032514171424496
0.052330434717417953
0.05417018197809288
0.06656515285489438
0.0464530559262043
0.10489698804750075
0.09339107342579729
0.2368136674728557
0.15218041820822362
0.2692105856759731
0.20689255364895265
0.09037737069254344
0.18602677652531077
0.15826931463211807
0.09545753569145518
0.11541807302665254
0.13488072847820595
0.17794996504428542
0.09231869612622247
0.14264925598112993
0.22795603519954832
0.0924277706758451
0.08664256984704086
0.08518638930786764
0.040754853232632456
0.08233417382802448
0.05754724806868663
0.10687063033662546
0.16466834765604918
0.12914858206973703
0.11703969739673087
0.1277986691286487
0.1382184943137959
0.13748964026110397
0.09532174972318849
0.05503739046926704
0.1256625328050228
0.16888797406473502
0.1556820151203538
0.14013913026020447
0.09070586704202793
0.06148826453838141
0.09696571847437828
0.14135748469098944
0.11918194067982303
0.049475885311357076
0.06193270313645785
0.07919644799032938
0.059542757593391595
0.03541599971157417
0.06235025978700748
0.05362994242038381
0.07029280090567595
0.0355177306708369
0.03470018699810663
0.07105861056623505
0.1284562275252884
0.07065756714498217
0.14183715929808344
0.06771645659137827
0.20801169744159245
0.190923466304315
0.05610771946552489
0.10747291341046135
0.17131798865389733
0.14256416109738368
0.050082119803550054
0.13158030154891176
0.10727342832919971
0.05799702809910416
0.06181701315550556
0.055933862321565705
0.04127832227295537
0.04114706989203024
0.022437822849093528
0.04176887022677416
0.04414196222759359
0.0745043477332731
0.07598655007164189
0.18174636507765773
0.10379817058324523
0.24536505269863312
0.17010719779320257
0.223647670975136
0.122242984868235
0.21961117267659624
0.10074642082460977
0.07602614855179686
0.060754720329853365
0.13162294748515002
0.09543679922276832
0.07852765650333259
0.07826137079121545
0.094687195763499
0.06207169514355382
0.041184864126701415
0.019015460239800126
0.01794054170713627
0.029233894192809442
0.08389208090907149
0.03331153699903886
0.09852930044436474
0.05840306389663101
0.13075695981063104
0.1336261355262129
0.20793357940566334
0.1375617846940761
0.08942766895143538
0.18699210879724573
0.06313253917194789
0.11321854552362172
0.07089255009653082
0.17502811309571184
0.14740414677906633
0.10861794197256495
0.04808367971465388
0.11667586693227051
0.026736706037808165
0.054688538645895145
0.07164470845090921
0.06869757628775791
0.05698367204982331
0.06347523621582167
0.06189413980947376
0.022285634930721193
0.06838217087167105
0.1476446094952711
0.16024288581279236
0.13436481658298272
0.18280353173112504
0.2157988877406348
0.0936619799797515
0.06595897089140551
0.07969931363664776
0.15190614535064406
0.20321103277929298
0.12048241272563145
0.20704352570576948
0.20249060875829775
0.11875447646050166
0.10737453900618849
0.05392285670371261
0.07940189026025324
0.04319917275592305
0.05021846652158193
0.045504071583685586
0.01874294568222337
0.023663347416248134
0.061938773967199205
0.09336181462849591
0.12551149666780756
0.08670823914711111
0.09083326246358447
0.03376152574423115
0.13976226007307183
0.06927677804657634
0.08719168231104063
0.15532984739299596
0.04802557082892523
0.08221701313009218
0.04681738036782022
0.14406891233091598
0.1498624469769593
0.09092279258671339
0.09125233172523892
0.08084233994122876
0.0585698970650607
0.022270495233078027
0.019621048145526298
0.03190102831162845
0.026817513270599305
0.02495022171591609
0.06418150100070334
0.10532607442913151
0.05064754244467225
0.12522031136167214
0.05498799955218104
0.10481005628929023
0.2158091655651291
0.12278083672104191
0.034806164881608675
0.03706197983043844
0.1449181308436172
0.0928776022943888
0.07409387668416884
0.08678074689055286
0.2175165954819119
0.12355271960067883
0.07762797721898483
0.08759612372581535
0.08795840219952843
0.05072742815830744
0.027296874850604842
0.027811624570472024
0.10383641866702724
0.08989035662486218
0.03948044913274469
0.08454722353876898
0.07529277734390173
0.07602457080943185
0.15236968044048768
0.19690434758079287
0.16560577541254062
0.09481881465622764
0.03547231157790741
0.1147226237750554
0.054800067342978556
0.1308524114196289
0.11884105811748483
0.13231801814958974
0.1230673492390073
0.09519714208186296
0.08356939526157547
0.06355918459282521
0.051287396636336295
0.05981172015233256
0.057739535054168706
0.026321292188359748
0.06669068080069984
0.08296522661092331
0.06988451166790267
0.08310396965072644
0.08699179423175286
0.05477849251331597
0.06837813452660461
0.15185773676385245
0.06657142802927477
0.07571184660555606
0.03223241628227266
0.10430710646837851
0.09424877114913016
0.09061450282327799
0.14227283657920384
0.033443592093724904
0.13588290312277176
0.10312596080544602
0.09061957574319725
0.037281305656955435
0.05269795965303692
0.06104322794364631
0.03560677869193373
0.04353799616504412
0.03264662830555631
0.06820769878873728
0.0625055462329246
0.12213486447408359
0.19290659891748738
0.14172022666655154
0.12791455560624568
0.18933090175313227
0.048250216388728485
0.08199785589108499
0.1484140633154493
0.1566442342093972
0.13613932556044683
0.03949947115098608
0.09411469702994149
0.10310611095751746
0.14115649630057964
0.1446637805538993
0.12633345919989755
0.06926122748169877
0.07531417759993904
0.022588428883584276
0.054506121091135354
0.02442270717805187
0.07147104629977838
0.0721023491495913
0.02758452910582476
0.12319250759018174
0.09124817067518903
0.11283813962958658
0.09574264721709434
0.16506902174847626
0.05244841090975619
0.3463150299039222
0.16880074214075716
0.038636508385326424
0.05765217384122317
0.09180260381824731
0.06476776977035821
0.14084289610456413
0.04845706742217702
0.10518638467524667
0.1391746870245705
0.09419019998763307
0.05767789937902969
0.07583491998147478
0.03860035120859239
0.05516158464852101
0.07519157197672333
0.06307154773019572
0.022258383474963537
0.0535260909926581
0.11965213811557608
0.10377901040485743
0.16364946225492732
0.0862893004596128
0.1265170100934536
0.07259930181461523
0.089914802331792
0.1442803478618843
0.1005381780557752
0.1406982985014733
0.10127304486555544
0.13252710502825096
0.06960040049151517
0.0798839318475544
0.08608859695603732
0.049663100400315824
0.07474285800554316
0.06331843152283066
0.03906465023488905
0.05069342815288275
0.04603144324239443
0.07966110138310148
0.04039554252816397
0.09776589715198819
0.15498578193517382
0.1645273315497575
0.2182684307299826
0.2861462971272548
0.15972925140698482
0.3840479802475096
0.19222766907615443
0.14711369525831977
0.08850562223164728
0.11657109961685658
0.15166410241668807
0.12128852982040875
0.14537127566510535
0.1313230072556991
0.06960708514740975
0.046280456765951807
0.06189413980947376
0.04578331683573981
0.04909175114495957
0.02629971735869716
0.05691947062852542
0.06056054184692604
0.07404929758657955
0.1015544510742421
0.06601222803382895
0.1329225255512168
0.15100463131257477
0.24171493353631188
0.0852673287706479
0.09180260381824731
0.02737257333882056
0.0842778243041676
0.09679245694535193
0.09641452544317929
0.06918102800802235
0.19271342561622004
0.10741653139531919
0.12236582192570743
0.03989310328970804
0.08418374280628108
0.11372407759995838
0.07166084374289716
0.07564452220449747
0.03486492473474541
0.03256674259192123
0.06844990539677001
0.03336559972827252
0.13336782787784754
0.07851493373961908
0.05979464040986814
0.1904272782897056
0.10167618548147198
0.058428078095593736
0.07524366766480159
0.039242096291052485
0.16636648999125225
0.08819382785318328
0.0952196902182017
0.058618812193256896
0.20677655928872155
0.07691560027274112
0.04769004757593191
0.11112319921535005
0.028644307940845454
0.10116811609118508
0.08069711418085525
0.04634207585127899
0.04883714855854423
0.029344685475304295
0.07575943832815744
0.08321965963167874
0.08245187723049711
0.07831462793363887
0.08497283478962775
0.14310584515195926
0.09250953951020202
0.16715485018985782
0.09802797719357145
0.12344189631744477
0.16293046982558165
0.08780608567146682
0.026388492992015587
0.08889788778885468
0.12408750988005
0.0852805947466641
0.09999470686976035
0.10413871152111073
0.04532871712110154
0.06260377091873007
0.0628967863110602
0.07594961825047979
0.047494516320828455
0.05626389406979575
0.04465611392203756
0.12329667055707201
0.11763495085678988
0.08091528993776442
0.07503931367459853
0.06422811376264431
0.1739835884635051
0.09775348491818711
0.10888816315319312
0.07948346996044536
0.13554404301523354
0.13303188876480518
0.17393094221170158
0.11537076107651979
0.10885508456043107
0.17566178094762322
0.07868199399375089
0.12402279935893899
0.13655542208682803
0.0789596333833774
0.0948808301106636
0.026661007549592344
0.044945178312431146
0.028737673110569878
0.07482118046621729
0.13471929192610527
0.03495756185804022
0.06163784405418293
0.15299448773026667
0.18507627474744426
0.17695199573355758
0.07065756714498217
0.11329546587356124
0.09448656939225934
0.06843542801409447
0.033613584614315115
0.055177999317220214
0.05020462862484688
0.08441361027243428
0.08753313514211984
0.0618652173142357
0.08340087325911213
0.025022757128042625
0.03234999026882197
0.0222867990414554
0.060052488035815366
0.03379165686765993
0.05771853885960356
0.08816188956928936
0.07525036132150577
0.07180698541282075
0.07346313790470245
0.05950338020942317
0.14465085164411015
0.12252213316841343
0.06201794235207238
0.08692194935481044
0.17816257066652266
0.06262950368703059
0.027960979242716552
0.09570308493488547
0.06763709099221954
0.04515150265809184
0.07870775037453948
0.10286625842638807
0.04973792846001187
0.033871542581295024
0.05464423433646373
0.023779314092056913
0.019827268459920194
0.015260815224298209
0.01865210749636449
0.061778449828521466
0.08104770236196163
0.05501462812339269
0.057412488846648624
0.04384005387438276
0.09330897357825287
0.10982835525070483
0.08300125646689976
0.14113641986695385
0.12339834302475167
0.1847594408214891
0.18386663855085417
0.11709493619392528
0.0656522066632613
0.10197352033589654
0.11434527560181906
0.09346392039588526
0.05227581227245547
0.08293496853235145
0.036804604970504855
0.08603921165028554
0.04543576503898948
0.016729365895684033
0.057557809694683174
0.07237083725277661
0.0926965543366999
0.09956395462795209
0.10897996205705446
0.1600387879315577
0.154799402829083
0.08751563080882073
0.12786682490177748
0.034594209114604584
0.07597131366700843
0.10991612206041237
0.107180390951809
0.06163784405418293
0.034282404333855494
0.16744530171060437
0.09715165465553731
0.11201746983473239
0.132349076287017
0.10157978696032521
0.12123707096176599
0.10152832810168269
0.022543009790654784
0.0448054885585463
0.06254389413417219
0.04450072602403561
0.08176812638295684
0.06332274234144616
0.04586808786266628
0.1271109618974324
0.12071649288110253
0.04461459025926977
0.09363753427282168
0.09283686650390886
0.1216899089178198
0.18196787774795115
0.14954380631523587
0.04928728567728448
0.07312357017541614
0.14955629470971976
0.06272450227804777
0.11214067517247882
0.11595308794085363
0.08956976601493964
0.05218608817860439
0.03291291401767345
0.0630510396189966
0.03972480011726808
0.023430265013572645
0.054902793169148895
0.02859908548137643
0.06411699313630197
0.07128468513374742
0.04107399970587406
0.14345787547371594
0.10636672166706138
0.1275482861918074
0.05579250950745767
0.06306992387898253
0.06513348518384246
0.06015394236725266
0.1257378066149185
0.07570701509520812
0.13981428532522797
0.09994188613012485
0.10414434200899744
0.0477354666688613
0.13053686184116414
0.1218545772654768
0.025798044783932685
0.048250439010740484
0.07319378322822619
0.025307275194218038
0.03986297110392971
0.04679606755140453
0.10036181002142787
0.07338601125073424
0.15437657592754617
0.30854731642052136
0.25002268488183355
0.07697899223612101
0.1544075612443197
0.08143643362251979
0.08602205872788227
0.1520334448462672
0.03407204974464519
0.1239259821853568
0.049768917823538386
0.1324036432871914
0.090207144918478
0.053074080969971286
0.037572913979722684
0.04845921705637148
0.02448743166703964
0.02532885002388063
0.023408690183910164
0.01598752071116959
0.044810619659300416
0.05375025808678986
0.08563568398683409
0.0942999270691697
0.11269490042710882
0.09543679922276832
0.033912922720662694
0.09865669988037373
0.08839407948064881
0.11487357645541074
0.1492436730771301
0.09594306947800431
0.1445993927854685
0.09691399075589217
0.1310850077170406
0.11153178553008904
0.07545910018699627
0.07079916807369353
0.02878082276989506
0.038213074108577084
0.04161445762813183
0.051960763856704846
0.03590245742219322
0.03733208672571001
0.11419585624033436
0.07743516058406434
0.14335679567352955
0.1506959306808651
0.07277836177397543
0.17211492502610995
0.17187674836811542
0.1838558126328065
0.11140676187772164
0.2404316878108155
0.22235372819430854
0.1834508310605666
0.10629351689585127
0.05485112456114328
0.2357844903000051
0.14017059491695638
0.13338136160139927
0.061203992964812146
0.057901402985245376
0.04199325680086655
0.06721587893327897
0.018530989915219273
0.05074933831107004
0.05884763697773022
0.023557369532745984
0.07472754453607988
0.04766514246896079
0.08640932742221155
0.05968244734727644
0.03781896471259615
0.3811059509350648
0.11286326196346617
0.24237795335597118
0.06250228153252312
0.07667381008123522
0.11346434193309604
0.07463702055723549
0.09490422779853416
0.10483716029053476
0.038575949594753765
0.18435555268945156
0.15074433926765674
0.03967657110544776
0.057067656828083846
0.04404365678416821
0.062156625439842884
0.05131469951723218
0.06298564297843878
0.07902967634323314
0.042256150550148884
0.07608544413962101
0.08532853471277886
0.104463884863538
0.26577840188725643
0.09129237678821238
0.10061843053639463
0.0971542238268713
0.17747583231062525
0.1359543045335258
0.07536262222084406
0.07663611016280585
0.07477733418941351
0.1228571385416726
0.12453043791488672
0.10019039777697732
0.07474645265194209
0.05191550186728265
0.05403180157464105
0.04268960297139406
0.03094239974800688
0.021286414886273055
0.036461462129777036
0.08681109452992329
0.06976105851422924
0.06034034236573471
0.20442946201904713
0.10034583054905459
0.06217865908758428
0.1345837874352364
0.06752582312421553
0.23783138690494457
0.12334330118102664
0.0778410075601771
0.10423836163936527
0.11686645668816363
0.15167650953866058
0.16398027955383948
0.12553791164579978
0.12587359258318534
0.1109040723385356
0.09200532458449721
0.029600666297073464
0.02333499073544482
0.04091683843768395
0.06389933456432445
0.04458305958088355
0.06007505620782323
0.04303523365733673
0.09953111473945465
0.08713545622407884
0.06044685665058156
0.0971795839999214
0.19290878795238248
0.11144057052100645
0.08717459162718946
0.054231386171352536
0.0720167814137253
0.06771193617563624
0.09439535118764662
0.12542097268896232
0.11811947055228539
0.1030910383669748
0.1179437040086453
0.08706163910869519
0.09667960940585509
0.07687283582435403
0.059332064014820156
0.04456103148924792
0.0359220913882123
0.05938352287346268
0.04276532166655226
0.04883923691774378
0.08653610575231097
0.056783884954167016
0.07108959992976158
0.1528950002682483
0.10609410320567611
0.052405028144645115
0.0630830852005408
0.03274716600213985
0.09941625696499899
0.05108919664101305
0.04834340710131995
0.07646786394277776
0.057993142133041804
0.11243760613389618
0.11753669717572213
0.07930885776808941
0.030006880728729233
0.05118011386890641
0.059332064014820156
0.06329439613029386
0.029051771191975505
0.07352867336716332
0.06034306318024767
0.0726612887735235
0.08049940996279377
0.1638211588683876
0.11682990049485618
0.27142694613800533
0.18847702703648278
0.12282419644434558
0.13425616219832273
0.1417176967014876
0.06920765657923411
0.11184237586229744
0.03926618998591378
0.06603833367494413
0.0837966384094994
0.20228477332372782
0.09560695891253089
0.04667988533412745
0.07183656666495135
0.041928608851337104
0.04996655174188238
0.08113279146197565
0.06255206938150358
0.06352819522929869
0.08068749035146401
0.08268186623929262
0.1174876401421331
0.07847475942983582
0.06195240584790428
0.07265330803803649
0.04824928072408305
0.029567829497077768
0.06929829859042017
0.02711519847888697
0.049129713885604755
0.07077970629449667
0.04204934301238783
0.113034050157347
0.082179797252097
0.053466253299403264
0.04148731394784405
0.033246776024363975
0.052590953532650614
0.036943667250763756
0.0488702262812703
0.02390491126614972
0.04354610752812585
0.031794514026781594
0.060804979460680975
0.049168241904722125
0.04351643142944391
0.08500547840526798
0.09180260381824731
0.08568559015073703
0.09943797746056117
0.061956465805588376
0.04059606621969823
0.08737714197499102
0.08507069932691534
0.12528518672069552
0.060770141875441365
0.02755424971053843
0.06510954923410334
0.06531305073625875
0.0776957817998036
0.10898986260484723
0.04027070117596202
0.04593974886480597
0.06854655889627537
0.0313302465252785
0.026226751291869268
0.03503277981279583
0.029797371185903365
0.04449253560203906
0.09087634436268208
0.060155405753100424
0.06816455606985841
0.0731230381310143
0.08447737866182656
0.08368941844167885
0.053869599561289186
0.04702605675987967
0.06725444226026307
0.06382868519446867
0.10364995577687641
0.08135868265762679
0.05989264387631314
0.14762041569511886
0.10560891342564152
0.16024288581279236
0.05344354242190177
0.06046232490215252
0.053346262643852754
0.023345413765741885
0.04797770878754977
0.052282200380795535
0.08518306409261192
0.025134676556917326
0.04724887696107201
0.10180005918451027
0.2078180630944281
0.1485600532564736
0.06334449493895208
0.14248909349478756
0.07544111335583127
0.131363911988779
0.08419799915405697
0.13731511245609568
0.11006205191052855
0.1681230219256808
0.14429951576298763
0.15823591502006965
0.09327988495461982
0.06327897540037634
0.06513034774878318
0.08815576548564298
0.06304995126514794
0.09120290868576683
0.018515850217576107
0.022119098256646486
0.03976241106815334
0.09599422760686019
0.05741062173215188
0.053283770994631593
0.04985943135024545
0.126649045616999
0.1717430526637921
0.19320698238853123
0.06353577091113986
0.12219785236918679
0.07075211370951327
0.07136457084738262
0.13007387270783283
0.15844182576030486
0.10585966580648015
0.08813374986932955
0.06747679945047291
0.07734945136211191
0.03238381325870421
0.0388131185629994
0.03440411400552918
0.07454922365837856
0.037342183049417076
0.07192631274497674
0.08196296309190035
0.08848718932043376
0.11300365357896315
0.17402886951420188
0.06951410117286481
0.201467547540338
0.1125843576917278
0.10304120970150399
0.04215302822813684
0.043063360006529536
0.10543390203113541
0.0381368983631023
0.11326094787217582
0.05853739044764458
0.08558638144676187
0.06386149580126627
0.05050667624012314
0.07006695093338751
0.07516637654324511
0.10039109253847678
0.06391190243400402
0.02347341467289793
0.03666041705183433
0.035327874420195346
0.02440519260076258
0.03134822749974321
0.06867242957469558
0.09838816773230358
0.08106817498529037
0.1292509267323837
0.22834330389387814
0.07001948913475084
0.05650447888632312
0.1295219472032105
0.101170304251059
0.036410972831782885
0.053070742424937895
0.18371670244508234
0.04230031521496946
0.06729300558724717
0.10361965960626537
0.03377666544187432
0.08740090157430054
0.020862503352264757
0.054676483222037824
0.05145832775899768
0.03677332771017094
0.034212257333241805
0.06684505737662733
0.05639577860199901
0.07593884245561879
0.09402703201897163
0.1546823249490811
0.12395278690708002
0.12351996913322927
0.13466313782846231
0.1340461245967172
0.0704904322265203
0.15719488926335892
0.21033530960756824
0.11868926230644541
0.3309319199300159
0.26583646374723446
0.09687474206820063
0.09445558002873293
0.0954617331521575
0.11856121031235502
0.05618676741582756
0.03980971396150628
0.01886406326336858
0.05750940110789207
0.016517410128679938
0.07096698823583314
0.10039109253847678
0.1414358758083491
0.1088257087491187
0.07314868511856715
0.1065832822140946
0.07928620027930094
0.10756387984994628
0.09734966803701256
0.15363629470463777
0.18228896121465252
0.10134442331420379
0.13965934235578634
0.11976284372131725
0.08618141996716075
0.0892966751708519
0.09962163871829914
0.10873256831163457
0.08087734146496652
0.07590466408853094
0.025631508109857978
0.04357655949202821
0.01598752071116959
0.043036672914250944
0.08541776926977222
0.03348413563633968
0.10180325802179878
0.045002285347789786
0.08956976601493964
0.33880512530232065
0.17674806869375653
0.14635464279673813
0.031884203236480196
0.06149841414777872
0.26418978027067413
0.13531871438719167
0.05950321353645978
0.03675918587757546
0.0483042281780418
0.05832198215684885
0.10780592278390227
0.058260003429795905
0.06533988237961035
0.07518317349889729
0.06973967330175157
0.07058611639993821
0.035330788283696714
0.08386719957104428
0.03813743968941098
0.0619209756532802
0.028892598982193124
0.030170389463275268
0.055330808152678206
0.05733342146035387
0.15334388037834137
0.04795539389516834
0.10861751372444602
0.111054138957589
0.10109247759229516
0.04989179359473933
0.09972772494556031
0.09119455565198967
0.07982920210131024
0.12971859858460258
0.08930190513003369
0.09127985406778454
0.09296869093241304
0.08773572270028916
0.04308730458576339
0.0635156692224566
0.04077893140281722
0.04038081560424558
0.03747233837622833
0.06750103163339437
0.049870164036545844
0.22015417741950424
0.18863386711603092
0.27479545103689634
0.2908561811121452
0.10028322839655647
0.11536149141877253
0.0890804301960583
0.09007367468450331
0.0778169375212069
0.036642610205723104
0.03774932210343758
0.07234480142216371
0.14229846003858793
0.14252620020051973
0.11273696709812851
0.111269490042711
0.07111077495867267
0.0768795348119179
0.06775719816505855
0.0844439870323676
0.06443931939042412
0.047372228185631894
0.08910784973450625
0.058230465259330295
0.1440333453404004
0.07762797721898483
0.10034477435290479
0.22200177902423662
0.059816945388097426
0.05713014894653822
0.15861771553617923
0.04811187014757559
0.10688004940050432
0.057065028106694345
0.08068749035146401
0.12937855091046868
0.07256882714314826
0.05934463115322292
0.07757904986967955
0.030729371178313283
0.015185116736082383
0.051405829429602604
0.03343440449521105
0.03976679250639846
0.05332656354551852
0.07739800191199066
0.03906411396757842
0.024859383530057205
0.13685319617566227
0.0843027664694706
0.183759584212422
0.03457321408648543
0.031046047800894507
0.018091938683567812
0.16217460682123658
0.03789999159289385
0.055083841126837785
0.04862835532694485
0.09252302783924253
0.03483644427689501
0.039438912360413525
0.057733184249845554
0.029018145896183543
0.045389035860280716
0.050326763752379995
0.013701426367053392
0.030465028317435704
0.03933266880790638
0.04052265551074385
0.05021846652158193
0.024962077919616608
0.03213596997696713
0.08559042199741189
0.01660824831453882
0.04883923691774378
0.029099012351371425
0.0662790099315597
0.01772858594013217
0.0401258818034058
0.1916112716015797
0.288364134608943
0.23125638755626937
0.12307969254092287
0.21988274461312876
0.2336198398541134
0.09011662093963363
0.026812404526023882
0.025134676556917326
0.0719835685584473
0.025110742652642473
0.032373100462800036
0.0319540312011457
0.030033297085229782
0.06452940873771418
0.014746065504431027
0.05590038365577062
0.044159843025244186
0.12315144479669819
0.11615094833442192
0.13250656100447689
0.05934463115322292
0.10731665342199018
0.06360234233916919
0.08203383732691776
0.0736966429236845
0.09052397884443358
0.0668377137413919
0.26876961868985705
0.2223890477185654
0.1763583142795473
0.2169505480368449
0.14752400737765836
0.05480570546821378
0.068703418938222
0.01535165341015709
0.03867499038901048
0.03802410835749076
0.056647732936780826
0.032012012522861254
0.09396387588123298
0.1104839318094342
0.09454854811931228
0.07593137081019077
0.0604135709365669
0.13031312715484003
0.08756625714975068
0.08978868136262581
0.13009683913960784
0.10237602555817835
0.22477229455050687
0.1674419657649436
0.10832502768923595
0.10285369754441087
0.10431379949197914
0.072708516897033
0.05234873526832501
0.04577170415203197
0.03725217386663655
0.02564331407687663
0.04608497462517948
0.034119222386359886
0.11360759344976368
0.06837277874280182
0.055471946041132314
0.07091857964904193
0.14372459218854503
0.12632594182835136
0.2267909259934673
0.08620543838011302
0.07700982794426509
0.07261611369433298
0.07425051500946327
0.05938171380211314
0.05138413380086117
0.08669977894295845
0.13708639942366085
0.0903881928761669
0.021445381711526233
0.06340314654971517
0.01363897511427543
0.013465814822481896
0.020563081975392614
0.03293304783475577
0.026121983976455633
0.03622703648433075
0.022134237954289652
0.04518249202161826
0.037930980956420265
0.029688619115125357
0.08912674316883655
0.06734984026025859
0.05562702619255908
0.1589049554880874
0.077820410592962
0.0620571731633178
0.03150003950102005
0.01415561729634802
0.014746065504431027
0.03993476206291965
0.077211695931892
0.027693714060178287
0.030143542611655586
0.07991560747182627
0.050006070155263004
0.05850056703487333
0.04718777337518656
0.0319540312011457
0.02905546880803627
0.031046047800894507
0.039513716765595265
0.040372761383823175
0.02207508553450748
0.04543817218134104
0.0470793139023031
0.06074158980461493
0.0439493917289725
0.039694764723284155
0.03617964625616055
0.04146068537663229
0.04518087788812849
0.036789413942827365
0.01951507026202414
0.04466579880466156
0.11753203313950547
0.09304022781371446
0.14825297174908625
0.022179657047219147
0.05390702940186019
0.01650227043103677
0.07441071061012441
0.029439895350162754
0.02284731409964711
0.021044179723982627
0.02519435254703405
0.03412854438092481
0.04465989740156127
0.021515885539061662
0.0496695651555154
0.033806944837160645
0.048204018734660854
0.03198102315933473
0.047115460604201666
0.12054896015228392
0.1778932743271758
0.132913380165103
0.289558997581434
0.1307434677552957
0.06684176509452042
0.1566017782693862
0.10199145782946537
0.10179421421056556
0.08577146995510078
0.08093915711481095
0.04439067408748901
0.032477867778213564
0.019352622207343226
0.01389824243641443
0.028231310172629753
0.04327046188763926
0.0363266540190182
0.0403284325751951
0.04917079336744599
0.06398845662173895
0.056439754397335354
0.07136850420149997
0.20146185228569294
0.40638033975840127
0.3815069938536596
0.32925368579021036
0.19127302701371188
0.20245351191854016
0.22783380064673311
0.06862824941641249
0.11125417052252388
0.1868471157309728
0.05735794239002315
0.10514345051038843
0.04465611392203756
0.049939508444404083
0.04824925511071992
0.05794267483147224
0.06844028199454537
0.021466955514277
0.11472320710399211
0.10428362362878746
0.12550692228227292
0.0991044607720794
0.09312011352734954
0.1552651614429433
0.13860171315694975
0.24473164385141485
0.17642815915648993
0.21752057569497732
0.2248094770581234
0.24402768601421224
0.21110191866521913
0.18982878363677683
0.06092214331604762
0.12998507693099415
0.09648544411420763
0.08032727834096641
0.059010067298417845
0.048022970776971964
0.0439946537183947
0.03530658529438056
0.030010588060662664
0.017501490475484806
0.057757370958198787
0.18220992068190714
0.1761588473330122
0.04408679953686143
0.12541395419169346
0.1621202266411383
0.30524685666343043
0.2810907072546684
0.35904648822999574
0.4438326557916947
0.14437215672510695
0.26900754354363376
0.15322444026371418
0.16920192485461982
0.17484706513802348
0.10734715525575111
0.07103223985041557
0.05770903651332637
0.029436664780343527
0.020424114119381467
0.023087075827232958
0.03153628423685873
0.035729686437840996
0.025377028364759604
0.07851872777525329
0.03338303330315235
0.08718386764334436
0.12790758844892933
0.09736375845769847
0.12998507693099415
0.12936757062728332
0.12934774390596587
0.09481881465622764
0.14495960479596556
0.22986672155611618
0.09943108490452478
0.037758405922023494
0.12342944515438509
0.10065028342849003
0.04254556409462738
0.02915828547682236
0.03335092873999354
0.018424904531851874
0.017648210663998548
0.011687846580514055
0.011748405371086715
0.030037028326808837
0.05716589264025982
0.07382309485651117
0.034282404333855494
0.10762649334097053
0.09644688078722354
0.07229818510729459
0.06351206586999526
0.0780638513932362
0.0616488488029189
0.16635090341018335
0.03317107753614815
0.1281325580198628
0.14056332685702966
0.2319765347604591
0.08518306409261192
0.062196862917202646
0.04601920483683341
0.0674625636803376
0.048973472554838596
0.025057485510219045
0.012475110857958098
0.031004914895212968
0.04223850248660201
0.05098071827297462
0.027809955435078425
0.06083488781682592
0.02617653722501149
0.09223016000243243
0.0882470849956067
0.15606837752778152
0.10992274196193876
0.12373234783819241
0.1669612158426934
0.16458827956812097
0.22633232373183051
0.22766780679375034
0.20696752946019625
0.07713001604375913
0.05929830052409322
0.07257971050127535
0.10221797740519492
0.02249759069772529
0.07016928223673895
0.05512910311625998
0.02545691407839469
0.02634095899751411
0.08048165491689391
0.05198657774331703
0.02481782836931368
0.06536483923804237
0.13021909846820667
0.14388253901981207
0.0794600976473188
0.07373451368522473
0.10950022332159223
0.0946387871767078
0.07234480142216371
0.11259837287622661
0.19014048268409459
0.06667091041892534
0.11665485700398602
0.1256778826411682
0.039726566615633445
0.04880824755421725
0.11259198270982335
0.07462003771422539
0.04006445868342959
0.017168417127335495
0.061956465805588376
0.042073142514501644
0.038554372072202005
0.07317449698965674
0.022648987674156833
0.09914403073664907
0.1882661623363555
0.13109045303044745
0.09429058387223309
0.034368703652505855
0.07595630367485444
0.03870524441468635
0.0892296608861215
0.018288754752928744
0.04204661591932172
0.04431389500150879
0.1059216445335331
0.06083130513018862
0.1632789584727015
0.09192710051652228
0.06478112336407127
0.034001931548241826
0.04022419385738038
0.04562041582218531
0.03430522542382127
0.04924504449137187
0.07343582616218199
0.024117538345542658
0.0780638513932362
0.04496194501683752
0.0683908660169695
0.07134215492057727
0.05410967279377569
0.06613801288022973
0.052403013723289836
0.0559977798923623
0.10456440076159107
0.07024660758328045
0.22075850357639096
0.08236972825340283
0.07844777078969739
0.06644460047181426
0.039007292029962705
0.030612468634455294
0.08106011332056935
0.057557809694683174
0.03775349711742983
0.0427273180145726
0.027859437810311905
0.019944799837570738
0.061188453704019805
0.04342230618409182
0.03775349711742983
0.06767863885708816
0.07414033687435215
0.13935916777861268
0.11333602151323113
0.08205998682247898
0.09133869465403342
0.18746462203468361
0.14411787949520558
0.05590038365577062
0.1005766227970486
0.08255786870612333
0.08085124944060502
0.12247299171848917
0.11267732578230726
0.17933412236916624
0.026327934201443033
0.06802861112540523
0.05257447119114134
0.029428067659772742
0.034677981401899066
0.038926944723792316
0.02612262835868747
0.07033713156212483
0.0940996760087887
0.0982864200072042
0.04377532938539499
0.2683583352843234
0.06081944481884114
0.07351173298187057
0.14526805274908877
0.1130788557697375
0.08210132314914
0.065793874079736
0.07315463128882976
0.1568438212033422
0.2588407135723056
0.08083534907583625
0.05875583324621963
0.09355653213572204
0.060127313796041
0.0502228973998442
0.01538193280544342
0.029532863440742317
0.015185116736082383
0.02335325695266961
0.07487263932485982
0.04634207585127899
0.046107643265074445
0.07415727779041621
0.0585237523229263
0.05203848914616699
0.29335603595439874
0.14742759906019784
0.07104502799284206
0.0922863245818788
0.05195234243404604
0.052644685285550476
0.16810302871411262
0.052125978985375715
0.1664752641921982
0.29917429074261487
0.08222902790176025
0.07871298335727742
0.07050522134978132
0.08387046639936763
0.015745285548879058
0.0501512959156365
0.04052265551074385
0.026062054725775722
0.04718777337518656
0.04849835391895246
0.03948884683171413
0.0878472588697702
0.06735964596305254
0.10718880255235971
0.05434891384309992
0.03421571667352567
0.12031081150620085
0.07581550085073231
0.0725376180570842
0.07061317058876124
0.09095948185747933
0.06452102804597311
0.156798487517334
0.33957700818195863
0.3462666598054855
0.29969639273400883
0.1527155834585283
0.18697727830317729
0.07604789809399945
0.03851977886342355
0.043798061862907675
0.0447295341950271
0.016865623174472412
0.03870571504458248
0.0366685603947573
0.1894214257319775
0.07862007562639056
0.058290992793322324
0.16508001852518897
0.07102762120270853
0.039346868615095336
0.04942516711376911
0.034537256861587796
0.017622608056630018
0.029190744533484258
0.07812822793515693
0.1600378069839976
0.055493942405203424
0.0674331614000788
0.05156177635980031
0.053980342715998525
0.04766136166289571
0.06006265996328168
0.047704050951655724
0.0319540312011457
0.07950393660268613
0.043858179632786314
0.044666289301703285
0.02290057124207054
0.02268754267237683
0.02643392708809357
0.04417599336508043
0.07766654054596893
0.04531190920631253
0.06129897092935628
0.10511592108184446
0.025828324179219014
0.046360342479587
0.04385725678568627
0.11530925373653114
0.18222528394270857
0.22291529790441775
0.20045995790217197
0.06906102974995044
0.06231961005176568
0.06404775215617614
0.05454069725377123
0.02942457118893949
0.039218903542825444
0.044975042453558364
0.05668809066662083
0.08626410166183805
0.014534109737426824
0.08840631914784133
0.05337232658461711
0.08259156698438196
0.03628985525063767
0.06659709016457356
0.08316102789417006
0.07260484080629662
0.06360259784531519
0.11772968307608911
0.2130617971127753
0.1126235876474765
0.11831058611758226
0.04163942124879863
0.030203696798090162
0.028795704917277
0.06691139211081425
0.02481105411197848
0.023581288821210876
0.013989080622273312
0.03648090732695459
0.08112929579974835
0.037205256769449864
0.03673840527169973
0.04099281658409385
0.06687646967234304
0.07806308856069569
0.08737749915803464
0.1324608091212522
0.224615842710959
0.09575274090150988
0.10943216607357342
0.05958984992345007
0.08852152610560661
0.1780991097617457
0.21803227490736146
0.21834383697277351
0.1451256968343327
0.12169394369962269
0.033155937838504984
0.025661787505144307
0.05279319464122713
0.06389933456432445
0.036319534053043
0.04458305958088355
0.0679771522667627
0.05005519842535638
0.05345665208319033
0.018046519590638316
0.038078856832745187
0.21592486490802582
0.04163942124879863
0.1002541832444818
0.08161373870718845
0.08501003447743524
0.048570513890158935
0.06093095662807188
0.0414637683984398
0.1432100036021197
0.19779748562865906
0.2757353103624187
0.18833671067516802
0.0957922437018994
0.16395988346164123
0.10729055422792816
0.033337614210222855
0.025976094913758317
0.07199094324087894
0.045891340278014885
0.013413772111833578
0.031197731530133464
0.0514820415237679
0.03164014016054341
0.05051266254817408
0.051405829429602604
0.161502284399021
0.09482434208489897
0.10142822774540311
0.15537164441892162
0.13826995317243865
0.0924697199338606
0.07413909935852016
0.15566239601558657
0.5781437520467635
0.15747468170724455
0.24746086925694238
0.14943954164011655
0.22088838152803986
0.0566981676736079
0.07978553934757865
0.028672948621582116
0.026903812589249662
0.04777927516286984
0.014518970039783658
0.07634034136965134
0.03584205685096159
0.05420039680782602
0.0597784822425937
0.05900715912718351
0.133621927999892
0.17815785091377495
0.2031787470254262
0.3358587751570328
0.14353734174521107
0.2798847321566407
0.14230308455537824
0.22143062354267776
0.3276900118355369
0.08894572365352374
0.11872628763323205
0.23041223915798065
0.2282714969381975
0.16296861983478866
0.31887071547951684
0.24426972757098148
0.07989218446291825
0.05352715239288566
0.07178993421128271
0.05019554626923839
0.06427211444450164
0.061441877219163284
0.09606702693211018
0.06448716586148136
0.2188854439617277
0.19538793703450108
0.2653079145252642
0.41290588174754295
0.38815417074049274
0.34429338331400755
0.4810374105902335
0.402614216342035
0.1645943754958991
0.15589971914187464
0.31203615507676286
0.22171981460800752
0.22408334825625642
0.1581482039617769
0.11434158390366919
0.08197396181752688
0.06247105439201358
0.033036626793752744
0.028974996236858366
0.024359773507833086
0.050556521676149546
0.05320103688347924
0.034282404333855494
0.06655834950909005
0.1075675517546021
0.30767251582359895
0.12838893309023625
0.18208559418882328
0.2772757454274007
0.3505377450728141
0.34258756872100304
0.3219266536632317
0.13811946159848507
0.22495816959652518
0.5898728966191525
0.3557592368586239
0.2729760209153225
0.1870529511655427
0.036486671319998706
0.025631508109857978
0.05620236926453089
0.04681110342704676
0.07953530809786748
0.035555387479336335
0.07379200329336699
0.020953341538123744
0.07000131268021766
0.052986011276147625
0.04606226132962959
0.09067900907186567
0.13808332171511425
0.2039052623470863
0.1742978904097459
0.18392187252970155
0.2777796540969648
0.16845627000550198
0.3921249296987839
0.284303571594018
0.4686872845160293
0.3116740591613851
0.23687906708404818
0.1667546436999677
0.15167292655384818
0.11460335721705282
0.06762141219679187
0.024228533711088567
0.03072255743952812
0.014261595179850069
0.05814851026604226
0.03960204522633784
0.06814139878089723
0.15104662370170546
0.1174806771289124
0.08909919927438142
0.04918887764260396
0.14461381770922843
0.2709308907528427
0.2161508105972478
0.19740224566372347
0.2867954627807204
0.17318115770160947
0.3543561151865354
0.28957202232357565
0.19570534519259067
0.2102138999863044
0.15009664054920627
0.09687107738404861
0.0365477614484274
0.05097424189108608
0.04174043479552275
0.04676114511293332
0.0401447240085711
0.020105518470107147
0.021074459119268956
0.10604884121625392
0.04351108535993405
0.10338526203880975
0.09823628237896431
0.14765897902210307
0.2115576564384739
0.3787829903842527
0.44559924330122663
0.13316878046917344
0.28175423358562135
0.4139208932661721
0.12287378607182982
0.1826719985123296
0.16641288213723596
0.2554932331600887
0.21494365254978645
0.10858672979681096
0.04586808786266628
0.09540472392322343
0.03263179979339096
0.03453829164801422
0.04940050429681465
0.054926044982438374
0.03592194256459667
0.06952967855232475
0.0789383835113996
0.1029156762714639
0.20936713787174527
0.11623371333911378
0.17561672310460266
0.29238786421857577
0.2710230620442254
0.30465478314035993
0.20294934173496432
0.1926918624076967
0.28250913394740895
0.3373642772603302
0.11531746454654312
0.07189842410733345
0.13968975388478955
0.06183346181298284
0.020514290306472283
0.05809030414938587
0.02303371409812905
0.03009688737931302
0.04235064066279013
0.06509545618278181
0.02870559976622328
0.053885322561057596
0.06313976875592495
0.16376624911447685
0.19920133464560244
0.20257315664745498
0.18153569153816135
0.4603172517970922
0.1999273126575179
0.36025670289977474
0.4008854403125744
0.3728504230879744
0.3638220594249589
0.2986217713672096
0.4290639633612921
0.29356926339249756
0.1995652171426955
0.1298416262359118
0.09239773145389356
0.03008257921694495
0.08255786870612344
0.04344351345816956
0.055669874809828095
0.04689291390382116
0.08263345765250142
0.14987298470541593
0.12477787265758873
0.24557676079152838
0.27667303756447725
0.24961932320585398
0.34278387247067615
0.3331735041369373
0.41147298772481666
0.24432014204282465
0.3344597349330631
0.20455096003101508
0.4326140948975484
0.5031647198065144
0.17861801477658226
0.3812072248237532
0.29761599159202046
0.2542418978271457
0.1021783932820261
0.15703745555050658
0.06885836575585451
0.08387523619040829
0.15905933206401457
0.13245510214583414
0.09533825702636903
0.15155053237126956
0.24206111943001496
0.23142455191579384
0.08797678300436193
0.34055472649616647
0.1229494845600451
0.36798229815262656
0.33429508299180594
0.36434580057000315
0.2876432722528537
0.18877975954766257
0.45397005094427056
0.12794558478228527
0.3839345443318069
0.10918749940241959
0.31765714652355853
0.2152009468429991
0.1455036283365058
0.048295635481657974
0.14241806233957766
0.10368960016466836
0.04317123415484248
0.09257938438714444
0.09690964071103272
0.1554978169495177
0.13951411459624477
0.4297625895639478
0.16988254725381907
0.775892829088631
0.6143533749665466
0.28917885041854274
0.15579176367342937
0.19451448566870758
0.08340068503507542
0.15015694951885925
0.05803629179236698
0.1213853369332498
0.16724914913002364
0.1613875234284405
0.12958507571580616
0.05067417101588401
0.07787703779077025
0.04085925301130104
0.023912456948115533
0.0503933388495923
0.026588873905725965
0.05299439508244436
0.0313698023294058
0.054124419074271894
0.0776046622963361
0.19883591953179855
0.17663937210097674
0.15833767489374811
0.47890614912489526
0.19827268459920194
0.5163243849900587
0.5346060824370915
0.3894510392123834
0.30574594881533307
0.1925337799089525
0.39835076890493
0.30939780544844764
0.38413850422635376
0.2624620034537564
0.1740362655647518
0.06947394229135113
0.08940179645841835
0.05850056703487333
0.054572269170143864
0.04942516711376911
0.035188547179684254
0.0361378396848382
0.0793017812642806
0.039741706313276504
0.10579768707942722
0.06616047870057853
0.18309867652048703
0.14972666100869358
0.18761058577762615
0.21360968278807554
0.22027372373315485
0.3192261421685751
0.310111253624233
0.4190354980708825
0.16187594695841215
0.18512182706380703
0.10735635240104717
0.1674419657649436
0.14981852533321213
0.06191142806722553
0.0703792441823904
0.045895657274127845
0.026601942640498203
0.01498830066672145
0.06200892550843703
0.024616880645015177
0.039697686579165566
0.06921627304991328
0.15603144535586314
0.21970169665544043
0.14468960284432786
0.19628662857676993
0.10152681239498387
0.2960892245838871
0.38413850422635376
0.47750230010795186
0.3779306291352982
0.5893583080327284
0.3902488727983533
0.3499940825000497
0.1647291422686387
0.09285806686778722
0.06609991991000587
0.08826087937332268
0.04168069394312524
0.04725005925153008
0.026868228352615337
0.04459591725638345
0.0584953980585142
0.050240808258660584
0.0277359260822562
0.04428331392507358
0.19010052032886582
0.19087359844553642
0.1866850659300074
0.3217456855163935
0.3294850657521145
0.33924737623241374
0.19153931272582952
0.27167863860295477
0.19216504322774677
0.17948100796308586
0.281737975124522
0.2560923361509028
0.06328393614837942
0.11924707084992218
0.08364883914756668
0.051062745182450346
0.04292098293329865
0.024365142658714607
0.0390610968713731
0.012944441484895784
0.05404420481070196
0.09280317997797309
0.04586425801920101
0.12484771753453032
0.1197490415177359
0.18175268872536457
0.15893201748242003
0.12504777041018997
0.17868467009372488
0.2682550301034328
0.16782759903478459
0.14227216795010283
0.20959193125096448
0.15429604099837912
0.16249054202575872
0.09310322096421231
0.042512270981973556
0.10741653139531919
0.0714163866735988
0.07239487886064506
0.05331137755364583
0.04010212262808401
0.03297164457140187
0.040315656814528776
0.037559108594102414
0.014337293668065892
0.046855917652048565
0.03577106758057417
0.06575942940320575
0.1256020206466517
0.11075884657816283
0.0803230908338225
0.06373204682329071
0.13196370493957546
0.05311005933218059
0.19203686380051177
0.05634995462781532
0.12622912172569525
0.14243622741143602
0.21999349167453258
0.04893150278267037
0.030506490750953248
0.09103072093860956
0.06748562622852518
0.020468871213542787
0.06583567803597072
0.048262809967194904
0.027872183361044578
0.06861045084764254
0.03147767647771875
0.11192301754747085
0.060120226768205345
0.06997988514437364
0.09704170532123275
0.25153441089052375
0.1682912309927004
0.1755788277585884
0.2459640294858582
0.11999081557455786
0.23942887026905232
0.20431287373012938
0.29235101312518
0.13551150511072754
0.24378107502805965
0.054926823049358996
0.09172851603840201
0.04470937106446099
0.05051266254817408
0.04608118356388645
0.056610964012652636
0.02093820184048058
0.021695186722638187
0.026736706037808165
0.0779087119847682
0.11398137189317105
0.1084243487344463
0.07309542797614371
0.12333766683541848
0.15497705178167076
0.09238342061521024
0.19765225986828525
0.18489248934073116
0.18326579517055536
0.3335563217207842
0.4466114341583901
0.3846546306425167
0.47373025266299584
0.22960019436774293
0.07389686419622962
0.18309867652048703
0.05339771358740051
0.08398085730458493
0.06762679574724338
0.015654447363020175
0.05857439001729746
0.061511043624792566
0.0665795840380414
0.05211636211066979
0.07510661369749097
0.0687415410063086
0.13687225601278316
0.13854537539628572
0.08863314883989909
0.09960594701708236
0.07691426774713324
0.17335114929912548
0.1584176263474023
0.18371051278958678
0.21097816971037756
0.2641021692777389
0.3692824191997008
0.2893695534969283
0.1785297232760928
0.25947002520059037
0.22087850838041792
0.12205392245683548
0.04722071694899412
0.05047121003297906
0.03509836104612156
0.07239509655327578
0.13932959450230245
0.2664333865074877
0.17725974141354983
0.32800326991275097
0.3328121482219545
0.44586259006883516
0.4413626305768536
0.16393850067415566
0.141781150610676
0.32517500005222505
0.31522712533102887
0.2106997815529384
0.11377482778829441
0.36517825685738675
0.33016096029810654
0.2254489222144204
0.19945252284054993
0.23534318554387873
0.12189976036778984
0.05870480028061519
0.015911822222953766
0.03667372396187508
0.05475011166079622
0.02252777124510655
0.04449118661230549
0.03309931401615539
0.048018352897896424
0.055177999317220214
0.06393494314703499
0.08460096242730991
0.1003630848969347
0.14084289610456413
0.13062016726414333
0.07408068511097705
0.14832353933660403
0.257029147148013
0.20866018158848357
0.0766522891672835
0.20101756676676827
0.15103954638792869
0.1430041681675498
0.06904788515196383
0.11546333501607516
0.09343306581492768
0.046515034653257244
0.0492057158059172
0.021634627932065633
0.03725337112518213
0.05274389672208116
0.06559621919994696
0.08357831343093583
0.07187037837372433
0.07557215685167122
0.1466062882725259
0.1156443829737635
0.0731039085589832
0.09671780356616642
0.10542581471710936
0.11041510224487333
0.06798228826682097
0.13864208073065426
0.1133578276482496
0.1563349114643366
0.06798274230349541
0.0967760262835373
0.06627975417074007
0.04314710926164534
0.047311461295887924
0.041718344997692496
0.043094517904727035
0.0253029602282855
0.05637058316852079
0.0526630372145657
0.04014257110165272
0.0443341174736561
0.06891474229590532
0.12205800687489161
0.04658787758751029
0.14300931405341472
0.09936119627497579
0.05034857848206956
0.10234667695339428
0.13119037155303104
0.20555732496099705
0.24036799685280094
0.2086895762608742
0.23400901151180267
0.2252064274698113
0.12947251401640372
0.040628892595165354
0.08688491489488735
0.03991622824635313
0.07014404226038344
0.05261646358027161
0.0448054885585463
0.05035462816134346
0.07842191060167099
0.08574845860408188
0.06254608730191455
0.09247156898060001
0.07599122611332565
0.09228204147294126
0.07335182346719507
0.07462238737178112
0.14001955436628447
0.11329546587356124
0.09504437793573611
0.30424796798240855
0.2888385735604388
0.17543078692344372
0.23122570859663805
0.16230949406806933
0.15665018685617677
0.07796923863264173
0.07751228723803254
0.05328982926659718
0.043724113929627655
0.04969462994451396
0.03154240096670652
0.02798255407237914
0.06114918976306671
0.04360203448176741
0.08866823727812263
0.06467635604865764
0.03927237568633882
0.2912156399425425
0.22034683270725003
0.35890888424097955
0.18621508543066126
0.16151656270005135
0.20171872587865977
0.17003863766983499
0.1943033093110744
0.34698708382648075
0.11905858226575501
0.1608967754295209
0.15880378052050625
0.15709352773646923
0.13718993496613294
0.08041542518453323
0.05800617030065892
0.0760561930736376
0.041184864126701415
0.062156625439842884
0.08441512276818568
0.2544125971285954
0.27920739532739464
0.10950445119127254
0.11964993257576687
0.06213331912749985
0.0616488488029189
0.2521603285951259
0.2648279001093899
0.2416508001852523
0.24271600917316064
0.2134110214974874
0.31575652134577603
0.3191001650011841
0.29049754217119333
0.3107235573835186
0.1188773114408704
0.14356614455509314
0.18009073701572756
0.05357938995911837
0.04420682597864689
0.05231004563271037
0.05861163999382493
0.04322519989821706
0.07275810594710579
0.10266042299181805
0.10156790426345438
0.047917143040579174
0.07208150590271308
0.09406625732889222
0.23245973506012943
0.21447738496681754
0.3895633939618348
0.25309432677184257
0.35393891390558646
0.2587301960826412
0.22225571521196547
0.2000604555135767
0.16461782723079046
0.22245593306152803
0.18051562014421615
0.10358109627928126
0.06541854640441443
0.0668688089904221
0.0532945178920204
0.06065106582577043
0.01948479086673792
0.027766805775753245
0.08468506605707436
0.04285828975713172
0.06994964425780842
0.11748057428086271
0.13705330397047258
0.14239421872229394
0.11041510224487333
0.05556269035037138
0.18113518242165377
0.17669134178771587
0.2657278384165669
0.12286865492844945
0.20462891223197402
0.18705077936102307
0.2337775948129466
0.14202873328242518
0.1511861266917099
0.08657272497009844
0.03971926140882816
0.03680665940437847
0.0666392219420573
0.03412854438092481
0.02522534191056057
0.03887771396909647
0.03777603413878786
0.03943085339335598
0.021664907327351858
0.05646262034525961
0.10115966541490364
0.18430459589290676
0.27031338444913294
0.26435929246649686
0.17800831735858585
0.13644616760712255
0.1187047128035699
0.2630403255122279
0.10254117213707509
0.25416550719337444
0.20317599834534614
0.08920309851345733
0.06879478609048709
0.21178756721130323
0.048047145658587816
0.044389828209920434
0.06811088161515498
0.02016607726067981
0.028090428220692087
0.030118462208975613
0.11704750464585303
0.054220037739638655
0.042653438242940336
0.06028708522331128
0.2178253486337673
0.38765596302356886
0.2764884474862346
0.1487368756938947
0.4636468803297833
0.6410002941974337
0.3542704038348007
0.24921646148000923
0.2061690722557093
0.33523100147274504
0.3275183360759254
0.09607652124344876
0.22193209648445933
0.11937588474209562
0.13543440436814427
0.07319319461581386
0.09088607475981125
0.0525039077297714
0.0496577985900273
0.08017290176503881
0.07199094324087894
0.04707246899910544
0.065793874079736
0.0678047273959539
0.19368275575141114
0.13861828058214087
0.26099933103483786
0.22658251244043928
0.12431205734792888
0.401573217253102
0.3550139882155856
0.3779315021727407
0.20118528660365154
0.3734858218409674
0.4143735131603951
0.38192066674466557
0.40716462350040433
0.10541771468927418
0.13466068461761702
0.163624196393518
0.10071543146108325
0.05296620682165834
0.06252388520509487
0.06124571378693285
0.07465337673530753
0.03533605429911902
0.0821225136169134
0.12755662619469268
0.18587523606334122
0.2778180910735671
0.31489785707646234
0.251301867238737
0.3021489376528
0.3766297381097019
0.2789972398289638
0.33169332059943324
0.42076743638871866
0.1292475987795966
0.12983804698768034
0.2183200660441023
0.22022089699937109
0.1372702845963646
0.2305216902994801
0.06747763239553281
0.20941554645853583
0.1064683785313645
0.06509545618278192
0.07754849997427059
0.03635358798146409
0.03402632115208288
0.09694820403801681
0.0610593137884508
0.15829452523442272
0.6042359803271954
0.3661587897139898
0.11792310494251819
0.2312158838312775
0.4109795124182906
0.19807851113223823
0.4606312663499005
0.14561361193184477
0.40913184729655705
0.46520272728154366
0.32736293822900464
0.45063553443886134
0.2629659616881169
0.21987214948627504
0.2034128816964325
0.13138090455119403
0.07370788511401306
0.10002587090838538
0.07172778819041814
0.11094669173324359
0.07574676904402727
0.07525300586311386
0.08849995127594402
0.16605577007622307
0.18515518816434667
0.37616425667678666
0.12932329726781294
0.35551531146637916
0.30853010326970565
0.31996517841097943
0.4636468803297833
0.49144397310380444
0.3870104631378101
0.5638632189433728
0.3626995107140059
0.42501008067461515
0.24261572704886747
0.3413780682344461
0.08944924378109796
0.18258686532922244
0.05328982926659718
0.040258632150392895
0.04972955238298517
0.09221835783715016
0.029885763147584024
0.0968748443191017
0.10948128530784806
0.24016011587428193
0.28091390932949134
0.23925487608583804
0.20360011836902053
0.21596404492252536
0.14733451176582638
0.20970502298373817
0.12126897812165519
0.2790652058233383
0.29909716408864645
0.38029785783131276
0.22293748120954854
0.16867510567466987
0.10896411339831664
0.1576184840220241
0.11148979314095836
0.06942068514892771
0.07805217381580991
0.06004911645633547
0.03789245683426325
0.048863428173487725
0.06403839342371441
0.08669035906024734
0.10552687388445532
0.1468491491554369
0.20017541731690347
0.0910242063464671
0.10204156211485106
0.43904698193794084
0.17007438223019616
0.32960075573306713
0.1811638446767676
0.4181546853290794
0.320099071026996
0.34756681677320295
0.34756681677320295
0.27181421483233514
0.1329148008213772
0.13732487590700618
0.07445463882059296
0.08547316420521792
0.05403180157464105
0.05295116554314822
0.05310554211907581
0.052032228147681235
0.045099825925947114
0.02420837653140165
0.11966602654773506
0.1652820436168783
0.2761839433100133
0.24557676079152838
0.3663505423834224
0.4051355940925227
0.23486399808728126
0.4065431889903509
0.2933763045052535
0.3121868481658315
0.4461021677453681
0.49492939135276753
0.4056476365457035
0.3564733913271552
0.3755467503730769
0.30753975188420735
0.15677519008049884
0.26171975505583306
0.07535885652913908
0.11268204144752746
0.10224683410478773
0.10124365019316428
0.08046129823763888
0.09186857068039918
0.059529291132877506
0.16399577106074312
0.2253544954546368
0.22726280997320827
0.19185885558036989
0.24918547211648348
0.17175721894387902
0.12293337941743807
0.2555491922778357
0.18874331274860043
0.3713422692749489
0.2690563323680363
0.2982453032203053
0.061558010617060004
0.12129236884267033
0.13261762900709514
0.06923023811817235
0.026731213951948947
0.019999867097220913
0.014231315784563846
0.03950140682158239
0.07151394328710255
0.04773897339012694
0.12646199844567407
0.045112968824475644
0.08819382785318328
0.09451932875180662
0.0632536567530931
0.20358842842113112
0.1647704458703325
0.2706374287743844
0.1579061783004963
0.4736273349457114
0.31308553970809927
0.2948850704507913
0.33962722074893154
0.2579554619944786
0.4425135963961954
0.7895440505637369
0.40276848659496706
0.25573024023552504
0.23910466370795377
0.1108813705255598
0.09346216209833973
0.13154984816993792
0.1434555763808365
0.10049731295524941
0.4273025956055245
0.1137425019811743
0.1601931102447304
0.35446275048265413
0.4781929182457198
0.2908689900266035
0.42405922029051746
0.3581296065221298
0.3837684442618531
0.46904749652652744
0.19339677309545608
0.3576071858336734
0.453273345371062
0.2958192812949987
0.32748408964216313
0.2185248849304629
0.13935916777861268
0.06882737639232799
0.0762011341205733
0.049399621866626706
0.027294285492002638
0.033525540932349496
0.04329214084650261
0.045981666097683525
0.06047424754423971
0.07963327022215783
0.24109792030456675
0.4360645498147229
0.3090511974831058
0.4149028350218871
0.0952589775707185
0.24028045060360262
0.131692760260449
0.2187849064969996
0.2796938097158199
0.3588669575075826
0.23493036489429905
0.12824078751443466
0.1471980781560975
0.20737920032933713
0.16470837950744693
0.04995519959316781
0.09056759121082689
0.08531878762929042
0.07934167375070288
0.07422966265243552
0.1034323058714558
0.07771483583794625
0.08734101861646477
0.08169645647752598
0.16323375465977427
0.17063103437027022
0.12250188282418627
0.34161939698518007
0.18764059615288
0.19021271332557807
0.13926552547201854
0.31658062165336576
0.4012103673250916
0.18114226984710546
0.38594143981886436
0.3655637317964293
0.21336501813632996
0.20550396949824598
0.12656056064217386
0.17131798865389733
0.05383440446979778
0.04806823276639416
0.0502965216760099
0.07581383228221308
0.03946354253575406
0.030436456894984483
0.1237010170909187
0.2928523645345547
0.15093750831947905
0.26045154611819055
0.4092946013192147
0.40793916088906185
0.5269274672217216
0.14605266316349688
0.2820498262744316
0.14491718584026003
0.4206487707425165
0.40699735299014644
0.5237809090802956
0.5253106492342475
0.354512664964793
0.12254071272367975
0.2744622553556707
0.09490767568573322
0.0947977135136873
0.0989800271036
0.12499356764266926
0.06643828517321625
0.11602497116703196
0.04731360145005978
0.0485832897368779
0.12149516344129545
0.14549851310078277
0.11310868109199536
0.11313896048728211
0.3973550051376409
0.4008397487724043
0.4796806865135538
0.45889282841596846
0.20737726271681495
0.4429338284858133
0.4408569999070473
0.3475712661076554
0.30245618801851487
0.1690603652360553
0.102238378184212
0.11598628426608404
0.13990775029829924
0.10797731555546833
0.06454765661718487
0.03269988544797974
0.018576409008148664
0.07823182094975738
0.03911516617827565
0.13825492387553812
0.0924277706758451
0.1610828047038481
0.12908220587127608
0.391141381272532
0.4229805747631436
0.5012092831780987
0.20172465734521627
0.4496545028073016
0.5948931230765028
0.22058105847031995
0.24327862659018196
0.18742054527891858
0.277895769165405
0.4318446410773702
0.12142037509808684
0.10838509542733173
0.1289527568932999
0.17010283532684628
0.05939303385408913
0.06381834614194108
0.10565285105184624
0.06733504337694328
0.11821376894400006
0.2076620074691308
0.2908060487870659
0.4477435290485262
0.2164171163454404
0.2110018341001298
0.41879773104728
0.6103126653691714
0.668502032624916
0.17350093499053262
0.6011862393593526
0.2908502786813753
0.2829538910248669
0.1848102891299682
0.45120822120512244
0.33391984835528526
0.22950722627716344
0.3202799361910148
0.24075085036170998
0.21700803266002044
0.1647039695490736
0.1938571006953539
0.15197045626257225
0.10187634566674984
0.1384674685382977
0.09500160271078491
0.33654753954692945
0.468416328530521
0.2607965409613872
0.19710372361620895
0.37422755394585916
0.36113668277320987
0.5433572772059095
0.7336489476663403
0.5947478973161289
0.43260340210758697
0.7516080893325792
0.40229262709808733
0.5187567539751967
0.43161833113025927
0.42468853191880224
0.30376332665372247
0.20309611263171107
0.17172765574431742
0.1447529131068546
0.11029052923515997
0.15888246680029958
0.2083472679191643
0.2625945556527554
0.1857812343412908
0.3486628069489182
0.2441839221211933
0.30776494513684594
0.35511862567936386
0.5939249513406798
0.641849452263923
0.36108342563078616
0.3972982824787119
1.0
0.5522634419835165
0.6046904034763859
0.6519668469032741
0.45954436784248737
0.47074253249485776
0.5540575310039625
0.31190018864736724
0.2028564554908058
0.1787156594572517
0.20870472563792644
0.07993760355584774
0.21890632453627754
0.212912398242108
0.08033123569456971
0.1768669699881775
0.2846526514763211
0.36825154593915543
0.4095757422816399
0.40973027860033506
0.2508158787045586
0.3768965859187993
0.29617720067422587
0.17066251289584888
0.22415478824679713
0.32109415618573
0.42807713299418315
0.3852839422708015
0.34723506571848844
0.1688661917690916
0.1282431989555945
0.09553334574594831
0.03781896471259615
0.03554801006612323
0.082416954792026
0.08138125013453018
0.023920722276181725
0.053117230629296464
0.07192377084282854
0.044964902000164356
0.3046352366767373
0.43127669428292054
0.17663769378731678
0.2349474171840543
0.09353305203939909
0.34336210610966167
0.15663326335040312
0.5081563552432276
0.1338803462584021
0.3544873293794864
0.3758699902127626
0.3718661621076361
0.18637336991075812
0.09822635830877649
0.1162236073923721
0.14821082887176146
0.09781115914141049
0.04004937110241175
0.03250493083984942
0.045397775390483376
0.043630092306386384
0.030700982609865528
0.061963663519014715
0.11713802862469722
0.14515234167503108
0.1309160663925962
0.22015105212242844
0.2664417090317823
0.19601291268939652
0.481713847158783
0.24265210921514882
0.38566262908713284
0.35593950806320435
0.1578414538115077
0.3348893033141788
0.27429428579914894
0.17060925575342514
0.13264205276560334
0.0934396563818901
0.11737765656357724
0.028023580337476123
0.05248842502220975
0.0523138128298538
0.06214873591285078
0.0218163043037834
0.07762797721898483
0.09830666429642078
0.03789466320081187
0.2630403255122279
0.17032113031251492
0.24562516937832
0.17261075484253302
0.2300763000449383
0.10225351788185516
0.35691864354448666
0.1971939431160725
0.1894430366087726
0.5098543714300413
0.23592914093574976
0.4769897914662808
0.1673996368403424
0.18084022223182877
0.1524751987582509
0.15173799515735292
0.08106011332056935
0.10204530095575458
0.06231667781608599
0.05977315682534846
0.041886742516019704
0.05217412307596895
0.14743527823649968
0.16411997364495817
0.25567485790455563
0.42084772386391256
0.19712334139198506
0.1594164163768776
0.2238361727518163
0.4075518921947331
0.4922669190792546
0.5737385706487679
0.4798223498649203
0.4763371766794094
0.31971492420381253
0.27230353730724255
0.3709065919938285
0.23680905527318988
0.2878093963875882
0.22133112827463988
0.20058663098852475
0.04841675306280319
0.10948184460720446
0.1316041475343743
0.14227283657920384
0.07523143103345126
0.1218452755246072
0.0978333706318222
0.09504437793573611
0.13375293934468566
0.21473781711521653
0.0955965706500386
0.21448052282200383
0.18576647969948049
0.23512060462203205
0.2776823051053003
0.3736902708705798
0.35571397486920125
0.21752879822845783
0.21708049150304243
0.3163690629341844
0.12783086575084504
0.1833020852591711
0.08412026085443824
0.09230000487937486
0.07454291106025719
0.051829111466624785
0.043354119573555554
0.03046365948357704
0.026827544223667052
0.061602834854156734
0.070219542285279
0.1301394535069213
0.20990068440281986
0.1475473025408096
0.25292015973182386
0.21078965070716593
0.1999539412287303
0.33220179040983877
0.20503999833016662
0.39816062635724886
0.13998164440859232
0.2081022840195134
0.12735513657420258
0.3966623813584094
0.2444919917368533
0.21333664198861937
0.10644846371348335
0.0505714007291109
0.08120207893788912
0.06757615020736966
0.052034433322084205
0.05374563280717285
0.076759519759692
0.02504105990177497
0.06129409107141811
0.09042941402255272
0.22986672155611618
0.13944529681549142
0.23821865559927335
0.27710777587088004
0.18094114138356904
0.20657899401929894
0.2288991981358589
0.35747919245666854
0.4613283869855254
0.23765999806451138
0.19990068408630654
0.26831307329490084
0.1900400753776236
0.22644573307935023
0.1407584883647808
0.1419235321360575
0.09998387851925511
0.022603568581227338
0.05098676016794827
0.06630881450354757
0.089362251216472
0.07682442723756283
0.04133137456580765
0.2001032552356202
0.24922482948835778
0.29374330464872755
0.22999168213314775
0.08818873877136603
0.30870169299644956
0.20602525546500006
0.15404428379089238
0.41069315082591457
0.3665315903411118
0.37947491185586363
0.2130818268361033
0.20255014313294462
0.12906868466315777
0.0622392970110019
0.052928382960462816
0.08364385622850382
0.04632909847209832
0.06590145659874759
0.061056933795462794
0.022088818861360156
0.08255786870612333
0.03395878188891665
0.0926352104214518
0.13148607927153919
0.16763478239986462
0.1600378069839976
0.13604537032062589
0.2527054817267793
0.20347616091491422
0.37523799722122153
0.21646070423251307
0.3334570884314759
0.5816909380949935
0.1897074772231537
0.5006416045941242
0.31479243817117414
0.22786479001025997
0.15913038170851115
0.12899432876180023
0.12698498473004138
0.06565418432585116
0.02373904590446385
0.05950321353645978
0.08346310849456776
0.09823496114856177
0.05464423433646373
0.09380949930530538
0.0741871993958238
0.2899674348790178
0.10046959918178155
0.2812037803680266
0.25203716011837635
0.6276657363341144
0.3275922135967661
0.5191684248443365
0.4295293905979171
0.2604346110765983
0.21341821502233999
0.1268555265519791
0.26995044938235613
0.24966051263059036
0.1417763381336787
0.14229867657131354
0.11443789917429036
0.06320961363286738
0.0762011341205733
0.07125743975658003
0.045988215473307
0.09375804044666285
0.0342608295041929
0.13965934235578634
0.12976612367349558
0.11873679903301494
0.2503473472958367
0.13610528460833152
0.3441568466011426
0.36392211674891234
0.3339429579571155
0.22310531354084312
0.3682312602836404
0.1861692051584886
0.3557466914282833
0.17829439233164343
0.17692022713060124
0.20059448657855822
0.1992958788124257
0.17790155645749378
0.12288375443832636
0.06222664196118622
0.042925256793276356
0.1133638655894613
0.06454359691608111
0.07474285800554316
0.05395009445075007
0.0462348599669303
0.1406325111973898
0.2465908506149334
0.1298404671909021
0.15839529179950912
0.14760217022650848
0.09095930344006306
0.2790814181600036
0.2812580022696554
0.12455429251021974
0.31278714516800077
0.20437428404987354
0.14153088258659047
0.16621554150349327
0.14435348453867916
0.14722531629084726
0.0706867382039172
0.050754056729519104
0.09247156898060001
0.07049863634024597
0.04121585349022794
0.03530948542672733
0.08637834444103647
0.07363762671743941
0.03663806829643025
0.24726624821357057
0.0988250802859676
0.11918509212286955
0.09152239925464695
0.041921822773890546
0.14384120965067748
0.22247567761235368
0.295476766325323
0.22608702307755946
0.07059641011002232
0.19793067974335357
0.15058979187289412
0.07111063856789655
0.05788526798472885
0.05935235640178505
0.08676748571421555
0.07106716228888678
0.06883212622673017
0.07527068840914643
0.055299810895193396
0.0732774147069418
0.08310101257918999
0.08740090157430054
0.11380037793006621
0.05591999954459084
0.046364308944905834
0.10397315548663406
0.1002553065702102
0.07774366719993711
0.07585406417771642
0.09198570293313406
0.14133459339671056
0.2087482952152641
0.07254943110598902
0.27329189213134436
0.07203468138612183
0.18938449881889427
0.065918243538288
0.2049606339731388
0.10214583440539285
0.08243709154530955
0.04570931120156851
0.04742467144388614
0.06513200277856998
0.03677405684337139
0.02814469791862133
0.032362244493884924
0.0308244244014595
0.04345093223584903
0.09597405884153072
0.19223818501571796
0.23670428795777593
0.20869649230387538
0.13874684804606718
0.17515463116176322
0.16705803301627561
0.1362701718171016
0.2934787394136533
0.2971801378751653
0.36395165694404474
0.2862170128759594
0.22195337043744504
0.08940431377391549
0.11786222045545276
0.06339810956185347
0.062064751134590125
0.061730812144762386
0.05933524584112034
0.036534399702466025
0.089071799695725
0.08144004734760821
0.08500201613492314
0.07344468858890266
0.06988451166790267
0.27792589757437886
0.30452266483267487
0.1067045889889418
0.2012555961508772
0.09072354211829566
0.060948893796816665
0.0666446488277404
0.17366928651726535
0.17703991257336452
0.13610528460833152
0.15008079875170796
0.12016811077939066
0.15633201255596194
0.05958034019042797
0.07730747793314627
0.04190692616543687
0.03019679975407901
0.05479848764440012
0.04168257090812381
0.04090148538118647
0.024962077919616608
0.08856194867581231
0.06914642817297097
0.08041828505936396
0.1206684637996297
0.16235439867779564
0.2735038336849692
0.13623177031910846
0.0990500429809505
0.23357807154266816
0.1011331802562619
0.20189782692718475
0.35480883034014266
0.14375309004183695
0.2513857912064673
0.11514486590924262
0.15795538732685588
0.0977828277193528
0.03807957435447125
0.0672593162814141
0.04553885976644143
0.019045739635086455
0.042792113937217845
0.07546898680741054
0.02746341152467955
0.06201794235207238
0.03663406076707775
0.10913821934966174
0.09987817402762467
0.07764781195566128
0.07238355351798934
0.08301096217740778
0.10907062768316414
0.19042091273493728
0.10204156211485106
0.3283304712687605
0.36262872365254106
0.32191710216118025
0.33463695775227753
0.10373178101773255
0.13591934842717263
0.13585138681624034
0.02019635665596603
0.049799397259927485
0.01945451147145159
0.05765462686826546
0.07456388617300463
0.07100913001934499
0.06204921010960874
0.11797172601004406
0.10985208996487718
0.07720378062215975
0.1120686858094084
0.08730217700190314
0.09056759121082689
0.05849508443925567
0.11964184634384838
0.12203804730050141
0.1503113260947875
0.11733939326322344
0.05833325501906844
0.09857539672837354
0.144579795775639
0.20161580816137536
0.07906022792756674
0.03217185749170011
0.04778559855784317
0.045544465417727435
0.05761851253448198
0.03545183187430133
0.0485771119134356
0.05688090730154132
0.10893840374620449
0.08993557298194474
0.02697894120009859
0.13126956505386192
0.14090057307136128
0.2062519216108916
0.15795278589450498
0.32123938194610385
0.15931616430560241
0.10235099191932681
0.2819369321109883
0.23168846852044747
0.12295495424710025
0.19329569693807822
0.06535807472549143
0.08241584931109368
0.15891484486140361
0.08835140335216717
0.046917896379101605
0.04078200240085716
0.05366627330852921
0.029255469022472027
0.03350571046600216
0.07344188810492824
0.06521418031936294
0.10950022332159223
0.2747855377822781
0.19118664331944377
0.11314216623520457
0.09220491481897307
0.09242524847580035
0.09613744097650093
0.16489440332443775
0.21387221145379495
0.13881245404910353
0.3509162039904471
0.2916158786537321
0.24580264619662692
0.11171446799289046
0.22914629753512092
0.1186593571300632
0.05940660988027585
0.05772930049519138
0.07224823753409149
0.03656744896125487
0.051829111466624785
0.054968037371568655
0.09180260381824731
0.061009500009181865
0.07327032126978207
0.1629433031390277
0.07900702622440442
0.06334449493895208
0.16236240009753347
0.18592085627540766
0.08207065203649225
0.1309859417904009
0.1595750470601882
0.11802908282602022
0.33501095225419675
0.5212515262744705
0.28599594200729267
0.21239827078182236
0.19195609713962086
0.05996834236452898
0.055946628115802505
0.028519199767741345
0.048069726683616844
0.05161323521844284
0.04623020038555298
0.04883714855854423
0.13209489013533707
0.07583552626400376
0.08268301419756961
0.12494256250797034
0.09743360333464078
0.16728068435196178
0.09981673991881516
0.16353625276591413
0.1743039212649563
0.0985523420545384
0.089172819118171
0.2990682491957555
0.26954914582742506
0.14897419882018384
0.20496365036418562
0.19295502805374917
0.2278083672104149
0.09594274207579082
0.12293156327074053
0.026968537078237435
0.03938748104216523
0.07382309485651117
0.0347502854312814
0.017789144730704726
0.023754185602107018
0.03437748543431752
0.14711369525831977
0.06238158877881862
0.05501462812339269
0.1103559986344402
0.14329945851073783
0.1628158287449189
0.08282577107468288
0.13184378406808733
0.3623218237019503
0.43264250419328776
0.42201409972726817
0.3826214699972885
0.30726084495445916
0.23199697513632
0.27329799825039824
0.2274149193244382
0.0996686393967975
0.08608830388105625
0.046391077199151254
0.038333842682264634
0.020529430004115445
0.02721439977836755
0.06341524869641296
0.05289970668450569
0.04930407737064108
0.06864611742911539
0.13676921139740195
0.11196906124794183
0.05291097099766762
0.06798274230349541
0.11611417754911209
0.0638895240541056
0.08994546486333763
0.1366045703160715
0.22176180699713824
0.1627205078799303
0.05912051929651238
0.10805002462988467
0.09798836747075235
0.10985208996487718
0.12941902948592607
0.03059732893681213
0.08243105986278779
0.08020424525616814
0.0664831757205811
0.07862007562639056
0.10826667869794233
0.04560870464338385
0.07390660486933605
0.0825570370301787
0.036062759785990404
0.0923412636975397
0.16057889603428505
0.13337822061800034
0.12182571329357303
0.18707609357550714
0.19803952856261506
0.17208481065598819
0.18311614907801219
0.18163160248869828
0.14251847140095678
0.05709179981232987
0.16239016993002772
0.07941694798799363
0.09921428081349919
0.07554226034567982
0.04727863888250142
0.06244707696058988
0.029211542619245783
0.023775462288174183
0.08362064529408733
0.0572564166191042
0.121360327085425
0.2093217388696716
0.06950635187971531
0.11433499660109138
0.17972742547770348
0.23570140908613318
0.42654247928780936
0.46661036807994205
0.25858913226441566
0.4069225805664483
0.2879005827565521
0.3263222835591758
0.23076373323343505
0.1462900947558464
0.08238879932903052
0.09380480339467659
0.025237875971136012
0.09696239934268326
0.022936641929376753
0.05077722553712111
0.019833003912530393
0.070789751456347
0.056524599072312554
0.022588428883584276
0.11835537487778511
0.15780113401892013
0.45546235784490263
0.24350950309152603
0.12800354181468926
0.23707096176606834
0.4461819444540752
0.2318004391781242
0.3156289989026821
0.3134574120704171
0.44320831702821334
0.3548592017418043
0.30375774128662736
0.1292548045085766
0.17037952066862597
0.16326640893862404
0.08406639931536819
0.052405028144645115
0.06586616248883564
0.0560854361847431
0.07735273992256847
0.027932742151617236
0.0658214081302587
0.1111511346678329
0.08426007942851858
0.1449353088527178
0.1639382871647088
0.08971165641225066
0.1620379221315357
0.09430063321110042
0.1814404534601705
0.2736537411303989
0.08823415786429552
0.26399838788214364
0.16306256258985458
0.26753117532416315
0.32271798458040557
0.1870445804517335
0.06461622954097687
0.06544891291135031
0.05551203672184401
0.07663611016280585
0.03960440658685058
0.052866003645149165
0.04211646079626414
0.026019244573083494
0.025222736273492845
0.05343133086093205
0.05528091383550983
0.0680836316676923
0.19678090530604447
0.15553980933864842
0.22309634586210614
0.2977924149642358
0.11969715496804964
0.2719792944381001
0.38233101847654094
0.42778668147343557
0.34332977352936994
0.3176545003340122
0.21345462683306632
0.20946034115130988
0.1610776782608972
0.28425522163766215
0.2320582197677052
0.11648688744746433
0.03639673764078927
0.08964133175526165
0.04856033264600539
0.05870480028061519
0.05557382811883862
0.068703418938222
0.07958068553601899
0.1489219369114398
0.2478519643707136
0.15766777014453473
0.09244299380909207
0.2856995831832453
0.0943251552848433
0.2024453758175317
0.19400483778200697
0.13354228462672474
0.08774968753971467
0.2266329241362532
0.20353711011458658
0.15826849115146713
0.06416203861168225
0.10871068725091727
0.06950057086256291
0.06025849924761381
0.07273081797368744
0.04995485400469731
0.027009220595384922
0.026751845735451328
0.08672892238723146
0.029825204357011362
0.12164874183090582
0.1150171538279038
0.148549849283715
0.12098007308440725
0.12347470714380772
0.13844855822270355
0.05709179981232987
0.167519092418912
0.10552249187972748
0.13351699351496632
0.2603922251460135
0.3073497160632439
0.2687092624251795
0.09769646889126614
0.1593473072531969
0.21046673184788792
0.07620284491163196
0.11152554193634229
0.09676876499551866
0.06816859989577735
0.09823496114856177
0.10751547126315465
0.04835748532046523
0.08120207893788912
0.10698297680845206
0.113034050157347
0.10640207376695891
0.13937273952348062
0.10325928487141883
0.06575942940320575
0.1576927711470035
0.25985729389491913
0.1892177054211524
0.2726582242794341
0.34558890110205526
0.1462707416659223
0.13045337036616664
0.16549168939432882
0.12833996138165044
0.05506308032814737
0.15834448739386775
0.04558535374746262
0.05499130427932062
0.0253935745128684
0.025479873831518757
0.06076298707155069
0.030506490750953248
0.08396099037821213
0.04004937110241175
0.04279631103007878
0.07699064400719069
0.08650432160842739
0.3013918613617302
0.1780029040961418
0.38436068005048324
0.25461949889350055
0.08290498429390561
0.3577878649734262
0.2554816954687729
0.1815947067681073
0.06286002461437112
0.13576139405827484
0.07210308073237566
0.14977192299811512
0.058103542383951115
0.087898783457945
0.08824885372027542
0.08043055520327921
0.09854371430041685
0.04248083960563962
0.0726468331954269
0.020605128492331166
0.030052299821658624
0.06315632286698084
0.10548779344416231
0.19868265321875175
0.1629433031390277
0.13776901976887346
0.16708771634948222
0.14929342446436916
0.12726992017961813
0.29969756082404025
0.2769232510727917
0.12610487937783788
0.21667683447720973
0.1485600532564736
0.057167498300545586
0.1406325111973898
0.039697686579165566
0.06544196589201057
0.05556975418408209
0.04791358558248289
0.030377360164926683
0.04159262421919617
0.060107921952703876
0.03317631654763759
0.06393105695514305
0.08699023046370534
0.1488214212202486
0.07303079840786701
0.20615839832105784
0.2283546120905957
0.10976122411497395
0.08543632546385632
0.05271642719345862
0.08570646621495161
0.025192456878206516
0.060180570938464434
0.15839036690166208
0.05091480317392348
0.14820151289044456
0.03781896471259615
0.08062538713018469
0.07404861469474665
0.05098676016794827
0.0332252376803885
0.05098676016794827
0.035555319283948277
0.09100814316737128
0.024435471996048907
0.041119418798803445
0.0683082896496622
0.09670847216709139
0.17413677764627147
0.14764618971302235
0.27655825633786785
0.11287950879467071
0.1449682425769072
0.270174668850575
0.3443626820357125
0.3863110797186204
0.1629115387822173
0.07333669538343304
0.22575001286471474
0.11444371950331704
0.0699887474254419
0.0985141448996945
0.10940153347398707
0.04870365674621745
0.09173427196923856
0.026131118132081993
0.048144456750771523
0.08159499416524071
0.05205885671889289
0.048098819412297045
0.09261417067432703
0.1438878643732266
0.138012658879226
0.041603889123384405
0.0557493598481325
0.13931991278494435
0.0828414850396296
0.1382301156954501
0.17933412236916624
0.23296345955615014
0.11961554188300089
0.15717751251472956
0.041013440915301395
0.13452746269261895
0.09397628192599229
0.06436219273645592
0.06231833640629883
0.04583326865567449
0.06573886086238832
0.09576493593372103
0.05091552427401845
0.08863612241460461
0.04800252410252862
0.058529599523338416
0.08396099037821213
0.04543423262710204
0.05501462812339269
0.07900702622440442
0.15203502246922596
0.16994319881034292
0.3711287351336318
0.45352513401061184
0.2749094356452663
0.376036608119777
0.3424479333576338
0.3564793946409811
0.42473694050559274
0.23942382260564002
0.2564202842327476
0.1105993626382824
0.045479740928739666
0.09570377608611329
0.10317501157824314
0.058529599523338416
0.07022381843803842
0.1166646941666829
0.0762581786606331
0.05322510477760941
0.09620456349752773
0.09265819694419664
0.09090310734052691
0.14792892231099145
0.18345703207680425
0.22095426820726663
0.1639902802653468
0.19438856984548236
0.3965792112789184
0.4699552361708763
0.3579011325575861
0.1603657088820309
0.3231616322749957
0.18001361036175917
0.09349291352431352
0.12417149465831032
0.049013988596785726
0.04112288539964848
0.0836984465619068
0.04564362708185507
0.02004495967953449
0.06953939639978436
0.09373758009341093
0.05382852444550817
0.08377506357983681
0.038182317456031796
0.1358312302560725
0.08131608989350234
0.1277986691286487
0.0965438234375884
0.03748589136444674
0.15669700737971437
0.1382389450169625
0.04884066459681148
0.14823301535775985
0.17206956500303539
0.06198192215106831
0.15117260086909648
0.1783416766364033
0.05782054349574108
0.09062087447304197
0.08035825407331716
0.040741713953916195
0.058539130361857435
0.0675237617215297
0.07307291919545668
0.040315656814528776
0.08814423470130232
0.10242751203602209
0.2642926979879585
0.13840253228551497
0.2189036294696023
0.10195500600214277
0.14590594793266298
0.11041510224487333
0.20349790444228696
0.0724283135248438
0.1420672966094094
0.190243400401379
0.05189888352072835
0.1664998229016578
0.14147235897999624
0.09722406870381362
0.0944408831540549
0.03722851650451315
0.08130499665517417
0.06554941701043762
0.04342230618409182
0.03780702350231439
0.062007924664230905
0.08166520866567178
0.04960902816741559
0.11644489505833468
0.1665988183183949
0.15060830673872752
0.4099239129474994
0.2528982983617003
0.1271188963719798
0.14729136210650207
0.2893792056886546
0.24435230198296806
0.31074328883784436
0.4825367931342322
0.27731178922451527
0.17010719779320257
0.09045725640617863
0.054412073329491814
0.07986761678362848
0.05463424789719691
0.07987416820540558
0.07549014562856998
0.03570634309158641
0.02819011701155083
0.05404544999019362
0.09294448663901744
0.09381099731710031
0.029870623449940854
0.13927114145216077
0.06793182332482743
0.27899743338174327
0.26194852339483937
0.12715832050484133
0.2554745122051453
0.30829528682373075
0.429711152583779
0.42674177640600386
0.5563598879907439
0.1171207009674314
0.08808276088786397
0.22902759895854477
0.1010021706060157
0.12383555554526796
0.06582759916185155
0.05126613967571786
0.043792737842881575
0.05707536866141533
0.06820981805928071
0.05280587544913409
0.04468666220519453
0.0952764877337663
0.04505554249021321
0.19043548470593086
0.11878223039702487
0.19247254108163217
0.0741996581490927
0.3268666700972573
0.1991376500212064
0.2913459353648437
0.20431287373012938
0.13974017172459574
0.10343441429802117
0.19023289201254462
0.12306667317249946
0.10218305496672371
0.06679567263537854
0.04202776818272524
0.03680665940437847
0.06904166085755734
0.08799464827870118
0.08032727834096641
0.043670856787204226
0.05971650351554076
0.07008933401169327
0.06220023391724686
0.11351706947091951
0.08982051174791976
0.12496935005178608
0.1293799620316412
0.10628273688880104
0.17410044533424243
0.1853353494855645
0.09160228496828215
0.07758308746667351
0.093289563461039
0.07229725419933898
0.18196787774795115
0.1634847939072714
0.1445993927854685
0.03713767831865427
0.08969574318233056
0.06445831731501754
0.036741934915390705
0.025767765388646356
0.0678177084454418
0.08516441105336284
0.11989914063706104
0.027993300942189898
0.03803092047960025
0.09890392631091445
0.055396153676296786
0.25193421518709735
0.09189519925161094
0.1306261014725179
0.10532607442913151
0.16023242227872317
0.09027201595265705
0.2326139883680662
0.07456301089252836
0.23662968069934945
0.08662294109529874
0.133432820460042
0.14243948071171655
0.07598591936694651
0.07448956125906417
0.05541405669156834
0.07243687124977533
0.0446294853508258
0.05391153112376587
0.07088027543519149
0.09889874281432953
0.09049359857580633
0.05855622809455008
0.1336386558946119
0.19745085553482913
0.08656948500926893
0.07868100865146602
0.19238771353782713
0.40808209663070616
0.1708948695517935
0.11201651560816714
0.1490933702143638
0.17983127654420525
0.17272514156176474
0.06328393614837942
0.12990190964176238
0.1411594390830081
0.045116298976595894
0.09183108914282086
0.036871383893366236
0.09267720281058217
0.0778410075601771
0.05153531154454816
0.07409387668416884
0.09491439181838852
0.04734559961442023
0.09362220685409363
0.1790768280759536
0.36159803349408975
0.06878055696433677
0.10068884675547413
0.17799619204446024
0.11894582543289876
0.1321696354404673
0.07295820294235415
0.2827669843012853
0.20927394115282832
0.2950176470540086
0.0793622950454079
0.07158049045682731
0.1751422670103987
0.0666446488277404
0.07496710765708227
0.1047765594157883
0.054297164393606843
0.07626202850820762
0.05379225047592013
0.078131459080924
0.0532916411070473
0.042792113937217845
0.08611190915548587
0.03890902294290318
0.24422374311737785
0.24993670558948072
0.1322722115554491
0.10473239297512112
0.056168278256097555
0.09134782879140595
0.13443276362759807
0.14323508454778794
0.41805655552841414
0.20217460764680178
0.12016332688244291
0.15830245726971373
0.21355426336643873
0.12907145541576864
0.10595831723740942
0.06227977307931474
0.1097150623594534
0.11001903977769785
0.06015879009518945
0.04577128992862155
0.08352816624755152
0.09360366387073536
0.08955926059154788
0.0680836316676923
0.112212799086146
0.13886378354736145
0.11937588474209562
0.2740410098247277
0.18739268124466743
0.39052921891183234
0.4442443266608345
0.34747826278841487
0.451714654433723
0.38507020832489297
0.12763669228388236
0.12817200754555047
0.13672134661473814
0.05180804533486947
0.07666389404438248
0.07010812845708612
0.0805210791821236
0.0703792441823904
0.0717230006345602
0.05905384345479485
0.06811588515955391
0.07319743103562985
0.08356672957453562
0.08943549632069163
0.10883548602892007
0.15778329512584768
0.1255992358887412
0.10846277234270464
0.1746043540038065
0.35347950074901285
0.18759314391622015
0.351983257351199
0.16287286724504
0.18515518816434667
0.14526332811821824
0.1756420557124388
0.27055559157576453
0.2174029632790767
0.14596991588664904
0.029734366171152476
0.10060206864611744
0.06261065219328406
0.07857767714712088
0.08106011332056935
0.09447846446765806
0.0344765778008188
0.116821194698741
0.053976113846136035
0.1322968554910013
0.23328792862739559
0.15503050386588632
0.4665774356268134
0.2768482142303543
0.37700766961187393
0.4575721710492456
0.29517771188180464
0.36495585393147706
0.3283667292695758
0.22739994955736267
0.1381223988751392
0.18136512865378573
0.2532408308173033
0.056213697349026946
0.03341941114735181
0.045960913911411355
0.06707826832372521
0.05722797724439821
0.07826892399526582
0.08070937190844533
0.0645550093713763
0.0859190925205654
0.1383517410491203
0.08683219660121698
0.09156357708803184
0.23009748384038525
0.19231154129096906
0.47890614912489526
0.17965360660038635
0.11772628887315799
0.28714744243642953
0.30645381591343174
0.3132404865257324
0.24280166323002644
0.28047107715532893
0.16116397757954692
0.2739255599832558
0.12207187520179576
0.04017233283174254
0.0523138128298538
0.05902163420657067
0.027766805775753245
0.06911505784772505
0.08553797285997078
0.03571454674019783
0.09318652957297323
0.0874482278592554
0.149228779125049
0.2408279770156784
0.14478868186564106
0.495034220140997
0.447053299016316
0.36558033980922783
0.3077365278081918
0.3613773932999507
0.4824883845474406
0.7462667739724442
0.5948783269761951
0.36853649318654647
0.16707548090709687
0.10804674695025024
0.16368633282992673
0.15126556864904883
0.06767863885708816
0.07554226034567982
0.08043019605825147
0.05657240068566853
0.10364979738251398
0.1809808058457266
0.17526887253640758
0.13966668624739337
0.14871610147686884
0.08043096498213533
0.1056403763753722
0.1904877890231946
0.22667627232027987
0.2515661372086812
0.3382881089416477
0.27171473940023894
0.45422734523748215
0.39646632581955893
0.27320248368176153
0.18984084096326026
0.13364879891157225
0.07029361615715925
0.1380709754604418
0.10388960289515405
0.04953580890530661
0.07919518345083104
0.07065396548808042
0.1382753776848727
0.08042637579916766
0.07667810255193612
0.04966228530983902
0.1227017610387498
0.2197655982102424
0.27349643040567323
0.16476406470711
0.19879395060301355
0.22330719818139969
0.14890389174477037
0.29579438903386507
0.18347085564868154
0.07845391318681874
0.32238974939535875
0.060907003618404454
0.12287282638252117
0.03739505317858786
0.06289668520205886
0.07638415582802402
0.053146758447925525
0.029384918000447565
0.035172927602562944
0.017592328661343797
0.023149792227958984
0.03410980569655478
0.056647732936780826
0.03421571667352567
0.12628095048798466
0.16110377684096394
0.13878454175886396
0.07669028508972453
0.11742911542222
0.06462754233081996
0.1509754251427351
0.2530746668038904
0.16565997511905134
0.18421701300302576
0.11106777052404236
0.14157950291269422
0.16111768640971583
0.058476342380914995
0.10065575674533997
0.04064697908431951
0.08928111974476403
0.04537508534475366
0.07574743992178254
0.06712353031314751
0.06324053803023866
0.030779005308530002
0.07219287312843578
0.057810628100622215
0.02999174103108607
0.19673249671925389
0.20411568972681887
0.20440314423073086
0.10358075721009442
0.13139490135230583
0.0800857677075339
0.18749601746680983
0.05315547842511008
0.06369554233841015
0.09529229284394797
0.13909329491071937
0.08929667517085178
0.04107399970587406
0.09582663199535497
0.07469716436819358
0.18245107936095567
0.08563479003355307
0.07816600627798075
0.0461431622909394
0.07729120568105805
0.029885763147584024
0.06844990539677001
0.0653875570408879
0.12652306844960798
0.1264058275419875
0.0878210278562193
0.08469393051788936
0.16372832521905745
0.2839543472093059
0.2584260446868615
0.2887816600491049
0.4527655122576717
0.41027523578379527
0.3922708794318942
0.26156903687099103
0.11350517885488624
0.14045804753115645
0.0909898278304128
0.06597582910820014
0.07796845650788665
0.060385055569377954
0.06972675346060822
0.04476262820688442
0.04351335833511198
0.09216281582874492
0.0585998517546693
0.02685782361895338
0.07623568318262403
0.06608370325651308
0.21217483590563202
0.09047483311548223
0.25991869500334447
0.3002624401790769
0.12301967873608778
0.2526289199006418
0.3355191891511328
0.343792060063214
0.35663364794891794
0.24844305993854807
0.17442192794906547
0.17542324911233473
0.1229352132969691
0.0897011113240101
0.07728090727612795
0.10008748005969224
0.08264102180843935
0.02087764304990792
0.03167184994468206
0.08461466409756364
0.07193515997165621
0.09425151848237862
0.0295981088923641
0.07029079504071815
0.11268204144752746
0.11438174077626441
0.0720302851276753
0.06513348518384246
0.25389800854217004
0.2923485818664298
0.3646162566346259
0.33092502695306636
0.3919643272479812
0.2390440913353468
0.0892939366993162
0.27044038679774485
0.1846346278908104
0.21294340527977407
0.11884105811748483
0.1394521894098502
0.08793206283885774
0.03722851650451315
0.09150141591493366
0.09994069737292115
0.11245066148562329
0.08391919642972727
0.19429878450591867
0.19137954129855936
0.3499716976277471
0.10668944929129895
0.41808499629301593
0.6168373385478312
0.25296487779386745
0.1513666970362432
0.45273503833685
0.26317549631894377
0.11563701059840271
0.2365296757654204
0.15003136547365115
0.29089692790613897
0.07027847645951608
0.10691330416638066
0.22870883255046104
0.15503978572301483
0.06647395199327209
0.023269715277526165
0.05757823743221315
0.08933159760932301
0.07770287655019807
0.048023120924081224
0.14097061468199037
0.3057170791951832
0.3071064683785309
0.30473205385032054
0.30999936555276303
0.3227364835298979
0.4445975641768141
0.37079279602058945
0.1409203056624679
0.41582976053602055
0.2132456163850395
0.49062102712835526
0.12220763937553078
0.23994451149056023
0.16368582723838077
0.11266548479674515
0.09939598507143091
0.04895328850441658
0.046256434796592895
0.03542587030597274
0.058949076139381315
0.030491351053310085
0.03458445194913175
0.0367440461799323
0.12444361749381933
0.20488086656675608
0.13105401835351377
0.2957104042556048
0.41120773941233985
0.19227488195300227
0.26127132389181346
0.38964071508200543
0.15074596943287374
0.19598575265496682
0.4195955333710698
0.32732551944100546
0.2985028202395196
0.18194590443493908
0.105500917050065
0.0710027644195836
0.030809284703816334
0.05379584114281368
0.0236784871138913
0.08722276539906344
0.0284787751546187
0.027993300942189898
0.041812019886099346
0.03518465732268748
0.06060369652221524
0.0802101181134245
0.04443501258265401
0.10558228485442986
0.14714672761162653
0.12907145541576864
0.12709732154231762
0.08260219034104264
0.24983512482294698
0.10826249524687614
0.20177018473730252
0.10319580568238844
0.12654004587207915
0.037591869247948786
0.12586836823959272
0.07496710765708227
0.0844439870323676
0.07033767660754804
0.024526310181907793
0.07404861469474665
0.0779378247337594
0.07831580572801802
0.07697240066025517
0.13443064551903677
0.07139949356502638
0.1175844573157153
0.0995688250106032
0.03427627546409834
0.06200971641650077
0.07408015113644802
0.07208125956260913
0.10858351262389855
0.06442688677156677
0.1449595461332162
0.10118595111754687
0.18036329954201583
0.1617546829299328
0.14701354056965535
0.12739705554292804
0.06841305696507573
0.02640363268965875
0.07755994272367253
0.03898422825394333
0.08902382545155149
0.06612776654585868
0.22292154217326798
0.18051767611794403
0.08377892989240264
0.2919850937627207
0.2948818610857418
0.05932845665968971
0.1257170998966289
0.16066288081254537
0.21072402614110058
0.07983269434515738
0.07332155568578988
0.08237509487639537
0.15923885584602512
0.200535172129882
0.10518638467524667
0.09051896051734379
0.09488426532624337
0.09219867245305555
0.09133869465403342
0.08034003122443473
0.06666693504151587
0.057237876654292565
0.06445307293723672
0.025222736273492845
0.0940996760087887
0.08346626871815985
0.1061116222462115
0.08053883913044839
0.24726805262202245
0.06785283928884543
0.10973333624729134
0.08112482456859169
0.10626898026785381
0.06318959948538766
0.08763792005290572
0.12486137041170738
0.19828806147329855
0.09095948185747922
0.047856584250006516
0.07605127456062966
0.15689222979013276
0.0651068566126308
0.04904982817196967
0.06844990539677001
0.0359220913882123
0.040661828240281
0.052712907358554634
0.060133101234596115
0.11084238151597751
0.09477682226709738
0.12026620246919181
0.1759333528841568
0.05615313855845439
0.2324202264486536
0.08800979241522357
0.07629581300221142
0.14915696619084223
0.16224978129985085
0.16019142695415067
0.14561512269194554
0.2040863103047757
0.19058460619677678
0.15864766119487475
0.1432541965213163
0.1223884193976744
0.1254662346783849
0.07940189026025324
0.07003100180311791
0.08640932742221155
0.032297520004897155
0.053414318973747384
0.06974935834543582
0.08124527101287915
0.07199094324087894
0.10060206864611744
0.08753151855091851
0.17841873814934764
0.19455122421928595
0.17303013389397115
0.28528791231410544
0.09157356922076951
0.08031177077451711
0.12209196106059665
0.05336743419211428
0.11733939326322344
0.15078260850781408
0.07874812826845334
0.0922863245818788
0.09785267259629522
0.1539134461997636
0.053177256709784744
0.04566799962808256
0.10829000865181324
0.036029965536525245
0.05196916263391894
0.06447788271740812
0.0418983192047497
0.05726834379694825
0.12474892816080595
0.07998034016501471
0.11608615577022048
0.317192404672464
0.1133931577159783
0.12744690101047476
0.21546294862759244
0.18751608089332528
0.048129098807583266
0.13114223125394087
0.1672976782951336
0.1826455979630275
0.2155828556180181
0.1412031081150623
0.12867983592736226
0.07524217464231082
0.10626254309679457
0.07667381008123522
0.06227977307931474
0.044770566120075087
0.07600473421499508
0.03933039967969555
0.100641451938811
0.04831241773779353
0.07689920951357675
0.034018900604164744
0.11838941384117377
0.22906943269574512
0.055015815639604455
0.10121957494982761
0.09930056698404668
0.11540607091011333
0.09413308116817787
0.15326158578079688
0.13802898307131112
0.20375174180397074
0.19912790925590396
0.138956306052768
0.10871068725091727
0.0850782850214132
0.10206578614709884
0.07187603920248022
0.0609686199618554
0.0301400370386382
0.03517634257066881
0.027788380605415837
0.09066928305983318
0.1100211718856248
0.13868162404157847
0.14490814593732282
0.04697848178670369
0.14931930310389316
0.07024764538139297
0.06424984273519288
0.17792488041873403
0.20868941765666887
0.1644915415985941
0.24811644581567283
0.29323830597437317
0.2084082272537015
0.06882506548577343
0.1416403285365169
0.13477075078474804
0.09107771953288286
0.06603833114903437
0.025964581458007393
0.06960680520629296
0.05842344038090514
0.07495641459759367
0.06160156760363706
0.08830614136274487
0.06583567803597061
0.15087737353985448
0.17141480582747953
0.10328754863378176
0.09598412086341447
0.12413534956180429
0.08422909006499206
0.11056596058009155
0.10019247597386548
0.08133435919941885
0.06949252634320234
0.16095682753645704
0.13877325956851622
0.08758137071531392
0.09673515456521686
0.11380037793006621
0.12789548630223088
0.027887323058687737
0.07300758893803562
0.07663079289039823
0.08305459784901971
0.05908329150633851
0.07536121238799093
0.058949076139381315
0.07180235529087076
0.036607788901143926
0.09666647977796113
0.11800291959417637
0.1459034805885408
0.12097305839109625
0.047982421169600054
0.08262648942285317
0.07796923863264173
0.09567561424754169
0.0757849136685265
0.18686996825937796
0.16518313396876372
0.09629262747928714
0.15247259815777314
0.08819572859638247
0.1360057633921675
0.032656327816280965
0.036094690025513014
0.023466531346887098
0.06689722036603642
0.0898947456711747
0.04338510893708207
0.048250439010740484
0.0728549231206881
0.1094529923326298
0.04168257090812381
0.298512838985231
0.05467061836500301
0.08859822640142788
0.06438788518991459
0.1013696273605552
0.08021684116834049
0.13058083948309532
0.10743742897769054
0.06619862803231089
0.11499958988565362
0.10296506410478645
0.10121957494982761
0.08684026072146986
0.08306094569974237
0.09370658158802042
0.0532916411070473
0.03642410332545892
0.036843172587113254
0.027720342631390053
0.052282200380795535
0.06093095662807188
0.07361265814542385
0.03892099271131235
0.07396832061688467
0.23323257115978466
0.0805247993442108
0.09625296311326911
0.08780869554278609
0.18326579517055536
0.21300292222095218
0.06720559439896774
0.09262594555652759
0.08060098799152372
0.1099675809190551
0.10504971343019559
0.09055388295581489
0.07900697078514331
0.0934775046094482
0.04142367295217273
0.10204530095575458
0.03771280225020723
0.08703863905049655
0.026812404526023882
0.09420310989558742
0.031641968074189765
0.031838784143550694
0.11846052973658892
0.07197702798525187
0.06547960802596058
0.1967886575998413
0.13166712722922863
0.18677289397413802
0.07877496208433035
0.34209011605311485
0.22172256185363243
0.1199598262110321
0.1575155663047397
0.14258206158536701
0.22036058675325637
0.15332778808876518
0.11380037793006621
0.12265999133420692
0.03604762008834725
0.0450050946761627
0.08084186692739151
0.08282709199966602
0.041034628237244984
0.08074738912923468
0.06436125661870293
0.08248679966896831
0.08595842054973345
0.07923963828888471
0.10030321348563313
0.14429063963361305
0.12842798075693349
0.0839884645232298
0.07647107740946199
0.09019965185189423
0.15369726306191728
0.09316899799357542
0.06833154657590415
0.14562856995831802
0.10619913539091139
0.10543084174454503
0.06705457059132962
0.05566306052948214
0.08545451188016977
0.0381874485027842
0.10057214049616567
0.04641359962201043
0.08201472483305679
0.05978721466268998
0.09287512248888198
0.07273601700150235
0.1237010170909187
0.29717490866052604
0.2638321363421018
0.24704122525358185
0.2886119944488661
0.23570140908613318
0.0758498851921964
0.1810933835173137
0.18606827623637895
0.16682448857691035
0.20263834430777394
0.20495979138745812
0.06534293502784826
0.18497647411899149
0.23125611073946384
0.06254209096386498
0.11184237586229744
0.0762396974475574
0.04343013211079356
0.02281552434823154
0.07058920612804197
0.044120526659996426
0.06132795041891813
0.07452448369753528
0.09704945651145767
0.08446582788354384
0.06455567075040432
0.17665860091414293
0.07551190381906492
0.062437557043535354
0.035593429159052614
0.061606854690656514
0.113034050157347
0.13578596826664985
0.03270174690921046
0.1327123964390468
0.17638597277837875
0.09205066151103668
0.11412652892387279
0.1406269446283055
0.08985255187294318
0.04071170357330728
0.05351863081024337
0.06928744206500252
0.08291115301580596
0.09730125945022136
0.05568788625709739
0.05929830052409322
0.1285442288890037
0.11225951276868838
0.1958127335702215
0.16525152338051305
0.1310289891439324
0.18206469492153332
0.09764234392373058
0.07803121735969468
0.2968661555086706
0.10744012334633057
0.1133900811434161
0.14142434170539123
0.08995131355315614
0.058122591111017335
0.09482722105389152
0.10804796571785724
0.07201006812760907
0.06551909254597876
0.08248855040395207
0.04132754252057377
0.0733244228639912
0.06743977694326916
0.10828582217134092
0.10354503006710035
0.09086081385966034
0.19780785262182934
0.44642398738803013
0.257345752071219
0.25174718516636957
0.08753151855091851
0.08490711676015028
0.07959470689517373
0.022679267069443163
0.06793824612274733
0.0683935253029572
0.07914372459218852
0.0758503576390676
0.06789769548653336
0.08518306409261192
0.08106422305519026
0.07676208733019675
0.023769325299750184
0.06752997857366108
0.02705483639688779
0.019287974797376883
0.05915742017483736
0.06582879651820721
0.07382262009107542
0.03632137113277232
0.06002079951119415
0.039771985708562836
0.24216538877167657
0.05542643307158301
0.08237682074843455
0.04926285674166337
0.10257779541045726
0.07029186957270264
0.03443074257674095
0.02921231936314685
0.04055924998600677
0.045481599629600515
0.06474782600629679
0.061203992964812146
0.08861215458241134
0.08196914358235449
0.0473199041284725
0.02347341467289793
0.032939542588885214
0.023343965694922395
0.062368136674728514
0.031315199744970865
0.0473199041284725
0.051096408253926924
0.06300007900204022
0.057544342388505185
0.09583622779094397
0.06342999920801447
0.10944272198086386
0.19375288344722497
0.21626313772680925
0.1134377133618847
0.12501134244091677
0.10499196362773848
0.07980134627705937
0.12643245611319887
0.21073982274984135
0.13935916777861268
0.11958891331178954
0.04205808005267893
0.08125527296713926
0.08092843708692357
0.07609829843569554
0.03454130228980657
0.03501594854238354
0.11923034926661466
0.048091199608348095
0.1175489278940503
0.07034585520512589
0.10331115299039258
0.0657062877712839
0.11932997225608115
0.09070586704202793
0.10512362935864508
0.26271340051559744
0.14643597504324335
0.08459490710701521
0.11684688076180985
0.15945788489006454
0.1240504221965284
0.18919511578486653
0.17951746353205214
0.10871929859216427
0.07067222799587806
0.05646262034525961
0.06521058593010598
0.054025012314942444
0.07909226573354598
0.03964994253423611
0.04159627158947345
0.06626399004762054
0.14568002881696077
0.1028483930665835
0.2585807646786395
0.07282914226402659
0.1258283305937627
0.10320710703874225
0.08573458644678966
0.03350415088429756
0.06675108903605331
0.05365660137086121
0.07975257077907118
0.12576550848342055
0.07614086618457891
0.1548111697428183
0.10970971339224482
0.20457468777942095
0.08001453662538988
0.08501003447743535
0.022028260070787602
0.05304411385372613
0.059117580266618903
0.03251326830152305
0.032262695677558996
0.04550822820081228
0.1010744800253151
0.12229789541883021
0.04902234096852936
0.28667565097721903
0.09189796469393856
0.2563165748983684
0.05935235640178495
0.12867983592736226
0.23537281943086527
0.10034583054905459
0.1003994090048553
0.10600357922683172
0.17206956500303539
0.2080601060283841
0.17751428776316502
0.052081638805492166
0.10509504192359732
0.06003167173198835
0.04688690701557509
0.02481396443712771
0.06035160673010994
0.050016832731750255
0.11202342381998684
0.10740670089891997
0.08556163269663104
0.08737806013348937
0.1354861703251803
0.29171352182618715
0.09271550836666882
0.09093657068798937
0.059309206742459764
0.1243281661967253
0.1218501773861471
0.16234257637775723
0.07525234224429223
0.07833820650486414
0.17364160081987312
0.17817370707988264
0.12949296966633972
0.07205691369888706
0.04916903680104258
0.0778410075601771
0.07590466408853094
0.05256181467932254
0.023405972556314544
0.051829111466624785
0.07689527400628697
0.08243709154530955
0.09809422100839148
0.09872410684534595
0.13103345937731725
0.3407775183598705
0.1234508199956829
0.07527316400583735
0.15298718674419848
0.1563834714146036
0.19857973550146624
0.17412568668778408
0.15058979187289412
0.15004349493464872
0.04382942467692784
0.1082086955173725
0.09013771355163808
0.05818731560000511
0.04586808786266628
0.027705646686969974
0.08457267170843336
0.035965241047537476
0.0483042281780418
0.0448425139205195
0.08133925774539992
0.12332551969513812
0.13181658183231443
0.0487159653781281
0.09644868492881332
0.17502811309571184
0.12656483916180278
0.10926244246523145
0.111581792553612
0.0571715423915412
0.05846778838561878
0.07525785490543051
0.09791228721261927
0.11216269559510622
0.1440333453404004
0.1108179149148736
0.11429267341391654
0.07341380219424812
0.06253653559645113
0.05092583330429499
0.033003672155708805
0.05666801075661535
0.04970925744866984
0.023710737799186418
0.07116062258299773
0.0537259814441713
0.09874954973498687
0.14959087504042679
0.043559581088769096
0.13976226007307183
0.12501361478416298
0.04416367631932171
0.09633054066491865
0.1510911151236877
0.0830545136093232
0.11979622291977556
0.08731037759545615
0.07697757899979407
0.11265978650808275
0.12890614587447324
0.11374337941803046
0.06143211378541479
0.050567656731037164
0.046360342479587
0.07285679514107835
0.07785725312612567
0.023875303183252233
0.051225417909283255
0.09957637672887695
0.09578463960622471
0.04331467495706066
0.03547231157790741
0.08298951552393265
0.12691190910465955
0.2976644001788111
0.060305301422544054
0.052534750821740854
0.08877277871738855
0.20720938757490887
0.16040849051233627
0.082416954792026
0.058489363215281365
0.05972788522786536
0.08419799915405697
0.1207655496627204
0.11094389208226463
0.0330196805597166
0.07569981086978003
0.06605402810196907
0.06798567800196309
0.02201312037314444
0.06453666629477291
0.10152832810168269
0.0891918345127669
0.03609303918127674
0.05125640727280977
0.1564565525090124
0.09110496034095357
0.057810628100622215
0.09224393444247775
0.13397548868976206
0.043883203533708046
0.10041890346658543
0.08847796389755166
0.10527788266658147
0.11264344156846608
0.04807950790308171
0.1003146939779707
0.0701810054126801
0.09100787465594054
0.04878068986711587
0.050636620002280065
0.0553769375491616
0.05836942089112328
0.04707544705917412
0.06228049744497031
0.028159837616264498
0.0720570871601691
0.12473627334945661
0.048963194371849754
0.050075179646871346
0.08763811611494562
0.07087267438507613
0.06643195960414183
0.04474864093224747
0.13091133638655927
0.030006880728729233
0.049363210268005886
0.09684557196521386
0.07194022325066676
0.0340794593947373
0.09740380123661053
0.046256434796592895
0.10677303304700966
0.030673027425027956
0.07024085943396574
0.06332152320168133
0.06859496748306647
0.07353470900015434
0.0916102665905667
0.07965956218018773
0.09037883153908617
0.05902873395684611
0.12203611356730602
0.2010135558402119
0.18658982143776015
0.1467334591744843
0.163817013028439
0.07570701509520812
0.035320914601475864
0.09977340671221104
0.06213331912749985
0.33479133432820474
0.15980642702209344
0.06529751593491877
0.16801250473526844
0.05920133259414682
0.08540668587899863
0.10993607474313752
0.07524217464231082
0.09854371430041685
0.05838396088390178
0.08423815159779759
0.0720449905660803
0.10625684800658511
0.05980947160612022
0.15185397451153756
0.17156003158785335
0.12875903064330518
0.12879395308177652
0.20890602693470325
0.3482220964339013
0.2122525517204637
0.24552949924489065
0.37913605174832543
0.19736422891243177
0.16960839808573022
0.16492805519746528
0.11428187272273904
0.11548811334518559
0.1844483929649299
0.06479790591269474
0.0980971296655936
0.03288342328092823
0.0646128229527257
0.06189413980947376
0.061091636530437504
0.0829199646215011
0.08251504464104843
0.07003596156986099
0.04060466907893626
0.05281518301402021
0.20200425879135325
0.12041372922348635
0.09492042048163023
0.10610816652086656
0.09676876499551866
0.06544953576794085
0.12391954032352827
0.07515992429200276
0.10809637430464887
0.12378827961894752
0.14302788657420532
0.0908681849020557
0.1750775045077948
0.0933111382907016
0.19116965985694412
0.12355271960067883
0.0591935332086797
0.11212885298204077
0.10824160006502269
0.08084186692739151
0.032035600212911734
0.09575274090150988
0.04484378441901914
0.06548052513146738
0.19367984376126057
0.13732487590700618
0.21274749516653446
0.18290585988556599
0.11090812840625938
0.10550239914079466
0.11454077067869031
0.24225482011408972
0.1711826084824008
0.1892403777742881
0.14573081267289817
0.12457724137647833
0.04046841180014789
0.07961167489954551
0.097410963961826
0.08302684299675823
0.02711519847888697
0.07026238176502252
0.06409224944756724
0.06928744206500252
0.10586957931225581
0.0940091520299442
0.1124760437142088
0.1316226705979427
0.1118223421412034
0.09501554983404617
0.13479020449936177
0.08911984866024543
0.054800067342978556
0.12140873567221663
0.13754952915144342
0.1576184840220241
0.07149246165560584
0.06487551279540807
0.09509379995707065
0.14945091291475393
0.09186857068039918
0.1407237618018877
0.10415954618404273
0.07418853628241023
0.05509451383702778
0.06167177092632015
0.1127476156507424
0.06998404775382087
0.11917871661606583
0.10914423918077547
0.0870181327823759
0.10539357264753377
0.07622387319793038
0.15535429424175404
0.07623759937912546
0.034821304579251845
0.2112113418918923
0.11593980455126494
0.17584282890531264
0.40482684094066834
0.11421387901994651
0.25535529532334245
0.13486571006727172
0.17758581363205822
0.14000262536043573
0.08353382789113405
0.06926091372165753
0.09582986755547807
0.08771635926557274
0.05996754236877072
0.036655635596740344
0.1035866824473833
0.06733988694305659
0.078365951929367
0.12741140043431992
0.08507106011583694
0.3170380280965368
0.1905019018603823
0.12645908468441017
0.08951396827008573
0.13040324171945755
0.15205444104083257
0.045630764736377796
0.0830824836145121
0.09813204343127671
0.05896912232008083
0.07224331369736899
0.038182317456031796
0.09968620025388766
0.06857946148411613
0.04632115928558066
0.03795012537649571
0.01960590844788313
0.0618127967998083
0.07674102069835068
0.043199056388871185
0.07065574884039069
0.058949076139381315
0.05402337347512522
0.13065477574932705
0.1068862653606602
0.22664900335618712
0.08023679151517213
0.11952080078736126
0.040634948474222596
0.19111820099830137
0.044889203511948535
0.15553678935998103
0.13514983688353413
0.08151005647904405
0.040241316335500626
0.10141476132035736
0.04470752714023076
0.09697961163451525
0.11022487521226777
0.053123999567361316
0.06483624881719019
0.08864593345407296
0.0883548602891988
0.07670245737136658
0.10107002237981003
0.07780535981679063
0.08119213243939635
0.11320948901353413
0.14897339577008148
0.08662274215169234
0.13091133638655927
0.08399092617136059
0.030536770146239577
0.09865669988037373
0.06088416930782891
0.04733517627972237
0.0432541161664881
0.14832390992809877
0.059514856658171654
0.10418311743228563
0.10355851344233986
0.1788697281933178
0.06968669981016554
0.05271606798725893
0.06591879792106209
0.04824925511071992
0.05668645513244238
0.04470072124313277
0.04558535374746262
0.044150171069015066
0.07218468031996514
0.03582052462369999
0.1404645416408691
0.2126280039108736
0.10932703199991126
0.12528142261550854
0.13592175423491665
0.11719718862138652
0.10891932028009801
0.09402095926275188
0.11279200722339097
0.11316948870617127
0.09209047024854758
0.04045327210250472
0.05410927937662872
0.034018900604164744
0.02640363268965875
0.02640363268965875
0.04039554252816397
0.08006780255257027
0.06223272069111132
0.022936641929376753
0.06879720378825895
0.06038089611670036
0.04366745523708204
0.10649889094054112
0.3120979776668558
0.18564835234507626
0.14890481296959296
0.14961888247127564
0.16778903570780038
0.1926802889703764
0.16991468021572867
0.10414170278132175
0.24630288959339638
0.28399452768824923
0.12970777037223952
0.07095976285345798
0.07115657892281901
0.07456301089252836
0.241702259043894
0.11813379239198529
0.0904334548655891
0.07596975415866872
0.05759759953092851
0.08846427210151576
0.08699886567612014
0.0759979422382201
0.1039667897028319
0.07182260794676201
0.06047424754423971
0.1138105133588477
0.15615386350664823
0.19554288385213422
0.17473033117119752
0.33174404527978485
0.08524567230819291
0.23440151612535953
0.09389777148525605
0.07154213516114834
0.16123689842151856
0.09863914410480869
0.14234895673287132
0.06440086654283099
0.11140945165705299
0.07786194222303981
0.06844797940354694
0.043457828217510625
0.08418669273915506
0.0696233811780449
0.09071769164662427
0.09052397884443358
0.07766654054596893
0.11768127448929748
0.03288342328092823
0.16024288581279236
0.06302007744442527
0.06601222803382895
0.05745377139147707
0.03289856297857139
0.0846170684157114
0.029295314939501015
0.09544723966158047
0.14432784144085695
0.03812175866545913
0.03810661896781608
0.05421754694208854
0.15553678935998103
0.08505165645020142
0.07226719574376805
0.11738676733958764
0.09797897966529755
0.06999881650001004
0.06428137090506775
0.0697570572981226
0.09450011850306025
0.11197816183056424
0.08332079932144033
0.11308550392790989
0.16012204134135943
0.13970867863652298
0.12062742758904567
0.284162497244771
0.3784807555485762
0.1924695649776221
0.15287431708646704
0.1218928215401276
0.09217047925151531
0.16871455555541914
0.2258573272168615
0.3176555344002466
0.21735455469228507
0.1179233174232535
0.03298940116443038
0.057175375706368776
0.06983818516819743
0.07819133973701105
0.08310101257918999
0.06364228519598673
0.11038982800745556
0.04420791711800664
0.0874482278592554
0.07456261131391087
0.056804145557109956
0.2012829038776222
0.13886378354736145
0.1549939082799536
0.21586991200535155
0.16285292985383604
0.10199951319750977
0.09439360130167987
0.16096332683161535
0.12945747941272837
0.15880203777080193
0.16302011295808766
0.1663803128011992
0.07956797179563174
0.1098882830649234
0.08217249772272751
0.08931134568333603
0.11398137189317105
0.10586957931225581
0.11187221158086236
0.08545520693902017
0.071231427991324
0.17511449596047934
0.10226469260067646
0.27355529254361094
0.10688708484380331
0.1299969752633874
0.05995645163233756
0.18012835144988737
0.14202425304189023
0.15990511579667366
0.07786356025228718
0.1676873446445604
0.18858116774446618
0.12267782757234763
0.07627379672620471
0.22505151999207937
0.13991697632208946
0.09407874209097111
0.08416307671558586
0.10991612206041237
0.09129343266461122
0.05581348525974398
0.06341914826369455
0.07440546182709566
0.06498469531504354
0.0697514242991533
0.08212181334519097
0.2980516688731409
0.06974858704200575
0.10282270818088435
0.13578608594918956
0.10447706415619773
0.09775803390468286
0.039923382684994374
0.10568674530087614
0.15401636391704804
0.1527155834585283
0.18660793927604002
0.10165921838965575
0.034427672440529876
0.061139199502086
0.08176210309026063
0.061938773967199205
0.038736704408109
0.03781257112062805
0.05733032252400128
0.061556305614214865
0.08862297528870045
0.03211129870112745
0.059460230550098
0.13828809056496796
0.12928171323285167
0.1460075370060688
0.10111767302577336
0.10197352033589654
0.12571399166366448
0.09490434770785973
0.12673368021924353
0.14396713711689482
0.223022693356661
0.1943604759664865
0.11032217053011419
0.20338298651412112
0.09216767231858435
0.10635549562290386
0.14475376936139564
0.08863314883989909
0.060625353185998744
0.09211135697010239
0.044552023253248314
0.07999550129323021
0.11157377791921974
0.07008639942922049
0.09156663367147973
0.09008393183484778
0.05215625838066205
0.11723462594780949
0.10494192760594828
0.09510635666278903
0.07276899801898878
0.0985141448996945
0.06282590397746196
0.0811301537123434
0.1410945721360956
0.11580765619972594
0.15550961851224254
0.1844098296379457
0.15523023900447305
0.09732883601922726
0.042738856794794416
0.0613936468323651
0.055192056440673674
0.08171369450346953
0.05749792053328689
0.05946122300851126
0.07504423431105037
0.10353522358874076
0.12323702756779326
0.14452153222513794
0.04688764360084481
0.30070749856211076
0.19159256986825327
0.11265709167189714
0.06541854640441443
0.11333745826269194
0.13250656100447689
0.1779311907046185
0.10061172010150592
0.09855613728882476
0.09317337066977296
0.05067927487742385
0.07569981086978003
0.08621037488451529
0.04666998147088964
0.04784374070554047
0.05823552990975936
0.046527567156377465
0.046446843166692627
0.059713177343293095
0.03839839968728574
0.023996420764397446
0.08398477826060904
0.08611190915548587
0.03529063520618953
0.1050530774489651
0.10478150551243182
0.08224103478016787
0.10112553780672259
0.07565177081246788
0.1418058128598052
0.0468605300271454
0.042693947353691426
0.14492889012993837
0.07844777078969739
0.16801317346781264
0.13166712722922863
0.0528367578436828
0.03591136280955887
0.09491439181838852
0.04793142818107782
0.09042724012587738
0.10179890814354049
0.11603972623887227
0.034018900604164744
0.10790273995748448
0.14696846949794595
0.0842910687920451
0.13890510379671311
0.09188719953297068
0.08695615405532296
0.07437447246356914
0.08000730653751333
0.13275843334747092
0.23073656954946595
0.1191894847436141
0.10319733588265426
0.1815911015619333
0.1698328920379579
0.15645141757447617
0.1608611104065582
0.05986102808392387
0.049981828164379474
0.07026238176502252
0.02343625195160077
0.03144834260102938
0.06467387195298294
0.028129558220978276
0.07441051353889973
0.04542834248717709
0.10387626572398749
0.04850759124866218
0.1451123043105799
0.24113621159882703
0.09868548491059692
0.11297392559785338
0.09760378059674649
0.07035268514133762
0.12561107394638008
0.10746706267636408
0.17063757525858084
0.09013481369416056
0.0745043477332731
0.06675108903605331
0.08327090764539392
0.0807513642975756
0.0645003097041478
0.06462628687153872
0.04589768131942288
0.0736966429236845
0.05263969369803809
0.06345049997589021
0.038904342540308244
0.0381874485027842
0.04673108104916986
0.11446757124878602
0.1061846271845205
0.15393602602495898
0.1016635740844673
0.06319309796252054
0.06995325657316198
0.06135881556040588
0.0739741708261302
0.15185509185406237
0.05516905821164941
0.11485990013176835
0.12000488665527327
0.11293916601585223
0.12860869549195925
0.14979673750836217
0.034245996068812005
0.09387151461057866
0.06251116486344345
0.0934175229104531
0.07523705094597084
0.04295548585821659
0.11051680364420684
0.05554719954762685
0.13933074713435098
0.2168067050797619
0.13438284659456137
0.10821851340438952
0.09757535131012092
0.11783064389963487
0.11067674844435521
0.14483175011041996
0.11180962360356526
0.2562136571810839
0.18767158551640578
0.13706315812131364
0.1250953272191771
0.0885399992789355
0.13467268845299277
0.13003653578963584
0.05701177096427092
0.08780608567146682
0.06865755622804795
0.04988695828680183
0.041673713946326
0.08650234137806821
0.03680665940437847
0.06631771065680396
0.051110771470675644
0.0991463136761103
0.08899268498953457
0.06317795826487738
0.061296961055391605
0.026766985433094498
0.08252172210743954
0.13588290312277176
0.11750012454007498
0.06051739720356488
0.06814561039474523
0.1268382965273891
0.10097554203480404
0.06662980932751622
0.12745925218444162
0.07711634222911193
0.04407028535537987
0.03602845684944353
0.02994586357167489
0.019303114495020045
0.04698948343681075
0.062156625439842884
0.04970693909648545
0.07601690873047304
0.06947394229135113
0.12775026054185812
0.22088838152803986
0.20350969887001472
0.10032295793104329
0.1331998583213258
0.13798699068218043
0.19942432539428728
0.15016559527606893
0.12957277866656222
0.15746646119989252
0.06404092103053714
0.12421247621577268
0.16868342713643375
0.11553572764435115
0.12243806928001784
0.09837504713642833
0.04381428497928467
0.07797504716184171
0.0308244244014595
0.08345435597682996
0.10399835331652343
0.1136733973757343
0.11398683916998859
0.15085821074424843
0.12388267192259138
0.06463818966911948
0.16300718316177285
0.19315026129670856
0.07535885652913908
0.08894745078613987
0.13399886790511006
0.10909565203800708
0.09413098181788
0.12097315674910802
0.17720788212988514
0.15124536843162345
0.09046326077523978
0.07447631199526052
0.09243629478087766
0.11889148915907648
0.029810064659368193
0.05360594305328811
0.04498010075090225
0.03620256417382596
0.07006956513010203
0.08881390301059415
0.03182364444590753
0.09593193848037931
0.08539782787595375
0.14445381860824796
0.17625018681011195
0.057583220369452605
0.17187258786600138
0.07175788345777423
0.05838148906696841
0.22549418520852207
0.32879092586640096
0.11916285617240172
0.12116841138856509
0.16792756413208762
0.25894097668913657
0.15352060472368514
0.09722406870381362
0.043063360006529536
0.029265035544214685
0.06225759949297775
0.046520113906857175
0.04580513329528335
0.05765462686826546
0.09106712271750014
0.02004495967953449
0.05968551415201424
0.10858351262389855
0.17722430916482226
0.22289560150365637
0.19098011273038393
0.3437493748039915
0.36175577625688227
0.08906089684717136
0.32264704368857144
0.07065756714498217
0.06136119454769897
0.08819790366066776
0.1277986691286487
0.0935727992379486
0.07234982798221586
0.13273634498134682
0.10286824693120417
0.058460162000784556
0.04351335833511198
0.03331234258584909
0.062106743523720406
0.051907183906866
0.06592805093457815
0.0437259919358734
0.12005351721298821
0.2192908981639321
0.12655252242451823
0.08039165648815219
0.1417176967014876
0.031657107771832824
0.1012510703374989
0.10392917689028357
0.07320194226099057
0.11800378057133279
0.16333041733134315
0.2028319786549394
0.09285382781523252
0.10218305496672371
0.10620340251419982
0.0989920603681739
0.04889005674469939
0.04728976874141945
0.07569981086978003
0.051100786057682715
0.05905384345479485
0.060305301422544054
0.02449603078662146
0.06031105123975794
0.03710739892336794
0.0874108634934072
0.12632621247740727
0.07190530081219555
0.08287258968882186
0.09855988270679143
0.08688902786380949
0.12551124386548324
0.18562628752365765
0.18143538329324854
0.047417533018355155
0.08649131360242565
0.08634328911739048
0.10354253295229716
0.11356233146034211
0.06994299347928153
0.07178551522363583
0.0720799130045515
0.025544598320506526
0.05145885864251535
0.04162754665766739
0.048165595403135676
0.09236358359752354
0.042792113937217845
0.10271188185046058
0.17064026843882094
0.1531494345478998
0.13951411459624477
0.13346239891308964
0.051732346846653746
0.072664026303603
0.07518828137412607
0.11819343249002232
0.2255857552803279
0.07818718269722602
0.09897839919392581
0.14915373471048388
0.12758320963854794
0.16303368589882486
0.10121519917570941
0.11454559818552755
0.09712066529201079
0.11492198504220132
0.09817325505678816
0.033443592093724904
0.06555954232322987
0.08545520693902017
0.12247208356918653
0.15442339186378423
0.17615966283126777
0.302975087575147
0.053337154796827956
0.3864045695466469
0.2369487450270741
0.07197412259554928
0.15570777889516904
0.0976203420621286
0.1719473002821821
0.1162101132243268
0.0753805545652586
0.07833820650486414
0.0864934921173232
0.18080607166496376
0.08148813163560233
0.13304347809513
0.10916754266096367
0.044638322571898675
0.07269599940796806
0.11899377019100765
0.10184574656499695
0.1614042542796254
0.09938288882944438
0.08726182786077336
0.16217460682123658
0.29496217773889766
0.13284495594443455
0.14010056693322026
0.11646124749196887
0.1299244519691624
0.13347760680611748
0.17320592353875272
0.17099300853859967
0.20597853679636433
0.20485771625585333
0.17539020901108962
0.16601002041139126
0.22161451032990678
0.12470802778064612
0.16841986264006883
0.12060214158223417
0.097468525773112
0.08252551974596496
0.10582082060836744
0.08458214597724019
0.1616287057625418
0.16100695966738068
0.12249179909309846
0.2065558585910564
0.06039225389853716
0.050082119803550054
0.1672927494468174
0.12263137980942455
0.06621315223448862
0.14748108886944936
0.169659856944373
0.14743527823649968
0.12027287809480355
0.17063770012175702
0.14411115293956583
0.1662079393014533
0.15905063082966933
0.15012279114083868
0.13441053877424988
0.14953944321514953
0.05130494493763895
0.08192804065342914
0.12000488665527327
0.14033649310755789
0.07573165652610295
0.11258159525834685
0.1292642720506886
0.2994905572994389
0.37784708769666586
0.37724811686347004
0.11129781140770664
0.18472451978420945
0.11540438977263849
0.1023069705953895
0.14974527864971945
0.10406445629536236
0.0707326673888107
0.2383948982868157
0.2725775742294041
0.06817405848711787
0.08161758061357786
0.1982709823496119
0.050066980105906884
0.1626044430314895
0.09696042650187323
0.06433462804749115
0.10179421421056556
0.03473046639339296
0.1756805434055474
0.13873900974345013
0.1739320523406197
0.29427579910343116
0.19882775638594116
0.21051074643542753
0.214039625389969
0.15403612316945442
0.24901377045370093
0.28269276362521045
0.16972874403456975
0.14183591664750417
0.21556343698101293
0.12787599227926147
0.12479416692116407
0.16765040881989066
0.060210577526819395
0.12801706072791838
0.12702759908561112
0.06334369988936411
0.09788425906273991
0.10540089671706442
0.11521638450059157
0.09418581655681946
0.12904193184274004
0.10388960289515405
0.12390481169580897
0.1946688622446358
0.17116845574887182
0.14397658294405893
0.14320893453189365
0.09719428492274118
0.40369474605053224
0.05198972170658734
0.09764697063334025
0.14171435940662608
0.22581206522743993
0.07276138687299322
0.16917093549109297
0.13584828565295837
0.19019194154273625
0.08453018261802744
0.049612789176612264
0.08785484559759106
0.09027674846976827
0.04286918653956623
0.0444009994456102
0.08692173902215194
0.09061450282327799
0.10188473818940996
0.04821993699344226
0.11066301715308594
0.1350895158321901
0.2235037037669065
0.08952525641376873
0.06047348522179322
0.13252710502825096
0.08258665379808829
0.07890045650029646
0.12711767603515856
0.1298812852824348
0.09168217068191724
0.10076251346511035
0.11329711305283664
0.08373191392051163
0.16398027955383948
0.19152987186744228
0.14154670777733686
0.04557048990589042
0.15217080843749273
0.0892589707016517
0.09628395247679562
0.04962792887425542
0.14551621189421202
0.22069474718087548
0.08893144786919581
0.0988774443436498
0.13591813052989993
0.14478842990158505
0.06467678833154954
0.17154293991020197
0.21417973394592965
0.20598731386050875
0.13319611320097305
0.2737611279781819
0.1116497435039029
0.13839849750929123
0.1942571913754949
0.24360623681366703
0.20918026038182463
0.13931640344158341
0.06798228826682097
0.11773383728244441
0.07874397272080384
0.09404612680293471
0.04834105457458747
0.13003769561002917
0.06766319944895495
0.07728103985139727
0.05463916879413907
0.1309160663925962
0.2184343609516177
0.13880135923513592
0.09327988495461982
0.14260615348651437
0.17523908418398085
0.13027928426535232
0.19954783314720775
0.25497864457366337
0.2141203108115057
0.2523542427828952
0.1397000507774037
0.16173348824473605
0.13960708268682423
0.14147079824682043
0.08494010438161664
0.04926457613081978
0.17748160345803493
0.1730506356059846
0.10043652718934487
0.21175320331395014
0.1994218559798167
0.1798534026450945
0.2220501876110272
0.1326635417767388
0.09122948497131816
0.24531998266841493
0.14322419641893233
0.050687707709276116
0.055714087326802934
0.138274540055186
0.3068136230823393
0.11346434193309604
0.16546251347653318
0.20382853908300272
0.08707601251821312
0.13483472070374591
0.1842914899139269
0.09439828494551167
0.18473730252662987
0.08021684116834049
0.05544068526278011
0.11694880372789772
0.06327897540037634
0.14512894319988218
0.05115392113000082
0.14900246917793802
0.06960040049151517
0.19603871366855732
0.1804820531782615
0.193819281422065
0.19854001580807956
0.19718456982271146
0.3124774277369054
0.21107121811991758
0.1902225223526128
0.2532408308173033
0.1699456695792555
0.2589781109908527
0.28997066845057384
0.17471695967140066
0.158293668893296
0.118526756171244
0.084359313598697
0.049578958564631785
0.1351309627952451
0.06819803656344686
0.15316476860721362
0.18293604948377412
0.08230891361539534
0.212416878839588
0.3018351603045175
0.509545618278187
0.17405343334044773
0.1669617391820912
0.1080853705483307
0.11019817670018862
0.24942108784027156
0.06407120042582336
0.3641293898430677
0.23323257115978466
0.1803703943838434
0.1004962277529932
0.13619751003767047
0.2590827565062616
0.23734098336448162
0.20437695789719199
0.043844564374571
0.16806463232645538
0.07469909588989133
0.10899087052869787
0.1013696273605552
0.13316077288016126
0.10571022125231463
0.10455811253836769
0.11942635468658641
0.07005347191442966
0.19114138133002112
0.06440427377397277
0.07531773035210151
0.26655688776822967
0.27602576188316524
0.12326365613900567
0.05423039695777394
0.17722383624241844
0.13102302898998802
0.13892146023842375
0.07786356025228718
0.18525189111305518
0.18575520458877715
0.148549849283715
0.03922695659340932
0.02785704366340152
0.06479875913388461
0.06555011943240542
0.07897769366342815
0.08081052262235089
0.10930770445465302
0.0744978868249231
0.11265709167189714
0.12077942404393185
0.11964217045421223
0.09493085636974583
0.055965108144758385
0.10288050195669868
0.11564703966485892
0.12110605025179827
0.08332199215692243
0.16671917290873742
0.1536501518277841
0.10310582773174079
0.15692555817994858
0.14276143649512293
0.18521965950461186
0.18658982143776015
0.11642268416498573
0.08739497071683199
0.06891000594231232
0.08065794220026933
0.12020189020942607
0.07443316233593533
0.18706780228202144
0.062496671870935494
0.37449770047942177
0.05821213743792322
0.18062059383522847
0.14370583430897735
0.05138413380086117
0.12255425315545616
0.06287516431201429
0.08139101452959041
0.24819082447825075
0.09581914638351517
0.13016094735440556
0.20447787060583875
0.14264925598112993
0.2558019863119441
0.15215777491505153
0.1289172021078318
0.1523182215818449
0.10509833943838728
0.08297231776003951
0.09870510846716483
0.06529458895030844
0.061513886600077054
0.028720006429061175
0.1270661624125953
0.1059216445335331
0.4235772291573823
0.21612599949108532
0.17279279859278596
0.11454695236809549
0.23099432863473388
0.08523805644868347
0.21037772683446357
0.1855643675668159
0.08472435608499075
0.19544127032513178
0.13944529681549142
0.2143776051047184
0.18349210511766634
0.12725736578904384
0.16986573105016234
0.04169472730924329
0.09914480281972954
0.03321649662907764
0.09133344635841237
0.037955221991384534
0.09274731353038565
0.14578294653424625
0.1692930054601801
0.21110984699622684
0.14426540624750267
0.13535302746912145
0.22258752335220072
0.11806947503591603
0.11283354959312784
0.11730447082475214
0.06817646173378428
0.2752650280124762
0.12105348472843352
0.12670897460839123
0.3622414549582123
0.23893804215988285
0.08829471665486817
0.17348920545535657
0.11649981081895307
0.11568964496318614
0.10616483918721574
0.09818223050150784
0.05266415920638208
0.08826087937332268
0.0731753136897788
0.053052506140308694
0.19837390006689634
0.23579822625971536
0.21806647675367105
0.191581330726085
0.08526468501989513
0.13021874356771754
0.1356501822983841
0.12411961653252117
0.14021359046185722
0.06031655541032145
0.15083001175710184
0.21149590902073748
0.08703286285888795
0.11001224051902972
0.08981817069709752
0.08661527105653163
0.07570701509520812
0.1270051423187402
0.04502891391900144
0.07774366719993711
0.08423094101660959
0.1169907961170284
0.10780592278390227
0.08308048112297871
0.16369062934184128
0.19720648791259804
0.3213096404314866
0.3343796634590649
0.20278124711024045
0.19528636854834555
0.1150154169312675
0.17785997913380866
0.19897170550006535
0.20204952078077584
0.18098719715161266
0.2886136904925832
0.23151507589463904
0.16731340271550668
0.0955965706500386
0.11828640058060177
0.11326049135228945
0.09516364483401296
0.05700069996856268
0.0956586624388338
0.11360759344976368
0.0610593137884508
0.040528970590720546
0.12024692958922927
0.14538151002416028
0.21788704914698875
0.20767283733405426
0.1988370297946789
0.049309995223749285
0.114340264507844
0.04473780653551699
0.11854451451484924
0.10291642617461885
0.1341236908821926
0.13948312523271897
0.17145241593135674
0.12887863878084868
0.10492998490068554
0.1461755065625905
0.14667801797719937
0.06342999920801447
0.10672777105758706
0.07623568318262403
0.05144639958102354
0.08460793940310617
0.0955477916571962
0.13220385052664424
0.12110605025179827
0.07048496850768145
0.20105375701348674
0.1706570694255573
0.04403422734134617
0.131772117090896
0.08310777075174663
0.11887519848760433
0.21020943755467528
0.17068867702561258
0.12228430986656778
0.08979154212588586
0.1608133253202163
0.1499918732337934
0.12648907214267696
0.1857437475176619
0.14575825482816696
0.11066202940458066
0.09478865772690744
0.06125395707848035
0.07578169148249848
0.07472754453607988
0.08255786870612333
0.1404312252354243
0.11809808058457247
0.09303337608727
0.0669326032803793
0.25552060459661885
0.18871668417738804
0.09402310766956705
0.12988245958003172
0.0753608800114268
0.11192641530018824
0.16924818607523315
0.09732405660794335
0.05762168922984021
0.1285494960124773
0.10126845631813283
0.09935119919088971
0.1285438799078683
0.14283856314909135
0.15957107869515688
0.07796845650788665
0.08032160848375414
0.10794984477198716
0.11017794353666864
0.0801819187298693
0.0875001889269133
0.08915698541696705
0.14352576845784987
0.08995131355315614
0.19919801544717633
0.07937870264503173
0.040740926357724645
0.13302498691189552
0.12442520892167423
0.06220023391724686
0.168461882033219
0.17562635287830963
0.22948840659711386
0.19163822404779687
0.17803389345966864
0.13940057029330166
0.09742395433368939
0.1342069310448117
0.1205326778313629
0.08067083286846605
0.09708437894992887
0.11066556413731994
0.07454291106025719
0.044228400808309476
0.045843004463467174
0.10625684800658511
0.08230891361539534
0.17156003158785335
0.186765200943964
0.1953905866233072
0.198542626954509
0.19750703410791248
0.12561601118089719
0.2459640294858582
0.22789269581016233
0.16776587545629995
0.11521309906439453
0.22759874908625066
0.23928544393631443
0.16592262722016424
0.08531219621916704
0.13722090169528509
0.17876160052770598
0.12947356081366293
0.040786345450654134
0.12813752923618688
0.08455175744769004
0.09495140984515665
0.15222241059735428
0.10158937351271333
0.17099930793915644
0.1708056465626268
0.1418976546908547
0.25231984845693833
0.21903969726966455
0.08083084571679372
0.22285451247080051
0.24244763674901074
0.29365277718821986
0.24124420495903134
0.1266442501194026
0.16737355240655744
0.12301967873608778
0.1709104138780408
0.1112182469106511
0.20789327621903822
0.24920740480086534
0.24952934768468138
0.10085600230481818
0.08310624386029654
0.1359742909459221
0.07298848233764046
0.20675676768068585
0.1569921156251835
0.23347768356449378
0.3038122907012881
0.25927639085342596
0.22138994105415652
0.2202351604061706
0.19622464984971624
0.3250152517158136
0.10030049688588848
0.16666822721409244
0.29882620626179945
0.29524848797517134
0.5353779653167295
0.1910184367772664
0.17845366058781895
0.1896549047821013
0.20608241940300798
0.1855079931590008
0.2111356970102404
0.12487782881589618
0.11461020779673238
0.13872799757909465
0.10512959914383078
0.10246674202265978
0.09107771953288286
0.10812188934391365
0.18653019251681233
0.2390416015747225
0.20824250060375035
0.2569124550505768
0.32403643287191913
0.16597655933954808
0.3185330808886313
0.21132703187284493
0.11695715160090056
0.29301717584686054
0.23172703184743165
0.11679291333455939
0.18699210879724573
0.260587660165698
0.17295652152366994
0.20770285545133688
0.1161373080737213
0.17799837363107704
0.20259352647558324
0.21098132043431322
0.14621749895172015
0.09300909067542534
0.20168944499285302
0.12623432835581405
0.18396865677986438
0.23020247820139475
0.2111356970102404
0.0632082376601637
0.2503208022970621
0.2306641934927627
0.2804507796017088
0.2569527786874502
0.1974476406113312
0.09943838991487712
0.10675225717049486
0.12944148466012187
0.20430850636173992
0.1028040633422412
0.2332115473678796
0.18707609357550714
0.22156610174311625
0.07622387319793038
0.20786647168121863
0.12925663526897824
0.15359773137765356
0.16083085036906603
0.06161856940763256
0.1605776935617754
0.09279334237879944
0.26719757203612743
0.20539890799802
0.09201664851094622
0.20021791496821703
0.2217876807492405
0.16019206029193442
0.2010892695304578
0.14397658294405893
0.06874936699755771
0.14803618956602943
0.21417973394592965
0.25075901816497753
0.17911718691877188
0.20702021525725847
0.23088140804272766
0.15522572190417375
0.09167145123634479
0.08845680161661884
0.21144870710376504
0.1464557320261786
0.09132625396174336
0.16370132304748639
0.0643134355881138
0.18009073701572756
0.12267782757234763
0.14866482057188754
0.1830812752441479
0.10998125115550288
0.09281491720846204
0.07583552626400376
0.1809121717206004
0.15510170113003324
0.3048647450860113
0.2221416311152872
0.20710191644751325
0.27596234950725557
0.32186869357438863
0.22046535406866924
0.12137302758297387
0.17489157186375723
0.07265540898949105
0.17835538730144262
0.17275668888207293
0.23047328171268847
0.19844688066015678
0.142241178586576
0.17264174420605988
0.19678090530604447
0.06896132276456181
0.24861283947645507
0.12742094398725648
0.3508884035728249
0.17234011288218676
0.2893406423616704
0.13356241260789595
0.3760613389595022
0.391625467140443
0.14129355946030134
0.2203605867532553
0.16628892468312967
0.13063559360698274
0.1273378275343972
0.1362602314259636
0.07428213852829721
0.12200512420378025
0.1324608091212522
0.1549074777316952
0.18055007580522262
0.06276918642851224
0.14632501719431773
0.19126232641185317
0.18246974101200675
0.31097466879974844
0.22503805531016027
0.11152029452592778
0.25569906859465863
0.1406297316831983
0.09952468923352747
0.1989880544088829
0.2508158787045586
0.27881385484085514
0.14998821581432575
0.14906674164315248
0.20091256979235134
0.2800892354991318
0.26566632430985804
0.12114266855544228
0.14222319884174317
0.15857257316503434
0.17579955526400834
0.22638096980147218
0.12487511408707112
0.11700030126022488
0.1788706062748838
0.14230757645444325
0.2835663637301878
0.22057012138408322
0.3297592932213473
0.26414897026805695
0.093820706294619
0.3377951186286787
0.17276617002157355
0.16312662724293514
0.08979354672154033
0.17119508432008315
0.16875831762077864
0.2006871181975304
0.3122353848029494
0.312352989002718
0.3182215818453146
0.2739441926511455
0.23508204129504787
0.2032011710015442
0.23758555035249368
0.24818607523285105
0.18872085749835146
0.15362022732035452
0.14144458326793966
0.17273954145036222
0.31778442773338356
0.17913581068848486
0.29901984060896386
0.3152044943363176
0.2588451139485152
0.30035856180583104
0.18751663869877372
0.2912609019319652
0.1640981544136597
0.2096120548931587
0.3375768162185178
0.35239026398394435
0.3782544456014652
0.12202596300381342
0.2726041584505735
0.25852854410137827
