0.12991179155626414
0.0769642045100966
0.0914306290083763
0.16131583943299502
0.079987012156543
0.10457560768837823
0.1354230387917401
0.09144821558073667
0.14403355590434652
0.14811923595358736
0.07517064913609814
0.14945579314484514
0.05434939641196286
0.2699102528704437
0.14891219847873435
0.09666403393224418
0.12457360496289695
0.21607185067096643
0.09158563717379871
0.07589987075287531
0.11012890050697761
0.2306094036745629
0.19759233653833547
0.09215444993640838
0.09068085198065892
0.12301116869091118
0.061443126783556
0.057879653039716414
0.1054696563798595
0.06608792600431787
0.042340261889352165
0.11252831645707052
0.09824557646227812
0.06856248152421988
0.15116643995613913
0.08793958859920224
0.1418201588153734
0.11476474418602368
0.17244288818107054
0.12369616022804907
0.19211297909591446
0.13649883286405537
0.2019998540230065
0.3096061763030773
0.14468651373572838
0.08446420612809755
0.16663636917706962
0.11508090050609517
0.13448978768652464
0.028749480888200722
0.09450499651155626
0.10422834523400504
0.08775909923197771
0.08224016275864876
0.0979294201422064
0.1565161490781936
0.11517222166649127
0.1464973527116244
0.10871825456465287
0.08822485538774312
0.09474048156442509
0.10772300071194373
0.16553462568818958
0.08389998343902513
0.049555230413876536
0.19471501905924266
0.07155564266399454
0.1946749151567708
0.20195725055815647
0.1869751210381089
0.13940107096980234
0.08368173235049374
0.1483369975390403
0.07519542072359617
0.14765751893180362
0.15134895690509872
0.11235405224547786
0.12020241813517134
0.11425428471049866
0.07665438255000627
0.11286780626559363
0.07894664603672769
0.09174820674025666
0.051250510213847716
0.05465541900286083
0.0671305735396994
0.06101787090844221
0.03684836325390008
0.10468726148373877
0.1434755846691635
0.19253245566658114
0.15732800837356614
0.11532268446291463
0.16412464965721718
0.15952285527453708
0.08943271904027973
0.03200765195486142
0.09390868899273766
0.07651793829484432
0.1421203619718604
0.06969572553674482
0.10710443605374727
0.10253368672415906
0.07227692747587065
0.10643461930807994
0.09761222014288805
0.1178618465929052
0.11239393508980351
0.2602569240829413
0.13037521469238508
0.14985656126732386
0.15052169815945635
0.1281140328178849
0.21227657746611478
0.1934447685991094
0.10005788782259177
0.07034701634926661
0.19788934727980265
0.13360766086229706
0.040779889674337155
0.07305771198393622
0.10686765861326747
0.11313756204072964
0.10672350578270058
0.0852145021385732
0.09639334502148313
0.03232672968982706
0.07686676656093192
0.10406677404153535
0.13576723391326262
0.10254913765164553
0.043535371490713015
0.12598350454574223
0.08059541448614527
0.07399561152814062
0.061991173263060306
0.12251674145792517
0.17319898336797315
0.13379549844122618
0.11816072497028396
0.18672291576604663
0.23261332714578042
0.08841364055551214
0.09612756807716978
0.037360361564375284
0.1217124082371614
0.09489222628587295
0.0955109786133934
0.12245455706787586
0.06602441045794172
0.07885455082591122
0.1519025193272365
0.11792630738674077
0.08136341490776655
0.037205210561200956
0.12407191405532918
0.11266746936282963
0.1480266627291326
0.07088849335034489
0.12708417925787766
0.2808129601113754
0.22088583401797884
0.2328549659391746
0.21674014386061086
0.22428193660301643
0.13674737067120887
0.11158814492353461
0.07191248997129542
0.17417692532917226
0.16341189566292694
0.17228468369650005
0.10935056720479597
0.08520412825932082
0.056788098998420466
0.10732587045875112
0.09146238678156439
0.30011390722889036
0.06778550596447692
0.1362306947380116
0.09740109036772839
0.10890401699881891
0.3044629244168664
0.1838336110700947
0.04488518521832954
0.13871358543145423
0.13331913184340552
0.08622820959189209
0.16133398246160838
0.09653137514825666
0.1558678038498785
0.11934901082706305
0.08946164707071756
0.07769962238969738
0.16123972323656247
0.11954985550657057
0.08524961883672248
0.08628242593015074
0.09713426938038164
0.11844242411458257
0.10253368672415906
0.05618017824941981
0.08882521011045584
0.22549621539849857
0.15952566230577045
0.09944986839598229
0.07187883361933661
0.0479106297802288
0.11812601514544269
0.12590349385535488
0.18533893279116703
0.11219654725313795
0.11318396258566511
0.10002850066109065
0.03995138331738633
0.10346215574346102
0.08163327728370219
0.10134419604264593
0.05649053218135501
0.0694228370264208
0.11162923334803583
0.04080471383484509
0.11378091479267731
0.08565071428815238
0.04517997212436076
0.0975591029703517
0.05011377402530407
0.1342401072658584
0.18325535806492838
0.1388508026240855
0.10447638984427161
0.10207897184314739
0.07659974892956009
0.1208311065006878
0.11770795659188803
0.15864933272648607
0.103233723455562
0.15065621263502277
0.15757166663150973
0.048508895344772124
0.09725758796205403
0.10635920430175744
0.11960474032535419
0.11124750512522602
0.047662388175149804
0.12669100346053058
0.08964987268552135
0.11707397804519644
0.16252874048136334
0.10188949602222724
0.12319670589859033
0.1215687557638292
0.1475192798446666
0.10340981022950234
0.1028298431033176
0.038105086379611935
0.15084174984270193
0.0798384781631596
0.1535334129348151
0.07275030538843673
0.2508227099015371
0.1475508175321761
0.23704305271373458
0.19380049359799204
0.1303058282875293
0.13714817528149184
0.04527306272626542
0.17006982091252298
0.08313638892154325
0.1133067779697604
0.06316621087101783
0.07977552624836444
0.11602936946631075
0.14114743074149474
0.14629671113521223
0.13762154519931316
0.12201336458846142
0.17767985188029098
0.1456690244730314
0.07453549367233732
0.05455041321376387
0.0948864155615163
0.14918626353382908
0.15567321281667257
0.0750848717369399
0.09844909688293381
0.16956329557821515
0.12000398244695727
0.04351985639039558
0.11953234604693802
0.042371738966905714
0.03543648912501378
0.14038011264159264
0.10970624306487653
0.0779335754034579
0.04771294264084698
0.08231614810340786
0.0824123301178423
0.04654530095229473
0.11786251117783099
0.115760461721748
0.09864077186236764
0.05025556933394118
0.06363760060755244
0.1252769418284076
0.0978108615221795
0.19507143977125854
0.18504127925884753
0.20394227856115904
0.20256024648311186
0.19407010307254985
0.05076540823863617
0.12522786007817446
0.09025827501512361
0.13579218258906908
0.10577665981860873
0.05377102710961067
0.07214935861637167
0.11754593203535306
0.1100492449133641
0.11610840854632888
0.10093290518288743
0.07666326447593624
0.07455314102051162
0.059484894617032734
0.114522791454558
0.13953886371291357
0.08273979633023111
0.11011633275724902
0.07888630859909919
0.14014520480060164
0.0805566882476392
0.1484795037055574
0.162228691769848
0.11175560384872386
0.1283966769992581
0.09059898542756177
0.23055699641228106
0.11687238869301116
0.11274009481755355
0.08110935272226225
0.054876516976173365
0.06583386381881345
0.09381246199747954
0.13059780201236085
0.0715854784707383
0.05205510095252261
0.13766221093888245
0.18206474393564928
0.1287142547311389
0.10270000860367662
0.1329062807919606
0.2837630341449351
0.12225853968456789
0.1314994959422076
0.10156740067126126
0.17341174155932312
0.17320689496758737
0.10420347482220199
0.10544412038918624
0.10761563559495513
0.13057180990381506
0.11745207290663301
0.1093110476647869
0.03233346906152741
0.07085159198252435
0.06650077705576236
0.08740130028136472
0.07923564410416774
0.1769550249641575
0.26058700818459374
0.18486199772759954
0.17471653330494386
0.10286936264332656
0.07872751973315902
0.15024152551310965
0.0629913072887722
0.06480657402591171
0.11382123666129723
0.06223106737321811
0.1630126497742255
0.29563144683274606
0.12023307788736087
0.10811842779036128
0.1437618916477998
0.16896798851357506
0.09775042587279693
0.15008332102854025
0.08123960518807721
0.08322815125887274
0.10311230316738187
0.03745345216627984
0.12298480850788793
0.09679769267715564
0.06748532860312056
0.14361400839256616
0.17586406162740562
0.14531334861295084
0.12367504267890317
0.09642767762186588
0.06628517239910062
0.20736529418283708
0.12991179155626414
0.09728475393049923
0.15441334109051524
0.14258534410100362
0.15453179219606147
0.06759448400725017
0.08245243295868768
0.06549272136307543
0.16651964389154394
0.10577665981860873
0.05724226529061764
0.07218541845642215
0.05878018512378551
0.08641152681682927
0.041394287646907515
0.08596367033557774
0.055075505152154654
0.09187523783300888
0.05275134107926735
0.24372863404791423
0.10876086350950065
0.09386799417807502
0.03785197303110751
0.127371293071359
0.09139887123518824
0.08484103785972576
0.062393848068799926
0.04742966167038837
0.07217901098069297
0.08406688660211159
0.09402097999113049
0.027135910455187873
0.04159598395103407
0.11464621886519977
0.09559776728167764
0.10515321245184647
0.1041787363119517
0.07821939536215028
0.06983216979190676
0.1537220241736452
0.09773804483199951
0.16519771043752374
0.08209384369109161
0.11591437049720574
0.1256550739003319
0.06899998185137131
0.06380133371374674
0.11067583956033002
0.16365983385387137
0.14401470072075948
0.134953460207956
0.09169053946885762
0.09133535568881218
0.146339148227055
0.08516157832447735
0.07378298119673095
0.11090134368342185
0.09437266154139988
0.10178213090523854
0.12962811332529967
0.06601173064737098
0.09015090989813504
0.13930185312569587
0.13813794874602664
0.12656190257385194
0.14317505853565932
0.12713937156176086
0.07199487181729389
0.03929974910405424
0.10797137489214378
0.11753111198665113
0.20589991622132592
0.23820321893391272
0.1856793300567428
0.08519579292314691
0.05028444012879574
0.1506106693104397
0.06273706852348324
0.10858101124306532
0.12183951256293021
0.07668167140103863
0.0636541065166814
0.17282790895261593
0.11025951662500245
0.057886839284337216
0.21779218498938652
0.05204646291777286
0.14760478410361347
0.11883525680694727
0.1379469139090387
0.06440583962594403
0.16300335393507262
0.21450897895851373
0.0866034474837938
0.15263740798552825
0.22143354356951472
0.15233904628066522
0.19574175410092243
0.11448677234289521
0.21668740903242178
0.08017464433318569
0.04616525682765921
0.026654942345347443
0.09838110437157756
0.11137203000968203
0.03982726251484689
0.10730409840131022
0.0781575487346102
0.11142869196532129
0.11854789377096181
0.06759448400725017
0.09662527532191072
0.12341952344798664
0.13497831858618187
0.06781279481550927
0.12403231590271487
0.1017105541605794
0.11638504532639131
0.08872136732011839
0.07266178505424281
0.11065471202509208
0.13663593984010844
0.16479648183736922
0.16828444012344101
0.16726179272225733
0.13669453775720897
0.06321191057005632
0.11188743512139203
0.07008170813383846
0.053666731997995876
0.06906808196299963
0.07340195164790589
0.05253103823736637
0.04950383622467855
0.09712964250239714
0.13516385579385995
0.07563761667022126
0.2443888354154173
0.07523536229632162
0.11269432784187977
0.23559277083117042
0.05852295839735197
0.10974525834189178
0.038353327984690926
0.12098481099662396
0.1723925895114393
0.25317991013985275
0.1436057987432363
0.08879473383376865
0.07072456088977214
0.047005429126246855
0.09956510656099381
0.0687555789521135
0.12109537873213094
0.05934269603708677
0.05553981089611098
0.0752271586367129
0.08274271682591826
0.13518431259527017
0.15227966320221084
0.14454616406859705
0.15013605585673043
0.1368469398792413
0.07609162455855147
0.045769545936423184
0.1035938561393968
0.08158571932008289
0.14264771025375986
0.13168503314988678
0.14119381504341483
0.15408865097707697
0.2165429447626997
0.1845631373382874
0.11118396393133909
0.11378810133275898
0.1664268752877038
0.04643669525007272
0.06809817578026355
0.14123660108577424
0.09524209142159698
0.08354430757894445
0.046784331152934316
0.07872833522846857
0.08859395790633638
0.1975974012276664
0.18436095935199415
0.13958301531165163
0.15382749383002556
0.09244391372586239
0.07288852110753541
0.17125084268734792
0.16837501596832904
0.07457634639832106
0.1904781994220259
0.18515198177484335
0.11731321415663178
0.10223570285972028
0.05607157254719782
0.1134133519123425
0.16801316261311638
0.0837494838184298
0.07390033820857649
0.09847371027582101
0.07597871445563342
0.07544280187710731
0.04074265343357531
0.044900700318646986
0.14261344615088256
0.07106016808836467
0.05350570954163562
0.10396924740510939
0.09423078434370362
0.06223907948748115
0.034319401902158694
0.12789180105343428
0.04707281436308749
0.09068085198065892
0.0992495512048319
0.16465201229493745
0.09859461878005439
0.08042024399247726
0.08839727965398703
0.06093600435534495
0.05506890138337933
0.06071769354708585
0.07616318323142315
0.0821256014642796
0.0995407119195688
0.06627847264344612
0.05786133961589276
0.11523897866613145
0.16374164152973164
0.12148306598754752
0.08463446554613505
0.03675527265199541
0.06796163462241238
0.07193462838239428
0.05204646291777286
0.08676600467123972
0.09322870991847625
0.16817424576072199
0.13187670500990423
0.16220590381301617
0.09841733910974573
0.12938697398933918
0.05071987507789762
0.10267823853832406
0.11150786181483895
0.05430166224556077
0.055362932517460946
0.07561525796073082
0.06234050876812874
0.05403192504414829
0.09042070754050371
0.13747969709114669
0.09451709132234003
0.056379983194698745
0.04654530095229473
0.14258424664427977
0.32758875271584365
0.1505974707627445
0.08725914433978683
0.1055614916741446
0.14252643305916088
0.11477690744226658
0.16495454257809997
0.13624084697670513
0.18113069899623319
0.11338517603961397
0.12871643782702888
0.13615840181695596
0.14227654582662239
0.2155942353225331
0.12027449487765249
0.056296899679837344
0.04731496628888441
0.08650672308014722
0.0918329633976238
0.06414052205796898
0.11335057850374924
0.0949557418322491
0.15413503527899702
0.16248420962453436
0.08532170790131069
0.11378810133275898
0.11946756944709026
0.1013072964698577
0.12764811422894545
0.041564953750399175
0.09572928942165261
0.16838429181053002
0.20460212460803415
0.1531177431427856
0.181915917169489
0.06716956429235088
0.10181542084086642
0.10926190072211456
0.12944515570967202
0.11350238679738316
0.09424364727532675
0.10659112581135569
0.15571520800586927
0.32031134642563375
0.1414654037519517
0.25001582044845705
0.13760629160711776
0.08319196790206813
0.10800690284449152
0.05861307272515539
0.21346719159539387
0.025724036326301575
0.10484533964377464
0.1408476405919387
0.1602611428691961
0.16234505671877525
0.1720680771990179
0.1470522083733457
0.11057828725682894
0.11738772755078367
0.056515210488096455
0.08589209359091861
0.07185154476830426
0.08406688660211159
0.03597951763612388
0.08447501351665129
0.12356778031394758
0.1621131352091771
0.17676714409264435
0.08801001559995704
0.1614637549823017
0.2055793729889179
0.12067129926526467
0.04330264498595158
0.1422785664564309
0.10365975344350584
0.12332778022452988
0.1774511141846911
0.10203301401013655
0.14796592312368306
0.07658833795546516
0.1597865294154868
0.10849471253058975
0.07594292608330386
0.09822566566555443
0.09805641425814006
0.039703141712307446
0.11534074377394636
0.07877020749733825
0.030409596622165903
0.07548822686797861
0.07288852110753541
0.12082154498455872
0.0789761960672407
0.15517838242092635
0.1698154634185073
0.0957558454417135
0.10281999370279547
0.14401470072075948
0.06819483872996289
0.16063368960861932
0.11451853011608361
0.04921389820689299
0.1732866454321088
0.11896054962342224
0.11047870538131908
0.08808905467997497
0.0828858703152364
0.07118307256347377
0.08812782059681985
0.09390868899273766
0.059585903807730566
0.09537453435823144
0.16879247468560635
0.07687269335826549
0.04969486631673342
0.1318550389276719
0.08965219370984581
0.13871358543145423
0.06301292239407504
0.10993337127013617
0.04286822217706348
0.1210966317044612
0.040173501750889275
0.09733662704207195
0.09574968616195022
0.13716866947740342
0.09641151069746248
0.09021694151310815
0.051882495461491256
0.055716689274761116
0.08091750983711124
0.0663102304166341
0.08234904473029327
0.11799821042417599
0.08463446554613505
0.13632531780249654
0.07631223175730452
0.05887839029313044
0.06748532860312056
0.15646654015614092
0.13383458585674257
0.1359523889264945
0.13848165882675545
0.07364627602307207
0.03942386990659368
0.17949326611204924
0.1874721164394595
0.14001096884426367
0.1662729132828486
0.22338897600605684
0.19854662813508608
0.16465201229493745
0.1547844155058725
0.1176227541883991
0.07297936278612316
0.07282933769063307
0.04043235142722676
0.11498668445881212
0.06726701779486134
0.12392684624633454
0.11223170415253471
0.0769818487623951
0.09942009833148827
0.05197558606339581
0.13473748602527016
0.13813794874602664
0.16508173053203395
0.14368928687320387
0.07977552624836444
0.08666696303016984
0.07174080963178948
0.02845469398216951
0.12585783524924835
0.10954816490484133
0.11687814897176158
0.12171625429279728
0.06551132949250674
0.05372680751494816
0.13399919843061114
0.10009732354260466
0.07892052139789592
0.06948600773543845
0.07358089350955359
0.08844473054005564
0.054141080448277895
0.05814876698119906
0.08288587031523652
0.08139517268095464
0.1114055832852623
0.10464520069160249
0.06655048996707577
0.14157455915608086
0.327055712835452
0.11687933607296254
0.1421203619718604
0.05978489198371185
0.1629944369456496
0.2785732375231693
0.18674319952851076
0.08202734809895373
0.10054510991334466
0.1414515381707759
0.08328760654683533
0.11837903577854338
0.2344590461324274
0.07400736399986371
0.10740331624541694
0.10246292294050677
0.10487326122069805
0.1250984622772955
0.1031459994233893
0.0866987208033578
0.12793897869842266
0.14454616406859705
0.18011024435400053
0.05086641832439004
0.13915290575894945
0.14987036986993052
0.08987449812216217
0.1255290954804239
0.15983926424367698
0.15337185337409326
0.12974264984942085
0.13140672733836858
0.14505648808387933
0.13265425757055171
0.03044062682280079
0.09187572364273075
0.094839186673306
0.04249585976944516
0.04105295543992397
0.11124193068799991
0.08998554572412092
0.12720740700724514
0.04217004266277905
0.06887706000577287
0.06741277206299467
0.06973430078277634
0.13275187209403844
0.06723120583908743
0.13592844642607052
0.14629608825457602
0.0792741122491165
0.08982791444036926
0.08056947057806556
0.054535577615772074
0.1684877760668257
0.1157570832704173
0.0753722991022462
0.11990342046229527
0.031914561352956755
0.10517091475301787
0.08106066332642939
0.1338187110381901
0.12686106575024267
0.06252650685278745
0.09318707534113108
0.042651010772619485
0.1443479475739508
0.05389945850275731
0.3142072612037088
0.10616623576762829
0.19131409318338186
0.12239049688030593
0.09068085198065892
0.11455552011274917
0.06867303051087614
0.19670671766918654
0.16847665711548127
0.046669421754834274
0.11667009379433077
0.10816697547847501
0.14570854401304048
0.08676223634973396
0.08532268687934771
0.11677940251349223
0.1645715032109176
0.10535909366389117
0.15066229627590363
0.04451282281071122
0.1011379402033066
0.11018047754498432
0.08069313250280116
0.09218173878744085
0.06926999503882
0.07733017771288515
0.03168183484819532
0.11410052072261347
0.07161377853903739
0.10194666684714568
0.0958719176492923
0.11232518404455083
0.10486416706691856
0.06938054402547628
0.07210004909722062
0.17993123378404
0.08942556483316856
0.05067565548323511
0.06526222390142868
0.06715786239073174
0.10530328990078752
0.1014343275626099
0.11966516714713563
0.15999746872824638
0.1080574421499294
0.039625566210720234
0.14638885685841507
0.12110941231220601
0.09136711346200015
0.16529692828163023
0.057483446676084
0.08249219821961142
0.03909805279992758
0.08382094435900721
0.03691042365516974
0.10668255742822792
0.07046392409470772
0.05551770109877973
0.09098602018374363
0.19206024426772428
0.15542475279302104
0.10990788819232133
0.091211098340683
0.04763135797451502
0.046328089547850726
0.06246017746079368
0.1868922311051111
0.17101904781994265
0.05881206090113667
0.10272127216721687
0.13327514868113585
0.08319916735751032
0.05298406758402889
0.045785061036740626
0.16822410192587597
0.09187523783300888
0.06732433287366967
0.35574915096926574
0.14876495032379164
0.08034489587983842
0.11112289608325103
0.08517790074269943
0.23896574124195855
0.17295283278208337
0.19754466639947735
0.04742966167038837
0.08835012500913608
0.09852538902324949
0.07321598731992411
0.10346215574346102
0.0759175835721316
0.07801865167841772
0.08703732150546424
0.1329374093017165
0.07442593622271935
0.06175266394619356
0.06920452621816157
0.09760027032896848
0.08099330986415763
0.07021421370636027
0.16936485989000105
0.12536255086821202
0.11798012739358067
0.0946104465293242
0.15431946148501746
0.1316359698644385
0.2937840363997035
0.22868070393656917
0.14558998539301435
0.16020840804100703
0.1202974797872786
0.07902851258982493
0.061863212932849826
0.11990228438718897
0.08526962100989587
0.07726709585949719
0.10636614845908836
0.08018837729980903
0.1164920334129266
0.09860125232235879
0.11633292221501243
0.12025796024726954
0.10220486862050274
0.02769445406661542
0.10670879133667058
0.03816151019374506
0.07458042987154398
0.025056887012652036
0.07776015721402174
0.1513072122625964
0.10634465247325545
0.08408355925076047
0.16421625498344095
0.0519801335257791
0.0749408516580765
0.06492010740580262
0.12967494251903733
0.10603092584404343
0.09151086804665781
0.12392308728916888
0.07215366068323407
0.08187153927877529
0.10468726148373877
0.04772444857641958
0.11340700805450245
0.06867303051087614
0.03866362999103947
0.1532815986874602
0.21358500606275052
0.060276164733221706
0.0543048135544722
0.08970935582034237
0.16970067711519402
0.11541750076279655
0.043643977192935016
0.2329419642404821
0.19898750000050777
0.035576125027870664
0.11190330541903061
0.09318606255657676
0.07905651447597466
0.08612708088597304
0.06535679822259345
0.04996814196863488
0.09986540203300641
0.08133165713457859
0.0620179815141686
0.12118269896224661
0.09777134198217055
0.03151116874470354
0.12367504267890317
0.06376960856159068
0.03144910834343388
0.08324377120545476
0.03641394044501197
0.08789145697993025
0.14857872154966495
0.15999746872824638
0.050532681733874735
0.1745522813086673
0.1370694516332969
0.12273247315988979
0.053543605595040754
0.07453385245690125
0.058480007762429134
0.1620227394261114
0.08106066332642939
0.12059928951159733
0.049393287238022276
0.06427318084195652
0.0737890531916045
0.1411637969120102
0.14601310283341723
0.10155936418711008
0.09097398110062921
0.027880635270424524
0.09309329395273751
0.07827817095608194
0.06246753986088096
0.06667373764995062
0.13900419959337526
0.0922245733380773
0.12168066368759178
0.15846815871073924
0.10335681928773872
0.0643198218833623
0.07044605049758447
0.08641395447630797
0.06914313534068946
0.10108599426928887
0.11246342629485462
0.032271408660257746
0.09639926593119165
0.10883681318467976
0.12427034974354216
0.10646564078414204
0.03723624076183584
0.05290874501369176
0.08352294348455357
0.035141702218982565
0.1075651961516683
0.2344590461324274
0.1105964262546067
0.038249949383070074
0.10856017640461701
0.053373050757648095
0.1505051996540594
0.09565441284238597
0.10339260766006829
0.07915763863794968
0.05754770270591551
0.06109075156654086
0.10547790256528408
0.1473165428968087
0.14114743074149474
0.2341953719914777
0.07805646969699827
0.12218659691606676
0.11480114725113402
0.17307570611934922
0.06089038185027454
0.21257423099843425
0.22250549630856045
0.08899461542078754
0.14812807307200468
0.12893358841655309
0.10467482553248485
0.07814907006940341
0.060824052458280896
0.07497432275028364
0.17111960823880343
0.1630126497742255
0.192631444333004
0.15246520040988998
0.15288265912716623
0.14912553067167483
0.12424943378817499
0.0675126174541529
0.06846315626642807
0.06749687021353017
0.0640611864698935
0.08421613975909684
0.09255476270098766
0.1332495646351918
0.21974060610343366
0.13400672037231448
0.3312274558609486
0.06517968253253792
0.10800690284449152
0.07093255395716692
0.046609357563335944
0.0802096736768832
0.15894277216444855
0.10740478892196198
0.13254357698995725
0.1358286590108006
0.23693758305735424
0.15472398590925399
0.07212443327862816
0.05553981089611098
0.12271394519796622
0.11154316609024936
0.08098928957633102
0.057545085016734186
0.06023183063063165
0.11648174898117274
0.12962220769084717
0.06792129740161351
0.13177780175372583
0.07513889136291017
0.043985309399918564
0.07574228905348293
0.09977263342916703
0.09465382327771611
0.10696220022671281
0.11412518382382002
0.12079772519981034
0.07077346125734528
0.072829672409152
0.13037496248956384
0.06800381677273613
0.05577841151022177
0.02668597254598233
0.06762177285828251
0.1714484346162408
0.14386061130212818
0.10612092884975152
0.10375407926064513
0.07723130748716764
0.12050641638725063
0.05771591993352201
0.08456814934940174
0.13004762651417198
0.12371590693357498
0.092522302119613
0.07425721567683852
0.15931049416130533
0.0717090518586015
0.08628242593015074
0.1183896892863924
0.07961673738242425
0.09498234016262415
0.043287129885634136
0.09330433762647082
0.0671305735396994
0.07417817659682058
0.0882229422511743
0.06223597948108648
0.09471674451992523
0.12253403747167681
0.09652124017279476
0.1093110476647869
0.10003796907629671
0.08463446554613505
0.08863594496782848
0.14482193242893704
0.1313386353809573
0.040789198734527646
0.1979138563648785
0.10496389826380152
0.11128496431689316
0.05350570954163562
0.07987041522511715
0.09372974713108993
0.22280464910245357
0.17439673836189445
0.09569713875791805
0.175685622946579
0.20251625756971997
0.22506378035103522
0.07205582950255811
0.07768757193548395
0.0705746702338715
0.07093757431608576
0.04375528891855242
0.04039459972420181
0.09559639279672905
0.0548101875841796
0.10938767312754878
0.1012150951559674
0.061454492524960526
0.12999135148817723
0.08943514245154396
0.10232377003474787
0.2122418576995026
0.05728648488528016
0.11464158737053456
0.08235775241577749
0.1335731940289095
0.26014090746092383
0.22280464910245357
0.12672942419445704
0.23375724071519852
0.14781572341637303
0.15934385763523265
0.11162393329586427
0.11684903565597914
0.10384014651843086
0.08856320826147142
0.09522697184104136
0.09541250904871997
0.09194032851461248
0.10504508812743045
0.1423776062930006
0.1257245519937076
0.13065009731867197
0.12020317151674298
0.08991676415175179
0.143049187120201
0.10219674711633095
0.09626605758028162
0.08822485538774312
0.1432966428075162
0.18388634589828487
0.10075434643852627
0.18613532448598696
0.18811703242615227
0.14355941444131626
0.15424937245554465
0.0994018300785751
0.09276445548227412
0.08528316733933876
0.08701399762132914
0.09986276009331375
0.06221858035386765
0.10298792126335345
0.07491658695059383
0.07059752979701993
0.0367863028526303
0.10302250756946674
0.07329397815310833
0.11895381542697342
0.09073860824746802
0.07386739261129181
0.14365352793257524
0.07704435775419276
0.06602441045794172
0.07756116903804045
0.05690938796433913
0.2321591713017867
0.2628598389786561
0.09609902166701866
0.06215064029815613
0.10253368672415906
0.060472093887794176
0.07010942139358727
0.05182152811052403
0.06221347767537653
0.028594329885026394
0.11800166408359009
0.23182215884574653
0.06584297645247554
0.2788517508616574
0.12788855262825014
0.1680254189945617
0.1442824899276473
0.08060122835125352
0.06060853814295624
0.0455904020970466
0.1906422610032298
0.08740618985677118
0.1695094642089093
0.16286609110101827
0.1595799025561858
0.1183612206718372
0.16008799146603195
0.06655048996707566
0.12620509770362162
0.06056207346959836
0.058497818212375485
0.097183878302435
0.0971902883540405
0.03093711003295856
0.11600713910104478
0.1268004047682617
0.04035477592563955
0.07193341132140141
0.06794340719894476
0.14652800976417416
0.15477983680632823
0.244968857099246
0.07266178505424281
0.060732867843245324
0.1444406944122178
0.044264581205632335
0.14114743074149474
0.05247206927355368
0.045505789231026855
0.11646408440640943
0.09007831432796028
0.09071488970611355
0.09923554822689659
0.12456800327586276
0.068686038048546
0.0957558454417135
0.12853090061934971
0.10494230809796026
0.09022248664279406
0.15016620705537004
0.15878456767987806
0.03805854107865971
0.06183238439712002
0.04528086493440905
0.0863691332948133
0.13503826821062134
0.1364741445686568
0.06124413860757472
0.1336337822785371
0.16117938775120563
0.13173699854507095
0.08653993193741763
0.12662060618871282
0.10895537180470634
0.05539636759576815
0.03937754904696403
0.06109075156654086
0.03473830961072935
0.13257535806948326
0.10678179710421375
0.13974729470331393
0.13072963908283625
0.10067269136302248
0.11378069260890135
0.08993801366853821
0.035607155228505445
0.09828833576773831
0.03205419725581364
0.09273747026407728
0.06672124077421343
0.07978434796733141
0.03044062682280079
0.06270977967245088
0.07747304808097821
0.151599545187971
0.1706499040226126
0.10324945417075003
0.06995539875608889
0.064156088777168
0.11585841753327544
0.09581918282110236
0.05455041321376387
0.08476149663888725
0.08946164707071756
0.08746678197341878
0.11891703756829186
0.12630445412720737
0.1516302829753354
0.16534653720368292
0.04063404773135331
0.11591115236146561
0.09088354520166457
0.08722916576579329
0.05465956861789336
0.0730716294765697
0.08240041953054843
0.11011032126057375
0.11633303098698475
0.1398022859858249
0.11508090050609517
0.11405754261427443
0.0858234364968921
0.09323244685849638
0.08760935634614607
0.06586562159200153
0.13051869977007668
0.058723621711811655
0.1268146814483226
0.12695383435408172
0.09251524316097869
0.10964968641896514
0.09304976805682855
0.14754846440640684
0.13769063640390625
0.07574228905348293
0.05593778724807366
0.08431688781425457
0.0987988500224035
0.16796042778492623
0.09306013696724968
0.08580905601232952
0.12088146355999715
0.09884748437421546
0.12867005352510882
0.0503775307307004
0.081293487225514
0.03509515691803023
0.08576390384793577
0.0595637940103993
0.06380887509800018
0.11445501456970787
0.1933691092638482
0.198200122102664
0.10184199205290978
0.12321936593063922
0.04893462640117922
0.08920725402490946
0.1332321150522426
0.05821509637319282
0.19826758270570372
0.07640817492358798
0.10484533964377464
0.2213219533958931
0.13528004740569663
0.059271384442368735
0.034598673707872465
0.0326903163688284
0.14962050891278375
0.12347422215511177
0.08280409039413238
0.10975486413787713
0.044636943613250664
0.10670879133667058
0.11092554971120225
0.1053693504412312
0.0648176150767961
0.06313445309782986
0.09465382327771611
0.05801610819721153
0.14009559587854786
0.06422896124729399
0.14140850454188264
0.11455552011274917
0.13599877322841347
0.054323772042892016
0.12417039470815683
0.11844006140685763
0.09937007230538702
0.0828858703152364
0.10397590976357743
0.11763637984722869
0.14976691205940038
0.07930140110014895
0.04083574403547997
0.1402219081570232
0.10346215574346102
0.11600713910104478
0.049548055819341054
0.09896979949635416
0.08483125671116071
0.0765465667282579
0.07857500745188707
0.06208644658262443
0.1151258373645712
0.056788098998420466
0.05790694189074876
0.07656799115637211
0.1594875369503527
0.051869584539122826
0.24310755795557615
0.08047419725850141
0.09385890752128336
0.13088871650968067
0.12045723370224803
0.18446642900837448
0.10445131601547396
0.08465841398137307
0.10435655006514487
0.0888644436637214
0.09091484379943891
0.09726788112550595
0.06761229911734394
0.06920452621816157
0.11317844398817735
0.06401964452200594
0.056487921637064106
0.040059989019608326
0.05301929400034803
0.04322465378260232
0.08048804936915668
0.030611292926292565
0.11429895641082757
0.06835579114943938
0.0277254842672503
0.07628217119767973
0.10380806769617662
0.10589536128256083
0.07816180516773598
0.14411391856486705
0.15602005985766113
0.07512909133160241
0.127417677373278
0.06367433524202656
0.08655310738206684
0.028594329885026394
0.045723060881034124
0.0897930261748395
0.09417506384135506
0.027275546358044758
0.11322408098586603
0.08836149128165748
0.040292715524369874
0.08041647262449755
0.07704435775419276
0.06109973746153936
0.10385735114355064
0.10849471253058975
0.13417885488788525
0.11702759374327637
0.10320507177122124
0.08972511624157821
0.12444703148821926
0.1228179768601746
0.1669584660493175
0.16864598055139507
0.12069267518736825
0.11568800622831964
0.0894448864621186
0.06710319811790517
0.07877020749733825
0.07935597880221364
0.12739571183290072
0.058635182522486645
0.1040863735076946
0.08642891917586186
0.0595637940103993
0.07333037490324676
0.0673899947050276
0.11474543670930736
0.10149784310898595
0.06524601192453168
0.06414052205796898
0.13246988841310403
0.034784854911681574
0.04674011155827181
0.04722652709955939
0.0779335754034579
0.041658044352303844
0.11486786562115171
0.05127740654911138
0.06716769029271126
0.10776978560443785
0.104055314662895
0.06336471209722841
0.11967652195099723
0.11446945285496268
0.07747304808097821
0.10873921572763516
0.11223170415253471
0.07075999072700831
0.07902072610364509
0.09607200176178522
0.03992035311675144
0.11020910136108805
0.08389998343902513
0.17196827472736123
0.13870654606105579
0.2174919604244304
0.16503396680405444
0.1268182038887571
0.20548557796332656
0.09761222014288805
0.05877120000243086
0.05638187455354636
0.17085312755160073
0.04074265343357531
0.09272751580808877
0.25558516641865453
0.19651395246155628
0.15471313358064168
0.3399699428313361
0.1519517436206293
0.23087315273235257
0.15506272131738957
0.11752901473024076
0.13910652145703045
0.042014891659604724
0.07917355691985334
0.19402049415049716
0.09595652041764406
0.10572162694299574
0.10715717088193723
0.15051346950974334
0.06674947814305707
0.05164976895672981
0.0736798977874749
0.14239980689332557
0.15512709926070153
0.2028708840466599
0.12061602256818789
0.16797581007250897
0.07122390119455908
0.10524598105568583
0.09745396249499023
0.0795923535780483
0.061451291118863494
0.12590744417130212
0.035219277720569674
0.04238725406722305
0.05856885313049288
0.06677158794038832
0.13521209947897947
0.0516927061604728
0.06904079311196717
0.15741701449002113
0.13420834949267
0.23653534035018378
0.058701511914480406
0.12036726348149154
0.2054801551448114
0.1840978644035838
0.1431002543724493
0.15909815558439916
0.09480339830097644
0.07258834374617894
0.10418441554957353
0.07849333910054608
0.08288276924761609
0.08803740504349569
0.0827925147012285
0.0787010463774361
0.07381634204263685
0.27389085865632595
0.19128448042868795
0.16266711721494784
0.060226494228502625
0.1286729807834286
0.15647027465437846
0.155566568447628
0.08604174730515121
0.08893436551458545
0.06500204315917228
0.1400805917973431
0.09457464855399259
0.08488852773163935
0.09777918536707465
0.0730716294765697
0.06731792835188245
0.08743099360108923
0.11879019721622354
0.07665438255000627
0.13473783229679037
0.053395160554979344
0.10030059254274401
0.07381634204263685
0.1362140612145882
0.04637463484880306
0.1270484493785274
0.06824745458110476
0.10647161811546814
0.058497818212375485
0.07135971635353297
0.04915007946737848
0.09101777795693171
0.12444908205042116
0.08568247206134047
0.08624997731421415
0.07585871464353379
0.12686106575024267
0.08671522615449827
0.10440714404995521
0.09692472376990774
0.14451078994129304
0.1377143676199897
0.12225853968456789
0.13663593984010844
0.03287649757263751
0.11944438585019132
0.08188379589000905
0.12583033088267334
0.14198234817604827
0.31640896913957905
0.16954247263062458
0.10338311666344309
0.03349710158533483
0.12553911314553284
0.10512039697799287
0.04689488013959058
0.10448565095182341
0.08457094999975899
0.06620778810844123
0.12272727581110784
0.061553675770212264
0.10745497134542965
0.04180962675340207
0.12078472219876883
0.03793442027612027
0.15115838549643612
0.09025559140041867
0.11191024027450057
0.05240021967507292
0.10346215574346102
0.14278558066645447
0.14665555719619486
0.07294309880960011
0.10581583073971099
0.03920665850214968
0.10974525834189178
0.11507192365946266
0.05902578478307706
0.12690406165942045
0.09637808668347661
0.062438067663462424
0.043364705387221245
0.07355929572108337
0.0890162320676826
0.15016620705537004
0.1377639765420424
0.10673027871711456
0.12040809364217583
0.11405091180056076
0.05766235143991147
0.11642459781832101
0.10986485456342918
0.06696684043350498
0.07553553965767798
0.11816845233098539
0.11466199434537493
0.057750790629236486
0.08153908688480556
0.12442695535075306
0.1355421759665678
0.13974729470331393
0.13558124327630952
0.05589356765341116
0.1131083422815474
0.0592321470504305
0.13835928360668248
0.05792766900788651
0.08293081828745787
0.13446809126506554
0.03501758141644312
0.12376864176176515
0.12337738914658258
0.10984664711962402
0.11895381542697342
0.17932171122136706
0.12436343980437736
0.22700239240974793
0.07628217119767973
0.1517536925610762
0.13194254013120457
0.05978489198371185
0.13312294650939568
0.08072042135383362
0.1329519111028712
0.2535490539371828
0.16766270074305392
0.17687261374902466
0.10578606534899906
0.07441529383687437
0.036600121648821086
0.06212853050082487
0.1514911300695763
0.17074061536623156
0.13155380352542137
0.17531793053639863
0.0911447624482097
0.08107662681370983
0.1370190743948132
0.1533001455481261
0.12931943375198426
0.05042407603165262
0.06263705583944372
0.11287652632739849
0.11073375110511025
0.124263544842742
0.12440145970004383
0.09648011494527517
0.154042266675158
0.10410198051040552
0.13771499239944057
0.13020073548845784
0.09986587760264552
0.07516616509704467
0.10547542441635886
0.12099616088802444
0.11498804029484266
0.12274769126783458
0.17798004514101265
0.06917723736712923
0.1184715803419973
0.10338311666344309
0.07745720880563725
0.061154315163604166
0.05350570954163562
0.08009310398024491
0.12403162333314387
0.13677179810097634
0.12264584234460381
0.14589983975878623
0.07163323396004505
0.1640148915878823
0.0853659274959732
0.06429529063928777
0.10041915116277102
0.143188340025959
0.1098380269457308
0.0917255982806352
0.08571422983452853
0.14258650035233245
0.06418597001321451
0.11817034493974786
0.09486995591368366
0.05760860056311035
0.1422783884488941
0.16985373324005199
0.181355074145169
0.0827925147012285
0.08397902251904306
0.053240548364208704
0.13030776045731604
0.04389221879801401
0.03841538838596059
0.04269755607357171
0.12197565760330721
0.1517181007024277
0.079426190743296
0.1290953480093954
0.1078303658289324
0.05253103823736637
0.10107139388291726
0.0675684469581893
0.10909001959522928
0.04972493419799109
0.04268204097325426
0.0684131495382221
0.0678028457564722
0.08706520134157407
0.039886074385582865
0.08314911217885482
0.14670829202438504
0.13032263823404625
0.07370718663850734
0.06262965157671148
0.06156364792909013
0.12577256523298266
0.061111479823587084
0.10725603158432132
0.20810989768719093
0.06217275009548738
0.11902250722467111
0.08202209666975928
0.12303035416710613
0.04877421291274717
0.16167734375041196
0.17181007024279074
0.0868575096692981
0.11683630244406928
0.156569704895901
0.1432277933638495
0.035219277720569674
0.06789456973539566
0.06703162137324604
0.03265928616819351
0.09811667387568272
0.09986540203300641
0.05967285582033312
0.026344640338998786
0.059162229038239124
0.07898493773131553
0.07444022035277319
0.043721552694522235
0.1232894745024294
0.12593076971755204
0.09721296766893299
0.11309237673039196
0.059851221375705616
0.09018669827046448
0.252547092201574
0.0419683463586525
0.07943784535531091
0.1512962220769086
0.06429529063928777
0.10206843788387494
0.0545669798135358
0.05703369865771202
0.06463380042716621
0.09629091770547542
0.0717090518586015
0.036320849843107315
0.0850331726550094
0.0641015110751032
0.1351255947235279
0.1543205724866751
0.11573761515037344
0.12942967763708665
0.07840994200127865
0.13157339633387452
0.12250300588520667
0.03942386990659368
0.07205838736366994
0.04430803385183377
0.12018172627381345
0.036026062937076095
0.1362306947380116
0.05332883116298559
0.1565563419121639
0.04474554931547266
0.11921023969410526
0.08133121333844259
0.1410129305798724
0.09528161096160595
0.10298792126335345
0.03549854952628344
0.07836423821386755
0.028346088279947515
0.036662182050090864
0.037096604858978956
0.08775308895205519
0.057529692655923954
0.07220629983172543
0.15949268440139294
0.12718575586367986
0.05932596214443353
0.03771720887167617
0.19340498238656692
0.1578258339645026
0.1938038242039469
0.08972574219452503
0.05595989704540491
0.08908055379246105
0.08323712352586117
0.040792576076164384
0.026856638649474105
0.07409913751680265
0.0451954872246782
0.15552397063712756
0.0381394003964138
0.05789442052180274
0.07876054465956568
0.08392373311279333
0.1000101535469678
0.03379188849136604
0.10035059601205651
0.12064889843365113
0.14997665433400834
0.08409458340193834
0.09287091902105937
0.07473111497963984
0.16144084270766723
0.14597139814113885
0.0634837886028983
0.1371119964744852
0.13521209947897947
0.04445076240944155
0.13827260818116177
0.0656660980738255
0.10655126513867992
0.10207897184314739
0.12858448313181586
0.08777289835990337
0.07018670305591546
0.0919695403632375
0.03020790031803935
0.04795615041149077
0.10180233506308464
0.08970935582034237
0.1382252197205569
0.09126034944035098
0.12345223279262524
0.04574517067836538
0.0865406277035078
0.10298812218267228
0.030083779515499804
0.12741218603042948
0.08213431449631588
0.07561525796073082
0.05556192069344224
0.1340497540012066
0.05737492407460517
0.057579475678360054
0.07196508235631872
0.06574323996938226
0.06131804826979857
0.1136222484853166
0.15552353481873582
0.11276023796666866
0.029339054700263153
0.11886297723973198
0.09967061693779512
0.09401605410972634
0.13424174307625789
0.07783970981677
0.07271595361648903
0.05602401116951333
0.0994658887168872
0.09420734297923632
0.08775075410804316
0.08786045406904379
0.09768633758675421
0.07062354647184635
0.12778875178863522
0.04913632270530588
0.05815254155004033
0.10232377003474787
0.06488431903347305
0.089251746323757
0.05163050615329717
0.09755723670007567
0.06857052138341665
0.0292459640983586
0.06010922035363033
0.06691362810720695
0.1054696563798595
0.14259497542556968
0.13890498174926877
0.14404872333266486
0.10945558149094857
0.10530328990078752
0.08631067537957171
0.18267344484991652
0.10942829263991655
0.11817067403270895
0.1167774589113198
0.1032645580434162
0.07174238936417467
0.13389448062188455
0.1093110476647869
0.03186801605200453
0.0597046135935212
0.0955467838746757
0.08215119755643781
0.05695483792531135
0.05363836832562314
0.08485676995845137
0.10659429876757275
0.06312347138073131
0.12570900848308802
0.08692995638847555
0.16864598055139507
0.1129921594762668
0.06796163462241238
0.07161253303142844
0.1338937287742319
0.053925795690929444
0.16574340858011002
0.18177695277068812
0.1313629509897874
0.06416263185530023
0.14388410455475453
0.12132258219717307
0.05045510623228751
0.12059928951159733
0.02802027117328141
0.07263781680617189
0.18558359198052005
0.10135131096647011
0.13766860809752157
0.10963571773781557
0.05821509637319282
0.03552957972691833
0.08729866387979579
0.09808749830224227
0.12079772519981034
0.12367864943803185
0.2561361591702026
0.10570982407488233
0.044792094616424985
0.11014095800497524
0.08469798109251109
0.12901708224802558
0.05786133961589276
0.09698095118199128
0.10364312626637512
0.12085075334740453
0.16415592307440385
0.10784939774659455
0.08880040640013631
0.06122898670654727
0.08287247539879207
0.042651010772619485
0.09705806575773801
0.06334456935404384
0.0785196888910314
0.0404478665275441
0.09727405927497629
0.07974376847517635
0.10895537180470634
0.09911500634247522
0.10281999370279547
0.1545130465964944
0.09694319101206846
0.12624717868669194
0.09623007992182106
0.12651085282764168
0.08269724138166436
0.11765140169173338
0.10480582010376567
0.10854613327552337
0.16078251637477853
0.05898841140687485
0.12658108664870374
0.1173096723618906
0.05843619434650536
0.09949515086412347
0.1151994591261224
0.05656059404790493
0.04291511661996477
0.10641113780435064
0.08632155405887317
0.03394703949454037
0.09603248222177625
0.11634552578638223
0.10195269561939063
0.03554509482723578
0.1423279973709479
0.2605406238826737
0.17502027700407913
0.24664079144430187
0.1486898940664177
0.12762133572717377
0.1882274971899397
0.13699788927751547
0.05842986779544731
0.12006036254722526
0.15603993836544933
0.11745207290663301
0.04168907455293873
0.06313068878932517
0.07121421109614852
0.08643238340329483
0.051803255147129065
0.07787549818909957
0.08662683169964341
0.12885559073278796
0.14084906736627595
0.16726179272225733
0.13102123109848074
0.10836719141387566
0.20309892688625217
0.11292126557206307
0.10631191996024403
0.11121775265256176
0.12429599004366461
0.08876088686012734
0.11895381542697342
0.07780437680868424
0.07630091059015887
0.0865121993699985
0.08793097651993911
0.07879457450279606
0.12202839243149737
0.07848390051870184
0.11410052072261347
0.09759489134268126
0.04764687307483236
0.07946261160852829
0.09695070064074943
0.05675584974933005
0.08125217425842467
0.06134533712083092
0.02755481816375853
0.11817874997363284
0.047823491627503247
0.03554509482723578
0.08725914433978683
0.03425734150088892
0.09287091902105937
0.06129075941876612
0.09113205926066506
0.12729347426503054
0.12208640516899599
0.07226087753379022
0.15378765836526218
0.12508701246651377
0.0979294201422064
0.10461475183850194
0.07444398561638203
0.06102304063426218
0.1368214070230301
0.10375407926064513
0.11554329608184852
0.09066844245186328
0.3294872065306808
0.2612483388529118
0.06010549862972994
0.19427510705170137
0.08777848509175132
0.09704083315336154
0.13007459362377946
0.04234070876627082
0.06109973746153936
0.051804919959904036
0.1759628465230914
0.15045088881411614
0.14671354697185335
0.10042217275671564
0.10651035564845725
0.07218514698870113
0.1097411774632437
0.0750170514880624
0.05890050009046169
0.10659112581135569
0.08520796262639697
0.15264665315803577
0.10496729604256846
0.057772900426567735
0.07294309880960011
0.03739139176501017
0.1010037653005399
0.07488482917740576
0.05498706596282964
0.1544907277253078
0.22309132247373625
0.08524961883672248
0.1846559059421264
0.06576613098807942
0.05602622643739868
0.10974576260488561
0.13835928360668248
0.12982654901351265
0.06659605037532648
0.05244917168426922
0.0678028457564722
0.09100983083404414
0.09876217830907527
0.08803740504349569
0.053594148730960633
0.14573947663154072
0.15688611386504087
0.26568928139575493
0.12468101753625704
0.16822410192587597
0.15445972539243422
0.08298539598952268
0.12235249586774494
0.12152258552755658
0.10859969594462598
0.10040711287362623
0.08622030652865333
0.04983548318464736
0.06999590289810118
0.14451078994129304
0.07336030754510209
0.11527849820614053
0.13994676911238862
0.14937246430251697
0.08984274034897408
0.08041068171212527
0.07108745693939714
0.061269693428188575
0.11286029767128061
0.04826568757412833
0.160443300340069
0.29204547851583124
0.1773022874185308
0.08406688660211159
0.0638601529065484
0.1918278472034987
0.12668175724710376
0.03672424245136052
0.09661049686443314
0.07509368241801154
0.08520610546351981
0.07576398422165616
0.053821883001170204
0.07002172814808263
0.10464520069160249
0.06511119856330189
0.11854789377096181
0.2555529774083992
0.12895225904924157
0.0408810152654894
0.07528472371707146
0.09172689687657079
0.11519191700778605
0.08610682382489589
0.09634863854184796
0.11707131858164375
0.12843749919602057
0.1662877223819447
0.11886297723973198
0.21399793279473542
0.11054880846757859
0.04505976696109651
0.043313092971927335
0.11524081790981748
0.1838336110700947
0.15620056109857203
0.15469164690203233
0.06980243632812469
0.06950764942209349
0.06663892915640078
0.09254873084421475
0.11967652195099723
0.1126618619830676
0.0739745656051787
0.025243068216461145
0.09415773405718307
0.06734129617527028
0.0933639913043301
0.13162613116206467
0.11419973856671997
0.05963012340239307
0.030719898628514562
0.045071366422138756
0.0575518024532552
0.07018692485532793
0.15116700037508504
0.23551374269622632
0.14634632005726603
0.04063404773135331
0.19712278777395711
0.11097086834516359
0.13442170696314545
0.10389687068355961
0.06568426443498228
0.050648107516130934
0.12092387510452794
0.09398544550196967
0.03998241351802122
0.07485307140421778
0.12407191405532918
0.03829416897773258
0.10099992701150314
0.07444022035277319
0.07934282145461105
0.11448731200033774
0.08438894625886567
0.09908874216887802
0.07879457450279606
0.06904139891080588
0.05992691800583742
0.038249949383070074
0.050675396367163277
0.08931416042025285
0.07637744451724385
0.08721962479977786
0.0464987556513425
0.06752332104965095
0.06500816171592437
0.03816151019374506
0.06710417893521649
0.0691073469683599
0.03542097402469633
0.0675671951562177
0.1122963949474724
0.07026574213593338
0.12851477629885918
0.060854137802247805
0.12804016284514988
0.08955127766030663
0.10172077410979238
0.09866686354335856
0.07816180516773598
0.08392373311279333
0.1266163224840209
0.03408667539739726
0.07998754897813792
0.15539443393205718
0.12185156114292048
0.1366886746682975
0.07062354647184635
0.11452284143961584
0.07071782372318965
0.06396015520071895
0.05367063668779296
0.1003545632742164
0.0736919545050709
0.12574784250417095
0.0761868978781156
0.07567877350710688
0.124454194528234
0.07462056599298356
0.1364949091622091
0.07157865625798025
0.04378361309579191
0.08274271682591826
0.04552407270505284
0.07148674744628518
0.09327257985328273
0.06332499973695811
0.16881916174741476
0.09272767270586257
0.10506044384800721
0.10148885260019413
0.1189963379957519
0.06524601192453168
0.07187883361933661
0.05149371798449151
0.104055314662895
0.06887706000577287
0.08403109822978203
0.11866454155151789
0.02941663020185026
0.09861412871516861
0.1314151918493051
0.039687626611990004
0.06713898649023474
0.08514053777199809
0.09090246571705556
0.1382179846858057
0.03188353115232186
0.06761793295533303
0.07905651447597466
0.0928182931617437
0.07340195164790589
0.07873441912500868
0.10447638984427161
0.15443257435195495
0.12354954748705005
0.060293417322330685
0.08765145399899911
0.12058022815774665
0.05073437803800128
0.06907100686283872
0.1551362321586999
0.13715838077640524
0.039330779304689124
0.08124749134968808
0.09607200176178522
0.06342027305652224
0.05400463619311583
0.09222106671736313
0.07902072610364509
0.1365090005495298
0.13015435118653776
0.14438531081241818
0.041937316158017615
0.03248862006470174
0.11622756133060551
0.09437274816200528
0.04010653432056066
0.12737954152281594
0.09949515086412347
0.13258805673006538
0.11153329943640719
0.08680583513405833
0.09920536809751099
0.13711055329381772
0.12181745311873779
0.07050309348921237
0.02681009334852177
0.12064889843365113
0.10447638984427161
0.09519038711096928
0.05397001528559195
0.11507945306265115
0.05452312436273141
0.13945067989185506
0.16594254849762907
0.16960109646973456
0.0997868385226276
0.042052834524045866
0.10821186744573581
0.10246377117303346
0.06713898649023474
0.11429895641082757
0.06993328895875763
0.0500517136240343
0.1585789224701278
0.10921935013003599
0.07265039582898536
0.02865639028629617
0.10346573290864221
0.057672116109486395
0.06799790742614385
0.030363051321213575
0.07402736930132858
0.1172595152528756
0.2839118609110954
0.1103385557050206
0.11266746936282963
0.22939650262619457
0.11817874997363284
0.09172485236079943
0.05154863960020002
0.0986130258811758
0.09265509312970659
0.09311594669406352
0.050402507856839265
0.14364967198936862
0.09997346999595988
0.06975030323880961
0.11419815132617867
0.051537937579154015
0.035389943824061444
0.08471107730404354
0.07809236426939818
0.08919560180022595
0.08610682382489589
0.06975198811581697
0.036119153538980764
0.12366317210538481
0.054522760218873305
0.0628189350765805
0.10927152812477782
0.1473683646934172
0.1353957773034581
0.16536003634355215
0.045435633515727825
0.07827817095608194
0.0779944092957286
0.15066073475384398
0.07351616468128049
0.11136870890907985
0.1564115004113316
0.11408215019492784
0.11047906941272244
0.06351554637608638
0.08952170270492442
0.13331364566414228
0.038089571279294604
0.0377637541726285
0.08899354455039993
0.05577841151022177
0.09787840321118126
0.12161963963332234
0.12044634758580008
0.04789511467991135
0.09493946974040637
0.1879185967379393
0.10832305916456322
0.14122386989263197
0.07872833522846857
0.14355941444131626
0.06265916563677497
0.047757162235509486
0.20220596628929258
0.06281393421809375
0.1472888895762783
0.114942822772784
0.09036564013211232
0.06665956592170265
0.10931929883772457
0.198546628135085
0.07539440889957746
0.054478540624210786
0.09140869604072771
0.09323244685849638
0.09355080526944223
0.0609087155043126
0.11378069260890135
0.029835537910420918
0.10259217128053834
0.04234070876627082
0.09371718867791541
0.13117480582877045
0.09209987223434359
0.09907548680246625
0.11509269916367955
0.08272899915485245
0.036119153538980764
0.09298675989459035
0.09527331956412946
0.04603330264181951
0.075774046826671
0.07694454439744794
0.06979975332900767
0.03287649757263751
0.0980736402467898
0.06674852962524577
0.10596465750587086
0.07575895819717902
0.05903315887444922
0.06265916563677497
0.057839229818561495
0.18886116625695265
0.09336967412988734
0.10853081206775073
0.12888392009618815
0.05343157032143545
0.04068202708950812
0.06777108798328411
0.03099917043422833
0.04527220386274843
0.05440106547111792
0.09923554822689659
0.10138845880961356
0.19273066217711046
0.1313433264494467
0.15630603075495125
0.08061986161828123
0.057225607354949554
0.09365705486531523
0.08268821060180988
0.06409697484222296
0.0907276945548354
0.05301929400034803
0.03534339852310912
0.1470904538880653
0.1420109753463826
0.03725175586215329
0.07912809122063377
0.12113190035226894
0.059802370162677095
0.12144090073560389
0.031092261036132884
0.09771763663593985
0.02552234002217492
0.09850865905878883
0.09024151978829234
0.11915141312701878
0.09416179750254798
0.09551916574756739
0.08626005811341042
0.13929985672613332
0.133199955713138
0.0853249520113063
0.047264289988113474
0.07398296156184174
0.0543048135544722
0.10172329598306672
0.12514179282038795
0.07478955585784162
0.08876297606058069
0.12546096387282235
0.08047482169454206
0.11580349535064126
0.21731795050927874
0.2260122493112508
0.12331831781540659
0.11337756354001281
0.04937117744069103
0.20260283766571968
0.04347331108944335
0.05414689366424198
0.12255977508681731
0.0718242559172718
0.12699933497898455
0.1212511780319484
0.07993431511430472
0.10780018762184337
0.06024449573771789
0.07031860171018943
0.038647925735032646
0.09397459568921086
0.03447455290533302
0.10953023815048413
0.08081745931832605
0.09318606255657676
0.15570698763530755
0.11679326881517715
0.08959371322827844
0.07034478121595131
0.0680336957984734
0.04872999331808466
0.06891436781805368
0.13099331322378596
0.08009310398024491
0.10983451467938715
0.034614188808189915
0.10164425690304878
0.08331533078319107
0.07111474579042946
0.06991403634500402
0.1084928821900613
0.1281983673297193
0.07863014145449689
0.04450702202781505
0.09689680671014882
0.0906578247805575
0.06153635907805779
0.08033761092483378
0.05012291054995366
0.03382291869200082
0.08002958843386875
0.06589737936518962
0.05697912095564722
0.11539035269600015
0.05747032027423045
0.10923503102077545
0.03888084139548358
0.10538513396144471
0.11831727909714568
0.06234050876812874
0.08404835507840575
0.08506127787035667
0.05967285582033312
0.05374891731227941
0.12281941485434655
0.05664530076267379
0.0966381801598486
0.07602387084630635
0.03140256304248154
0.1059150485838176
0.1098380269457308
0.12085215221263687
0.15122017192945178
0.11095407851161201
0.07793253289767192
0.07228816638482258
0.05687817177978529
0.06481274228881403
0.08912185964098131
0.04203072472671461
0.09501825259539794
0.0999844362226724
0.08352294348455357
0.0489510912913972
0.0858573428532721
0.06449064693784806
0.11559474339232573
0.11949737520836518
0.12673403708942382
0.10380678932724237
0.06935843422814501
0.05776243293989279
0.10437717200016501
0.21466654928414056
0.0968686986377902
0.11405091180056076
0.032814437171367845
0.03016135501708702
0.07535188419136861
0.08159748891137275
0.0932969074396842
0.03561888350065086
0.04534719432640281
0.12015280921311755
0.09492593510152537
0.03846193368691292
0.11127281216557554
0.11744505246055369
0.07172796511626493
0.06835579114943938
0.09787840321118126
0.1354230387917401
0.13225894910034336
0.039253203803101905
0.1165637507240801
0.09734206855561152
0.07405912707451667
0.09856664157925618
0.11311620646739892
0.11948596174501794
0.10028286075028327
0.06691226273144017
0.06839157952176894
0.11778304227971195
0.09208052822088009
0.09589404632904887
0.13429135199831058
0.0845180471455442
0.0839595214851229
0.0609087155043126
0.09600802605993328
0.06472915464884828
0.0982449849178391
0.08001919127198961
0.08938084721043553
0.10956361916117867
0.12434872487185478
0.08116142409190247
0.049637399492911446
0.04958384232586733
0.08310959263884585
0.10368264709141865
0.08619211675954482
0.09019848615939953
0.0974012276668003
0.07168844557625596
0.10752631467926674
0.0729420009733693
0.04794651126392346
0.1027400775724057
0.09149492690952811
0.09564443055831821
0.08589512327011514
0.08653294662373444
0.09816750529995406
0.10517418901410899
0.051537937579154015
0.10340330950026853
0.1097787873056427
0.12208755717319703
0.09576968435387424
0.057883449413224014
0.07090400845066233
0.2073533444428042
0.10431351643625207
0.0643198218833623
0.12556018171692884
0.13774337123209643
0.03706557465834407
0.08987449812216217
0.11081159439907184
0.11454700102109326
0.058862051676882764
0.09810279856005968
0.08152591216671362
0.03729830116310551
0.06344657865032557
0.07437670480639715
0.12027449487765249
0.10929768909444423
0.14396608095850852
0.06694538588039504
0.20046965401742722
0.0674580397520881
0.07461875630711053
0.03893535310033895
0.08785622376442294
0.07186305163773526
0.12993861665998707
0.09611152130179419
0.1213827873485863
0.09337159976425538
0.0469833193289156
0.1707244128387138
0.11074313919885244
0.0511620710245227
0.09049577304523704
0.12603623937393238
0.14391334613031834
0.12878476165039388
0.1385682850349558
0.07354345353231294
0.12018172627381345
0.10334422467698012
0.04318043418793981
0.06606533532034825
0.06138777557248745
0.09662527532191072
0.03698799915675696
0.06901350426093482
0.07573918685140409
0.05662410959428097
0.09002635164382808
0.06142720367392818
0.05842543006036434
0.05713223396528971
0.04733707608621566
0.11566801936910319
0.20093679591592378
0.09865941018309543
0.07638469128479676
0.082648464140815
0.05868836485150375
0.05239459398220441
0.034303886801841245
0.06068910456235046
0.11280662226858873
0.10816819207662379
0.10019617356086655
0.026499791342173114
0.10125180991080636
0.08975303104555737
0.12858448313181586
0.09510164584790742
0.14158063905745455
0.04320254398527107
0.06453813269162152
0.04614544709578517
0.045148206150421415
0.17055507815855242
0.09854701016461113
0.07948970628967204
0.06860592145555701
0.06939365394699631
0.03725500850316365
0.027539303063441087
0.08906912481279136
0.1031865578708855
0.06996237433325911
0.06680310732731057
0.049592275414003566
0.06731792835188245
0.07426126737335963
0.02873396578788328
0.04906535415625175
0.0439542770945337
0.07361668188188317
0.03402461499612748
0.07845030547165328
0.0511935303791256
0.0511620710245227
0.0927686038393
0.08951175812029766
0.1036330381693653
0.03224037845962286
0.1491545577425946
0.13592423810762855
0.10293838462674286
0.05983815853500665
0.07741539990389583
0.023101984372655645
0.06825133542404942
0.0636264594144279
0.07889969756532457
0.11874381291430347
0.084353193580748
0.09212774484780724
0.03214764531964388
0.08933279895374098
0.02747724266217131
0.09117157880067403
0.08318400464986607
0.06248039275416795
0.1016727487501846
0.029090813095184267
0.05269477134356078
0.04399849668919621
0.051603217302264824
0.047537178498437485
0.10220009703208384
0.04242870107867718
0.08235081060849518
0.0946703602180056
0.1673577827642678
0.13508509475116365
0.047558174059528203
0.06208644658262443
0.05932596214443353
0.10740331624541694
0.09101612510836353
0.06661605752612142
0.06044656086460893
0.10578606534899906
0.08617840056955502
0.035405458924378894
0.06437300625216354
0.06643234675506411
0.031064265250412434
0.05452809656387012
0.050590132688552746
0.07326922717661441
0.04794651126392346
0.03588420106862591
0.09713426938038164
0.04539141392106532
0.09970779944260967
0.10022532169143195
0.10561739505149767
0.062398761894622755
0.08347923302465884
0.08896365515641147
0.10378214187778179
0.08690346847970616
0.09850397653571821
0.11223233562546653
0.09990448362960944
0.1386426784378342
0.10660957349256396
0.04917450956038136
0.07061818501315581
0.06449588929462499
0.0836406425818812
0.09307697175522604
0.040173501750889275
0.05834356350726718
0.03270583146914574
0.07792562722501195
0.028439178881852063
0.08989277712028167
0.1378077610032796
0.07323127349827716
0.1378441555512579
0.10890980447030053
0.16584262642421652
0.12630445412720737
0.09444807728816419
0.133001520024925
0.18702415116829715
0.13806163007436298
0.12951673803446792
0.03261274086724118
0.027089365154235545
0.08300461957094944
0.027585848364393418
0.05872603645331672
0.09202455040889074
0.22807813192144594
0.07797205243768089
0.06908874171352282
0.11432798347695536
0.23063187862583998
0.06646205077775065
0.14140850454188264
0.047989315107487655
0.15699926592253535
0.06309991299099431
0.19597514597800794
0.07138497656050276
0.17065469186338772
0.14013628887177756
0.11994910933123899
0.16549536396984324
0.08796903173087957
0.027616878565028195
0.0628189350765805
0.09196286494400606
0.12081549138312905
0.06126347056773377
0.05535379866675922
0.05214626357476689
0.08261044171889664
0.07346682487665923
0.13488665906295064
0.07765589611760917
0.06839157952176894
0.045599670075137246
0.11303854377818688
0.1148833028060509
0.13519634637065653
0.08945285368420101
0.12414986361120743
0.14493726211109595
0.047026269062135154
0.12660493620274518
0.11484465455341386
0.08903657817929274
0.09656746323554033
0.11241381737280082
0.0893993540792145
0.11548957054010665
0.11911488732966072
0.05352781933896687
0.06386357665448168
0.0863691332948133
0.09576644799291241
0.09398544550196967
0.03296958817454217
0.11939165102200117
0.03383843379231827
0.10314932393950264
0.08449277653915947
0.0260963987339199
0.09406736429305011
0.07961221345176007
0.11063766954247213
0.05618774427570774
0.048309907168790835
0.04908375007538473
0.09716993404004007
0.11427637268757816
0.07059752979701993
0.04954212617334732
0.06357906192246242
0.030068264415182466
0.10899080175112277
0.05926000476888852
0.10061805218638602
0.06255807483205235
0.09157807011041093
0.04513575960758648
0.09443843870840736
0.11778304227971195
0.15443805101345384
0.0745100170063273
0.11454700102109326
0.024901736009477708
0.04689488013959058
0.0880062277225725
0.0355967737033196
0.04677919990598756
0.05550776548313111
0.02811336177518607
0.07409913751680265
0.09235114512202314
0.06457492837464293
0.08404835507840575
0.07879457450279606
0.06336471209722841
0.1216410768747172
0.11583177176626647
0.12332778022452988
0.08488327251295948
0.08236636570090207
0.08595776994958554
0.09395929836896975
0.12977694009145996
0.06336667915137509
0.13456427995910533
0.049764430585663655
0.08682442939968824
0.0570211673173051
0.058170876778530306
0.22510891273846262
0.08795196687741909
0.14589983975878623
0.048354126763453346
0.3037058208103654
0.080166523340169
0.14100618697842474
0.183939080726475
0.09924304121263493
0.18379662900133328
0.2344590461324274
0.14955960796518725
0.1752862769543575
0.08638297817321088
0.03715866526024862
0.07637238655125841
0.049813373387316104
0.09226410034625596
0.07471687412670604
0.14390445501766788
0.06683905216749532
0.062438067663462424
0.09725758796205403
0.12872151031982176
0.133318182310028
0.11871415047357167
0.11035826182845031
0.1337456538557243
0.0854919254222122
0.09331438238227674
0.12626493032863223
0.025444764520587807
0.03196110665390909
0.070629287570208
0.06429253303232997
0.03706557465834407
0.060983386449552174
0.06799790742614385
0.046519013584959266
0.08877837640593568
0.11042673022971256
0.05340428147040311
0.07516616509704457
0.04441858283849003
0.03827205918040133
0.07897393488776014
0.11821806125303809
0.09656746323554033
0.12059928951159733
0.11543657636617681
0.1901617904528871
0.1245418506542602
0.11301967981671718
0.21004282068049057
0.18321258748154484
0.1453684022161835
0.12198833932909052
0.08132077607654634
0.05381524670427318
0.10482852233840896
0.08271063473204475
0.09272221953738026
0.045767280475696635
0.0683427279006689
0.12258364639372951
0.0715820207658493
0.1289398211280812
0.1374663230097229
0.10564727511682986
0.05138407701825386
0.08619635867236503
0.06914994851609678
0.20835747262390317
0.1643464762481233
0.2639194653236113
0.21833090913579287
0.1484993474272894
0.10511665417679754
0.2509123125276855
0.13255694528689246
0.02975796240883381
0.023536407181543744
0.08577382623017354
0.06169915389614324
0.06549463431054575
0.034889260188719476
0.09476312882184486
0.024731069905985937
0.056020711903708116
0.1364252753202429
0.045505789231026855
0.14758654310859778
0.17703081823359407
0.19923218090155495
0.05819714129068588
0.09368262559422266
0.17591323760103872
0.15288192012723936
0.2983736578986226
0.22363702061632254
0.3059044711600915
0.1488102887114519
0.07121565720397047
0.23771776600406647
0.12269067424166141
0.040075504119925776
0.06246017746079368
0.12883437057244657
0.09002635164382808
0.09480951312376448
0.09395929836896975
0.12481604788612846
0.192433008644791
0.09438410191486432
0.08724245675057676
0.13231141995000295
0.07714108288874652
0.06929210483615127
0.09054440772549686
0.07008170813383846
0.11388756605329187
0.17060585421868657
0.17075390970749424
0.10495292107060313
0.17816210367337526
0.05730859468261141
0.12148048672756326
0.07161377853903739
0.041394287646907515
0.06405208286864397
0.11148462236528044
0.12282563148323311
0.13964182504693362
0.10385735114355064
0.13363005463328217
0.08145427666651585
0.07358276047669603
0.09269443663518434
0.07243948064192646
0.05131683960584148
0.08907961180818555
0.060253783079535085
0.09798757298900419
0.030487172123753122
0.09372724372861262
0.0785196888910314
0.10918923743933578
0.15119075242052823
0.09773182244216158
0.13051869977007668
0.12361043727719576
0.054359391256537
0.111672266976928
0.10443047045762521
0.11373788116378518
0.11019239840268279
0.1015256982830219
0.06805690794197651
0.1043995836940378
0.09236978898256704
0.09494866602952348
0.13347185014871168
0.03374534319041371
0.08839107374590008
0.08646470754819142
0.14346664583747723
0.07821939536215028
0.12175879253908145
0.09812701784225122
0.13597805534812324
0.10101194426290536
0.1028073394250026
0.1427248687473739
0.05821509637319282
0.09916963750421166
0.11796781066087329
0.1464973527116244
0.15034695215643679
0.12153755592990528
0.1577620037157739
0.08285603024760466
0.0740619417019284
0.0640469333730384
0.0773744609764859
0.06732159549692615
0.11142869196532129
0.07579977259398571
0.09927308450251106
0.0940169856813192
0.09069734432056648
0.04344228088880847
0.10595014881137105
0.1686057580021599
0.10575428906398081
0.16047208218195674
0.06489225516723161
0.044000824500236006
0.10214001462853407
0.13758516674752702
0.14680631557569238
0.09509423832172514
0.092043086290012
0.1485539508936861
0.08442477032540713
0.10304385428312275
0.11648174898117274
0.05425744265089825
0.05421322305623574
0.1320480097875838
0.06683039617834292
0.06568426443498228
0.05967434299705558
0.12291840008707215
0.0575960220479177
0.14286364991252185
0.03345055628438249
0.10484533964377464
0.11792630738674077
0.12373567976805815
0.05264342744571671
0.14680631557569238
0.26198662644757087
0.11460666602598847
0.1218282033956398
0.061664224756868544
0.06772230922563223
0.09829030801699364
0.1363698476437707
0.09432058636848815
0.11150013246135719
0.07818763758896231
0.06726701779486134
0.07021421370636027
0.09267332132101455
0.08431688781425457
0.15393296348640478
0.12039361275760992
0.09316413742460708
0.1352753854506747
0.1804058472377493
0.043932167297202444
0.09192245006084424
0.11916011840428266
0.11559465452621204
0.054380426612597746
0.14728837513447357
0.13126757443260947
0.0860318075664089
0.12250359848404792
0.12002446896027985
0.05903770035657229
0.09951062079439747
0.0691073469683599
0.06488431903347305
0.07519137026438334
0.11844242411458257
0.07177256740497756
0.030347536220896237
0.031076745935815445
0.07994802943812897
0.07203829476661967
0.10250930724242649
0.0853934998340756
0.09599326417315548
0.11821806125303809
0.10450383222497135
0.10930541738782137
0.08689416801614598
0.07688556888825247
0.09123129325282768
0.08854763236461181
0.08854763236461181
0.0372207256615184
0.08339591239180136
0.08330063907223723
0.1295513552615824
0.10884197498496292
0.06993047953193955
0.07621865565130356
0.09415758001754101
0.08245640984728185
0.05096308284854142
0.05421322305623574
0.08877837640593568
0.06028107193056742
0.11408215019492784
0.07625041342449164
0.08826932655309394
0.1065599645705106
0.10742084502288696
0.05553281185093022
0.11380175923386886
0.0455904020970466
0.08413673180241435
0.10478410361339043
0.06517062601210946
0.05108472913264925
0.08564157498461178
0.10603451418831983
0.09902038008243234
0.03607260823802843
0.0972957580104204
0.09146984338554977
0.06758054134415586
0.055478234148865296
0.032348984161844854
0.08030075151404555
0.02724451615740987
0.07402009843678473
0.06443652179853959
0.03738766728715117
0.08094060684978917
0.06888255823561976
0.026236034636776786
0.07844628691778845
0.09770225645966996
0.0700894054260113
0.048840542304740935
0.0861318082290258
0.08917459446917125
0.06481274228881403
0.053572038933629385
0.10074670376947976
0.07863224641359488
0.1020327341049314
0.08636849318793646
0.10249203296213913
0.08015661952662095
0.11119138523846665
0.15535732428257362
0.08469018166111555
0.07616952314033261
0.08604288006095072
0.09153252865507766
0.06777108798328411
0.09330563396115796
0.09395929836896975
0.07393177443790475
0.048641554128759645
0.09822679247061747
0.10506044384800721
0.12010320029106483
0.09460421435566285
0.08261044171889664
0.05715382610129263
0.12967494251903733
0.13041323011369635
0.07307954306476216
0.12217247242678249
0.12904212458075864
0.16276687325691178
0.0695132028094638
0.1419807349165746
0.10067078701457595
0.051749986388528485
0.028563299684391506
0.09470343219976947
0.08312066904001275
0.07281290008669075
0.1490684904848092
0.05618017824941981
0.0582119982536831
0.03937754904696403
0.04512609635309026
0.08195537263466818
0.12102643069588861
0.06413276321455252
0.026236034636776786
0.056867723631654016
0.04458998258693856
0.07104852130208422
0.0532888863986991
0.02470003970535105
0.0923047608201034
0.07172796511626493
0.08615259721953585
0.07766076795512229
0.10649835720751633
0.09781394141917298
0.24133752288793844
0.16374164152973164
0.05253287845906045
0.1712972269892669
0.16053554346555812
0.147605347102452
0.15371757656171972
0.1426317284029237
0.12079772519981034
0.13594323367249192
0.10538513396144471
0.06021273796452982
0.09054275519054221
0.030844019431054005
0.18136262050583132
0.14258650035233245
0.052885793300787534
0.03931121965497027
0.03183698585136965
0.056788098998420466
0.05951406695439294
0.09249029802778201
0.08098928957633102
0.05152135074916767
0.029664871806929144
0.03935543924963277
0.11687862035759873
0.13299723669500238
0.07956917982286728
0.03922217360246702
0.09545003902377285
0.08589512327011514
0.08603524708023687
0.1294881893385653
0.1483430716982725
0.1631799741533288
0.06438372982861278
0.12139303226445043
0.10904721561446518
0.13257535806948326
0.08567995512565099
0.04116844263079571
0.05048437440993653
0.11042673022971256
0.08864927551925714
0.04090312506282066
0.09861412871516861
0.028920146991692493
0.10467863395701053
0.04090312506282066
0.05154863960020002
0.035442005122000825
0.07758423989838946
0.12134342334239663
0.23350981922500885
0.06759929208304942
0.1263043155477281
0.13964182504693362
0.04145634804817718
0.08219298300161977
0.06921471208534859
0.10867841939773992
0.12144830932140774
0.06882248230370808
0.0305182023243879
0.0533530589559125
0.08010610759816482
0.09748153183475482
0.10740331624541694
0.09513363005463328
0.03964286661493907
0.03135601774152921
0.18713746609482804
0.06425385423419516
0.1502213598045268
0.046122210973159994
0.06799443623019369
0.040739986775708344
0.08402833867192891
0.09977644427316021
0.08739661367720082
0.10037071863601782
0.08454023819827503
0.09207712666148676
0.030777499127824164
0.09156261198938903
0.07708815399784949
0.1251680387301756
0.11760014935691784
0.07943469973257708
0.0908060782162972
0.05404471669306966
0.06968834882539741
0.09031615152350031
0.07085097094911294
0.05752638346068013
0.07641490728008385
0.11532321567588869
0.04643553995085474
0.11990081301759616
0.1324567086300716
0.1338918337079633
0.1474975627546952
0.12351453672405546
0.16056500516527714
0.13196331197773828
0.04192179654481262
0.06122898208784493
0.03946598662851617
0.03427595905715896
0.07267839645849043
0.10989067434960184
0.13187043637664458
0.07336012211863506
0.07135252948617983
0.10810376104794651
0.08671081072216247
0.1468592454700778
0.1357538857053634
0.15213248486198006
0.1748367239924814
0.1685381818115472
0.28180844261603455
0.21751099050730305
0.3675399315509225
0.3516230786216586
0.25177477817561333
0.32195343962429074
0.25570723167398346
0.4264134895092294
0.44997772748455184
0.2390878001847877
0.2498962829807411
0.17680505066979227
0.0703470163492665
0.07639169943293794
0.08798151652026062
0.14101336093653433
0.13241017274038971
0.12308538357398285
0.22043115727781148
0.09014428435430923
0.2924445960663147
0.115647505920859
0.19864336061516422
0.3535457568741695
0.18503468288553515
0.16801456089993513
0.26147904170733544
0.39446369960018335
0.3664152189549043
0.3381195300387468
0.10223985656177896
0.2580072689025052
0.20528331990753027
0.33814570424030604
0.3754967646764553
0.26518781277007397
0.1636769934944528
0.16683062666076834
0.14762305217467175
0.033508434881269804
0.0861044919606856
0.08266872856007676
0.12611534161621651
0.16227825004746116
0.16559395236990299
0.16711138737630768
0.2556717216905462
0.19631642071536903
0.3533095900993331
0.36133924875282153
0.3494594212569823
0.11554095206391354
0.28053622675244516
0.41530109096928736
0.17215240947048008
0.18125595966356706
0.17629913795122726
0.19261852292436651
0.15428374758579466
0.14656823664613508
0.13979794234622836
0.07236422971040926
0.0889929216630405
0.046753988473807725
0.08636757017438823
0.11801527200624377
0.05229851460734909
0.13041843398357336
0.06905460849282452
0.18975817915328763
0.2347593409406752
0.06875051252660293
0.19040514376317647
0.09411304701550825
0.17639537539566652
0.256497641652903
0.201940226524849
0.35696395166613454
0.31944293063446466
0.24681550894464957
0.21657271011593132
0.11188743512139203
0.0792741122491165
0.18446365024917313
0.14131167887687393
0.14232443240270626
0.13554087672252868
0.07742102870869767
0.08698436003816196
0.06575312614500929
0.09212004776088906
0.03698799915675696
0.10188949602222724
0.14304378243981067
0.10616623576762829
0.15021377157406277
0.09476259136175634
0.3079713966291899
0.3362372645389924
0.23491487597116284
0.17369456783433487
0.3606320588665398
0.20352762891887155
0.24639341179718066
0.1371052543945034
0.15377475900183538
0.03644497064564675
0.09977727185935904
0.12407977724808535
0.09088815036812369
0.1283928511661726
0.14064129402113523
0.05764024164258022
0.03943473047681587
0.12370008648511815
0.0495878534545374
0.09402523907783936
0.063512614659438
0.05913270183982699
0.1314485990026294
0.21875988778028518
0.14613725504869784
0.20748305956944196
0.3504862151159116
0.3891224628017553
0.3334567465003641
0.20143002799980164
0.1625323967489633
0.5764952418347258
0.305681213982991
0.3041696000404397
0.25359293628350466
0.28282596173996954
0.16360731407717125
0.23520841719303157
0.16487280394901163
0.14726792191079754
0.17755601317137504
0.19682899710222077
0.22120754599136186
0.07161548792105876
0.27596009304784225
0.22277170592921444
0.25818615952633656
0.4066942463097316
0.20347982084874988
0.5349460994244011
0.13464950474964343
0.30006092919268207
0.27965329417441653
0.1389822908995532
0.18751384710847882
0.2984018103245883
0.22248824013331364
0.043814643296426786
0.0628189350765805
0.12359736137802639
0.049031595778163156
0.15314194106355558
0.10336677660060953
0.08118592262958292
0.1240896037105434
0.10423132445119343
0.12121521708018404
0.04902771700308377
0.07003516283288624
0.19140337289289572
0.14755415444959205
0.2991310577970432
0.23802973201519526
0.19443576871078466
0.4894019378403174
0.2335707337565021
0.22386136055917424
0.43376553175752963
0.4049725342878307
0.4620994789798974
0.36816820300799485
0.17952986760932638
0.23162191237580992
0.1750087195287299
0.16416545694095147
0.08894807011983533
0.3102020798616238
0.1417874121941339
0.2610584934714288
0.23351700995895236
0.29891899529099253
0.29461250539799405
0.28111670021423035
0.2876365033187441
0.33333289987742337
0.5362130065180248
0.42928207583616834
0.4665275708273142
0.338682457876799
0.4175483751383027
0.3977127947881845
0.3828907682189607
0.6178543197129532
0.7057278768470906
1.0
0.6675205983373668
0.17841667185532048
0.39872745897791506
0.44857272720077723
0.37013976472680754
0.24255959600891389
0.13137253618547615
0.3887999660514391
0.36503284191329693
0.40458590482716533
0.13590975606175273
0.2790720257975043
0.4961482139022682
0.47533610646484153
0.5738872200012372
0.4858106245856455
0.28296628301024557
0.2683803921334287
0.5339910772703519
0.7696817350054759
0.9996769991773368
0.6483560211163953
0.6182834992025283
0.5049739335699428
0.5313600090707425
0.4084276936930935
0.16736342736852985
0.3679744025143968
0.0889156823479226
0.2699546078591543
0.2689119757225663
0.15436590960570964
0.2445329816398122
0.14618301018611068
0.16624008124963013
0.34300825721420514
0.3726960381835845
0.19016182077027285
0.2683498102661315
0.3061385628355137
0.14288494791360107
0.17106841973524572
0.07022134403669535
0.08628024862025292
0.3046240534098344
0.1590274849444895
0.1224137948353894
0.2453806395549537
0.2530392564652896
0.2754972894298311
0.14475507474390722
0.2399918419942486
0.2195398232393682
0.10827927777398534
0.15301754760286654
0.07430508813665304
0.07298777127149832
0.12426043792772605
0.1295015049286233
0.2046661450876629
0.40662771320691
0.3066795343775426
0.18110134994030494
0.17910483524129273
0.29858954801989684
0.36912127220697255
0.5147024880875052
0.14691248490575923
0.1895495035005769
0.1405171605549144
0.3359986062455605
0.136572218115158
0.1370387348388477
0.1539934421888216
0.13387714321037844
0.13201502339993598
0.06148013651785439
0.16465035652418195
0.136965679742419
0.05072351746777908
0.09704734092651739
0.1942040471620938
0.20917105894557733
0.14333870928423276
0.09036495267256978
0.18115193976986751
0.10799751604424523
0.2395934731357597
0.18499930780393659
0.11683801445045044
0.2495938668167872
0.22959474816108175
0.4321144556711037
0.256072961692392
0.2588593552741733
0.2590334760689348
0.18704051881759604
0.12699884045647472
0.13193492820077932
0.09308997265745153
0.12293094013601882
0.05941593474074654
0.03919356763625675
0.12422461651852461
0.08392792732088386
0.18237576862274102
0.16103763877091362
0.16120687355953753
0.13446241167817508
0.2577284034392385
0.2926026742263499
0.42219503448857787
0.1443369782530666
0.15144289419844997
0.6351910055477035
0.5336927834495125
0.20148658307972128
0.44787689581707324
0.1859462309347602
0.09445305419911879
0.165270716317477
0.12025796024726954
0.1669139104578601
0.13839615051938392
0.16712263981649933
0.04670045195546905
0.06495858455922537
0.06338878894870635
0.0404478665275441
0.06201577053443542
0.18477339107975965
0.1626044696793074
0.15289397456431975
0.20439813088575562
0.3807832030045937
0.18570608904567518
0.30585808685817145
0.08848649588539172
0.24377204185471046
0.24852276562532988
0.06755420132275186
0.20284577145943436
0.06692668824194449
0.13004183301664637
0.0429696460848026
0.24581360802318533
0.29842111924399306
0.18333114610157206
0.052650492927204126
0.047305540867848925
0.12161036277293813
0.1347038651603776
0.058980095360854266
0.06985369368836515
0.1102496870559918
0.05672320676052991
0.1637960115691316
0.223841488538603
0.2527410642285112
0.3026714853162923
0.10585332342570872
0.13216573550703975
0.1906422610032298
0.08358605145013097
0.33171181823181467
0.25941101832894864
0.17379346196519224
0.1133522258957531
0.14714688403690088
0.1568360114939386
0.14223082449225188
0.09085898909099153
0.14138542785193453
0.06789466136860653
0.12947928655914046
0.08141105156754862
0.11043505014625922
0.07134831598795788
0.079263623432547
0.2715337034376306
0.08808841113258105
0.15145639169865338
0.06696317297003476
0.2239994224106495
0.1892763282007368
0.20152432458769312
0.16357137609709124
0.04590918183928007
0.07577027545420877
0.23165002433017573
0.13604601648084944
0.09418561583243902
0.13080650086450268
0.050137046675780186
0.14568149625414117
0.07466478558764608
0.09272751580808877
0.1315458802441277
0.08187153927877529
0.11492282234605997
0.07935597880221364
0.05461315311735918
0.17887841851737002
0.1184063246295754
0.2309258126437028
0.2165292045478513
0.1403375997179627
0.2385196279030526
0.15739726150535846
0.19408166630672263
0.2214675022102194
0.18302632387429374
0.09723313368934378
0.18474336883697592
0.17644588450234816
0.04033150327516343
0.14154027886177187
0.0699549696215526
0.14534173938568593
0.06645928705308426
0.0681410135125928
0.12794964733591985
0.06184110313551857
0.13755264734272252
0.14976331482306973
0.12537080073592916
0.13381943445999714
0.07297672888369428
0.19093147019167708
0.07141443100876164
0.23572266690282936
0.2581422368729829
0.22879043128523993
0.1734206483108897
0.3616244936752301
0.3218420554452412
0.2872455804730775
0.1963672201350044
0.18021950653991203
0.22392790094289838
0.162056039684669
0.1802265488219045
0.15362575178456167
0.07192317071857059
0.16395252649398503
0.09203983676207238
0.13764260589721206
0.13671587268400126
0.05284792257874341
0.21017729449237418
0.15467469648882412
0.18236428691965328
0.1495644161322899
0.19974815823612546
0.17557256631968562
0.21834571338357264
0.16741041490960495
0.12595487019981233
0.24271206658474684
0.21977394257030602
0.22443145493886565
0.21494517840420746
0.06988006590150321
0.1510911460311824
0.14295645892993
0.13001930384571292
0.11645576119800737
0.20176345839800022
0.16666924704536967
0.11421125225329955
0.1439650924740672
0.10271262882941293
0.065445000175762
0.054225275635825666
0.10985013748446294
0.049508685119524734
0.21028012741856242
0.1387735293918295
0.23424151496894838
0.13868217955122653
0.09635449676990061
0.18301498978176295
0.17163336225905096
0.1703292174386895
0.14768452101352134
0.13962253485167705
0.09275480465912689
0.1098218209345403
0.09147507967433022
0.07471687412670669
0.11261900681257173
0.11693831888651722
0.1470408449660115
0.08301481911354494
0.05421322305623574
0.16313358985140872
0.06177477374352481
0.04434215670721944
0.13109280784313898
0.17988195136530305
0.08118433182138439
0.07154730416393916
0.21315417554369606
0.09889479614141075
0.20260232482750645
0.08192113079925918
0.06126624840490586
0.10124378092348164
0.10613447799444022
0.16576553849523196
0.1830425886472466
0.13852525140606256
0.21500506817904733
0.06617462341244446
0.17333938026029896
0.13938592398391983
0.25655493914400795
0.08735580925578605
0.1518529104051827
0.0412081064430983
0.11124193068799991
0.06546595362672306
0.10832305916456322
0.10099478671398845
0.2400079648939156
0.21672515740914483
0.15100416237424208
0.1379227806015626
0.0416425292519864
0.06493647476189413
0.07643607174174706
0.06991403634500391
0.07384672308638968
0.10549869809125105
0.11950345457542971
0.2223173689111614
0.2037789920444549
0.07598252950858887
0.13553871756089933
0.14079508167950025
0.13451599974687237
0.1228068865429694
0.05589577863314423
0.09639606198985863
0.09132834734777714
0.14289556394625275
0.1268425120294753
0.1334456307482603
0.10457517133090734
0.05198954965368154
0.05236346357133158
0.06156391805956857
0.17230840477111536
0.2038083344716151
0.12750428357267446
0.18262427351804636
0.09696001660321371
0.110192380468824
0.15060462843720976
0.18040284504686352
0.1505101170527198
0.14560032372578163
0.08295810713849021
0.1080574421499294
0.11090486588988356
0.09737614658208091
0.06475644349988073
0.14665555719619486
0.1132214776170706
0.05326250177099182
0.19369502394161173
0.17370852405762902
0.3093369095021457
0.10142221077505034
0.1480564963273464
0.11909164945516182
0.20781177448131688
0.13404956062673015
0.14697497431426335
0.17063451533935586
0.16526745167057622
0.10350661196588601
0.10012279443786866
0.12679820316359347
0.10646519788089431
0.07809022842307685
0.13320817600776305
0.09888327274654503
0.1078093051444467
0.08431740520841843
0.04872999331808466
0.12208755717319703
0.11391001567935595
0.1289366549243783
0.08974887536035134
0.15920644630539826
0.13574961993078247
0.1725398309014134
0.15772248417576482
0.20875434400033024
0.14601655910456157
0.1741140625004439
0.15789038440784245
0.10978304770333717
0.21225456558431793
0.19873283154598842
0.10541951367542096
0.11828198324682135
0.06391048911787633
0.0410995007408763
0.11806584031518368
0.16390787846413707
0.1610305609850453
0.15492866357248855
0.09463816410036863
0.040587502430401094
0.1320590938960369
0.05881774530338319
0.12661824170072805
0.19089513206113862
0.30470183728141387
0.27490665935410435
0.11340700805450245
0.17707735434923164
0.24625978999963005
0.13752293940040275
0.41043516780222367
0.4680601795729834
0.14314231552862353
0.2754988901928718
0.11161563168360233
0.29457675026894714
0.1482903368700823
0.06360988692201888
0.09919497350276711
0.059391804015128065
0.06949109301213255
0.05074989313831873
0.14270044508195004
0.10117002242294122
0.07360351531574588
0.09848085465612189
0.08224844607226628
0.07258646463850821
0.0853659274959732
0.20880395292238296
0.2859809732739886
0.2407925572746015
0.3661634536754834
0.32997792385638985
0.18346465570732493
0.24184775020905477
0.1944024384941121
0.22069650853369432
0.058336777193542765
0.15952285527453708
0.03559164012818811
0.05060932609124136
0.14823145909529167
0.1191118935870097
0.08974746702940996
0.10969272004785731
0.12930579872170728
0.08244317919616005
0.14143480920539156
0.09384421977066751
0.09660714603802727
0.163527789792804
0.18772016104972628
0.1375347148624584
0.20900766444994293
0.20941404250748707
0.0851003252411123
0.19010203030362666
0.23396241888271482
0.16760236917800578
0.20061210580248662
0.10061399375645178
0.15634117376769985
0.038818780994213806
0.10796738330448256
0.08620548041134561
0.1732839647322127
0.1371300646259707
0.15009643355013016
0.08996977144172628
0.066284619157695
0.12798742801695973
0.0795532218360481
0.07790966969749663
0.16347796738878193
0.09263380178100558
0.11360443150208098
0.13513689391637904
0.14280255745253922
0.14586662217307675
0.2551894193345611
0.17797056094579383
0.24025675010874387
0.20112197759987727
0.17172873954688156
0.0966590749775988
0.10022754805060805
0.726401360212679
0.578743903661236
0.28617277224015925
0.256482428755247
0.11108653110388753
0.12097029040705344
0.11008782925228232
0.09489426721509436
0.08336415461861328
0.10856017640461701
0.09011512152580546
0.16116094020369848
0.22475097822957046
0.20800926699445416
0.44961806279966454
0.44170031306760715
0.41784664878214745
0.23369848499785914
0.201352887898984
0.4116371685738153
0.26906807117944537
0.13783615122006276
0.29582365724662196
0.3881902227655509
0.15980961511030653
0.20751412094899735
0.05562163463799227
0.0793078430272095
0.16212195727021791
0.07392549744676645
0.1320702070721359
0.08596829202003285
0.09016236381104335
0.11632872318780207
0.1525474353139293
0.21857691056688563
0.23616855536392387
0.28480482150805503
0.36124094335023366
0.43791419442341545
0.492091059065567
0.21475246147847363
0.21013151383624223
0.2220044750031258
0.35362280444886124
0.36593610706964247
0.14559370137877814
0.40500348049866075
0.3732079206070536
0.2425705968269866
0.27592482446051186
0.1582480471368762
0.31104794127425617
0.16341189566292694
0.15269712191948814
0.07149678970488309
0.13005494504558282
0.07718530248340903
0.1498861294337732
0.07060922154463112
0.2979727555318315
0.3181045847758972
0.5768662855696417
0.44578041130108437
0.3940657677206687
0.5455417976248228
0.394674170050271
0.3067955477684858
0.37423930305830794
0.5075494523350919
0.4844725940756291
0.21685289222494275
0.2505934031968243
0.1995917524818973
0.2833661627685091
0.24374037589385486
0.17092957396237327
0.13989716019033485
0.0989190611188746
0.10492129094224822
0.1506634041386288
0.15144474576765732
0.14240193349927763
0.3493155019300952
0.1059371049674229
0.20687013454691347
0.23711282662050737
0.21665390404896215
0.22921226893311417
0.3334151819138403
0.5578639991876309
0.6564958761364359
0.2815682690135244
0.19583159620662152
0.452849939641543
0.4031783471714249
0.18362344457326588
0.22859791282165404
0.12397325024018488
0.08748846803977368
0.13353335045449316
0.12274769126783458
0.06301292239407504
0.15056307843179711
0.07937417241920328
0.13319210075065296
0.20292007110854493
0.1913767122902074
0.3357759615963466
0.5382643913346129
0.5536851790369968
0.13428319324736995
0.4816034152935374
0.6484801822515659
0.4873549673905124
0.5188956104061367
0.32914855287038414
0.610604160360553
0.4467462517897659
0.48474667774992114
0.3069722852634466
0.19396925198709494
0.3637773657824894
0.35512258652052753
0.2938911975024783
0.22314093139579003
0.15100500378498666
0.1400572497917594
0.177087058780156
0.0638601529065484
0.29050984754418574
0.11537028596042088
0.3960912945345623
0.46084966355179574
0.28674093411484125
0.34014468085713034
0.3550704719948503
0.4676633081965563
0.5759170586622231
0.5288832990930437
0.4131368714032537
0.4677927950860758
0.27835688199319786
0.3831283980329837
0.33735302786161453
0.32257894403779985
0.29679161305292423
0.15183391361203394
0.1704562561751747
0.15662933736342882
0.10409292583554572
0.07060922154463112
0.15979508245143786
0.24157824793806795
0.21146725237943187
0.07406908891541837
0.27950341965901715
0.22922760687129545
0.22158438885383155
0.3058273558008555
0.5159823982764813
0.31398910351018233
0.4577943514638087
0.41453671669317105
0.5247799717789985
0.18615017360854444
0.36132715430193457
0.30591900667298844
0.4057513734740256
0.2697603801011701
0.1562164863119839
0.10072314916058138
0.11616905658171754
0.06895892655887002
0.06770363941137966
0.08832570290932801
0.14138542785193453
0.046328089547850726
0.14776298858818288
0.18749752108611847
0.1476270358593914
0.2731344425828759
0.572963908283587
0.3798335175199494
0.7447739785263778
0.6514000405509689
0.4940732891920362
0.408166386418511
0.42158443907127285
0.2044735070834311
0.6096936520351836
0.2043649013812091
0.5278228953530073
0.3364298440962884
0.3713527211687182
0.20569920574664405
0.17342552443815853
0.05777823358211522
0.14346664583747723
0.11810715848633213
0.04800372038213335
0.19877233185604265
0.10675940528424677
0.1875614084485825
0.09766755649823189
0.12432339039364394
0.11481617754120367
0.3442642888476419
0.3267243606431015
0.17697350116962218
0.23068148754789272
0.22578884102712773
0.12117293347914031
0.38981367333273786
0.40152298183812524
0.26108502649287985
0.1218236194097863
0.05762308257894089
0.11053615340506488
0.10666323848418686
0.1585736283671185
0.08849774389806712
0.15962832493091741
0.13646261624760975
0.04811232608435535
0.13534939300153911
0.11896054962342224
0.07711829301755704
0.13420835787043298
0.16450318552877716
0.21674138045091268
0.09693834678331256
0.4067435519150917
0.4803843993308091
0.5152162430968301
0.27588605109939185
0.27902564232043015
0.380934489390578
0.43981595080212066
0.1481536929311547
0.1489979242153229
0.1856040414148332
0.2009657432379597
0.18745448745722523
0.2911547635308786
0.1908593896334875
0.2823950049570738
0.06964586159345132
0.05441145681323263
0.18056910683437052
0.11868539207417311
0.14833463029538527
0.22933550407627376
0.4190256827150184
0.2843498277575881
0.39653516541140743
0.3828717135550479
0.6193673918355799
0.4948867322676971
0.42306488727063096
0.35797798153668686
0.11606846547470533
0.3757875845538258
0.3593351192861816
0.12757353060133741
0.18186630824743522
0.16331257139949806
0.18307883967685842
0.0868575096692981
0.1428286142953466
0.043799128196109344
0.0886120098879643
0.11405091180056076
0.08746090735987096
0.10773638387590775
0.13397124063037963
0.14879106813373943
0.07504654023541657
0.19893177743377483
0.21839566663117982
0.2747342103312328
0.1296297417531449
0.1669289698509705
0.39023113205001514
0.36587191284695314
0.25396691218478074
0.27993375594794523
0.16873485888883855
0.058305746992907866
0.05825931596785532
0.0894298892975296
0.09070020022505124
0.05746336326393019
0.08790551618450353
0.040866774236114865
0.11252831645707052
0.116578100670712
0.10603451418831983
0.1082240379245574
0.12994024754946512
0.15914453988631921
0.1734309048775713
0.20493445700222512
0.22510301721606113
0.2729623080673051
0.2594457801588315
0.3762230728702813
0.14838641943591582
0.2811198082605576
0.1907191117794004
0.29607136678276125
0.12624694276146217
0.11213669712698038
0.14689201819985231
0.047305540867848925
0.10954820770075085
0.12208348265251862
0.13247356628252024
0.11013595741613366
0.11101553096626202
0.04677802745705627
0.11233970074245556
0.15097981310776867
0.2120226440747198
0.2840110806540166
0.38521327974395525
0.1866287992731184
0.37681577225782614
0.5591917693849145
0.24758551051538683
0.4724780914947116
0.740871601240323
0.4427033582413223
0.5310240591004146
0.613874716156409
0.1699524088771453
0.3623431552777399
0.28136717544459694
0.14179286996434032
0.22196089185141415
0.08877083628498642
0.05057922703482696
0.10060862545972082
0.14689201819985231
0.0868331239850908
0.0881517619597113
0.06612535755289345
0.13811990392834575
0.3159234803747359
0.23670349385502165
0.5314653168266144
0.5631518096064702
0.19916734277486922
0.27108822507851066
0.2559209041092698
0.49187538929732705
0.6169365546549678
0.4230566757959318
0.16531339388223362
0.3480334363677649
0.15678008870764606
0.41702702132596475
0.21254714326519436
0.21341417313230973
0.07625669099549635
0.07904252545923446
0.11670120164646279
0.06345511834070011
0.2549201594701205
0.09622048874023573
0.15377113777650495
0.31576560423566097
0.19319414976896612
0.443695023941612
0.37886987811191225
0.3906467010345832
0.1587055126570393
0.45114321288030057
0.5373566206220443
0.5980426440867324
0.6853523741219651
0.6722430492912949
0.5826121414862825
0.3826349615986105
0.33786993052638076
0.18900003557400086
0.11991266920656361
0.270218533128019
0.19932726063931153
0.1334969753732582
0.136708003461646
0.15612589475940328
0.08000209066341094
0.2573828759465905
0.10394257921369311
0.09868689858908705
0.12125206049075957
0.27699548240435673
0.5032676315542178
0.40572735750200245
0.3635633379841932
0.23422013802864305
0.3900216816474298
0.1889894369666346
0.255074098871483
0.3276435899204879
0.36472288124767116
0.6254121789467714
0.6231054295539237
0.5354935873200481
0.13299000963591287
0.20501861448485342
0.14595872557224632
0.16245194907048377
0.09340973708389876
0.1748423228637121
0.1899113000189849
0.14672123222577077
0.13561561581706552
0.1642691429753748
0.14395309030238052
0.3319724488389351
0.23183243394573794
0.4183637304198675
0.5324339570524105
0.24915116053890568
0.3579161565079182
0.5444318942877638
0.3963603002806598
0.27079377121602166
0.4524829780482434
0.35332334887252914
0.1700663453100192
0.24664079144430187
0.11671441586556618
0.21049052069035037
0.20113918144514922
0.16384801287715367
0.13176300095719104
0.11717832633311706
0.14340400792450414
0.08932043252745364
0.3357099162570929
0.09853640211600796
0.25914851319270243
0.24003261321428757
0.2739425515200606
0.42412370337617356
0.5055590722331225
0.2589720561409826
0.25680529600251994
0.18571575079965644
0.37406006758845
0.24150531624929197
0.15699730011209007
0.1772321354073355
0.1969076245571805
0.19372245941985158
0.07214521647605686
0.14116522639059512
0.21165156965936258
0.09168932953271193
0.20081691647180053
0.11459436819921735
0.14868118782477327
0.08664829574118593
0.14487863367285214
0.18230363806133942
0.16926893109226965
0.2658187256710931
0.09777595324908246
0.23256059231759024
0.1638033801523482
0.11114749025495778
0.17099684299058746
0.17482619882984946
0.29801913983375156
0.370409433206067
0.2966117449567426
0.23233896831552675
0.1258288921103873
0.1520477416926127
0.16326296247744426
0.2508723188235909
0.12895225904924157
0.15330011784444353
0.09740109036772839
0.0815117980337732
0.13297391327888533
0.10987030305171683
0.12895225904924157
0.131200172960128
0.22776172295230715
0.2442588775957785
0.23913273659422588
0.20701403241253477
0.5936203612899111
0.438228619175333
0.5536102263378829
0.4053033166321469
0.3694075791856088
0.37019492337685944
0.4900865409646534
0.29478882287849817
0.22937141021201218
0.08570541415349207
0.24232236429559995
0.11214089206412238
0.10304270149833523
0.06263705583944372
0.10503478762370029
0.061664224756868544
0.0966843992077865
0.11559829440447744
0.17647246395700789
0.16838429181053002
0.26132915701530823
0.2681855752601997
0.37631573396333917
0.24536055565082177
0.18594339555584996
0.16428939726128322
0.39513021400563325
0.3474693069475953
0.3917154297114441
0.3996245280232881
0.2795894869168025
0.2767062337809824
0.19390953179115186
0.2737420318901667
0.17992470714632242
0.11905989168197342
0.13152066150568434
0.09666488520055057
0.07904509746503949
0.06497475430813994
0.08079177499038177
0.06644835226388941
0.09111747359717724
0.23806570901398308
0.13832205905370906
0.061548402959251125
0.1729770266192244
0.34145801252979563
0.3823359622648624
0.3503382075404778
0.22198683458442162
0.32363425097611576
0.12408977233881821
0.16509754874600807
0.3107006788198829
0.21412183164769455
0.22552047593333843
0.14515763816865268
0.17547181416203556
0.20708967030185446
0.12400671012188874
0.07831290214730308
0.07316140961785932
0.0918434800598208
0.10439468208529566
0.13436643603046927
0.12665504967427588
0.18219753794038485
0.2603104211728091
0.37130592528529544
0.3804172794127344
0.30658954235736857
0.2264264344693766
0.5327006050084465
0.35578233302564777
0.3837291734311261
0.14501964266703282
0.29060158331594166
0.30767263691713587
0.4106268868955104
0.19874014461077405
0.216792878688801
0.12772870084416169
0.19286592738190464
0.14394083350944814
0.1873253865705466
0.16350466426676596
0.1991794460733648
0.21482821948871478
0.0749844798341469
0.19164673382473704
0.1701549686423025
0.18273835300143704
0.196331765351109
0.20432284995605793
0.13852740664624424
0.2588097463521206
0.3111922815789319
0.10694558648805598
0.4612188073491258
0.26533619498610056
0.331149809165321
0.40639628946071843
0.21917027195125055
0.12237772822849274
0.171546396101841
0.10367034507208042
0.1921657139241035
0.14640040549345315
0.05936480583441803
0.08339472875500864
0.1327982563959574
0.1164920334129266
0.1529443066903553
0.10213299857274677
0.08476896296802934
0.13592576699237532
0.2568762640310214
0.10896254952932194
0.18305361272532686
0.4002965255665796
0.3256410096738421
0.2896352972630437
0.4545214841690044
0.27549868240627395
0.21884281503880537
0.23948215081115332
0.21870274330587636
0.17266087029915292
0.1535870215185573
0.06555554908716923
0.13393172109037058
0.05891083590528774
0.17718585763017866
0.10436377085285352
0.2038648049746019
0.1767431135227506
0.18690715348974485
0.13440142882923742
0.19467336765651347
0.16509168590691956
0.3122989196577304
0.5703902529722668
0.5017247020305547
0.15448385386066593
0.15377015924606435
0.1706195581907955
0.41720778387460544
0.48318158520884374
0.4894583078448332
0.16868117128947296
0.4079632227308201
0.221487940685199
0.1570095398164416
0.07720223029699078
0.1829754702414915
0.10107790422400255
0.11601114545592128
0.14712599864677817
0.1407067798732585
0.1504358872009052
0.10256855771164737
0.1268697799082528
0.07045407054145679
0.11968890062809778
0.07976313073191578
0.17150569789854028
0.2094461101189727
0.5498133187082075
0.34132894871323505
0.4529719777260678
0.7214625534212927
0.81855000316409
0.25010231971192876
0.25900045054894905
0.11085539176804834
0.22518043869752544
0.2277005381235618
0.159654763192448
0.14973392561476823
0.10391604745689559
0.24253801991863405
0.12884268490517314
0.10553990999984128
0.03909805279992758
0.18467736832113404
0.21450897895851373
0.21138361686915522
0.1757148019128257
0.2676819878920835
0.23324226859921052
0.15651525530795032
0.31382823695781903
0.30720738807685233
0.19821433307469594
0.3563806116576535
0.28105629271418187
0.2542844899166615
0.09577471425950515
0.24246622253269773
0.20214278776583453
0.1927763161637143
0.2021891720677546
0.14796592312368306
0.17397848964095924
0.12061363610735011
0.08827943308980792
0.07452585216947928
0.047602393654190715
0.11415012964466727
0.11425428471049866
0.07351054530399082
0.07913096464855948
0.23878330204400233
0.07576023485001843
0.1799972614096981
0.30773865804978223
0.17099717255992167
0.20148658307972128
0.30244233599206805
0.26139990403934205
0.4043783441355081
0.25313115748690335
0.2592776140793811
0.09841070792141325
0.08971570925622198
0.13365508431030707
0.18283164933448595
0.15748536693571147
0.1748224339351612
0.06484803557256912
0.04581609123737552
0.1016883897481142
0.13065159926962625
0.13664000555421985
0.06353433579988241
0.13497053604918302
0.22751879595646252
0.17928775128285576
0.2746412225301968
0.33351184173907067
0.23571254934850325
0.4108505143432278
0.576257238571253
0.29766678706139915
0.5035479816397201
0.4222890003254705
0.36641149828575026
0.23271879680215965
0.07296233119313952
0.16809671015681193
0.08168700317127728
0.20356732613535625
0.1296493312549235
0.09586808122831904
0.1495814589339187
0.16112977882915183
0.1471975753914364
0.12408240564431404
0.10318642414496432
0.16256804094959326
0.2217441389902829
0.33679641623857814
0.3589955014414058
0.18340076886275467
0.39559059548970366
0.14294061922449774
0.21607904931834887
0.267294295862339
0.38140705287727034
0.32574303372919666
0.2597027069490791
0.23328384467289948
0.14807939755732275
0.11602936946631075
0.13059177063052577
0.1728660872625518
0.20121378784822652
0.19084734321935598
0.14170973994413316
0.06975641058010759
0.1286949868970596
0.045878151638645184
0.1132164614153742
0.14308191257353817
0.06055543653893548
0.206373115741771
0.12915813193634063
0.0933917839272186
0.06202937106909155
0.10768180617384296
0.16949930709843583
0.04612639324372406
0.13771499239944057
0.0801200666311209
0.10253368672415906
0.03712763505961384
0.08152591216671362
0.032519650265336625
0.14127660472082215
0.16003838254397923
0.11543657636617681
0.16954247263062458
0.07681811565620068
0.10790194257359154
0.11942804990708118
0.047770993877371805
0.11523855890114929
0.13442170696314545
0.07095101268423507
0.13246949811003816
0.25059590355854666
0.10637023496066488
0.22746861661396364
0.23864723337659874
0.315115872882627
0.2848173248445854
0.10489759324615493
0.15066904750740276
0.12100048684620708
0.07813602376865306
0.0695319924305504
0.12695383435408172
0.06343300854336885
0.14912441969225124
0.1026052634688182
0.07498976263703006
0.07299767651166492
0.10106636345864758
0.07668167140103863
0.04254240507039738
0.1569915835214212
0.10713747296429443
0.20213259645200088
0.19352440492996356
0.24741386643941338
0.22575305265479803
0.1342285795980455
0.22089161710696398
0.18267775465011984
0.08001535654180963
0.11414926386852141
0.25928824773084286
0.34945933066264323
0.22219836187677666
0.18794692766891002
0.1068331490045772
0.06520179232986917
0.16268694496593383
0.1296612729499575
0.08933461597796545
0.09899644772244832
0.08729703445264156
0.07981988926976442
0.13166207912948563
0.15264665315803577
0.21204674415170807
0.15644698296873888
0.17806583426535796
0.11138915895485929
0.07557405364620923
0.17577927459581882
0.28466260256924103
0.23414263716328862
0.06237070327607499
0.07756116903804045
0.3056510641888325
0.09026685364681696
0.15770227011622817
0.15582554625533476
0.16563834215507037
0.1398000295315041
0.13414340115162726
0.12878476165039388
0.12407191405532918
0.13071950961047224
0.12923124194887364
0.07548096195561317
0.14842989478350468
0.17459051242556198
0.22418271875890994
0.34950571496456223
0.17000954193184034
0.1845606361034868
0.21714769139328663
0.21718786074939248
0.1075351603001183
0.30381741998347317
0.266122336642529
0.3863046760291278
0.21204665157656377
0.1468685962563669
0.12676241479126377
0.111672266976928
0.07919224569601935
0.12938697398933918
0.08622820959189209
0.05936077381449329
0.1198552589316608
0.05978489198371185
0.14887041998017195
0.1280406278195935
0.17149366127365195
0.1779397872225201
0.22712890501402735
0.2144810120764614
0.21459110224866035
0.31097728183601614
0.3486515041906651
0.2688310796935918
0.3438990371579825
0.3527659860523685
0.3710359483140945
0.20510300435950424
0.18127336935734994
0.2310783589243198
0.04510239662277365
0.1420799527606811
0.12166602393524133
0.09035086471998281
0.12690556828058247
0.05526478733069128
0.08169570113898493
0.0981950346974295
0.10114850760391751
0.08795196687741909
0.06568820787115676
0.054923455123707846
0.10044983659378053
0.14730411170020258
0.1598268977080199
0.1647174427573511
0.15649737843548683
0.0902988080662053
0.13602625671084487
0.24284388381462643
0.21726749214251032
0.1745775679895875
0.08207709514294911
0.1269715469274454
0.07710635414523045
0.05571786437199355
0.11570021304870605
0.08953472023729818
0.04776789085730838
0.06431740043661902
0.13797010605999874
0.09706394221601011
0.1419832514185664
0.046681833835088185
0.16077363754366253
0.1568877008546388
0.1890113918923816
0.1849356394259356
0.14593331935369627
0.2634396427526526
0.3022076313643563
0.3008148346402121
0.21946209161597222
0.3142573783528778
0.37459697042454676
0.27709353644101725
0.22556222180506583
0.0839597443857055
0.13919887417578275
0.03236605077219401
0.04278245783597724
0.0792741122491165
0.06301292239407504
0.14161127376069102
0.04466797381388555
0.05750758285859269
0.14306073483244025
0.14694546848145149
0.08440441624320733
0.12165369790243047
0.16981069961115983
0.19560260119516443
0.23319341025586893
0.12850319951156233
0.23731483775381287
0.27681778505747145
0.09510756494585561
0.27181539618163647
0.23910211553371935
0.17677717698787504
0.140115295305646
0.1319535475963193
0.141290332913604
0.08209039577953049
0.06618741795416312
0.06424803041448417
0.22559959499651913
0.11410567906463868
0.24869744974370844
0.22385934566625135
0.2100937848957696
0.06808026019288985
0.15112272099426818
0.11366362492550426
0.17590630568857138
0.15871047267598948
0.10964248496569089
0.24804461026655183
0.31656717362414843
0.09532477635029972
0.09741931489315289
0.5028793216191699
0.4506017951821782
0.5793975573227587
0.4345877191132108
0.21315321541406132
0.3118912929491619
0.07773065259033227
0.06268100528242364
0.1091826929806251
0.049710381417050864
0.14721804444241715
0.11534074377394636
0.0775534028381336
0.09366130982123853
0.10422552641345348
0.08406688660211159
0.04356640169134791
0.10659112581135569
0.132102491867163
0.07707475349675286
0.13622594435373192
0.19554268396434069
0.244531398316704
0.2282648630917614
0.31797548388921854
0.3675932580026677
0.24913973066019854
0.13993290730950877
0.13643955933117088
0.21318859753514527
0.2381504841057225
0.13090554108111388
0.06348779049893007
0.06170355396242545
0.13109280784313898
0.15158389867341643
0.130525425601895
0.062415957866131175
0.09411924721074108
0.08417199844008548
0.1318550389276719
0.08560512568863289
0.11964052869768387
0.08989843594888036
0.08052337064746998
0.2241146053880209
0.35674878352167044
0.31071464856514835
0.4501596501302033
0.28391449230110577
0.28621666576630106
0.10882442246443406
0.15237379575623142
0.19114317667140432
0.0848250121852633
0.06128835820223722
0.1562981401388066
0.054101154806883975
0.1430007488109185
0.1574091096751532
0.14307213120174717
0.0468245727580085
0.10425254654364018
0.045335123127535085
0.09517804624456533
0.19039904284060502
0.13625323320476393
0.09488333503964821
0.12193098452677532
0.1313433264494467
0.1274225751517092
0.1532815986874602
0.18341173244457556
0.20153979184087917
0.18933811618293367
0.06663735586336866
0.17945823118069382
0.04085125913579742
0.10867873502464391
0.08302902380455467
0.1349592291306032
0.19273679662370521
0.2864555867276979
0.2094715074691392
0.12457932407916134
0.05258067497577568
0.17449774382172295
0.16150520923484113
0.07532807950758369
0.13643139361583337
0.11896461836240928
0.06972486082653759
0.07960797972874145
0.1679975645780954
0.1254741370469667
0.07408460401573581
0.20488843158667042
0.2947876895817078
0.12695445627606253
0.19072504325308123
0.1754050713672292
0.12025796024726954
0.05386819193795388
0.04121266222545821
0.16432172463982128
0.16981069961115983
0.08496795114401062
0.16990569793167806
0.11851910048687579
0.12134342334239663
0.09152680636266321
0.07260857443583946
0.048639839495148
0.10946904417918474
0.1082821608965557
0.38059964999299706
0.14494247683022932
0.20070884515622117
0.1012628717771451
0.17438193257554532
0.20728625253274982
0.21269029675451198
0.14245342420527218
0.20297235748602566
0.17510383596497978
0.17562483579982466
0.18251122423412908
0.13521209947897947
0.09905249457350666
0.15983926424367698
0.17859211939191746
0.17101904781994265
0.04151840844944696
0.1577067632074738
0.16194865737127478
0.1511087765743834
0.09747577588772609
0.17275929715021043
0.19532980361550026
0.20855590831211615
0.21077026792288897
0.13589847814134223
0.2321377780126396
0.11450144034264491
0.40832100979867864
0.3216333423451105
0.15395051881752422
0.27747089408334646
0.2556914238579805
0.11532470287982337
0.09676593490396755
0.11171530060582123
0.20597624436534498
0.14322755707807497
0.1152681067608495
0.07793234889445882
0.16548543365183632
0.23648573142812998
0.08662618594385467
0.04673148215610394
0.18706788964194793
0.19834855186880734
0.22815569366407684
0.12907257486039694
0.23157450630989224
0.22281073979442673
0.19925349354926505
0.24118159430943772
0.3242319167940184
0.3490010097731392
0.12850071535906327
0.3109667348703779
0.2951568333790368
0.26539706029366095
0.2364113180450504
0.131461302111905
0.15245452949257088
0.13578108461831095
0.07282525044968573
0.07897393488776014
0.06365631749641448
0.09458417588594899
0.053541059685424615
0.14902028146579185
0.1876051051583505
0.20656141868564784
0.2920958644786115
0.09997620342546562
0.281564417085191
0.29779263918428134
0.49384193636408835
0.6407277005855435
0.6313552871491239
0.29404040568808476
0.3389475374586661
0.46764653195391137
0.44002121682845247
0.2054886714132336
0.19347153003887768
0.24843377560275873
0.08703971278079126
0.060726102642427254
0.19203100994735114
0.19347479600791084
0.05019134952689119
0.12930338922666187
0.0544735172145023
0.1515077009318746
0.2131822516227116
0.12598308623696755
0.17439673836189445
0.18692266867723653
0.23269105157276446
0.10577327043272101
0.0655668139414659
0.23280281133472303
0.325831400046142
0.23419434039231293
0.11483828733853557
0.14026469430652647
0.21104403162735244
0.16905151039477154
0.1651521264480732
0.1809102221258721
0.1432978520724936
0.14021532795179462
0.05197558606339581
0.08284541060021025
0.133679558132431
0.14480983820954677
0.0728738920038145
0.051339466950381156
0.1525474353139293
0.0826685322215601
0.17502689476237657
0.1296970613222872
0.10165097009568293
0.1294129257412762
0.06604778205130624
0.24620908015057888
0.13820834311767122
0.279882877783168
0.22304828381057795
0.25502562912650084
0.19507143977125854
0.11887477634695635
0.07466229642464123
0.08390403676281008
0.17360305440124868
0.09625781053295883
0.0440318547008709
0.13047796280310117
0.07853731327124171
0.10133905424304578
0.04871741499673522
0.12245455706787586
0.08336415461861328
0.12239445786671795
0.09560276366034398
0.2312422216128416
0.24627164764697182
0.07256412418462752
0.1065028937446524
0.22747576232756922
0.2472976527971862
0.1364837789258336
0.1681574090306885
0.23832023680856643
0.09947197819331355
0.1919369194242574
0.09695070064074932
0.088318367235948
0.13885537282721608
0.08830672194084026
0.10790194257359154
0.07824657275530932
0.1327534754146582
0.15160747458948662
0.07932995282454076
0.09185427257505202
0.07110510821731408
0.09352444271120612
0.05397703400434454
0.1287460125043273
0.12455398644350561
0.0934370259349311
0.10282439069007603
0.1982128946804359
0.09975940555861984
0.16275318447273324
0.09117205129924204
0.1480797164135783
0.11442325679651948
0.1016884650737886
0.13041323011369635
0.11585841753327544
0.051095741632528946
0.09460640632718055
0.176657371431838
0.11540774776534918
0.11270972810555845
0.19441736552692312
0.14082274062805758
0.14991816244510434
0.12414113539206069
0.18439636327215475
0.10410696668859873
0.16827420135815782
0.2226944510973103
0.0947847011590876
0.15388908879489566
0.23767316303628613
0.1701263909683468
0.22166509991026478
0.11012890050697761
0.20832579747025448
0.13639963584264497
0.06584608574717968
0.15657412894177924
0.09067227885547426
0.18528932386911431
0.13851598773140994
0.15143887731433966
0.1879996624970991
0.10035059601205662
0.05669217655989503
0.14991816244510434
0.14803568339138118
0.25268793881729973
0.19513875817596707
0.17764033234028193
0.23996103646962935
0.1727384270350805
0.28842627281794603
0.16437599410962078
0.19218496403452417
0.1572877692356661
0.08167148807095984
0.25483535474655705
0.12370431606836797
0.2396542793042439
0.12637960154545033
0.08854467751158211
0.1458952100258706
0.24830403871170525
0.16223221938760674
0.23572502235566087
0.20293283794601658
0.2037662383330226
0.05877120000243086
0.15784577943256833
0.060912283846236474
0.1992887354027572
0.13109564035964022
0.20290049119803916
0.08544165744809575
0.34952644124285476
0.4259918136717754
0.5174210570160271
0.39493662846640415
0.30578939553660517
0.26217262841944994
0.1453276978583352
0.23996264693441424
0.25789101100673356
0.1745394912032178
0.250057771648833
0.21468348556120428
0.23219144852026016
0.17565971270065636
0.1426781127048438
0.1704916995380432
0.16854051089501584
0.15899659518085937
0.13310181075018224
0.28674775446727635
0.18247584375190304
0.18873772451105605
0.053278854490060104
0.15203781087841578
0.0717263087674862
0.087864334594405
0.10661754098357946
0.19379361342029722
0.2800919739129903
0.20667785020314755
0.1618774643241861
0.08801716410078934
0.24210559621996738
0.0709061200413328
0.11653506704181986
0.08641290084466542
0.06362742640178695
0.20350603103425585
0.07736218086205916
0.15532153591024503
0.16753854915940708
0.10638660170412412
0.09374894645110349
0.07174629233992055
0.15725525766237095
0.21969329423924697
0.16060150302809068
0.08454786499471681
0.23693101420557164
0.1685702600821334
0.2355660845594239
0.3276669301621149
0.4049507456704706
0.31042598677039157
0.24863160628918946
0.27270024452704683
0.0832540283033379
0.08775378560774873
0.19517159913092977
0.07678732613144645
0.10876086350950065
0.1962528956428961
0.1458271026330677
0.09147222866059852
0.1478345877188646
0.09327257985328273
0.13353652569028093
0.15888015787237725
0.16787900595806818
0.2386936176785188
0.19872929822715046
0.2713206910371884
0.25729372274829865
0.16575715059241425
0.44640032062775514
0.3588709421336465
0.44320200484225586
0.185788626974531
0.4877971607568507
0.24377266699141886
0.23146594583248759
0.05877120000243086
0.0466073613535645
0.1287784504398089
0.10762709333427832
0.10721040725925253
0.18598384877786092
0.16685299639293824
0.08879294608231768
0.174815955449617
0.15625510650991445
0.1432910726244507
0.11076544634050407
0.09660253265468935
0.1950133946463604
0.25682538946998734
0.08561232355158752
0.21768152890891745
0.16587084936114938
0.12812115559710968
0.13338326367223047
0.1090234106404149
0.26093192988377195
0.18202700128127594
0.21057016896239003
0.07302866058513328
0.09362179028122956
0.06538408707362592
0.07459845619565231
0.05095158944244539
0.0775390592407092
0.17138819161727162
0.11989169009546126
0.16838230641044535
0.11248285423177425
0.08661481317683159
0.1246253892736745
0.07999324674447839
0.08165148154432254
0.14515527045291565
0.1468396916681408
0.1406483032551291
0.1445850242113801
0.07867707370969558
0.1565834272239001
0.14351137304149317
0.15775301082872928
0.2567261716258809
0.17451263033559147
0.20197943747595445
0.17959020737838402
0.242967259745311
0.08164824228893515
0.13163987078320785
0.1601726956563208
0.101424247181943
0.13827160402247696
0.04137877254659007
0.13029592340954568
0.1359523889264945
0.1935895542852325
0.14755545911473208
0.1086642048110093
0.15803864049583632
0.25993762795771824
0.15459134109853537
0.29602833315386906
0.4038217325124728
0.5306827982627155
0.3126390810108942
0.25811570609927437
0.2411877526746911
0.1291035542342755
0.2065956807501214
0.14167142619186052
0.1251256263608904
0.19287948894327075
0.14000411255319714
0.17087976827199067
0.054551092716089516
0.10239053323484092
0.12152258552755658
0.1577620037157739
0.16080500829646377
0.16972463235337334
0.19483133224417953
0.27349398727989993
0.1793150401338878
0.24873787716030923
0.44548412629871315
0.40720934025233835
0.33522968361088956
0.4357151623942243
0.47002552365684397
0.23168234526506015
0.26622970175951804
0.4162359989031155
0.25717444727677385
0.2144810120764614
0.05905047180814463
0.17544810499612246
0.07201160990789561
0.1421831098619545
0.15709705317780046
0.1608166711725558
0.10083092987203704
0.056893872864021686
0.17772888732744258
0.1976233920037718
0.18769271740083457
0.32874891893602176
0.06328609419480341
0.15152796844331273
0.18187676704792313
0.21211275681282396
0.20243019031193457
0.1520048566523741
0.22374890380434287
0.23212339424799708
0.256137380762585
0.17756855366781452
0.2685298442913424
0.17370921068908948
0.10689666455095335
0.14838338184096037
0.15011659813331732
0.09660714603802727
0.09305027544096652
0.0637425457060064
0.12630444986864023
0.16907078049712454
0.10924673976686809
0.10950864536483225
0.10384014651843086
0.1604193473537666
0.0800816859338034
0.0645117871198805
0.1369352061310514
0.05754550707735378
0.12608243571700217
0.12760859468893637
0.2067205265045244
0.16494257762627484
0.049912077721177416
0.05239449377196646
0.0386325997904047
0.10939148464560786
0.12175879253908145
0.14441157209718655
0.1479926497624879
0.2954205075199865
0.116578100670712
0.09476785694148951
0.10828353962455427
0.09746460591410454
0.13336121593892125
0.08620548041134561
0.039873807815799224
0.10073530748284262
0.11600713910104478
0.06229312777448788
0.16021420036805584
0.1465295063801318
0.1610801699070991
0.0569404181649739
0.14738782536570827
0.08671462513317968
0.05351158099482155
0.12424943378817499
0.04395427919928368
0.0948864155615163
0.07526294700904247
0.12676829714640364
0.1647436032653404
0.12372168306692401
0.10192528439455668
0.0771455818685895
0.14128658364725385
0.09215444993640838
0.17787457548463342
0.09326449829080583
0.13948362056236419
0.12977694009145996
0.09381906984938472
0.16590302895762
0.10896438217236566
0.1075999396207457
0.0654892384398787
0.10464567076882707
0.1312866343593704
0.12670213534342392
0.22686562068900828
0.17808294071183772
0.06597020654971912
0.11735228385671463
0.033962554594857704
0.03670872735104319
0.04279064667547637
0.07378039369439592
0.14609827544699922
0.08153908688480556
0.1678549581285459
0.04603330264181951
0.12353808206801387
0.13152102914982366
0.15843512430291573
0.25751323529477443
0.06978692122780725
0.16559279876882532
0.19352718742388447
0.2165882542176799
0.2741947391735393
0.1537999644185959
0.13461590214281985
0.19937607934520982
0.20565968620663497
0.17301654615923348
0.22997336891762424
0.23298247094310937
0.08246690781990709
0.1859921709966683
0.13664000555421985
0.0742668092356835
0.05163425385641237
0.1043995836940378
0.04176665005452584
0.08126619837448154
0.14063720342037841
0.13447381188432045
0.11181911939509959
0.188316071466239
0.20017200048510772
0.19154268220204523
0.12989505932111906
0.20989880371280725
0.28255880731040905
0.21044155054771968
0.19032610468315833
0.15329477117868429
0.08790855839856736
0.1678264338492482
0.24663086657834277
0.09194248448109958
0.2119789239337953
0.07122390119455908
0.11581117285842188
0.0546907286189464
0.03999792861833866
0.1772944923745438
0.05292200718275912
0.10356209836620872
0.10807170215891088
0.07062473664494856
0.18980373577596493
0.22780417006880097
0.09750420623083184
0.2534963191089926
0.1954636448843236
0.20513895019297704
0.2153812177613083
0.3731583116850009
0.32826170468536275
0.3970405214419809
0.1502360728658738
0.10132912017314567
0.36513595038707347
0.30623587583508494
0.17198903811899977
0.1647963380935306
0.1405420761770287
0.14687377541127447
0.04319403928372958
0.04243379936817538
0.1294107543436509
0.16801316261311638
0.26277846011638495
0.11202073348799442
0.19588907872022254
0.24242200518910728
0.13158683967822418
0.184989028820351
0.3265755338769423
0.3018893919255378
0.516748581433122
0.2965752330201031
0.2813681832549175
0.20422976112646762
0.20723153474003123
0.2568677308613812
0.19057839690144732
0.16021221519632986
0.09263742438952191
0.1373915613731397
0.25949278222384514
0.09801273156945067
0.1188889728787629
0.11440906832594311
0.18722407182919268
0.14945022078511203
0.0525496447751408
0.0933917839272186
0.2483918727209251
0.18064381738096272
0.2214675022102194
0.3480214173031333
0.1999181226633485
0.3915632217667788
0.4343384164154676
0.14804508722893273
0.445978442002236
0.11583573896994422
0.27449681576764423
0.2436133731623853
0.20080439986799647
0.1681951622781397
0.10460941231927293
0.13641696631095823
0.15380289554969334
0.20523211053454463
0.1595799025561858
0.10577158660157507
0.07488588356095861
0.17391946337038858
0.1026013583991751
0.11359755469363073
0.17546675763978836
0.11922499016054688
0.20712419673241744
0.17431364215960976
0.10520789525250358
0.1263084316842106
0.380116044010485
0.21802471148350008
0.3229536809532328
0.1242759535426269
0.3005507508235559
0.29826608185629705
0.33059385656326046
0.22681249604488746
0.1365026708480986
0.08675125743199365
0.07420047984368974
0.10540404921111526
0.067877077806951
0.10314924731476423
0.12669100346053058
0.1522993907036625
0.09460640632718055
0.079263623432547
0.17593565718123183
0.08934569101559901
0.07859949820810848
0.10027409335156037
0.3236128892741812
0.35180294515977417
0.20937978072697916
0.3520860069781068
0.20627642495389745
0.11440834974074003
0.29120437245293124
0.228660058491851
0.10967624414392348
0.06151737275861623
0.04924492840752788
0.17407766785495798
0.16806589744130657
0.07727374167273415
0.1584508970382731
0.08099330986415763
0.09900395154554036
0.10134419604264593
0.12010685823992533
0.08877063240839103
0.12322192574794127
0.12930793490932213
0.09857612797568602
0.17176107000846424
0.1560626634953881
0.2695196177558772
0.4022787489302938
0.43216191701647416
0.2898745242221919
0.19496096960139728
0.27394046757837975
0.35162803951386334
0.1841178779155898
0.1715336685755304
0.11378810133275898
0.15139230644502258
0.1727003898391609
0.15936562198348395
0.21067563861876928
0.143517152357632
0.0825214855219719
0.10061399375645178
0.1402896301906692
0.196331765351109
0.2630413230113698
0.24620787458950155
0.19118179459201942
0.15704733769145096
0.29170046167346486
0.186926252984822
0.325162950619107
0.24520561743142114
0.2764359693716114
0.17254740507785307
0.13682629907644397
0.18329162656156298
0.2843821550693738
0.16386955044955082
0.37130592528529544
0.16736525193795132
0.12703527249167326
0.1766077625097853
0.13443705666124253
0.12255009356778922
0.18280887776644858
0.16933153331786396
0.10368912945896093
0.16221233151222345
0.06924788524148875
0.14401470072075948
0.1506634041386288
0.04685560295864338
0.09114480904968392
0.10525309843195949
0.125610581302129
0.176636734471896
0.1879742595000274
0.17603333678132285
0.1724764661842627
0.31688358259328836
0.23716954342792354
0.11975856269211071
0.1465943646675317
0.044093915102140564
0.1478345877188646
0.06323402036738757
0.10365975344350584
0.12723214016559992
0.08641290084466542
0.10378627975569327
0.07638934977948389
0.08554280587462323
0.1384073312936529
0.13287452301877217
0.15259925497317064
0.13943121157046767
0.03857053938913493
0.11587129130627444
0.1305209964319933
0.07804611395265859
0.06827505415891358
0.16289954391693917
0.06564438944305302
0.09734943764951305
0.11235900153929702
0.0782644247609178
0.06680310732731057
0.10333979395389248
0.16369020147444513
0.05289097698212434
0.05616466314910237
0.13060706368977978
0.15602005985766113
0.1773518963405846
0.2053494209715867
0.15283627482524614
0.10888251561926841
0.23430084164785805
0.1878848237461533
0.15854248941990365
0.24110560137834028
0.18478640246586917
0.2854497374947478
0.3484034595803983
0.28688690737303546
0.25798660521259575
0.24371881556423194
0.31671201350737044
0.1807749119622626
0.14499719229287933
0.14862903801970268
0.2046533212394796
0.19933653749969577
0.12337016663236906
0.2250616997489825
0.050551299854255605
0.05132240034003201
0.1761768555512142
0.28433353674854833
0.18465299821630166
0.14034395127259994
0.22351856633668524
0.2557166564830306
0.09766755649823189
0.15177933671959495
0.43307596774098883
0.39148056332877207
0.4825360630281392
0.3776393781509064
0.3095165270951549
0.09145375882110049
0.2056865122896195
0.11267839479787538
0.1561044888087892
0.09745518566209885
0.1306931309475652
0.11892476125109258
0.12561718687671858
0.15209412599453276
0.14105466213765572
0.11080287065308256
0.052844431681172005
0.1109299017458351
0.13590020004359865
0.08676223634973396
0.0762788007928276
0.21713825182733976
0.17425358487257575
0.1425197535972657
0.22812115020533197
0.4004601920695764
0.4328752730331104
0.540933728986958
0.4170419027562395
0.21932918952604344
0.20475883308474663
0.13719129244043396
0.28837666389589334
0.15024674471391414
0.17773221466300845
0.14408501695415216
0.09891260032083272
0.15607667056639807
0.19539387183652523
0.10296974813111794
0.123963291862208
0.19429507337712418
0.18950196822428203
0.30464823002108127
0.4770493162490424
0.1654219995844556
0.4484706601438764
0.49329879136155125
0.2699584144348833
0.695161052165292
0.4435100056802982
0.5181291952327218
0.3839520909570644
0.5337502900415549
0.4177618625659435
0.12154219286669574
0.2720009703208387
0.059965862726873057
0.2317359723905714
0.09675216557950335
0.0833626340055599
0.3131868065614761
0.3033440500656519
0.15295950333649422
0.22487724366765544
0.2009240133006852
0.17287487129024168
0.1674153853922583
0.48073069377939925
0.33970996591703273
0.21066214897219168
0.25736115408654636
0.4871743230620838
0.2373928939456781
0.4441931174319278
0.5386040667327904
0.3597089302843011
0.361371701106743
0.6230619950640203
0.4455377289607797
0.08963073453380231
0.21942847372460783
0.14919801843742672
0.18025712061533292
0.12271203559859874
0.14222299163762928
0.19770287088404673
0.13438533809745803
0.19300947117514286
0.1293811679680878
0.26411221513048694
0.35539652130835797
0.4142582004443945
0.499609762271395
0.4811443638125289
0.29592030059532476
0.3611811544676148
0.51421637108124
0.4577415237858944
0.155498204630712
0.28652170887037304
0.42688843419748174
0.15280080935629878
0.18211435285770197
0.16704909561787984
0.10278844779300163
0.1292858946485237
0.09763686501481934
0.18594831044597587
0.09199071683021398
0.11264482149798943
0.19490683666636893
0.1633342588570379
0.10762722847177816
0.1272529188288558
0.24156944439753655
0.18398802214621313
0.0543649115122803
0.16749371423185655
0.12747818223785506
0.07512909133160241
0.18346446727276572
0.1763101089774647
0.12053523800592242
0.04977244181832053
0.1135657969204423
0.10270463849013156
0.07523536229632162
0.1274453207549545
0.11304934310149979
0.12717387974883765
0.1578921637344884
0.1278718543334804
0.1470382370852905
0.14844854135465171
0.047507237171975476
0.1514560390287567
0.13470743344842404
0.1517040836390235
0.16116094020369848
0.10990384076492189
0.11096165951902241
0.15152140733170122
0.08437098661606678
0.09651187271846315
0.08931640942903896
0.19279065743993734
0.17364069258262257
0.11881739613410355
0.14952381959285757
0.06216900697194833
0.1719445238367733
0.05693272812798009
0.03619672904056787
0.11037807524502968
0.09501977929481029
0.07687576532077157
0.14162367268634668
0.14986855352305056
0.17613432615436564
0.04455936811166355
0.1270948406688195
0.14870807195439756
0.07389094268105219
0.1422691771197399
0.13373412339032523
0.19838607929118854
0.2104410473501429
0.06851468300177783
0.19302831570943108
0.14039778464882247
0.1563788198154607
0.09741576704150683
0.18851390380257937
0.1506177011249518
0.08404966117978616
0.0929096047796486
0.054124783866910726
0.13460919117681333
0.1365026708480986
0.17000977587669494
0.1151994591261224
0.09260566661633383
0.1591537114772081
0.14031251330694125
0.09279621325546208
0.12112739012746696
0.10242632160717048
0.048841535799274666
0.18789419284071987
0.05897289630655741
0.06578402534590991
0.22095893011580545
0.1490709873446742
0.06704074847162186
0.2835149895346683
0.1348887906531444
0.11914312360744976
0.07323127349827704
0.18832026579377875
0.05969645279438683
0.03535891362342656
0.08525037062521172
0.1343079557745639
0.09270022695705642
0.0867239685809612
0.0852378632367079
0.11061519248508303
0.1604193473537666
0.13377232673627001
0.11954742106431859
0.05658357085767302
0.12571973670625813
0.10672669638770896
0.14815875549359644
0.19332596924175055
0.1611390648688645
0.1464973527116244
0.09447400227416225
0.11152953416941151
0.09987719477857711
0.1355104181933805
0.28724947285972907
0.12307621244132051
0.1371119964744852
0.1240913556281387
0.15418452974168814
0.14216788538372743
0.09937007230538702
0.1284381320155107
0.09795277506597679
0.14295641851636087
0.04656081605261217
0.08450743445338282
0.1506634041386288
0.04330264498595158
0.10487295361185912
0.11424453562809762
0.1006562684028247
0.09272767270586257
0.04035477592563955
0.13357731980509202
0.0971654308747267
0.1295539078329685
0.05684732756306935
0.05197558606339581
0.1141691946110155
0.12978216938942883
0.1576075453633673
0.04763135797451502
0.14156488945877208
0.08174450818602308
0.09028734917360676
0.13116598990895204
0.12523761518305462
0.09714702818222408
0.04862432439483056
0.10564727511682986
0.1275855473548441
0.0583522922938602
0.15220794751757324
0.19054671228592218
0.1429816957524221
0.17427614317327875
0.1741266694063657
0.29120437245293124
0.18499096678194873
0.1526244635146086
0.21870198355115011
0.2917108747726785
0.23940937337428828
0.09564742286855535
0.22676312057142095
0.2207166309500492
0.06413942471226217
0.07393877723284913
0.04833201696612209
0.10452599876632487
0.03535891362342656
0.09790150573121846
0.05657897137068003
0.04314749398277725
0.10553990999984128
0.1164920334129266
0.1107479748322536
0.11860266590012661
0.18757778387157997
0.17365578922943886
0.2047166030333069
0.18071324027895588
0.06880946990780905
0.2551838336110703
0.21202668955503856
0.2123279249572891
0.18574183804211897
0.1770024961253846
0.1686057580021599
0.14558709863660657
0.0962218379856191
0.14837859167831238
0.20250174024932985
0.08941202040759277
0.10599436840603356
0.15618472853879659
0.05495448532434273
0.15052992789413427
0.1765669793473359
0.144626253385469
0.1299528078854726
0.13341905204456014
0.2131014407155059
0.12708451014222977
0.157458718597207
0.04395427919928368
0.12792475100900785
0.19407010307254985
0.06413942471226217
0.1461239242215506
0.06463590792242005
0.13129560175206517
0.15398569831459494
0.17703081823359407
0.16021420036805584
0.11435974125014375
0.08830672194084026
0.04772444857641958
0.10456870286371188
0.08101407940269813
0.13443705666124253
0.15835167919416657
0.0627918244207625
0.08467528893171397
0.08149044600051876
0.10478835418092064
0.072829672409152
0.0835311730101706
0.091970511152573
0.16421625498344095
0.06204009131149985
0.12006382461103315
0.12021314265495646
0.13374114739552612
0.1678549581285459
0.12867005352510882
0.06602441045794172
0.09394447736506721
0.13499649383684925
0.04887256599990955
0.10283166958288377
0.10483240929373049
0.12203633954767237
0.16817424576072199
0.045521304331344305
0.14105466213765572
0.12058022815774665
0.06677581847627823
0.10909024924335735
0.10663733239646565
0.10761170744440199
0.038105086379612046
0.10535909366389117
0.09457464855399259
0.09840359682282764
0.1396167487781468
0.08293384978953526
0.18836880629442915
0.1423493831122791
0.13726875777838715
0.10863203509582028
0.09322659488113993
0.06380133371374674
0.1328448123922067
0.07430754136122007
0.13381316247034336
0.04524203252563053
0.1490813592929315
0.10543254488285259
0.11464618556599754
0.19416932091665637
0.21879680216001854
0.2102566874361029
0.07945282872556723
0.1312717497047874
0.08726974560160912
0.13634241303091638
0.12734867048405268
0.13284643808728755
0.061641493561155676
0.16353185655708216
0.1322022473853556
0.09195464710068699
0.13440595557047727
0.1442087946681917
0.16589223534627032
0.22992385090809403
0.18815786698166959
0.09059898542756177
0.05290649208244167
0.13555593101245597
0.1167774589113198
0.0903533857682701
0.12497299617478666
0.11004068409656953
0.15682532479033673
0.14007446204620516
0.10182560338330356
0.08959970433316741
0.17728080193690168
0.17247878460251587
0.18088046069145858
0.20292361887485005
0.12626890619565992
0.18444597219420744
0.06358088110083464
0.21257560570820308
0.08474685317069808
0.047476206971340695
0.03784132967421561
0.11558878838421313
0.10899080175112277
0.06385591141581153
0.11970805999114105
0.07572819584932658
0.03512618711866512
0.11156366144529858
0.04386118859737912
0.1251583832083804
0.07015963600429558
0.05971856259171809
0.09646608839952729
0.06860777360368249
0.2839118609110954
0.08445942580539179
0.18556100778593992
0.09854336670540087
0.22138343689384846
0.32128086724645527
0.18780187280496374
0.32843250996688295
0.3269165599296929
0.191799088437753
0.05971762112179417
0.08401722985876671
0.10757218790439302
0.1363698476437707
0.06487014536990036
0.10199686113921581
0.13786319438614889
0.10070389877928483
0.15086073196411662
0.13680390625034916
0.1064651978808942
0.0863931308035323
0.08064749145000942
0.14006370367245383
0.07733660382581627
0.10568306348915943
0.09005320840691373
0.08808841113258105
0.13779697786291958
0.1742194380102058
0.22720886300416088
0.2027457836907899
0.08074771020486596
0.08445899394527213
0.0869422793892204
0.07170207274525806
0.15079536554078188
0.13486739295017064
0.17038622988166288
0.13117480582877045
0.16053606894390804
0.17278152465069585
0.15501633701547063
0.13100727512970683
0.12685772342876617
0.04995862302212975
0.1719445238367733
0.08883716567698018
0.16012813311026933
0.11198181701915993
0.14986855352305056
0.14499732780082625
0.04913632270530588
0.10217580300086364
0.09195463226597902
0.13377364293033428
0.11073935510670684
0.1480586917275232
0.17556597514666542
0.08724526026912989
0.16009365657630265
0.13413481949115144
0.15035949935159454
0.0706186926760265
0.07588082444086505
0.14393016471263767
0.10457834710822617
0.11298636488562085
0.07212215889455187
0.11721495566657965
0.10243464770322795
0.12913389654430507
0.14111840023625163
0.040323745725004655
0.12154185903061072
0.1256670955766023
0.16331912705908788
0.17914899708090656
0.24938405116199122
0.11051984668121259
0.18483557280570345
0.14747624621577335
0.09458315767829185
0.1336624513411707
0.06708112510302587
0.1402746429852134
0.042123497361826724
0.08892176492652086
0.10069058554918732
0.1360226561315346
0.18293968677109934
0.10543254488285259
0.11462642579599301
0.10239053323484092
0.12139786710671063
0.12662914424064453
0.14533718649144622
0.08844539832870021
0.1588636699221633
0.16010039369654594
0.08570033818060839
0.10211658611642321
0.17334080198127508
0.18868521526356904
0.07693103981409971
0.07885795727087247
0.07764960822736547
0.12132498782751122
0.1500532167100674
0.04733657106848382
0.13301694690777857
0.11800534646675892
0.181915917169489
0.059577985218937285
0.16182430373789838
0.13886952043720524
0.15877346547096197
0.1804058472377493
0.12214039568121397
0.20404149640526553
0.13477963524901412
0.17864172831397016
0.13616111828513258
0.16380756006496935
0.05593387603188052
0.16464087364858349
0.16821412042104553
0.10626278592015818
0.15070259693694285
0.15001738028921086
0.18835819366397463
0.10236087434425488
0.21896869328718777
0.10002850066109065
0.08382464232983994
0.08400425695053489
0.07859530207968565
0.043550886591030465
0.07116932349249427
0.060271307524999436
0.1711245174763219
0.18799557568034156
0.20207986162381072
0.07274123321982698
0.1453684022161835
0.1365026708480986
0.10762709333427832
0.06186646251575845
0.07186982344542248
0.18596413545466892
0.06540875385698204
0.1766778060119463
0.05901944160750974
0.16444757085428013
0.09444761746124036
0.0622611892848124
0.10643461930807994
0.12049416089996122
0.11158619971914259
0.13577961965991026
0.1402197447031022
0.1608939608074759
0.1097629379347278
0.13259591948098093
0.07894664603672769
0.14829061323712134
0.05394600380370965
0.08456814934940174
0.0453040929269002
0.08847715610188829
0.1697201607239989
0.1924578131058179
0.14644683723581461
0.1371277267731058
0.08945328057392171
0.18758358834390385
0.08449259050138867
0.08385693382811506
0.0748416639662961
0.05445024456402619
0.0773124338180638
0.1745522813086673
0.09262154550292792
0.12153246541255885
0.15889737733675285
0.06041580063607859
0.16296835261719728
0.11656272867734284
0.2288576561918953
0.186926252984822
0.13760703831120344
0.057419143669267675
0.09911500634247522
0.10964968641896514
0.10871825456465287
0.1628451494505032
0.1122637282197329
0.15618045684615392
0.06606329715162368
0.06856122830273018
0.051432557552285714
0.06436162003128153
0.07622731203134922
0.1697810977281839
0.17197420739553212
0.1438509912779839
0.06366737239508011
0.14209483543729637
0.1174994963546441
0.17373540592289827
0.09082002512092419
0.1252295183803965
0.07766134115310176
0.15297594398827954
0.1819773451178094
0.15418949063389398
0.1534299938898184
0.15954725421565147
0.12297600499879785
0.14043715185838535
0.20474539954637017
0.08245406718744704
0.18676766974630238
0.20657286898559327
0.13963066406872263
0.14785000105469706
0.11799843054725756
0.04653618583085822
0.12077171426738639
0.10577253441998329
0.11054603329006714
0.1244371171472682
0.1795785696205202
0.10225558870136954
0.12658108664870374
0.12080791434972886
0.10869218817609887
0.14185009597738743
0.07644801061407377
0.057634023262080725
0.12059928951159733
0.07821939536215028
0.04235622386658827
0.1328448123922067
0.13787974697266936
0.11169326727560583
0.1724237530590985
0.1295539078329685
0.11547609590618481
0.05439594171291519
0.11697429495913192
0.1660751576771366
0.1640438817765826
0.15045901461840935
0.15228233763670698
0.10994336030493097
0.0769967210944107
0.04347718986452263
0.10706337382677764
0.0908578924518529
0.1510341958993402
0.04693342088367306
0.03870253895355437
0.05222895511215146
0.11861493262946517
0.05553981089611098
0.08942388083932834
0.12342862740818848
0.14885332234034518
0.11634799844336481
0.08160726194965992
0.12067953811456363
0.10189656975497448
0.09592031137887937
0.16326702807602236
0.10120951694796573
0.11330754487485599
0.11326451124596386
0.08409758113906995
0.07532943800203842
0.06416263185530023
0.1464951468234252
0.12089694304391685
0.15704431834961027
0.08194841965029151
0.15086494199366196
0.08129195991809346
0.08572613899947407
0.093287528217026
0.10713625353144199
0.1100373344930418
0.08478796638522028
0.09162898660163712
0.15468639174462628
0.13401090692983592
0.13935502284440052
0.15741535472988538
0.07114972455760747
0.07665486572027437
0.1116823973533008
0.14233130128461996
0.06292448320475001
0.12857728492126977
0.09455876966739848
0.16177726917965676
0.09367921448784362
0.07650957180247264
0.08924051231210511
0.15283863981609327
0.1539764048108873
0.14944569106812816
0.17632765888905774
0.11007244186975793
0.12092891010154774
0.1913912212816711
0.15780598105158028
0.19749193157128717
0.13223238086998482
0.22169377102496696
0.1754158297744525
0.0711181568968085
0.0869547678496864
0.13762222379560152
0.12600246539824522
0.08155396154689482
0.04434215670721944
0.04513342682340853
0.12772381055395862
0.12911033720927678
0.1240005390912169
0.11826594735227307
0.04818990158594246
0.12307617863353189
0.13817883541863685
0.12116690966747604
0.0709061200413328
0.1210105644466758
0.041658044352303844
0.11967652195099723
0.07231545523585503
0.17228522439445135
0.2698174842666035
0.0851003252411123
0.12847591066053032
0.2034509671567495
0.06770019942830097
0.09666439366211302
0.147077435821714
0.1407492564389227
0.13152066150568434
0.1224081727659558
0.08164923486645893
0.16005020355643654
0.09416179750254798
0.16294805264373066
0.08758274129190136
0.1660611071176563
0.12032202638438935
0.12053459702733196
0.13744941068374125
0.15304352453446288
0.07485331838186798
0.0966298215057217
0.15455249399627324
0.13594721763082676
0.058926351005605185
0.16623949780064254
0.05268928067799768
0.04189077085706528
0.13071950961047224
0.13938482726854867
0.10260936517056753
0.11434035196828404
0.08930988314839054
0.11080083599184853
0.04217004266277905
0.04815887138530768
0.08696888780248911
0.08408908670009323
0.08326549674950406
0.166773894150653
0.14955849776021707
0.13933751115141546
0.14104523829198296
0.14314195572404004
0.08396755230918614
0.1360915418322525
0.16584707151370848
0.1014531259256981
0.052433281522760014
0.12916918283042614
0.15715001490377392
0.10152960088217404
0.16606197397008907
0.10635678240675654
0.09587704947086292
0.04654530095229473
0.08854067164826435
0.13335486801899382
0.15046386058769065
0.11798012739358067
0.19937825773225462
0.050098258924986636
0.0759471538328588
0.11986276484717989
0.09115298432336238
0.1097787873056427
0.13589765224544942
0.1268996226123682
0.11484465455341386
0.03706557465834407
0.1614637549823017
0.10848455321035548
0.06176561436369512
0.1574747050172122
0.09441942457209744
0.1275295556089182
0.06831927375357609
0.07987446697182922
0.1303058282875293
0.1377143676199897
0.0653786707085192
0.11780774876671356
0.136833690662967
0.04840711299038656
0.11275753246586875
0.16946407773410863
0.1658510346573295
0.16885691986415466
0.15525133419115342
0.10292735881978417
0.1580990149134092
0.15988955577781894
0.04590918183928007
0.09289148657502622
0.16076548875645472
0.1791420748606223
0.05746793157576656
0.18589026936950237
0.16175347725667935
0.09774866439805
0.05607157254719782
0.0761903616035026
0.1328251739701198
0.1566751745522813
0.08726974560160912
0.05996177036236188
0.12693273145316078
0.1376860773912216
0.13590600462457442
0.13452312391902793
0.10978528214489468
0.07960157846150531
0.09480681095641885
0.09798856343830636
0.09327257985328273
0.09106289589511254
0.07139253558262038
0.055714725239896824
0.09570200057062014
0.18270965992234206
0.05791786948497211
0.13835790957137364
0.18211435285770197
0.15443257435195495
0.12899177858924954
0.12822973805677604
0.059484894617032734
0.14866168765247856
0.045629910033566305
0.1444406944122178
0.08342201760604098
0.121966772899105
0.1162048449540472
0.13739030228600338
0.12904112794046604
0.11992683567632016
0.13041323011369635
0.07316990942525142
0.03672424245136052
0.08206273775165686
0.0845180471455442
0.05003447136062864
0.06624095280443822
0.16221233151222345
0.1076545173228105
0.2459610355403132
0.07701695797573041
0.07703247307604784
0.10197420970680661
0.1457979346889532
0.04297682787928548
0.041658044352303844
0.10388108277963187
0.0846395005593844
0.10932779962461449
0.08022922203525039
0.03847744878723037
0.0852378632367079
0.1258780348893619
0.24675477829316517
0.12792790469439433
0.12851754410914287
0.21589638660957258
0.1338187110381901
0.15272006243803646
0.15863143359597132
0.12040809364217583
0.19863412390145427
0.1328251739701198
0.13475234639798214
0.11553477885810064
0.08739739181349479
0.13879806779589535
0.09915452588248418
0.0450597669610964
0.10673529225641787
0.07547767724301975
0.10541692155166955
0.0789667090183674
0.08317217729387281
0.042014891659604724
0.0662300414556302
0.03047165702343568
0.08048804936915668
0.035560609927553215
0.09929968148163769
0.08559932365941048
0.0904997215616494
0.04859329419419578
0.07539909540251602
0.12927304945006418
0.08904879601927307
0.12423808661363858
0.12366054891778662
0.09006504476129042
0.060253783079535085
0.12318855865167552
0.05565035988276736
0.10965248973805275
0.0944517006214178
0.05120629061918521
0.082564057416977
0.09010455122043201
0.058635182522486645
0.14391548287665298
0.0619729806945761
0.11018141588040185
0.04720441730222814
0.06789466136860653
0.08410267497444116
0.061578322211615716
0.04539141392106532
0.09945788596620753
0.09622319420439754
0.06058124929192378
0.06829716395624483
0.09244136572722617
0.11504138096608718
0.08412634117512631
0.10693856779871552
0.13534076286799196
0.08104583717588619
0.1110894269651908
0.12078472219876883
0.10286936264332656
0.0953194879976478
0.07326518274481555
0.04190628595738272
0.17365578922943886
0.10000522776914797
0.07872833522846857
0.13246988841310403
0.12036506001328258
0.10654474150943595
0.12297761933891595
0.08081014472012255
0.07381807601532579
0.08245243295868768
0.09693583369216842
0.03905150749897535
0.05306351359501054
0.06184110313551857
0.11631989889735583
0.11944438585019132
0.07196508235631872
0.08868184778010943
0.10538513396144471
0.09323517623979578
0.06153635907805779
0.09271284086102351
0.06459531066447978
0.09669656412221886
0.06661208537008381
0.13025502562912694
0.07771873378047489
0.04512609635309026
0.09743284814091646
0.08705703125022195
0.11107437647736143
0.05425023585240739
0.08330620624769138
0.11886430274010172
0.11137203000968203
0.11744505246055369
0.09800448805830124
0.0929232443482143
0.13749244431263452
0.1869449659333013
0.14230703828948654
0.08571315172927091
0.09897734645353952
0.04861944433142839
0.08655310738206684
0.10510682814992683
0.11281068874922791
0.06009004997334067
0.08109645169875895
0.10749800497432246
0.10921382918134424
0.12899439883014632
0.09410812513512971
0.04581798088339646
0.0647411655441549
0.05284493458490388
0.03566310309531336
0.08748079342045983
0.09754618693702394
0.08367321450648649
0.06261494604211246
0.13998839478841868
0.09682084346294845
0.13727727616817048
0.11223549362545066
0.14701863352978914
0.07032336911048988
0.05992691800583742
0.04397638689186495
0.03909012168165773
0.0478456014248345
0.1322062142721543
0.07047049870426783
0.10437717200016501
0.11137203000968203
0.05613677542405495
0.09871914468018247
0.034676249209459574
0.0646905839840439
0.09476785694148951
0.17190022291422227
0.0738982085957341
0.14618094374248558
0.04217004266277905
0.0917164489670687
0.04491621541896443
0.13086526546313598
0.09419499597137405
0.12277494323128137
0.1076907465244198
0.07362532008541009
0.09504449372155227
0.08247727999870244
0.06764002370284843
0.10115259206669977
0.04247292067333969
0.09208052822088009
0.12878476165039388
0.1387453329677052
0.038818780994213806
0.08374524789686978
0.21540869811485394
0.12567213722849724
0.04992759282149486
0.17170460058641152
0.12872324006256283
0.12152696799338929
0.13363005463328217
0.05487690982275551
0.17597612166979515
0.12083832698050456
0.1817670904033287
0.08574598760771651
0.0683039941340925
0.15087434345138945
0.03743793706596239
0.050764094672560135
0.06488113062317216
0.0972957580104204
0.07345572938394382
0.13585962032265436
0.039780717213894555
0.08103536895794519
0.04935353410974987
0.09080937414305902
0.05014502034728491
0.0749290478569909
0.08496701101926704
0.09570679065768341
0.046408464598303
0.10581583073971099
0.05540715211212357
0.11006994845532896
0.034055645196762366
0.12436718750031722
0.07512620689219202
0.07744603772114492
0.04373317912122116
0.11928618136562083
0.09243620408096077
0.06819483872996289
0.10670879133667058
0.09550277385196279
0.09745341833318458
0.05626943420804247
0.12809289767333895
0.12359258218024537
0.052753976432372986
0.088049535139966
0.13695234880924723
0.09038067461930256
0.0749215479024401
0.02822196747740807
0.025708521225984136
0.08109409609838882
0.07411204065436472
0.04297682787928548
0.07910861301141553
0.13386509534011015
0.05160426697114778
0.15256185795346708
0.07375983537120132
0.07323342497162758
0.15430210728373484
0.15419663762735453
0.09340765178012397
0.10587284768400759
0.08016595401819071
0.04044786652754421
0.1331460477944572
0.035669215629775215
0.08372219496739734
0.06859679008617321
0.06254604656625648
0.12144830932140774
0.05998089456921106
0.05045708555890407
0.06149505568787303
0.05933712132239297
0.1274073449068701
0.12286101048906785
0.11665651932792023
0.08796903173087957
0.08461133515918637
0.03749999746723217
0.07789086829604634
0.10913962851728307
0.14280591473832926
0.1121572420417133
0.06612088605150059
0.09137707478171041
0.07722118117751058
0.05518605413881092
0.093085556429158
0.08886252849427126
0.06097434424750613
0.1629653089451248
0.10715717088193723
0.07726070071751955
0.09495147681003605
0.08451219809760224
0.15894277216444855
0.12594877400855967
0.1535870215185573
0.12820621050591255
0.14962050891278375
0.10654198442506864
0.07428025251018762
0.07258834374617894
0.04355630074257113
0.12407191405532918
0.07157865625798025
0.09472833740148055
0.03973417191294234
0.12144264118650422
0.030844019431054005
0.11806923448687888
0.05388157609626693
0.057772900426567735
0.04122362154341574
0.04358191679166536
0.1101627170591691
0.10173149870268153
0.09634863854184796
0.059817161463016646
0.08587596043947321
0.09845381227859047
0.10711459838234144
0.15715001490377392
0.171001954317761
0.1328448123922067
0.17138819161727162
0.1327038664926055
0.037205210561200956
0.06597563523646306
0.12662914424064453
0.06726701779486134
0.1726538274938301
0.1221338620878777
0.0698353432405069
0.06734888434795851
0.06753990630518536
0.08081014472012255
0.09540016958163283
0.10250610402275273
0.044330143649165016
0.08410566904809173
0.16554735309753943
0.19683581855586518
0.11990143092739206
0.10585345315467222
0.16964794228700383
0.13607233455917056
0.10909024924335735
0.10035059601205662
0.10407022273721746
0.10800930769058013
0.17072978865892
0.08875516337728256
0.10763178433564663
0.0553690787447358
0.05283121559872273
0.10173149870268153
0.09097309147947062
0.04961438521133482
0.07010505830223078
0.061754669886316886
0.0980736402467898
0.08915608226021698
0.07639494526166347
0.04868577372342215
0.08852376962007356
0.09376086268075653
0.10512130583096463
0.07977228192256561
0.10676963345820116
0.08653294662373444
0.1475020801044868
0.07780437680868424
0.12574426362488794
0.14038011264159264
0.08854043314330529
0.09524209142159698
0.07512620689219202
0.056897254402550064
0.0963865793890327
0.04603259804367168
0.02823748257772551
0.040075504119925776
0.10426076937634571
0.16276551735479095
0.14153760542856128
0.127544538599061
0.12753921712318095
0.0806658436517688
0.07767951321795359
0.12397958107452471
0.11809443268742913
0.12778875178863522
0.14535414161619886
0.07057819134399633
0.0858780141989568
0.10994187979637615
0.05115328574657194
0.11726663873299847
0.06519306511639905
0.11721313095095555
0.11127281216557554
0.06650292996595421
0.037205210561200956
0.06033976905728203
0.07409913751680265
0.08116802844341808
0.13964911558006915
0.06018286833567442
0.058616452017591095
0.05370445883175947
0.12152696799338929
0.08353006101716834
0.10373879252352375
0.062082136098705706
0.08184800751767947
0.05746336326393019
0.127346102910848
0.086096325007216
0.14877715723787796
0.14029403156676196
0.040075504119925776
0.07425721567683852
0.07575895819717902
0.0800943772735316
0.07737925933754644
0.04594415885434666
0.09476785694148951
0.08845486376077255
0.02640670074026856
0.033419526083747604
0.08413710067907891
0.06254861665011871
0.06532950937156111
0.05989544097036811
0.16730817702417738
0.20376737612588833
0.14064129402113523
0.09460977878145367
0.08180692852529502
0.07837923153929685
0.18813472858610067
0.06391942408465644
0.13938482726854867
0.11504138096608718
0.08441373745914155
0.11345600249546417
0.07626502143426983
0.11454700102109326
0.1005653262460339
0.037531027667867055
0.040339260825322104
0.11806923448687888
0.06869206340573733
0.06376465550333767
0.05989544097036811
0.05463227976686101
0.05445643082687954
0.11780960617630278
0.031185351638037442
0.11011032126057375
0.05175903555246656
0.06347386750135803
0.043085433581507473
0.11881584937313998
0.12333585880434944
0.07545367310458083
0.15540953867572282
0.06535679822259345
0.0490742623040361
0.07089643498217027
0.0560524696768962
0.08868184778010943
0.11807328031725252
0.037282786062788065
0.08025189284618509
0.10968532665986937
0.0731901880965966
0.08825412616466888
0.10874275714085632
0.15593688695762228
0.12804016284514988
0.17550150821608587
0.12274379337178713
0.05765411277957578
0.20081422574725225
0.05495448532434273
0.07040523566358714
0.147140062810118
0.04455936811166355
0.07564469506180758
0.12673403708942382
0.1546712510810638
0.0873656340403067
0.08085529053675794
0.07408193072216727
0.05113996122719145
0.14681376168076427
0.09540016958163283
0.24374950658776107
0.13419213415420408
0.03967211151167256
0.13816524985761555
0.07964849515561223
0.06273706852348324
0.08129169379843362
0.05610587772261048
0.10670879133667058
0.05257709805372296
0.09551872820165971
0.09432058636848815
0.1087250751371712
0.044621428512933214
0.15877346547096197
0.187208640074251
0.15245638829708671
0.1726886576675737
0.0706186926760265
0.11812731131085463
0.14386587395460027
0.1792639569987126
0.1654683140175213
0.09908425234669464
0.06522390212720043
0.07434494703320906
0.08445325699915052
0.061509456175549766
0.1270909359377302
0.09394241187307686
0.09321084018189849
0.03948593030786334
0.047558174059528203
0.11572883328952659
0.08745674203983166
0.06829716395624483
0.13329917355724447
0.17442496993943904
0.06789918760428226
0.0687163793059045
0.08413838902143156
0.214947159702154
0.11080287065308256
0.07911037914292209
0.050175834426573744
0.09193875337938492
0.13448978768652464
0.09553465614211207
0.11663057574733302
0.0548101875841796
0.1272964939887942
0.09098602018374363
0.06520179232986917
0.15076887379500914
0.113065403965639
0.10194245193361852
0.08127984279999777
0.04562603125848691
0.03801199577770738
0.1785601282511023
0.11248338852912024
0.07558504236000833
0.17584279014219456
0.1337618917037565
0.10785303241268845
0.039610051110402895
0.05450065042154205
0.05304140379767929
0.0894448864621186
0.11521672146881295
0.1159027744217252
0.052905981289025385
0.09788119832131766
0.11930945753821176
0.05976812913989726
0.0872721993946862
0.051117851429860195
0.07215366068323407
0.09485103055108135
0.11439817425493407
0.11030153587295317
0.06347386750135803
0.1274935120233645
0.12187018794692796
0.038714255127026406
0.12079772519981034
0.10847455653086424
0.13471111861117507
0.08811869433498178
0.10899880278196082
0.05512939778314965
0.06230044690696492
0.08751013850203945
0.08392373311279333
0.12982654901351265
0.12984125714858005
0.13398749735073462
0.03691333273647928
0.060622182568472356
0.11603244246630277
0.14925340288958938
0.13071087857963987
0.1276341046680865
0.08070277960313396
0.17413723819153007
0.1056612871739384
0.16736562033125363
0.09452424899680596
0.08725130605682975
0.18533655367350782
0.21191910548280654
0.204661455360072
0.11251466169168106
0.16600477814023495
0.15431644152829146
0.10732843390701043
0.05737492407460517
0.06838586068718965
0.033512616685652266
0.08571788227943736
0.09496545464153434
0.07554925398767888
0.043711069323889906
0.08725914433978683
0.051537937579154015
0.12174213613785331
0.11962511465077705
0.16268694496593383
0.0706186926760265
0.16826148897101723
0.1550501649009145
0.08285008194290695
0.11696584892526453
0.06541137592465826
0.08692102521567414
0.15647027465437846
0.14236614512694798
0.19317796009997326
0.14681509113329125
0.09282797102865017
0.14528445166325607
0.049369049210067316
0.13538274828348423
0.06056207346959836
0.04167696796941455
0.07330874671662349
0.03327989018089072
0.06926370332312212
0.060226494228502625
0.14808263232913138
0.1653431484053006
0.20682599616090475
0.062164002651802865
0.06655750766801902
0.07816180516773598
0.03265928616819351
0.08593653424684478
0.08288778802079262
0.06849615213222612
0.0845391922265709
0.099599040193136
0.1572106739869402
0.1762397958107449
0.16099943046385512
0.10124521869619234
0.07455791373829568
0.08281714296355455
0.06225163689398058
0.06214360074501083
0.10195801121142448
0.02867818415377333
0.06427242174563541
0.0646309147851317
0.047675355985383826
0.07577472073335494
0.06227064166711501
0.09821574388114379
0.12496487465228875
0.08841517384015186
0.2663304589354022
0.1386287631472584
0.09850634198676064
0.12142194190731374
0.10202843074204208
0.14513946263691158
0.1325458157597196
0.1587983932721718
0.21166665628799766
0.12288626081825481
0.13350612778703574
0.12457021115025257
0.06815895510162683
0.054970661519662754
0.04218107134856711
0.07717220669353582
0.10667461755481104
0.07950541059002855
0.09524088713161727
0.08914027444421337
0.07410704142480447
0.084821935664003
0.16020313455818735
0.14563195157969833
0.13202363855389976
0.04866621516568764
0.16830320416816122
0.19762376864176148
0.09971356298459062
0.09187523783300888
0.09660355342915279
0.15324445668213924
0.15812408524408653
0.11577521759144666
0.09243623486182728
0.07274117948721284
0.07769655632745175
0.09353394482097419
0.08098541736336418
0.0767343395195511
0.10013870972223522
0.06789117206315137
0.03038462700759256
0.03579333643231466
0.10856017640461701
0.045110154172932314
0.08748472568976187
0.0750078905485095
0.06793388909196559
0.04728566214556717
0.1766806260151452
0.1325514774146513
0.0532147411541005
0.07203194919411239
0.10578387093790621
0.08060122835125352
0.11737547600767469
0.03081686800549851
0.10224398835187255
0.09267332132101455
0.06685011256083091
0.06771728383689589
0.06554099796706216
0.09481062923196994
0.06067505471734765
0.11465483046537397
0.1159230391856267
0.19707250351477584
0.056917721040824355
0.05366876929695365
0.043910057499871195
0.043290983174596086
0.07379562374353087
0.04396233901319337
0.04065991729217686
0.10700858452863254
0.08282427247441658
0.03746896726659728
0.09595344314175833
0.12372465160095587
0.06459271039368633
0.10332374297171672
0.0681402610278981
0.04733707608621566
0.050189239941947426
0.11939165102200117
0.07504821677506508
0.05286452541902926
0.14375514164574893
0.11876375939562547
0.07459900921871336
0.05613677542405495
0.1329374093017165
0.07785509199543184
0.10425152859597751
0.09062882244832793
0.034598673707872465
0.0815880903485008
0.07373360989933926
0.13510662982260022
0.12424943378817499
0.0469331784602306
0.09725758796205403
0.11182288467805325
0.11149626573935839
0.10657708777184803
0.10353382032525868
0.04990181257664112
0.06513848741433424
0.050189239941947426
0.09342419258118474
0.050432447712591214
0.0383067826837386
0.06516695058186456
0.10009070390448666
0.09202227519142746
0.09341360022638334
0.06864209812807578
0.08081745931832605
0.056903512003983574
0.0798207555837763
0.03020790031803935
0.03615018373961565
0.14231221074863315
0.0603376369169932
0.15646654015614092
0.050889529041175614
0.12667552854256459
0.12290404411796
0.059519574415736805
0.050675396367163277
0.12045046274543705
0.0671305735396994
0.09852025727733656
0.0964813959777546
0.10872480369965955
0.10737965894398968
0.11679326881517715
0.16866939675824746
0.08446581379568262
0.08775818311230603
0.0753281063175116
0.05337699261937065
0.14697196616533476
0.06346838125439204
0.07212758948505567
0.08184496735855913
0.10719412173631106
0.13515936465079037
0.1414515381707759
0.127371293071359
0.11397435338584438
0.06762177285828251
0.08219423118533062
0.08073842023830813
0.06489288775504269
0.11432976199991696
0.162518828646645
0.0598316446862733
0.08716287604766627
0.03866362999103947
0.0949950503314431
0.04068202708950812
0.0679298768492243
0.06849501609131926
0.08120381681574765
0.04751395446486569
0.3607307160291173
0.15199477724952254
0.16695061364954322
0.249874415604914
0.1463424725564961
0.14170404236453116
0.06137679739156224
0.30765498766005
0.11864704063052957
0.1796927856367243
0.10253368672415906
0.08022013507299701
0.0988116960018859
0.06851826192955737
0.06827670528306004
0.12124420549829013
0.0584527189113968
0.04192017574005834
0.11314444304565605
0.16485044798315043
0.12250094136979595
0.24214114854220808
0.08904147035591897
0.17370921068908948
0.24266114492983773
0.24402672917692395
0.08607103545256632
0.11068249351239319
0.16448032551729774
0.14973854982683452
0.1915311300970886
0.08333160380492502
0.09469626196976258
0.13156054868983275
0.12466722111996925
0.0748213136310297
0.08489001916569124
0.11916127163158077
0.12155377897778807
0.10409855084692134
0.03042511172248335
0.0376551484704065
0.11531801774614961
0.10229178743868707
0.16363617187335242
0.1216592486341684
0.08231920183866669
0.09073686386057543
0.10035437804543627
0.11698120944135741
0.12966032385413714
0.1968085930450752
0.23961109351748852
0.21540193955547332
0.22343858492810953
0.1966213175785442
0.1970049069446731
0.12134645135151252
0.14525492377209234
0.11776974257399087
0.08943271904027973
0.0773744609764859
0.054359391256537
0.07991344885400994
0.11479504563136006
0.11735270599078386
0.10638660170412412
0.04402060648652747
0.08781241789991222
0.07615765631728114
0.09002635164382808
0.08787467019918593
0.06164183775799176
0.10304385428312275
0.07287403177652489
0.11072552714128533
0.15027343209380914
0.1760124554451452
0.11488067517785365
0.05863156409957397
0.1406483032551291
0.08361821680411768
0.047889821019497014
0.039160113201197354
0.08438040336063073
0.1076701394898938
0.10148885260019413
0.07459900921871336
0.10385445199809624
0.08615259721953585
0.07840994200127854
0.07951971190840805
0.05869831857068835
0.12073219472737731
0.10038632104740447
0.10297947394057394
0.08471107730404354
0.05697912095564722
0.0936043200371253
0.058916629378947566
0.15212387813620118
0.10038632104740447
0.16665879679730194
0.05441145681323263
0.07601348322485256
0.12658275993872448
0.09179717502529422
0.09551872820165971
0.03982726251484689
0.07952146406286012
0.1298858818317969
0.12002446896027985
0.11033024264656216
0.11631989889735583
0.1423776062930006
0.11432910751576722
0.07299854699351561
0.04064956283167076
0.07919715817795865
0.03601685985261343
0.08220064321863979
0.0575960220479177
0.05471414631995817
0.10569059256082311
0.11301967981671718
0.05618017824941981
0.08980760874762218
0.1473384984983321
0.15436695678859516
0.09680754715143117
0.132604648648499
0.0987521787869348
0.05615888522138621
0.038617084690087254
0.10867841939773992
0.0511620710245227
0.10302250756946674
0.08342574895891756
0.09702047072200023
0.07698084220781659
0.05113996122719145
0.04589993925968416
0.08231477546426015
0.08936637375115343
0.07754659926490355
0.07710262255748368
0.05722750728485383
0.10735433996145413
0.15091893652720126
0.10080501571367864
0.07033126531072019
0.13044861714120815
0.18562659522855263
0.13855771929489547
0.1241243919369829
0.0364604857459642
0.2197727427557505
0.08182835992297247
0.10435655006514498
0.2798109983757678
0.11785309630082814
0.053903685893598195
0.04414046040309289
0.11184029822536101
0.16133307471926928
0.12199682000766437
0.1741626128194933
0.2072478747864239
0.04823644688689479
0.11729399474659781
0.08735161215470637
0.07879931768859066
0.1287460125043273
0.2985242836296532
0.20091969540363255
0.08240321465358517
0.12479405431313831
0.06882779909219493
0.08882141003482848
0.07880599586966781
0.0918329633976238
0.08578601364526703
0.15408531189758168
0.06123618171670131
0.02989759831169069
0.1312095344942787
0.12879418088920527
0.06409630246330647
0.08792467802638675
0.1698154634185073
0.17442496993943904
0.08627480157054897
0.048862652102072184
0.11221538168458782
0.08589209359091861
0.044900700318646986
0.1547844155058725
0.053589156496408656
0.10999624172299052
0.2331275014481613
0.12697656607339441
0.21383972831016493
0.13205895050591163
0.06726701779486134
0.07133305659868869
0.09772937121564712
0.08610682382489589
0.10436467931921248
0.11306347163920984
0.11598565976063915
0.10584865803574794
0.12593928222768458
0.07872833522846857
0.04679354255737372
0.03393152439422293
0.06546710989784423
0.07561550687289
0.06135468759423099
0.09038118800049476
0.13990549918788334
0.1619731305040587
0.1512412796142954
0.16837501596832904
0.11162857275597131
0.1669836316314429
0.0433491902869038
0.11469825131309729
0.11591115236146561
0.04119259134278086
0.13774337123209643
0.034521098206285246
0.11132232460715977
0.06821569680791668
0.043271614785316694
0.04875210311541592
0.09587635206791646
0.09832488350966116
0.10388108277963187
0.053840903086921424
0.11601662201784593
0.07813013059771674
0.07161736216393955
0.07578222048029702
0.10699896639736749
0.06447216901793779
0.13984867028774495
0.15889737733675285
0.1887906849199483
0.06296027708813742
0.14454616406859705
0.0845180471455442
0.056306531862400505
0.055478234148865296
0.09156677420076356
0.1086435392967496
0.061809247588381695
0.05356801457659752
0.058339029346435305
0.1402746429852134
0.06996861404706871
0.1147083786472939
0.05854674333316163
0.16511263815744073
0.060472093887794176
0.0941145463886482
0.030890564732006333
0.05865660707831578
0.0782644247609178
0.11373544726330846
0.2708460775834791
0.16523119677746792
0.09321490554856857
0.145970069204524
0.05854674333316163
0.051184180821853956
0.10702463505650125
0.03922217360246702
0.06028107193056742
0.0381981769815166
0.11871415047357167
0.07129043768046245
0.043007858079920365
0.12212943879788925
0.09523285876893099
0.08812782059681985
0.12944515570967202
0.11563606468568756
0.07014520976591683
0.10383487670597172
0.07225672373336026
0.07673027027455395
0.11003258911424264
0.08956200908833062
0.10816697547847501
0.10794467106615868
0.18979264665555703
0.10454358830511716
0.13368278946147233
0.0972957580104204
0.11047946505790272
0.03255068046597152
0.11295800198282951
0.06270977967245088
0.10184711697544613
0.07978434796733141
0.07324327617095658
0.13885537282721608
0.10495902086964473
0.07059752979701993
0.0505872162939101
0.06980358546731892
0.03338849588311283
0.027803059768837415
0.07819210369829621
0.045855719665021645
0.041751134954208395
0.09447937523442845
0.12381471884807627
0.1721429595249874
0.05166528405704715
0.13065159926962625
0.1290875122423861
0.04567884128637162
0.11945828430437097
0.11670120164646279
0.07212215889455187
0.1622650663404136
0.09219084712091932
0.09927858185578942
0.2995498217970995
0.1265834729296165
0.07587134933864473
0.0779470749337586
0.05277663789665792
0.03580885153263211
0.1268996226123682
0.10244242404008588
0.07354510513722404
0.053513436874532715
0.11380175923386886
0.14475883455155986
0.059128047309731736
0.050098258924986636
0.1661485694761867
0.06331712439543831
0.15719639920569398
0.11707397804519644
0.0981665373822602
0.08336415461861328
0.07891336098665651
0.13025502562912694
0.10389687068355961
0.03498655121580823
0.08224167961330459
0.14032737781340357
0.1250309039082432
0.1983356888223254
0.26669756495859653
0.10496389826380152
0.033419526083747604
0.08461133515918637
0.12135837056950165
0.2059266354432912
0.12065316403665514
0.22904439312013383
0.20285088227598647
0.11879594106082939
0.06125361605321991
0.2131822516227116
0.07019860652673268
0.1375785115704199
0.09455287969466959
0.08307007309883689
0.05730658716803604
0.08676600467123972
0.10580259267872158
0.08627115583956274
0.12546096387282235
0.1547380312039524
0.08213944160751828
0.06799339239560047
0.055163252027630956
0.12331543328917194
0.10246377117303357
0.14127660472082215
0.034203856471450494
0.06495589577813218
0.047602393654190715
0.11062789617888165
0.11816342462679412
0.13922733945157106
0.15599690473655714
0.13140247052979645
0.14359693716117847
0.09290775674505888
0.0991925145980038
0.0348314002126339
0.10037562935412253
0.10943728204960256
0.08808905467997497
0.04778277815772904
0.12036506001328258
0.12002084300721617
0.09805641425814006
0.08974253999443842
0.08141025241846052
0.08659949168398647
0.06587907319493862
0.057322780604417964
0.038249949383070074
0.08158998707666429
0.10159907236517955
0.12002079098213991
0.049306988808797546
0.18315614022082186
0.16178844509573886
0.07891935718569533
0.04147186314849463
0.13205895050591163
0.0726146074566558
0.06967655437456671
0.09755943215137002
0.0822393673035394
0.1179204077207186
0.08868678527037069
0.05503622093487886
0.05965342835682224
0.05916581765843673
0.06567507495287327
0.0499385973892885
0.10304385428312275
0.08443438533473417
0.06394261573449961
0.07917800337684255
0.08942893410108517
0.1036330381693653
0.14248950576919045
0.10832305916456322
0.1131270449337062
0.1664379334888566
0.19548800810006967
0.0928313994810504
0.11994980476421531
0.0938193879812744
0.12107916552407877
0.06405542852028308
0.06167280333321974
0.04662956257161554
0.02542924942027036
0.08339591239180136
0.12356778031394758
0.09247572362096973
0.0888644436637214
0.09196286494400606
0.08869998101546185
0.0671359325195233
0.10470081909628767
0.09828509600228709
0.05693272812798009
0.06849615213222612
0.1136996588909788
0.13172593804099325
0.05127740654911138
0.1325866106188505
0.12257517522870726
0.04195283125833506
0.10927152812477782
0.09485589742568422
0.11469582778725355
0.11034825426684716
0.08803254727725562
0.08981098257578611
0.16896798851357506
0.1532073492406034
0.0857142810927625
0.12811111321399454
0.12461761219791548
0.1183896892863924
0.09613559179024192
0.025879187329475906
0.06663794927762105
0.07642772491368967
0.08225159276438858
0.09164581328078149
0.09082723131780344
0.09397125086341973
0.1457858609334597
0.1464434391223453
0.09511453069818927
0.09422531304892415
0.04058750243040098
0.051903394663621184
0.08614261219722545
0.10502208798685801
0.0688826100448656
0.04848678554744087
0.034055645196762366
0.04566094023420119
0.1328448123922067
0.04213901246214417
0.06232773575799727
0.05147160818716026
0.06344657865032557
0.03563818542914033
0.09025559140041867
0.17117725230451206
0.10088585667523865
0.1060497394899488
0.10136762012298604
0.13392008925717339
0.18295770453260887
0.13667579392654952
0.10294321637432041
0.18045858206593948
0.08571315172927091
0.03331092038152561
0.046452684192965506
0.06218171990218857
0.05706098750874448
0.04428592405450251
0.03186801605200453
0.035777821331997216
0.07304406792461035
0.07723130748716764
0.10979164264381185
0.0994018300785751
0.15497827249454124
0.09691173226668301
0.04819935818213456
0.08533568609450821
0.1470382370852905
0.2684485808439501
0.19977069434354458
0.152136370772915
0.1364610636925715
0.1898045634552077
0.20979619758257637
0.08021434471779092
0.17492142510599734
0.1824616153120753
0.11010143846496616
0.11623906061064292
0.06292809048070999
0.06307093755145371
0.050189239941947426
0.08428161683608887
0.08627115583956274
0.25244162254519376
0.0835311730101706
0.08042024399247726
0.06481102120194553
0.04629705934721584
0.03869466019167436
0.050211349739278675
0.0878201149997425
0.06423251531416684
0.1525972480540225
0.14906770491380295
0.11928219609429007
0.170808108507182
0.2584599751304171
0.09264564925499161
0.06549324247775541
0.040571987330083645
0.10682131664422272
0.08768151220739606
0.05348359974430437
0.05613316657364294
0.11276107982717411
0.11441542633756897
0.050517166633557285
0.0717241825425893
0.08789145697993025
0.08947223858028859
0.06942249218906239
0.03158874424629076
0.11643214005911894
0.057640358336298325
0.07536376279708938
0.11935422171904757
0.14991816244510434
0.10931025531324488
0.07174629233992055
0.19332596924175055
0.18451675303636733
0.1097629379347278
0.11970805999114105
0.08353006101716834
0.1160186634951053
0.11871415047357167
0.060826848951215345
0.10409834829178792
0.04603259804367168
0.12481604788612846
0.040959864838019416
0.1472888895762783
0.04334919028690391
0.1083537292843023
0.1031865578708855
0.05381361423588908
0.11728225789440333
0.03402461499612748
0.07504760647701779
0.12203794825114322
0.08579614764585965
0.13200972326332397
0.10901138211580792
0.13090829909202925
0.11323441005069412
0.14881768515198177
0.07993431511430461
0.05914370786110548
0.03967211151167256
0.11811884340893158
0.1883542035704191
0.09907686890037241
0.11554200856413664
0.13498587690705716
0.15160486579491592
0.10349997277705687
0.05618774427570774
0.09722149682358633
0.06040396630898695
0.08952170270492442
0.09930879040997055
0.08635734243120273
0.10567524998396288
0.045691970434836075
0.06148734637821852
0.09818528601456843
0.07490799335828988
0.15329156914472858
0.09155409521369566
0.14570633028877628
0.08915608226021698
0.03568473073009266
0.10189672589749948
0.12687999662497065
0.035374428723744
0.058480007762429134
0.05782507533765162
0.13363005463328217
0.04153392354976441
0.08974746702940996
0.09454488267757662
0.16684137921755324
0.08252798659194098
0.10909001959522928
0.05479601287305542
0.21842367773963192
0.08006134620705682
0.08863418815322908
0.05093607434212794
0.05821265639100332
0.21837492353449942
0.16623698947075727
0.2032047956320064
0.15780431715005597
0.12713436020882857
0.1229057694278698
0.1404328474697828
0.07863224641359488
0.08994647306039616
0.09824557646227812
0.11030186996492818
0.09785847210232566
0.05025340992816096
0.08216673045855073
0.04922941330721043
0.08866028729833014
0.12837289154609366
0.19565758857825602
0.08701629853523828
0.07790966969749663
0.13938592398391983
0.18360262051930165
0.09695146129755049
0.13037496248956384
0.06133119155480713
0.21120298690066874
0.17551819846395564
0.20851351066298238
0.10148723698948862
0.04122362154341574
0.07396385375495253
0.07626502143426983
0.11424934748877377
0.09273747026407728
0.07923545633762237
0.1278292235323892
0.07774302876432963
0.043535371490713015
0.13637226569915872
0.1185582757066254
0.07018692485532793
0.08733818341980476
0.05127262001117897
0.1052602562718946
0.12424325521547443
0.11226499060664161
0.10410198051040552
0.16579301750216272
0.17227129732957952
0.21244010279199713
0.22264484217525649
0.16837501596832904
0.1192826449743882
