0.29852574773823376
0.14269179914090876
0.055666384167581344
0.15342389029329606
0.136081968166259
0.15285196688809893
0.14314370512789681
0.1584701053384584
0.07177568698767367
0.1990626984509025
0.2758391212274238
0.27030634348175536
0.4401152633470466
0.18037548357473693
0.434874529904389
0.2483475617765362
0.18652872387409392
0.44372629410715364
0.26544282572861283
0.4304435960392521
0.27989400136369097
0.28851866705035367
0.22278420976209476
0.11423939963553002
0.16401349262510717
0.12669286993275192
0.13203078143986133
0.16716588251055806
0.16052654263143426
0.12051688232272964
0.1598946055473827
0.1968161911501286
0.21467264890733462
0.2987124294341954
0.27471843784423755
0.2658620903136765
0.28580042359840707
0.2521981222627302
0.14994432029450158
0.1539097236997074
0.18135952027067637
0.2429924466844366
0.443237913705276
0.3116570841272873
0.5728427733354151
0.4529574196328936
0.3391198289037345
0.21383333238392643
0.15187874170325547
0.1422179761319733
0.10172073429831396
0.10495721657993706
0.08405307768973325
0.21876512666050404
0.1440615377943745
0.25876627748131803
0.11007847383732967
0.14425541507039555
0.07515226777276411
0.17479072956101846
0.15513209446401752
0.10381487563624898
0.1640301532968699
0.1281256305491309
0.20704658851423305
0.14856821330950876
0.36639981110728903
0.3169875929778111
0.2635778878429321
0.19711084723308603
0.29220305902197347
0.1541346248066993
0.1696342632699204
0.11080192281792761
0.11388610005100396
0.1467192947168596
0.10362454740515142
0.21182257614458927
0.26095802217119457
0.21849153072879246
0.14589010445122286
0.11774170469752683
0.0880283400250007
0.15765624313995255
0.169568770936261
0.20396993798655957
0.137141331761343
0.09306694413719191
0.09594614648701537
0.12240093828661133
0.41462848851844897
0.18322297340201638
0.26006736342742265
0.3236330794759462
0.17919986197938423
0.1327909642018978
0.10010249315750208
0.08054679563581794
0.09066215581091888
0.185412846604336
0.0510996014397146
0.18734126666279483
0.22276095478761287
0.1309531922953152
0.09343998231588098
0.1468377069941934
0.08558262715908384
0.13762189294529897
0.17941856772570658
0.1358252820598532
0.062375056814572984
0.14521567193065774
0.11023077888587644
0.19599688764614598
0.11870844797507794
0.17031463445461528
0.21733930427654002
0.10833785176006488
0.3904775416636982
0.1723712386930441
0.05872640762474663
0.06071681801937694
0.18753745865710372
0.12645126655612976
0.17431853382235618
0.25337222526548236
0.3426202414125187
0.14199702497993116
0.19567387502120248
0.09996444506916913
0.15290340869302013
0.14496614958379875
0.06216777139116349
0.130828883973309
0.05128562110276412
0.13211040255052392
0.102555224608201
0.20721101854816568
0.2542774570107665
0.35500474099697255
0.3485814547770065
0.20557373927628583
0.1517143329105854
0.1406686098540299
0.13965933188372187
0.0751390134045505
0.19138778744120177
0.12816853933364178
0.18328470626446688
0.16319672066678656
0.2147788655917543
0.22061199296034167
0.21066067755557835
0.3294929344003219
0.34893423564150455
0.10159473235947761
0.17181317730648077
0.2366344431261175
0.08567135581747563
0.2521990422444681
0.2556600813809174
0.5189738270081795
0.5274046308834948
0.25863301056383986
0.22102785766173333
0.5472287083923361
0.20869309304942169
0.12818299499654365
0.15662219560361018
0.1361924820371537
0.1756810490811365
0.0809709354186626
0.08199152177113235
0.13814483173239353
0.19133607134018726
0.23291997719670723
0.20542143422773845
0.25633948125666006
0.1587740768342056
0.24549979721128928
0.07445437013558724
0.5763763033742966
0.36279062563890524
0.3338162384012418
0.27886853190895444
0.16097211541993822
0.3069898634775056
0.20080800479592795
0.20345817968610627
0.2673334364620863
0.2769732398732126
0.2307465246999229
0.13593502933008955
0.1979462931845354
0.15287761091864954
0.19363234193547438
0.1710392440753705
0.08055581508361258
0.20551662488308076
0.23846666280327802
0.08686912927384416
0.13073484604651356
0.14311823984895056
0.25631455668362724
0.21655208853191804
0.13657948232564132
0.16192405802342832
0.1299949850521558
0.09125632515264252
0.37299550369964646
0.3028676775232255
0.37571878592966773
0.37339224281263783
0.13127407621407575
0.291979210323536
0.11292689670926977
0.1494207091530235
0.1281454327665902
0.15173106788273774
0.13117215424939496
0.1037578143226296
0.10301532721096307
0.2922734262253605
0.2366982841137002
0.14619380847403177
0.11287155765555563
0.1202799708182619
0.07574720679378161
0.19301180268985277
0.13636094018451525
0.14621284660510037
0.24377490463245785
0.19194570091974764
0.32907007970566493
0.36280966376997387
0.3830917093182167
0.1908125920928475
0.2283433440340591
0.19805801773501505
0.11770375515329556
0.1596645431820018
0.12108858988936597
0.10314859412844189
0.15916594968804634
0.05760098866329675
0.07544957533290246
0.07452877800080686
0.09829278995538848
0.08983810775375603
0.08726676032026089
0.18038033640223697
0.122783486877541
0.1088219571868171
0.16938483070861535
0.08807741733778177
0.1380483336533414
0.07767059773340344
0.28176259422905287
0.2829434097857997
0.2932490602301452
0.38049940694454953
0.3499161636019346
0.1811116432664534
0.11433377967566088
0.11111103613637005
0.1722513416653891
0.11019270262373991
0.1322440017938822
0.1542356259239289
0.15639824672667985
0.13723572848663182
0.11282092563955919
0.21082838147090535
0.22078828997181235
0.1520879422093921
0.13203300922741285
0.15460606180146225
0.09879263062831856
0.16353634364607467
0.13797319659435053
0.19291575674142133
0.1532867683936544
0.3617425078179665
0.26093662442311316
0.2709689741854526
0.29758454076190427
0.12490916604771306
0.0584845820627822
0.16864602131641226
0.20039761886187296
0.17735969879610441
0.185961263714378
0.1396119495828282
0.1836281433137997
0.2809893584417704
0.2556719925073665
0.18373174906557888
0.08485446530533257
0.18581256607827165
0.0848014478324774
0.14759586728339003
0.1857747845696537
0.0901386644745874
0.18380052776611452
0.21987756729649224
0.1460377237322398
0.13232879436205797
0.2766240444234518
0.22211732301995185
0.30678838469645164
0.33965514039371675
0.2186456274732599
0.05171346632777812
0.1371717610868103
0.10098475059920657
0.12986343632181682
0.052838885289228005
0.07369428726923609
0.08567623613459395
0.27235459029206394
0.3442387871567967
0.12350775528175663
0.23001737968771058
0.20436996856185288
0.23265643204524725
0.29275154607076287
0.2650904707074783
0.30334317765659
0.31123435205791733
0.14876475589880694
0.07198030861702795
0.19586852005817154
0.31284663768056375
0.1361488702930926
0.2503942120125429
0.2519907587865573
0.1714186349031949
0.0949646002313936
0.16416918546613316
0.1971414341729988
0.1282758112949184
0.11651336213843934
0.15014304683539328
0.1625562557912668
0.22407946818079505
0.12689732127979672
0.31963495713638235
0.2796110349340447
0.26881558655273713
0.16686000462737532
0.12829726568717387
0.12908969171850634
0.19740531110977302
0.30064726251197144
0.21775814316004444
0.23566925597475652
0.33477771800393474
0.3334990582589219
0.3008967560068315
0.1952762410017022
0.06014015706392324
0.1368874672814496
0.12795590356301614
0.08912440001044536
0.04518417615473853
0.1244764243170845
0.17884420325629094
0.36413077129679294
0.11817816917684598
0.19834274502908839
0.19669386819732643
0.18866665369033114
0.1271172741131278
0.34174132511387384
0.18827357260049807
0.19450552018727724
0.13412829583069757
0.27373659078639645
0.2361000609940481
0.4476279721601987
0.3576428872352687
0.2593192279706829
0.0718872987855031
0.14380528321190694
0.14929172028117188
0.16578089814034727
0.13880645046763765
0.07089761557610533
0.16041531689602392
0.18848912352818273
0.1394624623465654
0.23482668322840514
0.2087909881327086
0.17339396989675498
0.07071421228539693
0.16026631219523166
0.06468833782548508
0.11101288151080795
0.15318718421109392
0.09437567247802092
0.16541532926263577
0.31164532682447416
0.3914589757778159
0.2776627445691309
0.1382695692073152
0.35433738658450853
0.22472441254005376
0.061628314368319725
0.13361808851979495
0.08195911234440732
0.07755130841947881
0.133807617723369
0.14647976287480452
0.18940725942705477
0.19519206073944917
0.11977806103761279
0.20803199207310613
0.18153007415841393
0.16783577197313188
0.08395815801152247
0.1280612673723645
0.1760868807478517
0.12782048799686524
0.12288372647813986
0.18163504009636997
0.1666052075635784
0.1749769791688182
0.19959021115180234
0.08404368376579166
0.2463607862685312
0.10435164094796684
0.21427329362899297
0.10670872463822775
0.0822699353253538
0.14506088528443553
0.10924079607032086
0.16277762100012333
0.15091019512434456
0.33106340144982765
0.2796891835254596
0.24026217121789453
0.16416918546613316
0.1545563229687545
0.1513147145016403
0.0911365698344693
0.10472875900711659
0.09763123099114797
0.17412684724581076
0.23428723038102875
0.2273723993495721
0.12733976034057762
0.24622212659330261
0.14028423317582678
0.21548880931547074
0.11376121102654836
0.09644717199237457
0.13412262895141044
0.10993230591656816
0.06434995767844283
0.13533391356091998
0.10480491153139031
0.04949983233748835
0.2895284217583536
0.13595129395924785
0.21748317429278935
0.03901762432464553
0.15044837800341576
0.0454539046661604
0.07435700567993064
0.1252314212616375
0.12243586550891837
0.11887614429853789
0.17906169339905156
0.18537428221274227
0.41379578175625414
0.11419963653088848
0.21948746434287383
0.2771129146474615
0.20239349826677416
0.20083567347311637
0.22363349989412976
0.21834760885830196
0.12904046740045336
0.16872094839340832
0.11946949310905608
0.14230052342680935
0.07338943680031673
0.1517143329105854
0.28644941229017645
0.36773403723479686
0.32784854808688707
0.178299598262407
0.31574205639700986
0.43544063359701046
0.10422681720666932
0.30094903358739156
0.3722799116134112
0.1674821967507322
0.35547745037246753
0.35131567318185153
0.13992399054587998
0.2971647871292718
0.19214553703918574
0.13214884421519388
0.10465649141688685
0.16303208822680665
0.1511835808569392
0.15015487294001195
0.05213201056963964
0.1492032080689323
0.05817764961875039
0.34804168707010497
0.24832937608891664
0.3094299959124548
0.23705437550544775
0.3798636928612545
0.3126555422393639
0.2704122709499302
0.3215437683159853
0.20153765548979044
0.21228988529354856
0.38925633081657046
0.20697538710208344
0.22740790832327448
0.3475526167244579
0.16827804051334425
0.20159892971796253
0.1537417727713843
0.11907187701736043
0.046932760987404405
0.19337943438682348
0.08405307768973325
0.1259158281468269
0.2133217962683621
0.29538774681685864
0.27945466021928206
0.13008810710322574
0.17906169339905156
0.2002165268882283
0.08818462310870115
0.14093561950142952
0.1513864513548738
0.04992767756250236
0.0985614780212171
0.09506275485695637
0.20336385536140997
0.38780211241183066
0.3328579474675278
0.15848248073349985
0.2557635785768113
0.21386354953013906
0.1592519133032021
0.059856726853933666
0.14918384026016393
0.10971776199401426
0.17905854444449418
0.10815159135937195
0.1285761727864941
0.09733478869068306
0.29401723449879313
0.16963773825726622
0.19068984854255464
0.17621477702309105
0.0681407069876161
0.08914888060663356
0.16252597853315792
0.09679665106604889
0.24206413750202888
0.30649233552072197
0.2561770916560198
0.2526550374083705
0.09386552197480855
0.317023360178358
0.21625282127813572
0.20087726463818106
0.13322884121647013
0.05666158936489651
0.13127266462556444
0.104881064055664
0.1654112504045051
0.051555349614186
0.11099230412861155
0.06830642027179916
0.09563270877377947
0.1632700044445762
0.1985138737797855
0.22094635718971894
0.33317192345948776
0.18848959928787581
0.1407298648574091
0.1882721573547596
0.16306755126727526
0.17358645530668784
0.3404451739270406
0.44954269347617776
0.16036460101987254
0.28955324076044875
0.15438020483343212
0.2855326224263185
0.21114618967951562
0.09977884492933997
0.10765258763013272
0.09142110539032425
0.11709289295357185
0.11250683298721421
0.09841368398814375
0.13966372951758046
0.15820468849117425
0.1904391704018683
0.1544000584510784
0.12739618121244806
0.07881816432641782
0.056622661009744155
0.12252603417047685
0.04141727797798487
0.16008163968979156
0.12257801241159874
0.17998166994412795
0.24760703840654685
0.49225293000445186
0.22776854991575374
0.15407004392407736
0.18460144428124847
0.08282654696860735
0.09848425201669087
0.1465829539722862
0.07970155595647746
0.08040499743967303
0.09123472446003142
0.17896370411374987
0.2115617620303048
0.3035906448033947
0.2643516152268463
0.13461311683855892
0.11259265055623538
0.1005689336465475
0.11055448329197437
0.1300806920656789
0.1623350327899851
0.14295732619240867
0.19146307625030642
0.16678299024828408
0.2911499714958839
0.08076043671296687
0.14724090568279247
0.2079359697391454
0.14320759869519742
0.14183498720031865
0.11404919825076092
0.10791559304456262
0.11748441506554275
0.14192403838400153
0.10231091636143372
0.11987951601992344
0.1999091019811371
0.10495229389256293
0.23108348145781507
0.2947637479520592
0.11027672181909144
0.1903129303594373
0.2139073973839052
0.21109788137569474
0.23464486977553867
0.17118166698041481
0.24912910709439753
0.09180070371495849
0.38069309652918115
0.22608638558719724
0.3640839896886435
0.1928562677226126
0.13363752270288634
0.2038347195743398
0.10728300573944576
0.17883725033942474
0.07166636893251087
0.07835982488052591
0.045770138093344646
0.15040500070906415
0.16296730166161133
0.11021128540205026
0.15980791755488896
0.30826212569064293
0.15773269186155559
0.1437229737187921
0.09187928045869553
0.1968139388091621
0.07052005426208911
0.19423144323430866
0.24116520080416212
0.10193877535115975
0.29807928133843115
0.2897152343109154
0.41813775273055426
0.267473088544057
0.15491327250334677
0.09007322805754622
0.08830644479742691
0.13502555105437233
0.04736060621241841
0.11026885514801298
0.04707227573469156
0.1407373739518832
0.2007570921159874
0.16216480969197303
0.07928763065549828
0.243953341795785
0.15010712923074843
0.04643980888032307
0.15281938627201344
0.20728450473200333
0.11591808135581971
0.15361341949687013
0.2622651279504803
0.20596943057281464
0.1907798738843266
0.21711844962444796
0.3227928284592769
0.24902113090819844
0.14723193834324658
0.11740815429865263
0.1357029097591109
0.13079471605763662
0.07565753286571186
0.06412463341880668
0.04654211969500035
0.07002710215500732
0.23197358713811952
0.23104486726078702
0.0578242122589562
0.06152677724888395
0.1441763595260672
0.13873537701629776
0.09645894758018975
0.1262501407308483
0.0912510835642922
0.05858430750540005
0.03902692530779801
0.2152341018089249
0.1405095574354631
0.09480492127320937
0.1997874717176291
0.0919322979315507
0.16983296909359014
0.1836118410639004
0.17429072738850326
0.11982278074629873
0.12604792557349323
0.1354173328624781
0.12250693896025888
0.04759313079123035
0.11337898462870766
0.259925733125464
0.2392821544668744
0.13907580163051655
0.1683257240721864
0.10272363011876091
0.14067274886063155
0.1813813765223083
0.07993058341612261
0.15669756892868333
0.09806541313318645
0.28423647123948526
0.28070558292369663
0.13275575203033677
0.33330053567766604
0.25824651957801187
0.3265587591656962
0.0599913413334836
0.07219654366106652
0.1792698700896003
0.154229188169321
0.1199719858624543
0.0877011579397941
0.1654133642889815
0.13785868379268482
0.2432730123123295
0.17718259650918072
0.16344621818596397
0.13310304955237934
0.18762578765502716
0.09989307371575021
0.08374225470878677
0.056196540207272556
0.15813044479367222
0.11483100621550464
0.1486878986224188
0.4004791032879328
0.47577295648530626
0.4036720610896441
0.22501947910126158
0.2323271968789878
0.19258909829729134
0.07955271801977612
0.11055448329197437
0.09198724325600804
0.12449983825797148
0.06498616735270961
0.1748684200608578
0.1210150917968921
0.3861898267891843
0.3701381557954821
0.32621287408971894
0.15687870217961863
0.10865061400720175
0.13897261053303486
0.1563600919531193
0.15396422424220563
0.17296531036287535
0.14627338067984183
0.18149790357272108
0.23425809561768296
0.1945991097697864
0.16766882031915586
0.19845186514729676
0.1436800649342812
0.19720322888309894
0.11032596954121808
0.09560949422536641
0.07560291629203668
0.16963773825726622
0.1226727770133861
0.07976478791119876
0.09494824112713346
0.13011179825367258
0.31812608275864107
0.3784354838902064
0.15941947101721507
0.19980518556256902
0.23354623792853194
0.2354190462182873
0.16652899268626123
0.16803888021571575
0.21767429030494212
0.16500348196958395
0.1763765587314809
0.17836824997958142
0.2683042802443633
0.13714294790913445
0.1799484148582561
0.17431948498734917
0.050253211972839086
0.11539344475854191
0.10199418078207742
0.13458313984689785
0.13270375136104146
0.04696996492001428
0.18833297648409947
0.19389426325463235
0.0861922108740143
0.32767293291642235
0.34272343250999965
0.21986636125924813
0.1602820254646278
0.15759353277192797
0.3364302665922151
0.19283109450248348
0.08934524416270442
0.15578774987141497
0.27812580548666255
0.2457532623898522
0.14303347871668237
0.20960489838138763
0.29087529439155874
0.08735761675032606
0.047165285566216346
0.06584770128661241
0.08472380096440787
0.07572629362121
0.09145918165246143
0.1381212839788135
0.251917473862675
0.15174691642230465
0.240767986315195
0.10961895311721447
0.12748051348120754
0.11407300362185652
0.11921386904815742
0.1556864250031613
0.1463765717773235
0.1431140590925538
0.09987019594879526
0.1991182145221843
0.21928153736211506
0.2886518512093
0.21359941242809763
0.20938238764857206
0.20190165030495963
0.12542095046521157
0.15309908613491413
0.13386017256672866
0.08119762900660825
0.07556270257860603
0.14798388745286223
0.14615061632960635
0.15940311191295492
0.2724245389874326
0.1638802322365502
0.10806824274394264
0.06749124294513516
0.11568388763158823
0.12600164571584807
0.09720869723510969
0.08308789053837226
0.11289301204781108
0.10240610701677537
0.16147888144519906
0.24255067462996036
0.11711559753794454
0.1844863190040146
0.17199986271138318
0.1883920283527316
0.20282357564881776
0.08824100838038572
0.16231959633819523
0.11478099856628454
0.07360150669173937
0.1641413790322809
0.2019782910409379
0.30627117732470616
0.3611221564445585
0.09112378147050361
0.12954162043798564
0.14931751805554247
0.15925516826970962
0.17466427578669333
0.07806564553044118
0.06575492070911503
0.12305183542053422
0.14402897430962205
0.12522928759465432
0.1293187191781515
0.19534224148523738
0.08230439991627826
0.2001288337907311
0.14996335842556952
0.21091180077246277
0.14070106141584823
0.139493493830594
0.052810982339770544
0.13745054184518488
0.09336140801387825
0.05517343206049995
0.32597495787194936
0.14551423239590836
0.21860696236470264
0.1800728373245736
0.13920920002523324
0.07262068344391116
0.15913621016082483
0.13154355735756043
0.11954387364697847
0.17513847744041236
0.07927437628728465
0.22993140152768593
0.21113425224328414
0.11503466172836349
0.2141494668197389
0.06642762167499815
0.21231048483239195
0.05461537307135128
0.1446739186688807
0.13612811886038798
0.15734010870413945
0.07586800365631449
0.11878742834011563
0.21135670371410548
0.31902321559162417
0.18759720588104506
0.06639971872554128
0.09113553342429866
0.11105941866432455
0.13149125596563585
0.08761347917664998
0.0870304346651188
0.1270082575451452
0.06764489611659137
0.07214364978819097
0.21497154011495215
0.13090014048039197
0.18379411733406756
0.24547005768406774
0.21040322484851418
0.0975952162189524
0.11264862153155995
0.08668356811885007
0.07638065779162385
0.1521555039568058
0.04643980888032307
0.10862392479844983
0.083996234273659
0.05828926141658014
0.11537927530192506
0.10990046242110314
0.4459442106824085
0.37602658218528645
0.27373659078639645
0.22144809519501982
0.13231243525779718
0.09987233150950243
0.17341585260023862
0.3545763832078819
0.16093453885306974
0.22712490364568302
0.3423103670983372
0.2941920701611945
0.22439783313936798
0.2753847070367207
0.17762576286791487
0.07126873788609414
0.1475377945445433
0.1320809672826795
0.0994742348322458
0.0995269256727093
0.10151657966441843
0.11761205335439111
0.1530211407357011
0.37813969396238956
0.27702384517588763
0.2054258058452657
0.19712295604243357
0.09637251128320425
0.2963053591339969
0.1485693825988021
0.1831325929535484
0.12581787086643445
0.17795304760662262
0.29531970939530927
0.2748752859159992
0.3398598795548918
0.359610363159165
0.2693887311646171
0.20315071044825125
0.08173008488476219
0.10334580749416648
0.11441312933246892
0.07570993451694921
0.041184753399172935
0.15096857561524407
0.23772649082270586
0.2846783308366404
0.1849583156336333
0.061433996671386715
0.1823779560205306
0.17231082071983148
0.11926496654765886
0.0481796284574953
0.13593780739959846
0.12481679574752066
0.07778754075801499
0.10170625077234795
0.30343239623825397
0.1282890299422553
0.23095716840010558
0.3077884867075552
0.20996638202147225
0.05120191225439188
0.04819769469614144
0.07345237812901934
0.06790664178475744
0.061606303458167304
0.13076470119176745
0.07572629362121
0.11118395260472293
0.11795506833972681
0.14345339224589798
0.1796017562543626
0.11499684426863185
0.1191227626248162
0.13128487377067313
0.0584650181914751
0.10777604664975306
0.12771495068528982
0.12112909437208756
0.24677454059564286
0.12270894092420673
0.18555903861678344
0.0976714393681661
0.11031896117154237
0.25982331791930063
0.16579786425838097
0.0697047224368551
0.10409891506311669
0.1293074643579271
0.04518417615473853
0.1593633690933426
0.08074853862914043
0.19381730180504267
0.35446141984850565
0.11321976546361114
0.09999892230232733
0.12785022752408612
0.040031431488265656
0.13961610437423
0.13956049150652483
0.04143587994428984
0.12070772935441786
0.10107567998300185
0.17056241843027295
0.16142431332873017
0.14646913592748115
0.19692084251357006
0.19322533003386508
0.1908385461786603
0.11662607630024711
0.07994111235609566
0.10101906550503612
0.059710928803580865
0.1279053653281582
0.0654036988329223
0.1059256615646263
0.0939469619000623
0.11343088317448292
0.06554285081769304
0.11244921850017657
0.09978579126448447
0.12120594269071172
0.03265575184835054
0.11479457507396425
0.0717005789174808
0.1485199579449563
0.047676839639602654
0.28426517327579287
0.185528601416751
0.20980551213912585
0.27550698017751485
0.24580887525755737
0.06060520622154718
0.14601158416034313
0.09328369752639358
0.04920021480996499
0.11089996008320731
0.13445240256720054
0.11611617827412174
0.08834918730765604
0.16105550539404845
0.15379043438578213
0.06497666830321186
0.13419384977296037
0.09919484692063475
0.08144512471049731
0.07099319075396084
0.11810782521974411
0.04531668492329475
0.09044699694242046
0.034302025866339146
0.07891305327840356
0.18789451419334996
0.12537946834044186
0.1611104777423402
0.1788056368958433
0.11825661011165577
0.0674249711040657
0.1268647490917644
0.09604342252710435
0.14453666405371218
0.10246422568228938
0.129109303586037
0.1048163572667017
0.04735130522926593
0.28081717547806234
0.21162137271202622
0.30028000635280305
0.1607543606109202
0.1809237376157908
0.19559237543751465
0.047955869134177015
0.14112999245413166
0.1273103636434262
0.16603554166438772
0.26915685865120464
0.13046274632933305
0.08039769837002039
0.15260509211251957
0.1262478572373158
0.21513573991840934
0.16213931579488883
0.1593864788434753
0.0959419228833036
0.10204961223927995
0.10515172833351599
0.11237510515721184
0.12469783763863522
0.08654734383682133
0.1698274189187536
0.18137944782048754
0.44178862105113925
0.26280820205404737
0.12545259514448234
0.24535384569688984
0.16351632038362132
0.23416077660670295
0.055861704813783344
0.14239674775949646
0.07801664668298597
0.2527971039451453
0.14073488169509935
0.194859712424701
0.09056367295567917
0.06333969526837574
0.13246032860565485
0.07976976917648032
0.07292888679268787
0.12898032955849295
0.06998306416934658
0.09193207081430452
0.1274090799129104
0.0998053926506023
0.18826229204096154
0.17564164776860955
0.1489699540093028
0.0791020695005042
0.1337365442720285
0.11006103227010088
0.04759313079123035
0.04915569596084666
0.10537605546344146
0.21130137083476075
0.20658683189585292
0.11274651777433956
0.3654043472578692
0.3198648221556125
0.17303757328043692
0.13831622652135
0.168920514616611
0.1357232036348575
0.15405231057168448
0.10084498026916862
0.1488200339794625
0.12780381466530036
0.15674578981780793
0.0876896691615636
0.3274204351715439
0.13377675326517058
0.06952619310653294
0.059857962488659815
0.10769431831137095
0.058631029669132764
0.09013742364997675
0.03008868049826659
0.10559029049781198
0.06599262658629497
0.16966400279714192
0.06437210439830077
0.20978262501858652
0.1645656049550116
0.10970415316997892
0.18837534845224063
0.13021577411138224
0.08412950119113782
0.09563234959085987
0.06716652640921797
0.04112894750025808
0.09813473370478286
0.1374263552893236
0.18701156148462272
0.21698972327091584
0.19178097428182928
0.09109194130167915
0.06131392276783194
0.09507642655545176
0.08341467708891846
0.06762344155485892
0.049823170116017876
0.032367421370623754
0.09509059632908222
0.178299598262407
0.2931910385424981
0.192167621284681
0.2269845249137476
0.07464969078178924
0.06174922714930197
0.0696782137004272
0.06074476952426437
0.07084088570541408
0.10311370415825892
0.03784570044743328
0.10483334072696673
0.1382535891154497
0.34054001425778424
0.14744460669863094
0.1755277336601347
0.09051608092544909
0.13335204006001458
0.1340955282405455
0.06460210272416443
0.15682828692903017
0.11470153964224292
0.03801311814417788
0.1163221646358744
0.07936528924009537
0.38394527229491165
0.2651513558002733
0.19851749153903353
0.30047632421189663
0.2752988034869661
0.1183410227210031
0.1167091312514292
0.14760316808109836
0.08380769112582796
0.12194676557958153
0.05408521703166007
0.13205880700178343
0.2730136987681229
0.1329280588171172
0.17948415578474566
0.2033291476115791
0.20774947700436783
0.3296333762222351
0.21926953420216072
0.11864334109301061
0.18843942131475067
0.24234429243499703
0.25680081755535816
0.18110974085342704
0.19029296444683927
0.27315732219550115
0.18567889230983645
0.21762690800404844
0.17246642934838574
0.19145101432836467
0.1454162814422874
0.19145101432836467
0.10628988575472334
0.05227152531692685
0.16574928469676584
0.09983595932254509
0.10558547490519335
0.2002362367805706
0.11297882961683224
0.13586236088229595
0.2225176759271371
0.19308787667290508
0.3289732187706072
0.21626584195281617
0.07242186792070279
0.19294884450364116
0.15388521342565467
0.23326817359000543
0.14852430757981483
0.14036111455389488
0.1573882295422354
0.15320581509567036
0.2536346578527851
0.252464960440277
0.06635136727874079
0.0607050064196227
0.12253942825912666
0.10630219205466616
0.0929687895116298
0.1450694137851809
0.1584241324082732
0.10486906934429853
0.19808840369392575
0.4254221102735796
0.1036676436979058
0.16747298594549795
0.10933305695738009
0.13587871998655607
0.35589292225651104
0.29530432751530117
0.10318510709359201
0.2945847855349407
0.25482538435016555
0.28109254953925145
0.2923692921119546
0.1917548568947556
0.23052523059485344
0.05170416534462563
0.04534229286833064
0.08472380096440787
0.12140432618683147
0.1217643738408194
0.05908797349752798
0.07468836488527793
0.14889957251485605
0.18706084607466067
0.12831127081971808
0.18101857794653445
0.10505270709536775
0.06968978414913689
0.1367913703762935
0.06193556872972565
0.10423704291042626
0.0910309863395787
0.13706948096266922
0.07682231816771479
0.22499221158217295
0.31418489610126044
0.19963311993631325
0.14449941480894685
0.18153007415841393
0.08308789053837226
0.038031720110482864
0.07953796491387351
0.1227675416151728
0.07763749849682303
0.1066575593113681
0.09266152015098737
0.18971497609633117
0.26943195552385724
0.07429625342199506
0.16148146981329006
0.06367398489953438
0.06802115551457968
0.03548325072670388
0.08850827133686327
0.06081104136533383
0.09916664467959636
0.093248765972888
0.3010232097811566
0.1320665248832143
0.19480588167885296
0.14219580094967355
0.1906097682565451
0.1972755806100093
0.14173858673640286
0.15212899960792972
0.15199743673889987
0.054448944622665946
0.12571288744789774
0.04664443050967755
0.06495806633690696
0.2905494273264949
0.12117143421139562
0.066129990214119
0.049546337253250715
0.10008473987134915
0.13270375136104146
0.13570146271049216
0.05983021811750589
0.06167257529923682
0.06370049363596217
0.10605607291991871
0.1701621197467792
0.189766115078645
0.30299485997967224
0.1163335898133247
0.23531177425701066
0.1944806540175522
0.0787972190315842
0.04889526843257726
0.13008810710322574
0.11977906640150043
0.13110733561531512
0.14097861963301098
0.07418464162416498
0.1372528847444263
0.20066077285758477
0.21367850308456834
0.20095709745320883
0.07376055911030556
0.20245249269465757
0.17343135148702232
0.10390362169280634
0.060360392846061525
0.20501318162474264
0.2817390091965625
0.287461042484778
0.23271204491295241
0.22211732301995185
0.11457881145537716
0.08589457941313515
0.15369483211497073
0.11510265757589766
0.11472377781801212
0.13123327822193195
0.06788887399155191
0.05230872924953673
0.1665413524389119
0.05319232264902213
0.20812052440030918
0.27553395304605593
0.1367797997115556
0.11744200948512949
0.04591895382378428
0.03988261575782602
0.1299691872777852
0.07324363874996419
0.08141926190381506
0.13198742115509898
0.13352332391800759
0.20267779207213557
0.30136984801132655
0.08977308938771823
0.19541843337073064
0.15727400075582454
0.27811995139435397
0.10697525847318476
0.13900436282947182
0.15292064897158697
0.1425766305516719
0.185223165942848
0.10074978961382697
0.06743212785546632
0.17008032646740448
0.28751619535746703
0.2311996539070092
0.23660767857214032
0.17065817564408267
0.08681611180098897
0.3561382751825778
0.37592516812463045
0.20552987262595032
0.16227834796415208
0.20400879972066863
0.283268996782257
0.24482434871694306
0.1283044547140088
0.1123307706127301
0.28448762474661415
0.22366670379086967
0.08209755671684335
0.06719964684442943
0.04787216028580471
0.14953158813955783
0.08201626864254848
0.1729255363897212
0.07991422431186182
0.15534846175851771
0.06077127826069216
0.16998745236940802
0.42940903354740234
0.36627201725672176
0.16099925200692985
0.307725259820393
0.27858528343611216
0.1861929218486825
0.24492406987203175
0.27958929503303415
0.07868631746996452
0.34891513198323887
0.5209263233326932
0.17836824997958142
0.13751463041259235
0.28698643768491094
0.1093101285411626
0.08498621708921458
0.08650926757468416
0.09677834957506437
0.0838240502300881
0.10986794273980244
0.04852322910647817
0.29174510398215975
0.20470533962866785
0.14276631121315925
0.10408655358368901
0.10982510300144284
0.07242105058408876
0.09187428143258246
0.08256837444353107
0.1299672718273555
0.12098579369294502
0.040143043286095415
0.22518438499656915
0.2567413385009158
0.1382835083128291
0.09447008587971978
0.10257555560730582
0.1772561888139519
0.12661547660964081
0.0936055134102241
0.06486384839233023
0.03519492024897703
0.12101626202922372
0.11520205545159076
0.14362023084901418
0.241815572610203
0.31681518348780935
0.0823844490551767
0.2762504683580458
0.157735679674609
0.07450087505134935
0.1923740034796437
0.13100137988147054
0.09459241545397173
0.0985032901477588
0.0800743792735745
0.35161235606694724
0.31145564616298616
0.2211445684302439
0.2465596489715795
0.19441739447021938
0.27577820801896114
0.11443772829019792
0.16532203182284183
0.12574069388175063
0.04024535410077269
0.056901002742235876
0.12156972880385097
0.11866897258788144
0.30347941906798437
0.38604880285884224
0.09399169247082097
0.12537921024166604
0.10310980917935779
0.04320924037728605
0.11238567336904429
0.1420075885672079
0.09876496990171933
0.05087026520491528
0.10922431097214078
0.2501352202948405
0.09181930568126372
0.2738175771668151
0.23127704723012033
0.23034849803547572
0.22761679378537383
0.16133693517519607
0.10288380525486016
0.09885707138715263
0.04321236772641318
0.04609567250368137
0.12305538374653371
0.10762654692891314
0.3704147184421145
0.08660145413272352
0.052513806863437776
0.08708337816458812
0.129991473484015
0.04707951589574234
0.1224673730970431
0.12490601432918394
0.09682367224853117
0.0987352303744978
0.04836511239288605
0.12270894092420673
0.2953960168236847
0.2331578934144768
0.06837152715386649
0.22085151685897525
0.06702288459675708
0.12328756371586701
0.08685048451825471
0.11219452073661972
0.0941847820011194
0.0491928998934566
0.16078597405450162
0.20145482005800447
0.17261873439693315
0.27375124341245166
0.18519155249926655
0.10364878320462804
0.21091272705299402
0.13501745358440365
0.0996265398807932
0.26655538248392285
0.08644150691174614
0.13102041801253914
0.06790212835976553
0.1404946792208849
0.21104076817984618
0.16311932734367546
0.15509380161414382
0.12694664906039937
0.09439761041933484
0.06771656720477144
0.048411617308648416
0.15098893581997008
0.13316501172041173
0.07225816351801322
0.10923989471006636
0.1786156004907333
0.06953241565007466
0.23476143203474775
0.259451531471745
0.35221633369216115
0.21855774466491543
0.3558389340125521
0.21976820663368601
0.38544454686728724
0.26650132939037524
0.10060849120121826
0.20585700742538385
0.21182257614458927
0.1805195587903073
0.17448620604100762
0.20012092241699253
0.21865293532025773
0.18182957967897617
0.07030116900648022
0.17190298764177878
0.10435416393016958
0.16777254508596898
0.1441474884413228
0.19325298061249838
0.06896247781687682
0.1210444373327122
0.27687053888504193
0.07204541549909528
0.20334627794128626
0.2216784359070807
0.2224284106210928
0.2522392897465055
0.32903272079419027
0.16365177466372974
0.10391424679690857
0.26908408677443746
0.2832641416570971
0.37857098688609003
0.279722366225648
0.1574400194017114
0.2576930033719954
0.1208959407298784
0.15113627733831247
0.11038284815393139
0.17472750267385556
0.1875941742114457
0.09258243138549518
0.055006014363755344
0.12175462641280645
0.23137879357154845
0.20893324862882448
0.24764104317121816
0.10765926513743407
0.13486445552241402
0.2409626911941194
0.10956444429848362
0.10777104338236625
0.1620280900594785
0.04745361604394319
0.25828092217070964
0.18747533482373377
0.35849645021196375
0.34390073988534425
0.2568090752969016
0.08284385693912216
0.06244132865564251
0.09328369752639358
0.06656343717016279
0.04436568963732046
0.13674234616323505
0.10284328408943749
0.0544944602903691
0.1395684972922764
0.1709689986250298
0.14717630278280372
0.047574528824925376
0.09521958520093382
0.11981495117313415
0.049025482196711996
0.11355168409137861
0.06013506858642538
0.10111151410412626
0.10542688354293839
0.18063788834177733
0.09413525048623082
0.24219403885671076
0.09388412394111378
0.10855327567177046
0.08207187533746646
0.24079959975877643
0.13249736916607877
0.0629052315431287
0.12688075766970963
0.11002170267480942
0.08084669325470252
0.1354641132186683
0.19424800398752337
0.28648086572215026
0.1312490934808741
0.10376579832346793
0.12445692947346057
0.09877602194377035
0.12968535754563082
0.10628683040581119
0.12468342148465468
0.10341017067093285
0.1577458992461678
0.17901544897889266
0.21672710248524696
0.08454593685602574
0.15776899216360266
0.17247403621698304
0.19982620946661167
0.09211811609009107
0.17210358685660762
0.05704680079258868
0.11389717384506184
0.11985353011022012
0.11651880433896983
0.18413420497234687
0.1998553580470434
0.2568090752969016
0.20909809384321063
0.13546354649272258
0.09075207924025845
0.19508276978853004
0.11127787609463714
0.15281938627201344
0.11304584729084044
0.12871267381350182
0.13022938970178521
0.23482330693886586
0.2923098130575122
0.17291648771842758
0.2604134131958056
0.25431764401647294
0.2917150225130876
0.09699546658925726
0.10630219205466616
0.06277268786098979
0.03629243626096946
0.1257383522810495
0.11668333347705928
0.16530609232770488
0.15599488608886966
0.18826229204096154
0.17125982609856258
0.34076130836285307
0.20959560800259294
0.10838758967418131
0.2907851805836811
0.2777671842463285
0.2193842732453928
0.17137768533597764
0.16057861772822116
0.31009346819779987
0.13933049098549205
0.21126147241829804
0.3279080271413295
0.09927521792204666
0.12414765269685649
0.09841637123033024
0.13353213739748648
0.13486295031783402
0.0821063442827505
0.12850449712295312
0.1513147145016403
0.04621658528466362
0.051127504389172
0.23381216301334448
0.18971683271949852
0.2902564728230396
0.15824759727568452
0.15283161153212707
0.17616380793083092
0.2672988706644538
0.06291185004336174
0.2772486811580706
0.32580798545167416
0.3023567500550742
0.284936417920433
0.2969491793040243
0.07684472280577397
0.19099053087791235
0.221784116408855
0.11338158957769186
0.061386488806355305
0.13308159241885428
0.13202494793245276
0.12518456520469698
0.03890601252681583
0.1254446416156584
0.12932424291852715
0.08906935439735048
0.19045315844160135
0.15831196045245088
0.06541381451137836
0.14461364359535708
0.23197944899959325
0.21376772166623226
0.06926442153650457
0.1728461322098137
0.12100636107057502
0.15033092653344923
0.3812309994490023
0.2432730123123295
0.24998657855969061
0.36829661772216704
0.1387455547155443
0.13068997576510194
0.10433582656758442
0.10335651463035508
0.10663767382497007
0.07407736798703718
0.03670167951967849
0.11547858420005279
0.23428196342875213
0.20326066426392828
0.19698754216444966
0.15073278665496362
0.09841850922285665
0.11058382564739419
0.055480364504531775
0.03955708134748929
0.07494105661671246
0.11322000798512417
0.22990359509383304
0.1971208090819285
0.09907073540074475
0.2154998623581529
0.1882809468376347
0.20390973189536796
0.13911162371659722
0.05023461000653411
0.1409950985558719
0.14132020800073633
0.09128200267141277
0.12730733730190263
0.11194901878857434
0.12216997782483047
0.297640067958925
0.23104235019818958
0.16388409152546923
0.1449576941869545
0.09831290883707551
0.06996788892156243
0.04289613429922894
0.1190825264935006
0.08875576704075233
0.0618581364542313
0.16925776286117114
0.068594750749526
0.3687133128863364
0.12285668646108265
0.416096144417096
0.11632033544511107
0.07854680272267757
0.16323202657825991
0.12968535754563082
0.08999324556019632
0.09733857766266012
0.040412771797517295
0.0602543579003504
0.14701261577903948
0.2204224260317768
0.09997626790598683
0.10338871627867739
0.09229685941946959
0.17498588823482022
0.0935343379389136
0.1055770642887259
0.10982112549454767
0.10780889909366119
0.08816558497763256
0.1000632854790937
0.19567611859904757
0.21073278322403796
0.06022386591229561
0.10671091849004
0.16018834891745182
0.148249926629416
0.12881217110130283
0.09964557801186115
0.05349463011126578
0.04072900522470154
0.11124000308491666
0.09407751003984213
0.0476303347238403
0.21301764852401903
0.2730878911999421
0.10166361990510885
0.05378622621197139
0.09223243230587959
0.0446819230645047
0.14399923551283028
0.10002403718627215
0.052662166609330915
0.11724750356107502
0.12063533807496384
0.11125826807471322
0.12867872789112936
0.18855786640585945
0.153432038857923
0.26043154822276515
0.13239423077909918
0.13401943785392942
0.1522068576227171
0.10278865220119246
0.11207638228594395
0.03383976700366102
0.06866897604329016
0.1344986845587308
0.12828482378889663
0.3159950949450691
0.11921151536535285
0.04509209642152896
0.060455585207616694
0.06489002295914677
0.043855995760564676
0.11708154471727766
0.0455208021937887
0.06307907011752484
0.054955789054731995
0.18385997278219385
0.14790152883086477
0.186396024699714
0.0855118819687418
0.289120176626468
0.14710418593824012
0.13377953390855626
0.06313469107201009
0.07066383108647821
0.12020379652918445
0.11217388251712339
0.08610548629879351
0.05153165817878847
0.09817377992347266
0.21909109703883292
0.22998895030717423
0.44030888085601505
0.24902607965431078
0.12139664275747689
0.2554510122671362
0.08766641670368222
0.06977969600315133
0.0874165095256632
0.18348353442019433
0.25076415717560274
0.18736567072249444
0.16012999870248612
0.12561827474715564
0.14373434522190265
0.22000621082202246
0.144869015866967
0.14213119631620358
0.07317795415505175
0.03712592061372093
0.05510246781541211
0.0764158809879847
0.05191837508137906
0.15583968033616485
0.04921865562375656
0.24820022856888635
0.11512756946137401
0.23454013792967895
0.20178861037944987
0.2540673861117987
0.21379821189782275
0.14951565962774524
0.078015211306965
0.16519386328026792
0.18182271376217407
0.15603313643532027
0.25139796846194323
0.3657658308979538
0.25328254876802275
0.1823779560205306
0.13998395463034988
0.11477429817365381
0.12559002345527245
0.038924614493120804
0.12060528726266694
0.06965706594061596
0.10210149691968119
0.1677626141899991
0.22988381301639962
0.08168667130221298
0.05882733892025712
0.06919901102132567
0.07725673587545516
0.09292358328197352
0.07309784069961099
0.04265255691230256
0.04790128672500359
0.10837645012980877
0.087545102052753
0.09749913258138498
0.16564292646032447
0.1581878310471064
0.08267643924237768
0.20679644856226892
0.03765037980123128
0.0882798137640428
0.0589686841836029
0.06586095565482668
0.11627056908713387
0.11143400849796464
0.14930111570519133
0.14006353027001628
0.2604563219803165
0.16350629395923094
0.04643980888032307
0.17353995367448116
0.046653731492830045
0.1453188630281394
0.10732995374143475
0.055774381444055124
0.047172296473239575
0.19350588816114928
0.2851170023410251
0.1962101080001669
0.17363244162439279
0.0677855652152605
0.2642951784151092
0.06548822237659797
0.060559208369269896
0.08395815801152247
0.1164005095439109
0.13504719311162516
0.05691425711044976
0.06506015764345452
0.07171938640536671
0.2543955734974392
0.08404368376579166
0.17406545282588445
0.040208150168162746
0.14833029294724007
0.04352860115359743
0.14751313158838736
0.23431884382460952
0.09847566045219529
0.12302704576134038
0.17183897508085139
0.11833499941362265
0.2395350620155246
0.16916665976517606
0.2493935342816934
0.27934235491788995
0.369213407586025
0.14629701553476704
0.08707612792724495
0.05755361469716737
0.11402041800598699
0.11872998378312088
0.13837258591142015
0.0649055957124194
0.2163213103937743
0.3465154367417535
0.10843908021559362
0.17388658507459273
0.14692980173281703
0.08811318899284667
0.06404098544803405
0.17443124901070542
0.057161982106552406
0.10771392175736214
0.13976347847364967
0.10901850399607847
0.31200332798341357
0.22296020953031562
0.282099665686512
0.18687591935021963
0.14219580094967355
0.16550902252554778
0.06663766163216055
0.051434901290827076
0.03652031034820519
0.11806356639872982
0.09673084014529376
0.1546990407966449
0.14512386550798967
0.3445296308377441
0.2104012071847885
0.14698833222006144
0.1210815111285335
0.07971124479320973
0.16525611497689757
0.12079406878295713
0.109599079668415
0.11576374541541452
0.1229404870134346
0.12124420064144575
0.19475348206067913
0.2536127402372423
0.0926016435263524
0.23932589104799196
0.0830531966650648
0.2014946053541439
0.10224626709817898
0.13065466494104858
0.07568418624920802
0.07200792313990488
0.08966219611368488
0.06769270934198653
0.16565808848044128
0.1848703526253858
0.29540550085675965
0.2553019917748572
0.29685996072236104
0.16569441682752742
0.20861711419301135
0.2830288376946799
0.19687271990255784
0.14683061260624158
0.2551252609311997
0.12315989851185369
0.48047059958170046
0.18279663100527074
0.22268065797443615
0.2067602690435507
0.3357533144222914
0.15271849600560572
0.058123897437061624
0.0667451453822716
0.10738844753899152
0.11565142250224512
0.06862644237221315
0.10501099744458903
0.06943632148052373
0.06175736550956039
0.08644740659926071
0.2596225631659812
0.2458811961314044
0.18175318069844118
0.16504519166395498
0.1556833896008113
0.1318200195174108
0.11571260130166423
0.32995410661415026
0.33796035726155
0.3265340609837083
0.15043875199975681
0.4050327969466882
0.32309043333289955
0.13828841604410747
0.17584345723227576
0.09942287187027053
0.09476133836095875
0.1133310185905897
0.0886014391907791
0.1265734096805319
0.1630154509928124
0.1656482092757387
0.28710253469092506
0.08613346782932912
0.08107978333174345
0.0434478190051361
0.07559089940697278
0.06745267664153236
0.10811136437389314
0.03616280380828183
0.05747798195854684
0.042624225869880676
0.25312450084268984
0.20767662481640423
0.1803670756909817
0.10025604116987487
0.0719338037012652
0.20251425774895823
0.10439268532865643
0.08655305527614185
0.10228891116898316
0.11310545033909983
0.11436929983470089
0.12127533731497986
0.09815787468161605
0.18704874012239964
0.33954102944061487
0.15474585648822628
0.06445996893461818
0.10331480497957639
0.11151133126874022
0.052846491505606476
0.10706592319179507
0.06641832785823094
0.029656184781676375
0.12962776406077028
0.19978644658801195
0.2813835107564308
0.06927465261797196
0.17134550374759444
0.1520153404289758
0.2490834102414477
0.13573864270503613
0.12067705355832443
0.10232945181740079
0.08795616553588068
0.0537000728185811
0.08518421365232544
0.10274499021762118
0.2471478380227552
0.24098236302638373
0.14902024030320163
0.09664897618169954
0.07730740104797368
0.08642787956436687
0.1411496787420208
0.15128554150625326
0.10232444789465342
0.09060178358864265
0.08122815457040451
0.06552031839172928
0.10187572496561206
0.09201712588811976
0.19329920557018498
0.2522358001268986
0.1711280487342796
0.1622180630487343
0.13099346482348284
0.037511795152259365
0.12113797378701201
0.045083725536691766
0.1400553294956806
0.18873673459173232
0.21226666729661478
0.2512895233699179
0.18638337932228183
0.09655565276086447
0.09777839270389564
0.09082287873470118
0.06478696060230656
0.08150923697724743
0.0803447207347456
0.10250479531775568
0.13691186146839632
0.13466523736954208
0.28523309232569144
0.38817515104608963
0.2528185583374008
0.11147507337739573
0.11328876509212875
0.20387893339978652
0.1459188307661305
0.12366010570825536
0.094181295662378
0.13379571663174653
0.1365845986968692
0.15871379451489678
0.27528805030592457
0.3249545865722025
0.14701261577903948
0.06695781373765661
0.1210831162114289
0.036741208698076566
0.12143417243881882
0.03673016378058298
0.06654934735315543
0.04674173660579143
0.09960981490647298
0.19608518362329938
0.06883607534692483
0.12452242137891609
0.16619187290690407
0.08989112522661186
0.062418897936280394
0.1197824566588796
0.13997872373347847
0.11918268230150791
0.036971408031100376
0.05460799704123265
0.05839874635040558
0.07925573963763426
0.13405813451548465
0.1543882723584583
0.2550109996508355
0.1948402707094489
0.14768774540758678
0.07311223826668418
0.049234754317642744
0.11188145798488104
0.09927539683215361
0.15075445408797034
0.1581240667465639
0.2060532883050442
0.20068604638176843
0.18177096432890594
0.07267509205851809
0.07944403220042212
0.17452291111117318
0.14263002906485933
0.052778894227715666
0.060850804469975504
0.14911398948726906
0.09344460546830884
0.08655210336958799
0.06116055616539104
0.05163901856132096
0.11717969672583216
0.09262849121552924
0.16453972700724823
0.1426527160953145
0.22492004437419488
0.09636748644282538
0.1425644365370015
0.25486758215245614
0.2477857425227894
0.19165686546530517
0.2651276646498265
0.19210262825467483
0.39378107993636347
0.452544558004548
0.3731418480448267
0.11500815299193559
0.15531684831493628
0.12480963240371702
0.05108233509633753
0.05419711162660201
0.057987860935774946
0.07156433468601202
0.18589876211268822
0.06027967181121045
0.21305572478615623
0.1134293718541955
0.08400618573964393
0.2509123911655538
0.19635225490284725
0.16618926249374605
0.2057402908271125
0.09412041882435306
0.0619111539270868
0.13986636227890425
0.17813363202721472
0.24369558628475496
0.09581527365293299
0.2836358158114405
0.19145899648701317
0.13835009847386276
0.0508670768609026
0.12909206294919387
0.044858641744401795
0.11590940024594898
0.12413278662143214
0.07955288648294973
0.25461467460380527
0.10726664663518497
0.15689597056359544
0.1444151441863139
0.11678712339778743
0.09257570258196555
0.043612310001969724
0.11330382503454432
0.08699009517679507
0.06541501835092793
0.06802324230729473
0.13432901114637313
0.20497526360790314
0.2204615577717529
0.16068182621706364
0.14912568065856135
0.2707234399895451
0.23479356741164498
0.15821428481696673
0.12755283225187414
0.09021571943387403
0.07036050742381153
0.10863973706236149
0.09115971269311077
0.16193775274361027
0.24525709530374018
0.1292498718231805
0.10248763180395157
0.09627332857222264
0.15560136930716795
0.1331736028966874
0.12237585342468867
0.13439292351275814
0.07617156240455793
0.11553573265782245
0.1882264430830713
0.08598758924466002
0.09853461551735258
0.07085488965557807
0.14731848655141827
0.20740819010702713
0.14616877443590545
0.08652451570028324
0.11118256904670126
0.12663090690801537
0.14978449568820873
0.14064821049321244
0.10130785995233513
0.20268109635207443
0.22994817619316532
0.1752840727465051
0.19214651008715314
0.05683473090116642
0.04796517011732944
0.19164069498985203
0.22220121291664477
0.12838234427105794
0.1111114955953614
0.031065283729276773
0.06129347897483058
0.17427402829045352
0.28698684083105896
0.12014126168808886
0.10381487563624898
0.3076936463768115
0.24623711205476032
0.1866367840190868
0.14979325916430594
0.08272813653674653
0.11526261529742672
0.09952781352078126
0.07438237794940347
0.13762992631826457
0.19283109450248348
0.0976324201515622
0.18777605844111575
0.1768307469347069
0.06715412298878083
0.08439603502609483
0.09604342252710435
0.05203664960773769
0.04354059958263334
0.11031128320758418
0.1312963557760113
0.16181055755145352
0.2970159531511821
0.08696190985134152
0.24143186863040264
0.26279860634153557
0.1016132409408231
0.25471115556375534
0.13018972329817685
0.08041706563280519
0.10841728559154015
0.03768758373384116
0.110947671072133
0.07879882449199332
0.12095303514206085
0.3555330632401727
0.23125617808752005
0.2904298133269792
0.3956249306240797
0.10235023134766953
0.05156465059733849
0.10257195089648193
0.12359713700831074
0.10090954845132098
0.09540426284915164
0.2502520193895858
0.18806035224647716
0.07410674229943386
0.16141634851471962
0.20782687032747896
0.17761767653980828
0.1275203056483214
0.043984349328068814
0.04904408416301689
0.09096662316281233
0.09756015753980744
0.08483391204066783
0.11681686292500831
0.08081188300009577
0.23299107919419484
0.23009824013080146
0.19617790393380719
0.14413060717164444
0.09956793713669264
0.09040880896417249
0.13129063119314668
0.08373649297274897
0.13805894407848127
0.062360905440495024
0.08032187497746356
0.1095073299052785
0.11983043870714238
0.41356706893059175
0.08887089402192787
0.09209833517583829
0.16188103417389926
0.11856657100609418
0.0597434487588373
0.11517424901773786
0.11149798082862053
0.05459474267301875
0.10677670599423332
0.31600798203869357
0.09866482928148723
0.11705797435750097
0.05989648995857534
0.09684512664078662
0.06869187878925434
0.04121265634863038
0.15375194650817586
0.1090694528907055
0.10805580195145556
0.1056418860465525
0.14228904958331315
0.08006286297653145
0.27072184424237394
0.31009626808899066
0.21099338587895253
0.13161060007565892
0.15383101646661504
0.03288827642716248
0.04000168326952433
0.029298096930305984
0.09338203289036684
0.06502743943493379
0.05832646534919002
0.17533820445656062
0.16683014524715836
0.07662350264450643
0.05624260044712013
0.07009149949832759
0.05989648995857534
0.1188391507760524
0.1593030595419172
0.11205914161323234
0.08015360946610049
0.10530651497973818
0.1045954920896384
0.3267184460524803
0.1655868533233712
0.1940504151185536
0.06719960327665385
0.2135797740120653
0.0979131080846397
0.0717837494944628
0.09743374421973759
0.042849629383466516
0.10288152418892563
0.1103633855180002
0.23761882249766236
0.1503250829158688
0.23517251116004234
0.11147218305424994
0.0699270554141322
0.0767427063366091
0.08033426938924682
0.07802962463281768
0.09877627152405777
0.13466922018702165
0.12075379382719738
0.11629636686150381
0.12297294505980379
0.0916937193037008
0.14124389439625515
0.34193100577536123
0.1212509604206787
0.20349573633284057
0.10424632051364047
0.11431421198998737
0.06568180360534849
0.06914750623909086
0.049992784444569685
0.09057598581427273
0.1380438906557024
0.10509088576855707
0.15178982520681558
0.09645787837071067
0.04811212562972085
0.09381695576921735
0.06718684119730174
0.041115050199491195
0.1271364788707767
0.043553853950847224
0.09046764180699499
0.131002617409537
0.08342509034160782
0.14044429289138352
0.1855245266649801
0.19210262825467483
0.18021349779912077
0.05279238037346558
0.10997591214076986
0.09554640975183201
0.0446407121443863
0.03391138457393509
0.0735823765792597
0.10435951771803126
0.11282838014166678
0.18452349504628374
0.21941823183826642
0.11725426224304909
0.044892545140450234
0.05228848260380163
0.042466995757308085
0.09223974502626449
0.13230226138774828
0.13065836232152048
0.04127402004889006
0.043900640479696516
0.11333902438346194
0.14777571076231352
0.09195452504748777
0.048792957617899986
0.0570336286909956
0.17341118322701743
0.036943505081642916
0.1201626990525287
0.049186960441751096
0.05689696461753457
0.08877074072405505
0.05085701083670138
0.06555610518590667
0.09246656019375146
0.1076756242416942
0.08728972688600665
0.20279417214030301
0.08495518011473498
0.10942942391364041
0.24591615059238672
0.11412935381439512
0.17036306286273817
0.30197787163994017
0.2721761531287361
0.21453429166376833
0.11323628232389704
0.1251708012449019
0.20734494871014977
0.06791577897939516
0.1123307706127301
0.11025968765884366
0.033771869826647934
0.09145311014286404
0.10339747967633271
0.1337872578845961
0.0329626842923823
0.05470838290287607
0.12174882214596199
0.08043610376387378
0.2574598845261227
0.1350945780611711
0.20487780462643493
0.1551213739859582
0.2679858537432647
0.1950302887079177
0.15622944568644515
0.18977684505686246
0.08279735202336005
0.2683733522610349
0.16997799428540777
0.2371795780060546
0.24446227451470046
0.2827917864229403
0.1950595517915969
0.13344846526769097
0.11582909053496826
0.11393006600738427
0.03538686928878631
0.07819567270208366
0.10303658907011469
0.1594709980304174
0.12180645235464106
0.30282185418391483
0.13061926209892713
0.09006870853548056
0.11740619802012234
0.13513860865024246
0.04799526637626591
0.10459113269481386
0.08076366768577785
0.0353531421407707
0.09718021605308046
0.1849154068491224
0.0738219032812185
0.24698677357235113
0.31793640209715307
0.2008098756987458
0.17784995092164477
0.13016991064734282
0.033490050037127815
0.04370230287484282
0.033245434180217644
0.09507575862903161
0.1009776484403944
0.12657691822118103
0.11394382722436014
0.0655607700451874
0.18469522143504039
0.06393194794070155
0.09564524847804451
0.10858496179017056
0.08626382038043277
0.09050727509904237
0.08830639417529858
0.1011431224956831
0.11681388897228655
0.13092381315188745
0.3681321584188155
0.22700860358097052
0.14981504090595738
0.33087894589933825
0.0890494728984555
0.1035968238835549
0.12032612713711424
0.08379559913023325
0.11245249848032292
0.12847703471441077
0.11172190961632088
0.05972418317179475
0.2528052899421709
0.10230848943147076
0.05361086689088364
0.14671194284413783
0.09099560316094613
0.05850792740957354
0.04434604131041084
0.1252893097709157
0.09351428840713243
0.07069788838808125
0.17912798241382114
0.16394490408736404
0.36672634433033446
0.31535445864887174
0.21665206598029282
0.21068633011565446
0.17178577502805775
0.10929455092911927
0.06518895918638219
0.0734278394726288
0.08053764308747169
0.08046466096047634
0.07666857802660679
0.08596477702612913
0.1512893351038206
0.2888421122879415
0.13047920173044314
0.13953857862350866
0.1205349411905512
0.10660543878038492
0.1228766311949261
0.06712939869289583
0.11197824184611345
0.11466828255809836
0.15195708828961896
0.053867574025892054
0.30966948660064253
0.1519760785787508
0.1424239976011262
0.28161108480409536
0.3200330003331468
0.13334090205956745
0.06504379853919419
0.11393485066701203
0.09670727612372386
0.03736204932350443
0.052049903975951585
0.224929651080963
0.14106624090044664
0.1844356062281206
0.1356962931880016
0.2216102395049266
0.09271720108701083
0.12334934057042106
0.13115588489882152
0.12376256993393742
0.038273545672447284
0.10032754452626214
0.12991165895965032
0.200652590161668
0.10192609156482489
0.12032121183495295
0.06361872476295011
0.2388084035865116
0.09229016587332589
0.1900430065981584
0.033827675725562785
0.12218595944173186
0.05907272548416253
0.04024535410077269
0.13641521136380155
0.14712144116344586
0.05617793824096759
0.2550367974252061
0.3151972072568448
0.16228648441088672
0.12456420143473786
0.10411816561536023
0.2872397483797092
0.14479443180845264
0.09499094093625844
0.13110682657243722
0.2640572621973396
0.25058525636612033
0.2195039888329364
0.2135887924560702
0.2436559465235724
0.22137010977463853
0.2761914319084695
0.2965024873490307
0.07683542182262168
0.03414390915274703
0.05492610187836603
0.06196828693824638
0.08734083087165292
0.06380050661540675
0.10173672807501327
0.13745829118022093
0.243700441628864
0.28570814166489894
0.2636016585161598
0.16902052762501074
0.3023996588395844
0.20658434302705633
0.1491080261748929
0.15738441560608318
0.12899153709294423
0.1311077910726286
0.1097929018713041
0.17994372086477065
0.1766889566624758
0.1231595894434793
0.19770374469244745
0.12887985843044025
0.10883438209933058
0.07062225309197695
0.12490471558972412
0.10215624072648112
0.1301401711201213
0.13183532417173185
0.07751439359275251
0.19651809295597447
0.31069692351703543
0.15882686586657985
0.21052611319911746
0.2891365549945873
0.12227002745579114
0.14862097814754327
0.16046215658353027
0.03818983682407499
0.21437076092480833
0.13262635803793102
0.2865100821570235
0.20988296271991416
0.23660494565232557
0.27264208392537914
0.05065315424839563
0.041770715337779055
0.15640017365647135
0.04725829539774113
0.10260637258496975
0.05194386903024046
0.139573353411448
0.06250760049671196
0.2024895620432095
0.2315222194173093
0.08669719910399191
0.045202778121043494
0.0661765435936624
0.044070774311188984
0.05595994259904961
0.06640500116648287
0.08450633364363647
0.22039038644583572
0.21858637651579876
0.26151203879216156
0.12743469825318698
0.2175321052829382
0.2385550452645045
0.22017134324540044
0.18602504247432794
0.08716130749920184
0.05356090195233524
0.03887810957735838
0.11506223081895535
0.057497449311860974
0.05633106490903856
0.13312450394463413
0.24792695690317418
0.23134271168976528
0.0748960076229774
0.07015551298695266
0.06808659193162153
0.05647686295939136
0.07216324426086804
0.06353876094724101
0.07375055134080166
0.12374617276755623
0.0924902513441983
0.0703061316495819
0.09680990543426317
0.15454815935311156
0.2434793945072922
0.17420966511368782
0.2365561372110198
0.07093307607292407
0.05077865962415962
0.0755510787747562
0.05051239726314021
0.05920359831824543
0.08144087300142319
0.08399293137142964
0.2879352441384977
0.2055974409833087
0.0738690070930352
0.07006032233161037
0.039312456122401924
0.08448771106287142
0.1073908678456829
0.08874434383397835
0.12531569035628093
0.06771033253363322
0.08426276810861665
0.14575342291126944
0.12007582527104767
0.07835982488052591
0.06771115735004021
0.2929617816679248
0.26007216554969387
0.07026140590183867
0.11339681729456631
0.056291301804396884
0.09186539958639292
0.15296319262350927
0.13085391977343072
0.12318112175035249
0.08238915281754908
0.19184517554761005
0.05279273745259681
0.12852445487978292
0.027886672736917383
0.08557759177458447
0.10119741895459158
0.14485450308947284
0.09227964181382016
0.054183857258388125
0.17209401911414277
0.22108895556253808
0.09176349978234868
0.10971776199401426
0.15510596197501705
0.1890976861346104
0.22290639069175985
0.0832024042681945
0.0734300715307123
0.04639028874862
0.13729718547359393
0.061461154706175164
0.07931285403083937
0.042068346798658326
0.10786115691448711
0.2104582433132542
0.22879133773972632
0.2675915442962912
0.09967710641849682
0.1334677742207208
0.19334782094324268
0.08110843892286859
0.19422701315953544
0.2399450994185557
0.1958129071904657
0.1439663471390322
0.18210176489065402
0.1580545077453861
0.15721778644742662
0.16410868980937068
0.17322969206679784
0.12134607258836705
0.11556780278171669
0.09738148644717103
0.04812661098463974
0.06198464604250671
0.12020889736692204
0.1402813499025625
0.12175362444373304
0.1711166373984816
0.41662379841447794
0.10548244993225388
0.16515591158191736
0.15669756892868333
0.2896596214432102
0.19542805905425853
0.18292783193781254
0.18502163778409625
0.16041529238210597
0.1460185936901179
0.12625909842291286
0.2645755652933494
0.17400851796492456
0.1570801191079839
0.0800563840119045
0.08025776550132986
0.03364165606251321
0.058418361313748085
0.09975999349011454
0.13412526776776704
0.09654143807059663
0.09279185082724707
0.27239869957644613
0.32092431316706055
0.14839350417063116
0.0517274876712606
0.11610311427169892
0.06558364897978639
0.07725673587545516
0.10457273807205215
0.09723181160182097
0.11904437348584009
0.07778980354536981
0.17220524484955377
0.12134727733302962
0.14033907165439985
0.1606504892082876
0.24067839738875801
0.36756950851979714
0.18562340179354977
0.17770731950123797
0.11504742604617489
0.0669019718157747
0.12602212779912328
0.08784193674947045
0.10549124671970474
0.1207138303372014
0.13100137988147054
0.10021346622488123
0.1052552484048954
0.043165862810650754
0.22568189915595147
0.18962396817596394
0.21404413395073185
0.17337294381572768
0.08057330437224586
0.13035408342514632
0.21889224728817755
0.2241769446764683
0.07751154531483727
0.2285019702056503
0.12800999083732248
0.09179140273180621
0.19590850987332775
0.08416757745327436
0.04046857769643214
0.04283102741716154
0.09708633453087198
0.11126580085928724
0.10302620412657772
0.06844593501908611
0.16698344760069447
0.08656638196788928
0.08081051417393939
0.07639909082140901
0.1652030737139564
0.12749249921446848
0.12371643324033472
0.09291669205224008
0.09866874998249373
0.053787585570780734
0.1341236333766841
0.2399973305823502
0.277737444719107
0.12127746915710662
0.2110468566161752
0.2919501514733232
0.08704679376937959
0.08920736299787095
0.08287164426280916
0.07183086852096901
0.08972465926005134
0.09841303895589168
0.09722848143355302
0.2560870689020488
0.15283611987438184
0.046588624610762706
0.13309259747728108
0.04860376824033982
0.07601423157747518
0.12194607944860913
0.08134038258968974
0.1012578597909099
0.02889815465474937
0.05908797349752798
0.18386701861739843
0.207135807095897
0.2418744568405409
0.1685110621870769
0.31285982636738513
0.18349941696026698
0.19518596088601106
0.1436121769513406
0.08054991151902548
0.05405048047623178
0.11217115416165005
0.09276879211226398
0.07509037289383086
0.056410462819779524
0.18551224231249022
0.08557020118888295
0.1414571745393389
0.16395638476082325
0.16065292604910755
0.06480060619771513
0.2243922225400811
0.10059213209695812
0.1609339849849231
0.1801917954334584
0.039361760701287225
0.11804206618910187
0.09901013055776883
0.1864877036860998
0.07396141802850545
0.05313651675010728
0.13066572718578437
0.0392966538192199
0.11604363521725652
0.04414246604166094
0.08633055222803783
0.15315783766047836
0.10275253531707403
0.044281980788948155
0.2482058640024944
0.10116679374950405
0.2514230733774839
0.2757413000499809
0.07189169319214715
0.25004994487613813
0.21653918103355263
0.22156166493803367
0.14885914682360432
0.19116150808423807
0.20518367539881371
0.09666410738390997
0.254551447716643
0.11365801412328222
0.34210428592511155
0.16632906671612355
0.14382924465709165
0.062065460576486216
0.12395209913751148
0.07659332614700887
0.09409896443209759
0.053443449194139035
0.1170766185376097
0.10095920905557884
0.16803427977165408
0.26609035462381847
0.1808028368056928
0.22733227279314216
0.24907751154565702
0.14977436081697323
0.3391891374212632
0.5160262395775912
0.2737492866321274
0.33866499563660724
0.36785249298703043
0.3376063165306638
0.4148850374345432
0.38110530772668
0.22405184028762082
0.41701163016408255
0.32461339490201924
0.20673452377284388
0.23678469242395156
0.1332390301126462
0.12782797200504709
0.15613879784804985
0.18503348528136
0.17427505179988156
0.08415529556362177
0.1977880422023507
0.20426606308167608
0.16761718326386363
0.10623277136151822
0.19762032539088936
0.22227322645150532
0.2378006223079897
0.30355228526766087
0.3254099068547456
0.22986235862414417
0.16503013863116234
0.24043937400604667
0.22268012719202973
0.11938741974520879
0.35824354266331354
0.07191820192857507
0.12225565274105285
0.09739431948668022
0.05649417166815183
0.09817612745142394
0.14628873440125165
0.05882871843942385
0.09330746298566009
0.33921068656865855
0.17493470800529254
0.13386017256672866
0.1196421180110257
0.0870304346651188
0.07114944857216887
0.12552964908623004
0.1733997380434409
0.068697390452599
0.10839542482914989
0.22448134049256338
0.40098491838523326
0.20042693244976245
0.427887958872921
0.3602401213074626
0.3399393588297395
0.17815582169402353
0.14640185722500942
0.06449575572879564
0.14451913202265854
0.12546262954322415
0.06921431081294102
0.1803780383974345
0.08806170848766236
0.19984484009910214
0.13296172910474532
0.1692476494160445
0.10241109587936456
0.11066136373687276
0.15364133580512704
0.04102663668558081
0.14080627771111898
0.14874125205002572
0.15894392834739385
0.16813166079321248
0.10506390569039235
0.28788000967663946
0.11296044038684615
0.32454361180564506
0.10504086809508931
0.1229600504964842
0.07201277695410795
0.1046911938242857
0.08307153143411147
0.13415500729498792
0.04611427446998634
0.250757834486887
0.1896197854409895
0.27984895115181496
0.12288599736740699
0.13332289794593022
0.12963797524473714
0.17784237278298082
0.11973507435798657
0.16077188415799298
0.10780889909366119
0.0835219490501951
0.08240080815943683
0.08611432482653888
0.2183265644962087
0.28142287476074934
0.20450201065653698
0.244304923287143
0.27125422778487795
0.049778861832062656
0.11957268420653774
0.07217636799671125
0.12451721079223295
0.12591715825470595
0.06356794995382326
0.19437754991798775
0.14561248919781114
0.19271024818704918
0.16077680053610852
0.06075802389247826
0.10372370839025127
0.11029930465516251
0.07985824134717649
0.11374485192228824
0.09416187645175039
0.1684677708269963
0.08080694162872962
0.35811708888898774
0.3229629396265801
0.33143534250636947
0.19460777578090332
0.21448269611502718
0.12268171660459201
0.07144020830499541
0.10007141948716518
0.09096419024468332
0.05239451754951282
0.11187997683422744
0.13213760190088716
0.18800514897800247
0.17344092275423834
0.21971343289004855
0.19748943012429226
0.2575145662086676
0.12233338165897753
0.05880081548996645
0.23919501744038751
0.13788249560021354
0.14978449568820873
0.09643749318793429
0.06731121507448394
0.1689799936710534
0.13363772109590732
0.18021349779912077
0.10409980795190331
0.12643073356095585
0.08188548682542134
0.1409149628574004
0.08759828357871773
0.08974207789237283
0.12389308539512191
0.12225919640649438
0.03571577530551582
0.054965864983007706
0.1468179707420704
0.09408644373989682
0.13814708175318408
0.1369093435549589
0.191451014328364
0.21702629018563774
0.1133530323810893
0.15313003122662544
0.06850174091800117
0.18965786170312604
0.23510917991414232
0.256985682872403
0.14461364359535708
0.23404487526366205
0.3437208183234468
0.17951716308894525
0.11764577226650018
0.059008447288244635
0.09988898236196615
0.10135445139296366
0.04631076253933665
0.05267285928200453
0.07410517268386711
0.10246322140998049
0.3095884783730494
0.26524684328618886
0.07417144452493656
0.0696519823135103
0.06634788677327774
0.03591109595171789
0.07944298151706371
0.03268365479780799
0.049371776657768617
0.1411735357191991
0.08671961168417233
0.15349496374463656
0.3097074364819342
0.12606325743033972
0.23897263455659015
0.3123542544046238
0.1180849749736128
0.11479457507396425
0.1103633855180002
0.07521965585113952
0.10875745104805357
0.1309744967573336
0.07759107152412036
0.20635154562062624
0.31690440206947257
0.15152393742120698
0.09376329495118575
0.14008881374972562
0.1096038088963734
0.08347491442570014
0.08654377258205873
0.08467472365162682
0.0782227141631161
0.03326961673641412
0.13811036441541213
0.12158086286300092
0.15886977465109076
0.24297261900458578
0.257539181539129
0.16338524082877276
0.07354287378664393
0.07024168024411512
0.12525246346911803
0.0946262363904163
0.08669719910399191
0.09305257215382513
0.07198447376964454
0.1323387663956689
0.3239113429340195
0.211825525354882
0.05660250074084804
0.03943616856650704
0.11080947842631916
0.08786721950538638
0.09843783510228582
0.08713752589994045
0.0841523399960571
0.09317393878412694
0.08693849962805389
0.15533211138685055
0.18329843100667562
0.11925787005802986
0.24480065756649622
0.38394527229491165
0.12209153454147226
0.11208773486009198
0.055124917401574394
0.11440456550746285
0.08972415362646406
0.06459637871498769
0.06745147984049363
0.061076128729611656
0.07851889977322005
0.07967222168412745
0.07348129347467765
0.0877270099322498
0.03556695957507618
0.07802962463281768
0.03544604679409394
0.041361472079070025
0.09509627789334339
0.10078365813719022
0.0815983603333936
0.1082211752408549
0.23729050752125203
0.12816469835228328
0.1419851679461062
0.2961156894342048
0.18097138720795267
0.1165027490564665
0.0691464920403285
0.044190063625114004
0.030042175582504226
0.11579331026128202
0.10869053711180611
0.15541505181726767
0.11864275978156319
0.13364519103300865
0.06216912993314915
0.18079308518098997
0.08737706179234987
0.03239367591475062
0.0876572566530569
0.06914993370854461
0.09262323116322678
0.11928890868846395
0.11072521960131167
0.0737795602142266
0.20303315932883687
0.19743036725623084
0.1548507838428934
0.2811931958798612
0.44390108592116895
0.2660241526684447
0.1781078342528448
0.07425397423777702
0.07901652667656531
0.029251592014543557
0.09391742696465785
0.08336915842219081
0.12435484869510707
0.2046022068581858
0.24359240889371067
0.24017642183868798
0.23276765778065758
0.14209414123184666
0.10875231434252272
0.05893102925410111
0.13296230738151313
0.09969856081075228
0.08817557196334452
0.09336951509541475
0.17745575892910492
0.1285644991047191
0.19000009781364746
0.39949908653691196
0.28682336519023793
0.044830738794944335
0.09104034575293864
0.03247903316845345
0.09178189006851699
0.029437611677593133
0.05977973155468952
0.0867567632785732
0.049574240202708175
0.05910544369268326
0.15568956832501693
0.22768002067253607
0.15405231057168448
0.07240861355248852
0.039966324606198325
0.1270314565441066
0.04799307306678689
0.1689518920887917
0.18474594651710508
0.17187156764332143
0.21089862127716516
0.2614699233290918
0.22158096321356746
0.11368271617054647
0.09441427998080473
0.16844468218107117
0.1075830925759606
0.047026498422886774
0.05284516606878512
0.14634526136657544
0.10233977092714863
0.09604342252710435
0.06911721550002371
0.04982536674782508
0.3847672218280253
0.09322375413728752
0.38137969708510866
0.18678825244479833
0.21716824838931265
0.17439295474351552
0.16316815384743746
0.22039877260632076
0.17379912366207217
0.16500348196958395
0.2653171938534012
0.14643034223448892
0.08060231999937532
0.31143205914984623
0.05731265818556996
0.09838934780544485
0.10527276712573541
0.07806234072211392
0.10808360838530846
0.07244008871515736
0.04029185901653505
0.10824819289080673
0.1958963264920238
0.18884156063185686
0.06061048128463643
0.11345025011887294
0.11110544746648536
0.06931540307089179
0.052314329489557346
0.02543761779649775
0.01704492359408664
0.034912065259021796
0.049139887306770075
0.08759580619888868
0.1636636503056342
0.05998250358289052
0.1272561775635917
0.07407220179574915
0.08881776865057278
0.11875374220828251
0.05992988237476905
0.0642395298788436
0.05664215105286627
0.021550452437724778
0.05269207327240491
0.08302854097491712
0.1803844432137502
0.10419722359206722
0.050460735952978814
0.027409998514000288
0.02140580549456261
0.040683674168827705
0.030656961639752223
0.04134105771486753
0.014537436703687248
0.034327027650548465
0.06427013083168649
0.07775071754398297
0.19067135037750504
0.0957661963421506
0.10303436534319484
0.10257793448332994
0.07704731643399373
0.12813754529768795
0.07353286977010856
0.043578282015504524
0.12949192845193397
0.10542215762982952
0.19843970517847043
0.1413586653991651
0.30970836584215966
0.23820415273878195
0.1493400083684793
0.17446988342600409
0.1697270799349389
0.21156837898476658
0.07596127927564589
0.24245173527179603
0.12763788711511154
0.25785906792587543
0.2313443439511302
0.26588252764766085
0.17870609222589998
0.24433493032191023
0.409204045236159
0.3731130603713174
0.3302888300900217
0.08249040602801978
0.24538081743751633
0.17481038028220514
0.11235727693524593
0.17603328650173672
0.21359941134942736
0.26760911876502635
0.3793304740478697
0.3000281157802602
0.26087413634294265
0.13630405667404952
0.17991653343835556
0.11967369059851068
0.12750285860234187
0.13592779729788218
0.2373214272241273
0.23716107432876044
0.23095653262893018
0.10052502591193144
0.20604969255294184
0.39010989379322175
0.3124152009415673
0.3879223930737702
0.21940830633995523
0.1922358341634975
0.23872302262561487
0.25470355845324677
0.16694465897698063
0.19298953464009144
0.2615378365665321
0.09383761902535104
0.12858062604296036
0.2398018248222276
0.3468768741836249
0.25121040502209885
0.41933336290786627
0.4100892864591016
0.48231565247397834
0.18864254029856042
0.5680844489800175
0.42997068945846684
0.2749311061996219
0.24955182204422618
0.3491097770202073
0.290792832629424
0.17736540839083106
0.344451883392813
0.3475265852892517
0.2433142625682671
0.30905316688306717
0.2640220894310526
0.25016101806921104
0.2914127229324413
0.22608464871354642
0.2533166123977766
0.1467738834239563
0.3878629140193376
0.4482638938056646
0.13922641680944453
0.2605552726135996
0.3589858330875195
0.4942037488634128
0.45719338540551574
0.2851555463623475
0.4014136790970698
0.4553025479035347
0.5268952037786084
0.3609472764005987
0.4700561160144053
0.19494860687594068
0.35485172498339396
0.3671275602740667
0.18802646748226348
0.2794608106701241
0.21798660073286424
0.3028676775232255
0.30875577161085455
0.31749919261389714
0.17496062006455804
0.22261469077498855
0.18072897823205983
0.2158026894196471
0.23380796375919433
0.255968110793164
0.22246059329603782
0.20349089789462718
0.20965828020078267
0.3318182531574904
0.380948143781509
0.29156897731212394
0.3455591204166184
0.40344984636242576
0.2427537538374216
0.16123254294820752
0.4863396424296963
0.4180877913627177
0.14958259580420227
0.2258464409448209
0.1531632876383815
0.18344797354750575
0.12788483011167562
0.15601355980259546
0.33794771188411715
0.212237085150216
0.19107646239643053
0.2048867278504175
0.1124361235814592
0.23208727043451238
0.1603486589233669
0.236218538317153
0.12063297550270605
0.2704042091454392
0.38036390635845857
0.5121827363821833
0.24613641357525848
0.1824490664820769
0.15382945084036856
0.24581190061618013
0.14408153001503765
0.2089548387175871
0.29269052273315027
0.1444018133062042
0.07944899808846792
0.19232552253972215
0.14220210272252803
0.20732096300617808
0.19879386971034102
0.14396420726723924
0.16252597853315792
0.12148630950229289
0.15501882619138832
0.2228268576783301
0.17765637320136352
0.14040240900303286
0.26399120490915207
0.2809923560113342
0.18201630173205155
0.3064775595196689
0.20790404349263672
0.24899391039252108
0.5029133725690342
0.5737143756792124
0.27133046735191646
0.28019369399877164
0.160267844131911
0.18463224277682924
0.23580783701728933
0.08696588616180567
0.1577285723294744
0.1978817058691044
0.07828172470283208
0.26678252409602304
0.28889699589307316
0.16269080191177426
0.18415310045932679
0.2195669294743727
0.19824043959345522
0.24423680818586288
0.08319822439723143
0.08340563632153168
0.16749268896970326
0.14551043056256432
0.3759671031308441
0.4910397427843269
0.5346524068225742
0.3913209466196034
0.3927633754561531
0.31277745532229106
0.2706862028149525
0.10054896270740177
0.13682967748713834
0.13170384356369572
0.05668949231435389
0.1442250064975683
0.07163710233870116
0.2594522564227641
0.35279134886230057
0.1844102305315192
0.25606030332754964
0.1347119116266968
0.23010380141757217
0.30370465118219075
0.21424999737990386
0.11641974320671557
0.11168248530169596
0.3262462158314398
0.46485009637920094
0.3778588489804774
0.3581343830737644
0.36881435369516985
0.24747098348474542
0.30515134307795816
0.4743360518756837
0.10245963040769841
0.2106143274718044
0.20216473822244838
0.06838082813701879
0.09223714840047072
0.15556056895967102
0.22239218456039012
0.11868054502562042
0.3020621681963444
0.26697845722595176
0.4319837318313851
0.2955669848364822
0.578760939252441
0.5652491873569713
0.6787248269687629
0.7862974721150378
0.41028633484984656
0.525589701472305
0.16227983365117676
0.6020120735535798
0.4173565834223633
0.4772487492900456
0.3107261084738977
0.31360371021065825
0.16204510725100285
0.24006606758080254
0.07887977791953632
0.1319737443057169
0.17392855781443675
0.20370438598309853
0.18897028698538892
0.1505325106788075
0.11410539141291635
0.314391042888845
0.2207677479039936
0.317384683040837
0.3416059074335746
0.6451576725741347
0.713730393046335
0.3569497270271288
0.3586726778888163
0.4556732185781701
0.4231471238920901
0.4662332570510171
0.3736449792712662
0.55024779225435
0.1258413719547132
0.1024214963767735
0.08337587317544395
0.2151482786937822
0.1923740034796437
0.2648194941918496
0.13541084960470973
0.21581402257532112
0.17002998604048505
0.35091163393386027
0.31187696209148896
0.18219587090497255
0.18050962822967195
0.2720659082870686
0.28964073176530974
0.39146294917854524
0.1909598240311907
0.29671126308625473
0.2959676320414216
0.2371604104511594
0.21390562141988692
0.43975875137989495
0.3252453684327259
0.13926920133194562
0.24153867267754825
0.2619517036700758
0.21534986451440155
0.1764954733546984
0.18988693994592296
0.22164673805767146
0.13367814110968415
0.08492634706696237
0.1702328389333133
0.37189106625736146
0.27198879410724236
0.12722205330103686
0.1239690840461192
0.428469264487211
0.3970070923681346
0.24572405775415465
0.49276337558984445
0.38743843342223516
0.3206171766675312
0.573309099386995
0.648414159911373
0.6269523561380902
0.19517392319280952
0.693326891710889
0.2532340656239465
0.41574533398535424
0.15180842332118252
0.12518851221279598
0.23564673171580702
0.2179756847044933
0.14781747953091148
0.23208641335162464
0.15658585728935936
0.30068473638771903
0.09696692576985119
0.162516261618161
0.17880349347704613
0.2236272919799209
0.24649297230027198
0.2752584969682503
0.28679395711172845
0.14057585482078497
0.4754071889579807
0.43549881911103405
0.40562636052443235
0.16564646834962393
0.4624857134322498
0.3421144278550692
0.14657475652970398
0.20337047522871426
0.2019449778681472
0.119479510510591
0.11298178884317168
0.1355193033542953
0.1539869152226433
0.07504963305843951
0.16367081279591777
0.1232788787577936
0.1271937536680763
0.0963327481786606
0.07503103109107488
0.16123533159014547
0.24923567483077189
0.2450397849810304
0.12638175907587415
0.3290937708561144
0.303150562568524
0.4167994740056001
0.4867171025027209
0.460338141857486
0.395208577242983
0.4444572343213467
0.1343061967217835
0.1226691778195652
0.18839101839449426
0.12428282342744236
0.18911662755255126
0.20390457944159146
0.18849147315705922
0.12770318686720084
0.3654324397337011
0.19351432726507892
0.19628283592257628
0.10910863369993286
0.34599333327555887
0.21592588340197014
0.2930391074985619
0.1788557701150725
0.265086179829027
0.32642145035437453
0.35215168973207966
0.33618603576335765
0.4831751248106716
0.401321917865356
0.38299093790769473
0.5474006077976491
0.24471911245158814
0.3914471424567545
0.22753712276966356
0.19503117423978952
0.1489699540093028
0.14157831506990995
0.09404849039281368
0.16967196203374268
0.16169210179921997
0.13242694898762009
0.3606216406352107
0.24563133693184835
0.10321766053462568
0.15829730030074998
0.12836170586445617
0.11730341820760672
0.33741028334323525
0.3385828897235597
0.4665274902901676
0.3010238774948971
0.4707737292598088
0.4711189555511943
0.45030015163432824
0.45471737121267275
0.2189993287334486
0.30131016181945375
0.15985707705618002
0.09798081007939821
0.1429568438865315
0.07842071213450864
0.0910432718179845
0.1966719251398109
0.1550739395400635
0.14578339153439646
0.2244739514658766
0.4628208140302598
0.41358760506570547
0.13194723556928897
0.29952477027736396
0.3115710913191102
0.2327030760487166
0.2366509018128065
0.1288589677754525
0.25338573986550383
0.2460869395960839
0.3004485177780437
0.2808203837333519
0.18444072098343675
0.28623551462257496
0.13755763626814174
0.1097203189966057
0.09967592003325136
0.09301644127969472
0.08512293754726082
0.0843254951173192
0.13978416800689766
0.19641846000768035
0.1604857849731747
0.2154152934900124
0.07755157861961177
0.12292114591569586
0.1237098727088922
0.17406834677453117
0.12561361304577345
0.11022765492795022
0.17857219419151069
0.22137070187190871
0.20551662488308076
0.11011433954218809
0.21892061857390022
0.27768419896138635
0.411268119012
0.11514069667407449
0.11747472769365042
0.04735130522926593
0.08565626990724859
0.14535861358682642
0.1422577155902332
0.16077188415799298
0.25381712820712504
0.08203467140485665
0.15920453100230844
0.1087186894002372
0.08379133202156783
0.16910743188905963
0.10293148400618932
0.2317898751623004
0.08885728450592782
0.12549936000271136
0.15487925769158992
0.23856988499899523
0.34210428592511155
0.3122304632042552
0.38563244947774544
0.4295950848263117
0.42270335412558807
0.27484948814162863
0.23754341506990226
0.13366547082068797
0.16052376198804924
0.1593771003313168
0.1867026751024528
0.05656392904179544
0.15020038315737075
0.20013597308988176
0.2434580069963783
0.1255360854039064
0.15461580202319686
0.1475798670296333
0.08121150127970843
0.12687269404141638
0.20599003703140487
0.19731214676833753
0.11001988388220375
0.22135006365241236
0.22764511533504936
0.4153570662496995
0.3866443135214102
0.4966693280727598
0.4490618584645513
0.3729398908319413
0.23485037437885198
0.08733170672450918
0.16704437072649914
0.1762394122657566
0.1457084094211317
0.20801645876496655
0.15733111514902964
0.08157334264049407
0.2708608232602368
0.15113769427518264
0.15406226804459053
0.14062325132342643
0.27856343878882084
0.07939807520570813
0.20824253696702108
0.1727724528631753
0.0948442826281426
0.20052008456094567
0.5255893062609349
0.5379821983210483
0.21538348347573572
0.1884625361965006
0.40609072127108814
0.19700451305539354
0.26963188827522727
0.1362202162879912
0.12930428122366058
0.09124239279015374
0.07354848921888354
0.15345254060660743
0.19954062519972476
0.37397150952787495
0.1472136168780494
0.19710451604292223
0.18021071715573575
0.2739295218127571
0.10749309563824427
0.16821438778181846
0.22289058396996914
0.08035460729671672
0.1962422182747589
0.2307939448652944
0.38444160335913785
0.3566661499642628
0.3664367467112185
0.23111191083835136
0.17277340782494774
0.17835111566161987
0.18484460735467964
0.11590413600085349
0.10903470830150616
0.09577298417591606
0.13156332849778274
0.07723183672562296
0.10728216222313237
0.11216265836249986
0.11441945409394956
0.1674046533447646
0.29818513256388385
0.33321126782270555
0.23482132297401465
0.31468305528327806
0.23316065666906824
0.2094779278871812
0.155705954350113
0.1353867441207942
0.14666222545777957
0.25326181381603136
0.07253836760617642
0.2697100939138773
0.09361672067547991
0.20508836663009428
0.15626149783805862
0.10677609663589888
0.0395170871199336
0.11253819908850538
0.12545470860641603
0.11985029470157442
0.1309428833137528
0.049395661326180625
0.18602074276882036
0.2722265240229487
0.1428489534252148
0.2290393987465322
0.18964292109632128
0.1335841500437046
0.20518431578940383
0.2777166270500527
0.08098366030862637
0.2246532321845377
0.14210935967887947
0.14054932054010463
0.31184359437086595
0.3936710436856453
0.3752989954754258
0.29690319746182936
0.13758916297297935
0.09002048446434993
0.11694273821076717
0.15442218786158554
0.1477169764779913
0.0570719840921951
0.2051819201574619
0.22537670766261947
0.2150717006032849
0.18999302058510345
0.11735665538812469
0.16808235683306635
0.07323303525539289
0.08041325800659174
0.09343602371140679
0.16065635893581795
0.1706840685808299
0.1878028229390823
0.19946577567672094
0.24281968361839604
0.08101202830724145
0.22762408237928006
0.3126784152513355
0.17852414339624484
0.13914339499873507
0.10201409382380074
0.07302704141824996
0.1474188364356585
0.15481103321763517
0.20438091275311704
0.2557933513737987
0.22000450464228427
0.19308787667290508
0.06137718782320288
0.16255177630752787
0.04657932362761023
0.10807902833817451
0.04127776323069772
0.15709601861254563
0.12098534062663717
0.17699758433785293
0.10673165280367065
0.2566023698689796
0.27745085907977407
0.10047823034049687
0.31657680258992665
0.09343349130737615
0.2639508067513831
0.18658926187360464
0.0736503232905699
0.1197610079594409
0.06068512486730186
0.11583048085666045
0.16961939350630964
0.18408033995738382
0.12190009310395401
0.22774127171947525
0.10302010300173992
0.04863585819934018
0.06893934480235402
0.1233901703325224
0.16815587187394332
0.05332294878096455
0.08167569891165125
0.11773624570826549
0.29370763896985586
0.1591086480362686
0.3067355915143969
0.3746923789833139
0.33901157922339087
0.21904699085005538
0.32265904144634
0.22388842136405993
0.26450968244475287
0.06722750622611137
0.17018791752114912
0.07873094719051472
0.13458942568811272
0.21599818620782504
0.2524261331011148
0.24483859713801198
0.16227905005153873
0.21819951950482325
0.05873239513265101
0.1786295136214397
0.10582313461191113
0.23922566309382856
0.1572759045689316
0.1581040632704058
0.07520123908273073
0.252656549838715
0.23377323579098053
0.35725144914665824
0.3485440553523085
0.2657290070569793
0.2843389491691505
0.31760448912746503
0.0739853244617646
0.1005648371452057
0.12827107936234286
0.06758402352263253
0.2181691716949748
0.22056699586674358
0.3307630217545678
0.07044564639686884
0.04555621548083761
0.11538076234832385
0.12254748856273165
0.1782049814677992
0.1705090523845411
0.1925634387574924
0.1275554781580956
0.1469553337167669
0.15961569087723435
0.214795038938536
0.2829370904067311
0.22797686001099313
0.24610065176243495
0.3275642109553917
0.2841322237639349
0.12991352598461825
0.15329037530857495
0.1554379652363963
0.16634804551197396
0.07618942208550107
0.16547608785720896
0.0839531682667881
0.18352536687061619
0.2696626737485051
0.3315957285167626
0.4175111804096229
0.2119321956929727
0.15094545501034798
0.2246226491019829
0.24213791024003434
0.17670241351109905
0.19191608698168908
0.0858015695816103
0.25775248242643783
0.3092075444416335
0.23434035532059638
0.10098077408645434
0.4366515938844571
0.44329016847918346
0.18996247180022025
0.18847200865336272
0.107089487259595
0.15794054428313622
0.048672044836917804
0.14356461437095613
0.07438351441635856
0.22236805151976094
0.2003572913635516
0.19199308322064132
0.3564877128009356
0.2363393590827755
0.22553632952757677
0.4499887863844961
0.38002974431667164
0.44148275027875983
0.13866835782029543
0.2609747006852497
0.4547909993606094
0.3224434069555018
0.21643057856463274
0.18373205218096317
0.3205730070860285
0.391778656975499
0.31655955772813543
0.08049070820154525
0.0936288570629293
0.16989731083978224
0.16335150731300874
0.1117919056334832
0.15157598055844787
0.09449039099683222
0.13267673541548755
0.12677491478429187
0.21900187845716965
0.2629309163825305
0.25473019369482325
0.22738766198811863
0.09972514136086978
0.36788564295561027
0.32262696627550336
0.24907586876751667
0.24682616508032218
0.3132914848611371
0.4074612624581315
0.18058815193012193
0.35394411433625633
0.10886800779975583
0.3067334837598105
0.09849321019742747
0.2562357665381551
0.12889798867032465
0.16292404162245167
0.09840001212606946
0.16123608981464055
0.16829707864441218
0.21983988666437368
0.2380486796891661
0.14292185245039138
0.33349021633915404
0.3129336065778905
0.11948973055988593
0.1341480800081913
0.30220656930928597
0.497155676557374
0.23770383954792867
0.19264196305412587
0.5579639016875729
0.5309955898647593
0.4136935227049168
0.21095652449229582
0.5514016829450675
0.11505316159615372
0.2934969093148776
0.1825450514445432
0.18202091599954442
0.05772190144427899
0.16593128475004285
0.19170099246807668
0.09087194847443941
0.17808203647847423
0.16892692288604597
0.0950839507677833
0.18506967211564873
0.13310036560389765
0.2628059319060428
0.4205536399620591
0.40463922542397895
0.37403588325363835
0.17648615531827183
0.4933566370584294
0.5911091708399496
0.6645892148129199
0.6198907053994083
0.5213339121882377
0.5282388238990744
0.43309303612930966
0.3204228097925929
0.11166760372865178
0.3463013272010886
0.10101797801906415
0.23806186188952017
0.3172992166927586
0.35306834003250726
0.21248458085410504
0.25127032236713565
0.33573913855643117
0.25726498113232843
0.18117561591170842
0.4095487989010902
0.5168182001451502
0.17794771762396625
0.48609669065088645
0.6708311942654783
0.3411203295994209
0.3852079717999033
0.6257839160504651
0.3572828729915755
0.583362874405764
0.19490210196017796
0.4415289083484118
0.3645979606761419
0.1928411210211322
0.09649770020696002
0.1417025611032442
0.1349327539470897
0.19976534999024673
0.34376458550307704
0.10560336271323625
0.31333915580900834
0.446460856976936
0.40421739299142134
0.1483644273982207
0.14172647411710101
0.3746056700099275
0.3841650845198129
0.28416294877246956
0.27438022255405814
0.3125690407686346
0.35323348384258274
0.40560254200680385
0.28517504733335824
0.32253428357616154
0.3367899444048212
0.22900684308552993
0.25519952331005935
0.08341967994617888
0.06311530904982221
0.20068213985410463
0.1591064706336033
0.11499031165296977
0.13275413107282735
0.13054889972272327
0.11545077862592226
0.36866609984402404
0.13144469112377877
0.38124775642932573
0.12645464099854323
0.44261029864828755
0.41966503901412133
0.2959170247433401
0.4715486584925522
0.2713328225802143
0.6561067099705525
0.6188034744890941
0.6550052602497082
0.5902641883816144
0.4425421754085464
0.15589563881531582
0.3552059391777007
0.22132252960690085
0.3355324447945058
0.17232189654736152
0.14144189095936602
0.1490393721196752
0.14240712420453247
0.23262240116353403
0.21906463490461084
0.5461759807210788
0.4527112764200045
0.43238718680403787
0.3666598756083166
0.213630561636008
0.5436622970805977
0.3318722403986596
0.5705776673600597
0.29800257010708225
0.9711323655985156
1.0
0.5585841413853116
0.620795288472168
0.8810899990307879
0.3099461329584984
0.21130378893949972
0.4069916497279143
0.44433643356827274
0.28928721256799084
0.17441191181215976
0.27745683548170774
0.24183578651053358
0.17844161252828894
0.14858712149416384
0.5349609585391026
0.14488240642880756
0.30627544831792
0.32553761404548215
0.21644714566248435
0.28330041564184677
0.32273104952502074
0.40909745068918985
0.2260976798664478
0.7406800114659073
0.5565458336621214
0.6777340858447084
0.3623081551267217
0.1743004242774394
0.21270107359321008
0.20019022127522468
0.06670665116957271
0.09343004153972093
0.17813363202721472
0.11448101161400406
0.07282669808390328
0.22479912205187452
0.1497158627216811
0.13155833330999184
0.21829121082995845
0.16470087790596002
0.13796246939822282
0.1405156858828899
0.19363683109641636
0.11062589361557447
0.3829410222642236
0.3820585889811796
0.6689049010563182
0.6901017509329467
0.5289794954486551
0.37382133065774564
0.3253989428428347
0.19700412415263846
0.17489103670762154
0.26770283598218153
0.22646439698505794
0.21540298415061193
0.2228790434524789
0.2712336882094909
0.4631806754321821
0.557783998770923
0.1299951910306098
0.12348636302050545
0.12559629104864561
0.30292665035423844
0.26496248152976787
0.40656054191286295
0.4817172559709272
0.40262913991949545
0.35744257437662247
0.3407386653773731
0.40926615556384704
0.27131790886377316
0.40337992107667575
0.6626579057862411
0.3741373517556557
0.2873820204521828
0.3681396595662154
0.21338500751655387
0.07035193899160799
0.12098565710303817
0.16070610678741976
0.15593408285522062
0.1561553023259993
0.10493340853692701
0.2677314891798827
0.3041325355727587
0.3732072750047139
0.14663572642392392
0.08291175411613545
0.18671757579857404
0.2932183556141204
0.0870462736519908
0.12203379654331194
0.3811885800146222
0.4711292746609428
0.3130443193493306
0.28999165943332
0.14802607697000378
0.3559447918748004
0.3494334336237259
0.09699251251067202
0.11276330566666647
0.17040749097767288
0.07862491224480372
0.16480873344474492
0.1892696867212543
0.14867893832978513
0.1581598199891671
0.1405692020924254
0.19657050544185792
0.17731937691267166
0.0832945918461605
0.11621763277564344
0.23646130433659804
0.15569841382549304
0.22299933908563674
0.17003464455103423
0.2203725509257417
0.28136399059769285
0.548175636439307
0.23403322772802337
0.25140665536287465
0.24939948271681775
0.5174082678214732
0.3538472818106288
0.18220785771781497
0.06281511877190314
0.09497284925403719
0.1786730205813939
0.16969775944522342
0.07680243652217093
0.1481871007299399
0.20538289702303122
0.29006164171564697
0.4783683055696476
0.4268984580818782
0.43711751899987794
0.14814884994710528
0.6235562065741626
0.719836334531399
0.36393117701757605
0.2662285653809987
0.5844073019210722
0.5418379327530599
0.5503980959686827
0.4093902590549566
0.24203536708022694
0.38285372944992585
0.4126096032792572
0.19570723608754695
0.3236850142759142
0.11565098985030937
0.20728747868472508
0.06832874263136478
0.09417493703334155
0.22558918373667264
0.20790400651905463
0.32573774673498723
0.3255882137181989
0.4860895984783529
0.5221402795662149
0.44930029910798874
0.2741262382700122
0.4313684470043518
0.482158001718438
0.6455307112083942
0.7491327427974448
0.58972975255899
0.23760849620309685
0.6644256474132035
0.4847813019633467
0.8603449666183745
0.18009028628985718
0.3489600444640305
0.30746616652161035
0.27084345056513465
0.20878380652052883
0.1884885688342801
0.19662464425981466
0.1551315325212214
0.1810420290630455
0.2108324838181024
0.29726471402412863
0.13524071492040168
0.37433478544619575
0.40232311688708433
0.25049430487433366
0.26323434665346407
0.25767225120494136
0.40375020785400084
0.566717771425869
0.5111357429236636
0.7137911569979086
0.5494925434624326
0.7896736663054329
0.19106079591820466
0.1483413802988731
0.4305826282085154
0.3114963211558658
0.22796258141269182
0.22228895815799485
0.23335942456177083
0.3026981855744138
0.1707195761869748
0.2952799968856801
0.28422252037378753
0.1483256113073296
0.19926641483039262
0.24664429785092815
0.46095376850875336
0.4520102029603288
0.3884367107971611
0.3213063986014856
0.19451142660655663
0.7051061877514134
0.5205216698518322
0.5350791938980547
0.4089009747290213
0.47346763896750366
0.4611094176193414
0.21939955666533442
0.2010024937740584
0.12998558897883053
0.16189484388237224
0.19404331664550162
0.22900684306246552
0.20089892906978984
0.15274333929392236
0.3089897975601115
0.1606627880849311
0.050243910989426745
0.24070475942759084
0.2139667406274406
0.3881222037153992
0.2749638244081142
0.34502953625100663
0.31855481620787635
0.3838678193360321
0.35374001950670747
0.6349091666461298
0.5863147791666337
0.55365390444041
0.4491047930818743
0.4788066923135567
0.16483132310795398
0.2738772540857909
0.2795798109999599
0.3023755036440334
0.20572447401959032
0.14137374310761125
0.19341218114980932
0.21522036028863017
0.28165681424325095
0.26517030872063063
0.17983072540286693
0.18566991516639803
0.15498752121451342
0.29721980900173783
0.3813909060535424
0.29342674385849576
0.39147730821255167
0.41233262795084563
0.2768173109208419
0.18445709787994524
0.3932992306759725
0.3086809813333171
0.60048300656902
0.7017299298628759
0.4994753596806301
0.1571583693489319
0.17591994632418892
0.20465559316329765
0.23791462868678573
0.2716479843422696
0.27460660847706975
0.12436786369878193
0.12359681791493476
0.23079575750202394
0.11003938028785282
0.1750777172539716
0.10051159160202373
0.2212716669335717
0.07430643908850557
0.05810414914436742
0.06564632773645127
0.14668343405966944
0.32243590921952303
0.161096747174964
0.15366433224742757
0.49060405757606346
0.2521935868761216
0.3078456238154554
0.3190314812874702
0.12776489755445686
0.1606733823017666
0.08586179728168862
0.13968302302710808
0.21253331065446246
0.26917246087717617
0.0739614180281595
0.06572074695523682
0.33507088851792455
0.5309100399533361
0.20658258298168106
0.2436309632819404
0.47006776427928315
0.4864791862849421
0.26470666603689436
0.6608122948558268
0.5023331402674721
0.41143147214807163
0.2596530733101328
0.1925329526749865
0.48236678517666387
0.2881492624419939
0.18202223868137093
0.09851601355104798
0.20741602216148966
0.06579515482063006
0.15837632362921725
0.08334346732894937
0.09593511713214596
0.18872703974595295
0.20640799273710997
0.20145555739664134
0.26994719474073675
0.11413236426405877
0.16674834972585706
0.42118405356631444
0.3256347656521613
0.6515335623628014
0.5837274402983872
0.48623645133221527
0.7492702263204336
0.5803725300095951
0.5628578340456424
0.36191487160976055
0.38746404350351593
0.24564320610804974
0.4557285151381948
0.3686443656015616
0.14476594864390382
0.18158761993099845
0.11012948988074828
0.12012314223787378
0.15586486216648915
0.08563415188486583
0.2816441688658188
0.19998387226836542
0.24677859688180243
0.16525363638638763
0.1611010314456502
0.14664077106552412
0.1803780383974345
0.1218208982538759
0.2569870616663284
0.28820575830098166
0.19570074667810672
0.19974791418261936
0.4209033935148206
0.45382475937805855
0.3962197161723624
0.32632130620433325
0.28968320840457573
0.3134171608252909
0.24425171496180798
0.1901451734857931
0.09964634023203549
0.16180902639007755
0.1529269079963501
0.18777308672735718
0.3937256324401671
0.19444431323864758
0.13600307224274008
0.16211854250726176
0.10508063119973152
0.19391206640683004
0.1768397807097391
0.34015610531964907
0.13123687228146594
0.3454880469652779
0.46841018924230865
0.32364516304680047
0.5625556193283252
0.43608197698285905
0.6570056353715096
0.6956967602863366
0.4812005638959238
0.3543840265253946
0.34294263596996283
0.3164650236771791
0.10312000021152468
0.3215735078432069
0.08567135581747563
0.23185761710389427
0.22217299495995904
0.1721427811202236
0.09168909191712905
0.22818891602822458
0.23659501176246356
0.1331526886921971
0.12483302541531789
0.26492065721131036
0.18246960613200908
0.23019354070656628
0.4261674250802875
0.6404251400700143
0.48594387479496837
0.4061847744099079
0.45035300267775996
0.23013987873475478
0.13321798169294344
0.11569738013905806
0.23463497826042265
0.1893556638783136
0.17876429812683958
0.08235173084665577
0.10257158371246179
0.05122051422069678
0.24264476287583975
0.11057118569577778
0.1538626299101965
0.17516688797462515
0.3977959161112301
0.191373178917992
0.2939696186903732
0.1454401824110307
0.1475873900616812
0.19514406321312316
0.4729774409265104
0.2932369438669655
0.6735560289432193
0.6508575764518438
0.4849502245371714
0.21803414158208761
0.18860411301769872
0.1051197115893074
0.2250081880581269
0.2081172114941975
0.14926493692110518
0.05457816913874141
0.1771301243860347
0.21992108534072619
0.19746622631851954
0.1185073062004031
0.14037056848422577
0.09427682505058012
0.18625993095387247
0.19995503065173473
0.15215454987515697
0.1896197854409895
0.1001436856027313
0.37230034285333014
0.48640444294191115
0.3425150160510886
0.337005593547513
0.13621289826804137
0.3742422105520126
0.20249299253474462
0.3062969750990761
0.3057294240629285
0.12028849362643203
0.1733814436997959
0.09779472526843601
0.13338746319123307
0.11841178435987199
0.16671978960223974
0.1371151707783706
0.14752647764881804
0.16674353660881513
0.16239251935659774
0.36645471511067085
0.2193002317765826
0.2939240262459009
0.4096170614522977
0.279722366225648
0.40180296917100733
0.36044650350242524
0.4403704929246538
0.3925022802658504
0.15808881064266966
0.2270868273835465
0.22560185316021344
0.2736431155440749
0.11634594949968548
0.17245812166573946
0.12245325903177154
0.11847115403420966
0.15068306504759066
0.13938916408592528
0.044337786687863
0.0938629661172889
0.05292259413760024
0.2647109628140844
0.3466350044073203
0.13683606413925783
0.42442498394087425
0.19646466712979457
0.49789916473790496
0.39014586555744313
0.4882064092260455
0.38478543165317625
0.33122540432754394
0.16918488354357636
0.4087434186581594
0.256069058987426
0.5513068426143239
0.29825896113429606
0.26218686479677666
0.22417655619366395
0.06445581324667307
0.18789433298375813
0.13990133041036737
0.05369457573925594
0.14657457109539965
0.1424579495629052
0.10198265595908848
0.10947512571033378
0.12707436532861688
0.20106150117708
0.16253847572676042
0.14883513056076195
0.08551323910388345
0.14819712549460756
0.10151093012614594
0.16253831740695027
0.5084073996744977
0.6236426984475676
0.5889318575621031
0.32587335686638513
0.6634397269972035
0.5066370468339447
0.11128626341940007
0.2245091469264163
0.09276732312902636
0.16477195135729988
0.18863884725647823
0.14267481209802363
0.20112393605632503
0.20378536177131354
0.2242973822093368
0.10217792456088909
0.14432369670194287
0.05732195916872238
0.18277723141387647
0.30150516226444524
0.09891595582660428
0.213208029834703
0.33168494709842655
0.34705210091511
0.5147933152779202
0.5304077257395825
0.3810943696323192
0.38250360058906824
0.29284432536471705
0.21085048954658483
0.4005739436186765
0.20475693517740834
0.10342225713400054
0.10199236340589435
0.14195737347705872
0.1418152265743777
0.2176635997322141
0.28488608412243455
0.18272705883907386
0.08613068393079902
0.1204235037294495
0.18641433254826545
0.1987221063520637
0.16487700448259712
0.1996974831130796
0.26399428299720035
0.26726005203632663
0.24663898799076522
0.5967533532212875
0.3007263183560113
0.45662457908832454
0.31898388605058026
0.46779156873631117
0.3135960949582313
0.4062643634633106
0.19109427181867172
0.10441791278903695
0.20784955574920638
0.1083299884121087
0.1354415783082154
0.1707910738143694
0.28215025828843554
0.14302764854833397
0.13865973714652247
0.17602524781951698
0.0794210951390104
0.19233619074864114
0.06264212153193985
0.15236909379771024
0.1937274246515162
0.17003138675648374
0.06914350875552219
0.1856663105780607
0.18729538467686968
0.25297868563653325
0.1891628702953486
0.26553041420742207
0.17485731468218144
0.12797431704159934
0.1343762053340912
0.0816482893634602
0.08791808927374416
0.1383370084170078
0.13688621070703713
0.04143587994428984
0.1983660026908227
0.189335011653731
0.1180056203753719
0.14958002280451094
0.27464414716277125
0.0798160696862997
0.09560949422536641
0.13381305565896673
0.1473487660099515
0.10668440975361207
0.28267420623783235
0.09861832436572514
0.20591925686713988
0.19396047932457844
0.24247754127030766
0.1116490017623472
0.3367704062532576
0.1743905584386897
0.09668230617873186
0.1284101115316061
0.14043004753866817
0.09012990186485222
0.10630651362540941
0.07080220323884104
0.172233051283406
0.1087388368267652
0.2758954366861405
0.14437983295391943
0.09059157590513668
0.25941809739215466
0.31607433158543613
0.14159641562900227
0.24719495026289984
0.291507563263185
0.2335954228765802
0.12554467059214916
0.27696421701135515
0.10147372619353613
0.41253625263813565
0.18635641708731346
0.23654877852452805
0.21947771089270945
0.11771276439574681
0.12057368447523702
0.12527880356253118
0.10677851025502744
0.10072837163901018
0.11696320975571427
0.19461546613575734
0.09910291113526622
0.3977661765840092
0.19166326551438626
0.4270660093398075
0.2142435610622268
0.3016163879998556
0.1634042789598407
0.12707952488138605
0.23248526409689435
0.1453535075302014
0.13626815960701788
0.20563394055273415
0.32804449889327536
0.2757103948738917
0.19803463937321036
0.1524341334980411
0.10771774558485128
0.17019931428712415
0.13864287918938722
0.12782617642070015
0.038803701712138566
0.15996891692301968
0.185412846604336
0.2505365403818175
0.11788370530015899
0.18180451997209193
0.17162681159374296
0.12840603542150478
0.1271572298714178
0.20128279528214943
0.0753565655013776
0.1860504822960419
0.142945467786068
0.21448269611502718
0.38344126998100664
0.17585895746191155
0.3210252788290156
0.21583529192213838
0.3086652190115226
0.4224504465769371
0.2735143319079839
0.10876484279361198
0.1506064452213223
0.10559145754126362
0.09216806912911386
0.07706774017055928
0.15134445402886118
0.12433922821451521
0.209761703405255
0.18089212417220935
0.050569445400023325
0.09907443407980998
0.08036123448082386
0.11411455762382443
0.21633405537373243
0.0817835448597396
0.22658216287292873
0.2615636343409027
0.3034297329677204
0.4683847801005688
0.4193523291059695
0.27249276998161476
0.35306214066296737
0.3672395718921451
0.29850206740835744
0.16292404162245167
0.08326394111966562
0.04254269693943476
0.10464381152339267
0.06285221407027314
0.09997769943738276
0.09097291621438841
0.2482287590003827
0.12353799607700752
0.11334355428517368
0.12651194879913058
0.11103362088995396
0.10352935674980912
0.10336726188642194
0.1246290479831249
0.08811318899284667
0.14077281595472002
0.0732452423257648
0.3671275602740667
0.344185033690705
0.32941208211716566
0.20743344202137373
0.13079042509014688
0.0685575468169162
0.08576678046301764
0.15690574561923204
0.1240723078505909
0.11457040356059008
0.10442414891002307
0.10802235568194545
0.09088920736601583
0.16474826020685304
0.09793921594695622
0.07743201910555352
0.12572893542101982
0.15093332295226491
0.07505893404049781
0.2071348660238926
0.22582404605863185
0.23431884382460952
0.28878880711519267
0.16096104758949764
0.4243472531918152
0.5414750616605392
0.38180706068106907
0.19525507223722754
0.3467331478723709
0.05872640762474663
0.16533830993020907
0.14845673105779403
0.14054900564755363
0.11167856524921264
0.1269363705374148
0.12447130092501925
0.31708283912045804
0.14333679465819524
0.061513522880670066
0.06171233840387849
0.12816912391703705
0.09666594707447172
0.11883587870255108
0.14062366809273716
0.21851212203395898
0.20926713670354988
0.15966242557804938
0.2710220518225013
0.16436920179970493
0.21668219533391295
0.21894239940272722
0.3119676405507479
0.1701346843077512
0.15985667669483838
0.12758257177909502
0.08418661558434294
0.08721367842421415
0.1676144778680624
0.0880323180601544
0.06973123117328303
0.10928727701096003
0.07393351507904858
0.4123973715180836
0.2225070836890242
0.18599922215760806
0.1441949703484108
0.2642951784151092
0.16782015210942505
0.14720210055717428
0.1255888434067893
0.0769563346036034
0.09223714840047072
0.168973187905266
0.1506019138208806
0.19808840369392575
0.22448134049256338
0.11030285227600423
0.19694020954319436
0.2108300552437025
0.049992784444569685
0.10566768382092308
0.03954778036433681
0.05565509213013011
0.15952143631124915
0.15734010870413945
0.22019145954601888
0.10046811106129687
0.2003197179857093
0.05907054400138833
0.1357232036348575
0.2509123911655538
0.1707554685572967
0.1900430065981584
0.29950677864505065
0.20167092240726928
0.28865129742976225
0.3115623195255
0.2594226753607999
0.50982471515362
0.40577319307111687
0.19974039189758988
0.20109311462066143
0.1515823702466314
0.04529578795256828
0.1443469833922242
0.05830596577290834
0.13316501172041173
0.1640188287923822
0.19359363981710884
0.11130734538749427
0.13187822258119067
0.09551430357002476
0.07508638893366071
0.06803467204190443
0.11353664381547211
0.22628902915495916
0.1366260275487931
0.2114901542880677
0.3559576907619857
0.45362806452810206
0.1617626989878985
0.29000785056451783
0.34857699856008717
0.4098861640390399
0.2969491793040243
0.1249489291523546
0.10878976285157771
0.05053224146741339
0.13269777046114759
0.14028345878669404
0.10232995449250165
0.12610891767712534
0.21602567323282235
0.16123533159011544
0.06403185284130944
0.12779074846964372
0.11179883804278617
0.06971797680506875
0.11278786954713724
0.12985119559875802
0.04084061702253123
0.05953862201680028
0.10347453384769921
0.2046376868093131
0.11995477971750955
0.1184573214299609
0.17433216619308667
0.2653043116246019
0.23485037437885198
0.12237585342468867
0.10143636658343755
0.07166923576464054
0.10807902833817451
0.061500268512456165
0.11220128851591271
0.14617477034296383
0.12607961653459987
0.1607148523850533
0.18046375570379503
0.08770555553999435
0.09125831152096595
0.16585734331282403
0.07083134373503586
0.16397454042916473
0.14562843632058312
0.1615385421151404
0.26271898347238404
0.32033011798269934
0.3659808921017354
0.2345404777807916
0.32269716023548295
0.2793464971662289
0.15194807720405099
0.29903156283553495
0.1593030595419172
0.0817628030932831
0.12023041419915105
0.10980848232078852
0.1449827461077945
0.09576619634015128
0.16684650435141915
0.12715931741578373
0.0999214088222835
0.04429128177210064
0.11483800660442237
0.10718467791493663
0.08551718371602712
0.17879403765406046
0.1158322637867979
0.07800195693875073
0.24007249055640653
0.39118475087502996
0.24739873372943536
0.3060376109824295
0.32313856780181865
0.26745045385557054
0.07933738629063784
0.06348851099881538
0.15822528512441592
0.0962229492653804
0.09798220943032179
0.07608619391493752
0.09336299475929824
0.15143383365576749
0.27806457951854047
0.16294610917961272
0.14835398409768694
0.11203973409039752
0.12735327242793715
0.21636593364406273
0.10744659678204906
0.17577906415428254
0.08868497771914738
0.2876191097026846
0.18066181391550828
0.27069409819618845
0.4403947956550466
0.35142294514312816
0.39432303846464045
0.2442647518138048
0.337906878822311
0.11494188115086613
0.05352715804251134
0.05393640130122037
0.07106394890700711
0.11438087435701601
0.06916629281280474
0.18718319944488826
0.16265496740500954
0.10747931499056998
0.20497526360790314
0.2034520017577711
0.2004144057567567
0.18215862593911636
0.28738720648561544
0.4144797908823427
0.4346216223557388
0.2665064605963331
0.26702295668556836
0.40290964011600894
0.5140774675462562
0.36262213790043685
0.25815705728713034
0.21346160008472154
0.3272845111963909
0.3636846783884746
0.16479118691357594
0.06322808347054598
0.13312450394463413
0.16698220899643687
0.10549124671970474
0.16518024271230247
0.13192981812993118
0.07365448558447403
0.27056705759615174
0.3899849551564673
0.3524465490825275
0.16354564939120642
0.1945765675498413
0.17848586669605457
0.4470140922396093
0.38171181599839266
0.21758370859924142
0.6251248621903456
0.4734984370762418
0.2188242306283517
0.18767523805070271
0.43490706612590047
0.17231001388280898
0.3766808517841535
0.22067097721350476
0.27187964252715663
0.19158772284054587
0.06905049892399734
0.2840149153711192
0.34525161439829327
0.14203380978006055
0.32820542241354217
0.06403726900481155
0.14566074080411776
0.21670295313662435
0.22872326431071907
0.19387027439312376
0.18085304577773256
0.08323512247671543
0.17706914507522903
0.08477846143483755
0.1302788710167605
0.12338684250077425
0.23724266955999504
0.10529643026920417
0.3975579998934605
0.27617350102466776
0.22714259213165416
0.14911210091198382
0.0796524786436964
0.1230811815209043
0.14122485626518655
0.209266142058979
0.13663666667770924
0.27244932725107374
0.23755934344321997
0.1336417796702418
0.12577631772191283
0.1372181785987749
0.05814044568614051
0.09249437548807937
0.17379021157915542
0.136084560876726
0.19778716399400487
0.09346980464436247
0.2956418664252694
0.31833658959425604
0.39518503791407295
0.30717957666812945
0.37098376042657794
0.35694739147647964
0.15567479774608126
0.06908176713080211
0.0440587571932887
0.105733604443944
0.1570229319659986
0.25641420370148227
0.10539509359451006
0.24985643214131972
0.1660140872721323
0.08502375650807167
0.03680399033435577
0.0580673871450583
0.08339322269666301
0.14787284269080292
0.14017223305128368
0.1650854023815588
0.17295714983330263
0.15803305335313061
0.2878237867778347
0.12595391385085838
0.08088134949394925
0.12037617211856215
0.26071377468738066
0.1813813765223083
0.17261290831196166
0.08367258604549689
0.15738157805477188
0.069787938774699
0.15768785658353401
0.19673677698183667
0.11675492710619406
0.27898195084378646
0.2305884574820163
0.15038515111625353
0.13404100078472042
0.11866976210357519
0.06960340718596944
0.08328419978949649
0.16192405802342832
0.07945616939257218
0.15860089867084262
0.14488441193310675
0.15032380904845438
0.2162541308056428
0.29909478972269715
0.1706090983313016
0.2691739777801534
0.19647284216693234
0.08934769612984193
0.09625679068169128
0.13824558878103327
0.13502101753574056
0.044309883738405546
0.1018920774779293
0.05157395158049097
0.28701828766264414
0.11931582266145085
0.19217682490361584
0.12541158629194527
0.06081104136533383
0.17592881352994516
0.1887954850675353
0.09911251034194715
0.1294721371916099
0.1573664236590891
0.16699891949929685
0.24492334198742097
0.27745259698188995
0.18419391808650337
0.17088720310372782
0.2099525094220113
0.1298265366550664
0.172637955519265
0.059419332702875256
0.13873489448705825
0.1379021877248634
0.13880971779250273
0.12504553303543373
0.07057951073897167
0.11750744590217069
0.22270172872599264
0.3161660492566002
0.3029789032586365
0.0888440301377142
0.168046702248411
0.1995124424415965
0.29712761646735214
0.22597289471914603
0.16631711301330165
0.23964556149259747
0.12321260691633447
0.2304675115461992
0.16949648090171962
0.24985785220615853
0.15394948680434895
0.2758123735013207
0.12205403754085817
0.15663364189206108
0.11265142037440135
0.1275183987126027
0.1927716154480411
0.21360557178643585
0.1481325850889679
0.15341936418042657
0.1071194146968418
0.14944377701823824
0.2964436073412636
0.14062884674938772
0.21719605482316556
0.17981927402988518
0.10788210358559354
0.10233871762671604
0.12263346286542379
0.29200500809790664
0.14261700198147204
0.44312332987606734
0.427505703805243
0.24569570010861475
0.16084175827557234
0.28609425186827436
0.05558267531920898
0.12173969725364642
0.06464155377914843
0.09817529896062023
0.1258157456041606
0.15271315577989286
0.15330543454106255
0.12293866851661099
0.19263198122334757
0.1865509305732627
0.13888359212316392
0.19957566932875873
0.09317642556511632
0.13539492480330265
0.0480767819151592
0.06928080654262765
0.17124562627033318
0.154916432771443
0.3201632793795831
0.45602591041040674
0.2905245779287665
0.3468943164176261
0.26571994341099614
0.19798694428367455
0.19810540003590874
0.11596099014032998
0.13956049150652483
0.12396108211517991
0.05831922014112223
0.14622178513110132
0.10159473235947761
0.12211249435458163
0.23634158508526856
0.12978860285719307
0.12782797200504709
0.13726557203001316
0.04062669441002426
0.050429930652736175
0.08815921285908374
0.09380087177387125
0.12283861506651332
0.15707232746209945
0.10588239220781016
0.295797280930347
0.2527692661947807
0.2847914026517836
0.3606786834717586
0.24591414163749437
0.20398341721044608
0.16135501603896496
0.13722475106290105
0.09800366382257725
0.11859236878046409
0.20483432850051947
0.11508136005785961
0.3166070067972606
0.18820249914915754
0.06464155377914843
0.1600272514085503
0.0822699353253538
0.11998476207424866
0.19089802523310268
0.07515226777276411
0.19739787392006802
0.08352282870925301
0.2571260938355923
0.21276651001025126
0.3507465403391764
0.1896674547946218
0.4294685126018447
0.3873911376452739
0.1877861578046809
0.10384797495583911
0.04770474258906004
0.08282614487020619
0.1244022309960001
0.16361119533952986
0.25779715928283226
0.16683860311598928
0.30948560878016
0.2629568996901537
0.12186094801055972
0.08430084437075318
0.09976292398751799
0.10948575442773337
0.07836010940712752
0.10311051786630537
0.1301401711201213
0.08241716726369697
0.16717228032222098
0.22670000392151593
0.20066404428415952
0.16768596286225323
0.2219671422741643
0.3340908717671988
0.2968502352284252
0.15290268498346757
0.12749249921446848
0.09725276009363895
0.1427497306619249
0.10781842568325993
0.08393991389857447
0.23353105969981383
0.19257937535296618
0.1463270753915106
0.038654885981698923
0.1380720248037876
0.1335351856874193
0.12255659167870636
0.11312324061395154
0.1778731575543652
0.16133292921316153
0.053657371806646065
0.17231082071983148
0.27478785600691047
0.13821655173446004
0.14061563607099886
0.1637546336462107
0.4345837112838966
0.15624580479070527
0.11986407320647269
0.11472270262491328
0.16341870208068254
0.12899404664251204
0.14248016706105457
0.15866787333455412
0.049713754949995324
0.05233663219899418
0.1850989584406308
0.28323925725503546
0.19568760516243477
0.17100049325612127
0.15615392826368282
0.1487433015065515
0.1426717542263831
0.07597043038944114
0.15218874693413584
0.2458011942006231
0.30308088766555585
0.32138679598559633
0.22624641192078862
0.1777067310513145
0.13234486661570574
0.19032419629051953
0.13981827432831312
0.09049856476831557
0.04610497348683386
0.04227296842801287
0.192893231635936
0.20139846994800956
0.12132238143792021
0.08805135619122233
0.11546626492967865
0.2433142625682671
0.27304050889904846
0.21248892199571914
0.10415841682571636
0.14807858344980063
0.10406004484726177
0.19513436533727055
0.18813833144713038
0.23157198112499278
0.3047585150252073
0.20362183310511317
0.13075832035306287
0.19620041717545228
0.34937925829754857
0.13510984208631932
0.1805844205923972
0.16513155374456195
0.07460883867599484
0.05933097152965766
0.191373178917992
0.1320865533523678
0.1454276490494372
0.1440424996633059
0.23981611054670346
0.2357151397690402
0.4053791870430341
0.19497751681689593
0.1591250071405287
0.13009162401934424
0.2387120319016756
0.1267666989135353
0.2060687306840633
0.1217148633081649
0.25595918942692597
0.4668365250057175
0.6166518304968748
0.23249558974824608
0.3266062000592002
0.23337939932541643
0.19052968475845997
0.12971120953408197
0.12532359737396023
0.08579611462926542
0.07793568509768126
0.07466829274809383
0.1576882973737153
0.11681074706902517
0.27090242866296677
0.17858586096351176
0.14003320088202045
0.07908088985333167
0.07983179358226998
0.11170166424295574
0.0941360786773798
0.09637709973333669
0.0969738338581171
0.17367061706114575
0.21753214340226174
0.21106831100843065
0.1507230991423643
0.06858544976637307
0.1542056982580398
0.18661553331324496
0.0629052315431287
0.09673785467950935
0.04432260730725292
0.09465310083447113
0.05271262238664621
0.048656785713195386
0.197134062867591
0.2703160265976698
0.2584715147207242
0.16913192315996511
0.03543674581094152
0.024303468977425236
0.07850262740895245
0.11973133659268963
0.033520743281531026
0.05194015602664528
0.06417676601339506
0.16443501383656275
0.1986686604260077
0.15249064430309472
0.16382430533942896
0.14765727505401596
0.13994930148360604
0.08843314472308383
0.04026395606707759
0.08006779189707933
0.09418039145897619
0.11899300164002058
0.13053190854719537
0.08561447541447088
0.18571817769209545
0.14426054363999416
0.061460896671575185
0.07938125134490674
0.1770985109424533
0.10677601506360164
0.07371729178948634
0.03619012544629225
0.054950231210551634
0.05534284971280028
0.10769431831137095
0.05952536764858639
0.33228890548306445
0.23538745252935708
0.2202099024487155
0.23456608057349057
0.09185650961387354
0.24955652363079736
0.08290794039150817
0.08073287805699579
0.11573037769479089
0.05778904541256658
0.10713818963431791
0.045230681070500885
0.15755125420919935
0.09228435483888733
0.15672147929983044
0.1723881078488393
0.11078083246901684
0.09732251848432724
0.0967385833734213
0.08591801557541466
0.09583873178582258
0.15824402434418758
0.06352818684918159
0.20630310033370214
0.07836078305962785
0.3094021894786019
0.19980475507435624
0.33687285480235335
0.31232186503313164
0.24538354907806528
0.14159898888550995
0.06511871103484858
0.14310025443228958
0.12115883389930843
0.14331478167912795
0.09005006284818108
0.10630219205466616
0.14120107110383232
0.19494260093519084
0.23562627417383916
0.09359579346338694
0.07349547174602773
0.17750948570901007
0.15358972834642393
0.09141006242255449
0.3970016244939892
0.24737338742622703
0.11811318505331901
0.2328718491462344
0.5296015007557404
0.20386543749786407
0.32057152907989167
0.35650628842501614
0.1700676248337708
0.19793177026253156
0.15003740323685896
0.11810038497715927
0.08135382548677388
0.17213520030018906
0.2686194301103221
0.12076677400553547
0.1457396865907983
0.1397753655438022
0.11222345522607419
0.1539994422120649
0.1654413589841563
0.22546707962184492
0.15310485677271576
0.20501817239241338
0.07503103109104095
0.10586263892435069
0.29254676135968366
0.12630735121065256
0.16459274448010341
0.22444691045214904
0.30104996658417343
0.45834559353366344
0.21482282965312216
0.14944650692739406
0.05213201056963964
0.14887895589124647
0.07822768055994216
0.1681770264360801
0.07402652491057278
0.23302269263777625
0.23143294895572952
0.16716957791981904
0.08083033415044238
0.051843680091912855
0.1111114955953614
0.10858412419465632
0.19559237543751465
0.10715213290536273
0.05682900706164111
0.17328969576980757
0.2696310603049237
0.34240819740719736
0.19852392710766542
0.40269204433862393
0.19311922579355842
0.32471222678518
0.17102111306384127
0.167725934712361
0.047853558319499744
0.06639113038338233
0.0860904286911804
0.07462209304420847
0.07730977196339758
0.045212079104195974
0.14192777483434957
0.15230504854697932
0.04367741688403706
0.11119811505963606
0.13534458838383714
0.04457031126667495
0.1765986613982748
0.13136310437176987
0.20782687032747896
0.06159111043570985
0.182975477698128
0.4911464594791066
0.1258516030361806
0.3564784819911639
0.3549645071439867
0.20163870363792985
0.10194807633431203
0.1384262509981358
0.15098580654429766
0.0781638001560033
0.1477162317078711
0.16040661273152562
0.08094442668223467
0.05808463978722559
0.08810821340342512
0.21190503230639077
0.1693107931925578
0.1605330665058514
0.06366073053132049
0.20058729952336032
0.1814873426953591
0.1511891022236648
0.1542850141780905
0.21110318767251288
0.27262224603705504
0.29847350505684994
0.13518048913811634
0.36624149475664997
0.3436164460799829
0.26087863563997205
0.32208119032386706
0.26287932083379
0.15249993542587195
0.16612499905781516
0.0797179150607376
0.23618403699590676
0.15632777111968166
0.1312794262106716
0.4174239090475107
0.08262063334346263
0.11871635488877512
0.12318437261838534
0.09635512409352459
0.10566345441766961
0.18436526126611874
0.2970355741001232
0.19605023642966474
0.27330943833784316
0.49031084812403963
0.48323757781783644
0.5289769706840943
0.4470162306154405
0.16266489435368883
0.4875425269108379
0.24119027773498497
0.15074192969658717
0.2074474167805032
0.12321257472264878
0.068591355506888
0.07674055808535203
0.12850449712295312
0.17513176769795832
0.24930969151498966
0.29353082365238814
0.3123408225832626
0.11969405439276665
0.09909783782760151
0.10672863276270862
0.13539492480330265
0.10651210296683161
0.1934856256987876
0.4268763286783195
0.2499653283638927
0.4521670835433615
0.2542542404181144
0.4016171872568595
0.21379295929006878
0.3838834406255185
0.26051873534624453
0.28557312748539093
0.07602623628835552
0.19018119265816508
0.12677400383704182
0.11483800660442237
0.12528994056095882
0.15439967960649956
0.127536440027027
0.2008180652839456
0.12609597563886066
0.3195512199921628
0.3933976919257211
0.21435083302350408
0.20322915222646112
0.16143820484519744
0.21263563717616824
0.33418436919341654
0.48472893043210197
0.3551579597565049
0.12432624179917444
0.14232540588076628
0.26789366120887836
0.12281497586991774
0.2970283264141661
0.12093285558354505
0.2948316181398056
0.11611356138600352
0.07274893664582378
0.11870566611702642
0.10329341594792613
0.09012990186485222
0.09711350657976804
0.258218607172074
0.13686026624217784
0.15551350225358798
0.20807554451949117
0.12500436859493325
0.11813160327925122
0.23412916316312218
0.05588030678008831
0.19851134420173913
0.13317172682326503
0.25853474160788714
0.26251815199260514
0.33923685034207246
0.19953199466361987
0.22425888902174204
0.174343176137796
0.16410271120677108
0.060585717105697684
0.08784193674947045
0.03974310101053887
0.12550537101776826
0.1415966138006511
0.12799301502381633
0.24847278588574578
0.20208551331096591
0.10339608983233095
0.04548180761561786
0.13096330361933403
0.22823290985442032
0.1577384523814269
0.14278656374269547
0.1957294878889083
0.06035407967643027
0.12889798867032465
0.22025086143093045
0.23006476198860426
0.21645336346453145
0.10838435667582698
0.14147353364359969
0.1724718593410019
0.07321713001353627
0.09144014352139285
0.14843074390552496
0.13164604261185803
0.11620509294141738
0.08081188300009577
0.1935691150483115
0.1892584771881132
0.11572388887548597
0.1255183981337793
0.13642848035196303
0.157498175922046
0.1329147538157381
0.07992384032976559
0.15496723064264714
0.04771404357221253
0.10823740892839312
0.09907640239883829
0.20242755611770344
0.21698715890942466
0.29440992660203696
0.36579618482118204
0.1875734894492959
0.28651060524937116
0.22353865956338542
0.15612813048931293
0.15209227706964357
0.05948560454394472
0.04670953739174495
0.12447130092501925
0.11014684983912204
0.22076569630786277
0.20854825389498677
0.1621422336577086
0.08904133900677792
0.12705563984603888
0.17805054947352955
0.2544249939423179
0.1861362682097383
0.14432369670194287
0.18197750040839558
0.24802765702509402
0.30651391020079677
0.47477069570399205
0.28582233357154224
0.3708519044487922
0.11295113940369385
0.15186156484892857
0.1009029550779046
0.11314903838832213
0.13167184038622795
0.07075181752575213
0.13110428935008037
0.12272015931427978
0.2610833094752159
0.09386552197480855
0.20264151767904018
0.046281692166730955
0.06851182929760491
0.12933720388514797
0.11309744283958162
0.1297726267903871
0.13058562126260806
0.09926947296564449
0.10234899262357025
0.11996528670393114
0.4754458216858728
0.21220243510440184
0.32193479636617844
0.329695556452977
0.1728502158773581
0.22457778328623207
0.17662924869911462
0.15013470160518488
0.19265643543315086
0.15185093526940255
0.05216921450224958
0.0785002978069148
0.11572388887548597
0.38151103713915113
0.18137338893461946
0.20318044997547277
0.0541503239137274
0.16453987065070824
0.2072490948103022
0.207115827892824
0.23542408821513927
0.3308792427700561
0.5893501554904742
0.614269934754595
0.461787904508482
0.19186068046931787
0.522843493163731
0.20705848694046716
0.5638316965873813
0.37987222760329303
0.1103375631378476
0.12404763211381013
0.1644639664014923
0.1186525832003964
0.12279143657826783
0.35606221505620317
0.23080847076399924
0.18322522721002452
0.1806450221566375
0.2373713959135271
0.3005696257181982
0.21412186012598486
0.28582659612328326
0.281514364676204
0.2520774375478984
0.281783377942981
0.6312572414314366
0.6786438246081378
0.5891627204702633
0.4817121620342173
0.5985095337368037
0.2418202791766519
0.406919200073758
0.3719781086459686
0.14070837295867145
0.25328690997339126
0.2573018173082161
0.14610316014928165
0.06886969723938009
0.20169377004870623
0.13572660090955774
0.1649651574961868
0.1336891619711348
0.08930793302520039
0.2669122568105779
0.32705075554101676
0.3445789940136623
0.685885271939923
0.3667124806389904
0.464115061814583
0.5203525077899365
0.3828107210127497
0.5725826901445404
0.4575053277040584
0.3536523227260865
0.3014819324141874
0.3494444690898889
0.3581746744561759
0.08230439991627826
0.1414342757069391
0.13355507791526286
0.13316795666130632
0.05127632011961163
0.14865319537634633
0.25420369983724844
0.2317156093944163
0.20393342304581413
0.15432144349295004
0.1450350875100656
0.047444315060790714
0.09708112495559532
0.05894217544717518
0.1582435479876811
0.129777618752795
0.09421208143541764
0.2112063787699939
0.38596853268411485
0.29085625403502163
0.26495227065489113
0.1931846622105996
0.2660782448557122
0.15529697674360443
0.16361305678908014
0.043128658878040876
0.0776075906111509
0.03978960592630123
0.06936260206392962
0.11792162664683549
0.15099141750326164
0.200233842919464
0.23760597727102128
0.13310304955237934
0.08032320191837106
0.11345861168076651
0.13302597955114848
0.12484310853405745
0.21442199126509928
0.10619924166413214
0.12247229716284014
0.21322035402094885
0.08554114205334097
0.24714608146072672
0.08149521438201275
0.22534333994199585
0.2704846232816194
0.17236458737972463
0.18806837586516473
0.12646336108486989
0.13461278666444695
0.09901202025857969
0.09787675596107966
0.05642384548653579
0.1643899066227697
0.15640251954172196
0.16527603034242408
0.049843968714130056
0.07256080694682995
0.06965297616455077
0.038371395979215656
0.0750689185015754
0.1433353531976226
0.09617763103347152
0.07840024024758863
0.09628675820329378
0.1393489594977265
0.24283996824543988
0.15268621653323539
0.08043931099358335
0.1743120869142255
0.09236932965847824
0.06780631340136044
0.05443617898784684
0.0515052187673611
0.06003076437228511
0.08324369936071797
0.04983954971758001
0.10587650269487879
0.17474627404715531
0.11323891412948277
0.05028711148073108
0.08923088659402671
0.0757447459950716
0.08163501301396166
0.07553588803702185
0.028609825020791662
0.031995382466409164
0.12941114378094004
0.09491453092997845
0.17084132565123708
0.06066101214682982
0.1833931956420443
0.06637787602456222
0.19528458495711928
0.20087367815657764
0.15021035567455915
0.07217355488104304
0.08749141860045448
0.09198435769560734
0.08389520629126658
0.05838564310527266
0.14490609863824927
0.2492568730553068
0.12013060704143687
0.05047008546225865
0.08283540849802512
0.0604651042731517
0.033069648693659394
0.08556011631445673
0.046615613008256215
0.04608359670143619
0.09686164015956004
0.07929543377588558
0.11231018633091332
0.09081479950079621
0.174883112456552
0.042617104804654575
0.14017400883949277
0.08984420059790107
0.13213271944394384
0.10053075058854
0.07405853629660993
0.07672798023078459
0.08570931745159745
0.08303001148405745
0.0734720614067352
0.11568388763158823
0.0598797295356539
0.1384352694425213
0.2358362891165122
0.04315656182749827
0.12078705753319251
0.09881893072828125
0.07202423687428607
0.03809682699255019
0.12636325116302427
0.03838515747027704
0.19006002281078707
0.17009195587675066
0.1287614026782067
0.14775639946280383
0.035083308451147335
0.12942743401600817
0.09468226352599932
0.046085438279700505
0.0927222300239584
0.12833477421829492
0.11103449935640916
0.05227036269403278
0.05565185138140555
0.10629405034589434
0.12002638105741706
0.19234803886432644
0.28767448699883613
0.3477539919952479
0.22631357833627191
0.33143001699951613
0.2579996544073026
0.2109622298140121
0.2398746828965148
0.2127830956053935
0.38122536180471867
0.08490850538961041
0.2599381390587674
0.29868367066336543
0.12005803703306948
0.15891125830383954
0.16561941012759343
0.13127416628615002
0.1401921270790335
0.060042287063666926
0.06662970853860183
0.14629917799425746
0.08830060092278733
0.23233475586431582
0.25546253876412317
0.16678261127551708
0.10567707776197155
0.1228693044405857
0.12604455449737076
0.08717397974184056
0.15672147929983044
0.11345087234845545
0.1071270670607765
0.0635340858162625
0.1659135046346524
0.11532940079578234
0.27571469486609856
0.19258021482212168
0.08898436601638815
0.21113279955443107
0.17233593508866127
0.09237890293709869
0.08736348638751713
0.1357312022377137
0.053143389353597664
0.031045751664656573
0.07069119235209463
0.08944975476508878
0.08638269396039486
0.21245814758813958
0.04903292298323396
0.048013971004158676
0.10510205453039602
0.057077285839480615
0.10232995449250165
0.1201347180463848
0.1668304644672467
0.13145508648400456
0.26152940238353417
0.1445546253890449
0.11132343862847396
0.12526329723200774
0.17486142623678722
0.07315130239592484
0.15259351417215344
0.14418891617431828
0.11975172428597192
0.056642542562064996
0.10972312559207846
0.08766345427070446
0.2250322554632694
0.169794475252016
0.12825988900762492
0.09151629604566655
0.12560520251104942
0.0884272190425772
0.14143375658238516
0.09887964443972658
0.07747006196094491
0.12345049718498367
0.10085449933470324
0.12808028210286204
0.2119238709785154
0.2349332934054159
0.1383939322665868
0.32912734775740027
0.12774585946877887
0.11646046322950773
0.14412074665836203
0.08931563718433104
0.10836167272383498
0.0486435313449815
0.10143636658343755
0.10032754452626214
0.1721398991462465
0.20723005667923425
0.22128360059950714
0.09553334170109269
0.0814837817859341
0.10958515581335204
0.11003005875499472
0.09623806756407279
0.03558556154138116
0.03593899890117527
0.08287164426280916
0.10987272104328885
0.13023742206969743
0.11827806450391123
0.20256412435592908
0.13989218709040094
0.2668806907133506
0.16279592843382523
0.1748855698917621
0.058418361313748085
0.08704169072553558
0.0897222684119999
0.10530766589039069
0.09646051903489412
0.09940806727465565
0.26423022109794136
0.16162795009236386
0.038924614493120804
0.056622661009744155
0.11074999937187675
0.07489728336353242
0.13088488414449378
0.1406679637564384
0.08206614514761859
0.1399211012908425
0.14347360710565185
0.1273103636434262
0.1416848064545311
0.051443737816356236
0.08498700898747148
0.07529806582311731
0.14542205412562043
0.09910008231884805
0.11955289942936179
0.031548934853205625
0.03598550381693771
0.08045514691723812
0.10068871336744702
0.1489034532810206
0.06368723926774827
0.1491815176195471
0.14396905127799564
0.22331736545831662
0.1578823791464962
0.17521848352336633
0.2077643346011024
0.14775493522163854
0.18370572065094531
0.11130538702091268
0.158580092261748
0.08601617020097678
0.24134045848077246
0.14754762695703902
0.1756149842349719
0.21700933013334645
0.13534207376505947
0.08341507262357951
0.07487582897127695
0.12454501722608585
0.058358983245763905
0.11333846373735772
0.06499617946742352
0.03388348162447763
0.1387514038783344
0.04443079651938779
0.07387771483978871
0.25846623107974726
0.19479390329908453
0.115371074274337
0.21334759404273265
0.20755816906417066
0.18327104502882116
0.11158852599275179
0.24625377819920008
0.173526191817766
0.24526188099351903
0.2768144257341357
0.31635572991808814
0.13266297145283937
0.08310488870109946
0.12055299963261074
0.04888210997283153
0.07790403233178003
0.10587271690759442
0.11202879904238991
0.10878921451973418
0.09933383614241086
0.08880578713986055
0.10509180863984988
0.13080146484293573
0.1027267375427041
0.1282873540529234
0.10713796029703201
0.04110104455080063
0.19479390329908453
0.04507256435690876
0.1261550744724762
0.0894030634970772
0.19667241380507097
0.13738375757850932
0.19901094256090704
0.1331526886921971
0.23012446163791134
0.20826936631361678
0.06062548021033935
0.11244901881869078
0.03339983050054878
0.11273353981092246
0.0737816549662527
0.07545509756217228
0.10128285728374162
0.26352157362170475
0.22363349989412976
0.1008261291497629
0.06800479641031955
0.10783335048063421
0.10379095000210796
0.10853123677603096
0.03886880859420589
0.07615252427349
0.10564142746549228
0.25195914534297653
0.17832890842672072
0.3189796457353361
0.17769506986291939
0.2639977831428972
0.1850378282889398
0.15391381004009774
0.13608521007587707
0.10341212749806093
0.10405167547667203
0.11866071361272519
0.09963100461826294
0.07082184757434548
0.1009716832041431
0.15616652122691263
0.3368298853077
0.04696066393686186
0.08969469559147915
0.1269912028660895
0.10037914007500265
0.0950390007803417
0.09919244245396695
0.07137395337532808
0.1250418123730503
0.1415903611777692
0.06852964386745868
0.27699699265936706
0.15809741652989698
0.18237129429450136
0.11662405427211169
0.20499456113596812
0.08789416815752463
0.09408448312863929
0.07885593888519844
0.031455925021680896
0.0712071278956073
0.10890614868415988
0.15496507526061176
0.14677887360063346
0.16208741636886195
0.12403569917260672
0.1414411914641902
0.10318627984936937
0.03263714988204557
0.13995292595910788
0.047267596380893624
0.06265536931718149
0.07630919558905307
0.1268218588046035
0.11233519784917123
0.0699247913403302
0.26321353125791963
0.10468256538114065
0.19504924162827503
0.09692769274263713
0.14168137684192122
0.10744406040669735
0.030172389346638896
0.06854678325594009
0.08253504700644809
0.037222534576217284
0.0813553120968657
0.1393795682982731
0.10467597981400009
0.09028920464366715
0.1590690767675319
0.1503771942752119
0.08251359261419265
0.13119579086240304
0.0535760664526813
0.026889142293814155
0.05845107952226881
0.0927034716982192
0.12426383994316213
0.21345726552541658
0.20484586349986184
0.13642848035196303
0.17472832581032982
0.10626874127530306
0.11535962609116798
0.1296703467915184
0.03948267348226947
0.09933002091892242
0.08095266107662043
0.10179801766537162
0.0999292725844848
0.14976825908613606
0.06327635385311764
0.31664025091031983
0.21603833086232385
0.25350509888957273
0.33840608025042507
0.36722368212780143
0.26037050441129467
0.2294308857183381
0.21791902210333478
0.20137477879756274
0.3845320869705595
0.09691624444882155
0.15816879291603847
0.23463715402483107
0.21778481123443105
0.2629606237092694
0.18322735755533576
0.050801969978835265
0.09560949422536641
0.08626811125888413
0.07209740235592667
0.042040443849200936
0.10587406601588577
0.08336599531079845
0.12058795577407017
0.18936336552104938
0.24138765227498346
0.2476199044696622
0.12875293282974148
0.21600476480287784
0.1549513487654833
0.2853429417648312
0.21130137083476075
0.21788751065896303
0.20807968565212945
0.173521018889646
0.22990526740865505
0.2922734262253605
0.2847857126705397
0.21680676474922803
0.13155223855695716
0.09147153187498684
0.1202071690282288
0.07107840154207457
0.095812934011452
0.10115980635599459
0.18579557101520652
0.201067853442449
0.12938313874065935
0.09116354691917923
0.10213338873218594
0.04527718598626331
0.046486313796085435
0.09618607081389471
0.13834042911177696
0.06335881080037706
0.0795785743507077
0.0405150826121945
0.1750539106511992
0.22823290985442032
0.3277593295052232
0.11417018863305758
0.2119681392126292
0.1792171385507694
0.09094516877055688
0.09288029724186496
0.0481612029425019
0.1161625933261413
0.09983525482975153
0.08377497291730704
0.10461647174500666
0.16412610075365883
0.13123149968573927
0.09648832546874705
0.05724561631579705
0.09657907014087735
0.10840249804028448
0.07421063490451599
0.058544544400758375
0.064710607501398
0.0999300951604952
0.0662585867012434
0.19397951745564704
0.2745850548336561
0.35258473626226017
0.14174916963129747
0.0926252483221624
0.1279362407794628
0.09148152857694128
0.08955536854562397
0.04680117416325062
0.06029376109353557
0.0817344690413635
0.09133134783115375
0.04473772896341955
0.3585917709639663
0.15002934517176805
0.0661889358374192
0.054263383467671476
0.10343407567545293
0.04812661098463974
0.037427156205571833
0.10179528833179245
0.09251200542781579
0.07210208297996006
0.1100957297730091
0.0884350048766772
0.15462135255614784
0.1735004018086807
0.1801917954334584
0.06039128360904022
0.28091705966344893
0.09118723806962607
0.07000734957021158
0.08366218228302061
0.08091672251125502
0.03136291519015611
0.10855285134710999
0.14062366809273716
0.18605284890818086
0.20938244691056632
0.12515762313837436
0.08021823541277039
0.07731592978791675
0.09985290396491944
0.03581808612019309
0.06467684071968792
0.035932592227859626
0.0839459578010944
0.1155998269535046
0.2542432182143319
0.2710536652660827
0.08023958165642821
0.1790319538718307
0.24769133045950079
0.13263865915335102
0.07427033334203781
0.11965688395522758
0.059269034735286885
0.0672997933266968
0.05342835827019633
0.09824720090276381
0.19224135041789678
0.33868236432545845
0.16256041903520457
0.12078517960194338
0.07922328961474268
0.08008854680678419
0.12180659811875652
0.041062032726635625
0.05884369802451745
0.04657584990361448
0.08510685764776016
0.06339697645768029
0.07232359993505441
0.09511183216973743
0.3509092237524509
0.35710545869438615
0.13772184014860647
0.1444923265748633
0.1962856165659613
0.13574788873674212
0.03136291519015611
0.10688505274838177
0.037258029049248804
0.10335651463035508
0.05621177559511353
0.12300536483275414
0.13070132495718362
0.1327050537600463
0.1659487972327039
0.09369751651308382
0.09732292602151993
0.27095882493533835
0.07953270693683984
0.1533884282564768
0.07357499795531147
0.22276095478761287
0.09133287908559352
0.056466268718694444
0.11461188444808709
0.06770331283655717
0.09485008650157135
0.14351301882221495
0.2239683795031159
0.12853423665017466
0.0427453374897998
0.04942553906960114
0.09376329495118575
0.11315890107679673
0.10417756385598387
0.14544785189999102
0.17415467140754837
0.2449662507719319
0.20787735313555847
0.2596076265957287
0.16503255401221445
0.11133499048784226
0.19619166107848243
0.13473285357087178
0.14168137684192122
0.12803435420000978
0.23071491125634144
0.1557520808814379
0.33012119272557816
0.20134785523651955
0.14636490581744707
0.15016884460976385
0.07042594384085273
0.09591612510893367
0.11564695839323347
0.09674268205067525
0.09576127765237473
0.06611942920045728
0.10967867308489386
0.185022678810399
0.3512832955372198
0.2430314164519269
0.20728934956259668
0.07214364978819097
0.1399211012908425
0.07497216014725046
0.10088305653130579
0.06541501835092793
0.08284795311236232
0.10227711983577546
0.08519235518512293
0.36191860547963983
0.14236714412928891
0.16854570555826742
0.1482592194959002
0.1685904084487071
0.1214272367957805
0.06362219237896881
0.1333460921545704
0.07325492072488347
0.11192107431088318
0.11142184966621407
0.09817262057685065
0.1061635130828059
0.180979067377937
0.08480277626784141
0.1248920702122913
0.099427020195013
0.030151927183703464
0.0970512271812282
0.11366714030292357
0.07267246288664936
0.10753304099502549
0.1388585709986208
0.25096294836182964
0.06081447834247794
0.15819054976318644
0.07368052833730068
0.22158020673352408
0.15140332267046056
0.13090712929157533
0.03367885999512315
0.10270113718675711
0.13546360574587876
0.11851497545735366
0.06206644156380849
0.09764657424968204
0.16169338650940504
0.1900013625152592
0.10685343930480035
0.10834109766695679
0.04612520138434218
0.07708485455743962
0.071428818597018
0.0773989885096044
0.10008816237840176
0.041110429006286434
0.09384064691966419
0.1212919330366006
0.20487780462643493
0.1450350875100656
0.1273318180356817
0.06765535145112583
0.11615163764814006
0.11343281390639592
0.031446624038528416
0.05774265153037362
0.08315593806816993
0.11029930465516251
0.09061865045890326
0.11554241745395236
0.07137574471211673
0.06340889753525655
0.11112125418827609
0.1425766305516719
0.050812771821486094
0.06271118856247646
0.134483588994858
0.1375508194939591
0.08137650982465748
0.05684785937016013
0.0913093426254977
0.3102543353068973
0.1282218127454884
0.3022281295446144
0.24569800310314205
0.0599076324851113
0.1998285768774096
0.0634884237445399
0.10688793172964367
0.03363235507936072
0.09604392391121433
0.05290534317800651
0.10492105203651479
0.08985099476553261
0.3443336274875404
0.15209718586827703
0.053242797115201856
0.06862644237221315
0.1248098752589798
0.12419048581882891
0.10479780400129647
0.10040901838103199
0.1155748110797331
0.15090078277071492
0.08792616513890253
0.2789632965107418
0.2833829082627903
0.1513150657314244
0.10958711639245448
0.25192353509107585
0.16913020877196566
0.14065394252015553
0.11258835967778467
0.08849113701890174
0.1026185035967093
0.06111106987500346
0.05099485626612587
0.14037633487841294
0.14948275962481244
0.2530744547945376
0.13116787871831215
0.1639973744001267
0.20146299227844638
0.26914302045090915
0.18051992615647142
0.1252683594263094
0.16539502861405028
0.25521528730289755
0.10519876994610317
0.2759071968908127
0.24861564289457178
0.20141505375332247
0.14695152609055342
0.15298851745233433
0.29881343007482397
0.28698684083105896
0.1578541354268425
0.06378001984524552
0.10833963099308909
0.14463150438445652
0.06652367406552123
0.17581183233388384
0.12550887906824532
0.05643604052344885
0.09255175810452122
0.3207633700802649
0.1563576398292103
0.25899868336535753
0.09859042141626762
0.33296374676893903
0.19665437487075293
0.3007265821165702
0.29237248766361473
0.3510174169700649
0.2807600783980555
0.4696532695242686
0.29361301552888397
0.3251231257432949
0.19899758204922935
0.1320401036153647
0.1263739449470988
0.07926671051635646
0.07287669102565733
0.06529041723306915
0.13052641920418495
0.19876038917884833
0.12627171510010074
0.08507448781768352
0.10261838689034818
0.09707492468098029
0.06631690592138456
0.13314832786010022
0.048947353938231124
0.21593086208286913
0.1415152838063675
0.10517212417835574
0.055864495108729095
0.3031855581623178
0.24535976871704004
0.2608883043358573
0.18610346321957377
0.22194783332113455
0.3015321261728738
0.15517790252519673
0.05002998837717963
0.09371278537150071
0.1435368115474561
0.13082418024620981
0.12233304606416394
0.16860168874150636
0.1645122798142557
0.22032829085427472
0.11475233501461468
0.05700340049575007
0.057230705151556434
0.12472571844540516
0.06739142098452429
0.1411136333498715
0.12261607073314876
0.0938629661172889
0.08866634509115508
0.10569033213757024
0.21204670383953203
0.28777417310117026
0.1752840727465051
0.18455727784543033
0.13699702174673065
0.10917603858956633
0.12443051393600446
0.074335769759079
0.12973091713960772
0.047372232441358963
0.10954880865500338
0.1569020637204232
0.16700098931587992
0.17973899541650423
0.06547657897662358
0.09524776973506711
0.06254658127385013
0.1162079461051537
0.11823608496533956
0.08095975204548211
0.09031226419902293
0.05773337706606823
0.14713625896472307
0.1469401032119124
0.24251186829791588
0.11603139021804831
0.29878497797560044
0.09335675819636813
0.1871506120693209
0.1589913106482875
0.13369325290532585
0.03632033921042692
0.052487298127010064
0.09372219116743066
0.11308454395239632
0.1059042437706206
0.1990558325385331
0.07355263120895052
0.18526471029866945
0.11129159863365716
0.120742480518211
0.09012452476279144
0.052725876754860096
0.137842708670421
0.03502750255223242
0.034339229798949086
0.09074135204413071
0.19483273039715937
0.18292819376646796
0.133838468233809
0.27483879219973967
0.1626242932957822
0.12163461939583133
0.13868799471540408
0.09276879211226398
0.1332925610055722
0.0816545441522492
0.12498992016772854
0.09966461614292974
0.14559602791721032
0.19209022796156988
0.19571259384078454
0.08847019507472674
0.13892094352791373
0.08749101161744047
0.10364225236600166
0.10845384345291986
0.12054206037550405
0.07521965585113952
0.1553890297309493
0.11780190977885767
0.1530770887421383
0.30075045360945246
0.33059069207433267
0.23506122315663608
0.22688285317079654
0.22888133152862564
0.17085358388599114
0.09848425201669087
0.1021088584255881
0.09047317214093818
0.11495488259424592
0.04736060621241841
0.0440587571932887
0.05877291254050899
0.15818323409891882
0.06739492392285586
0.3465313437089015
0.13795146437018221
0.222778798414266
0.10391424679690857
0.09671162281946726
0.2509123911655538
0.18571917170194854
0.2116520047768161
0.1851463407415238
0.17789684870481204
0.24313899458379268
0.23235106812576772
0.3558093075075529
0.12038664825199413
0.07775012394268718
0.15388080494064754
0.06437646641487062
0.058279457036480554
0.11652854683083709
0.04214275466387821
0.0676121779080711
0.14136790970694849
0.16998548613666015
0.21474912606453278
0.23430227905845988
0.2894089134700412
0.14656121506857128
0.21329188923069248
0.16782805060704029
0.3518576270598903
0.25807151258658284
0.29944748615934796
0.1738972782876343
0.15569845797248294
0.1305858034607926
0.3804913741881811
0.0789932499139966
0.23383102689278448
0.1862884879534669
0.1434634793152343
0.12176549502801635
0.13537432791105866
0.13297036668344328
0.06417765089166225
0.06925407391758256
0.1100403975751925
0.09564200975693242
0.18725485313128662
0.11099230412861155
0.0985984808031011
0.11446472488120943
0.09853149470812522
0.05903495602467241
0.14464906890156282
0.09303514780447428
0.09560077188997418
0.1889535522854412
0.3228680992958365
0.2773776700299222
0.19388334281187103
0.18318489713987984
0.35052790514669346
0.0830577795516294
0.14277898045955537
0.1231268890995997
0.08683291580284692
0.061168909307108894
0.14826705039630605
0.0962377525506227
0.24877114520562496
0.10896101763128069
0.08795009668983293
0.05975881675467166
0.11044027207943644
0.09165316371498426
0.09648832546874705
0.08617976124358008
0.11996925281045921
0.047437383837517395
0.08167687131623252
0.1725784764648226
0.23402033970389255
0.21289193435013842
0.13345823354567282
0.1931608778197068
0.1767690469698381
0.15206873230613518
0.15455812566898494
0.16432667973560747
0.12476746869690719
0.06051944526462823
0.04097083078666597
0.12781375666033576
0.12988489071407228
0.3350119150569066
0.30548070532612037
0.16913020877196502
0.11032968763061768
0.08814654684656462
0.07946515907938678
0.13397777389755755
0.07533388463754975
0.06353876094724101
0.06727917305371316
0.20194497777104098
0.12884430515460107
0.24705131685893936
0.2344950071221507
0.1514680093229844
0.17736346077522852
0.15936322567296424
0.16600604094892968
0.10347453384769921
0.056198521226899646
0.10694354459734884
0.0874051940484193
0.10994520691985085
0.18991794321370112
0.17160971345030898
0.11062026300855884
0.0764644502259396
0.18408508197392132
0.15407544997761596
0.1013934577989273
0.12272001267971942
0.15470925289894394
0.12816912391703705
0.09551495432095301
0.15000911064961872
0.25097187021999623
0.36284615534342407
0.30823431925679
0.24488043320291006
0.23864988559524816
0.15517980633830378
0.14478498677497242
0.22448706287082476
0.11622878409186423
0.07940709207979113
0.10570579064225864
0.17028660091371975
0.06240029596997543
0.16401637931437676
0.21355397623769534
0.1386984920570924
0.17682111286909613
0.1392107269225981
0.07058953488345668
0.1378346140144765
0.1513864513548738
0.14996246241480116
0.16693662613911356
0.10619924166413214
0.12786489015941066
0.26599551429307416
0.23738532747665655
0.19790137245573153
0.201740473738768
0.1800942628793607
0.14934835622266326
0.08390812811079196
0.10324603364703311
0.1304673059195548
0.08347904026568483
0.07251990918617929
0.12527219637916523
0.13127266462556444
0.20359870866921204
0.09948331579890568
0.28255524812894756
0.1910023941339549
0.08280665300651235
0.2006809395917137
0.4093107063112265
0.21567843056859565
0.06460462897711278
0.1619614652468422
0.15123919372464437
0.06759024456905849
0.22732998775145774
0.3226497779345892
0.38200422715675475
0.22660585402337557
0.1329280588171172
0.07220908620523217
0.1016113442662058
0.13873489448705825
0.06255721469161937
0.05897531136770991
0.11178077059548262
0.10921620355961952
0.0619111539270868
0.1071656397838687
0.22492784840540658
0.3884659947270377
0.21281605679515264
0.12593728253908237
0.07504623282705311
0.18706162622156394
0.08546416624317196
0.3080674806536739
0.14495582243137115
0.4376248994959621
0.1883843354240387
0.19644701950463458
0.19697277529664603
0.17635510433922544
0.07345237812901934
0.043537902136749906
0.043063551995973545
0.10916882125872583
0.12790959572225824
0.14858318483211916
0.15657861081979854
0.28831592636294795
0.22472441254005376
0.06403185284130944
0.10298471528640732
0.1270282409995662
0.10950321807146103
0.14267481209802363
0.1748746624994092
0.14324051286687894
0.07130933547091237
0.0869751642195558
0.316039595482275
0.3094701013466284
0.3022725546766256
0.2535663242860966
0.2210384336683841
0.20306149186658798
0.13575029206000458
0.08850827133686327
0.047174586549368826
0.10525491943099768
0.09374375738066612
0.16008787503190447
0.07790503488515652
0.33251019958813327
0.20085228277132905
0.07072665691900384
0.13324550462281914
0.12101360012679728
0.140616597049631
0.061255062700499185
0.05809161552459001
0.12396798001488427
0.15653989341348762
0.3454351584123261
0.24864602346448877
0.09775529485867858
0.1367293934080948
0.28894924648151266
0.07838868600908537
0.1753195654410519
0.19454913179933161
0.08198796000393531
0.03493216747491956
0.053256051483415744
0.14618056311994
0.12256522603349723
0.1539258567973587
0.10846049509427375
0.3329340072417181
0.11419071014809812
0.11018229433573257
0.1302790009985451
0.06370158655477422
0.12179218027467231
0.18696190533981946
0.11766364890313227
0.11485447502843198
0.11105941866432455
0.168760519549881
0.15945218922573598
0.09176349978234868
0.07247791121568524
0.11995450432904767
0.17078950357078
0.16369441086398123
0.04313795986119337
0.062746179124562
0.14634821345569407
0.13255327017565352
0.10787268426005171
0.17367883897200856
0.12166184583530906
0.34988835716808236
0.14804603375825118
0.1817219968356279
0.14812437099091413
0.11723484468049351
0.17555537972764082
0.1257430020415973
0.07569963176009717
0.09302313437264843
0.15272675968268837
0.19601889644873793
0.08530861747452917
0.15213309548290155
0.24791262456456956
0.2287230675674568
0.08320659528206864
0.2008607668522167
0.04171490943886421
0.15494293682263102
0.11596099579468949
0.1176768280644778
0.04414246604166094
0.06324668543685096
0.29633316556784917
0.22655571837136304
0.14531642331402683
0.12662260973574513
0.10641378558668603
0.1022036230273748
0.06538733972866151
0.144028530332438
0.03808752600939771
0.08995871432772332
0.13082418024620981
0.17485731468218144
0.3816374909134768
0.1710773238444019
0.22906973366983963
0.1909980549018767
0.18266046397815555
0.16014735408634687
0.053256051483415744
0.059949507431430904
0.0830443277202406
0.1415966138006511
0.10497625471100565
0.10630219205466616
0.08672333122349161
0.1306274475189805
0.09987166449167176
0.11045923645869692
0.13917464256065143
0.09961274324173046
0.1719523998095397
0.31919005419473967
0.17546321060528236
0.2317897683381059
0.23568733333518727
0.21695854165517212
0.242644802598051
0.1560039138775021
0.10950759018317076
0.12482963983842932
0.13829986741708922
0.22957682728741477
0.13169127072622108
0.038645584998546444
0.12744100538949163
0.1683852031266288
0.14944112428670256
0.041975336967133604
0.11045923645869692
0.11655861785506984
0.07935390249656774
0.2945740672905712
0.10818215336178164
0.20099046011933858
0.18625003624188763
0.275289866705977
0.12479494915318136
0.2665851220111444
0.2017280368004744
0.3232461128603914
0.23052744478406062
0.18166437073959574
0.3335882768405852
0.12374958084372073
0.11708210919140132
0.11662607630024711
0.06826654207848497
0.1427346977695778
0.1068323188619385
0.07037686652807167
0.16315104633569144
0.13969980718577307
0.19506595920054118
0.29416309252401435
0.04794104982964526
0.10566345441766961
0.12844542127082997
0.10061132004433593
0.1264885941411091
0.10267264085173236
0.0913895671508531
0.15335681481289534
0.13403014120513546
0.4665834425739454
0.24368717349549804
0.2503917690719345
0.25224366633520817
0.338138424505434
0.1367130343038347
0.09233970426715685
0.07685693512301933
0.13653416947268698
0.15357491857045397
0.040031431488265656
0.08174644398902232
0.05399220720013528
0.14561248919781114
0.29766292795733434
0.13376146011022555
0.1322203106434354
0.250793433056669
0.09158880053821855
0.1183744784279702
0.13980147878640226
0.0531765252741324
0.1063900215032922
0.18210433530110254
0.3692459699788455
0.3941564145716725
0.2768359167681452
0.3594448535194024
0.3854527860656403
0.28258882045273154
0.09686292290711834
0.13766965400454376
0.10087691860235574
0.11381228674629319
0.08770866983199162
0.1490079447630981
0.12058752218707128
0.210832312693622
0.2273261128019725
0.30522779777747017
0.12342420371625855
0.26164836049241963
0.07574871434238922
0.1797224267597012
0.13458942568811208
0.15058160899968928
0.2344239336708102
0.10376844874655602
0.3132576124471205
0.20985458945190688
0.25275624185327067
0.07694703362045112
0.15726307885782176
0.15931108078014083
0.04318446477695573
0.11099303984312721
0.13110733561531512
0.12761231130631653
0.12544214413060603
0.11430993823498724
0.08934594910387209
0.13173321940328495
0.05950769020955475
0.2127748318405916
0.3125326915679516
0.1876186602733005
0.12791183621176036
0.12559002345527245
0.1224673730970431
0.03184656631408496
0.0711454958025076
0.1329654262061387
0.14167307967169732
0.07307782462902032
0.258882489487281
0.275159061434073
0.20343590888643248
0.220815989617665
0.14592816485878504
0.06950821653062779
0.11031128320758418
0.11361339832698805
0.05508515429693272
0.05694076584687755
0.03740855423926685
0.07952227347259191
0.1683820733152253
0.0638140454091521
0.4581388041565063
0.14409842558326125
0.26047106502724193
0.2304934398336214
0.25650555369801226
0.1220864614290474
0.1186436368152539
0.0839434802051099
0.22317664811228147
0.10240202607649414
0.26188361239976776
0.16135314429945913
0.07564118330638564
0.08646222567075876
0.175318980069792
0.09762896595383593
0.13949438347783005
0.14575790956989734
0.11443838458138941
0.18269423884937336
0.15143390402310458
0.06695778862935864
0.10153883853293791
0.3386146792608284
0.23134271483684604
0.10793791016667506
0.23191267259224851
0.1897661155130427
0.27509062706906784
0.15271315588849246
0.15325695514403312
0.2805507963070388
0.14281498020232292
0.31083753852486123
0.13393198658191666
0.32159505530253707
0.29038243102693406
0.15217238783016812
0.21048230736459123
0.08274702075938367
0.1232147842745491
0.1809553510594075
0.15839833463391764
0.1671722803222288
0.15379193915165312
0.16157661837727824
0.22941876006950884
0.22651108942158887
0.38729786300213453
0.09317724922152541
0.1538279924710766
0.23110586603621186
0.23644885704654584
0.2206138628203003
0.2722549761221723
0.16211016288294852
0.2503931980385443
0.3203857308504045
0.2809770442987172
0.2144049115432875
0.2533341443167633
0.06568354302279998
0.11746526869185775
0.1156128141802477
0.12977318590124468
0.05087026520491528
0.07065050439473014
0.12824327292849058
0.05170416534462563
0.22750738324244268
0.3190152778636551
0.13309688320996582
0.09351529980784566
0.07330514619067617
0.12207506832046074
0.16642239433002715
0.14475795815878162
0.1382244750762952
0.16638294958768035
0.14720210055717428
0.17121992858704962
0.32020680441155025
0.26282139939888205
0.09466540652592177
0.2940998656368515
0.11578973995483309
0.11338121835765541
0.08661138153497008
0.07455401308744646
0.08668052188435069
0.11418094936313564
0.04396574736176392
0.27116500920321474
0.213801718940345
0.24783312482368308
0.1492068655137705
0.11256411053237211
0.11461812034068483
0.03412530718644206
0.046509578062545014
0.050811377832680346
0.1399211012908425
0.07009149949832759
0.0548571986333157
0.1338558645920896
0.3232158471752304
0.14458176345306828
0.23771466618961307
0.2999483526993922
0.1100640534637071
0.04318446477695573
0.03960358626325165
0.1085570345504009
0.08199723051147989
0.118953537621649
0.15080914253887898
0.11324532201948818
0.21864171147457998
0.2700939654669999
0.08784193674947045
0.1276479186072079
0.08759828357871773
0.08186996084653096
0.0870613733756674
0.15785741049031168
0.07418853782073583
0.11648938674677878
0.2136090248561718
0.14762455684549503
0.17395140357171882
0.26536580139507365
0.2611130490024375
0.2570726734979241
0.08029538755534325
0.19824790469834402
0.03762247685177383
0.06700689105043767
0.0910524407318335
0.12574069388175063
0.08015961087576776
0.14335924660144966
0.21684510003930538
0.2584959706069688
0.1515526307194099
0.07775482254949471
0.057011478347357085
0.06083950874428145
0.03404159833806975
0.10124327705313912
0.05389226115768252
0.031223400442868896
0.05366667278979855
0.22344749533978545
0.17065780689689058
0.22094366906659674
0.23027093402967672
0.139281413672711
0.17409608235153484
0.06910827586723002
0.10525978143500851
0.05773602793971102
0.10462012037294584
0.0763315804788428
0.1108762991758049
0.16368635782567367
0.26850323564652473
0.17431693707496443
0.0840723867979327
0.08628956565113959
0.04904116239139823
0.051400439933470925
0.03499959960277503
0.0801491645894012
0.10301772229435552
0.04673744034120235
0.1487088082440515
0.27931250310769823
0.07403582589372573
0.22129410506911346
0.14212789781401422
0.15893413782785712
0.07802846567517863
0.07224956113392235
0.08332885951989664
0.10582247046714462
0.03445084159677878
0.061354470462103364
0.03816193387461759
0.16910030971638368
0.15446328533824125
0.23602101054141963
0.14830312594523093
0.3342489389851054
0.30040378766507025
0.20080128779777434
0.11341014677429442
0.12172809480134407
0.22337358895869064
0.06723680720926431
0.13022816099015824
0.1699547341608871
0.2795812954068238
0.08825702913386435
0.24995203390160414
0.09719428211246561
0.18862980262543394
0.11950096486246821
0.046244488234121015
0.12986802623198834
0.10752512357558738
0.10746305842655801
0.0980813628496366
0.14142352257465365
0.1408673938976
0.09201182414083443
0.09332400659400927
0.18201906389464584
0.37876066754757803
0.10131639062698616
0.21144351773744113
0.17017353365916413
0.15977085912581657
0.31187696209148896
0.21261927807190809
0.2327082581036311
0.2355711013491944
0.20497957638231964
0.16199488831018102
0.2601019050769154
0.12435707213860901
0.13376146011022555
0.059591639489655845
0.112227724713622
0.11532988656394647
0.037455059155029224
0.053839243684826954
0.1385953739697561
0.3222872564965163
0.12298728265669819
0.04665537611289782
0.15240706394645623
0.1203466174376474
0.06839943010332401
0.1384668828861021
0.07301123264720855
0.09214965005086323
0.05848379773078954
0.055861704813783344
0.2643825261464881
0.3591603325271708
0.1654410240457927
0.3689726380080292
0.35365959334402464
0.22010224096435493
0.22549869306542633
0.09205267967304988
0.08428180623968458
0.04310075592858342
0.16812029296536354
0.16464189484162875
0.10986545812494596
0.19811079189748343
0.20424140800162238
0.14192080476934044
0.22636894251890782
0.1840565478209725
0.15548441643539795
0.15174705111910566
0.14532151684050004
0.09549526543895617
0.22524717917362835
0.20248645131510534
0.3161090154907728
0.3595951769482039
0.40177525447476603
0.42598898791696027
0.12017735659535378
0.07436136030406239
0.19176047152251907
0.047955869134177015
0.12286230621696015
0.14049014327530587
0.11802061179684643
0.18035469563132744
0.12839315592510375
0.2978618654230268
0.3627071231741608
0.13795356905155404
0.22453343052031896
0.03846886631864935
0.043779727698714334
0.048590513872125936
0.09995601351781642
0.05729863378865261
0.14314567253613528
0.10513364867258668
0.24820586400249375
0.4276350513242708
0.11168620569495702
0.20651997985028997
0.2637061956230207
0.27633968693970906
0.18531800627359166
0.04851392812332569
0.15734010870413945
0.1258157456041606
0.1473186470888667
0.15524033209484298
0.11035586974886005
0.3280881130275927
0.2673865058106517
0.1449504556762961
0.24758848702412814
0.053163270905918505
0.06339152900889777
0.10338871627867739
0.14507409259459475
0.05385249805304084
0.05764324736221378
0.07564489597910447
0.24267966350181197
0.2834646150956282
0.2721704201517535
0.36579618482118204
0.1705704645445687
0.26256974754134565
0.18834042589207706
0.11021123187838414
0.14039530294456157
0.11192756439631889
0.15574590405760433
0.05569428711703874
0.11699080096858853
0.3176737935963972
0.2077643346011024
0.2750053457137453
0.21290903187843666
0.04321236772641318
0.038515371234411705
0.11908350983266963
0.1488531581168759
0.1085492743575055
0.10880440243565913
0.0999114275963133
0.21952220003979034
0.34793756005580906
0.35488177833098894
0.12844808236082148
0.27425792003422256
0.2129606274271772
0.10503336910421077
0.09439761041933484
0.07500646972241157
0.1167499894016927
0.0786218550752936
0.1727990826153961
0.10956758124822674
0.08837188121446875
0.2312207263536419
0.1616502747366201
0.18313469229192553
0.13456999164572706
0.2519668622751348
0.30320453738826697
0.3031096970575226
0.3014101083872099
0.2153512484833884
0.17409358753875853
0.17986835134266624
0.21538396669190932
0.3413517819753139
0.18093169311958934
0.35636875469205087
0.1492399094449716
0.05694991984262329
0.1400610073158727
0.10411816561536023
0.07850734134547134
0.08723271655528274
0.04813258781407411
0.164113572598428
0.22248140314205403
0.2620478326275134
0.13850384702012394
0.14527413453960636
0.2085930439297373
0.11074757282227281
0.1660569960566432
0.1843081468729136
0.22314663166763532
0.17138178233194964
0.34720898030791075
0.44704457318959384
0.23066337007108625
0.3602950159945104
0.42121186000016736
0.2970138827976787
0.16054321724701032
0.09170667735634984
0.11443892710683949
0.05805413277684441
0.037148126710997466
0.07505557034653469
0.10634942240991965
0.13093615593458563
0.20030017697034647
0.10433838657975321
0.21198335003295846
0.05951699119270724
0.04690485803794695
0.14276694488172473
0.21908116401842231
0.12277690725993366
0.08882993613375838
0.15036304963056066
0.17762715405899648
0.3597901581227267
0.3499924338885937
0.13942269924192385
0.12551676764269165
0.1773567010700811
0.1155443533909278
0.1880399773854263
0.14912061337300106
0.06912153023544364
0.05855779876897227
0.1296614010549761
0.09527542321234073
0.07084558867242577
0.08276014809075026
0.06477204667385737
0.2052660891733935
0.13593937892826174
0.25436176705515506
0.13195451350835438
0.06142074230317282
0.1827196552472638
0.040756908174158925
0.08892845589855133
0.20148529692386222
0.20705718262338543
0.13688256905501994
0.33155765050257585
0.20187134657285105
0.3158932581439506
0.17707592327803062
0.051006591608189815
0.07556270257860603
0.038924614493120804
0.05698052895151923
0.15926852876259892
0.11750810621598959
0.1619527044541339
0.2609346118391096
0.39053947146924867
0.21201210534816398
0.22727839220271726
0.1282873540529234
0.11438087435701601
0.17479124319785114
0.11652854683083709
0.08715656403100905
0.0826625538276029
0.1663331757483632
0.27403553721781304
0.2461462423459773
0.36222683655455756
0.30822186731250556
0.34285242138185196
0.2319890776327832
0.1784060795986978
0.09756569780879151
0.07741128136002667
0.14109079870335067
0.06651041969730696
0.17085865965477837
0.1495635576731337
0.3097636731186865
0.2809284012134733
0.16553006817159677
0.2611427885296583
0.14325504107851175
0.06185813645423123
0.13589004223797302
0.17912117245349396
0.11881111949056247
0.11295323162865349
0.2118462672950361
0.18664102050645517
0.33367720623197855
0.20738436470859267
0.25350509888957273
0.3539220965243284
0.09890665484345199
0.14273607167504448
0.08274702075932427
0.12253063011070572
0.09349626167677706
0.12120824516376637
0.1446739186688807
0.06249434612849807
0.27057662925258436
0.32564114684855866
0.2189062301281745
0.21801699120376433
0.2185029572142407
0.26615563817882326
0.18772593223457715
0.1758357186159429
0.18006846510499075
0.18082416888740144
0.2515283001108395
0.3394213173905958
0.28372526731195497
0.13624080121749887
0.3554170898209712
0.25560382217022465
0.26027097880823824
0.1483260791536897
0.04097083078666597
0.08359643352122317
0.11497315311818503
0.049034783179864476
0.04286823134977148
0.11606294603873635
0.06272583038031215
0.28448762474661415
0.2326264625823291
0.30317565226734255
0.11900607943595709
0.12027101314469392
0.3096512434219032
0.15954283019061116
0.13055552690683045
0.24098928042026443
0.17402139478286485
0.36155064696818956
0.36863729686500885
0.2078345173406553
0.24904258530045387
0.10370596215013067
0.2697415288163009
0.18780779741609305
0.10491093562169299
0.10849357945471201
0.166809008183903
0.06756414197031176
0.13497242992083539
0.1351545399262246
0.19044626545690188
0.06181433403136931
0.2165008939768486
0.2367010835730748
0.26802756420174995
0.29516952864952106
0.3194620014104989
0.3897621459138709
0.30573174021005006
0.33906911432771364
0.1874697840172806
0.2652392420445649
0.30627919297587
0.3566312570406671
0.3428109469647923
0.16199522356671092
0.2424721031952379
0.23371818839656475
0.12439256629669487
0.13711352532749072
0.0896886354631028
0.08782289861840187
0.04267291070356942
0.14793022809617712
0.232684037917648
0.25610133632960635
0.1634994696151823
0.1935566991501281
0.1376466139012622
0.24994163721344587
0.161015213876629
0.11704939098288106
0.18139793926951048
0.13454247226018784
0.05422473177894722
0.1757131388605347
0.2815030807828442
0.26275033196193837
0.3626694247646958
0.3153579466539683
0.11403931579897456
0.0613014529892478
0.0441703689911184
0.12429367691630994
0.11077564314625074
0.08273971762314641
0.061513522880670066
0.18725485313128662
0.10256194122237555
0.16627153997919708
0.08928883471066697
0.07588599043853234
0.09015135625710768
0.0933621454462695
0.12186982500591874
0.12437070283920171
0.05419711162660201
0.07308738517148158
0.1046655490577877
0.30026029589641595
0.1755827462180317
0.3291591745685154
0.1504635879640957
0.33263665336245835
0.15550143506699615
0.12412861456578854
0.06493314987985405
0.12197187722297906
0.10511763453232814
0.06049293652820044
0.04790006323526211
0.056261647089339895
0.2929410752743369
0.2976089578743759
0.05214131155279212
0.12781368158619824
0.2011563415078243
0.11817816917684598
0.10476252636259785
0.23034849803547572
0.07782787980750633
0.07396313920062693
0.2052212951160743
0.34951823223487405
0.09548389304334022
0.28843284948133185
0.13877066863497323
0.3220594152393557
0.1840565478209725
0.09972001520300708
0.09643749318793429
0.07420489692499596
0.07621706674902055
0.03901762432464553
0.12850449712295312
0.2188777097893893
0.3275511528146745
0.3033403868987211
0.12866663807641934
0.10897341426859383
0.09874471506214613
0.11770463449833006
0.12440044236642324
0.043714620816647
0.11798269883685723
0.1179270859691514
0.10294667791729464
0.3886361417270901
0.4157896053988977
0.3393226679110943
0.3928492974704491
0.38569192853218787
0.28409833467267664
0.09227691150511226
0.041798618287236515
0.09564757048750294
0.13521069819722856
0.13021577411138224
0.15996891692301968
0.16297260917236425
0.11270189292271891
0.30418455413928713
0.1750175389115481
0.2240407264126067
0.17006414944289844
0.051387931917441385
0.08746117412810321
0.07355053275458145
0.04031976196599251
0.061219071109610695
0.11318864237743582
0.2917470303542034
0.4799364902962793
0.19485527148479173
0.20997570124446763
0.3125046775918689
0.2510163893879492
0.2100170457879173
0.14280920971636726
0.13760479245265142
0.15863625989097271
0.059432587071089144
0.15304068037708227
0.1442597788276253
0.21688188913146916
0.3222674438677917
0.299268862427281
0.15298191792473503
0.0632745883863084
0.10502544935151589
0.1989117870135517
0.15342389029329606
0.19462681391197126
0.5171996696595665
0.3977959161112301
0.4107326104524672
0.2413891319021612
0.27737635398234306
0.21791380010628264
0.1348971737309343
0.09783704178091715
0.0819323605901795
0.13427741559763262
0.14105710976008146
0.1270024432251963
0.10504070448234151
0.08481487390959923
0.16878505348567555
0.22348030887386766
0.07796084078407156
0.25167109119606057
0.2106380186222506
0.18277722569684712
0.2368273971231469
0.22228463221820288
0.21892005372203047
0.08731977779311673
0.10266425203705334
0.2747936540321099
0.21162612520707053
0.19362589010480688
0.1563766776247883
0.21715308499511296
0.2261722031562184
0.2818182070967587
0.35068792964738216
0.15846214119823843
0.17994205601057595
0.06250865242370182
0.1904372355687907
0.19573287370266232
0.23256607682277464
0.17865496551910826
0.08289036185488491
0.12657149913218296
0.2520987043834369
0.4473153491396798
0.4400813060125858
0.25600574847640445
0.11323946988142071
0.10114819178319881
0.23919507874303136
0.3462698549300216
0.39862720957053216
0.23557783384004105
0.40474128209630333
0.32845410979404843
0.21116331779273592
0.2957753781466608
0.23306867483281354
0.11671189386926828
0.08694863914381748
0.15656669265360826
0.1660970325761604
0.078638166613018
0.2336549615094025
0.13033020264719414
0.15983522230258293
0.2025157195818198
0.16255177630752787
0.1983660026908227
0.058986835153016025
0.19713984721299707
0.15136276020442696
0.05322952658163207
0.12443322466288208
0.2455100028523904
0.40180191157725514
0.3854710656524169
0.20115154598539534
0.3411123772275577
0.22162288376692382
0.24315480130558342
0.24933206818137005
0.10358748408703018
0.10581869201078113
0.13833736568879168
0.1547650495371622
0.21083953927677682
0.21008002029079917
0.10605818078939248
0.0820351364540142
0.2681885027992061
0.19658592605157002
0.11603822595244974
0.07782965015197026
0.18429930010172646
0.048361391999625004
0.15910413885597596
0.07217666210874575
0.07625411037559182
0.3516623613293236
0.31681271955674883
0.18911133752057097
0.3625840797043623
0.32483761683095175
0.18703128440754593
0.12374026462536866
0.05476418880179092
0.1445341022951987
0.1408952003314529
0.10831593984264225
0.17694044372454673
0.1999234172081533
0.3423103670983372
0.20286732127570964
0.06852508366581854
0.06807443514654662
0.11188465561180799
0.1671718896579242
0.1393658464695564
0.09123472446003142
0.15705073839985087
0.13650840887430082
0.18254923824274455
0.24227833409594218
0.17423531739537207
0.46242510558838906
0.4439575228916475
0.33186563545838405
0.17787254062290175
0.06618579611303406
0.12529979011675352
0.0473885091618758
0.09422844053967777
0.13591784867182594
0.09812252752639157
0.20282210209963294
0.28678137615817645
0.25570796570910614
0.09499405698895995
0.06405836157773723
0.08253168099351986
0.16118823753908976
0.08601617020097678
0.15110016155538109
0.17768362835079113
0.21195454204193787
0.08140732009122224
0.24754345964160937
0.30297654107717503
0.3268431287880661
0.3326472249311687
0.16763074922447901
0.29886452102710026
0.15477813895661074
0.16445688219224697
0.10965678853012781
0.15992505838099458
0.17703884442675658
0.06886315289507437
0.08059451136138845
0.11498977975650175
0.1095765128978832
0.17552173734068818
0.2973686957031585
0.09398364446084498
0.21595776700343228
0.31870570457121133
0.35224464836650987
0.43309911047218175
0.15709453554367023
0.23556946543876808
0.2697845319993125
0.6630843947355275
0.3898473570618138
0.13295755416467409
0.25899639491420234
0.1395684972922764
0.24911784088602462
0.17748868766795603
0.09166006117080078
0.09362315368204431
0.10935303732567284
0.1380720248037876
0.08399293137142964
0.2611130490024375
0.2465406806640322
0.32578017901782186
0.35453881317161673
0.15572557214501062
0.1378312693365724
0.11131416636885759
0.1729233444940267
0.10693340330404043
0.1896832635089999
0.24901768234602178
0.35207892116495904
0.14652704060456992
0.277257533678574
0.11603906581031666
0.2971951650172823
0.3022837424123196
0.19694725619048273
