0.23746121297602227
0.13099495452582635
0.266798307475317
0.23131170662905542
0.17883641910185477
0.18172612910554892
0.11684534087020866
0.35533652907353086
0.21478220394089106
0.37142067625818587
0.39474819581173826
0.16205412041719913
0.11108956676523073
0.3068790623641307
0.27285374457415545
0.31731836460564145
0.48823695345557167
0.5441466854724959
0.282336877403179
0.4963916373234792
0.26401061293731376
0.2503586277539615
0.36451230779897376
0.10454980145003823
0.06833702224932306
0.22228979324223652
0.23257300586449778
0.16194586062955948
0.06890164520619853
0.1844667163471959
0.15768404050401047
0.0951566127009036
0.2810008848128596
0.21778645394038
0.3225153763367427
0.21463954482714886
0.11198943460275083
0.16854192379018917
0.2792029665541026
0.25264864363770534
0.26056230202323094
0.4204795486600844
0.27309794541953764
0.3780264252734166
0.5063504529008145
0.40933224767782966
0.42745660128659296
0.2550070521861776
0.1757286627095546
0.0693956902934645
0.06468461749703557
0.0648257732362544
0.07096604789227413
0.2645383003786235
0.1660991530641187
0.08677549068478467
0.3451412193785935
0.31839352453187736
0.12959347683345324
0.16761519767685065
0.13625670371759455
0.19205179977763115
0.2992177621116991
0.38094474813081275
0.2160841993439061
0.40078984485190383
0.2197524930105133
0.1943650709977861
0.402040221744784
0.356381073361307
0.3904803613160773
0.26858146523863335
0.34142292996044094
0.33980367489124413
0.25091895752108667
0.36625150768811027
0.1452332018218908
0.3213540197461217
0.3618671052780582
0.2833543809256063
0.13097488152768588
0.28738369487441945
0.2611660508964767
0.25323627666175375
0.14462973976445864
0.3720169252468268
0.32399238492971394
0.30736785786973064
0.2746288236354766
0.5522143864598027
0.602602775380731
0.5858371146851793
0.6019430788710595
0.14401414293802614
0.25141333483305617
0.3047108603667141
0.27109854052788707
0.2976699817906826
0.19622019973849902
0.2328862062132029
0.10844289665487729
0.15388282464507855
0.40543885877072305
0.4699281067240692
0.3362215155320164
0.32995193852749
0.6608519040902678
0.3217336633652436
0.3841116497304667
0.6107588782858526
0.2848919228882564
0.48507887036403097
0.5457322844428797
0.39249675100404235
0.5543466892247272
0.7270510369294273
0.24643851176195983
0.6215401974612133
0.36493417747794804
0.37706625641838515
0.21521685865752824
0.1695458080669788
0.2950516830852632
0.1646943817193298
0.1112305570875676
0.3899703147106585
0.3770238452045133
0.18880501872146646
0.30980690490217677
0.23230480931848327
0.3316654481704634
0.13593297686774763
0.31024423495756037
0.2884017464468578
0.23764566800650208
0.2917386099504093
0.2989515273506953
0.44847485254513936
0.24104188860509212
0.2112801825187928
0.43126160009582426
0.24411049696898857
0.23201151539115036
0.19324936788256858
0.3462806951680277
0.26696374846413234
0.36589167322828864
0.26134582446446647
0.3564456981664312
0.33382228490832094
0.2784243134234512
0.341110206398191
0.29035508044151415
0.2048753684980553
0.28214102712261263
0.24855093490467234
0.32564085710483276
0.3963986150576591
0.5396883898104693
0.49308220696835997
0.38373635601353884
0.4993814269852435
0.49358462158699684
0.15415971169438053
0.15096606309455451
0.2714322045822909
0.2862275445609327
0.22986961103359288
0.38730182358765536
0.2935702365265515
0.3363046544428774
0.21612031570682422
0.34098730606488
0.15830821306624357
0.16565033476499577
0.20575611194177473
0.21465648267892612
0.5820322387609473
0.16919567435240632
0.3740479548660088
0.4432722143864602
0.14323778637232215
0.3896191819464032
0.3358084536734873
0.4034594751143026
0.3227114171731015
0.6535193514454449
0.3839694838657415
0.32363872811645306
0.22505932485697494
0.25580818491296226
0.09900310659461718
0.267496806248547
0.09250994259055029
0.17456683705467269
0.13336511469240114
0.3114905621963467
0.293027954784201
0.24350329784152633
0.19250454937780237
0.18775633140991413
0.11251876862482141
0.10309662303196356
0.34750230692334544
0.1834425909031411
0.14714416500375727
0.24184039233762544
0.24550324989130407
0.35803528752219016
0.6260519876790855
0.5159051967373359
0.7969534555712273
0.254585555478989
0.21749273749774403
0.24509624848233288
0.0902690952304511
0.08765771405490254
0.148932666848956
0.12421260682135371
0.26533145275035286
0.25938067312118435
0.29830276719185506
0.24354964312824395
0.3332016925246821
0.25604250420878166
0.0978738606808664
0.29492696583230704
0.26849882949816556
0.2490797216356986
0.26548701907177974
0.11130130037405891
0.1838547734975182
0.23973845622175002
0.6444882412416937
0.3957265665364787
0.31233430652283034
0.6816361071932301
0.4732757534336362
0.31487848894777054
0.21660614985436374
0.23685167582592154
0.19947067240120195
0.3150350695735452
0.2624855270938216
0.276332863187588
0.293977460308254
0.08622851219531172
0.24118903495621147
0.2765574573957907
0.18088775171514607
0.34742017095746186
0.18342732120683716
0.23276410579051243
0.3705095487959947
0.2532560139049469
0.36242595204513367
0.12416411711037596
0.2973098995485595
0.23250890187794748
0.41822748260110776
0.25302105289008847
0.25255554132460956
0.32662990027430616
0.35023887422606215
0.30606933010247994
0.18545980768688458
0.2926598327490937
0.3172919605077578
0.33674508198276315
0.335755703366595
0.2234158210164467
0.13219234977844851
0.3286344119361968
0.2520199804482323
0.36060109791265504
0.28242427531121356
0.33726375176304607
0.09667403689750614
0.1215221718153042
0.13955060078107523
0.15244960225867807
0.6233532292304261
0.2668932975413664
0.2894365324322351
0.45478138222849074
0.33900800583584995
0.4235825105782796
0.15604523035087484
0.2745204745467198
0.19287695863018547
0.3213540197461217
0.1846839550777523
0.1795633278574822
0.21113625762401306
0.3311664266670044
0.31927886570995023
0.4139316581803103
0.4255642211486532
0.28242427531121356
0.27712095505552875
0.17832303797106125
0.3599435825105785
0.10740187307813835
0.19539072108377264
0.26052160188233375
0.4508568730046016
0.5640056417489422
0.5842512179298454
0.46496205621819225
0.23985102357669968
0.17394793805468117
0.2576318918786396
0.32727785613540195
0.28331233641881304
0.20451474776716355
0.36565178358840794
0.15172041893928098
0.23207220339526183
0.1480493580899055
0.40511362934880923
0.6508321579689699
0.7503203652296082
0.4095241878796591
0.39177453350723396
0.4929196050775744
0.3448029167869413
0.3143401514627805
0.2853264099779911
0.2857593249869497
0.3140954526059671
0.1472430804726574
0.1943650709977861
0.21958748654704066
0.13643271348434569
0.1088663638725339
0.272692406033102
0.10267315581430705
0.32406205923836345
0.28152838788177903
0.21143723196043157
0.09482136782025884
0.33260698569481845
0.30294501247986716
0.33542568896341873
0.3688902937267991
0.3653897769382819
0.24277419154098806
0.2999717912552891
0.2839549019988033
0.11490923343594875
0.29416078984485217
0.23490082442466365
0.3449764483358463
0.12285842652260187
0.3022799464427587
0.23179372550424057
0.3383404684042961
0.14563550986017812
0.19387263614876957
0.28462905771864583
0.24586918042289094
0.2511099668621404
0.2502474558949147
0.080388193485132
0.2303078398897966
0.2847490025385856
0.291862387630652
0.11722250465610345
0.09715043751736975
0.2527616365929761
0.3058392101551483
0.2329676064949974
0.16024432050050375
0.27779971791255337
0.09429203379818812
0.17566998923763327
0.30890325204553326
0.45103896142165684
0.3599335424284615
0.4377036946619842
0.4169911759800374
0.3674586378085941
0.2707673252758421
0.21504135536781238
0.22110988701679093
0.2655578313481168
0.275333334173262
0.2000879811721072
0.11176620188682548
0.22724832209006957
0.23298665718996123
0.08970447227357578
0.24889650488120607
0.09300398767781627
0.3645722802089442
0.2365899190348394
0.2387392982898097
0.34456500461753364
0.22650981779358337
0.2470905553862915
0.4217859593205302
0.33528776071030536
0.3078197611579656
0.274376009095045
0.2825810782485612
0.3521015514809596
0.21094883026966718
0.1206421229815497
0.1679410875729837
0.28912698846641216
0.11682019661781567
0.1431913575413791
0.0750242753948159
0.2601603144507969
0.28953455571227055
0.16200441816801278
0.31155058449510525
0.3670311490177228
0.1524767615674697
0.12235193214427274
0.267300423131171
0.07532599578739613
0.2541750679357703
0.1385734828118269
0.3064654442877298
0.1687657076364864
0.32373169358728726
0.40743456161465724
0.3084174894217211
0.2560852865245506
0.1543613351154689
0.15147563771824793
0.19601486537940757
0.16324788275189692
0.14675249803267218
0.16771975025563132
0.11565790014850738
0.1134948230742478
0.23925186026095233
0.32332325663142897
0.11839925566809531
0.1835289098087897
0.2487363879510484
0.13167793535683195
0.07668814867085799
0.08211382239708233
0.1515798759513139
0.11547951025493673
0.09915837790775786
0.1722356144667195
0.4273681241184773
0.3126951124983263
0.439987585746491
0.3491648313785029
0.20852717188628878
0.20836371222278913
0.1300639313948686
0.07265991676290025
0.1937525548250273
0.23107369561524316
0.16155920929103693
0.18469869712292322
0.1688241844411683
0.4218459317304995
0.26045746319242097
0.1839045199831473
0.35047303898941967
0.11271285776624736
0.20241733003982326
0.6514802895064572
0.326232515903923
0.27257460331463224
0.1195357758762583
0.3753073415936122
0.30167900511446394
0.4118854258786467
0.29777223138481507
0.38798307475317345
0.2767277856135401
0.22894217207334236
0.06293781522420235
0.11003124847170931
0.09622705390795971
0.06867226712996785
0.21026798307475272
0.12993979497740674
0.08926209599510243
0.1822552309372118
0.21151863224222606
0.19602459165572395
0.2318300070633366
0.2951432552464575
0.24017214727857167
0.226374183669668
0.1819757941971835
0.23950333595376397
0.2522439563347292
0.08351126421534892
0.24203102961918163
0.3661915352781398
0.3572355430183355
0.2839107289056402
0.26040852342105786
0.1972565474762762
0.12962945393375458
0.1219329960511661
0.22021868941063294
0.1865584084347067
0.21843902083913094
0.19227486862077658
0.11783649427494976
0.18697644728127558
0.12338776054467247
0.1877328544525521
0.2327086128297556
0.14485180145277676
0.22152597915483263
0.2919605077574047
0.25173104954488135
0.24826387870466493
0.14488118228838853
0.348979453616687
0.26956276445698235
0.23553012027208878
0.24433942152302743
0.14890776431471262
0.19059875982111635
0.1972762183631428
0.1921375423700572
0.17271745544573372
0.1295984198293885
0.1787848133653741
0.16849858331399165
0.21205623370521776
0.2095243253382687
0.24180535966149502
0.11893231381882664
0.2309957208320604
0.18734144477651016
0.13924886975236037
0.25583898842544933
0.22871650211565575
0.2191889227709724
0.204743661387364
0.37470761749390985
0.5380724622527785
0.4040330047315176
0.22897225348036887
0.1594532282287836
0.22350348840271572
0.23119887165021213
0.21451481000324946
0.1254398498444422
0.06745479887920534
0.0650904402472897
0.20456824429618972
0.07520072006883947
0.09650364068428256
0.06745479887920534
0.18648804559050994
0.12803453318508784
0.10304114630645907
0.26675727954752143
0.21929855564368966
0.2422448828656013
0.30735860109735696
0.07324218418717794
0.3237235543018335
0.3636369846503861
0.36107585067468095
0.3775694361695588
0.5618215366009841
0.3956379885735152
0.34081805359661443
0.15345537235439752
0.30334044962935325
0.08264668531263344
0.2803710166107602
0.14663614312592524
0.23921015514809535
0.13189494355241926
0.21161557137242198
0.2564469947367575
0.1469775182739435
0.17028413065226455
0.3510860366713687
0.1871549926458502
0.20814573797790004
0.30044125639576746
0.22552594104259502
0.17942609098120066
0.1815930727563359
0.3861322464483078
0.5294964076270379
0.361344871658522
0.5805171273447572
0.5102983665678332
0.34568888852480045
0.17788748622175699
0.23422574574200056
0.13731276231810022
0.2782719822618033
0.13785349159055257
0.20525081054407335
0.1696746729930919
0.24440056417489472
0.23969739451654454
0.35275787198252007
0.32343120696937555
0.45983809172416196
0.3815444722305151
0.23788537384186054
0.1801331151252928
0.20067700987306078
0.10331253343200102
0.2305782792665721
0.07513014219922999
0.3435571949663277
0.28029909261374764
0.41915393856260247
0.23352586481811974
0.19226783096457228
0.056921051839999064
0.13546528713202247
0.15736760376184766
0.15550790471715978
0.10252365491979369
0.12381762154769363
0.06318750626357526
0.1176641073335147
0.07777117265150756
0.2850230867023882
0.22116884404871
0.2292828288343652
0.05256286839161728
0.09190224249636599
0.16688293370944995
0.15011094215545154
0.07370599786752852
0.10618666760053255
0.09170577839938815
0.10761360668696666
0.3355712270803952
0.10339657897780359
0.21424514965126595
0.1560394767486035
0.26135976265020155
0.06029591723838185
0.15826718991139993
0.09373242448602012
0.10350463176984799
0.13271977213988265
0.09375807813751955
0.09947114435251118
0.1087931117393371
0.10197806694429422
0.318793670656789
0.398908076377569
0.43684062059238327
0.4036366035280085
0.15008092871047019
0.365295875226029
0.2871973179312612
0.35413258110014156
0.38593945415159225
0.15229873674431943
0.21692020686227131
0.20829337094499306
0.06092634594033384
0.14638062773529928
0.10597651832970109
0.053154949558773694
0.11705293099300469
0.10465660887342107
0.0869205201228337
0.08341493554704196
0.05750490522276041
0.0892575765066948
0.06259578850475998
0.06430266424485014
0.049069263845950846
0.09886720040922325
0.22855485439649403
0.06293781522420235
0.12059451747810586
0.06907126132353412
0.13554927026394353
0.13895607390099016
0.1425840795286577
0.23227080394922414
0.3870239774330047
0.22929043757164427
0.3225756139496251
0.3897073993613766
0.08359808940264232
0.06281034247768047
0.06219234514801142
0.055015624235854654
0.11945953592889964
0.06911295042146771
0.1074188998589563
0.11826559246126611
0.042893700255126364
0.07556804412944501
0.11359409324380479
0.07898179560962522
0.1355376465326888
0.213032440056418
0.11286363412162892
0.11760227058462751
0.12549298009569984
0.14104442106737294
0.13862026344253575
0.25106102709077843
0.19082964242065742
0.20494186750781873
0.08677549068478467
0.0663608419002593
0.1079271279007155
0.05185798839437479
0.13173483779971826
0.03156595218281408
0.06988516224811257
0.06857973741161266
0.08049361506721568
0.03932951783985058
0.11526093088857553
0.11235847999332166
0.08765441280422182
0.12628423469907715
0.06079880228624158
0.0371416038819585
0.0364005362510596
0.12637517630465453
0.0614164925388795
0.08754600306966101
0.13523272214386436
0.09772639464625141
0.19174602419915548
0.2520398225180321
0.0435112566142088
0.12073441595184191
0.06741174066559705
0.13625731545233086
0.08656919968813058
0.07818497066332819
0.03490075652185931
0.08242658119417076
0.029889727779590345
0.12116745493056864
0.12736396431508987
0.04947508659620497
0.149654418078635
0.10061074829762995
0.0908834146232232
0.09440817267006012
0.07559907823381024
0.08826839097384355
0.055738872524041305
0.13936945858371608
0.1358847905533931
0.07244818315407195
0.2487176969950512
0.2950760215039719
0.18935809078390356
0.0876092766231718
0.1285158395985153
0.12301371567178333
0.11135589784868542
0.10297135646966173
0.15856705196125112
0.10157206591396287
0.057680914989511306
0.22208868244404464
0.13265540100119808
0.154457034704492
0.1538360553386685
0.19970812520081974
0.04721659476870354
0.1008033078434833
0.19140344579961693
0.04022938567737068
0.09413942589499116
0.0997533943820605
0.10880795202553273
0.19473900489210222
0.2874477609872461
0.12201149208728876
0.20464030843061595
0.20314899092666988
0.07807290368022339
0.132987496920096
0.13947834838376608
0.10520696518281752
0.1470239774330038
0.12238085640872592
0.16084600354011952
0.10488426309182544
0.15466389980689016
0.0560035395350766
0.08644593972708788
0.0925452315253549
0.10141945306571919
0.09450572716306509
0.14871768411916075
0.11159019212007446
0.17720733427362523
0.13409128011907048
0.25272672031883125
0.1397768990526126
0.10581387101192634
0.26048101543193225
0.27345759092732663
0.250984535725354
0.1472531097657065
0.235317348377997
0.1368087827368732
0.14161662818358264
0.15440014827243104
0.08866443617159117
0.13133991537376608
0.09390254358919527
0.1435335850527107
0.22971159522322931
0.4574787871408088
0.2724618418603413
0.14382005379660046
0.2964069904755861
0.21897350837741938
0.15532569234820215
0.15262561202542924
0.11734206312357519
0.08394725230806925
0.12651561930498065
0.21042097419157085
0.13659208455935967
0.26081805359661453
0.07915308076696713
0.1429530721505184
0.12333021751313437
0.11188340091760386
0.09621513308074323
0.07072672384846211
0.07711974934770872
0.10792665726375178
0.057630626484725334
0.09454642730396208
0.07068049347668535
0.314535910548232
0.17274101393981808
0.21644042758250992
0.1332571572720795
0.12570666741652808
0.07324048630204939
0.08863340206722582
0.05612197134114604
0.08106108060209873
0.24443554423525884
0.41800769749240596
0.24306948788300164
0.12065286809730742
0.19275302889828258
0.10830902423481026
0.15048979694037873
0.12920099639759364
0.11954866008462627
0.11159444232936713
0.08864490687388267
0.12997675618150703
0.1228834680289728
0.14128911992418638
0.06078519020111501
0.11806629077698248
0.09862638367284444
0.13493528502934007
0.1356575913526285
0.09827382173950788
0.09890134237995181
0.031318929639181155
0.029466260561933848
0.08217830835924865
0.2756827665116139
0.294709720235898
0.5746507953411144
0.45345139178480354
0.13756647623219673
0.10797747380000494
0.08838522708108094
0.12660084626234114
0.11150455554537247
0.05586138785749523
0.07098104572454154
0.10122783892545115
0.09595414191429669
0.05310466105398772
0.09834485622822257
0.13523466651996258
0.07303045057834975
0.037512137697408014
0.26375865904901097
0.11685010451557262
0.1875881523272215
0.09682640561965851
0.16702554969391117
0.26565054550733336
0.40487872848382117
0.4754183458190196
0.25687368244675146
0.08254081850821934
0.06420821687717196
0.2085822822596027
0.16561218629146013
0.10805887408179918
0.04569917057210088
0.0979652391393185
0.13163919516017608
0.1305605537522396
0.09924776530119553
0.12783914255778975
0.19277375939777236
0.14171789060370038
0.10592929244119603
0.050463176770736924
0.13130529556947976
0.07634761044999262
0.14047406725298364
0.14326983351825162
0.2316142353990414
0.19311116010409643
0.31469675599435815
0.26267983074753215
0.20381124296460956
0.2660568210443398
0.10447436869285927
0.06311425989822592
0.16300501029904696
0.1293920255603095
0.12485997641299826
0.1394640338504938
0.16030625185038763
0.11815250902427986
0.1195598614391365
0.10060215382433942
0.24913963328631838
0.11324344682888908
0.10822167464538751
0.1195109216677738
0.1050877637963109
0.11340537956541273
0.06499789243587038
0.15513948772201058
0.07680940830405605
0.1262459881204963
0.33692524682651614
0.1995763876171912
0.19987839194565618
0.14387541219266908
0.056462295687537835
0.08326450201203323
0.1123218886778451
0.10474010223280361
0.09763329233315564
0.06482188266911948
0.13424953103974616
0.06291091948725254
0.14280625283643134
0.20853587949385075
0.1536708820789557
0.15930592681337305
0.11923481896891298
0.12739199114380587
0.153109562653962
0.0417115209391686
0.1330188053139397
0.09354019746121302
0.2012621967361574
0.16199064321061826
0.1535240627648674
0.1629337094499294
0.14479959241811513
0.2459302410093827
0.09926950844751102
0.07030332969079058
0.050565091562295994
0.06303026596587388
0.1205445440401344
0.06609294414162584
0.11400755135338085
0.08062844524320768
0.05114340936733468
0.11694619944192133
0.07184395160561202
0.08095281644200733
0.1628819638701923
0.1159696413326561
0.13283888808402824
0.08449349250237852
0.0831503878527743
0.1028526830989206
0.1153121708655739
0.11385049365303239
0.0368769368709232
0.04148214286293792
0.06198058214871193
0.14817836341519253
0.1652696078919216
0.09177167817697884
0.12097911480865557
0.13109968819489293
0.1050247493444073
0.05679241098845349
0.040670497362429545
0.1266017574471266
0.037741515773638566
0.05994389770488005
0.08873790369178945
0.21093880737077578
0.12218165575471059
0.17167319430396524
0.4563429049213541
0.32786204462051327
0.29531924435562773
0.3289117171026152
0.30894217207334224
0.3795279269179305
0.2550072355694658
0.5116779768509
0.5566898992509933
0.44730951025530435
0.319870345626769
0.13320169252468242
0.09408312540378982
0.08469287104487036
0.1368570395520332
0.04541685909366322
0.06802675676868314
0.08772664553005974
0.12118476727785614
0.12341455442466455
0.07193770609633465
0.24606679810779677
0.09336079814541144
0.06228231317742776
0.21601250672210673
0.16248004092424637
0.11221028845330332
0.13467676622850258
0.04933393085698614
0.27514809590973266
0.12328226948281322
0.3542260651234018
0.279054576310256
0.1358052407024443
0.12478203388487244
0.1792455428184899
0.13258110014104363
0.07859197207229911
0.03408911102135093
0.05559394204089334
0.12618195057733445
0.10160789844851899
0.03408911102135093
0.05423615241167209
0.316266649485202
0.3497944199152095
0.1026050552015878
0.08006798926240992
0.08183503981212518
0.14194999336676917
0.14035926426829462
0.15079402202375403
0.12818053596614987
0.035271290337308824
0.19402062325246805
0.17571127225673697
0.23486610183640239
0.40459485386045346
0.16169700458244293
0.07296117936276195
0.08669130011082195
0.11400755135338085
0.10771044830650808
0.0660288067839828
0.07346068217708578
0.031107196030352852
0.11494291871733091
0.11170791050822335
0.22809590973201696
0.15988618018918355
0.16027715485277758
0.10384576238303461
0.17824549266140588
0.059197188134902996
0.15244738779488737
0.04243494410266513
0.12471791279258654
0.11290405253380595
0.04848699642167315
0.268434645924545
0.14914990557951244
0.18849129807384946
0.13875906633449492
0.16413326757424457
0.06694056311589855
0.07904386381835576
0.0893924066826868
0.05345668058748952
0.03580062435937941
0.10781431631208255
0.17444526489133255
0.0700308911199493
0.13477703410866437
0.10759523983440904
0.08305146565403476
0.15424572133483164
0.30967559943582557
0.12242579980072339
0.08580929856998575
0.11672135470009842
0.03654169199027844
0.14436339976201235
0.20177867732851448
0.15295279696163097
0.13397422854489238
0.1275501689412814
0.08822387849075619
0.028919282072460768
0.025919722614060312
0.10583921015514806
0.05258542440994935
0.07253863468368851
0.08977869772541347
0.05771279979208714
0.07046302405481535
0.026819590451580413
0.07700008574314014
0.16764047530228454
0.1446534528481612
0.0578584133961118
0.13235051999164016
0.06389922120844624
0.07562086178681085
0.04299667159200706
0.11548660084626239
0.05995788963371157
0.10009926877647969
0.10336079711807467
0.14031032449693145
0.05256286839161728
0.04730481710571526
0.09662829279425666
0.06688750412584216
0.03806839812298167
0.06688750412584216
0.06770098730606486
0.03615743494111472
0.053452217120003455
0.04530979237330172
0.027807680626112358
0.09691541451186926
0.07367496376316318
0.11926657263751764
0.09495055240532162
0.09157453276424353
0.06293716365277799
0.03447728930420281
0.17393092702966254
0.1806488011283503
0.09682796898562789
0.052121756706558414
0.1170536052200582
0.09942834711579021
0.21368169672388015
0.06060874552709144
0.13477703410866437
0.1271650211565589
0.048847680270943036
0.040282267466127133
0.07125528913963323
0.05031364903836614
0.05699162068605769
0.04577530393878084
0.08045698412031949
0.07299116945913987
0.1429124480701713
0.15228939814973036
0.3827579518278707
0.547608075438043
0.16874307780933281
0.6398456419722358
0.16736692484192942
0.23331439661813905
0.22728027184877087
0.3767155117216096
0.07110720363149296
0.16410296809710578
0.0947860788854541
0.1229466488596136
0.11073667741718358
0.04953043056697918
0.03283635383578369
0.06642262994406635
0.09425799964460778
0.07136716786455721
0.023484786112535308
0.07181946403385049
0.12118476727785614
0.15091991032702987
0.1812702035975722
0.09952637269943747
0.2684760368639958
0.4293424829767775
0.24310194157837556
0.25913608936562754
0.09279632124538695
0.1055533640905825
0.3613223319709973
0.3705133236259781
0.13755626786876363
0.4349798895139768
0.09856431546411389
0.1111888480847807
0.059213071128945
0.05345668058748952
0.04611455888873746
0.0446759409307056
0.0597478068369421
0.07403854398378855
0.042016045748680605
0.2582127522355825
0.056413758879355035
0.08518861648268028
0.13804755313595943
0.1313363296738446
0.040352896949187145
0.0893518818614112
0.10435199334817609
0.07757794754984279
0.034794889717445224
0.09584883181266932
0.1554327138480141
0.1787254070396202
0.1613353585161021
0.1494102172332528
0.19130556625689057
0.1705944924882282
0.12694976691490842
0.0819700837667584
0.08917897362571137
0.04323050738082833
0.04670632706973909
0.07997577686280057
0.06651622015604648
0.08411847672778568
0.06524232585805048
0.12135401974612135
0.13168413855217354
0.05979303219052214
0.04754778127513767
0.10902984132585289
0.11100893085487
0.03955889591608114
0.04940997104907885
0.07414375361452798
0.04949939646261384
0.03094839582373165
0.08292312686401522
0.11767510119917733
0.10993153682546587
0.23447511413425237
0.09009811907877625
0.052137295333662244
0.06669599372403581
0.09159463289055579
0.06202188095631359
0.08904251803343494
0.11070906880501893
0.09673549728195854
0.1548640361134632
0.14279430813908492
0.08946023095016796
0.06690885561773732
0.26537791411820655
0.05651522908974494
0.04361712341862301
0.048176387584962316
0.1227499641373241
0.07109913310084534
0.2327086128297556
0.2859693615920187
0.342679830747532
0.36959315333129666
0.1739002874546057
0.18476228450101828
0.12507097764056505
0.08790927474677486
0.03917071763322938
0.05871652545910054
0.029572127366347945
0.06403431145524732
0.03622409157703604
0.05722688844956739
0.08527073285157302
0.14537984579392563
0.17026798307475277
0.11626855509708924
0.12421260682135371
0.29633772587178137
0.15503526093088826
0.11628030254301325
0.1338275285846114
0.25903820982290243
0.19667136812411795
0.22315733749917419
0.15677441367027192
0.08961624993656393
0.20715045516427702
0.13361670440805792
0.116158202120322
0.13240327029853124
0.13493792243298644
0.103100141241872
0.09846681998180212
0.12000479235040243
0.15808727268148973
0.11562680642257668
0.07494736204213956
0.09065061885096877
0.24707203872834052
0.21937078836952711
0.2009025766199625
0.10470066696439614
0.05326864708771144
0.27441212545796306
0.22394839375582815
0.36182425257521444
0.10454346935895674
0.16213013942997773
0.4073677102390691
0.09665639243010378
0.26607254796246815
0.10172979410937198
0.20930371079605475
0.14927132841586851
0.10943715951349535
0.060044474714452
0.08646257282789742
0.07085086026592322
0.0514954289008366
0.1276727785613544
0.11182737756382602
0.24790271507547526
0.16423248030103668
0.07470357385956314
0.15411089115884052
0.2001778679561021
0.3129840834986957
0.09273200282533452
0.12606621455250647
0.2768970380818057
0.15694779689205554
0.19350785596821385
0.28467144491108015
0.44143673769177727
0.7638086133806723
0.11617117337710904
0.1932183337782025
0.15616361071932253
0.07327152040641462
0.12902725065745402
0.11631442669651897
0.11060388327975793
0.04921041958516968
0.11947944511002966
0.13703135981562933
0.33483779971791316
0.17737658674188955
0.13071932299012728
0.14809590973201706
0.09222651927282743
0.11681923424282392
0.10872997927600184
0.07963969061926639
0.12148198856877943
0.10852967057135837
0.335458392101552
0.5606820608115499
0.15918838490405152
0.2839549019988033
0.09331032063037333
0.1291960507757408
0.14291425295902463
0.06002539517124708
0.05365796644756073
0.1063310828771932
0.07111311858735593
0.1239492242595204
0.08974381067810444
0.26143864598025335
0.3135081753496151
0.1536812411847674
0.11572923439312138
0.03865902807856103
0.09773272341136123
0.13908683021286433
0.10801817394090206
0.161745589689673
0.23012693935119888
0.18198855877686676
0.16400440401482086
0.16503213541419118
0.31493769026175583
0.25410437235542993
0.30748956447758685
0.21073747603292226
0.0687184463639156
0.12366713681241191
0.05250970458604559
0.07439970761297768
0.10884992409594217
0.08862992593789448
0.09078327587785433
0.07378572944335607
0.14759210093670244
0.20452696320985048
0.2607600385504993
0.18967559943582574
0.17550027102916896
0.07977452079525837
0.08295291245981837
0.09415668365323934
0.17033545566987604
0.0871248345416985
0.10970681986547934
0.05533304977378705
0.18111503307574553
0.20818978737703162
0.1448076090153933
0.08351668912084821
0.07461640579049134
0.1219239094694493
0.11537376586741896
0.1211442681398365
0.08898791615471081
0.1025158771459067
0.05859727624322281
0.21905409259498004
0.1511304731249448
0.2999717912552891
0.2692903166828709
0.27845189949171345
0.09162565572004314
0.14061552687906223
0.18889707656477303
0.19691689562725825
0.18180752938734338
0.24318172390137952
0.3421384905005082
0.46561354109232467
0.5231172160961653
0.28816742990688815
0.2607511018205976
0.13625404270163682
0.10494282031376247
0.05803293452301311
0.03597706903340298
0.08799916153076953
0.07736124937232927
0.08106108060209873
0.10945688680057902
0.14346967559943544
0.1510768789382449
0.09403333622678377
0.07010217567164669
0.21789001748985176
0.3455147858208363
0.35155826724540656
0.381254794313339
0.30900571638424346
0.31533493162339643
0.19225411681606686
0.7104931409171503
0.23021098618161115
0.18799395080370288
0.19447005717244137
0.26132581100141006
0.20699220424360132
0.11017107049672677
0.15264314688033884
0.1314635610248737
0.05665638482896378
0.17676236072549356
0.15288784573715225
0.16732507828915535
0.08493728458350872
0.19894017058947605
0.19195322722059133
0.15999225386649812
0.15065024997504514
0.20652583515069833
0.1441334581354327
0.05953243301554764
0.08468584205957884
0.1947903875832625
0.14559084702149364
0.1492881168105611
0.23734837799717898
0.13522578936948138
0.2869957686882931
0.13943623091318075
0.055392788021749455
0.16528396187791536
0.04259436355371929
0.05240484259535478
0.07780670266547184
0.0969252468265162
0.08095909732016922
0.06184210738832427
0.0673209004808692
0.2290418325243922
0.22961918194640338
0.11518139873879159
0.15181946403385102
0.04035652509074353
0.043246589603173506
0.3551480959097325
0.26096578360759914
0.2799762692311477
0.2873253976705566
0.655198578924611
0.33971050961537347
0.12604610658703547
0.05614469527429543
0.14696755994358277
0.07619922401176246
0.07107700222443697
0.05197144624032773
0.035377963116932164
0.029907372246992716
0.06974069679643696
0.0887787664989757
0.04127535880581593
0.08036302936008952
0.06296120799203839
0.0673111636560251
0.11868819050665198
0.11717912552891392
0.048504275400111284
0.06591236232703128
0.10488011283497888
0.04089987543866022
0.07562766395222105
0.04832819621505195
0.2666238743841247
0.2110541688194553
0.23948639328897775
0.21844851904090276
0.07653057302519413
0.09985406260040987
0.08767277856135405
0.08132258791961303
0.03287164277058843
0.05417454437838184
0.06741508799599298
0.04095998714817519
0.05504133708843595
0.08112282255517833
0.23409024922727012
0.1673048566331985
0.061975106417454524
0.10375985365625975
0.07541736108232538
0.08953246367600576
0.09777150916784208
0.05209889095826827
0.18110014104372352
0.15325696671089137
0.20329581024075818
0.22418880429034255
0.09743274899580753
0.28434414668547237
0.21763987578191463
0.125018227333674
0.1081402743635934
0.13952045133991484
0.11725969218508846
0.0816952129225998
0.046316726931183314
0.12201145984083824
0.10242599036191204
0.10495734096336062
0.14786375967121157
0.06669608678090407
0.16394823406512812
0.08282516738249789
0.11074051788141784
0.10651964970802062
0.1790691114245416
0.11871448491449416
0.06233790333252228
0.2537289761497766
0.436359254943293
0.3278691653071714
0.1718979040792588
0.25140434259514616
0.18764456981664254
0.18561354019746187
0.1285158395985153
0.11668730395198429
0.09757210402620062
0.12053865686639104
0.04709518473206392
0.037335693023384436
0.12333021751313437
0.09719193646227366
0.06775475482504538
0.15533483430528772
0.0774300903913615
0.2070152328643252
0.07870150999004803
0.1186557270425038
0.07090679174822223
0.16150124549699144
0.1694753866955217
0.12665883847177348
0.17110339233140634
0.24157968970380841
0.20361618460252284
0.09348038829767988
0.1859448317937545
0.12714552600035867
0.04996162950486433
0.11779971791255295
0.14549306658774422
0.1064349215220609
0.061854860886747
0.07932317075764335
0.04298192259213821
0.1301111198322663
0.1448111013118795
0.08828147015177598
0.0745778525975982
0.1396741074692163
0.20672489716733516
0.053745047707575044
0.13414391330522898
0.06692546485713463
0.18072255141146235
0.24262972608931319
0.24533845330823228
0.2856638514367206
0.4294464937079096
0.26418461456307296
0.13659208455935967
0.08151766625806262
0.09701261024585019
0.18129659533996348
0.11687255040562916
0.05247464605460543
0.07337092848273487
0.056762251633377864
0.15361651384686975
0.14161662818358264
0.16187388836927497
0.4740142577301224
0.2151816449229653
0.11772388650851645
0.22754839368247556
0.17033545566987604
0.23773063312193693
0.1531333787762264
0.11593352496973713
0.19326315711140044
0.1320811481786108
0.14897999704055007
0.2638832471878114
0.14166271798208654
0.1545114309549032
0.21991537376586692
0.14759409931922685
0.22450530613169398
0.0869488247749476
0.09082103964346758
0.12243447029514308
0.15294236296690916
0.18181125061252285
0.060573456592286704
0.38938954826485606
0.23199778949021124
0.21851477189101182
0.3900989175322783
0.24404261854549456
0.5255289139633287
0.39934978248234
0.6724106605860626
0.2631980903887331
0.261974596104666
0.30678502344682884
0.7078702397743297
0.35928182623679106
0.45580087790661783
0.2778439889425024
0.2609557681939594
0.08091420420063082
0.16923372937230202
0.10903529965222322
0.1311765541113523
0.1403843026658464
0.15015587266307562
0.13215335749288235
0.18466296360444465
0.5513241085921102
0.416963409898946
0.22682631963493477
0.33791846594916136
0.09528012397272007
0.15161649153363171
0.11387899423008435
0.12892175004366938
0.09204715354740615
0.2442073672503497
0.16788817322797203
0.4875459163870221
0.21261702850368966
0.08135863919226158
0.1724682651622003
0.17661874736228694
0.17588953827763257
0.12969039411122046
0.12010611578734058
0.04935157532438851
0.10101600970897062
0.17655877495231645
0.10697455774710346
0.15107892301003348
0.07082489215305532
0.2638343074164495
0.13003289729050252
0.145931193815326
0.06633053781269864
0.08472310491720116
0.1679827203265759
0.04220556602643458
0.09987814576148223
0.09086900712213117
0.12853104495304035
0.07818263505983755
0.16668124911310772
0.22417686846866744
0.09539883681885579
0.1516643514530839
0.1322234592561405
0.13483017599198546
0.11488615044508846
0.1334964621424863
0.05910896579789115
0.1877328544525521
0.1124702409538291
0.07655934405882081
0.2264598025387872
0.20319418214738805
0.1456658042707191
0.16764388035515332
0.1750634696756
0.1404082040396578
0.1265417850371561
0.04936921979179088
0.13082076109177662
0.2861283679679005
0.14316032343701424
0.16587728783239578
0.14284998239336208
0.11961120863343726
0.14179929088549487
0.13874425181332456
0.11872231099683925
0.09509438356551966
0.16060611390023882
0.11936964914490497
0.04795766239960243
0.134682250790219
0.11629468859892639
0.10368494268438425
0.10690443424000691
0.1286124452348348
0.09002993676366321
0.24344146685472476
0.1858920814868634
0.07351979324133684
0.16610158400508823
0.09220397352508182
0.11932613128448302
0.2444449221368108
0.13462594473656406
0.21348111198731168
0.46578520985499433
0.11357658805912048
0.2816904096301046
0.09869784167546623
0.08993683445056742
0.04225849942864156
0.0982911982981578
0.05737918396079547
0.06288577523485941
0.08808780915924887
0.06613367640240143
0.1708613960051454
0.24890767715081832
0.27482909890651447
0.17811805761154156
0.06827502960360537
0.08063761742430797
0.08416789137520171
0.05984332069530811
0.08547029588390895
0.11185237595989908
0.13506346967560004
0.09390919980932265
0.06119101295136914
0.19921015514809537
0.21823959988161695
0.13195379890415704
0.15002187280040852
0.13127964802419764
0.13330002551569317
0.12987125556772364
0.16396456885857097
0.11322990126939347
0.1315990451943672
0.07819192571946454
0.0831093314902069
0.14323459029548608
0.11997855761665635
0.17170224893295694
0.10741470687361557
0.126830252216462
0.06960949609131219
0.08681340053351329
0.04197618795020389
0.10801817394090206
0.18726134826755503
0.08289370785626649
0.17549802010673085
0.1984507728758492
0.10334356753636624
0.05727394118804621
0.07038534870044409
0.08509551416958451
0.13192851753650534
0.13103971578492246
0.15909732016925213
0.040247030144773044
0.03917071763322938
0.09983744562058512
0.213261889854088
0.3451980083002352
0.42025387870239783
0.07597148748619358
0.10467315996177848
0.11715843160678846
0.06371301626190991
0.054574337675485786
0.043899434897060684
0.06240958387856831
0.09721255689022197
0.1059831668960471
0.10961918194640342
0.46346419635175223
0.3247719021826047
0.24426762580868974
0.057882069008655196
0.07937003026728238
0.04194061299150165
0.09011032548270853
0.07659766516834127
0.031424796443595256
0.09978819380859573
0.13113726293312805
0.0585613549372742
0.30479689604704957
0.4920136513956526
0.16649796991970137
0.11773934311568328
0.17200087179457965
0.29161650952771756
0.11457791331659589
0.13123470463220022
0.1132774807231228
0.29195227441464683
0.2782261631725726
0.14530198632736407
0.058685498580234655
0.27936576711769034
0.06262682260912533
0.06380611857500568
0.09846681998180212
0.09127267359148167
0.1106346967559944
0.09119014236257994
0.07622399282746944
0.11826618805151717
0.26132581100141006
0.12336212705910853
0.08310968771187717
0.12976022566995735
0.04998677615087332
0.1457671882036972
0.2272788973802054
0.14163457400460466
0.053431536335096536
0.13100141043723615
0.143375334132035
0.08247024063861
0.31847672778561315
0.33497926607299394
0.45369128142468423
0.2524222738438114
0.18352609308885764
0.16901198328147238
0.14106668834934702
0.14245416078984444
0.05979303219052214
0.10040348891460109
0.0531298053063807
0.12844699728164352
0.10668773606249339
0.13804755313595943
0.13321156115620686
0.06544332959533683
0.12763564185330353
0.1225888243820637
0.04188796561319217
0.14440311848741744
0.11384161192923359
0.09902982702959301
0.22696755994358267
0.14593839820364513
0.2527249793171104
0.13746729976014893
0.09136440325137
0.09111613041644791
0.1155069998659684
0.08958101011451597
0.040123518872956586
0.045946193115733926
0.05189773693912438
0.1223279616821893
0.0843317074156811
0.06967156430004273
0.11768132375312343
0.14464830074829177
0.18171640220975438
0.1034733797627093
0.10979374327352057
0.0706336215353662
0.1061821069816284
0.14531314935783401
0.14399375633848838
0.18172480724240767
0.12546824478033233
0.24623843257113343
0.4137206569527423
0.28925567089480697
0.23671201945753112
0.06669608678090407
0.2674558504972901
0.11215796897038086
0.10928250945296432
0.11023977433004234
0.09141628184356794
0.08006798926240992
0.09765867418899854
0.1098261389488219
0.1198307475317349
0.12496547702678165
0.1553837740766509
0.05519189403456822
0.04795766239960243
0.1389443083531201
0.037882671512857395
0.08335760432512913
0.13697698437197417
0.07520645890742285
0.05471549341470462
0.11135558549446425
0.1521318850760813
0.24666043502626825
0.18503194485300178
0.09741605360259874
0.07226458137744349
0.08310375107643773
0.13659090187336445
0.0684405077313558
0.034459644836800446
0.06541989200200006
0.05111826511494169
0.06594747177620976
0.04862898412803607
0.10970681986547934
0.07873352277470311
0.15073449579719217
0.20911964303292335
0.4297622898465684
0.2397729963057487
0.11311644866206128
0.12232678789187976
0.13316727048808458
0.11141897960487201
0.08681077961958941
0.1565327418902451
0.17075274340890267
0.06366524705904213
0.04042347481879662
0.11183065061071204
0.11911940349687208
0.06064063992974771
0.0893924066826868
0.1263018953972754
0.11425716472773688
0.09269192696100065
0.11503526093088856
0.038729605948170515
0.18426790718904754
0.16711865200700696
0.45286318758815214
0.4994640338504934
0.1751554417071923
0.03767093790402909
0.09190923663453711
0.0327304870313696
0.1145190649887759
0.11609858443049438
0.14677037431681175
0.20356343429563054
0.06847817798854203
0.10881343047032681
0.24864561173651636
0.09876045860997848
0.04161373771039283
0.05184744843433842
0.11283290644165711
0.06988214192031988
0.07175434840158638
0.07938030915033956
0.09562764456981661
0.0438264319209756
0.10732482008962091
0.12812411847672758
0.1292910021919131
0.1025343543268174
0.06600366253158983
0.071285337727037
0.2701157345058536
0.17338023722389453
0.1568773975664655
0.1730334947445516
0.1583642482306147
0.10165821242484482
0.23935752861584184
0.18224545454916824
0.12246672395937246
0.11842031029619186
0.130606488011284
0.0514954289008366
0.11064909639504872
0.10502586102166406
0.033824444010315646
0.10919313526611982
0.050288504785973145
0.08388276811571024
0.16133179315882112
0.3951983681108363
0.13482907010430606
0.11648380324749881
0.042240854961239194
0.08547029588390895
0.11327448093325429
0.1182746094469712
0.1023201542153081
0.12326514664227822
0.09104935091860045
0.15772015686692856
0.11748202668101718
0.13194985678839616
0.06411784360211588
0.0584100983089079
0.067393133206707
0.026378478766521548
0.0715101475562038
0.11140864815557737
0.07717369898276974
0.09229753894416257
0.06805063557995039
0.09450269850142146
0.26789630843955503
0.06322012670264
0.13013085205348537
0.03140715197619288
0.12371974200496814
0.03530657927211344
0.058083223027799086
0.09751513861157135
0.08505403467405949
0.07515617040263689
0.14686825385953686
0.21785876746332167
0.2821102164998967
0.10737800110385201
0.1440338504936532
0.11889506672908871
0.06697159722026377
0.12816104010635168
0.08599939771557122
0.099223327263561
0.06947356936182203
0.054713893207138826
0.09637481069140137
0.08097288566422144
0.05596825060027186
0.11572923439312138
0.12736957292042897
0.0625840442061436
0.12402294381840699
0.17613896808252433
0.11589242424138416
0.041111609047488534
0.1697602256699573
0.20321579689703823
0.2582896738086482
0.18466296360444465
0.3570157565526969
0.1726737566883911
0.1557122708039493
0.16110972732608972
0.0797228875498786
0.07662848335544543
0.10148217912996821
0.08461686468615114
0.08449357695497792
0.09212976022566999
0.11188340091760386
0.07448125784169207
0.11668730395198429
0.18339483488233083
0.07086030404692345
0.11325734783326828
0.08757743108477237
0.05642700675273309
0.04119983138450026
0.1378165981115572
0.14103439719838698
0.0953470050742052
0.2926108929777318
0.25184175692420824
0.24135183551980044
0.2367706138528624
0.23540030025470574
0.08772829659913017
0.11731668252746393
0.03317159871642847
0.08638119941886571
0.11766586836156402
0.11843424669779389
0.12612197816736398
0.09729226546909683
0.0625026861916642
0.1410437235543013
0.24528892704708044
0.2631346012926043
0.538335684062059
0.16874307780933281
0.12169252468265163
0.13433819833328411
0.0739969343004398
0.08434414668547252
0.11165021156558537
0.11868819050665198
0.09459267750241561
0.1889421720733424
0.11212101619200238
0.07414689307254532
0.08480122013362712
0.08863187588152326
0.03041906180166106
0.05909660458258848
0.0708647889332254
0.10815232722143862
0.024578743091481347
0.06149791289551737
0.06804429548395563
0.15017091456542075
0.05778149199908325
0.3841311714011687
0.1468019687875988
0.16885373236079665
0.08787160419683782
0.09752716063420329
0.10463323117350545
0.22041816289417665
0.5678984485190404
0.09928541807305484
0.32007275201104346
0.16502870361423172
0.4281307521665535
0.17937712323129062
0.05310984688109023
0.06278519822528748
0.029942661181797454
0.05283823895038184
0.07111311858735593
0.06067357919639378
0.050093395368543785
0.055240705770189774
0.03569475755496532
0.22993421982580894
0.1521318850760813
0.13335277582258548
0.24888550137639706
0.22424155459723485
0.08068395476087009
0.15964655534071484
0.1338275285846114
0.07938376569578894
0.24299012693935157
0.08063521602876493
0.14548788126440987
0.21778198256412443
0.10840212654790617
0.20614819933333167
0.04800037781821141
0.10141334525963547
0.08221881588937761
0.08611153906688172
0.08403123887870956
0.09215478614005379
0.05337998439416565
0.04010587440555422
0.04326154148519355
0.07060748950649108
0.06119925380832261
0.05536764376935646
0.05370812311141938
0.060583692412399116
0.051920056603105356
0.07056112543580606
0.09873060648801128
0.10884992409594217
0.07654180241130151
0.11065063109742318
0.2072778561354021
0.17841791966139273
0.28408930602891397
0.11850548210114706
0.04953043056697918
0.10645980253878697
0.045661962345663706
0.03897359120912917
0.07966149506346962
0.035271290337308824
0.06754991817198498
0.03671060849376042
0.0639153413997185
0.051786511825913636
0.2259439664207716
0.06328808327314733
0.08779794982472823
0.07634604332585063
0.09321633269373572
0.09860580204213912
0.17555302133606124
0.0827989904465541
0.14525317694786352
0.0769956129302476
0.10324230032560296
0.11901010200892632
0.13695597411873936
0.12218165575471059
0.08377448268302062
0.10768436722559956
0.12846262341325876
0.06829604227968009
0.10990126939351193
0.0598647873206158
0.06219234514801142
0.09263751763046547
0.07620552575892382
0.19889757487704848
0.13267079616155153
0.23351198871650172
0.14883553158887394
0.11698764936904654
0.08575199193090308
0.1338222849083212
0.09948707879802024
0.13822590084293568
0.06821635674217259
0.16624352043743937
0.28888709882653146
0.15492765134134925
0.22478036986899477
0.21482117251331434
0.11358920933288415
0.08090065293838362
0.036682847729497266
0.08396439067071626
0.0853481954612176
0.11451576280919343
0.09644851922626733
0.10468217094486813
0.061664765373801736
0.09552777992054673
0.19012693935119895
0.12503251653656874
0.12964739069111403
0.08466103670847061
0.10179472443446752
0.037882671512857395
0.035324223739515805
0.04342412388268783
0.036171158174828924
0.06039900909129572
0.08631875881523268
0.20546547655796
0.20383638928067702
0.1632083548569819
0.10047572164043889
0.1063461231712009
0.026643145777556967
0.08908321579689708
0.04000450555724172
0.028407592517792426
0.06585282797150697
0.08916768972270014
0.23975014482343684
0.16349788434414717
0.24204373791505104
0.15554907970275414
0.19373646468796146
0.26773599948052174
0.21672825027705422
0.1300212330482714
0.08392573826492591
0.085776361932438
0.11187588152327223
0.08048675190995006
0.05910896579789115
0.24977676468549945
0.22864661180665008
0.12078335572320459
0.07975846402047015
0.10423204852823562
0.05793064612194972
0.02556683326601317
0.06388062164602468
0.03960219751895394
0.05779420007388125
0.0766461959138513
0.06479462430818243
0.2693360931762411
0.09778599755632486
0.11898526138090869
0.06031432607459852
0.03726378204640612
0.14307475317348323
0.11099540145065977
0.06880167136054494
0.0929196050775741
0.06687849490716799
0.1511823795520283
0.16022940848079043
0.2723896091345039
0.4076924429775288
0.20984069723552773
0.15280970060411084
0.05276600622454391
0.06768370379464829
0.08936402250833538
0.0579163004965726
0.07257768093092083
0.050237860820219506
0.07089964544274731
0.06857973741161266
0.11154868254460197
0.10418185611139444
0.04538537556934075
0.10510578279266572
0.056499135127040835
0.05346273622913737
0.09616380946383396
0.04250552197227461
0.08518539489762926
0.2166455104048083
0.14374312441730608
0.13773105129460803
0.5423305033606641
0.17288902929287547
0.11853212624051924
0.03573004648977006
0.07501093640020401
0.1137676617134999
0.07596044192425727
0.038294696394518546
0.09457649052303073
0.09224259520451343
0.10384011320621071
0.025125721580954302
0.051394851891264665
0.1813822284908324
0.06240803443939268
0.10609119323731227
0.09571596631246494
0.06200614052181974
0.04946836235824861
0.0724936912916912
0.09491272857203599
0.13630465444287762
0.17152109251481826
0.055342499516963475
0.15874696919116255
0.2885639989604357
0.2796418535666092
0.03310102084681911
0.04722090599402885
0.05966640655514787
0.08827938747615811
0.07812320450682288
0.06677915503708538
0.07596044192425727
0.05207979532908449
0.07667342674744276
0.08469287104487036
0.08979012529535516
0.38532273405863815
0.36772919605077636
0.20314899092666988
0.1377150703563875
0.35001724478620677
0.18489493993817632
0.13851553413576692
0.16258767276967634
0.11267465552098166
0.0664602095105802
0.1059520451339915
0.11066368309921351
0.04700486115987523
0.1026507073218987
0.12806770098730655
0.07658353996344809
0.07740479548660083
0.0675737150213017
0.05518939105646691
0.03935124433516888
0.09609303265805189
0.07281775493008918
0.09433617980239288
0.045661962345663706
0.10591127600740169
0.08262128602111202
0.06753759865838273
0.07712286066741607
0.08846262341325818
0.15476940042067353
0.07864042046160721
0.06185096999999341
0.0953110817430332
0.13157946747465432
0.07510040802753627
0.04097045330826958
0.11103939600733438
0.07128021970776324
0.05843721851981309
0.03600656942675681
0.07008175259142183
0.07696269775520234
0.07881523272214384
0.0934207935054581
0.08624032553717076
0.02826643677857359
0.026784301516775796
0.060061511534166036
0.05853032083290899
0.11608513767238304
0.04602357677370308
0.0888791115758602
0.14105510824994835
0.0467049052140352
0.07401633891118119
0.08508624501654645
0.1338275285846114
0.21900547684819283
0.18465653925014033
0.17265951336769242
0.1198486972582725
0.05712774143686549
0.06582333535874862
0.08271248120641345
0.042764995815349205
0.05247867048168025
0.08423131170662909
0.035252241854967226
0.046517875439570575
0.04506151953837949
0.3029634054539924
0.12707545423176508
0.41752791821264457
0.05157086165801557
0.0585861080756588
0.12885664608021705
0.1238505287498738
0.10560611439747432
0.10138222849083213
0.22403385049365307
0.2014473250899563
0.1842352434285035
0.26505780170051657
0.22915457849619514
0.09202301856834197
0.07929213665327801
0.09120923272954368
0.12134715839278744
0.0939386599521141
0.08696546351483102
0.027507724680272325
0.07226897433170452
0.07184358436047994
0.0724133076524371
0.05345668058748952
0.12543263400266347
0.05388413287817028
0.08804264868154178
0.03595942456600061
0.09598848480179603
0.12531571342698156
0.09469325451198755
0.21158148094319187
0.1385049365303239
0.13319452490190978
0.12966035035560755
0.0794883256476119
0.1472607249400594
0.10715724878043928
0.054909582556130564
0.05764171521859828
0.11356840620592389
0.04236155245860064
0.07316467565898944
0.048323693585516594
0.10076163610719323
0.03975306303331186
0.10669091733701448
0.14813185262643427
0.11364771689355956
0.08294688714828884
0.0782015020753519
0.06316661867229839
0.08215652057111682
0.06592822977441086
0.08711279302565002
0.07342456581416694
0.06844878601193162
0.11072289416598334
0.08831930574670598
0.21692020686227131
0.04481694720198315
0.15901225213324693
0.09476933629924937
0.06905448590097742
0.09136353153667612
0.08265089788308747
0.07960507757404796
0.049623882650597764
0.03417103900206883
0.05254388189815545
0.027648880419491158
0.18061705079767895
0.16144572763982187
0.2319501029725701
0.5254985572565627
0.1459844269342548
0.14463169929710845
0.06799005847063573
0.07346375431926452
0.14002820874471034
0.07100603078774956
0.36008645668259703
0.35554717409086767
0.18744599036626194
0.43582303554042545
0.14973581836042948
0.12860524820231922
0.0715821664522341
0.09613540197461208
0.03540310736932514
0.04352021731730016
0.08390140154833235
0.07393187983560566
0.04124432470145072
0.04820153183735531
0.16384462403862998
0.07525674741220884
0.05003706226204329
0.07374961308043723
0.032695198096564855
0.07833639117114014
0.0835371474314648
0.19279656742955992
0.10011455801124963
0.29033768913271646
0.21445407811145917
0.22519387958365175
0.3240791659639629
0.23833668653646928
0.0986574177772098
0.054391242555895364
0.05102006757651232
0.022637851677222192
0.07184591798669332
0.09787497307139263
0.046842922705840874
0.06053874902040178
0.022179095524760956
0.07013797678854507
0.06482887143946364
0.07869587938732255
0.1150870547328447
0.12011244879273174
0.06937953316724771
0.08265089788308747
0.11796573041141507
0.09084271448232609
0.06490110416530144
0.10494282031376247
0.08093517197460497
0.2730397036670445
0.4683699748926942
0.4569811819926329
0.3171940763324727
0.03977820728570485
0.04883013814717996
0.08582051866737925
0.08624032553717076
0.04735804326140989
0.07122524656992411
0.05269377349870611
0.058075111573625326
0.10935138618679527
0.05400985414013521
0.08419552514299147
0.14079056909433507
0.06846123422979704
0.07936527474934406
0.19858956276445658
0.10033108370828972
0.06898225317513963
0.16090597595008999
0.06017019597641693
0.11680940437467563
0.06914669408071308
0.20604269871954828
0.18759371819684934
0.26669730713755097
0.1057643653181499
0.0903784218251157
0.07276335164367517
0.040582823362280404
0.04937526004515272
0.09241748376410304
0.04913186917589579
0.09579689703808181
0.10849008963612089
0.135818930615927
0.3746854298527769
0.07318925078497096
0.12942644805277592
0.08125277238784737
0.20087743236757
0.4454235913947414
0.1357975245751442
0.10764456981664314
0.3524964739069106
0.0678643372086708
0.1275542415715103
0.12086460170613561
0.1895252753587351
0.5372637517630471
0.1382444020974564
0.16679647039201492
0.08921470884644217
0.06629150319605984
0.07414375361452798
0.06706808594043671
0.07774330042313124
0.08445698166431595
0.10069367633999278
0.07426461174610342
0.07289911115403139
0.08096797828900283
0.03105426262814586
0.09968970380818061
0.06605632867599256
0.11148871013463174
0.12748810439989844
0.12171321137909648
0.13746729976014893
0.136570544542987
0.13511988716502107
0.1859975821006468
0.3272694412074691
0.1379365429314969
0.13602256699576873
0.09729226546909683
0.10460385856652923
0.10022558309450608
0.03797089384986925
0.05998892373807692
0.058871695980926994
0.04528479855976892
0.11177843779246334
0.03797089384986925
0.06597850588057497
0.09439152348327172
0.25539338412930007
0.13667419562467237
0.3684675385899547
0.20198707677968814
0.27376908100308206
0.21401362016919553
0.10618417785558244
0.09258113731097661
0.08557566690142454
0.16432440331839263
0.2483484448468075
0.11001044145103409
0.11226835146424453
0.06634575868205833
0.051176886256111415
0.0822677556607403
0.06112301311636697
0.07060606882780339
0.06730606488011279
0.05457888894301041
0.024561098624078976
0.06524232585805048
0.12428772919605033
0.12858304450435779
0.16372467921869027
0.17326029240395482
0.14543259610081796
0.031830619193849496
0.20413288645186703
0.22655963905853402
0.19304076827494335
0.09649759222348257
0.14566153346334249
0.2631185307765245
0.09505074589648951
0.15054982117837057
0.09608897209028867
0.04074107523203902
0.06169579947816695
0.07519029481153096
0.03440671143459334
0.12143120646502786
0.11334785484370839
0.10980948265546568
0.08916768972270014
0.1525528913963331
0.05725629672064384
0.14847411399261876
0.12673231748249417
0.08672252650341072
0.0804714326191585
0.13556316667474758
0.09515692941741857
0.19042860787956167
0.3477574047954869
0.1950352609308882
0.14181358349644396
0.2570316791970306
0.22099602470087856
0.3195767069985924
0.11029108396144453
0.17630465444287757
0.16372467921869027
0.07203015623180357
0.16801128349788425
0.054387017926030005
0.09975604533879089
0.0853481954612176
0.13613540197461202
0.1293021387763146
0.15454890049324738
0.07952823114746453
0.09698157614148484
0.0479223734647977
0.2121224140646538
0.05658580695935429
0.1686424168362475
0.16985598819174197
0.06597851827919683
0.12491664588835708
0.08010958812405526
0.14273624823695333
0.05473903745953181
0.16274002242232719
0.20129760225669957
0.05342744729433264
0.1528696730140813
0.12153670707881162
0.07913095115535644
0.07004397355242609
0.04917513065036494
0.12037620032719096
0.1408433194012274
0.1800371747305883
0.11438052136422361
0.20204704918965863
0.18435779397304244
0.13679706714206272
0.13590973201692544
0.04786944006259072
0.18623413258110064
0.2411970591269188
0.3920451339915373
0.3212553659969059
0.3001410437235547
0.3235408284789729
0.17737121402955905
0.0962521981603527
0.12401332931346276
0.11684192976543742
0.14831176985634448
0.138166431593794
0.08537908194032978
0.1114358593929243
0.057354039708402485
0.13330002551569317
0.04552272589807743
0.26242446587240176
0.43443835038690687
0.31533493162339643
0.1457064768553399
0.07265083831910915
0.15460073773484748
0.4968714166032406
0.1091839642857763
0.14108440017704812
0.3723827202989732
0.1237406498927196
0.2905500705218615
0.4616978030359455
0.14304369723089644
0.05717802994165146
0.16479548660084578
0.1467524871971194
0.12062059238363888
0.1381003034428505
0.09348822364063754
0.12135401974612135
0.07023017817861764
0.12784203102961872
0.037900315980259766
0.1500003992267519
0.06616675275883335
0.33501719907011
0.3375247233123757
0.21670530759414564
0.15586368344673635
0.1430205076113083
0.23386300959473422
0.31041719400583917
0.18533491415063835
0.14467277883940094
0.06689017592233001
0.37927470655236745
0.3434044978659126
0.12232678789187976
0.09661127080811435
0.09763963801214169
0.055669374798072296
0.08332657022076378
0.10217207334273624
0.08462840713096992
0.050137639271615235
0.11778581318150437
0.10065144843852708
0.10835851810555941
0.09424629301839822
0.061261590820978484
0.15544848664279967
0.10925738594550603
0.04524041441963964
0.1536248236953451
0.11689776258505187
0.1455530389977147
0.1332586949538204
0.08178210640991808
0.17122749617092978
0.15479649682029895
0.15074753173483776
0.10671576943219495
0.03966476272049535
0.08155074747092421
0.10610526731873844
0.036718136664302
0.05282807427766487
0.03675342559910662
0.12966035035560755
0.11668367884476183
0.1293604883057564
0.0515924226844877
0.04672254968143756
0.04204676581981338
0.07733698807826574
0.12314489407268057
0.11481391771925066
0.13166476600204627
0.071285337727037
0.0783725075340591
0.03271267236327551
0.03472421255471452
0.09500330271221342
0.13448649170476754
0.0731473839889535
0.04289609458243512
0.2148377997179121
0.1030642605970788
0.04955932146657656
0.10106062786402663
0.03691176251290431
0.061437616860348286
0.03253666259652461
0.02867225952882784
0.1835755469188319
0.07747165806719325
0.040846942036453115
0.09404795486600849
0.04569917057210088
0.13839210155148057
0.1315990451943672
0.18430957228010758
0.11001044145103409
0.18375176304654425
0.12122020523746058
0.04968504272854148
0.10354561248854724
0.2766713681241191
0.09979674547968799
0.2136221019982938
0.17303244005641805
0.13032004686527915
0.08427428628661197
0.06870183783430402
0.04854039176303013
0.027560658082479435
0.0668873891388599
0.061707277212332275
0.06242637148428958
0.1202820874471086
0.10135337284966524
0.1631162579519615
0.07712286066741607
0.1446659641482148
0.12685275332261725
0.21005342716993033
0.044605903745158174
0.09318132467462786
0.14188628853556615
0.1846723977170234
0.046157926724562114
0.0971226701062273
0.08725713281211372
0.15938941591914174
0.2972756857149713
0.06104408328649628
0.12180535966149506
0.07701544806209415
0.025319810722380244
0.10510578279266572
0.07512254904178253
0.055727547983895495
0.061617390428337616
0.04528479855976892
0.13130540656619058
0.09365303244005645
0.09393511988716507
0.06438762289921139
0.0888791115758602
0.15478263583166993
0.13307877772390894
0.10480286281003122
0.060133744260003834
0.11277793526340996
0.14344246986414647
0.20426602835855656
0.20028208744710863
0.10314955643417066
0.19887450958817962
0.03767093790402909
0.08462063831903242
0.07415659679559232
0.08804026220248985
0.05590812979849006
0.09060587826661462
0.07690251061715184
0.05448759493560195
0.18612174432243603
0.07347150549230681
0.04176445434137558
0.12727086200199286
0.16426443090842213
0.03573004648977006
0.029166304616093815
0.06421489326984202
0.11581912117711604
0.10797747380000494
0.06157839877676073
0.08187623748983845
0.0680888249774137
0.1719605077574048
0.06338866028271928
0.07793184172336792
0.12214386459802545
0.03315395424902609
0.028795770800644306
0.05832792611405782
0.08733427362482366
0.0396776302761329
0.10888575458392097
0.06269800602724733
0.14358251057827873
0.2177715091678417
0.2323077478588026
0.5456289859090258
0.2592432530320161
0.16348792905919945
0.20466612383891483
0.04414645744069361
0.11094646167929696
0.08009902336677514
0.043546545549013535
0.16530179576617468
0.051962956499937214
0.10791569240173662
0.12067700987306065
0.08046725658335657
0.05313038667335104
0.08539244479492443
0.08661600391640997
0.06233684239805807
0.03867667254596341
0.029589771833750313
0.05002047316253535
0.16789844851904093
0.12561271023200846
0.10048864787493873
0.1322842019934455
0.1263624896585552
0.29044318974649985
0.21920123593364427
0.04192325454799679
0.1442720893491969
0.11662347515737306
0.036982803675337295
0.15271764600692314
0.09295830109687139
0.20315937940761594
0.17091099432957838
0.06678430911791579
0.08830661440416897
0.16112834978843407
0.12100920400989316
0.13008015722539845
0.0684302001254317
0.09476933629924937
0.10385019483170188
0.03645346965326658
0.07873367116324835
0.17176098215469895
0.055580072317420105
0.05730923012285095
0.15011094215545154
0.16786277550663495
0.15706629055007018
0.14404357135143905
0.14512221275937426
0.15775374611715734
0.13893964814909035
0.3092504152410581
0.05460962661029053
0.17518376918781875
0.12026891635092905
0.2873278161673052
0.07440184283084729
0.16338504936530385
0.0732078676366534
0.10736248236953451
0.09694968706955766
0.10862817845754338
0.08599939771557122
0.10455110825963741
0.1311775647342111
0.149559941284487
0.10139229234597354
0.14202321649462663
0.12942172073342745
0.09926764364802573
0.09184391090281675
0.2658851070561971
0.27271650263979047
0.19849971264721114
0.0800341553668763
0.0733206399779489
0.39407616361071923
0.25257401528755014
0.3272777805245476
0.1261755863942446
0.1660972750010631
0.11436738581320213
0.04162329860215675
0.11051189293841593
0.08955978159378623
0.09396436101643156
0.04894078258403894
0.09404795486600849
0.07487569106754963
0.10846054112227965
0.22521861777150962
0.3111880461895032
0.21506346967559994
0.19889281059449876
0.14004918482691972
0.09938974407071695
0.046302883712990524
0.07071796961913722
0.042217199767824495
0.06774744982939569
0.1441191989166289
0.18221453079631456
0.11332514553519062
0.14955334893626038
0.1474973106110887
0.14369389428863721
0.046445642713732777
0.1111888480847807
0.05966640655514787
0.07255289139633284
0.042016045748680605
0.05116007710765411
0.09223756653419234
0.05564423054567931
0.056451035840435475
0.12411847672778599
0.08581100141043721
0.08363965250702862
0.11074753173483783
0.0658844412803957
0.1427950807562257
0.12852087456617337
0.18768559192118603
0.08909260842375082
0.0465922996842042
0.0962165597707259
0.15646801761229415
0.08217141682028024
0.0737991001806243
0.04387672042576157
0.0858247493130323
0.08872601619208376
0.10798307475317342
0.07169676504639177
0.05381338074919271
0.08487524378897918
0.041789747477143736
0.31179655943515405
0.10219675519444345
0.0858485946582758
0.06172286422843646
0.02888399313765603
0.055619086293286324
0.12533475445993836
0.04497574740860435
0.20084760099025395
0.19047665939842587
0.25458469062889394
0.42877291960507774
0.11020725823846021
0.45059312147014247
0.35356840620592384
0.10542985028379273
0.14442126529140017
0.08191997429635038
0.11432669577995251
0.08332657022076378
0.11734719650502519
0.09313334720019073
0.13050425925042525
0.14380818053596658
0.13918968501572748
0.21411149971192064
0.23808180535966106
0.09899292167118817
0.2816304372201353
0.10273941527774322
0.10613388935079647
0.14089483381834955
0.26515568124324296
0.10609618249036401
0.19138732162065183
0.37851324740150166
0.5293815068305928
0.12158802486963226
0.2750985024156494
0.2701097859039455
0.3613937424805223
0.2317848484827678
0.17537690712560172
0.1313363296738446
0.18473519633028207
0.21901927421494147
0.22399695123875724
0.15046842089657733
0.22358251057827985
0.19087458581265487
0.09414008095934187
0.13781067707757896
0.176134237134446
0.2419746121297606
0.07594178769973838
0.2687165021156557
0.20138429715884787
0.20522558691807932
0.17544908033536766
0.22649628409235847
0.38339416885558586
0.2373567371031499
0.30085544151135896
0.22316300647601384
0.2144827478222432
0.1643655676440105
0.22213154232156082
0.21885865753410452
0.22634696755994388
0.18673979374890012
0.0860436316888001
0.12369854299730527
0.2307138611554215
0.283679982052783
0.2637278242403242
0.3273684045707924
0.15654811539873456
0.29815446251027833
0.2838427826163719
0.14870310865212266
0.19917688181633583
0.37150180441444336
0.4238184200011959
0.34072176777710367
0.2691587871600311
0.17233351311880746
0.2647615222562632
0.21754226562197024
0.19021760665199364
0.0630083930938117
0.15811085304660288
0.18623413258110064
0.09479383152155951
0.08493728458350872
0.20150729749992552
0.13030783741146737
0.165701873072011
0.06223203652810807
0.22434705521101825
0.18104372355430123
0.08197026280113635
0.16215444338553203
0.17892904097713971
0.16658567669182875
0.08474637693351379
0.26561354019746175
0.26776622696201774
0.3232778186367852
0.14404943187283137
0.2931334553979844
0.17435940360317442
0.2743737756137392
0.1486910661371991
0.24792594281687308
0.2362200282087447
0.18430957228010758
0.09845320531697935
0.10883217675884402
0.1522708039492242
0.13113585397045507
0.12498757314457128
0.19422662997577494
0.1127191686699532
0.15065487648311013
0.12236223756930514
0.1657221173105691
0.2581212525118104
0.2334153080448658
0.1413609869533705
0.10491400317440625
0.12561271023200846
0.2657560461211167
0.12428803957853242
0.3212406592249257
0.17386417109168636
0.1109652348414045
0.11842443897219276
0.06733630790841809
0.08111538080791934
0.10140320626356567
0.08054557883535995
0.11288565674854895
0.031548307715411714
0.04649172267463225
0.05436187367363702
0.06844265501370947
0.08158686383384305
0.09039925638605988
0.118695498264945
0.24876555655645607
0.14280409898141455
0.09398921544498395
0.19652747670358367
0.16145230572562946
0.1559697975936961
0.3915917744727252
0.39381834015584655
0.1939972536818407
0.13540936876465043
0.04079400863424613
0.06113718559959205
0.08310968771187717
0.07420154018758966
0.037238637794013124
0.029713283105566774
0.049033884897134714
0.05787860464123819
0.06941564953016667
0.05279224646784783
0.07479219152031309
0.14090388778575805
0.10874636874887189
0.11860613582573738
0.08832306102357317
0.2446874326784819
0.11430577137851707
0.21168337630741843
0.06542568512793447
0.09214511899103332
0.12840894453034862
0.1750594647030606
0.13101375354776335
0.16428772919605025
0.08562309394379419
0.12282087447108603
0.06630052952137513
0.08224640735511148
0.0372889262987991
0.08913963328631873
0.05406619528962507
0.06984904588519374
0.08406205923836389
0.20530324400564118
0.11329512519052505
0.14399824425487623
0.21722006891212248
0.26678942358048774
0.1464499384997337
0.36567797162227944
0.2861499434066128
0.36084626234132616
0.30080612263812073
0.13127964802419764
0.10303998340768225
0.08750199832759342
0.2181789483932027
0.3012555565580941
0.06434937261639079
0.10339243478865258
0.08229135074710882
0.11785613540197461
0.09363179473302538
0.08314867154526935
0.08451898514342565
0.0873574918824637
0.03948831804647178
0.10991872648067973
0.09910017935410977
0.15209642653246075
0.12770745928130506
0.04070578629723428
0.13693979669123071
0.18489445620837344
0.09660916688910162
0.08317139969893746
0.1568519672175327
0.41040892264780976
0.3502988466360326
0.22315887253879715
0.23481302299835377
0.13247481918660264
0.09686633533509685
0.11106890326484023
0.056637240466627145
0.05775446822377707
0.12479548660084581
0.0496598984761485
0.03505955672848051
0.17912552891396386
0.11235815367963049
0.14485234272500744
0.05875607644984401
0.14921135600589802
0.08258175171599721
0.050216154227103994
0.23378528779973567
0.22455805643858504
0.10455389760661193
0.21068472572602995
0.19729196050775796
0.13764787651398996
0.07898179560962522
0.09112158364443824
0.13314527503526138
0.13703695678194341
0.05018792777640121
0.043070144929149935
0.03611822477262182
0.05731999076266316
0.027737102756503006
0.02779003615870999
0.052440958958273616
0.06833709781233593
0.1229201771126939
0.04416410190809597
0.057479760970367416
0.07485443937392104
0.12450173100422718
0.05979303219052214
0.12396297140843654
0.062181736167855814
0.11698764936904654
0.17789606890350437
0.14579636363933485
0.14786375967121157
0.16141593908904706
0.15554293107875855
0.2530327759572675
0.2212077665595161
0.0591392816283045
0.07981946418725572
0.12060451645010464
0.04103541990535415
0.037766667094265835
0.06984203116384877
0.08687975545086919
0.08803440476042629
0.11514809590973198
0.10986978670931702
0.13316734183139525
0.14151438989921541
0.10468076238733987
0.06188000513913998
0.03350684359707323
0.05536484218765089
0.10747531734837795
0.0313542185739859
0.08207199657528944
0.08255071761163187
0.04465814699536195
0.13811646016140713
0.11579149904420669
0.06172913962478207
0.07674727120270763
0.12327746720624243
0.058933764189657546
0.0742370569963095
0.10843011722615066
0.06045879152627413
0.06674823107124316
0.031124840497755216
0.0812576527311703
0.10358185858311822
0.07704198933211097
0.1862454164369306
0.2823343885272187
0.13572904383193213
0.14948172178311503
0.17998404711497612
0.11932846308411577
0.06001933046205901
0.1081402743635934
0.1764278757626226
0.13256152121920692
0.0834507066382249
0.08670928759657878
0.05519189403456822
0.19544207658787185
0.13178705622480844
0.08137142164575152
0.12660073654042855
0.07007500765679131
0.13004231311706624
0.04779886219298123
0.08213288433034675
0.04195854348280152
0.10884871940513154
0.09346914723416822
0.09834485622822257
0.1745796854232992
0.10838520511968264
0.04712837243169169
0.0678643372086708
0.13793277750027066
0.15214787122996198
0.17497028041142185
0.12024468199028324
0.057115140981425006
0.1312955138538025
0.16953948635039057
0.18441507289389097
0.10317485717414719
0.11943582510578282
0.10829638004895838
0.12050775740479545
0.15071066625515264
0.037723871306236195
0.12135401974612135
0.09429123641039554
0.1001788207620456
0.13449929478138228
0.11905504540092365
0.12359432799265388
0.1417785176378132
0.10269565071389601
0.13231334604013542
0.22442057690660663
0.31761911614408384
0.1989596430857794
0.33971197638348394
0.1119710485499127
0.17457654436450584
0.2762035288509489
0.549619181946403
0.16182376020686776
0.15096485371902732
0.11664660381108716
0.14727885684203165
0.1110860366713681
0.10008183243677207
0.09401330078779424
0.12180045861327085
0.10085858677720817
0.12327972424867255
0.25572235611300104
0.1017379990419822
0.11147774504808249
0.12245250915384469
0.32792913771714194
0.12840894453034862
0.06368198215754468
0.0665819803366285
0.22789515788682121
0.11921071268760439
0.19459588212401743
0.4091960507757405
0.2808507958905216
0.21883932398131806
0.09917553257535773
0.08588471102119476
0.0357653354245748
0.11794484898416667
0.10944992947813822
0.08494301087495124
0.10878995168597207
0.04342412388268783
0.02833701464818307
0.08270821360300483
0.14657256996720797
0.12404376191262718
0.11265799000317135
0.19157556320264763
0.062332601682213724
0.12517647825434844
0.1087745358002894
0.1748795474731504
0.09339236857044904
0.08341493554704196
0.10704889969168264
0.12739022485717208
0.08548743102908654
0.0805024667235237
0.040247030144773044
0.07509485326442537
0.07219660947492357
0.058158655784978044
0.09283874627508883
0.05229246585548857
0.09551480959097318
0.08298758728918583
0.04481324670345738
0.08993927325059624
0.06988880303059963
0.03818262745869743
0.09090488546692485
0.07626251750792838
0.14891149395604683
0.043722990223037106
0.19017251201555518
0.14872796517132036
0.06716029814166719
0.12175164892076341
0.13856727599095392
0.22708053912304316
0.4675449081278049
0.11501239077770968
0.07716771059407589
0.25119696141896775
0.06500945325405821
0.11689468007232924
0.08986591110079567
0.11985350006731284
0.11088898603492953
0.05250119899655605
0.15102961918194663
0.3511060426721225
0.08267035472141068
0.17056017262986206
0.05319806921810208
0.16925246826516183
0.16659107223279715
0.11678133472653039
0.14818962768633034
0.1817014218450927
0.08783415872892597
0.29633031560129874
0.30449148078190214
0.34699151873455786
0.3889243630195731
0.31520834799848046
0.36375073726538953
0.24424154552349456
0.17649880254234598
0.057009274177010794
0.047675350921164775
0.1345354314761307
0.13915530958068817
0.14686825385953686
0.15108603667136766
0.0834507066382249
0.13458437124749265
0.17207223611134045
0.18381847326907422
0.1146075024072329
0.11103701856742876
0.4311416552758833
0.13492724222581268
0.2726063073120174
0.371151159291024
0.42781382228490783
0.45105249538599546
0.44819453524330344
0.5920649496301067
0.6457113433597904
0.42747357984223644
0.499294781382229
0.3261495063469677
0.13298795090650634
0.22718818648760908
0.16590832193676064
0.2908661883555487
0.07495369752520642
0.1412051748620017
0.1826215322052857
0.15147746340690804
0.211683625875542
0.40997362179963237
0.4013640717561038
0.48461706941538246
0.29510329840940114
0.4227375451268738
0.29088266021572395
0.45738818340160403
0.48904809519429737
0.24850064639988614
0.5695579774871428
0.254479655795256
0.6596965096723774
0.4326765186178498
0.5711803230249016
0.2575096676119079
0.20033746511125602
0.3611538528406416
0.3320072615951161
0.2419656577128943
0.22277383924312297
0.22653698423325572
0.09406265572195756
0.18941845573510133
0.10152626543315403
0.14782305981836816
0.2812310537581232
0.33349695451083294
0.5179817049127562
0.4974727759020968
0.5825105782792661
0.19198944980503072
0.5027926657263752
0.22499077041244417
0.7049365303244001
0.5548647370444392
0.21920759236205736
0.3603924763151055
0.10306133409715892
0.30639904253783423
0.2707673252758421
0.1264639752884957
0.201071932299013
0.14403779863483568
0.21140274514501173
0.12709991256844547
0.18863509744523904
0.11382803058305034
0.15194297497238693
0.1703247675256325
0.2306770920380391
0.24248236953455607
0.20696021646175122
0.2592598975145243
0.13951480375042502
0.18991453832422733
0.44616209569122767
0.21787494698522933
0.15096606309455451
0.4507842340220579
0.413689683974551
0.1294928998238808
0.2962813758299356
0.31381157569958745
0.272394686084722
0.09645335217949658
0.1787180397495717
0.186525085169565
0.055297760838982316
0.04982797594425211
0.19813015268577158
0.16566134290215306
0.23455209539351501
0.18172612910554892
0.26513802447832585
0.2868829337094498
0.1496837344954496
0.30406011854899534
0.26433566020358407
0.518641401422429
0.41698479095121554
0.14930748315873327
0.46346419635175223
0.2338597709508201
0.3929370360373558
0.3057267517029414
0.2942412118427131
0.23441466854724938
0.10163306817245185
0.0993401680732458
0.1622599439993167
0.10928811419265572
0.12120501959156235
0.17433976427754916
0.12166176213676876
0.10421252245859393
0.1871456856910599
0.06726070973777941
0.26111401911463383
0.24264338641638947
0.19968737057871544
0.08474637693351379
0.28801667562947564
0.14944863889795174
0.2123934999635574
0.33398535620159864
0.5959458378740373
0.46664532197825137
0.1420203181215595
0.28812217624325903
0.1138597481474005
0.1639842074661142
0.14334652806320577
0.1669197578780781
0.18357308238158
0.20806770098730645
0.1697961349659078
0.14399593895773893
0.30283951186608377
0.170650059413857
0.14462973976445864
0.08411117610702899
0.1357121383893485
0.09159243028562782
0.14094400561001658
0.3873455035068199
0.4054724964739065
0.22951948634974478
0.16122494634382947
0.3651650599782958
0.42413616828867384
0.39686412662313925
0.28951715962365215
0.2472487094781467
0.4343987772543466
0.21861395867729105
0.2198589562764459
0.15397606098284816
0.055597716784822344
0.15885849784340447
0.09719881487204174
0.16575900560554843
0.14415989905752613
0.31473520752369405
0.09275696513418322
0.247768191470997
0.2317848484827678
0.17678959648811898
0.3099355720401352
0.4531251362009513
0.2920730269253155
0.437563795667857
0.569374461416793
0.2975067943138177
0.5557122708039488
0.44228792064571104
0.5193229901269395
0.3422067846628127
0.15755388549445398
0.19874240435522178
0.17348064340188823
0.3389040887416906
0.2924118476727791
0.2157921470364214
0.08711073556542945
0.23035950380434528
0.31810851385771066
0.28933730163748084
0.37509249850766896
0.27675968904769377
0.22197346012528582
0.48240155652592503
0.568011283497885
0.6200547466820646
0.4523006657894663
0.45132154243717476
0.45770350410079486
0.3191559956241783
0.308369111347588
0.6084747899974353
0.6287781824682874
0.4645798430763869
0.6352277664045284
0.320106608155688
0.35289139633286276
0.1501363310385231
0.30130975296622026
0.10115573161770453
0.3184536027060703
0.2786141183679923
0.3291960507757406
0.483276294147275
0.43724161365753944
0.6553524783182476
1.0
0.8962276945949096
0.934550064565878
0.3448031330650253
0.3101543532674895
0.5810619053896303
0.1916189159895813
0.3391456762766034
0.2799118308709685
0.5806488011283498
0.4734873303010031
0.30719017747501093
0.5371629304772667
0.6662905500705223
0.28808959082284946
0.3646325622971141
0.205855994341381
0.1493604165609405
0.44654442877291967
0.2574013185231512
0.2537348372904898
0.2861654763522018
0.3015716303729926
0.3774531066797002
0.15649782689394834
0.17905222129045711
0.15229873674431943
0.37356814170447566
0.2047075450244459
0.26715572484856165
0.5357321167935815
0.24988358028150037
0.506121297602257
0.3531105543340119
0.40310296191819467
0.4590887983220041
0.2678476272438122
0.2471947851531231
0.12428803957853242
0.2598025387870236
0.10296571354928011
0.1812566999252267
0.15779444625805458
0.16715547866438765
0.09256287599275728
0.3283114785404866
0.2551313719869264
0.17761899890405788
0.21879043577518945
0.2630715875014222
0.2255942324698763
0.31695130788255466
0.3698315562897537
0.33712347571998413
0.4394801214068802
0.2714573488346834
0.1771328082522475
0.5951480959097323
0.4143780742153706
0.5946864172646633
0.3934889621931584
0.1339920854534882
0.39102961918194634
0.3000007984535025
0.2613383790769496
0.29444287729196106
0.16628073118914374
0.12474063612160592
0.16351869590063534
0.38082480331087176
0.13778564594499454
0.23840411162779943
0.14404943187283137
0.23722469376816285
0.2614102348071514
0.12675785381852295
0.4439757510095095
0.3347179587377465
0.36449090909833526
0.15647113692408932
0.29420330938280825
0.6242031029619182
0.2985378558878033
0.17995741437660534
0.2288332754542849
0.3430747531734842
0.3677508179373649
0.17494766197925402
0.1835169353050213
0.08153508386628516
0.14771592433838823
0.15183318971114523
0.3444067536968579
0.3052660259831092
0.3147083309167494
0.21819345534934995
0.10346715684741306
0.11588886189867138
0.11377152581038866
0.28957027463878915
0.195471418103078
0.4858364931687202
0.14041467158794552
0.4590288259120336
0.47228272851545194
0.415853314527504
0.38860366713681227
0.37494750713379055
0.3373448060824655
0.29370944992947773
0.2145597533952469
0.13493628578021621
0.07767094550516922
0.08516984415117029
0.10588244682686661
0.22798307475317364
0.22597604076777444
0.1840881336210577
0.2567615984807385
0.20041824599094696
0.17958538922117476
0.23849709204714012
0.35721139117652734
0.24483282422736657
0.3225587243648284
0.3990409026798308
0.35173904635482406
0.199117334700061
0.5738222849083219
0.5267376767684082
0.46436637039938294
0.33791846594916136
0.20512871012138162
0.3136557041442304
0.16613526942703805
0.17895851952454647
0.17045219007705298
0.09164371019065759
0.17296043035410363
0.10154685153826327
0.044252324245107826
0.1568266623894565
0.16071756978244786
0.24546707400809442
0.1744253043416321
0.19557010520595844
0.16797720393590304
0.27005576209588306
0.15519140287580835
0.06013234490722783
0.07752978976595037
0.4686036671368121
0.1382173208907111
0.09977464553435958
0.17348377997179126
0.22963435777595778
0.10683792841780008
0.22335684062059202
0.22003877218072274
0.14275731306506814
0.0556859391218342
0.1044485215615202
0.05014557635749452
0.16208744710860398
0.0464402382029999
0.22803949224259468
0.1623453137893754
0.13386276341056025
0.06371553556382809
0.13324727520880084
0.17406575720565368
0.26339882458918934
0.14435710258692855
0.1970508760856338
0.27046933303992393
0.09937008545708297
0.2610588859206949
0.18465938957409397
0.2609557681939581
0.09943327038634157
0.15197008686452781
0.08992974366811385
0.16534393428788585
0.08562309394379419
0.05971759943334318
0.1341582811033739
0.10712915951300447
0.24743948400993654
0.06967156430004273
0.1267853088244645
0.154943316134386
0.05289811327226205
0.19532398162039055
0.2138787023977434
0.1938504343677524
0.13477319282640784
0.27431380320376875
0.1669324473808154
0.18111503307574553
0.1911080146813645
0.3531105543340119
0.29352529313455406
0.3333291892495708
0.33370944992947765
0.06399212234015093
0.11785613540197461
0.1226920068063509
0.05378355586859834
0.07537484941178868
0.09559459477831803
0.10480799013777048
0.11670630980204053
0.09768378363999855
0.09570917786250858
0.15312213653489898
0.12689845274960976
0.13485849913925146
0.17676071191610296
0.24908321579689738
0.24998589562764506
0.2609399557804107
0.12798424468030162
0.1797150218845516
0.2707839367839049
0.41551480959097287
0.4016352295705374
0.17307720004513905
0.27065548619558544
0.12016405210234538
0.12853104495304035
0.16903797028685177
0.1857945260877298
0.12466453156781614
0.18717389151704472
0.16406205923836367
0.16964498696417396
0.1665042764100343
0.17344300906038723
0.12078473418965095
0.09080578937279511
0.1473060648801127
0.06711000963688121
0.09037131191168121
0.17470901642579165
0.05566829465443182
0.12597387386119682
0.16107711691842627
0.1989214072891489
0.18610761812120066
0.20451930452482653
0.35902216271694887
0.3015412773302462
0.28706717010542265
0.27108382711719353
0.18672159629082313
0.20786318798764467
0.2741338859738573
0.2184248851070169
0.07562418728649596
0.10628475486515426
0.16651526735010228
0.10306629055885205
0.2490544964649066
0.17989560369914703
0.4733427362482371
0.11772388650851645
0.0785355244078847
0.2540200515689011
0.2567615984807385
0.1422913242919112
0.22105592539385538
0.31507424803322204
0.4077291960507763
0.40289465017991133
0.22828709029183086
0.26657263751763044
0.08576704491247725
0.07083135899104327
0.04022938567737068
0.0808128077671765
0.03670049219689964
0.03514777906549224
0.11170662905500701
0.12507757404795466
0.07296117936276195
0.20862746375724822
0.1104335565099971
0.05780327521011679
0.08340348518753657
0.18347520283885488
0.2037362681830231
0.1977509247882457
0.218635265253364
0.11792959658804554
0.14383398803504818
0.39036041649613634
0.28223566144883294
0.13582711006333315
0.1304984088559826
0.411979896825312
0.10141945306571919
0.1287178746803489
0.07035431459607876
0.09181951786385652
0.10464006224644287
0.08905190828285371
0.06451990297540704
0.09083602846775767
0.06321647059206544
0.09222651927282743
0.11654750313935887
0.2542897119208859
0.1364830019891307
0.13709449929478199
0.3392994348577707
0.09837224054828954
0.10252365491979369
0.21999790382692413
0.11758270705172047
0.05970887768957121
0.08895460186930297
0.16820599417368515
0.30382022890911464
0.18639425018743216
0.0971226701062273
0.13109968819489293
0.0662265746844259
0.07082638518913252
0.09279548660084623
0.07799531362077444
0.027735338309762683
0.09749114964758328
0.09171227080394928
0.14463546112517028
0.1429111314313878
0.15405246474924408
0.21470122769337338
0.11269749885220183
0.15272145051451944
0.1690673341496692
0.1657247477655952
0.09030809689465062
0.13045591449943578
0.12558842476618026
0.1548452943785833
0.0789607560722814
0.1948071543898771
0.20054724964739057
0.15333745781184835
0.06846123422979704
0.050392598901127565
0.0973901450118222
0.0705713731435721
0.08359808940264232
0.05282004562969826
0.04553624108369878
0.11483380067876979
0.14825179744637404
0.17565918880276293
0.1090356774633296
0.0863058442398302
0.08332657022076378
0.13715079791879753
0.07537484941178868
0.04714601689909406
0.12587309194492838
0.09779682098618728
0.2642384383287723
0.14505748231911655
0.30239774330042324
0.32084914105402396
0.08476127481675781
0.05521677825499855
0.1100141043723555
0.05169658291998049
0.08693208554584343
0.03137186304138826
0.09483779971791262
0.04352470089225977
0.03234230874851772
0.07977227615831499
0.15513865256891726
0.17352643650168545
0.13212976022567044
0.08730180222427844
0.036171158174828924
0.12412147211651205
0.07013797678854507
0.10059483524274906
0.11988716502115654
0.12768126082659031
0.0799438528449488
0.17038349126066019
0.11514069859789447
0.17308037517404337
0.055438916578201144
0.07289911115403139
0.10170689608995485
0.07591659485557249
0.10008893397805092
0.1199988566328676
0.12496261569946786
0.22424155459723485
0.146872546657208
0.1743187034622772
0.195497872480121
0.09655052562568968
0.18690217810541734
0.24082273368813753
0.31850635301296143
0.15343628853088376
0.4902296897404131
0.36522026600813023
0.5123546687695468
0.3610191637375366
0.4100635085836273
0.4201308283910288
0.8180517592787366
0.19354216293643872
0.4160409797192715
0.3520237754120786
0.2931208026065782
0.21497814421847908
0.33794453018216786
0.12247765340623767
0.12974434234781065
0.2075535703493152
0.18620047304493315
0.33026967144984376
0.24606165391776622
0.345884344811442
0.38328367211965164
0.23890053540388806
0.305616663019911
0.14934277209353725
0.22096769002956637
0.13275697273532358
0.45093255056605447
0.3283114785404866
0.23188682781733636
0.40897312933247726
0.23948760251536705
0.3049254556010694
0.12338284649238516
0.1312432273607488
0.2106231038153992
0.10529871611137864
0.1928712704642145
0.11138286324195305
0.10697455774710346
0.1226295245229608
0.10578482698952031
0.19600378430771248
0.2688926350905986
0.17829789371866753
0.24656145355462858
0.4165083872431513
0.16944620983440256
0.1446499604465479
0.15228939814973036
0.21468162693131987
0.2602545111937464
0.17595062893629013
0.5046678298993685
0.44691439909805075
0.12571683024178398
0.2276041214149282
0.2959292216632523
0.16151745460116354
0.19678682064951594
0.13512446777836976
0.13334704405607442
0.0838812259830033
0.10343726339979048
0.17913758858103604
0.10405124156941209
0.10020912299547348
0.20546982290043084
0.22169687334896224
0.3479128346176098
0.4919605077574044
0.287987512676978
0.2330022514579322
0.16263198222390227
0.34514525799334417
0.15398340165464972
0.39791694015238366
0.21315877394747348
0.33981747699726733
0.27685228659893396
0.36956865008426815
0.2804513399153741
0.3080182976070298
0.26573774857802696
0.06447288388820725
0.11796063069241088
0.12026748852000779
0.0771425663416829
0.05483900468652108
0.09679537151529316
0.12770745928130506
0.2157952684405539
0.2776428349233575
0.2145307614169612
0.20120430764867858
0.10741951754554073
0.5062870849685641
0.5492273305072386
0.3375796442031575
0.28287586128948355
0.38958720680640285
0.548027559719791
0.21201633617766258
0.20439762770258804
0.22990064513795774
0.10671373884944645
0.0995147961492854
0.30208102901997813
0.25483779971791204
0.11098673006264279
0.12246057582537578
0.20261392877157752
0.1610911576707199
0.1751554417071923
0.16017987167019798
0.16948203057583053
0.14053758651768414
0.3014200518230211
0.22949720178120978
0.241941877631685
0.19572286062700786
0.4334972006950069
0.2847083698457873
0.43781141563009957
0.34827110565648045
0.23276034440187734
0.5498872710315758
0.38467049210513565
0.34354728842758053
0.29109788512650464
0.3463406675779982
0.17298409773204326
0.08478166586831853
0.20808790494763194
0.20013292456410464
0.10930206515231272
0.18115632713299004
0.24750443993653784
0.24562738421158326
0.338815221166322
0.37316498375382057
0.2943483577892076
0.12739305464500725
0.3939920421751922
0.2962264086609919
0.49843764982104655
0.48261255775349304
0.542150586130754
0.23615481847493044
0.23029620766736372
0.6403385049365303
0.6801128349788437
0.5388443849001996
0.49879414972889036
0.4126375176304655
0.2939297836625299
0.23305888991579868
0.10634320503399707
0.36523197671861585
0.21532575572260876
0.19390875251168765
0.15774635248869354
0.10607853802296176
0.20466991828898903
0.2543758806068715
0.26015530061425984
0.3104962141745776
0.17157480102050546
0.3927654467432683
0.499635688834303
0.46129539692772553
0.5713913242524684
0.5338350260246014
0.31706555006520987
0.2817275994279682
0.45138437607351983
0.27062758850571517
0.25496271926488384
0.6329488148256612
0.3905218617771508
0.40223495367023976
0.3690267983074749
0.30714600507246
0.23361880874935076
0.09930306254045722
0.1642014461966706
0.19802601788444466
0.15616361316606414
0.18539773947815363
0.11366565900597456
0.2516865864023815
0.39523759352536514
0.41672742444557825
0.30553595771452546
0.3572658367947396
0.1716453788901147
0.21513899103692136
0.2569491152039302
0.3124203286452253
0.4159961401092543
0.4873911830013759
0.543859986559675
0.5911988716502117
0.16363479068944536
0.28930061428680437
0.24786659871255598
0.2774395638552872
0.22588578197890236
0.30549945638828074
0.27598960565813424
0.3334756020656067
0.15544982876566277
0.1173482259180684
0.27376908100308206
0.2397729963057487
0.17678923857508835
0.44442206374490273
0.4715030871858394
0.38926694141911294
0.3869419891278337
0.3349437952064885
0.23072365995804472
0.2738139028148223
0.33753760308871233
0.4705218617771508
0.48287180361929916
0.12291135992480885
0.24154365525775948
0.13223475777467683
0.15740479548660133
0.19077223611525754
0.08819892460611205
0.0651487579502283
0.05300398007667614
0.1489141163556798
0.1055555715457578
0.07562418728649596
0.1969479818010648
0.08619322326050698
0.12406174130699628
0.2104500467285544
0.4721579689703805
0.32210091505964533
0.42511472324138083
0.48325767954000187
0.3818840018013021
0.29496233595883004
0.16033527528520491
0.28022685988791024
0.18856353079968816
0.09464492314623527
0.14129689495806397
0.31988262637288567
0.1785744804949911
0.15506460450754786
0.09425674486338351
0.18014841823957867
0.15749807965377108
0.16618762887604796
0.29585331452750296
0.18807900789953957
0.17872081031845952
0.2969126195564518
0.17356862583697208
0.44926710110981294
0.6894992613833097
0.6868640113888856
0.7169701611939339
0.19938248164661768
0.33632952000858873
0.5141973478414376
0.6543864598025383
0.1298632800813365
0.1314336376801465
0.213097539030562
0.38713974021320996
0.640025559202146
0.3097513956698114
0.3793660133018643
0.18556458266024098
0.35545728730687276
0.3811737176004748
0.4727625077952133
0.30724536363220467
0.369884116138015
0.46911912566811625
0.3660032218203477
0.16299958986296106
0.29342745677367593
0.1874724661500276
0.47031120279578464
0.4057312210311619
0.3837002396506195
0.19555363222030736
0.25868553658593524
0.7778560254271516
0.4853555737118687
0.3239836920836318
0.13946187034821902
0.23681499165936606
0.1805874533015357
0.15091580286270517
0.17978056658803857
0.2593318484510778
0.2543758806068715
0.334346185583955
0.2418402372105648
0.10750773988255245
0.25090037319774533
0.265455267454071
0.5060471953286835
0.3267000309810174
0.5451057827926659
0.41355413165542854
0.2177150832776651
0.6765021156558529
0.5807193269900918
0.5551499218364372
0.593599203453935
0.4391418832058991
0.25654680716564165
0.5535577538837796
0.5327241442021358
0.47085993003854354
0.449805438594803
0.46599621108256106
0.31139677800370824
0.432609308885755
0.4204726962348992
0.1331804399529802
0.34723264657136194
0.5590628057423542
0.5288745768976412
0.6061495063469673
0.5167890370068446
0.5175681022412367
0.607894536621625
0.5861027018399908
0.583049142075566
0.49132116131479725
0.3671955228499357
0.7401195114424372
0.35844390541892784
0.48420957625279254
0.6133805685383773
0.24915439696210454
0.2976349468148298
0.12359949415350077
0.19849413152029932
0.29153421800775164
0.10779005136099024
0.3037362670832457
0.31311706629055064
0.35047876386594284
0.2760423136475923
0.1477727713135819
0.24887785687428618
0.11223645714638375
0.15780842069742446
0.09448612293961406
0.2855374112055591
0.33807671686983704
0.5230193873502543
0.2289132737857495
0.34227477138261647
0.25093963888200604
0.32775599348921014
0.388760340776893
0.20730781716003807
0.26750306916810057
0.17019102833916877
0.2355828705789811
0.23430183356840606
0.14504331348238722
0.10312632880580934
0.14049304338364998
0.12127874668173752
0.09915396344705413
0.07992943733267077
0.22781382228490807
0.2262341325811006
0.19761609461225457
0.2538222849083211
0.24440521818544786
0.10998095996692335
0.19430247264275283
0.2545202307531539
0.2615705414244526
0.3611538528406416
0.2758245514003171
0.312916874315069
0.18392592820215417
0.4906808986554314
0.46064419467337214
0.3522663064750621
0.3330267925646106
0.2237526346703779
0.18211062437317588
0.10573158131250869
0.07465374157936638
0.13453345187298116
0.21117066290550038
0.264033850493653
0.08654611260855412
0.35389719123424546
0.2965875722901815
0.2445438933240156
0.41681014292719537
0.4541979195250032
0.566375176304654
0.7494752073977902
0.6162290851105364
0.34613577844185334
0.7720738330183455
0.2013410175282791
0.668265162200282
0.6161354019746127
0.32371674263418515
0.500164463327047
0.1693163091930039
0.15456553444463517
0.37833568406205925
0.11945304431394717
0.25664287490185383
0.2597728057445593
0.3130203210962102
0.23553171537151488
0.2786939737754347
0.204328543140972
0.21189061491569766
0.4946121297602251
0.4019423422020589
0.40649374093879126
0.3774531066797002
0.2540323819263431
0.47671455891566517
0.2723122534160454
0.6283779971791253
0.40909004278262034
0.2683394615379527
0.4530743347250706
0.3752323797856973
0.30321604968339144
0.15079471311087153
0.14085810190551074
0.31368124118476715
0.2132563950273244
0.11634245582234895
0.22530122408260897
0.2810008848128596
0.37368808652441665
0.30406011854899534
0.2591435982565974
0.27509833635342296
0.21669316712275874
0.233439239216487
0.29628259437528137
0.29348952498240694
0.6397743300423127
0.30248535628762874
0.5372308984189536
0.8257533040849465
0.39310899999494087
0.34150923600154337
0.3478707318569698
0.5256040578703461
0.4758077681644451
0.5429302274603665
0.3442010915667701
0.23582815907172622
0.4060191121465336
0.23136142085860978
0.20513542985446914
0.26224469230441316
0.2523450277145026
0.5576834403130394
0.3251204977086759
0.25174865461111245
0.17665640763238363
0.5432314621262452
0.5886036671368119
0.6038928067700988
0.18964273564051792
0.3148099546813518
0.3433302965930387
0.3101794975198832
0.6146121297602262
0.6083702978100308
0.5298825916485048
0.4950514628505749
0.42004094160703387
0.1939376187071051
0.26758613286628696
0.26853952963906286
0.2772108418395236
0.29618349628721047
0.2217544683221759
0.32033850493653077
0.5151067467988695
0.3871135914791528
0.30903761126941004
0.28889647753634656
0.2734940332785148
0.39486019579256615
0.3225684807726697
0.5570814174218951
0.34963021977919034
0.4717960332791776
0.38742464119949066
0.39262098129159223
0.6706346967559951
0.22394358027069666
0.8688802756484911
0.33197181439534795
0.5643441466854721
0.5238363892806766
0.45298652373337994
0.45597365277311036
0.4766607144432773
0.37164862372853164
0.28599989008391824
0.272609543728772
0.41647390691114283
0.22890755379826908
0.3826480394652564
0.39725464186438847
0.3577949386264012
0.4739816856479884
0.3524234693628329
0.48484931286718225
0.6483540220076703
0.884053295370955
0.39873755444798165
0.4953207147177008
0.3899844867985118
0.6237130636902478
0.5610155148095916
0.2980825724284684
0.34928860917890775
0.3803835168242916
0.4037508489501838
0.24844446051925909
0.4502128816464124
0.21124914841442793
0.26890583090713677
0.42256560065014276
0.2990982737422224
0.2533562858762328
0.41004231311706585
0.344242351765406
0.1984635841378426
0.23132821393876044
0.44742810305663205
0.26787506376963915
0.38266007228514437
0.2127958080018459
0.5162764456981666
0.5999639893420422
0.3981535097043351
0.499756407493342
0.4503328264663521
0.17890135577609967
0.1868873764876873
0.162804911500234
0.3281805359661496
0.31017730436595725
0.08525806648818214
0.07751214529854801
0.17460360444855663
0.11941005461429338
0.18029288369125476
0.21543410481136552
0.30298061516953156
0.08704015769582009
0.28399749321789136
0.2914129537106786
0.22198694852481313
0.19330901239728043
0.4424168239019067
0.43437788365418123
0.5055074436389516
0.45190580653314044
0.5486031916751913
0.498068397672804
0.4706537811953232
0.32653723041742966
0.36088814933458163
0.4084513317933011
0.31808435055782663
0.21413391574628435
0.20004853420790508
0.2885872367766803
0.22277383924312297
0.26135976265020155
0.2599153737658669
0.16212216120419745
0.09219234217730789
0.3763610719322996
0.4707234458562256
0.31896700421056895
0.4484840647680095
0.4934597146503532
0.5291965455771868
0.4782394457565467
0.30041590675958635
0.49782792665726355
0.40362329727653534
0.5933354519194759
0.4097489048396451
0.4086318758815227
0.3902946766177298
0.3373201692524683
0.2077834588469786
0.1943848808964494
0.1860084626234128
0.1497067605985753
0.056374073350526105
0.10614599061870957
0.2361071932299014
0.2203380318872382
0.19497604910909563
0.08682842408699178
0.20391988690712082
0.13134541534313526
0.29873903418470993
0.2032409920925112
0.4647302037171567
0.33585756268286554
0.6124310630143244
0.8994982331197459
0.8001272077284427
0.694246789003576
0.9266936788597795
0.70174738157011
0.4627255382345623
0.2817437471305049
0.32828798630115796
0.1003087971823914
0.2331711071994836
0.2871086036671364
0.2938719596944706
0.09707985964776039
0.34967559943582555
0.32694640211565756
0.24787994195220017
0.0911689630679712
0.27943229990369356
0.5631409296203297
0.34769222582045467
0.5857505281791012
0.5367559943582515
0.19463611991538488
0.6188434414668544
0.2030701753337108
0.6202626622511733
0.8403651390939879
0.6330564330090351
0.5225396080704929
0.24659699328647627
0.36176278991326094
0.3709449929478136
0.3732682796546245
0.39977608486146116
0.1857391146261719
0.2837527943610779
0.2350539401460295
0.08845171508800853
0.21601427230814788
0.2987249879285203
0.46752163582810935
0.2857620329954539
0.31704441019565044
0.5188812910623096
0.5605641748942171
0.3901515506395959
0.5077009873060644
0.46551510520223754
0.640283225053218
0.7668265162200282
0.39590757031721446
0.7273342736248236
0.5641604605898229
0.3275538897307165
0.3370449440326143
0.21709455154512816
0.12657616654629492
0.11465779091201889
0.21954677728385966
0.11802269890114143
0.13948139359287418
0.16524802672670846
0.32930023316442686
0.20277683792270745
0.33485894814943434
0.41105089793586097
0.48910084550118965
0.3136344955879128
0.22121913255349626
0.5081964565960381
0.2663346836627918
0.1800441453736366
0.46963892581163125
0.45649278030186846
0.3924307585298339
0.2321971688609885
0.47469675599435796
0.33002817206609886
0.19000818531644414
0.2460650711853751
0.2697123191380045
0.281466854724965
0.07631232151518787
0.11616065263922494
0.15294236296690916
0.27758638316937423
0.1944652732063418
0.31887165021156527
0.11103701856742876
0.20904946621238304
0.29049365303244046
0.454470922754298
0.19675377497511978
0.4251622002820871
0.44505525438897325
0.2549815222075843
0.23815503419384526
0.273749147673891
0.1517455631916747
0.2709815380928886
0.33285443648754365
0.27999999999999964
0.1761395019555784
0.30028185672087226
0.23004408835533752
0.1325466597440897
0.15717841142314476
0.10578186981729454
0.16530179576617468
0.20720467644709656
0.07158360425135657
0.3179689703808177
0.3880814649172679
0.49879414972889036
0.5808327905615427
0.7773623780339418
0.16188798841661292
0.677517630465444
0.2387763989864274
0.344766800424022
0.5590028333323838
0.812086403406696
0.3354098611329971
0.380310963259734
0.24970853322142095
0.6086857912250034
0.44361591654968907
0.28130069051127965
0.13608069395084338
0.23784043044986306
0.2110541688194553
0.08509926628156093
0.22840231813042472
0.2277136682037979
0.23241497420158025
0.4036062944283909
0.48357388083508257
0.40997538516342136
0.1199118004664084
0.15636527011967485
0.5638928067700988
0.1707294737483792
0.18327645569247974
0.5640590315945022
0.4087515150295703
0.40372649031200347
0.5954660585942759
0.26217611367784427
0.30232064658365465
0.30296191819464097
0.16212216120419745
0.13419487502136943
0.23473886566871147
0.18396463685488973
0.18176231084115965
0.060555812124884326
0.1988686569822566
0.2681322766560625
0.2912859952253396
0.16888759595582792
0.23634571818945718
0.29087363300671165
0.38098730606487996
0.27055532185646897
0.4196286913246296
0.2624243865127667
0.4503293699356834
0.3684908709860976
0.3969400381204075
0.42826516220028227
0.19228731064724472
0.39735547557838263
0.30175221218758685
0.49267334790532546
0.0855403779666198
0.24548189315542668
0.2070991503236904
0.2445075154485717
0.22688478003759172
0.19913592967492755
0.09388863843541201
0.1581244012729642
0.13944527722995487
0.29944224298128924
0.19716666069228125
0.2909706928154193
0.3045998544738927
0.30316075034142476
0.33200284849971406
0.5818523215310372
0.27580008549420093
0.39121244313775555
0.31962024085796853
0.18487872944188186
0.3701270813182229
0.3285505534734268
0.15933912741435552
0.22435484645233825
0.24440521818544786
0.10485153247875406
0.23452750352609267
0.07786503464659515
0.06812528864049489
0.14472970103008626
0.1013263507526234
0.26580879642800903
0.14132931127946358
0.09123954093758069
0.1396224355393723
0.21954381433318285
0.2929760225669956
0.15280833150995612
0.26867934478135846
0.3711592260149048
0.3876281419039756
0.5340173837122596
0.6048350188218978
0.40009706841580894
0.46262019144148386
0.19369205433417414
0.09704457071295565
0.1662286525700342
0.22831790581532954
0.19765621070243733
0.09519190163570834
0.18606564286894078
0.26332953200409126
0.152230469703253
0.07130129277291891
0.22578279266572612
0.24606679810779677
0.291765774505101
0.08760478065269542
0.2383797511538313
0.27661522359601765
0.17289099541894748
0.24308384435865438
0.10168335667723781
0.08491214033111573
0.34640063998796866
0.10876049706811969
0.15022422005119387
0.2071650211565588
0.2079417097676543
0.17845094918238977
0.23956018082053762
0.03985885186192129
0.06275095902658631
0.11779802967007849
0.11658636498210007
0.10349610212180053
0.051545717405622575
0.07903967362216725
0.10058331129002157
0.04132334265631672
0.0894963473130868
0.05270402413083611
0.14005206479784885
0.09101323455568149
0.09107248216739744
0.1568074946786792
0.05544307652653543
0.13169941229459403
0.08122570020465392
0.08975062982437575
0.162306934957632
0.14350425064747083
0.07692326629551807
0.03715924834936087
0.13596614950634647
0.10523686224923133
0.0648649878023826
0.10914978614579333
0.09347496330280422
0.07346375431926465
0.07923520009129041
0.11244836677731632
0.12044807033460236
0.25866925988456835
0.37272086532326704
0.25674796118478654
0.19559943582510594
0.09446502702216797
0.08119678108971357
0.12401338063314486
0.12000479235040243
0.03867667254596341
0.08801557643341107
0.04744597284493409
0.11600548211739847
0.2358466221134402
0.364670682666325
0.24643159379407664
0.19338262506550533
0.09234861969551877
0.09516661629135748
0.12095909732016928
0.08905190828285371
0.12033850493653037
0.0774300903913615
0.12960037794563709
0.06988880303059963
0.12732462952843274
0.07070563772907834
0.1878702397743304
0.07106809899648012
0.09597089164230324
0.19334273624823742
0.2916784203102958
0.11170791050822335
0.17799811279160183
0.3151430646852681
0.2438646687610003
0.10787454677369648
0.1388312990603336
0.06159683570162326
0.10415045424986337
0.17499949229309011
0.20828417982656028
0.18544428772919627
0.09722984897640706
0.1315011656516408
0.0662299608031267
0.0474989062471412
0.15450285819212234
0.051257177803842924
0.16400564174894264
0.15200692985262246
0.1615265508383996
0.17644977655322194
0.15716704181465882
0.12680455020833284
0.11513652719517078
0.1436714973667617
0.1027897037825292
0.12336056485196868
0.16046500044876702
0.3857922176523594
0.4073925737254314
0.4412409786063258
0.3090546561556066
0.16131043847526244
0.10300386704476341
0.12264446352354035
0.10000024618417346
0.08621274192673442
0.11879369112043563
0.13727684642182408
0.11568142301381676
0.2206384962804251
0.06643111482227058
0.12174825939968353
0.14326983351825162
0.1896611142287273
0.32377997179125584
0.40265476054003063
0.35683583932278545
0.21330323939914836
0.3766404804075302
0.44574009323609287
0.24215911636224266
0.378793830347489
0.16059634003400483
0.09799737195268286
0.16919793699948008
0.33174668004281493
0.24313278413001635
0.24473906911142462
0.1606692693838248
0.16779872622296024
0.12311792621372596
0.05273931306564085
0.15880694160113182
0.042558455374481594
0.06617967229834074
0.2398871650211564
0.3004657480559506
0.29163209755047687
0.22986961103359288
0.19308146841584056
0.2139024944464327
0.09060434011109587
0.20577894718508796
0.21554850801918843
0.32056417489421735
0.31629449018291916
0.14824991655291953
0.22318888465873477
0.297545839210155
0.22828709029183086
0.2604282651250399
0.20641195086779077
0.191550265113704
0.15631311736670964
0.13956078313615408
0.1409424773036233
0.1453511209472919
0.2337812171741767
0.11555361701802662
0.21621590988051756
0.33074784098574217
0.17877563451413475
0.3224259520451337
0.2861283679679005
0.20451820800792547
0.2659608965349355
0.42244810640304054
0.40812411847672725
0.33354019047713757
0.25091636863061845
0.14877854140930136
0.34098730606488
0.14958438304062643
0.1964188799694019
0.2286148268064633
0.11879855151027323
0.1170892485831427
0.12907742181632856
0.07518131465502999
0.11134674687903423
0.15729196050775804
0.16465449854736144
0.1708582440226873
0.2649929478138217
0.22854873226392497
0.23283985462060547
0.36220028208744703
0.26265975290374305
0.13831853241381964
0.1835433563539577
0.18214496433479538
0.24417744872148694
0.08906927144709097
0.13245701678948343
0.2441466133319079
0.13217470531104528
0.2652428182263975
0.18768402317604993
0.1041338392578105
0.10386417890582664
0.09898274266174603
0.09722524897773598
0.10615036408574992
0.13151949506468383
0.12828098492629267
0.1354017973456951
0.10236085435620523
0.19186334043659642
0.06994266878293745
0.14221897558007812
0.1509713783244615
0.10573319357249242
0.20300217161258283
0.35476440260839187
0.36643159379407647
0.38058491367099107
0.2521644458999084
0.2620964457026113
0.19011492334167582
0.3159071023492236
0.5412083264318314
0.1169459178797806
0.274301833568406
0.12622668840162968
0.15117495373945705
0.051945312032534836
0.058579631775820554
0.1429530721505184
0.08875753848468695
0.10022865175086025
0.09415535812962764
0.19226783096457228
0.3224626260298504
0.3282390465297948
0.17075816388065956
0.2692903166828709
0.17361135655125473
0.16238047528634875
0.2596805351710355
0.18487966178195817
0.21265823618734506
0.16817298218681495
0.16542496241282711
0.1977166763054077
0.2133749913775145
0.17725985187578921
0.0749298721311
0.08388518409933869
0.06914398452583305
0.10972296739522884
0.12535966149506356
0.1829619181946399
0.2242968132886084
0.06831937778192082
0.1377699769366817
0.15343953118206474
0.16170165978417606
0.22483656497834026
0.20530419442306208
0.24539092030541448
0.27347544237490545
0.11126331683896563
0.17638693053680105
0.13716808958591226
0.37240094608986507
0.5865306623304279
0.3963675809532942
0.5779407616361067
0.3850772403104702
0.29432378497542694
0.24614950634696778
0.09743397802282304
0.20112834978843402
0.08770315234673731
0.062479059071741117
0.0973850194982334
0.25574047954865975
0.10856578693427733
0.22459802538787083
0.15035241883146866
0.1189826023236126
0.21717301347372653
0.2139157406264704
0.24049209057770551
0.17875501882006153
0.26702397743300366
0.16089839680379406
0.20790813137964212
0.2514454704622814
0.4975936449107769
0.40775241538749935
0.21496459209341914
0.2698538992940636
0.24624484475336367
0.15150849751127288
0.12561271023200846
0.10238151030104277
0.11004655781395306
0.12299582579103474
0.18129659533996348
0.13438074207201217
0.1748618030790157
0.15816074752612852
0.1484021352338469
0.21348049199129787
0.18952628405273492
0.0756594762213007
0.3435571949663277
0.2706152368248147
0.2881749265501513
0.3233132992774372
0.4994721290892057
0.4469393511988719
0.37590706569331456
0.11357743666896283
0.6664033850493656
0.29922743587547557
0.11645348485554671
0.230200053810318
0.22392101551480975
0.21626051035259972
0.21478138222849105
0.10095394150024006
0.11235800504076393
0.15988623304202138
0.25664287490185383
0.23853688776492474
0.3184536027060703
0.12959347683345324
0.15746704554940621
0.2287780809899331
0.2587870239774326
0.2512976531898543
0.13263593137300406
0.17492856389800812
0.6180753458517514
0.5168939513612775
0.3908401957758977
0.5119417283853591
0.5202197623690793
0.35989443223126644
0.10356917560671176
0.09554815909334909
0.23389239888384217
0.18272706307335174
0.15876061830067936
0.1721297602256704
0.1948068833515842
0.25734699089236013
0.37447442862521013
0.27577860443056745
0.16727757908707938
0.323491179379346
0.22243126084358444
0.20336884878791275
0.14605457164411745
0.13763625285999495
0.07763565657036446
0.23463336505492807
0.24484567612771152
0.12597270448886272
0.19821482458101197
0.1373881950752789
0.1865410144762277
0.35611732182684785
0.14206502602037382
0.17952832149710538
0.20612517306763284
0.1282461439667609
0.11668730395198429
0.08658515117911765
0.08540585521323718
0.13366665916292705
0.17094499294781385
0.12724340554308378
0.1011804716293781
0.19397567986047062
0.101356481396129
0.22169716427314293
0.22419309261264156
0.18809770655793237
0.11970006685758021
0.1669578358894313
0.4128766520424739
0.39772177684645654
0.37680190442534683
0.26928360192347706
0.5228994425303146
0.6785895627644571
0.12472874006725106
0.38832135455714983
0.33777150916784154
0.32682651622002873
0.27131170662905535
0.23430183356840606
0.27311435500436404
0.11429860637730845
0.20067224526807287
0.08181739534472281
0.22482930964035797
0.3438265003210474
0.12370536095791487
0.2377456331615462
0.3139295931013405
0.38655424890344264
0.5000282087447111
0.19901675769048852
0.2969126195564518
0.41810837575114823
0.45555165031797556
0.2762966311640447
0.3073674640548951
0.28714333147093274
0.3459808331181765
0.19069439621190407
0.2918146977256877
0.16761519767685065
0.1908429606664998
0.21302453745541897
0.26021726389747313
0.18195423638552555
0.20422566589664995
0.2451306761264047
0.33060648801128373
0.18473519633028207
0.3677508179373649
0.4216060420906188
0.1561358920434439
0.10177328797678696
0.2929196050775746
0.08434055418325967
0.1568172477939564
0.2724964739069107
0.2256489728399157
0.204021334128986
0.11488408918355575
0.19287796771135438
0.17956002112983763
0.12348184481979176
0.18679830747531714
0.1884344146685469
0.15694779689205554
0.06341380453511225
0.13534555712270768
0.09462782758575632
0.08111735111589716
0.10957865192863557
0.26003781301623285
0.22008215181817287
0.21368169672388015
0.14804280837224204
0.11411127228121758
0.12547249647390687
0.20282492999914556
0.06329070457224949
0.11806439038195356
0.11251640460030607
0.11378496841833502
0.09729191718513763
0.06145255284845922
0.13139132829903502
0.15176304654442874
0.11772584077153427
0.11261041390562959
0.05846825262417842
0.028813415268046677
0.06903305010789693
0.028566392724413626
0.06817273600264162
0.12067700987306065
0.11430991503462881
0.1320592467544157
0.17360125998106293
0.1435941374314657
0.10651226872770936
0.11932299012693941
0.1145249868158992
0.11156344505654775
0.09502012979309638
0.14873157672613538
0.14714466539925353
0.10065630345503346
0.06072336952906262
0.16265162200282052
0.11276297052129763
0.03520071246769935
0.1189519420411112
0.04807581057539038
0.08665059996992482
0.12651561930498065
0.055633005719627086
0.11941421339208996
0.10047572164043889
0.11314913576843971
0.07575963246006867
0.09878155419467077
0.1660972750010631
0.11156760519316414
0.15849117099345975
0.2747235982927298
0.2589608662513935
0.14973844066184738
0.13136736377820946
0.3982510578279264
0.17500956843759777
0.14383429793034944
0.19191171190469175
0.17588953827763257
0.0704543583376058
0.18341325811001433
0.08720583326642324
0.12462802600859288
0.10871025238595293
0.1508905834850641
0.13664315937940752
0.06472130565954753
0.04467579146276432
0.11595470141583643
0.1185595104332509
0.16073018509945317
0.053833270044586885
0.12030961649182603
0.26867934478135846
0.24570696364797512
0.18522634122270043
0.12578122499246044
0.07954040948820025
0.15627550235017257
0.073119485958805
0.1468193140881737
0.0851262673998974
0.08965752751127998
0.17549900754829345
0.09401732547229982
0.13562764456981655
0.0844486335629806
0.06023719657299902
0.07144050824886347
0.07239524975186495
0.08795065177118981
0.04135863159112146
0.056147115593539035
0.47476472198979314
0.4216078984485187
0.1479938686008801
0.1382990787683446
0.12031346037684894
0.10806015785341236
0.06378474965951535
0.12249624772090004
0.1417567244567662
0.3057935290520274
0.33172717633228327
0.21988648717666823
0.48673607931827373
0.2281831809217443
0.29849483333932764
0.35312023092301126
0.1638399485927005
0.12993979497740674
0.16365459543695152
0.08787916211348822
0.19622972542254663
0.059567721950352384
0.0793049720474797
0.19830395356176092
0.13998702267373866
0.1900206613647057
0.42363641296682036
0.2578279266572639
0.347423436903983
0.23728182143009002
0.27403784430313594
0.1997596033045529
0.1719910063923546
0.2753345739287208
0.2611230611011654
0.5289139633286315
0.3157653610001287
0.21792613385277107
0.2866572637517632
0.10470066696439614
0.1384618793319323
0.11221353958908832
0.1387402510957542
0.14826516220028263
0.10155921252800654
0.13301829856388575
0.12097911480865557
0.10459640276116383
0.09476843441805172
0.13851968643296328
0.23644718529794567
0.07204236040381781
0.16552747302850424
0.20467119074035925
0.21184767277856145
0.21472496473906877
0.14021198539050744
0.17248719712190755
0.18219525283958035
0.24283914550183974
0.2109077732664097
0.1431495640353109
0.4461495063469675
0.23496191339895597
0.2288835816037165
0.08921180749031647
0.11702960756145263
0.18771364320677658
0.056921051839999064
0.09030924370295064
0.3011814428704258
0.18358251057827868
0.17224299627652537
0.2583795605926431
0.25500268719335895
0.2431593794076159
0.2310446606034236
0.2559097320169253
0.13459491063219797
0.17126379296152403
0.1538360553386685
0.1815930727563359
0.27653669095956307
0.28897100036940687
0.4016352295705374
0.22468249032626966
0.2737084475329938
0.26686857324093816
0.08948839426663932
0.16822072867809507
0.056779896100780235
0.09574021196687381
0.14417656643458673
0.17423426366376452
0.07055477221472042
0.243308067249167
0.18303474489658997
0.28678806447757327
0.13478111525838954
0.17509212743093008
0.11564183935503847
0.34029222975929446
0.2538402780009125
0.1707496422177434
0.1614009561105806
0.16773730771361337
0.46130143376918714
0.23256957811337162
0.2680431277536433
0.3776022566995772
0.2806316326646171
0.20187542447509255
0.14627126982163094
0.1846008175801981
0.1046159658153425
0.14152674139958774
0.12952685573630188
0.11921071268760451
0.14392101551480987
0.10737394695795281
0.1660991530641187
0.16752083737460682
0.26232727617314716
0.1713882933176858
0.14591000511610128
0.17090262933233566
0.18682968053289506
0.04913984171556032
0.05476842681691173
0.11100899131458924
0.3233940091648846
0.1626377630248101
0.2217179996598888
0.34934498599523617
0.14799906958511927
0.14696489183126496
0.14986362187973282
0.16084600354011952
0.06427163014048481
0.08030137798997726
0.052274900725019176
0.05787860464123819
0.12045133991537381
0.09649346261826466
0.14663254237717843
0.08580929856998575
0.16361071932299046
0.1124702409538291
0.10961693308148468
0.09063921377784062
0.13123470463220022
0.08103004649773339
0.09344368824384353
0.07870150999004803
0.2900987306064883
0.2833850493653037
0.06011470043982547
0.19664953229233878
0.11261081958119643
0.144473535618251
0.1652667114921514
0.14786375967121157
0.05564423054567931
0.16124118476727736
0.1291960507757408
0.08808904831476419
0.06379096832100704
0.06545092610636528
0.12533475445993836
0.12633587490449122
0.16624352043743937
0.1102021046010921
0.11172277571499059
0.11910889255392602
0.3221118139500312
0.28268889463339886
0.25757057953669016
0.3430183356840619
0.10588444888153582
0.22649628409235847
0.3308078133957127
0.11817798624703706
0.29698422780108874
0.2735254836957422
0.08866344869683672
0.268496479436658
0.24876555655645607
0.18847684652456334
0.18205594946933626
0.12561271023200846
0.06814293310789725
0.059991189168009
0.1914809590973198
0.4355430183356846
0.2537658713948547
0.3778504482662874
0.15482914667835718
0.25837100315625816
0.12999578487174052
0.23695622030291333
0.24635795285014364
0.3661495063469676
0.48733580341797605
0.42657263751763025
0.16401595835945165
0.34724964739069136
0.3520980189351384
0.30257576033162464
0.15818082994980756
0.11435605988330305
0.20246998094796614
0.17900953032536013
0.14565729165200972
0.09806258433264768
0.254781382228491
0.1436840242154594
0.1886878477521301
0.17047028584586718
0.2874477609872461
0.4168082492930025
0.08000001520228013
0.09572416886009998
0.20804296155563445
0.12038820108627213
0.182635704189644
0.21037781400271574
0.2672600914118399
0.1756387759255609
0.3433614358808762
0.28011382600097395
0.2059112824636002
0.14075078243919636
0.03832378319791627
0.1060214617216983
0.0671267677420901
0.09033621791463063
0.11646642016215972
0.09631347004184228
0.2638786038689507
0.12512372794745735
0.11694478313146697
0.16516401705797565
0.07175084929251613
0.14435359079831
0.1227035507990621
0.12145932849633209
0.14511609425946653
0.13864637227059945
0.10345867666080004
0.0781196929936266
0.09977239349537087
0.19419301276729217
0.10992279766180464
0.15667266450268805
0.11975562052458748
0.06919895135265315
0.1057643653181499
0.09303450536053968
0.03752978216481025
0.06562343142367995
0.0905195266264065
0.09889450404088636
0.051948025443910355
0.1364372326822411
0.10740767182744555
0.12904376470930554
0.13635825131989524
0.13756969730061935
0.07667503847686985
0.1625252310192856
0.1714384973984978
0.09889985895627648
0.07941988205870777
0.07815580935654558
0.44040900249316034
0.10964349072251708
0.5103928755418562
0.143523392659168
0.09515692941741857
0.08736548190087048
0.05378355586859834
0.07757794754984279
0.04000000760114012
0.0729431252116645
0.0723588611156992
0.06934765385187812
0.07204425737171787
0.09235867055451043
0.1006201699217621
0.05685115466054264
0.04393472383186542
0.052626920258520976
0.05373326736381237
0.0552922110121775
0.048654128380429054
0.09082103964346758
0.30589562764456935
0.2435479568890477
0.22044353250102158
0.1216981815820551
0.10756420573004369
0.16150124549699144
0.10997648021746334
0.1293965028056965
0.08457489278417275
0.11458392101551484
0.0955304337000387
0.05520967166582444
0.10164790512037934
0.053223488986446944
0.08148471931893672
0.07114384628812989
0.11921728303959746
0.1372637517630463
0.1264553377672885
0.10957198968948735
0.18425952045133973
0.12582415217356518
0.12236953455571231
0.11404616350016959
0.05014557635749452
0.1562881003823827
0.05123953333644056
0.14557164667934755
0.16894221051795863
0.4179934318109827
0.15198871650211535
0.13883880773933674
0.08473769334776109
0.09141485932256659
0.05979303219052214
0.09968970380818061
0.07757229458738928
0.06878323811609811
0.06457605689903115
0.06293716365277799
0.07808180658303232
0.0873920378926148
0.13740367566860778
0.09965050911689859
0.0926678356347116
0.15828284794882025
0.17339025875349615
0.18414668547249644
0.17407876673721223
0.08310175415882073
0.07872961354931052
0.08684606855439415
0.2963046544428774
0.16614950634696787
0.11282751775870994
0.11789590921280386
0.10359451855384265
0.040617563960222564
0.15161025240470613
0.147412183706791
0.13727684642182408
0.11138691962156148
0.1172639322205721
0.13196919010573815
0.06715780184645545
0.04104103117787906
0.15759094555356962
0.26750306916810057
0.18697266079424896
0.24412842029546064
0.050463176770736924
0.04679312755104692
0.2983857859985325
0.26149336338180895
0.2489500896001236
0.4244033806602433
0.22751101910183244
0.266504522594207
0.2272954337871189
0.1621653965594639
0.06876953029481829
0.1042686694338025
0.10419277323124092
0.08555169616570317
0.11241090398652231
0.06726087515123913
0.05348182483988251
0.06607909528876879
0.1434280844389273
0.08239771509181712
0.17307375691214474
0.11354984501708847
0.25557523689099026
0.13207753919449491
0.12604610658703547
0.16996782594274354
0.17449801519822486
0.21662714942712366
0.3331819634374301
0.3471315017113615
0.1905804349071547
0.22193505013677134
0.1554809423659559
0.06484341770365676
0.05833260923218751
0.16606360320752794
0.11672135470009842
0.0803589074945998
0.10996766625204252
0.08295928562476214
0.05164629441519452
0.054221448327438644
0.16306537857892933
0.12460065788949684
0.09021614138985487
0.09251142025910712
0.14786375967121157
0.43097320169252523
0.3414038450263676
0.23385344990001533
0.24534044932771634
0.14290254149167797
0.32480589396469495
0.35442931200630867
0.14103411167226187
0.13780329041239656
0.2795238762198884
0.20723398049968278
0.1703247675256325
0.18884865376254123
0.20961598027554043
0.27737239611224973
0.18910327654556852
0.2103832141755185
0.08803002762784612
0.18607150175828255
0.21218238647462428
0.24440521818544786
0.1706498147919028
0.2515134632603179
0.16685725887985886
0.25267174980898244
0.16587728783239578
0.11887077688966946
0.20950191093836398
0.43322990126939376
0.21534565019064453
0.37868006520488906
0.3753264581936379
0.4332157732124605
0.45059125987178844
0.11278343563585684
0.2065494795333109
0.28189764003002155
0.2077283578116535
0.0759770766345431
0.2015061723268488
0.16008836229448473
0.0719894270016107
0.11895372203209968
0.23293284032431943
0.06964271283709741
0.2019254966426028
0.13627075226792318
0.2530327759572675
0.44084626234132607
0.3730189373266883
0.5747673438935468
0.4455687882615166
0.2780655751128656
0.36840585292018074
0.6533994066255039
0.4693540248253518
0.5435251007544206
0.37322029202640206
0.3895610163962774
0.24890767715081832
0.3031560137074351
0.08755184725048831
0.08063521602876493
0.24016925246826526
0.06609617488922401
0.18088139495663108
0.20056417489421752
0.18656944587230442
0.13900175345206797
0.10247906667288112
0.20268373560961167
0.2590871495942643
0.13884658293024127
0.09640936988647085
0.13658109331157658
0.3843729642828395
0.38503003924111534
0.5526093088857549
0.46125734509368055
0.27167254961361825
0.41923196055108214
0.28282527909394467
0.3520555481961755
0.294862122460417
0.28094813450596856
0.2434753625295561
0.3026807531196804
0.24608018165045895
0.08331717507392299
0.24530324400564238
0.19023245855304366
0.35449691533394784
0.24930099540918194
0.5060471953286835
0.20175271247865392
0.44211660630043326
0.19508038004011924
0.255661365598874
0.25720733427362513
0.24861219638126655
0.22804277099444634
0.22820569001003638
0.18616244446333324
0.11709167577018319
0.16639522263326362
0.10037585555280254
0.12656059186447724
0.08321210016519451
0.09943044421161408
0.10040353772203225
0.06380611857500568
0.05099254385297676
0.05599625007918111
0.1280112834978843
0.08892980786016236
0.09905523596211242
0.08476510377070816
0.1499576868829334
0.11495952293104043
0.09331529289167433
0.0703546749660586
0.037741515773638566
0.042329077298251035
0.15734837799717907
0.2100494986888151
0.2600403696308572
0.15503526093088826
0.2764116081132691
0.11314639169393663
0.06338866028271928
0.12222246106840565
0.04626379352897633
0.12445698166431589
0.0445556152403722
0.041789747477143736
0.06951584065224597
0.05320523806355966
0.033559776999280345
0.03213057513968953
0.11534419930237992
0.11818954784098021
0.14861163190619567
0.12569816643159346
0.12171214303676457
0.1215796897038082
0.07399285615092693
0.054412162178423
0.1654738444756466
0.12159760457248316
0.16399717383649007
0.4493271141047381
0.3070067861105395
0.25680185949246476
0.14212489201267156
0.08326450201203323
0.06590308552201789
0.1226920068063509
0.1427926657263756
0.11379759394829024
0.07823697710485865
0.11316746104927362
0.10431446111926607
0.12451339915373816
0.1793177418924439
0.24621598972586817
0.22123822038012741
0.18693400187716402
0.16561218629146013
0.08418295701171913
0.08743771462670828
0.10507765048975445
0.2871199204123137
0.11647112932294908
0.2485889259709352
0.2583589188409162
0.5184220266891859
0.22180859971501157
0.5246826516220032
0.08275255211704764
0.22603601317774494
0.13679833204213296
0.16764388035515332
0.16306537857892933
0.12359019390854852
0.18291960542912758
0.25277391908847363
0.2362200282087447
0.17509200613932227
0.20794508852021693
0.1844539982661098
0.3481998122870744
0.3051394744465882
0.10701369479528647
0.15048437206721935
0.2144897425277147
0.2866040107669645
0.2715585798792194
0.13165530552967833
0.24833611143050235
0.35361460823498203
0.30215784602006696
0.106988793932158
0.20030784930052206
0.15469675599435834
0.05543891657820127
0.13877615667107995
0.12891396332863195
0.05516648975021258
0.08471829391496458
0.08772664553005974
0.20535966149506346
0.05108073312981936
0.14898734447114426
0.08229713808224517
0.1973092288020116
0.11035727512291843
0.25831825284936716
0.24939707486444518
0.2562975826265891
0.41076663976679983
0.5450911734380287
0.2417619867585661
0.40081672746071567
0.1312395485387208
0.22856617865025206
0.34712030890761075
0.29449929478138204
0.22486827845647506
0.15607051085296836
0.23799410813693075
0.24577553178360328
0.23637412518235837
0.13323939343043623
0.1734307747366593
0.17171169945306725
0.45616760887195695
0.36528089456196966
0.3207855354458579
0.6746347482351609
0.5711706629055011
0.4484840647680095
0.5375327105630466
0.2523728612684065
0.5736068371419258
0.3291634080765877
0.52971233377575
0.4711129908510711
0.45517452186716423
0.8401534912727578
0.5072865561414486
0.42465039611436256
0.39633286318758776
0.23934313706369095
0.11611823997490206
0.3557480696786054
0.26573121991716314
0.379915373765868
0.35769983103360375
0.2829734164306708
0.436004423070515
0.44889459926931835
0.5921221948609637
0.7687263509982295
0.5449929478138226
0.5885692314477015
0.23223231510162387
0.36788857356888216
0.2951964007224969
0.5024466731448266
0.46077393070026895
0.4030972828240415
0.46594346077567006
0.2551003378825616
0.2960121247446047
0.3055805466569929
0.3856825685184598
0.37800610004227275
0.3593546805415345
0.26188514516843475
0.24943582558517435
0.24425839887135958
0.21025692787441655
0.23971791255289082
0.200267754740097
0.36788026133360147
0.29417696566133866
0.3505910136876157
0.23921087644754147
0.478081805359662
0.4772988230116308
0.4915273596182151
0.3480676049519955
0.35694023566756294
0.22898870654292944
0.2107455186537347
0.3220978731541579
0.16854192379018917
0.21245947848467428
0.2818617771509172
0.15042230385848843
0.2762764456981669
0.13059924692917266
0.1601957545709831
0.20265162200282047
0.14862779733516585
0.11474168499341286
0.15141428763900064
0.14977651850132673
0.16693356011825364
0.13312491371914323
0.15730141515148238
0.12059451747810586
0.09639457263060083
0.15572885327074396
0.17982579619430042
0.08785180319632833
0.09214025586050192
0.09564873610292103
0.16664089850790254
0.24017748683372453
0.21770505365858553
0.10995581571453036
0.13456051564000202
0.14014104372355488
0.03777680470844331
0.13568406205923883
0.10272458009035927
0.060206162468633806
0.07194379493449107
0.05731999076266316
0.036100580305219565
0.10611382695776637
0.2653878702397739
0.06223202467264178
0.1982453021002165
0.10051946403912629
0.2645383003786235
0.2638832471878114
0.07981971642748768
0.1723007338444308
0.03952360698127652
0.13203401815028876
0.11359409324380466
0.0513277556734524
0.10639880515914192
0.04532863675665149
0.12832754424855417
0.24636666015764797
0.03654169199027844
0.10103274520999488
0.03805911618688097
0.12180045861327085
0.10717809928436715
0.08784688959609092
0.07637493084294215
0.053515669631344485
0.1442193390423046
0.14193123192756357
0.09292740179038439
0.10002820874471088
0.033983244216936846
0.09195225999157353
0.06138545843451429
0.16784203102961864
0.06964957912857293
0.1709213684151159
0.14529950300264513
0.1214085202960478
0.10293065632876461
0.12380497027516087
0.1798572575006781
0.11399341319327777
0.11396332863187593
0.0990123260359936
0.07307795538765638
0.08804410492276686
0.12248236953455574
0.05682344509281882
0.11730603390174275
0.04093516437346496
0.14775360960405876
0.11272740582787348
0.1275013435966789
0.06912671862681523
0.06976466661313852
0.08155762627194307
0.1193450958407301
0.07181291750124669
0.0712543036226718
0.24212409700844748
0.21478703631206986
0.31233288124434105
0.1332629974206992
0.08181939728677844
0.09352892378153467
0.09146843267693255
0.08467335052296726
0.11356840620592389
0.06269800602724733
0.06591236232703128
0.11580672365248726
0.10645102769713355
0.2577907497804477
0.1374818361198279
0.131729081944171
0.10976762713997819
0.09237998329183272
0.0862014258508764
0.07978271284294644
0.058837550599588666
0.10952704629749002
0.1460648801128351
0.1863342777774617
0.05702691864441316
0.1355712270803955
0.14781382228490816
0.0989588343978442
0.12714485596044295
0.046457882670402274
0.08656919968813058
0.10913569013887614
0.10678658111346544
0.12000479235040243
0.1399717912552893
0.10207184383572064
0.07595271121849134
0.05571966330285826
0.09510021746634752
0.13404795486600907
0.10202149983393605
0.14897146636601732
0.12891396332863195
0.2960121247446047
0.3052916157536407
0.18555463644784914
0.16550487858001267
0.18974285388996776
0.08468584205957884
0.13794205252217603
0.10065144843852708
0.15150849751127288
0.16045133991537425
0.10333785120112494
0.11306064880112839
0.07143816585362622
0.13715690160188437
0.0968518075268323
0.048302108846927254
0.09626453027047958
0.03465373397822639
0.13693979669123071
0.1607334273624819
0.060346205743167826
0.18794934345564512
0.037176892816763236
0.11384161192923359
0.1365419621020025
0.0626907926805693
0.10183175252454295
0.0880551718802391
0.28247789340583207
0.2733173571449786
0.49553638294199515
0.3541319259456633
0.20135517316303722
0.09138069667679952
0.1113379798501988
0.12166176213676876
0.07445081637229509
0.09986421701806426
0.03262462022695551
0.05556879778850035
0.12456269550813888
0.12127275343683194
0.21538393376735218
0.14192533695190152
0.1300776503071305
0.08678762009416771
0.1608160886979131
0.1823413258110011
0.22477659256836977
0.16705458805407047
0.1361586882043326
0.15253787243893333
0.1530732299139908
0.16396828765190277
0.341183040320559
0.2518032822707188
0.11101187431503577
0.16810811463096
0.10331253343200102
0.06705972113209524
0.08934718646762718
0.1128528573052923
0.04296427812473584
0.07954040948820025
0.07677837419969072
0.1775183335118392
0.24372355430183365
0.24195822961731114
0.16224629762165807
0.2084025086916129
0.10221138597749052
0.23421136259979328
0.17203949557203918
0.08068814943097204
0.1840458207456485
0.18758614363332357
0.3352457717335085
0.07885312482112697
0.0880803161326321
0.23395237129381266
0.067737110357643
0.07995872260969734
0.08143348985448194
0.061377120091280254
0.12381904495264054
0.15215000409443802
0.14501328730798285
0.1263897353128618
0.13111424541607947
0.12459622487853916
0.04571681503950325
0.13251965876095628
0.10514354558955218
0.11948130180630936
0.1852063274972695
0.3108048082067527
0.11912931240581029
0.1451332321279226
0.11599540155673355
0.06144752664324484
0.03715924834936087
0.14657256996720797
0.1878702397743304
0.07274232217291023
0.12582415217356518
0.11572923439312138
0.08808904831476419
0.05941586840462735
0.06439576655794592
0.0937968590984249
0.033718577205901545
0.06042340119919069
0.08750478421879901
0.12240368874921106
0.10392119514021357
0.16225586069194264
0.26070521861777124
0.1146326466596259
0.09896777741879519
0.19927900011615546
0.20148503870033788
0.2179397378317658
0.09570836173514129
0.13733681883179458
0.14990126939351237
0.2876163610719319
0.22693182024871816
0.13619480456725194
0.158079347244334
0.18602069947694333
0.06366524705904213
0.03604764690301246
0.10950634696756001
0.11119887165021154
0.07383013428498965
0.11480959097320169
0.11610658570233842
0.1595169280409398
0.25172446448788593
0.15940666570083414
0.13918194640338494
0.17196600046741603
0.22459802538787083
0.1436307972258645
0.18880718978077812
0.11702135063695956
0.1647948704923564
0.23411012891408545
0.17545329106011973
0.3835260930888574
0.2848062750870713
0.2614362586196759
0.20964739069111393
0.11249331016931365
0.06663226884141447
0.03811204958908808
0.09264298718963797
0.0985375732739671
0.06609294414162584
0.08848210631029432
0.047899800808639474
0.08166214325914617
0.08683063333883903
0.15850707955128063
0.1354776741227183
0.171632494163068
0.23109909449317392
0.13306723833524894
0.13620868405919223
0.15153953161563896
0.13735052818065702
0.06733128760738888
0.12515293325858054
0.17969112206069435
0.17379098444554042
0.20287729196050833
0.18964702168725575
0.07823556846204466
0.15195360834296887
0.15758606378797418
0.1652667114921514
0.041852676678387435
0.0711582342721521
0.13727684642182408
0.10203525322902841
0.08332044925395127
0.1316969247370923
0.19595318910835244
0.30745774465372555
0.40227384035721264
0.3943785679641413
0.2663974450876998
0.20976022566995725
0.0397353405901047
0.1990542831561682
0.28957027463878915
0.2241326958906776
0.16521190898217977
0.3613898150505195
0.46978843441466867
0.2455439500322013
0.3654013758398124
0.1629931458530919
0.06492245967869142
0.06092452354820651
0.049785619738113435
0.05036393754315211
0.10022558309450608
0.03274813149877197
0.12156407500962803
0.03627702497924302
0.07234049727545637
0.1382963773913186
0.17929478138222818
0.16918478960093886
0.15946315203483524
0.08410752425454017
0.0701681099698871
0.22417686846866744
0.2031029619181949
0.1523272214386465
0.29495063469675653
0.2776970613409097
0.2198025387870236
0.21782792665726397
0.11916834326823476
0.08453419264327564
0.02997795011660207
0.027684169354295896
0.08683063333883903
0.05359668257167918
0.054716289822165656
0.08797952542630706
0.06943444037045174
0.03350684359707323
0.10952407915409475
0.10183175252454295
0.18283256368713638
0.12401332931346276
0.1279225781936645
0.13532796848285594
0.12078984485190408
0.13773105129460803
0.05399207025120809
0.07151302638174709
0.24468265162200234
0.12539206367254713
0.15757404795486568
0.1785613540197461
0.0872679014751538
0.11750439104190213
0.04337010087498997
0.13794076163610736
0.04931628638958377
0.1191537376586742
0.13574047954865986
0.12686448807488765
0.15640804520232365
0.16817298218681495
0.13852230589798534
0.09955740680380269
0.18573455367775935
0.042240854961239194
0.08018502088123422
0.1577234176066172
0.04474636933237379
0.16642343766734957
0.2442866712161351
0.1265093089726435
0.0959250599126548
0.2535633493540736
0.25334590068894175
0.11112485570003533
0.41767692996963124
0.08863340206722582
0.16178519123728954
0.12310296191819466
0.07150257645759389
0.14927132841586851
0.12572627263084007
0.13763668088164577
0.12897038081805423
0.058510675318479845
0.16695472131269065
0.13081346649233308
0.31371567655420085
0.21763516325003737
0.16072605872017853
0.19884229104675094
0.2279528842104514
0.21880971776274255
0.14944950975849644
0.2793128749923204
0.4695239976568221
0.16948153122192686
0.08360463920668046
0.1103484991343317
0.2115666316010588
0.12728718784059276
0.16193104136637546
0.07750571482400499
0.04988619674768537
0.07615769211238525
0.09401089267795204
0.1292405434858154
0.11926657263751764
0.09137439818487074
0.14033408581319917
0.1314207549567345
0.07728276722231746
0.20885754583920957
0.31074753173483755
0.212153908857412
0.11687048512260166
0.28824469245591067
0.19441535950257233
0.26034023168070836
0.22943513357247886
0.708514051388133
0.20960904074655018
0.23016958088228537
0.26465444287729184
0.1194145925369023
0.062332601682213724
0.08506448006521918
0.10076698923585027
0.10503270709775714
0.06811985908177892
0.12069270216854212
0.07891757319947591
0.06324750469643078
0.15592990717229457
0.1500659858790807
0.16183742223968559
0.24678310782498833
0.1930780761645529
0.2913399449636618
0.27899165118144525
0.12464897518543025
0.12004380002486495
0.2575815008220786
0.2068339533229256
0.18579614319525933
0.18211062437317588
0.12609156603611263
0.13120752702346541
0.07602494394432927
0.09716606529477903
0.06647505155041944
0.07458893394506932
0.07495818609331219
0.04156344920560686
0.07114538953177137
0.043851576173368594
0.03442248152599869
0.071184546429027
0.09938157818423658
0.20430193859211676
0.21880971776274255
0.13065044053623454
0.05033966549892046
0.16131043847526244
0.15249632756625053
0.09065061885096877
0.20930888575458403
0.5818886353239463
0.32241331025084424
0.14536374484694925
0.2577132921604341
0.08722541155127057
0.10683786985488618
0.08262128602111202
0.049936485252471345
0.11138691962156148
0.04838112961725893
0.13085979855501098
0.0697336325087733
0.13445814315322507
0.07408911862249107
0.1975491184418923
0.09837811083792221
0.12095369941546721
0.15782891822040057
0.061854860886747
0.17799717912552834
0.12309995068068323
0.1677856135401976
0.08342879834270803
0.08440049102695253
0.10783039312644856
0.17048899187444358
0.060471927005132764
0.08829202691920782
0.0823453074551404
0.08359808940264232
0.08948229346668134
0.09416012010188242
0.10759050348656776
0.09517621462273294
0.07716780405941329
0.10045378670011196
0.09653306161207695
0.11035918442294425
0.19164814465643037
0.2883331774708271
0.2378623661840156
0.23215598084282524
0.10382605942850079
0.19994358251057873
0.10952704629749002
0.04728717263831289
0.15734837799717907
0.11865055487294768
0.0847289874077892
0.06396207872940954
0.14764810899027536
0.1622253689694344
0.1057068579777171
0.10977190716659153
0.05921471438548345
0.0825398857393178
0.11262818592406583
0.07537484941178868
0.07562086178681085
0.07497756941968046
0.0967539279841068
0.11837168866530082
0.09361361268584381
0.0933246817824925
0.1016675616167633
0.11613372492109736
0.13892002466374276
0.04423467977770545
0.11568142301381676
0.14420310296191874
0.1767215143907992
0.05783178050386922
0.183842536432198
0.13356626871154478
0.23864238837870816
0.10427459066732449
0.11746060662902912
0.11119116053611063
0.08965766113651173
0.0558453845648232
0.05250970458604559
0.056980197255939294
0.07578366235039931
0.028813415268046677
0.04840268585649919
0.13416973076897692
0.06582765276483893
0.20795486600846316
0.0719894270016107
0.07899428056034594
0.07701684507971797
0.1345354314761307
0.13150916784203165
0.08799916153076953
0.05536764376935646
0.19616975301257739
0.15505470239078337
0.1954013764469746
0.07957654798462362
0.14826516220028263
0.15631878368789082
0.09727333674406777
0.08588682210689506
0.07208828321729349
0.027701813821698264
0.10578279266572642
0.12027069971340733
0.10687083456692506
0.04339897963029484
0.060826844555939265
0.13083021410422435
0.08984184060265998
0.11062298295831641
0.049861052495292386
0.11198871650211564
0.08899071823222195
0.12186177715091683
0.29946246096851253
0.20968246989508463
0.08433069193879017
0.1404968863767869
0.22358251057827985
0.12988615319667196
0.07331276205678743
0.04192325454799679
0.04208205475461799
0.12572627263084007
0.07562766395222105
0.04724605024642183
0.11159379407616359
0.03472431184783574
0.08062844524320768
0.13385841905352272
0.11509167842031033
0.13250877091231586
0.18669411223728336
0.15492242595204497
0.11444879620264374
0.19613296267634225
0.08282516738249789
0.15490473625436044
0.18602069947694333
0.13374066298786855
0.2307138611554215
0.1325831682753594
0.20240688364947904
0.1365419621020025
0.11820112095297436
0.13659090187336445
0.08840719141374091
0.0651433736494968
0.1159696413326561
0.09920091655224302
0.04400244168772651
0.06067548970378766
0.031742396856837655
0.09641748942172072
0.11012693935119892
0.06870950706471916
0.12161681874477141
0.08888167490214806
0.1916502115655854
0.11380265955752082
0.15150417442299555
0.14792665726375148
0.17595905085261412
0.24513399153737678
0.10781855426112655
0.12717775968889708
0.13272315946544122
0.055633005719627086
0.10711451519412293
0.14765129020134032
0.07749215860009208
0.09545976460232616
0.08570704853890575
0.11250824110412536
0.09236578736762119
0.10541626751530901
0.06937953316724771
0.06313140238227438
0.1801331151252928
0.05847376497140634
0.1113379798501988
0.08726110208338132
0.11239412140368289
0.05805029775374985
0.11388760653344038
0.05031364903836614
0.06352008264848004
0.3151430646852693
0.4035543018335679
0.15343674027887994
0.28823695345557065
0.4319322990126939
0.21258091214077032
0.14843432654314376
0.11378496841833502
0.08435874677898593
0.12797224451961636
0.1006475855496409
0.08647108620286037
0.09023221236886958
0.08251606770709546
0.08184798334406707
0.11878671764033195
0.26381831329499905
0.16738299622687358
0.09331032063037333
0.10384011320621071
0.15793107947861307
0.11370678175324159
0.14031206994000894
0.20700926353969548
0.16265013563833225
0.1469775182739435
0.2713475786516526
0.1332629974206992
0.31593794076163567
0.13810176442547506
0.17041148993615574
0.14781382228490816
0.05921471438548345
0.12498250237792978
0.10732491859845533
0.04347596767940419
0.04774893529428156
0.07667503847686985
0.0911451989705826
0.13399709399114068
0.11847811015145666
0.040282319079577786
0.07206119033616891
0.07582436249129643
0.09446502702216797
0.07450805670173456
0.02505514371134495
0.07619922401176246
0.025884433679255574
0.06626445042512934
0.05934043564744839
0.1783073172701931
0.19185286616564182
0.07651396003185824
0.10683044277765026
0.11554770000686551
0.13461212976022557
0.07138804713351259
0.07074089900379539
0.0681320358617445
0.0451087887930179
0.08349124994480839
0.08375384560897832
0.18441516065841493
0.1550774195132797
0.1622599439993167
0.0843196615604526
0.09856085865014177
0.1303755509102988
0.09105531218658794
0.10044848111402957
0.11260930888575456
0.09547805547424006
0.10885471783762865
0.18735380874695493
0.15015587266307562
0.2126892373879206
0.22869409170080202
0.08372018982533368
0.11815250902427986
0.09869568882613378
0.05411043114970716
0.08115608094881645
0.07050948511790521
0.038359072132721
0.07573601304097781
0.06799572266431791
0.12389280677009813
0.12413641746110012
0.5758533145275038
0.5614017297311932
0.3834570205212081
0.17711163361262472
0.561579689703808
0.45118671226118245
0.21707033090865355
0.1908951641675543
0.2952388220675596
0.24636280903995647
0.27280638942378543
0.3847644824537425
0.21597121102370412
0.2385813853932827
0.047198950301301175
0.10607375789287163
0.14804280837224204
0.0649727481834774
0.12575673163015896
0.12222246106840565
0.11820112095297436
0.11713500550185231
0.07520645890742285
0.12816474368496644
0.15925317650648071
0.18499294781382183
0.13402119493603376
0.06791462571345676
0.10781919740159156
0.17409990614353785
0.14156214097251413
0.40016925246826507
0.11933281311029574
0.09438362674037373
0.13140101446758717
0.07498016063588611
0.08379208178624292
0.1170892485831427
0.12035025672853705
0.08350103106854595
0.06851808777088844
0.08469699320686411
0.08856350659208856
0.0971226701062273
0.10301821871853563
0.12464897518543025
0.13049365303244068
0.08375384560897832
0.18087678847017136
0.08130935343702096
0.15616815556244296
0.11681923424282392
0.11395375184501526
0.18372931890429706
0.045452148028467955
0.10105358344714167
0.13807285543903627
0.1486025316425502
0.08018502088123422
0.26819661738680683
0.11847811015145666
0.12696508239245313
0.0611256775673504
0.1063461231712009
0.11691711378554942
0.03599471350080535
0.09043571307335505
0.12408291622837749
0.12624192298730494
0.053984709887742226
0.14121297602256686
0.12856477936987848
0.24648801128349768
0.13139132829903502
0.128104739273414
0.30136136010033604
0.20994441764768867
0.4164174894217206
0.43244701589934825
0.3705709059152135
0.07765330103776685
0.21391994055515456
0.20858822209763464
0.2427177302408173
0.12474591752195432
0.0669960427267441
0.2014473250899563
0.11445275409006139
0.10480217044153417
0.0914105145477897
0.11736943283435573
0.04347596767940419
0.07752319270445729
0.06889525155678335
0.15927316047244258
0.17673869218222665
0.2018671319597472
0.21237273554656919
0.15566615563783548
0.09861575788529338
0.17777150916784173
0.22872533068304077
0.08425759335172203
0.1490257691620518
0.1086546302637056
0.3862822926181621
0.1349307318650901
0.2820399023633827
0.09275696513418322
0.4537053895767619
0.1310518434722462
0.1056090571550313
0.0769645788258824
0.08230919109222155
0.13570998598883588
0.03918836210063175
0.0742335776417382
0.13083021410422435
0.16243250224784964
0.05759154160128861
0.10433665887605505
0.1800371747305883
0.20006578533081928
0.24372355430183365
0.20409093736454997
0.1935936262930721
0.12478813365277178
0.18073457564254278
0.10724023645608786
0.1766275305495012
0.19047665939842587
0.11318137862015852
0.19570363856874612
0.1068127841654071
0.1385062517940633
0.14194640338504896
0.058837550599588666
0.04089987543866022
0.1094782685384153
0.05579509606003723
0.03652404752287606
0.10288995618786749
0.08595869757467409
0.08363691126441658
0.15627644569816582
0.20784720897749182
0.21680026204233158
0.14659310285243773
0.19074510972091308
0.06286723735459288
0.13730206255183933
0.13134826416069484
0.16191819464033844
0.2567418870824955
0.1102021046010921
0.25500268719335895
0.2643159379407619
0.19531734837799708
0.11560203876064992
0.11026325599146658
0.10468076238733987
0.05929014714266242
0.09727333674406777
0.103234971417864
0.15785613540197457
0.13469534581599435
0.20858021543901406
0.17585057105222746
0.24578815087758352
0.14706582980584765
0.14278515637551278
0.1479536464552065
0.13389921444841432
0.07035431459607876
0.061427408596066234
0.0902186745714653
0.13590881739992194
0.24637967492935603
0.2396614950634698
0.10666191865104918
0.08299957466068059
0.179414020853336
0.18464975735156003
0.1108772341610882
0.1022815397863849
0.04695192775766812
0.06542534472655115
0.08463000260410539
0.09126604909611398
0.11541463064914007
0.12489429651767345
0.14949436973148908
0.14691719363090006
0.11468293516441186
0.07532423134065594
0.2867837843349544
0.4806188935013118
0.24900555669354343
0.11385317483544331
0.25938067312118435
0.12047439314599817
0.0712483593707118
0.20094190562005634
0.21752601726707027
0.08838204716134793
0.13839396517099836
0.2091837659761138
0.10777397309551949
0.12959251456849535
0.06089937929581352
0.08068395476087009
0.11351866043125115
0.06198058214871193
0.05731999076266316
0.1418947219895314
0.23671110215244245
0.12779844177620267
0.5104654442877297
0.3505218617771509
0.43109701603837686
0.19080274530066083
0.20658517766077808
0.11815284199464407
0.30348579760769506
0.2505093672216473
0.5095855675169259
0.4998619081071266
0.5199950454090931
0.286568919708951
0.2158111617561234
0.24750443993653784
0.1189826023236126
0.2577907497804477
0.15934789555703135
0.046316726931183314
0.09282300615653793
0.14549794026138022
0.14207215626598982
0.18267596076927836
0.21837994171501943
0.21464099874291892
0.17960972177889986
0.24001389635789597
0.21494347582508727
0.21127888577944257
0.2241326958906776
0.15451880563470502
0.2632440056417487
0.15486345048840422
0.20282952808394453
0.1261487142556139
0.25531148535653114
0.22438885169809306
0.17772862192401176
0.10804485253266341
0.15602268780973969
0.17555302133606124
0.1412125715494699
0.0706336215353662
0.0735818614500674
0.07870248867033776
0.08541519830324874
0.07442698708324029
0.16446926936517972
0.15244716788076648
0.25557523689099026
0.12282967293973948
0.0807381944338799
0.10185393052683309
0.19351198871650174
0.2253187073539848
0.10377032962585567
0.16223534206743295
0.2844467279510929
0.3922512820477619
0.3938865415614088
0.5037082713398446
0.3113850615825633
0.22633492209854675
0.2768970380818057
0.12352398291951727
0.10065144843852708
0.12831338415237306
0.10011455801124963
0.13978831326338975
0.1469275086385298
0.07244818315407195
0.21150916784203155
0.4231653247498451
0.2758730858629938
0.10796941977548445
0.1659751745783714
0.12781580837006182
0.1578307626447876
0.1735001820438355
0.11640338527308124
0.07572321465127134
0.10082980508277894
0.27986250196736606
0.3153940849063433
0.27484575597306216
0.21918194640338481
0.1330526809933058
0.14107730747961442
0.13224259520451373
0.06967156430004273
0.09350526359708705
0.14081521861006766
0.11344239001879597
0.05737918396079547
0.10288995618786749
0.19882018828233167
0.14558098357750562
0.1508580479123344
0.07677107766764911
0.12230540530354944
0.12729234531444697
0.08285031163489087
0.16840288981399043
0.10033325941293461
0.2966149756528463
0.25791259508155917
0.20537291096676383
0.30651622002820933
0.2563137411874765
0.2810719322990129
0.17586530881636736
0.09237998329183272
0.12984145948028283
0.17601902326258462
0.14542160342533686
0.10477356882779047
0.14520430163320483
0.07211371586308557
0.09670226920219738
0.10312632880580934
0.12745706662818565
0.08857522635982501
0.16184382389653124
0.06969986763335889
0.07098369235967651
0.2252697675826216
0.15161649153363171
0.1093523536570987
0.2591095074527444
0.2975994302395921
0.5694380326672018
0.33633595674240546
0.16552461350303083
0.08472873246611143
0.11433091563091005
0.13024722739567035
0.1823985278688748
0.18544428772919627
0.0423467217656534
0.14902160379949697
0.1436918359733864
0.04418174637549834
0.14531314935783401
0.13868055681866104
0.16302215023079036
0.13704660487705547
0.1423534367235171
0.16389946739261957
0.25374326658398383
0.13568917548638745
0.2675495565554393
0.10799456402787745
0.11408136764675143
0.0735244956656156
0.14952174248433386
0.2577657757674709
0.28084626234132626
0.27876093768208066
0.18659024277991035
0.41037811232760824
0.08728718023945302
0.16654338248729053
0.1200069481789481
0.06534991196937219
0.13429073261931604
0.10296531106588001
0.10993153682546587
0.13032661113893565
0.36450341710957423
0.47496176662776934
0.15084255182273804
0.12782947588056875
0.17919756099100528
0.15093025488264364
0.24548189315542668
0.2401418995784992
0.1859996438997443
0.14705477861525987
0.1170892485831427
0.21044318658548772
0.20987218492185122
0.24384781893889884
0.24614950634696778
0.10636018762233335
0.12633587490449122
0.0952350476423395
0.12709658622899672
0.05680086615575667
0.07302324757149238
0.12723474274443786
0.06740607468137769
0.08987476624183685
0.07828850186425165
0.21020024437150614
0.08121748345304275
0.23097320169252428
0.16205412041719913
0.17393092702966254
0.22350305030074863
0.22804288944644865
0.4368390342230543
0.12931911289010117
0.2889470712365007
0.3676163610719318
0.13024722739567035
0.25957686882933695
0.31820639340043577
0.10775041035623537
0.20192710436971764
0.038623739143756296
0.10923356968160162
0.1220310296191819
0.11990243983867566
0.12310296191819466
0.1995037170761415
0.12491664588835708
0.11126331683896563
0.36768450224815125
0.09698157614148484
0.2833746486229927
0.2567418870824955
0.12485274296857891
0.061455679962404426
0.1461341572890966
0.14310169539420162
0.19664953229233878
0.1123218886778451
0.28611382704369354
0.2550270828612261
0.04961624233542393
0.1455499494731408
0.16848448021255416
0.05884066187656165
0.12323478085667523
0.14783199057658314
0.07106809899648012
0.054588171945173895
0.10586986593193355
0.1010991499883951
0.04056463055801545
0.2090038487462036
0.2173415246218608
0.15631311736670964
0.07304809504575199
0.28970380818053615
0.23936442173508615
0.26172073342736224
0.29042419908673833
0.27601732422475733
0.13321424917804248
0.23541348728200792
0.32633039544664816
0.11431850429986175
0.2904839069568834
0.22966395180141966
0.23895889022005956
0.18592219140699157
0.08968856161564519
0.049757398074642765
0.10777122695006101
0.08351277484695546
0.10726538070848085
0.25326348730422243
0.1790806199472382
0.2436009172265412
0.13844313957349208
0.2561354019746119
0.16046500044876702
0.05619762867650254
0.09227940628226078
0.1577153183843287
0.26403006650189975
0.10905062262838286
0.26351876940912905
0.1686425007997616
0.2466075078967699
0.3393511988716503
0.24724372492448504
0.18668547992790382
0.06997795771774219
0.04640494926819516
0.0678643372086708
0.09230791955462167
0.13994656418406545
0.1659436583875882
0.0978392271473576
0.09300858960165737
0.18674188998589614
0.13605033911557585
0.11417446995984733
0.14989472408427865
0.2398871650211564
0.06406706113795312
0.07858845781009169
0.223300423131171
0.20456824429618972
0.11963635288583024
0.2768336105684039
0.19340706954301726
0.164871196724875
0.2136914932188659
0.1851218316369967
0.20256171367031792
0.11495838317092638
0.12100920400989316
0.1320592467544157
0.1281732611989755
0.1355712270803955
0.05642370236986188
0.09352719874644104
0.04419939084290071
0.13076801078488434
0.06718544239406016
0.14844290425601803
0.2298854500663358
0.12743107112765567
0.2068339533229256
0.2608684893633676
0.15739030470252272
0.17022206244353486
0.11873115979968274
0.27572667185759075
0.1769149598370533
0.3665444287729198
0.22741356350648317
0.3010437235543023
0.08209970682316048
0.11719736040371047
0.07208857161069258
0.04681077201844929
0.08487827543902762
0.1381080347856094
0.08031626209733216
0.0652996234645862
0.045628592702491526
0.042399655167860394
0.26855645184662724
0.2936848916241478
0.19670378095568136
0.17008588880897907
0.12575717568368328
0.1170892485831427
0.12161533183637098
0.11419993954962891
0.23491910997003718
0.1828932618214171
0.08628144559751882
0.5865301695087137
0.5515022834865446
0.2156146866259597
0.17323200783282044
0.16885232373396375
0.10477356882779047
0.10553546534617894
0.10799897096958089
0.11433598924120411
0.07025304118600459
0.045610948235089155
0.1290324784243311
0.20934631992355696
0.07621222900314242
0.06939813660464295
0.1161175019794249
0.16696470127007557
0.16473906911142475
0.24976022566995718
0.20693945393670898
0.19874856664129575
0.21608782872315666
0.10527919790865546
0.23257610308614635
0.21059451218022923
0.09857963937696057
0.28996660220599524
0.14580175710368456
0.12022612031107593
0.09037131191168121
0.16411847672778596
0.1208322954945674
0.1404795486600848
0.04227614389604393
0.11867894555460742
0.08465675468195138
0.11658361950227772
0.2729449478925955
0.25238240091757186
0.15923704410952327
0.21122405320152027
0.06200265845187751
0.14184134514356994
0.09001642356689202
0.19179176708475076
0.07455270834520521
0.12431318383092617
0.23096409147427224
0.13749499363233308
0.0809704609094097
0.31689421428262154
0.15898771666330472
0.18437403270109246
0.15321202331889391
0.18801350525662777
0.15531734837799713
0.08866443617159117
0.14490509303189852
0.11884441141953059
0.14795193539652285
0.16090267983074744
0.1513638239963129
0.08552999163069828
0.045310992289249126
0.14379733658716978
0.04282312238551701
0.07929213665327801
0.1219587095339463
0.14822155341925272
0.4442103343362293
0.5737123377557092
0.26670555164516974
0.1482002236042629
0.21775073422705754
0.24460317305748652
0.3193794076163608
0.15204988788865878
0.11204165183827945
0.14585290104756587
0.1624652586093151
0.10270484751842285
0.038570805741549315
0.10528961255612328
0.12348846843380983
0.09119381637027618
0.39755897628286757
0.16998679895429342
0.25390666066437817
0.28762767821715635
0.0745778525975982
0.1093205784496093
0.07081982616155788
0.1263897353128618
0.12211696045462189
0.16288506547910725
0.1608160886979131
0.1779407616361073
0.1944866143183908
0.23113610015462777
0.12554047750616978
0.07572321465127134
0.03435377803238635
0.027507724680272325
0.03883547275258461
0.03068372881269635
0.0985375732739671
0.05697861561464516
0.08696597371156184
0.05048965880511704
0.12406205923836372
0.04568152610469864
0.18553067323608985
0.2648381624284747
0.4392947813822285
0.21453704748005964
0.3923897516033533
0.26232443024353663
0.24101224371918975
0.07982053788542187
0.16224965666331484
0.13356169316538083
0.20866366044472734
0.40664825228136725
0.08511237354023543
0.20496370603402678
0.11725689825198753
0.07678322223803756
0.12623136365631496
0.13461206519553234
0.06894552567391264
0.08415111526811218
0.06548195577126639
0.11892806366569407
0.055795095160808765
0.21178635151074357
0.5091459616484668
0.2711556176935641
0.2572274381730929
0.136101504105043
0.11305724218535573
0.1916976626556336
0.5399035576667421
0.17366684802591156
0.34437235542821276
0.321977375421552
0.38708039492193297
0.2618402017762404
0.15677694273553813
0.09740883377040269
0.1448333700780392
0.09631368905027533
0.07724388576516984
0.145331452750353
0.06484702692151245
0.06245832294417866
0.11500846270240311
0.13294255352809856
0.17797583230942113
0.18654600133966903
0.1864687817503903
0.21501884435937635
0.15640804520232365
0.1316649558021167
0.07319491871598398
0.09097711819276265
0.14477339766810216
0.12444275068819789
0.0986678617139724
0.32035649815695927
0.13178705622480844
0.1513693442470032
0.15839806868036396
0.22952752769117865
0.040494052688405974
0.13342736248236906
0.12112834978843436
0.08388276811571024
0.13111424541607947
0.11598664088239795
0.06234751566983775
0.10312684997355755
0.0656197742693604
0.10764254449437564
0.21442284664963532
0.12022612031107593
0.11539998087330497
0.19728614777550196
0.1045207542873581
0.164178210966242
0.08295088864446282
0.1368338736960489
0.1619759847583729
0.17298711579771847
0.15804520413319886
0.222694507346764
0.07650641065661382
0.10114014612643173
0.10600354477166173
0.05821997978925619
0.06646333008496348
0.11072289416598334
0.10612129760225669
0.10663094492704425
0.06558731506076099
0.11889919173421938
0.1037470108931148
0.4875599435825106
0.18435765854537792
0.2707145749689498
0.1417206080938469
0.1648291499496567
0.1718358358705291
0.14074108722217032
0.4716830044157496
0.16562964034617234
0.24491967489883792
0.08887518230566502
0.22395292232268904
0.12230164363948677
0.15569764054346938
0.1499514594553887
0.10233610357791736
0.058083223027799086
0.04550508143067506
0.03742391536039616
0.050464514552724056
0.036647558794692524
0.15119044553491523
0.10032584731135027
0.2665173899076408
0.23815503419384526
0.264478327968653
0.168695391887312
0.145331452750353
0.10716347098206298
0.23813822284908334
0.1291205986658757
0.12252363356915152
0.06495438043652095
0.1938573778275312
0.27055632404827407
0.25446948548887444
0.42190590414046997
0.23097320169252428
0.17114409247230358
0.2270555441472382
0.0977669944215198
0.059994186209666026
0.09832000066771407
0.06287509544404743
0.1100371401763893
0.10296531106588001
0.13288803489210793
0.13310527362266555
0.1892770025238126
0.1934477696839145
0.24389280677009925
0.18177755754929875
0.2755732238131427
0.15937940761636102
0.09321633269373572
0.29734320863233105
0.338279266572637
0.3263793352180113
0.35295363106797034
0.3024175094109489
0.20333790392190923
0.0784120131360681
0.07488311965559706
0.09371262866866098
0.1860084626234128
0.06706469953335967
0.03842965000233048
0.1654160789844858
0.05551850928371438
0.12338504936530328
0.19682944952224898
0.20953455571227064
0.16768458049605053
0.09241956279978938
0.045593303767686784
0.14867160431616616
0.055597716784822344
0.1431643329044682
0.1885532569463596
0.1033289143110337
0.10883217675884402
0.06951920156528096
0.10180907793920276
0.2716828046238515
0.3240952219636039
0.22770098730606478
0.12712823960934677
0.20894396559859965
0.17407029138482896
0.15156732470079912
0.2183595447015567
0.22201786170974
0.09688080447017736
0.1805769264203202
0.11664660381108716
0.14186507354552297
0.4718772754793915
0.3009066759257078
0.4453708410878503
0.17772862192401176
0.1548749010344582
0.2278285754658801
0.17767024749120058
0.18958125629868905
0.414160789844852
0.6609308885754586
0.1517247751928553
0.3554211274851042
0.19653898294528802
0.23389486075844187
0.18581868721784972
0.14871542811839839
0.16234305132055132
0.18831281246880735
0.06200265845187751
0.07425524216130208
0.0737991001806243
0.1195598614391365
0.10708021974164166
0.07563391119810374
0.18259428695432628
0.11239480819665014
0.19874441150402458
0.17138707931226213
0.24629118287802576
0.16964739069111398
0.04328187853797825
0.10867413602303409
0.14008794710485242
0.17509945522159268
0.16227146175673615
0.18557126555697
0.10290909007525247
0.09861575788529338
0.18259428695432628
0.036665203262094895
0.13320169252468242
0.09771509167842032
0.034618445043421646
0.07119033292376858
0.05254073869041081
0.05185798839437479
0.169149785568345
0.10101746708422271
0.11078578352190487
0.08082842021254572
0.14403779863483568
0.11379759394829024
0.11026130488021889
0.14632991637454684
0.18640664530871548
0.08430526524845493
0.2473754563725709
0.20032609349552336
0.31355388547125457
0.40067033965618515
0.2658897778136832
0.1617651895138482
0.15067746609773897
0.21891377360115805
0.11945953592889964
0.14070521861777138
0.15766746581169758
0.09819190621173053
0.11055494350839523
0.1335076962775126
0.12482733213140386
0.0872342468372459
0.1841573345235789
0.34742017095746186
0.08562309394379419
0.08615067371800388
0.16199064321061826
0.16163610719322954
0.1332571572720795
0.08622851219531172
0.3246253886124155
0.25606501309515195
0.432341103475288
0.2058057058365948
0.1460629621508591
0.2061553390917463
0.21653726264312997
0.10407026027388336
0.10170965210185161
0.10687538616964759
0.0977669944215198
0.13709804761190644
0.13952045133991484
0.1690267983074752
0.1310259886301912
0.12090887060711196
0.28816742990688815
0.07483018625338995
0.21851607913456594
0.20500870223845338
0.0686546226625656
0.15201502625066626
0.20130289687705466
0.3885472496473912
0.18239640685872524
0.20231065475397048
0.34751902180347727
0.4358985090079354
0.4323850968653257
0.24135222964874428
0.08428762078105256
0.16780280309666445
0.1469923768370001
0.16658546916444691
0.13786333592879596
0.1739199889136264
0.11019102326562866
0.12930434763008544
0.08008444387166228
0.06900751201061261
0.2548293894857073
0.30615915289795353
0.09607412500582607
0.07451258584014755
0.15095682258734175
0.19436659563971787
0.2201800313608992
0.23536854389001047
0.3767466794328976
0.41500728170333245
0.18812929640432582
0.39996028459579736
0.15394797808555283
0.20203493416844492
0.18054582501953392
0.19343537537239638
0.049563308933216824
0.07040390670036252
0.1080962742163313
0.13306723833524894
0.1115590861989497
0.16025543233742603
0.30673865038176873
0.2638832471878114
0.15938150956119937
0.2565774927219356
0.27035260930888544
0.19487227461531295
0.07767094550516922
0.20040836373035784
0.26807667256686585
0.1345638765278331
0.18709854770396608
0.33901269393512035
0.18437361403410013
0.09630350308205675
0.2981228499619449
0.20710860366713651
0.09630248666513867
0.21073747603292226
0.09223335817359783
0.13256152121920692
0.09727333674406777
0.14064880112835035
0.07941627307073912
0.17370944992947787
0.1436840242154594
0.2482672973932442
0.24709353895632122
0.20095286512474872
0.20488715701954666
0.045469792495870326
0.13903789044150117
0.09455263812173584
0.16936530324400512
0.04913984171556032
0.17523938193297203
0.06191443611486567
0.12116455765197577
0.30959155114824066
0.09390385551533637
0.29963443728444666
0.22474617803378333
0.11622245587308859
0.10997178070396291
0.17673869218222665
0.08807478818865093
0.11957701395567831
0.04658139394221873
0.10267881977849312
0.04838112961725893
0.06202030291927988
0.17595892014098422
0.10575672556490157
0.16769322560917563
0.04275254451590753
0.15782891822040057
0.07090679174822223
0.19181839704459897
0.19145238557097888
0.1506719216010623
0.23036279747758268
0.13298795090650634
0.43526093088857576
0.1944866143183908
0.08929864952332153
0.1929078723034782
0.0969002017114657
0.1238098286089767
0.08667825349221356
0.08497137775212339
0.15047077661527195
0.12306646597867514
0.101342514350493
0.11774550761530882
0.17936907746133854
0.18399307043875615
0.08526415986461754
0.12865314537573208
0.19684062059238353
0.1733145275035257
0.11905504540092365
0.1555940230947516
0.16438869200739178
0.09701261024585019
0.12184904709641302
0.11317161391870859
0.2512831430456323
0.1055139150660863
0.12013923793368997
0.23262699697817313
0.17743300423131184
0.1607625131744441
0.1764278757626226
0.054574337675485786
0.07679054680818109
0.15210480939534882
0.08186968579156441
0.2306042026611587
0.1141244151584358
0.09485665675506358
0.22674188998589606
0.1930661232241539
0.18551124220897988
0.16243110115288317
0.23257300586449778
0.11465779091201889
0.2645102156902497
0.13376742273068842
0.2504669768427183
0.16919793699948008
0.2057427988088949
0.12345827924956414
0.11976207414779518
0.23125528913963317
0.20169252468265178
0.17469963024323895
0.11853212624051924
0.11262814034530563
0.044887525071592625
0.05429202619704812
0.1092124425535087
0.0584100983089079
0.14858271704844234
0.07281871696952144
0.20998589562764508
0.14338659638048107
0.12056749545909395
0.13918795807825954
0.29624572350460376
0.254045178334142
0.2571049957908538
0.16836350795327742
0.4083401256497744
0.3020357455973752
0.3387682832513433
0.3647546627198058
0.21944593479045768
0.061385102092795074
0.07915410653312178
0.10830307492718175
0.09458875448465469
0.09588894354973586
0.07596078647921256
0.10238988887514168
0.04868108556309897
0.10501986997882035
0.20730870608495147
0.1983411539133384
0.25056472885556313
0.2288975924052882
0.26630102188972204
0.20582061251663222
0.29698422780108874
0.18112356003838953
0.2076025101206784
0.26076163610719355
0.27306064880112846
0.14291205060209178
0.2063904144891911
0.31349507385823605
0.14674185696546996
0.29528913963328646
0.11265379884594884
0.1489668666625709
0.19029245683549617
0.17788434414668505
0.11689080465646974
0.1503383746417587
0.1920111170863175
0.22843441466854686
0.2897046854500149
0.22714748634671186
0.23060699832296613
0.45483779971791305
0.13776038927745682
0.2586010317915718
0.21995296043492668
0.1806679254422244
0.27820511854759167
0.2609286032913049
0.19358559917360404
0.209914681926721
0.13784079161835242
0.14387541219266908
0.3530575774946625
0.11020725823846021
0.08991584655732007
0.17469963024323895
0.13020100661626122
0.10331253343200102
0.08878857258905228
0.07560876694571075
0.10930232933750338
0.1660930888575456
0.1599928779765739
0.32405452182270666
0.30268694785172856
0.27383402392400735
0.2685518123863847
0.13211365555741425
0.10865039938282826
0.16619946354781334
0.10042636172603038
0.06583150787818859
0.18557961300745177
0.18101521094963277
0.21847840904266025
0.21768410302139932
0.28975743575690593
0.19120111699446027
0.22544428772919622
0.1338275285846114
0.08689596918292447
0.055820240312430214
0.08834062369968136
0.13865621185114024
0.08617364192454607
0.14719322990126937
0.19295936799314886
0.26314915061737115
0.16081167590506873
0.44840620592383607
0.17049289021795022
0.15961185212170811
0.27072825644023313
0.15662772111069057
0.12041232493726761
0.20431470730343929
0.23724838801439313
0.32648979987785653
0.22885175205039804
0.24784203102961855
0.1782005492694084
0.16566134290215306
0.05072784378177222
0.04629908246378107
0.16768285827672474
0.11051580092143118
0.11300423131170663
0.10642595224967429
0.15622323058271473
0.16550487858001267
0.09753455503239498
0.13995372267968176
0.14591000511610128
0.1562071407630684
0.11479515204715278
0.1358673089111752
0.3200564174894219
0.15464967750621064
0.1439970984939384
0.12079801818259131
0.26369534555712315
0.21239860771422542
0.24610044761663252
0.13580410717452104
0.24734618901586214
0.16088843602012762
0.060061767037618355
0.05612705080689306
0.09047641321425216
0.08801557643341107
0.12190897046454734
0.12570666741652808
0.13559761894265804
0.04047640822100373
0.20006578533081928
0.0796821358333745
0.13211365555741425
0.1490257691620518
0.05501544936054465
0.14939183499912012
0.2034587355719064
0.13089165312507162
0.3809126186559545
0.07871196908190826
0.09090488546692473
0.06200614052181974
0.13301829856388575
0.2506064880112839
0.39161675571189153
0.4174079733927036
0.13873330712555335
0.14542581305567895
0.12852087456617337
0.09586434838433491
0.12359432799265388
0.04176445434137558
0.1035411584422211
0.15672116177567189
0.2068448419872749
0.24541769732059604
0.20145342201995772
0.1871580888522666
0.20179129856781905
0.16292091312725324
0.0909719051578255
0.1882023671704985
0.24449205246546787
0.12255847057676184
0.12802825547149155
0.28445328472982806
0.2382993249525173
0.2364678186121477
0.18970335672138078
0.17393640381752504
0.26826516220028246
0.2522990126939346
0.1837554641487421
0.08487345285946492
0.09505527407435019
0.0809059100802724
0.15250983855425967
0.12480722610610594
0.10834005833917561
0.2630657804696322
0.11636760007474194
0.10150862096575165
0.1804943509884399
0.15726534442639292
0.1882678690768099
0.15458087384343594
0.09129247433978767
0.09693870390854155
0.3555994358251057
0.21302453745541897
0.23138030100001122
0.3285754583921018
0.2580594143956475
0.1937376586741896
0.18352609308885764
0.13984568412243353
0.17176098215469895
0.13282253947843553
0.07269203366812424
0.049792687009447376
0.15366164397594484
0.12056749545909395
0.3142554282439327
0.1705013693828222
0.07737098955932918
0.2620635246386881
0.2280151027067622
0.19617839133077328
0.20336644220900305
0.2605359661495069
0.22966395180141966
0.3940587641657173
0.45548245207287863
0.34068565141418433
0.16376451583552182
0.4100913393763382
0.24797782149492656
0.14818784834418858
0.21391721756877083
0.16678674080416533
0.23281289550437845
0.16637446793688013
0.12120651395589971
0.13333366157889737
0.1179916647967761
0.05503309382794702
0.1997654121994185
0.17739094055191326
0.47165021156558506
0.3490550070521867
0.18278433276887343
0.07378916267665103
0.16313761130476678
0.0791289622807288
0.16769322560917688
0.23774330042313113
0.23817722452982681
0.2881976976923618
0.3062155315071622
0.1641668238738091
0.15805677054231373
0.14812479084708421
0.13776038927745682
0.189211680308754
0.15793107947861307
0.12882706653179202
0.18405532619859327
0.21272213816435612
0.10300386704476341
0.0729434761920541
0.271315182705257
0.1775150769693739
0.1520975827251758
0.2664665256158012
0.1558408394949945
0.21098293827522083
0.21873060648801163
0.1357975245751442
0.2583795605926431
0.3833004231311708
0.4393580209841885
0.29116196715501125
0.5349538969343283
0.4292806770098732
0.21916284502757255
0.2313685820022481
0.12540881574007734
0.23870239774329985
0.13290821554162968
0.08471098631197184
0.11983409216498063
0.15148592441900463
0.10284702186652189
0.1301633719597925
0.19626779285233464
0.15026205230048803
0.2137164398506696
0.17940424082395942
0.362143864598026
0.3438817987692196
0.3292552897724294
0.16145124461536686
0.2455190351228265
0.2255558705268199
0.3172930959544493
0.37332825206459497
0.29192019833947225
0.2337816093129397
0.3299531696084923
0.26912103128000403
0.18229593107810904
0.19231277435656974
0.23323270237417057
0.24355430183356808
0.2209182852630487
0.17689719090148592
0.10339316583996086
0.1983351888842114
0.22759333707447302
0.398396719432145
0.25725597579270926
0.30837799717912573
0.3256417489421722
0.4000759469113111
0.06967800177190216
0.11566356100773832
0.36745095588751375
0.38544963925281955
0.4204903755270072
0.5019719203827994
0.36145421354235996
0.19632998878601013
0.12037055661886976
0.27271908663084043
0.14710165469140413
0.2209141279313395
0.11958606438104429
0.2759930306829348
0.1480409716046585
0.16837448392801074
0.23563159877297873
0.15064846268131238
0.3435905894533139
0.31743517767713214
0.30759849073723894
0.41968970380818005
0.2833950810665036
0.306099180487983
0.2032464973890621
0.07430085223131937
0.13002092912413424
0.1714634266181448
0.13969124842444872
0.3878702397743301
0.2059112824636002
0.5048477471292787
0.16187034394920968
0.13945002377150403
0.23503187467327638
0.18516220028208738
0.22423684087863793
0.13431675369546764
0.14554894256325296
0.1905868588002374
0.08742656557041446
0.17887470014936777
0.13066900104065698
0.11359508113636521
0.6508500193528759
0.4563302454805705
0.232264329931582
0.38718187876771565
0.2663417220306193
0.3705695212059652
0.36169360453037347
0.2571434901878752
0.26096930343220215
0.432609308885755
0.5125462254818163
0.4534837799717909
0.33542568896341873
0.24190928984594798
0.2036873284116599
0.09670479470342645
0.23215319899470688
0.07684165553725847
0.17869492658137917
0.19923380921765266
0.14468214985319883
0.135029388093312
0.2499309540535633
0.2365370720819406
0.34857402794131365
0.33623045612862207
0.09895017319241006
0.265527719212677
0.24224723861953598
0.1587859538617108
0.22558280279158197
0.1706540409912005
0.1799825586289978
0.20057570133885394
0.3757404359906146
0.24646956171335097
0.08061757156136257
0.11485894493116276
0.2462059238363888
0.1153366857266295
0.16949409117849773
0.14173275463621154
0.22672081902115138
0.1912361416556879
0.2412297350971087
0.15891167512367577
0.36823695345557184
0.3094801972936048
0.3564518339767973
0.43038975393056655
0.2831915803620186
0.3186468513427007
0.20734403951752634
0.6586769787028841
0.4759392765024983
0.2251213930657059
0.1269519429599486
0.1452080575694971
0.2867388409429569
0.25718462034563766
0.366939351198872
0.34352609308885745
0.23554711956879404
0.2429190337455619
0.24166459098913454
0.2998589562764458
0.25884575591828535
0.22318888465873477
0.1665290040240662
0.2820558909506973
0.3812129760225666
0.3065097880447448
0.2299944766386489
0.2358530874462144
0.20240442867032435
0.2665592579361564
0.3037691608484327
0.38476073846911996
0.41380962879449074
0.27729005993193856
0.34512030714748654
0.5044279402594879
0.49069425837630815
0.47983925217169926
0.18614290046527943
0.3240952219636039
0.3353675910840672
