0.09387221593765475
0.1077065543676569
0.12914256786676767
0.10208813240119778
0.12446694378628076
0.14137439748608524
0.10726144116859643
0.1174585475626099
0.0493699009684572
0.1390496230763987
0.05688164745582215
0.13898317014450604
0.0860277099821338
0.15761094585693264
0.09372489166491203
0.11927978293390708
0.20678543847034644
0.058771826167766696
0.13949860977592332
0.20511246836259153
0.1620352072643312
0.1538924635749651
0.14970260305678626
0.13628236065862603
0.09730626105314183
0.08822514521938138
0.08682188228701197
0.09958054605542842
0.06262270192891546
0.1242496291746941
0.16098980150413483
0.2714974301616464
0.12354727788844544
0.2197052027529683
0.21332145559879168
0.17089991626799353
0.2286647656926145
0.06865364129912424
0.11401793038579233
0.18210964450965209
0.21870256451226266
0.18585832155952242
0.20558219157258265
0.07390304953540523
0.10510621088180604
0.16621593802620127
0.1809373804884052
0.20735662614876393
0.11067735213728824
0.09677927842591993
0.11460243423268364
0.11324807696311766
0.09698259623773911
0.06076649079529704
0.1202901475555068
0.177210909689146
0.1785261346771196
0.11318700972665548
0.27272129572058174
0.2292562413561122
0.08826074593235136
0.18062102207664207
0.08267815605680742
0.16671486024750162
0.16989682163040412
0.25594709952706407
0.15969484574995957
0.11095056556031963
0.05114255561541036
0.10102857739656476
0.15834085886735735
0.15804749941140714
0.10757012707275607
0.1470410867719702
0.13223933475564942
0.17695933530398583
0.19836355889323776
0.14888568821893036
0.16584174636022633
0.1364962399472087
0.18607051103860422
0.25512233278626495
0.1656251192462006
0.2082200301707991
0.28681299202030175
0.13446084621640392
0.19816056485472988
0.15089902583228165
0.21197837607520417
0.2711868665679457
0.1832811702471354
0.15303053969588745
0.20044655114335075
0.15122327025749485
0.11063725891064867
0.17023036210518389
0.0933459268392135
0.12565356143448522
0.08382012917505303
0.1455478379815736
0.08693797615012193
0.0836306467622034
0.17085591468429423
0.2199675108519075
0.22437111997220904
0.24807909609715761
0.2992042902998559
0.14044522568773135
0.2648431466538834
0.21218180267295164
0.09721975594699839
0.24591430654310042
0.1067144329057966
0.2922292457710047
0.12194759792381143
0.19303693660644977
0.30830077604873984
0.25938131405225473
0.26361807520143177
0.16978697991551786
0.05917899928011798
0.053314670260191384
0.15120820245758815
0.07181578840544313
0.16237856777108664
0.0759745015016245
0.15750369871679593
0.11410870198469442
0.16734812243521197
0.06013600769994002
0.1305074443199203
0.06379597994614766
0.1384259702997736
0.08750642338867008
0.12037991298395459
0.15745985304238075
0.18732561614427867
0.13254464012010492
0.17307611856908073
0.1472020957570713
0.13701860203918945
0.14815091221222723
0.2556090576501993
0.17432994066786997
0.17719235173497336
0.15961194675482918
0.1401679244734199
0.157086362546936
0.12430647143697468
0.13478383808428132
0.10219992322145276
0.1963129868954331
0.08707444558379827
0.12206382850279758
0.13615516131489727
0.14907713779940385
0.21600623152512557
0.19744032259941072
0.2423265228855648
0.08742335745101977
0.17271911008917798
0.2364111330798778
0.2877871051138384
0.20475767962165084
0.23024483097610568
0.21436193238168225
0.1353076684484262
0.1365775765461589
0.18917319410357478
0.27582146890652015
0.13344729566772182
0.09565416714119777
0.1466330341681238
0.08567879811491229
0.15307593930815658
0.1998751140068648
0.18978128829626958
0.12404514703458899
0.11610391293662746
0.2641074804931951
0.10427322666359161
0.23272227012553412
0.17651868189605302
0.11523975836027585
0.13803020335722913
0.12837851169845882
0.2572501398098576
0.09886711967398827
0.10558073102122685
0.12108154445013963
0.24067268514819753
0.04752869061692576
0.14244422284859348
0.04694107029196894
0.16646990562069244
0.13199146221247002
0.1365883452391961
0.12596098174093945
0.1960449439776494
0.18963416293584132
0.1739991246784862
0.11950238675205636
0.08323641903013625
0.131511860993129
0.11484356786068146
0.09490402788424906
0.1401654058612156
0.12267409824069032
0.1321671576441008
0.12020600852108301
0.1996936190754528
0.22611155069330485
0.2446419239937242
0.18861754576258544
0.1721335223282385
0.0887263105523706
0.049405920398564916
0.08256962246655833
0.1331189582168246
0.033592295243366044
0.14410401853479204
0.09377243149339508
0.19426912732017754
0.16346367707675238
0.09982889969763874
0.11463345761198268
0.07007545941276642
0.1967282082877077
0.18128678330803424
0.12400515023665885
0.17266055131308417
0.0997838638672476
0.13535759863877694
0.22945460839924325
0.2157616991584187
0.19568209844195086
0.12938084236443725
0.23254430382604666
0.15311922971706815
0.12847795475018053
0.09888994350538725
0.12716038228806606
0.09321675193595169
0.05963601634549939
0.09024985316465665
0.12156801917109114
0.21500758967803732
0.16818080494189505
0.05592186759172605
0.2152073180474551
0.08152911454696392
0.21683843306436512
0.09438763832076112
0.1337771702053421
0.12982480660034157
0.19402700060681227
0.13538789032926923
0.18145770067489211
0.19443556762802558
0.1114181608768992
0.16550824212404397
0.07019124781609483
0.10103493113057989
0.06439517421440066
0.12853651352627435
0.14042394507335124
0.11874348866947626
0.1593832387952382
0.14220659902532543
0.11240717645896225
0.15739010744166568
0.10777059320595189
0.15567875487542032
0.17688649628266886
0.10919390275164038
0.13647024994262205
0.08488812095656793
0.1316209954461929
0.12439748608559027
0.10328544840413287
0.09989681820714683
0.18250312452170755
0.15253478372430285
0.17608623971458195
0.1354148729736242
0.20908382067285083
0.20367811970963165
0.06260874545422661
0.1358126374486349
0.08770393327307306
0.08978878105830702
0.10726827757956893
0.1482983142925615
0.04711735638945599
0.13217916855043368
0.11952828248168552
0.14475729450430547
0.09053814199426176
0.18880988522276324
0.1508706690940646
0.179389363798567
0.1390770932231895
0.1742591541660825
0.1364552275256373
0.105680080410003
0.07550452806673318
0.14215092030414841
0.08786816254047343
0.11071744536392714
0.12697570532093136
0.08382012917505303
0.07706766500805326
0.056685774014169917
0.12283465088413871
0.09075101849764587
0.07639586372613204
0.13703391779461085
0.12346186370769256
0.13647122768700778
0.07849121365014947
0.15366859471824323
0.18653742972073095
0.2966342066741049
0.12319380207856813
0.2190687331895285
0.11267762610770278
0.0422303140202316
0.12772666296008128
0.17286490373092558
0.17257630735057156
0.06814946590570405
0.15005085805607077
0.1407272255033077
0.21500797065306188
0.12520988577863246
0.04599842935401734
0.14266355046634885
0.12110366061789618
0.10967866404244656
0.08544668461329043
0.12607850889972938
0.05633112313917732
0.06151037089621332
0.1379703323550133
0.09266346540833185
0.12522795847301618
0.18124683763415042
0.18808172167931927
0.17137769823807533
0.15128254819383713
0.19546846370747054
0.22159248838246626
0.14321950222337002
0.15696154710574475
0.06446784497928079
0.10273221453723053
0.09710284631580177
0.15828204478724597
0.06841859316914146
0.06342519922352491
0.05039334098280171
0.07501192121512648
0.052056778309780276
0.09162785456187669
0.06264950680644248
0.11451145790654801
0.1509445851558543
0.11939827536205923
0.11103691791834408
0.1109677444158525
0.17078107635109968
0.18876421473892702
0.06609749288556196
0.1631725124762697
0.1969821132401168
0.12568725386030796
0.1883774394435847
0.11613880412334994
0.30237556020824957
0.23195131210823314
0.20619596323363718
0.11362743528366602
0.09723208858385923
0.09151178747312315
0.10023794031364336
0.05597802432954912
0.11088206412946708
0.08513997142950117
0.12151146506870182
0.06142244510567345
0.08201660111820373
0.07307191452846533
0.1224429969404181
0.14396256528875262
0.15780300520368026
0.10787483559521382
0.2370908897233089
0.20970199111028076
0.12760185270866337
0.15704974567920887
0.06829182194753042
0.16235926925555022
0.20762429762190007
0.2008448902471141
0.15776133437108944
0.12807440783848462
0.08131034848849217
0.1669612660115575
0.15077244946872237
0.041237847775559694
0.056619062657601846
0.11366485023962396
0.09573349772960633
0.1463294554822107
0.1671994871778129
0.2145926839090336
0.15304439138387288
0.16382111136395988
0.07755444977501959
0.1386936064699116
0.11542122307898423
0.1246423549160247
0.03716698555352016
0.03180984692433033
0.05614689767328436
0.08028668634483581
0.11758341042587604
0.16168810064247588
0.08383089522123759
0.11632743887478253
0.07291778271112001
0.07940301814393794
0.11930155197265029
0.06418212076861314
0.08848385594761195
0.10801166250533621
0.10607669478075665
0.08281812201433747
0.180116990403795
0.07713743560532992
0.07151297630571954
0.10049367257095178
0.04019323022704786
0.07698153663857604
0.05896610556043412
0.04046353557652803
0.09087119877653395
0.11062943589349808
0.0736901863571814
0.17133898907288658
0.10107702901855098
0.10913874229772642
0.15894050757636208
0.21729990632952115
0.17219211391644412
0.08163181409857803
0.09424640760363036
0.08125894709083421
0.05779236603910096
0.08299207169778294
0.11077069039102952
0.07775841453125881
0.08835146301782888
0.056851287072366044
0.06967211729425855
0.18627760054468737
0.15046863706262906
0.2067388310609728
0.1724380279639267
0.1422432158930519
0.04324689718240695
0.19283774067268464
0.19224521317674606
0.07722408373861955
0.21693159458377584
0.1138304032098121
0.18285270629224024
0.11754282547704922
0.14338239943748338
0.14619297207966062
0.1130228058956767
0.1211525658894408
0.17039492956246127
0.06794988831765335
0.12725260715375283
0.17217916966259186
0.14518517556842783
0.14377441651211323
0.09210912345352318
0.20654909323320222
0.21024831866706092
0.30907965167372287
0.14751295922390745
0.204800535572262
0.12994873582797656
0.18332983737129135
0.15190099629689163
0.2169223980696219
0.1259575726579985
0.18670587375922415
0.26038587520971407
0.13642778680346598
0.15553565876246653
0.2168167958243452
0.1533306370003461
0.1554654651186365
0.09589886350677528
0.1341551365944034
0.06305463301354397
0.12294504117488278
0.13341723918586257
0.1189125357240297
0.11894400970159785
0.12699087001458653
0.2644434550456681
0.1539352242616951
0.05620611164870882
0.07133170428167307
0.15797675535908376
0.1259293116543122
0.12653148436316355
0.10419810139331986
0.2048733500733586
0.24639024437805596
0.3214894410268691
0.15172545823813904
0.12582041061501165
0.17319087067997987
0.08143092820575974
0.11687627225625966
0.1229749431561055
0.08397601494363448
0.11938772407156258
0.09869971399359934
0.10337996262863444
0.20953888680725058
0.16447631221538667
0.16623372563677025
0.09908539798525297
0.08177673360921031
0.1128260985024783
0.12669441855504449
0.12863899138443902
0.07388208788415339
0.17167991889150572
0.14881797963407203
0.1922052675028622
0.09019971988087526
0.15579562379801976
0.24569918244520722
0.20253747573686437
0.04138805822112682
0.1140630067565678
0.12513426314151407
0.13192058800031925
0.11729322851623139
0.04237721910147086
0.1553886714068865
0.1329942981886909
0.08124063916385499
0.07410484909804294
0.040947342977409186
0.07908388954566224
0.1275908413278397
0.10177665582340382
0.06574895225922014
0.1300899593610866
0.14079170347453643
0.09020533584376707
0.08008285661953451
0.23394231049542882
0.0877303571493107
0.08342393867545864
0.08537043982563955
0.04542305111916381
0.09383819694885825
0.12225329412023807
0.038440162924260016
0.09972024239184575
0.10208353879285106
0.03909633895379513
0.11039669955081395
0.05463959840688743
0.10324005859573122
0.11704715311705521
0.10225909004527833
0.3956618998162491
0.12479016791425791
0.304183562420151
0.20491661665976746
0.23097604235098293
0.24529972570637232
0.13305110516812743
0.1637386111183631
0.06405061542029561
0.13363677808057145
0.19512848075055508
0.1154845171132827
0.15553812604165684
0.1358485792655321
0.1124517364717661
0.12522820778351243
0.08397025628131258
0.13295770112136965
0.09020513761109807
0.1258231905161669
0.08385498351571763
0.19385882825910283
0.07412283707253646
0.17928949961385773
0.05508940546470381
0.0353649498903192
0.10694397813572348
0.07380436569035517
0.09494941811954737
0.05543511746415251
0.04285710903351891
0.21151429925143606
0.07485303572741878
0.12363982045402902
0.22413285752523002
0.11863321611767158
0.13821209296913933
0.08046710586471184
0.05549094336290795
0.056342288318928395
0.12612846528720884
0.039586022557925864
0.07677852901391267
0.0679208321695918
0.10868466585133066
0.19393624670448145
0.04366019014429327
0.11297643369863383
0.10338551919391223
0.0332984850808876
0.11661661560035007
0.062184682762421034
0.07619717722764567
0.1063203253590977
0.17356395302388683
0.04271020395227972
0.0947453298249307
0.09222577260736387
0.10615818776010173
0.10476165043212053
0.13290035354669325
0.11367301681774136
0.05170873872222679
0.06924720905953789
0.056495809540505856
0.11161302723511543
0.10781521167344989
0.11437777955314067
0.07133151560088223
0.14229261751485098
0.041809186120679215
0.09079111172428475
0.13723417721699904
0.20571698041813247
0.15506363909684473
0.07615708400100678
0.10429318022336868
0.10792382434119514
0.09763907870847245
0.03702008047228096
0.05829619477536878
0.15225959361934413
0.06058505662434186
0.0566214178127056
0.050271221829274224
0.09597783401802444
0.12742669968842343
0.11184788687385094
0.03434640799372737
0.1180018340915762
0.04988044053798615
0.03370981930835744
0.07298971909651591
0.046245719574103346
0.16900641095464272
0.07482066080697947
0.1179203411122318
0.1286916460280683
0.07972041878794574
0.058589280743834904
0.18560329770764594
0.09658458297363769
0.07205727881858465
0.2363647192673042
0.1835765181378622
0.1877687155453295
0.1360873887109573
0.13918344507489286
0.05378684707771616
0.08882729289699279
0.09483646377964813
0.03686338171895916
0.11612205299435177
0.10444936702922174
0.10906572047502752
0.06587097697603829
0.10400835617948963
0.059996035178093446
0.16515910480588947
0.04884104267599604
0.11159105304976881
0.10349568060127733
0.12450796552819327
0.08001685438482899
0.11151500625815554
0.07816440321047712
0.09131228837478218
0.2054166366023256
0.10557615530495264
0.14269420683311473
0.08320000491481801
0.13124149031304871
0.19512135687840562
0.13851162419109941
0.03288715085341783
0.12381903815354045
0.07579236207258627
0.0632009975222501
0.1097840270565363
0.09434170575507515
0.11537156277338279
0.13038876695201834
0.10684048698345659
0.07194729520389928
0.06204687737125782
0.10064382949108887
0.10751391290853711
0.031574798794347554
0.04667045135954831
0.04955944162014237
0.06572103930984236
0.11979122533420644
0.04314112552391473
0.13424599419543687
0.057556501616859206
0.14746177305640365
0.19935053032003952
0.09248701350973727
0.09480665849614482
0.1270605310111576
0.06127172204596449
0.06264977595759706
0.11300359802508243
0.11827630427565013
0.12606963904673243
0.19310404516524124
0.07165880340489525
0.08670160260709463
0.10000977254704677
0.15020326068104484
0.15418525745543485
0.14182935569960678
0.13671805501448064
0.13019861666687957
0.08752351375319702
0.14356486917916692
0.1511151480320992
0.17263188729993806
0.09900723144277414
0.1348586764174766
0.1585177491944282
0.13449741246066127
0.07326079107716796
0.0735364018594948
0.12555001594548182
0.05773793578781438
0.13838045766325086
0.12253529755135836
0.07195410879096537
0.149734790472293
0.13019861666687957
0.08974868783166813
0.04524676502167676
0.12683492247285297
0.11599941645232434
0.11218266145937647
0.11752746362060733
0.11455254201055347
0.09579306648966157
0.079021559688326
0.0678113855000194
0.1281579989519439
0.11305209777555912
0.18450010523710597
0.12570596752256358
0.13761447778727587
0.08668116043890181
0.13991488681588687
0.1071484868286972
0.09977199449144764
0.12871218985455646
0.08718272132676404
0.06134756192549415
0.19783094990812455
0.12026520144444172
0.21864566358266577
0.22378236284312375
0.13078612430930817
0.28321178074370656
0.14902349489557767
0.09754736793723666
0.08602001775423006
0.12486351894756466
0.18314188891468888
0.07903551616301528
0.13510813752812675
0.22035667444162663
0.10322001198241211
0.1931926897005736
0.07299236262273841
0.1118833081265968
0.14730519865307326
0.14396675102703665
0.09257526030972602
0.08302774817586424
0.06475804255631103
0.09578271844085508
0.09382824570828442
0.23935899728412094
0.20202524566589405
0.08191054994892012
0.1024582406762684
0.0860835358808895
0.13770096198498122
0.06414840958649753
0.10931721015476817
0.14813187398471347
0.11329320291923174
0.1802215653378065
0.16499810622938843
0.13598125141540202
0.17343080077760856
0.09528155310786655
0.11153406257168628
0.0809606673084151
0.08705855586738949
0.1030595397243337
0.08331372495608952
0.11417835034457786
0.10068749858644355
0.08657623699831787
0.17501886804252278
0.14777393587895424
0.1890761897153198
0.061259418876750626
0.11458088239408606
0.11436592898808674
0.14900207919527464
0.16352538224242383
0.1094301644946674
0.16728409251801
0.11821487874544215
0.14453637333544206
0.18879349412697424
0.1186676674654626
0.23605042643481147
0.25524759230892896
0.17999793406842432
0.04992814027716622
0.14193360569256175
0.15024879743568198
0.15169650947144145
0.06435330479033409
0.0662513853480191
0.15810763925136578
0.10223437456924378
0.13294221363816172
0.12598920676618644
0.041035486026152715
0.0976603222771359
0.09720602798654426
0.08948808185851362
0.11644844645149452
0.07394981803298435
0.07342501333809348
0.08087453893893787
0.11977678202946468
0.07356457808498207
0.18197139671202592
0.08446458481698134
0.13036384821274363
0.12363114886954371
0.07124538723140568
0.13521610609570966
0.12579558467151275
0.12190883043291166
0.06891992125552557
0.12118006028603164
0.1866268194114971
0.1438516027005483
0.04918382119888759
0.09322534712194526
0.06489760730319963
0.07061976192563223
0.11092116178134159
0.1957806339241107
0.1589577977070944
0.07973764446184159
0.12271570083088301
0.17129824258321372
0.15988255971878232
0.06535317380728327
0.10084948610170308
0.15377603833922418
0.17444815467765634
0.07053602307749934
0.08650733430273651
0.15112561409433084
0.15915022236425064
0.10079437177074517
0.0630972220683367
0.1358814669711417
0.17008396516494903
0.1451575270469301
0.054521372483912235
0.17651868189605302
0.11281093834102401
0.13651743670620023
0.18880988522276324
0.0935487843047931
0.09612414325450244
0.03982107068790858
0.11485197280984519
0.1464340062457546
0.20106155771866194
0.2896939610415784
0.18633327080530582
0.08088593773030908
0.12937053198317275
0.13957042312856047
0.04006591248997392
0.06937763567832343
0.09071092527100698
0.11525103312037382
0.14936353226278856
0.11572500923060908
0.08766061752073052
0.2087306844290226
0.18417413331972565
0.14892629035100777
0.15532390151488967
0.21725305930864583
0.11927734925137927
0.10417519192937323
0.1224411834042341
0.05236676462573711
0.1652235867491491
0.10057385902423026
0.18294153285103232
0.10660969573867722
0.12881953719148936
0.07900760321363741
0.17489360851985877
0.0931967053226319
0.08940789540523515
0.06831702266918611
0.11667078209560768
0.08778411972635083
0.05772397931312552
0.06806572705757089
0.14500317458122355
0.06756654369795406
0.1794826487280325
0.05849760334945349
0.14114820438301845
0.20679680548806487
0.1506617666640032
0.07423359218197283
0.09060427538813808
0.0319469583334869
0.11224734361268653
0.07711934202973945
0.14024260339271866
0.12237529064975859
0.05669120018614989
0.09598859804662321
0.07456944426257944
0.07407223621577214
0.06339030803680276
0.08863353261400175
0.08966944160596103
0.05102487146247266
0.11764000958696136
0.06583307814143345
0.06046211537288034
0.08903950836536142
0.13164012865925515
0.09798840879048681
0.16529738100897656
0.1473995366301825
0.12066393808351325
0.0974064941197394
0.09100341316517807
0.10971671452483399
0.12450796552819327
0.0757962449612547
0.15146068014167366
0.13962463794445293
0.0973664008931005
0.11856886589202068
0.07634418670444584
0.04422822312508485
0.1254294159942476
0.09594440101552683
0.049782745215164126
0.11102060219435392
0.0951444676019707
0.11208287701511681
0.10656565265682645
0.06928166040732893
0.16562440384270927
0.1024181474496295
0.14163479810163002
0.13229026980340175
0.24525814537646098
0.16645332104712254
0.07748634747255141
0.15231037839582612
0.06442308716377838
0.10874009813240487
0.18120855077627615
0.10228605159092997
0.258191191091537
0.17507922684427626
0.1683710154190298
0.12698184110081084
0.11125965534997102
0.04222052034814898
0.11410177521910952
0.09239665003781802
0.12895467858277165
0.056439983641750416
0.08938784879191605
0.047979199532726016
0.15005686374080998
0.1330683308420226
0.13417077397132923
0.28316096180241446
0.1594908555704154
0.14160741391707207
0.04565162870726154
0.0928759595095194
0.24240366434981678
0.14187927703966458
0.11519083582954359
0.15617625584263053
0.06264032664039919
0.11112447959316077
0.10918283802721583
0.10637550237168839
0.06898882395110692
0.07116547728443647
0.05046661247491826
0.13115496258421852
0.11974035098427013
0.08110121604786481
0.14280286413890836
0.14073837532883482
0.07898365647906468
0.0989362764838535
0.12751173494462958
0.07093532510128783
0.041574137990696494
0.060236144757120365
0.10875658055317255
0.09586071646583613
0.07003959005872668
0.08447642852862351
0.1340604008633959
0.162563885983408
0.17552083745345232
0.06892786411743711
0.1288585867947913
0.11588301662860613
0.08150952975732917
0.03966437193458677
0.10395044480792139
0.037304096962676794
0.10492334313945699
0.04038910366870016
0.06813550943101518
0.18155308780059085
0.13424599419543687
0.077825594659451
0.2053316725272539
0.10455984054512323
0.12782734287879405
0.06103056261142876
0.04620988769481594
0.06765964959982021
0.07692190547158206
0.06409673256481126
0.13607641121316968
0.12777398087501204
0.17031820026932493
0.17397812377519867
0.07801507707230063
0.10335623980586499
0.11594231844691186
0.10075248679688255
0.0881721577255753
0.06263255028370168
0.10856547535494929
0.07687876208051093
0.14501921236445242
0.05175955695661504
0.11451310979014678
0.05761617286201823
0.13885018087324127
0.16101435381214818
0.13438390455646945
0.07711932144034563
0.1289963403171978
0.04500963087157392
0.10863014146690002
0.17245246579245563
0.14008643149407482
0.11615465989308928
0.07572406244421151
0.14787982179646877
0.12313589179031223
0.09852514077811235
0.03153562410601713
0.03424847127290122
0.0685594175528935
0.06807829883322414
0.11969144088994679
0.0391648946583734
0.10222916314443525
0.13673474217943096
0.12571818030818005
0.18516488937832118
0.11830761915631648
0.10866263591117488
0.08303307236961524
0.06453004827566204
0.06788555827961931
0.10666957091400822
0.07830584263308495
0.06006592487328596
0.13175414769247118
0.05081552434213976
0.15012915767888999
0.06886124611483617
0.09173330255030451
0.12484724435655759
0.11236697733205511
0.08892677668556573
0.09179344239026319
0.13322121561379213
0.06373921990402426
0.08039222006986695
0.133078035270404
0.12677613643241134
0.24846209155548377
0.12054526592006147
0.08934775556527648
0.07409492412315861
0.09067452168454923
0.08460280058475009
0.05718923733275285
0.055363315899839706
0.1242643338393113
0.13132140289206656
0.18075952077710597
0.07436009714224653
0.10898327771072826
0.17238841806657554
0.11957736502557996
0.06815848528650234
0.08219743595922739
0.10555219390938936
0.09309888649463982
0.07412063784207358
0.10060397732944841
0.09122792816476318
0.045972627625105324
0.09187706007428043
0.03812676541761633
0.09447968857508393
0.12382253205070931
0.17918791578000967
0.13018270689721917
0.0905216948319468
0.13390242972800612
0.1822349112044491
0.10756763091234857
0.19180927109581403
0.17330469785011812
0.212216566830091
0.14369657163548905
0.13118517035931782
0.03929221239544742
0.044842153175307604
0.045037543820951646
0.10685467763841171
0.07950325596420565
0.029762969459063975
0.039789909337940264
0.06392447582585724
0.13641447631221504
0.08736861799750666
0.13887500029894378
0.12139234284280902
0.03846954394050781
0.10512405439591171
0.10698877528648906
0.0654279533413763
0.08311180329807658
0.07469368122867871
0.10888798366314983
0.07837956185263872
0.17756422232206565
0.15572155202258192
0.08126897039749445
0.21850283614284485
0.07870300389259037
0.07184706213730102
0.06921841949043407
0.08719748789916204
0.07712522328340124
0.0334649775062921
0.079802609296986
0.11533150951708296
0.1835991453450195
0.126748747207941
0.11099816008612871
0.08765928144878395
0.058687870961653316
0.1102056724009038
0.04784208812356945
0.0556444645844854
0.09955000563735572
0.08977976286954943
0.030605225258168754
0.10852652977547145
0.0781016054930036
0.10312641474261662
0.06242584219695677
0.16101435381214818
0.13937392252024414
0.046009774974633454
0.08924357476721716
0.08141148636566672
0.060320259478554544
0.0981721508880494
0.11141834540978617
0.07413237605573081
0.08972853532117782
0.14607486696641997
0.077033590968769
0.06266463099532009
0.14583339926176928
0.04300401411475809
0.10330184592023121
0.06576762293266583
0.0993603603719586
0.02673672478553627
0.09005546094470757
0.04475708141754601
0.06822761376281865
0.11029100970580857
0.1005564001332373
0.12158405146785727
0.12508154573673
0.10142872360256713
0.07613553097042865
0.11269636459285398
0.06116221723797604
0.09120529376636559
0.11354557801390114
0.028352680679167547
0.13146445233097304
0.144698735728211
0.07327801675106382
0.042768965984775385
0.09083750764323938
0.05333068638018164
0.10950491129573281
0.09205990233341424
0.116441639370456
0.16201299565923646
0.153524539958989
0.058507397021536116
0.2219963201722581
0.24719966797775542
0.13535861094122198
0.153129766456958
0.1455202504551092
0.12425657921484451
0.04826148947407834
0.12319911586908423
0.03537474356240182
0.10906477069007334
0.09512947122207671
0.11532587145356908
0.0689170720135912
0.0928960061228385
0.09325510302105468
0.16480038191341895
0.12385259530797998
0.20216328407088946
0.08278591011433618
0.2584103952561994
0.1730460487260845
0.15341858304984848
0.0521317164957544
0.08798161643857416
0.1825057485516565
0.06970156421196373
0.1657213363459482
0.1432918220149782
0.1538924635749651
0.04959515542635736
0.12021782687694527
0.07976547439852749
0.07005681573262253
0.10869395079184055
0.08299297914297635
0.1349498016031524
0.06840315103866312
0.1368810409731708
0.08090568377132208
0.06462844207316988
0.2638411760006385
0.22942938346495168
0.07705369675719705
0.198426412794433
0.18548492327766475
0.04283752168935367
0.11410647416650845
0.13535861094122198
0.04637303731117736
0.10564565219407836
0.11002037916996743
0.08409573995737916
0.1105597078936632
0.14057548400841477
0.14133160610280768
0.09407178482617544
0.12691921133947884
0.09350360256883315
0.07892351663910599
0.12804654704345644
0.04274937864061013
0.1610809299352877
0.0856391321011582
0.08609391812924695
0.17035295082328203
0.13413523919659115
0.057430893344659464
0.164775904769513
0.1178931767857832
0.1370026029139452
0.28237041832514564
0.17524749363958916
0.19856328726265557
0.2533221485446454
0.0759790482061547
0.16498110885725814
0.05023174411172729
0.11887431547076836
0.03751955774849426
0.10083397977622763
0.15831802082501112
0.03685358804687653
0.10979820750417839
0.07331246809885417
0.06714459972810613
0.07515561619951168
0.11570485155545228
0.18547802098924626
0.03724533493018106
0.1435787278538141
0.08417572932883012
0.10564678036034245
0.09722170346568015
0.08399284714929256
0.10246383936312789
0.057028552537061405
0.07599889536108477
0.16524303969466567
0.17624427467433776
0.13474374379223528
0.10477280711123603
0.08028794480058811
0.06898039643260424
0.09057932927707299
0.032005720365982565
0.10095917526732773
0.12051396120139982
0.06225358545800267
0.1390185344470957
0.1545564698676463
0.07894356325242509
0.13749532903314293
0.16625070145603074
0.12419481672153253
0.044091111715928284
0.07587643141453249
0.06473408249894139
0.10259966099536946
0.09614355748060716
0.06554904724893557
0.14088878679053796
0.13584395232930124
0.13518297586132133
0.19537354047545155
0.04979102886800966
0.05600733292639576
0.06790360649569635
0.10769040675267341
0.07852258437271435
0.12429762190088103
0.05497455379942006
0.15099464727969927
0.14190644136611316
0.18012319359108836
0.08528431145616232
0.049066297133896195
0.15286976860641796
0.09098225849667904
0.12165182407179723
0.06619555944926366
0.17602726958003706
0.16127086936280635
0.1789233309365926
0.13595745387392769
0.08845383545291743
0.16060306303657268
0.26254827261733527
0.1098308967571185
0.05039823653713172
0.13907456918746378
0.11298093701345716
0.1542901653750897
0.14769912918430883
0.11280631423600224
0.044551414303811154
0.13266490724089922
0.1134999652968397
0.19933407382388943
0.06447891306253382
0.06544190981606524
0.28138398444781704
0.174926747826476
0.09234999301618785
0.22639210673484034
0.10676826253997414
0.08409554287555235
0.1494712759798705
0.22360668651484233
0.0867813596153325
0.19381746920888565
0.10051180717970282
0.17333093659289997
0.06728252720755824
0.08539857274132348
0.11563853769057088
0.11706587787187613
0.12669441855504449
0.07806675409398682
0.0803233173742849
0.06916828855799054
0.16471627230339406
0.1761148888658347
0.07674665431404198
0.22114568726360664
0.16013234719664107
0.07837681622410397
0.1622737116114428
0.08207083493027638
0.03537474356240182
0.08689868030823031
0.08453656836858219
0.061952791143850196
0.11524797997414782
0.08733961860288689
0.1533437447166532
0.13593789697129963
0.14930935101570042
0.16152470605633215
0.04854723251351766
0.08493750063497384
0.09054419886346544
0.1097379425750049
0.07990990120079534
0.06654447131648515
0.10771325852819474
0.17060346986861077
0.048625581890178564
0.10784203813406383
0.12288573964889998
0.11591018095505472
0.0380386223688728
0.057361110971215164
0.08585964484767311
0.07373659308641523
0.08327011873502335
0.13853806488651968
0.13967327585302447
0.15379084445154556
0.15334897062162037
0.11643333356843862
0.08886725162640699
0.05722154622432657
0.12396892899094418
0.1033267920312963
0.05674702608490533
0.08430911930101166
0.0760969441610481
0.03572731575737593
0.07603680432108942
0.16601413022641792
0.14247350223664004
0.16009969384092676
0.12599296471343147
0.08768853047010838
0.13038876695201834
0.09074499842696897
0.08283826576301463
0.17368532989472893
0.10888524939415728
0.07695875263557442
0.09815188985603165
0.046177163869525056
0.19016962536518256
0.11903128338612794
0.14914920271135354
0.09027722297675164
0.08566494539726476
0.0947901437761166
0.052842872710358896
0.0279511401237804
0.08899689085289891
0.08242147735226951
0.10489839702839192
0.19897475175204674
0.16931524675248524
0.13766874946955074
0.2093769039240062
0.09549371315688122
0.05812871707910246
0.08849632900314379
0.07510257154804019
0.05745089378273179
0.09397801079641145
0.10504425379449156
0.08962848045185949
0.08953905290832821
0.10033329966439554
0.0779289487028234
0.08022669318509108
0.0840192617047066
0.06070327480741601
0.08990578427831773
0.05776584873719211
0.03493402831868419
0.1062940093923433
0.07543540592150264
0.147743792085098
0.12712538198732118
0.15263344988894512
0.07661979748677268
0.13023858869007893
0.11480035252171897
0.12606963904673243
0.052587996627625026
0.06876660213083576
0.03504175871159296
0.12925754307475124
0.07058299469939902
0.1254268380287864
0.2528727149075706
0.1292405160712001
0.06983867562112031
0.1561029779194096
0.06745573897441577
0.09385274787900466
0.06041043835119408
0.058601742592176306
0.051918085842559754
0.0645618257599873
0.049322181550431755
0.11430578914812806
0.11165681819003118
0.12215797603817194
0.2384756730846046
0.2179850440098202
0.1877779553141059
0.04154475697444863
0.053495167482400914
0.12347457446621335
0.117732419336936
0.06663494267421585
0.11520744597037809
0.08746106539394614
0.11697115524771441
0.09951003703834842
0.07327801675106382
0.17925621155228869
0.08701203539477598
0.07041855488442589
0.03554123598780626
0.12225329412023807
0.048121924727189735
0.06275313000096952
0.11158374784706887
0.0527878925252895
0.1338653621508261
0.1276597161194103
0.04007570616205654
0.08434523362208693
0.04682397258112577
0.041476201269870346
0.16111421799685743
0.094178719796385
0.10719043216513852
0.13277922767947223
0.08192450642360871
0.07092577322229042
0.15305589269483683
0.13568581060944385
0.12473002807429923
0.1872124071724366
0.04206382159482717
0.03866541738216012
0.12579187563550123
0.12363114886954371
0.11934219533503627
0.08852584441917477
0.058128717079102526
0.14630894139631884
0.2349714237781163
0.11041674616413374
0.13088865809166192
0.09906095609189014
0.14483635588932373
0.1224854053292282
0.03896902121672111
0.07739997402681924
0.05532346566664163
0.1333186865862424
0.12011930701080077
0.11814478200391558
0.14498789748378604
0.11214106865225663
0.15685334611594848
0.09896122259491859
0.11546849272066273
0.05291521026236352
0.14429897010913323
0.09944500084754851
0.05713780737619341
0.05733319802183744
0.06572103930984236
0.06214818178949416
0.09794518176928688
0.16828646524459792
0.14833163915606642
0.08798458585954666
0.046686434817820976
0.09675668755793995
0.11517674414094967
0.16098106575057847
0.05960810339612167
0.049908552933000984
0.22153204974567872
0.09907701381621845
0.16526776211168315
0.15649368466887045
0.13573924298583345
0.11061105646228084
0.11063600257334594
0.116996754012988
0.1356488508961143
0.059077757357944995
0.10829106813323403
0.04565809924914652
0.11294926937218593
0.13697128803327885
0.15209637539497808
0.09257077151391989
0.11704715311705521
0.1350950964487995
0.17922292349071894
0.050016283325909745
0.17312601079121093
0.11593633447288033
0.08733416664971631
0.2500493221183657
0.18425111924411847
0.15548153290650374
0.1851814865116767
0.16402313183922293
0.1986606478988089
0.10766741535660893
0.056244592996106374
0.11884392821147492
0.10748734984839559
0.07812165210632338
0.061980704093227916
0.11522608700930874
0.11982184396361521
0.15723031381232183
0.09297619257611697
0.1434049692418308
0.14109151157266303
0.18857821137092032
0.11436124899161053
0.1713550270045956
0.04698024498029942
0.1369625339525159
0.07072989978063868
0.12322653207533227
0.06932940467282439
0.153957990294217
0.1768182244157563
0.12533413555252168
0.09002137177739981
0.11158395479381647
0.1421382433431764
0.10613189776960132
0.11835497033540511
0.09279577305624094
0.15528880722217728
0.05540280297134744
0.10297945262257739
0.13323717919825012
0.14103881222233794
0.16527994015538283
0.09732145925743751
0.17636015019573312
0.1275908413278397
0.16208582232744678
0.15623481461872435
0.12022930886033993
0.12275981255094347
0.11380415867860295
0.07688621906093059
0.11243212257002663
0.1399352100192072
0.0740914350044863
0.050623490995031814
0.1524095242016388
0.08686197551365156
0.10794182257832417
0.09051045913781115
0.07897971481044315
0.04142723290945731
0.06277622315049293
0.09975194787812786
0.23464754600410026
0.08524412180707266
0.10181674905004272
0.1475388363687693
0.08800596793163684
0.10461830961494714
0.04788126281189994
0.09474120642474143
0.12043620675880766
0.10716256025197357
0.05238635196990235
0.13819871158178032
0.11858945308231088
0.24539958989108088
0.23269732401446905
0.1742319898396346
0.14333905733250765
0.12444533576686126
0.04039889734078278
0.05734715449652631
0.050689916069940014
0.11489231869637835
0.03555102965988888
0.10991558083114453
0.14074601834186823
0.05975119337602812
0.15169369657266052
0.15369738432106247
0.19390174108414757
0.062160436708351134
0.12653422327305958
0.05542116098946365
0.1335579660406797
0.13764164211372446
0.04653952973658179
0.2540263119629537
0.07018145414401172
0.08170137128591767
0.11720142307975535
0.03920406934670389
0.04222052034814898
0.08313439416605657
0.07694449633956205
0.07675848240059356
0.11301843786137096
0.09119064388706762
0.06066882345962519
0.06513486737291024
0.11290609868026259
0.10990457272224571
0.13634499041995804
0.14323476632586166
0.1772922159196819
0.15452318180607655
0.15005686374080998
0.12535672642050166
0.07645356834557551
0.07246841007797919
0.14989614124790243
0.04593232206745972
0.058076475449901105
0.18911556739549124
0.1728947864174601
0.11507788148964436
0.15419447239960357
0.0801749904606882
0.07145209531815047
0.10311578319788785
0.0713659434176316
0.1140358424301192
0.10523460066085794
0.09052943705494282
0.11411733540946428
0.132534748741437
0.09872033709458049
0.231166449076741
0.17675098963855615
0.13503398732055302
0.1529627670919475
0.11806994367072031
0.08985959189109909
0.12036756426116496
0.09440723728802979
0.033210342032144145
0.08901439556555006
0.13565816221933896
0.17344422437263238
0.12768358582243183
0.16606281217203403
0.14380794421749657
0.1575764795115364
0.12206732177571836
0.08174840596005722
0.04884766141101052
0.09422146149256527
0.09170190427499843
0.15251094973234916
0.16718530574829757
0.2782216185987049
0.21587692807043757
0.1563035343837317
0.04559933721665079
0.187200356621614
0.14604558757837272
0.11436181434749954
0.1288000280186968
0.07723513092815208
0.22750123400482353
0.25309002951915727
0.32449202418044726
0.1581276858646856
0.10110562304071077
0.08430911930101166
0.11012417942155871
0.03371961298044006
0.058567291244385485
0.03119284558312565
0.06845918448629573
0.06259809893591087
0.11683996919207697
0.12657431649969847
0.16221272402865422
0.06285648404434198
0.0883591253922865
0.1361814598812282
0.0600826235355429
0.10092786038666138
0.09615351034630655
0.1208689515592123
0.05630041889486182
0.10199776892927853
0.1374131181593033
0.1192256681273326
0.08153044253948315
0.18923582386490748
0.09109181092407814
0.12602860110250028
0.05014561355707448
0.11470640787972129
0.13346402139868205
0.08381212020545337
0.09389716204871983
0.06952281984186473
0.17562781284120216
0.08009620823936835
0.14106809161038453
0.1357937074272182
0.12763678700563558
0.1384259702997736
0.12888786618283787
0.08264646595839757
0.11113651148379176
0.10315970280418638
0.11382959122107175
0.1477122921017324
0.14623445447524686
0.0855426965645933
0.1795621074459846
0.2363296401005334
0.15695018189821555
0.11768132154299567
0.10643927938388535
0.09111185753739795
0.11824498939498446
0.08209088154359616
0.09796337815231788
0.07222794779037289
0.11183341590446663
0.06287537477038196
0.1082226765701753
0.09840582092047334
0.060222188282431505
0.08221116122351353
0.05136781007331045
0.09766402481953754
0.052490301304803005
0.11317197872708527
0.054821032577842606
0.13052751191346934
0.10477644569080705
0.10101488451726011
0.15542195946845555
0.17282665745843054
0.1276597161194103
0.05182039051973773
0.10575617160661488
0.09060427538813808
0.09760142492887501
0.0994757634538105
0.11431120343000185
0.05313229914049056
0.0575280298132747
0.10203726179655764
0.08784425956630951
0.12289141285227698
0.051876216418493104
0.036696889293554726
0.11515124867611348
0.09953536431946845
0.10373726576373118
0.12590136860204537
0.05533742214133042
0.11767362018581405
0.04733281717527353
0.27069251305767983
0.1391145423793108
0.06632274734346207
0.14147426167079377
0.03256395967469159
0.11697424835556919
0.06034779655463124
0.07998598714504242
0.09148945147799935
0.09151661580444795
0.06825871835310018
0.1653738847973812
0.18561423131208205
0.1468003515219298
0.04965713694296439
0.1332761321146853
0.17140153762706348
0.06498134615133279
0.13430455297153068
0.03890046551214282
0.14929695613964977
0.05669120018614989
0.08715818443193185
0.19366994221192488
0.04041848468494802
0.11461246323772292
0.07562070840083913
0.039586022557925864
0.03464021815620574
0.10251816801602438
0.11151229005178454
0.07186710875062081
0.11410177521910952
0.05543221859542134
0.11263962575576214
0.0744330752555242
0.10791091949918905
0.15937057589049805
0.21795156943566987
0.08770248694479697
0.13754627040558162
0.07275510255302765
0.09549371315688122
0.06881656721215317
0.0912671066388229
0.06700787145313519
0.07469052201048693
0.17295208591856434
0.054521372483912166
0.14484018862253337
0.12231078255177329
0.06859951077953266
0.11131527788873775
0.11564265318914191
0.11161487044286411
0.07211920708896144
0.09091900062258446
0.07940347151994599
0.03179025958016509
0.12085408836865201
0.137628900527266
0.18231523523771154
0.09229460772325172
0.05348324324315516
0.08887247463295277
0.04179939244859658
0.1257622966099437
0.14041592490654367
0.15591274135020738
0.16405865980940756
0.12841939597408603
0.13190807813467456
0.16683976458682837
0.14526973140978047
0.09728621443982204
0.19412094524880993
0.07162462810323028
0.10955101062554877
0.11144843013501605
0.0844810552543285
0.10362573566616076
0.10668823733056365
0.10318253179461657
0.1587483237640821
0.0759790482061547
0.12156239921982276
0.09280328566145636
0.14893078746238395
0.13411760006391288
0.1759828615634722
0.1753007019685172
0.18018827727623746
0.07186551149164003
0.13850571718591487
0.3087800591195965
0.2820472015130845
0.08917138431220033
0.2264056788946236
0.1510237563876064
0.09141255673719134
0.09524584931684942
0.06349383397847203
0.037646875485568276
0.09185158094138896
0.07084473147132328
0.07208762149713574
0.10470309165602672
0.18444914915714572
0.17435875581980945
0.09291528499182808
0.11373564657907406
0.12036414459694222
0.19210611664264032
0.04229886972480988
0.12598814606738734
0.06593038643017525
0.09184944030339887
0.0776084806628992
0.17948922798327555
0.14516923650501978
0.10405934845326612
0.09671607259906702
0.14301506000182526
0.14707036616001748
0.10643927938388535
0.04647486816980942
0.06451014873830109
0.050829480816828615
0.054192991216843914
0.1054058883219061
0.10391254817875789
0.11037898094982333
0.1373699988492406
0.04159372533486174
0.045462225807494226
0.11455073140446013
0.10500416056785267
0.15203873513134297
0.15705307448536626
0.1188710925379235
0.07698391438375274
0.16155346935612364
0.08500870067383619
0.15197170860807763
0.1875014603515109
0.07331336154058206
0.052895622918198264
0.1814865116774514
0.10458265682609795
0.0411530100911441
0.1318207238156107
0.0947702759359958
0.1378125748981382
0.11934101021829571
0.11495942952936301
0.17496542665373965
0.08692092436222108
0.09582642388015222
0.15868221248456657
0.1141968376384277
0.09117674316690295
0.1495299725706366
0.04206382159482717
0.04274937864061013
0.11994090200059697
0.09022792671174704
0.11828578474279118
0.1717789207936997
0.14856170134595578
0.15356817478628276
0.14042652630351432
0.07675300811144588
0.04238701277355341
0.11811049139736986
0.06873983707276952
0.04720079739772499
0.11170086539925649
0.07981353657300981
0.0480660988284343
0.08902835204023865
0.10743694215484507
0.1169719887196297
0.10653853339323967
0.15770173903420037
0.13745149182858568
0.16064818513488305
0.08221116122351353
0.10580505151627281
0.07748108118154283
0.1444937800118823
0.13784947641338993
0.1094002549097331
0.13851162419109941
0.11139903021679239
0.12772876755839183
0.13662682434595244
0.10083218092479455
0.09501973704664596
0.12078149472893406
0.12309879589822127
0.10724333146850383
0.1223669143298447
0.10569639421047983
0.10504445037571986
0.10418908312332952
0.06958698279865633
0.07624422122524262
0.14134867051621428
0.23673710499725814
0.1348736144139961
0.10282921082101933
0.19293097978350035
0.10821622980003943
0.15550157951982282
0.2161697219509073
0.15645208126212237
0.09762554044857674
0.06385087170153514
0.16447631221538667
0.09791348593018771
0.059997022177704314
0.07870658404199468
0.06094170449146091
0.07122561712439514
0.07425618304995281
0.11079204779646536
0.06392447582585724
0.13455932308469623
0.13091719086920398
0.09365598896933065
0.21854655216832503
0.1425727677025906
0.20385608905222183
0.1142781347888382
0.1242496291746941
0.07983103522027973
0.11950929276070954
0.26522705284325004
0.20557962256101575
0.08421336827258201
0.10338038488896835
0.3128043429731192
0.241093266247877
0.06256687603016002
0.03153562410601713
0.10455549249964936
0.06436138287475386
0.09513727996591259
0.08798525336616428
0.10728742243881634
0.050281742100694506
0.15710675630154525
0.0968470510298599
0.059175452680767016
0.09389833678881694
0.045491606823742085
0.09851877526037257
0.10793096611250813
0.07339859646833138
0.13191503531180465
0.08568716224778591
0.10448276440706793
0.22753392291947946
0.18296343976926346
0.18360368246431075
0.19300806131002826
0.18175736521970598
0.09214012966653448
0.12922425501318147
0.07448209172975197
0.1256291443636654
0.08960643094553737
0.04831731537283385
0.10420534205922763
0.05960083167810992
0.1759398427743464
0.1414444497386408
0.09591255224962875
0.06399337852143887
0.2223400119796396
0.06901476733641335
0.0885836403918716
0.049126790904787714
0.1089518255172961
0.09120529376636559
0.05400248766210251
0.12209504815593679
0.12516311150169102
0.1342840403717609
0.10417495980750648
0.1383491427825845
0.10273889326274269
0.06924720905953789
0.03683400070271129
0.054209195748847354
0.10920059232231559
0.05560259516041882
0.11144966029045252
0.036187618345258736
0.15543427593738507
0.1010448767473474
0.0564017575237741
0.051025031550418966
0.11060488962962249
0.16956938563553517
0.1520216008302071
0.04907096500603227
0.10759789706186323
0.057137560311066656
0.07653796965407796
0.1182887277098289
0.047460134912347476
0.19164432309301843
0.12017944685075944
0.06526047564510998
0.10892894905783176
0.07708348319089915
0.09119064388706762
0.0986715377183472
0.09922784609124011
0.08257162762520301
0.09409722681703991
0.08250184986261906
0.17880922280295128
0.051475540466219216
0.11381852781853255
0.15132752789539536
0.18937908188791372
0.12688456884018257
0.21474128518548072
0.08602602526748432
0.0480660988284343
0.09605637065056317
0.08554046398581387
0.062201908436316476
0.10141581678365176
0.10838566252886547
0.19542783408333542
0.09269135123118745
0.08869499488745324
0.094542782495909
0.06699107850652866
0.06981565629808673
0.1374096963626036
0.04228907605272733
0.12991264476448264
0.13875623623124364
0.06170013412046826
0.17552993134168907
0.14538593528691274
0.1557120689596782
0.12097128807688183
0.09418132860823061
0.08966850137838965
0.0928618984395222
0.09990127201632064
0.05784381294077835
0.1418404303480596
0.09347307816061474
0.08430244804412462
0.07501780981449996
0.12347117939414577
0.04664726012949056
0.10740207673786599
0.03684379437479391
0.0547604173135004
0.08758579594927089
0.11254693616681287
0.08265218671654406
0.10239965977796538
0.06593987967161985
0.11634866200723416
0.15281533333500208
0.11385797461872929
0.06864431047319887
0.1614795243203722
0.11243197351532477
0.07717946128030431
0.13696843256217398
0.06046058577179149
0.11564585429970216
0.06821366862581366
0.06688729173586729
0.08500870067383619
0.10776088302055341
0.08090568377132208
0.19988288329136267
0.08177027398149972
0.07719950789362341
0.06202965169736238
0.09129930119286128
0.11048307634949754
0.06161623552387262
0.04350233160517706
0.11594231844691186
0.08933202372382211
0.09666618037693683
0.19373651833506367
0.1636379025247829
0.1897597139325245
0.0772622790597418
0.21101248785068286
0.1424173480701764
0.12551004170950683
0.10694397813572348
0.16982059785195958
0.12152256994316947
0.15533943360185462
0.14996271737104194
0.17195354357115528
0.09934046135481482
0.12068963752968194
0.08209521423898071
0.11086051757293101
0.09983089664722619
0.04607032294792734
0.043907069371153996
0.09401573383769483
0.06058269509014818
0.0922522976933657
0.09560249011951158
0.12526636294858173
0.16963270856796353
0.1629000092247636
0.12492873733590266
0.1216970058077565
0.2096111390283821
0.1529695530506776
0.14695900608550413
0.23634322031528188
0.2600700839315001
0.28421346968123307
0.1619313416799705
0.22239753934648798
0.17937163645510282
0.18738808350071873
0.1475326888764608
0.12730677922830091
0.11607425478551961
0.07047023190611208
0.12416813619534903
0.04178959877651396
0.08902700975216399
0.13964470838405152
0.17322579523547058
0.15907429568146242
0.14679602012681395
0.06385087170153514
0.1896425963803369
0.06961342116322063
0.14650075896780346
0.037402033683502936
0.11349255590115222
0.14633443735242607
0.1222308053250372
0.15734586794522276
0.151597516942102
0.1748857848046551
0.06981908827695547
0.09608341764064847
0.14098025344624415
0.11154360493245088
0.0708491967318113
0.1565204655002524
0.05331373331144574
0.1353598386920642
0.14090836462411083
0.14192232722426254
0.23657156948558167
0.23124991105469386
0.1866128731591696
0.12951344612880442
0.041407645565292056
0.23347384028667698
0.1060189434297014
0.10080681544977903
0.0680238576335043
0.08369697870909407
0.10404192312851382
0.2192147783077943
0.12135154741963917
0.164687427573519
0.05916357305107122
0.07146932099204563
0.04841012110436103
0.0915522276086086
0.08618416134334352
0.05833806419943536
0.1268608026417405
0.07096977644907886
0.1146062932855341
0.19715848867341634
0.17896454300644438
0.19691420242399602
0.19950710472336988
0.047029213340712465
0.0996031369234084
0.08387180619673922
0.15699607870794594
0.15119664101144425
0.10791884695472795
0.18604809632288913
0.10673911842040208
0.15225281784433367
0.21795156943566987
0.105645058000534
0.15212690497669082
0.0503100934883882
0.17962215550043156
0.05784958758532526
0.12530903790617948
0.05138773980438301
0.054667511356265144
0.10477280711123603
0.0421225836273229
0.10087455822402365
0.19480987262346347
0.16936957540538172
0.09263967420950125
0.11119123384614865
0.08583174213202927
0.13441566448044392
0.15292624376941485
0.08061259780285629
0.14880604738364472
0.08301311144934034
0.04401276233926738
0.10113931594604188
0.1254959921173864
0.13791243908284676
0.13377752398668502
0.04279834700102325
0.12985672818300392
0.07310999877643327
0.11680780804772113
0.06038966597869782
0.1274515643108013
0.09618278973435311
0.0877853648377909
0.10165540258994032
0.1810870549386165
0.1911825295433965
0.14603541898626032
0.13655501196989764
0.104854994337406
0.08723081260634324
0.15304439138387288
0.19825450949672827
0.14421533622091107
0.1538315806769334
0.08902447923096134
0.17040291717243525
0.16953256136407188
0.16559308896204358
0.10602236612786015
0.049134852838474484
0.0814493899173705
0.14121448855062008
0.07970058223311058
0.032789214132591685
0.08836555393644041
0.05539324804008586
0.11890495592660622
0.11514774690754956
0.042514330510627425
0.1583280366475212
0.14666019849457237
0.14247689222152804
0.18431938760033797
0.07993595153829554
0.074527574838513
0.041299915172383295
0.10689162457420677
0.1368139330510499
0.15742543373012918
0.13651743670620023
0.20279087108199476
0.187814153063803
0.07449066986036185
0.07201287082346054
0.10697311755355186
0.09000556872257738
0.09758918648634228
0.06287370971823734
0.09377125489965958
0.08307054984650336
0.10163631504159946
0.13903807015723801
0.12825823201854147
0.0711221950144316
0.15103166945233315
0.11001234979672016
0.11310377479724532
0.2946786133115612
0.37656220967230375
0.2720010534652626
0.2245279752869428
0.20777423321920582
0.2411450399549873
0.2226990254853852
0.23824361210726663
0.1605260550313022
0.17496542665373965
0.12501023031524774
0.10348876621595204
0.11734129057551602
0.1727483894772252
0.15629337339481816
0.09243493401648888
0.12585450539683324
0.11428032136815446
0.13181890343628405
0.2006914635180535
0.18826506256425957
0.12428323715536539
0.08333435575096246
0.1398552463568134
0.20188527416404192
0.15691103859895023
0.22929730999605202
0.2090823147186486
0.24593219887619405
0.16817425424086316
0.22703237491633943
0.10584590404031546
0.20946412124312766
0.15598994340125513
0.13625565863711728
0.18333203919982763
0.07078029403622925
0.0622363597841073
0.052057650589448286
0.12923921883940212
0.03633452342649799
0.09550206585438147
0.16152470605633215
0.24585312810911542
0.08864331786576704
0.1627446129272472
0.27006773354936775
0.18691684166574704
0.1769994506225681
0.2715640062847852
0.11170849521171737
0.14403937423988444
0.10659247006478136
0.13802932492390002
0.19871920667490273
0.0728943013108958
0.20854948850353364
0.22396402652355063
0.14531789995348707
0.08757532608425143
0.17968478526176354
0.12168513672327945
0.053202081513934865
0.12892189332380824
0.1659076988628796
0.12202215440593037
0.08101733556883282
0.17005763913021354
0.11891651021162719
0.051534302498714886
0.15998257628873844
0.14551855859352705
0.09785905339980966
0.16346367707675238
0.08328613328429521
0.10382762923565043
0.13180131192733194
0.12985230914850282
0.1667830544273532
0.1733898957197359
0.16925078290546014
0.15140399720133405
0.19559173497003163
0.15999788278070556
0.13628236065862603
0.09441954873512526
0.08289274607637877
0.14057548400841477
0.057361110971215164
0.08708248826016647
0.1571854458206655
0.17492213078789162
0.10642747011354117
0.08870626393905079
0.1342840403717609
0.09926427390370932
0.21482287010074558
0.07711537397850282
0.15009372685849906
0.22256397965433602
0.05540280297134744
0.16856143698650583
0.1577573427971675
0.07460439364100972
0.069335766254257
0.15704412654021324
0.15669966285288683
0.11579984756380435
0.14633443735242607
0.14443689915048816
0.058742801965412365
0.08302774817586424
0.08054729231799032
0.14480306782775396
0.1727983276077861
0.18839032208692427
0.22972091289179986
0.17195000973725075
0.23307151568044396
0.2939400266790831
0.19114787733862842
0.2141753881387971
0.25102554070908367
0.1206537236851962
0.06138673661382464
0.21271071342973513
0.14789676227785073
0.08829974749684816
0.21575891460132293
0.18088724981947724
0.08316555356702766
0.1434221534504837
0.10455053701100789
0.11521439196489533
0.12416350184086686
0.11563853769057088
0.12215934947823971
0.16397699129184254
0.1825850177092482
0.07684373124741263
0.05534404093885177
0.1496762316961992
0.09812817219924354
0.1197541911614847
0.11879623053170985
0.045472019479576846
0.08791183406512987
0.11576919192045612
0.2365212936706346
0.21488142887684003
0.29183643578067064
0.21780356946276702
0.2597256202441737
0.18874227631791088
0.13732032994037044
0.07160712638320904
0.07912398277230114
0.12153471279060447
0.061822943610617534
0.1135048053458226
0.08287269946305899
0.05777980521188096
0.07791899818790649
0.17548586246791462
0.15987174122348727
0.08876389758303459
0.10656112426121966
0.10302669615316563
0.23734387899123804
0.1707913591526068
0.23398478833668498
0.15254561172480408
0.05204357344701086
0.0748726230715843
0.1624057499075488
0.11472298814341389
0.1627484285881639
0.08775831284355268
0.22063327208329966
0.15294187717296126
0.15394395335427485
0.10604658446047001
0.057277372123082
0.08415568271551102
0.08008622021163998
0.09677927842591993
0.10640298765193244
0.12208387511611737
0.16330710267342205
0.1572860909163531
0.05882079452817974
0.1908955125402075
0.19999695422611283
0.13918363627770186
0.12121315366491223
0.3459354867177943
0.19068807298098212
0.1455939439541889
0.2009472519152647
0.11060605208241142
0.0818686805248537
0.13974811418621974
0.1240819564373896
0.12061444699935223
0.12347117939414577
0.07965151609236437
0.042524124182710045
0.07062526297117067
0.11916710935123809
0.08971130964728197
0.1944340940554707
0.2564375577742386
0.1407682070732697
0.1505066230446677
0.14239791125043968
0.08978200167343736
0.2667238195071504
0.2555027168527436
0.20124027796148403
0.2384099834483573
0.1303718991120411
0.19490396575097
0.1635020808925413
0.18400623879367792
0.24892812441745818
0.17880796860311401
0.1187601929703688
0.1220862675521882
0.15186013688050853
0.06489760730319963
0.10567172647140753
0.13703391779461085
0.045207590333346266
0.073131927369627
0.157029123328331
0.11465408544783254
0.16668991413643652
0.16706488835334757
0.12045450806886217
0.13473193663216304
0.14862892972536498
0.046177163869525056
0.14079585085094992
0.19127320177891344
0.1197012078991865
0.14767570230532875
0.21251098506031738
0.06115168848384185
0.09136516685870608
0.27589967356676154
0.12717527420945135
0.07025689358372215
0.1480567557890588
0.10631262471344051
0.08001325524416772
0.1513448182589932
0.0651488238475991
0.04571686128164218
0.19093805060536195
0.14319295894161355
0.23595762581864577
0.15955930054208037
0.14739363530867744
0.1503545468915462
0.1825344394023739
0.12197499685338044
0.2109683510471419
0.17333093659289997
0.13281171285387053
0.22293063546157138
0.06234651647792081
0.1608023991540545
0.14790975751119584
0.17216585443796367
0.15992509556148923
0.06999172056463354
0.04565809924914652
0.11841918922563084
0.10307733092064612
0.06714459972810613
0.10484421829474631
0.07201540939451823
0.08862609219187187
0.1504250497220464
0.1721335223282385
0.05751823614119208
0.1784452661732823
0.22047379199381428
0.2257898814385782
0.14824154168189638
0.23554632366647998
0.1422324132834935
0.07558756113361506
0.15830802081859163
0.1463603238461037
0.25130081540848087
0.2867503622589697
0.13248806742896874
0.14079585085094992
0.08816500537942269
0.11199851794649422
0.08036687279811427
0.14806529786157466
0.1309048891545367
0.14356486917916692
0.12762430420862153
0.0721689306160961
0.15134805583145183
0.17529569623731311
0.0538064344218814
0.14225957760994137
0.09946104107208306
0.1845815982164511
0.07544870216797817
0.17166653351442024
0.1788705983644467
0.17251367758923952
0.14618421084099342
0.16805346690252507
0.31820058054379274
0.1478135076964915
0.2514513845475272
0.16937383593695848
0.11203298479298664
0.08321349188949126
0.041828773464844454
0.09449760075994904
0.10626744297748053
0.08217106799687464
0.1378481046919284
0.15022548083352638
0.29907923419619215
0.16422024914099986
0.17522835610236726
0.08845383545291743
0.05491311936721676
0.21630582407925192
0.14622556927139907
0.1823852893398304
0.1420431564042008
0.2805259992319779
0.11327074857478904
0.1769994506225681
0.12718535383958246
0.1812239429348108
0.12026965513773533
0.049732266835513926
0.08571495330354774
0.11652328478468978
0.0602919706558758
0.1410735374005308
0.08013383496143597
0.14711730936907724
0.1354573830830366
0.12200944820117146
0.24469447752447218
0.13191503531180465
0.045119447284602744
0.10255847374286664
0.08111119218820945
0.2978282868631988
0.14629846103787536
0.1388660654724858
0.04561892456081603
0.09084820412437893
0.16091448962743962
0.1472020957570713
0.07497055979241052
0.23426515129045913
0.2988065913153969
0.12981956198234293
0.042445774806049136
0.08150952975732917
0.11595900310636291
0.04377771420928466
0.12739461739244196
0.10705461053289694
0.16452088143602203
0.1858550708706919
0.15284981275204826
0.15122803926268957
0.08468141286982316
0.17591056338629985
0.1865427441276275
0.1099770205482177
0.11846440403811032
0.1386447764373784
0.10891057453112983
0.07129793276142977
0.08468788841200352
0.15524412565224702
0.12287173094271228
0.11327061205125176
0.057018758864978786
0.04712715006153861
0.08485130013252923
0.12975686399829536
0.11487793655001792
0.13026990357074528
0.06662890662743617
0.11527007573171008
0.076947085290785
0.24816249900135742
0.19484118750412913
0.07398426938077537
0.12825890122766365
0.17257630735057156
0.04936010729637465
0.07021184679768111
0.10069815814398604
0.11896215363490942
0.03929221239544742
0.10262682532181736
0.06528838859448777
0.06238544185920485
0.11901789589119152
0.06915433208330196
0.06253896308078231
0.1522235384562871
0.14859790684668783
0.10694595322710326
0.053439341583645474
0.053648688703978376
0.10572787023767147
0.04233804441314037
0.03858706800549921
0.13299942814644125
0.15266351463965502
0.11107929785720079
0.16530851375462688
0.12074543106285833
0.14379793201847646
0.1384509164108387
0.09293251066572325
0.2241600218516779
0.12273292650477818
0.16875992715330715
0.36973479602398784
0.18647359709854228
0.16449465636271512
0.11203578301573039
0.1439490107679645
0.16900062780721045
0.19036315956888508
0.07419261944598078
0.13082339617519165
0.04831218438353495
0.04724467412653
0.10102636160614195
0.09459996825500129
0.13136589730315698
0.21816072033810227
0.10186830875399042
0.2590933048277909
0.12609319778002903
0.12145170355051547
0.11966485894803719
0.1403424675774279
0.1402461067836383
0.09791073042149655
0.14991503991173166
0.08452041071573706
0.24296956139650042
0.1764375923711455
0.17556823945270236
0.08307972027681484
0.16184505697919246
0.059016667969832036
0.09611926033637352
0.036030919591936925
0.1368267123202743
0.10015487161501906
0.1286415297761109
0.08753961342213779
0.05821245592723562
0.1960999707065053
0.14255838520087313
0.20567613621458034
0.1270255975430615
0.15926748306750277
0.08465997546262566
0.20268526751572208
0.09283586628287983
0.1671275181146796
0.23478069825037856
0.29832760778674294
0.24334583908613303
0.2509578773140606
0.167571355654524
0.27389417059465715
0.14683164428445378
0.16158478423678999
0.078996940484339
0.10735341812382868
0.038959227544638556
0.06585375130214284
0.05514203149568638
0.07255453844745642
0.14514352824270385
0.22967884457560186
0.09055055236445005
0.16960139368729718
0.14550211712071517
0.13196220192777144
0.0605013177762087
0.0997838638672476
0.11982196376542466
0.07779113735220324
0.1692535562570411
0.09624241555584799
0.19154949371693136
0.2924239742163495
0.14340277742803775
0.23241484977727891
0.2848298869210925
0.11694510007592163
0.13242766809821216
0.1190927342243861
0.05099695851309494
0.04958735456952009
0.06952165499223235
0.11173363146020629
0.11629040386676444
0.09013091354065886
0.14408386857922428
0.12173089210972649
0.09944812181666118
0.14796746215693174
0.08113537031616304
0.09079453243376746
0.17764029001034196
0.1673572975373161
0.33597946116198524
0.13759054630050865
0.24823864364845147
0.23159347365183883
0.1527752376612669
0.19106226312436747
0.267847840960304
0.05778266513798306
0.039302005992810245
0.09119933403488294
0.06172948754882837
0.12083603446991681
0.07952491503869279
0.058994018509811764
0.13963415498380255
0.2878749432779795
0.2018639307381091
0.14943095979230242
0.0721755736217572
0.07158194925182601
0.049663711130935644
0.07770501494218346
0.057040112053371395
0.07281292355588738
0.1643764480306781
0.13081176756172452
0.12175628518561571
0.1138569205117213
0.19475587285477494
0.1532568206474405
0.19931922818671605
0.11665924224823779
0.08625193394728348
0.06309764347887764
0.08747184081819852
0.13814545551383428
0.12028045663827727
0.09928552203876333
0.13062039865982025
0.09333369494731146
0.216505552448669
0.11939208755716645
0.17672631887299897
0.04177001143234879
0.15144784027571218
0.1759398427743464
0.17569886346784472
0.06665612311399603
0.1546230459907858
0.17743738036053794
0.1917258160723635
0.05689144112790477
0.18887356179528839
0.12637385036650334
0.17863910133657915
0.13365191068267807
0.12153873978304458
0.11707824699233309
0.12919096695161242
0.11680660372784993
0.09242534149588388
0.14500279619717174
0.26319241915436853
0.06755675002587144
0.08270606900618528
0.2925010865894035
0.08565088516553443
0.15738859022753965
0.06203652999198336
0.279371497817114
0.30549001523799957
0.1363756602299411
0.19263386964405332
0.04310195083558425
0.06375317637871311
0.13712551991120603
0.1514411199494795
0.13423493753660473
0.1254789386570303
0.09666476942691615
0.07765333792049726
0.10861255096537338
0.16703890880806269
0.13512371007398208
0.10409369895002815
0.06113391665480122
0.0419560912019184
0.15160410590816967
0.11719250146614463
0.08712745856297084
0.13008832109276475
0.11601883826084769
0.08358532691158332
0.15922043752238194
0.1274496814311666
0.1479194684133801
0.2680021836968382
0.23648997878996825
0.08675344666595464
0.15036290743301223
0.192808697826603
0.4118219956391518
0.3316476284082251
0.16728898815172452
0.14153178789411508
0.13392392092691988
0.11036865835959396
0.09802177616481497
0.07922087424497895
0.14819845010785296
0.1568468209126987
0.16551744691638093
0.15059902582958076
0.053140464720263604
0.12002528157724382
0.11602436256338944
0.10722981999891155
0.13344425715730804
0.07575574461113253
0.08410805584548908
0.3445794809971566
0.3751567990460482
0.4193375669990022
0.1289532803117784
0.2532488660659952
0.32613490333873535
0.36871533367571135
0.34327372186118066
0.22890625575134685
0.10059826955730375
0.1326761676459913
0.107209288033004
0.10464596891460046
0.19183495896018907
0.23451439375782196
0.24003148066758376
0.1004732818955374
0.05863471475861006
0.16225252187591788
0.27444361415721447
0.43119754776798225
0.22043694883952994
0.3396355735835593
0.41566802481957793
0.1191882938428659
0.3476341742818803
0.44332476558919254
0.16715793948103444
0.25943352788124724
0.20440652829304526
0.1526419636720631
0.2787875156453885
0.15013723227995956
0.08483644393488175
0.05012401371881852
0.1271271071342971
0.039860245376238994
0.11372932034540768
0.17239703682066101
0.1955614297594483
0.1548155652694892
0.14497601025477563
0.10873283064529075
0.16856800262531796
0.3069492157332687
0.47499951228627507
0.26826377944234575
0.2890521174547287
0.18898462376185513
0.4570343596279829
0.5462365748190321
0.3825374940091622
0.5286744864540122
0.48269649882372656
0.20655024280525466
0.37906346926884266
0.20573052975132539
0.26353429260518124
0.14845143619800047
0.21274253475487792
0.17845137373374265
0.1587384401750919
0.07196225743218994
0.17051480929388274
0.1956762476522123
0.1014144302951515
0.3437571403542219
0.35282016457617554
0.38742770360030304
0.29376489552816404
0.2655584553589438
0.19757319963492667
0.3148384863252635
0.34122198829959005
0.28318810322391497
0.16534924372201623
0.08011223763578246
0.27738721293982255
0.2567841069478839
0.13060368577692993
0.14754095877676973
0.15269233841974875
0.13412887664324857
0.06674948634470401
0.10126860899940093
0.12109954896233929
0.1284974180958975
0.15777462197166775
0.1233461391702899
0.055050230776373325
0.18340380854999758
0.3566815797182489
0.1984213674111368
0.21366143078442187
0.1401763358153201
0.10474872036200208
0.14810437920490538
0.3856089052222298
0.14214174132957258
0.06350195983431364
0.173451094790353
0.1192172094114206
0.1340105086412657
0.09779586748501581
0.11392888923392769
0.1246423549160247
0.05685867788241621
0.08159821514342243
0.13684602851061484
0.12582516010869788
0.12892150198400257
0.17252063727338923
0.18300416261236435
0.12073917755467697
0.061980704093227916
0.08967034987592662
0.24635677102735137
0.293702265766832
0.2533252653825339
0.2242369555685526
0.1328935519873264
0.4291078097668085
0.2459187628789276
0.2568387919481728
0.2169886396693169
0.20612689185079053
0.13885615727087985
0.21918549891974703
0.06414855214112176
0.10452538919733288
0.12438923564786694
0.1263055428756576
0.17176212045325404
0.07805856293479509
0.0866417948684439
0.17901291129454172
0.38108172884876496
0.30932018526721494
0.2661500589526555
0.3295891190101191
0.20274618174894593
0.18078035891578761
0.23641181326728927
0.17553104420387391
0.0870069827819432
0.17789917391015986
0.1429523995817788
0.1264184972155575
0.09661880487934099
0.12652667532176118
0.15478948629863315
0.06975446049492279
0.045756035969972665
0.11103514035038593
0.06142244510567345
0.10860297714045213
0.13631461212750648
0.0387829414471515
0.14871436828304527
0.07631400359868691
0.054443023107251264
0.23721022104528738
0.2781541864463797
0.1650838606865725
0.06903559451034644
0.14584664367827704
0.0559022802475608
0.1930249244254987
0.10948854393410762
0.06476555348232645
0.1779893999376359
0.13126643642411379
0.18060984411071546
0.16376120198634309
0.11186010232314202
0.07941035665782856
0.12335851921650415
0.04193650385775322
0.11417166406236078
0.11366258439840492
0.09972024239184575
0.12460191017019094
0.09940936405039687
0.17160649334339284
0.18671273734387814
0.06957302632396775
0.09546900808308495
0.13418417618705167
0.13649739009288042
0.05601001064046957
0.0878337111926831
0.1538044163504848
0.08883280027861665
0.12276115136321374
0.31429125700726085
0.07628291185148031
0.253838422678957
0.18023565244474055
0.21641714028303385
0.057459474108696416
0.11081062535080086
0.0995349831494135
0.08014636005159867
0.11742134478303012
0.12083603446991681
0.15219425906823983
0.1755006519536418
0.25954701605816044
0.1550151341580092
0.14894159259152395
0.14109151157266303
0.04803796156522174
0.05961408196687148
0.21946059337611587
0.2844131980506502
0.22626122735969464
0.05856615905403178
0.2350579813309282
0.3435578415874001
0.0978975461378099
0.3059110463149235
0.12073746253332907
0.14630103059838565
0.09588098111246925
0.1952349594973111
0.07078029403622925
0.09599872966842332
0.037725224862229186
0.13817874357540402
0.16186661816278436
0.1329150493117138
0.07128967271069737
0.11900691417016508
0.16187984341295816
0.09513739692433583
0.15701281165954759
0.075616942149863
0.15576403472145597
0.0824827654111631
0.1620614128400745
0.1920721152565839
0.10078741796202895
0.1120874600374166
0.11601491368556945
0.10600679715233804
0.13428011927256472
0.22312987670101966
0.08644099663394081
0.11697115524771441
0.11301843786137096
0.12760813871413165
0.04257309254312308
0.085551617039906
0.08736314084664008
0.13857934362639113
0.21473400057410527
0.21678407643771622
0.3430667625362832
0.1596722548819796
0.14532705371473945
0.10121805980941437
0.13242609143564332
0.10444285539490478
0.04619675121369031
0.21151429925143606
0.11784847227273494
0.18260553299591686
0.1525850193655193
0.15856530235096447
0.21272198436444031
0.16445283231823302
0.13236406531097486
0.05445281677933388
0.08802467908618555
0.13634499041995804
0.0997096059268691
0.1192842269034264
0.15366211942828042
0.08896686991220532
0.22416757324787984
0.21053894086096878
0.21645885590787164
0.2328167026177725
0.15804620272152678
0.10478377430576387
0.21147428140030472
0.24673111235386452
0.08263900503309721
0.23758676178321217
0.2672951499382551
0.24921164953950936
0.18847825843049842
0.23677798194455513
0.2093011352844375
0.195637479080924
0.14493690528774253
0.13554998897720227
0.11904284200225593
0.09668891495399999
0.0948816455156074
0.041750424088183545
0.168176566616992
0.17115197053840314
0.35970746451492536
0.22408979641761712
0.12538383546207724
0.2601095842986867
0.19826670152253384
0.12896448803689245
0.10401895438480803
0.15004836344496456
0.05687675061978087
0.2074112540278548
0.20852695198066024
0.19642077471321437
0.18831320320759262
0.2148810950440731
0.2356902899618339
0.10391560034143497
0.071232451164473
0.12581446385085446
0.13482687012586833
0.04791419403427769
0.1512479858457964
0.05810919243570208
0.19787509106731713
0.18995873277803305
0.09600718362519281
0.19047499697286624
0.16730615178461436
0.0982208842312257
0.13022280012385876
0.2290262195802929
0.2525701700119822
0.2021819936541883
0.19840147417503243
0.23489502410998014
0.30952646437118214
0.22378649518544808
0.29636004267445293
0.2681537885844091
0.13288271747702085
0.13860339464243598
0.11966509621974993
0.17104187819793554
0.07529342059682609
0.09262255871761717
0.08207083493027638
0.10409369895002815
0.11270479043415069
0.17352571735197744
0.18349502515851712
0.14010578049040115
0.2097336183254526
0.16710856863184778
0.18457627577005317
0.1399930517479768
0.20044655114335075
0.24643151979973818
0.1959335303986573
0.22652331825268324
0.12844143656157986
0.10329186917225355
0.18554066794631394
0.26660408511091505
0.22086385333761224
0.14946754891063588
0.15948668723216514
0.17562781284120216
0.14277249607200837
0.11284061206639226
0.11570006311954399
0.10230400147763051
0.15261260863825912
0.17675148111771793
0.14078025953153422
0.14674120949917555
0.24332436732816554
0.20390951184544068
0.1900893663154214
0.19963063506882958
0.16545259776538931
0.07112164666394286
0.05578475618256941
0.11833515842535952
0.2547535351921383
0.17119359755173197
0.05680329807916124
0.17195018641797438
0.2073859055368112
0.12183255101563642
0.13845657190717456
0.16101435381214818
0.11743138323616131
0.10425668490871762
0.06433934831564522
0.11327524128956556
0.05812871707910246
0.17899585788711073
0.06299289883537329
0.17796012054958865
0.10652977130006919
0.06325074328991416
0.0927085769050833
0.11876671509036103
0.055805567735744986
0.18864160730148027
0.2588864560863885
0.14823468219148297
0.0775864496056765
0.27022863121956475
0.24806734555885948
0.31345927255343664
0.3873099251684367
0.0740587689215192
0.05202104800122083
0.11631124284063724
0.04327138136261347
0.1357719281037692
0.0632493476424453
0.09899614715040929
0.10467887125101999
0.13996763996359166
0.06897487374343367
0.15854064609906826
0.22975315666739057
0.25919928653738833
0.19929947052062527
0.2586336184354531
0.20314865545795763
0.35621889085725666
0.18959610229719237
0.38321549359537577
0.17579296388594456
0.20680687698857148
0.28293686143423696
0.13590384938881003
0.1110426128070944
0.09238077065367292
0.10449266041693173
0.19856765830338832
0.09348373223037622
0.14514447188711643
0.16078133738116135
0.040976723993656976
0.09582281166749466
0.27952091915338906
0.2154084578616857
0.1534371753195258
0.21309965765445865
0.287442411653484
0.33873371794547424
0.3690871363188462
0.2481513355698507
0.45216339065718353
0.4818447373179864
0.46409776207994546
0.6641355793476764
0.23245140997055908
0.2605904522466872
0.12285978761418348
0.35205528402384406
0.25176347858003667
0.288483106298053
0.2700687522116098
0.30693289695776316
0.15485880831971324
0.06671155612514186
0.18995198555528722
0.24035736655222464
0.2283616591336731
0.293179307259709
0.3452422905624956
0.3665202499668347
0.6214614790551501
0.38629706519600865
0.30402797655177344
0.21027699518418083
0.293479541052289
0.17859838346575707
0.389432867725204
0.7415814492290447
0.2604180481618477
0.17383474136477378
0.30424846517763504
0.35061478922174644
0.12432772898715982
0.2248327916855196
0.16993127297819513
0.1628586866081014
0.10143565803863534
0.06493204590773088
0.18327771054693046
0.0704067086019121
0.11052132306108352
0.10925128386439685
0.24605446896903782
0.1445332518778358
0.19547438449217497
0.43527684125801896
0.29705829056221
0.460945406023721
0.49531432845897966
0.5479637472993673
0.18285765145448632
0.3510936853361959
0.28785823646615444
0.4767067648418682
0.3335155057975119
0.19823776648056976
0.3349111874517311
0.23171170460431575
0.2300481518851792
0.12622973830554632
0.08192450642360871
0.09653267650986376
0.11065730552396846
0.15684968176771105
0.23069672586674989
0.17318159393396373
0.162374236922189
0.13666849668616313
0.10157522278552393
0.09290277337567625
0.24487102621419676
0.44589258580380847
0.22714162556119893
0.17138926144574543
0.3961373725961002
0.4500042319431533
0.4792200824577586
0.7050411440440969
0.642735128094105
0.42387214989985256
0.36718180876597
0.33732782968934105
0.20644002396482355
0.2903515735355649
0.25367661803909813
0.2508635090156826
0.1408314709867376
0.05462910287682094
0.1703320463519288
0.19070343250896954
0.11695525789264831
0.17353143882233496
0.48064632100343385
0.4133371210593196
0.40364564361576705
0.27760032393149775
0.2224773146204716
0.4127222539103329
0.36788029987579035
0.5274096168903826
0.3086151735101206
0.3741951372191732
0.45148816368454436
0.35759119336591016
0.3199338744088301
0.3148717743868333
0.12284489021134663
0.09719288973322167
0.1428420582369494
0.17195000973725075
0.1636108226145774
0.1645096002769564
0.13453282198756383
0.08937705142593519
0.15745834981994866
0.14769342363185486
0.17389310370646024
0.18306316700755265
0.23169194200192217
0.18744978332982407
0.29250655860383074
0.2177841950596368
0.4254439687288813
0.31671644383572084
0.3404895621931521
0.22056812598274553
0.14170464136334188
0.12484973170916315
0.20260837635778317
0.25428280998182856
0.24809179345266277
0.08392197607591977
0.19779690595142266
0.1063659524530573
0.11763008479967416
0.058285937611568014
0.13677190340402537
0.08300672681457368
0.216505552448669
0.12667416069204784
0.23384983434567272
0.2996877123855364
0.15471161725626173
0.42642508062872336
0.3142779428477663
0.4419277282895254
0.20820801031439062
0.3896312655204559
0.5141961244404382
0.5237773178581093
0.36118660539054626
0.4245088983669694
0.28355320025680913
0.11333870718701808
0.26566982909738207
0.28754994207065737
0.10704755651102647
0.24376442556869066
0.09430948206250353
0.10835667383684089
0.2898483740323464
0.2948804950662343
0.18732357350329182
0.08885113123509944
0.3306381675124315
0.3800560913386849
0.5046737483020408
0.24496264809140444
0.2341882496316045
0.433298171177426
0.5245399589891071
0.3371563925874211
0.6405788128145707
0.5596422199142485
0.4152040133301883
0.29364680122757175
0.3356530486930528
0.1742549171259424
0.11313118382790045
0.14162949076804054
0.23807070421005372
0.09394103113071746
0.07655126366839768
0.13907456918746378
0.16559106229271564
0.12298445495823522
0.38063204461083483
0.1480117661845453
0.3211969609383118
0.16483729482247608
0.3525397418377734
0.26715483849416094
0.4054383076353834
0.5046595323778734
0.4589141310182076
0.18456762660011028
0.5562878773211255
0.6326164164920994
0.4058730508909809
0.6422842002750627
0.6343572741072124
0.29761658072790287
0.18217735323236398
0.2644515244312843
0.2551991520642637
0.21350206996330484
0.20298212564027013
0.12424151899485947
0.08250223793272472
0.2760288198995552
0.18220991837225992
0.2773029050603746
0.3841022907142367
0.24960993150122232
0.4678304172991386
0.3937993092723421
0.5665175061294114
0.4021852226462774
0.40259613529671373
0.4837300396617249
0.46732485337259366
0.43702034107129284
0.40073682275952305
0.5218430096684253
0.38045732582320324
0.4801303560491055
0.14408106209791685
0.2225629722512418
0.19175587970824642
0.18905159157143805
0.2683434754034692
0.18368711784712397
0.12525127226455043
0.3901560544326369
0.18991760526684304
0.3228154226467492
0.37437377258601434
0.20671772050152112
0.3455709927503465
0.259753876075585
0.13419987801820354
0.17577202917391135
0.22738472556109976
0.28126740225805513
0.1783972420628862
0.30072285728812265
0.13550035009900585
0.25471655464704246
0.2841919365085538
0.1765304768920412
0.2197678325143003
0.29933894428672003
0.2022912920166354
0.06301248617953853
0.15429562830276178
0.1529894865570347
0.17444815467765634
0.3334798008042389
0.1931491193339556
0.2916948766832315
0.5170399946770612
0.3127873076250869
0.4306946075375008
0.4669276073204666
0.25806917347171277
0.37346840614339355
0.6193770246936953
0.701778914010277
0.4255595308542694
0.3901916586602967
0.3400864797170302
0.3398702822198121
0.2869071298295361
0.44139470320364194
0.27796372413973824
0.29292563771608443
0.3146331320040159
0.25598202408255477
0.2574933668364328
0.34356941226598403
0.34584467356386217
0.12334738241169024
0.32517871904775447
0.34993076083193403
0.2759640882204649
0.23757179411657273
0.17217404999912295
0.23216860931629793
0.3153032704502693
0.12826968200041247
0.34885390096650265
0.38573003440971293
0.42895459537833674
0.23480931275525854
0.45497233545292814
0.1863451054863242
0.28683321627920055
0.28354248758718426
0.2868797351882435
0.15685542338063027
0.1866991898216862
0.1183851664135777
0.20801043913610745
0.16219711953362714
0.2281912078966111
0.08960426461825245
0.30760607278255525
0.4006817395009441
0.326943011593838
0.22954071749325228
0.30731859151151153
0.2517552643224727
0.42421111327170313
0.21021800435348667
0.1517931029756428
0.2020787122838246
0.39866699908607983
0.6026078692114597
0.5898944102686996
0.24707300838399865
0.3279054041996556
0.36688514188337756
0.2497306854284125
0.3585187867883476
0.3728387726025926
0.33212268857400623
0.08542484566222178
0.2459974122881184
0.1928777422172111
0.19087320226551935
0.1351963703109883
0.25753357859755055
0.2561126702882011
0.4228529221745907
0.15702488260217543
0.4756786823154903
0.15277247018390427
0.2198142407282108
0.3689003815745139
0.30152436851415915
0.11688582362383404
0.11478492793598742
0.23668651075554148
0.36350409796842864
0.2994802719343354
0.28467070884173923
0.2440428153268385
0.27759702264028485
0.2483417052559879
0.24764506410141862
0.1851250902134837
0.22154869377646358
0.18939711173336732
0.0864739621788463
0.16349922870032854
0.33635318466884956
0.4027409181846014
0.30986885918176804
0.3811794419783868
0.19669079484451965
0.2542566089636301
0.3151305076448073
0.2699794122664326
0.22448881362905523
0.27202905733168337
0.23839015376102723
0.3948491678515108
0.11908501784066614
0.08558584172242037
0.07920236587914024
0.17598173202007317
0.266696459481771
0.21122131361025412
0.07355188518079278
0.13079147356466658
0.0744038122310793
0.30943444604454984
0.21162578000992577
0.2597308983685962
0.24571327017335554
0.27975740733408716
0.34445851608984873
0.262652079488894
0.26655151991895587
0.20176259576951835
0.2756990683225699
0.13600864168009366
0.32873236778146075
0.40837735876588693
0.2682010437442492
0.15037497925808058
0.20197810169718405
0.3195339720117899
0.1411296704440723
0.17301784716796254
0.06831764142570482
0.09761570531287617
0.04051654382667522
0.106647315413212
0.08424595512111543
0.04627266747494319
0.16048487351814572
0.08403415795296917
0.11694641614062462
0.14262302613615893
0.15968199701042726
0.1417156191375178
0.15530765033763574
0.14424016590936933
0.16437935888539465
0.3575306074417622
0.3481704573063208
0.3936382545628533
0.133164559307303
0.4503208969135298
0.4644623100387724
0.12221684885034795
0.18090919744349582
0.15062624316050618
0.2222544006817389
0.1844039377781363
0.1448592036510475
0.07228058241360684
0.053020981920855734
0.14023765631729163
0.2331463540136392
0.27414050225027214
0.07510473309994209
0.20406168312293674
0.24172282699779166
0.18425786595700558
0.38576488343693605
0.17580692036063317
0.4518048352735577
0.3244890342893015
0.21158992581540215
0.44739783317438014
0.31035108522115873
0.2940608103208479
0.1933585829293441
0.1064043297087684
0.1673651652823386
0.17106482960424643
0.09575746631147292
0.13873432714510872
0.12970476110934884
0.13098388284993132
0.15123051894456235
0.1573513374592479
0.06531718206237967
0.11507557909959915
0.19541756544432828
0.082633495337803
0.15804359204130197
0.21785035882480447
0.19714596272115006
0.09485099328043134
0.2591415977197517
0.2207319385049886
0.3398206305574884
0.380908838978988
0.3794307450201052
0.22229492176209692
0.3807138176502533
0.261216248387242
0.14344604249957352
0.1788137861491388
0.1830831713695571
0.20245844145210137
0.19035701344868317
0.11071801896273176
0.18466070850414168
0.07374659562388551
0.3505987123216377
0.3331144643285122
0.18658957623967223
0.3162908860616223
0.19999378821161465
0.1643871439814324
0.11343998131201728
0.362654290165374
0.1586260632006393
0.35125588494295534
0.24868705402799837
0.49901800218369524
0.14798238516829737
0.36749612976538915
0.24405348453631326
0.37075252964563465
0.24819135359695052
0.1602313788644825
0.08991493709484882
0.17041079633402348
0.14568929402507574
0.07714114327326316
0.13702398510589994
0.24355740991031846
0.061668752287619165
0.17472600663023155
0.1807094550872008
0.1754082051748474
0.10706988687052835
0.20797448064348492
0.06487989460389094
0.12126874422366887
0.252997336236408
0.19463457338093493
0.25808316594016983
0.2054636545647913
0.14432186359789295
0.26696562065416285
0.23329816395839487
0.2189893270198324
0.27335698779810264
0.23409329977896648
0.11387505434591241
0.14278416913775094
0.17267462504894338
0.09991897484654617
0.05505015426331018
0.12896780382297107
0.18104171895522933
0.17743965083390134
0.19884830003590886
0.12368359485901823
0.1346671342968051
0.19462710490728943
0.17329094417959995
0.4194941414023326
0.24426150094594223
0.37875156453889297
0.30088294547236166
0.19370356423755197
0.21961515940377171
0.28455832061234654
0.08004172319678796
0.14009475485307585
0.3188305571089976
0.09416759148402441
0.09630393038716407
0.15488269287102832
0.11055118579572505
0.04283164548610415
0.17607054406007758
0.1586737876430387
0.16281578308803976
0.16112443675783192
0.12555384194845506
0.12506356018282722
0.17740676344996775
0.13532833925710042
0.21232383510767006
0.22560939665725582
0.2580909834734062
0.2510228242764384
0.13539315660410126
0.1477474279986802
0.2856175024595562
0.22488079530598012
0.1421215730516005
0.2058129001197011
0.08589931041499646
0.22769034113605427
0.09774728654617236
0.04707818170112557
0.07954816204899197
0.08600778975976973
0.07315984031900487
0.1104969326174122
0.2676693030811421
0.2210474901471061
0.1450217284919459
0.1197814440171421
0.17472127003995072
0.231200557350568
0.3028457883292942
0.2035213370742395
0.1961659743209006
0.18036548995157414
0.20498219462123593
0.252845550581122
0.3040681477714793
0.1498646252089804
0.35182152272908723
0.2985033611390357
0.1335536932401096
0.06067277791900204
0.14448976881135042
0.06849977342039447
0.10458518634947411
0.15525884796676492
0.048320019321201016
0.05863275602419358
0.15560181258642108
0.17782781283826743
0.17348623005600913
0.12055632318116694
0.11386687215081197
0.14343552296278042
0.10033030524327782
0.1291219289525854
0.11014031130207752
0.2814627572956892
0.24935627145883477
0.3718855594164991
0.48671114131598875
0.26949852553149733
0.14413491048541752
0.342082216102766
0.2590435745672637
0.3906886634177508
0.1684636455623061
0.28153330314000713
0.26276324616740976
0.24493086482946264
0.26520684105200193
0.21545899529729381
0.3717311123538642
0.19734287084040766
0.1675127883632797
0.10076611269080726
0.15827340120901812
0.4156821054756791
0.39172600474183844
0.26928827972463426
0.27515451290846415
0.22278480819147345
0.33739853479751036
0.4577786003207887
0.3085617739210452
0.34232198302879396
0.3586639822068991
0.3168380620256614
0.29292923068828824
0.1893663234005547
0.23588550336310266
0.24279420148673372
0.17029363384858262
0.14579200201635073
0.12032552833198908
0.15891035246591584
0.12645365294353167
0.19862184477019534
0.10572269013181798
0.3594630470528634
0.24870286559079155
0.3349789085698393
0.19578142693533
0.20426696354615667
0.45213520726458406
0.25604586978940697
0.16937856811894433
0.3074363392280227
0.1545815647419474
0.17592677158702413
0.4444879176879321
0.25685069444379705
0.23708430907617706
0.1751176954367603
0.10957772645230761
0.08556228063237814
0.1804654231443146
0.14537438556219753
0.16694217851640158
0.09993318350463799
0.22375310989091915
0.33355078863127907
0.3112433756757467
0.17144209709951108
0.3656951764180679
0.3069276825517801
0.4368037275055833
0.41698899273348017
0.3825976536320072
0.36340057575665685
0.12635208100663609
0.16022730766545917
0.130187391545156
0.22652291356432186
0.24020332348006643
0.18258165410040322
0.28077548302788846
0.12268297205048184
0.12013534430145618
0.15777198249119112
0.1352239257562063
0.08695619459625326
0.05941550404541542
0.17784146893558067
0.0553871330960153
0.11872967989148589
0.21530385342600694
0.13804678941158552
0.11234403865544859
0.27312100384216065
0.23889345501417422
0.10886939697196228
0.275150615824913
0.21891904075625002
0.16319864112671686
0.22307470369739402
0.15754766452519797
0.31549758994434157
0.2438797152770813
0.16195257968605753
0.26472663843839
0.1401629133383619
0.06024993612683519
0.1681367506857335
0.120801075092757
0.11910449191767496
0.18718846675286116
0.08400825985722839
0.1779866206832238
0.21233412211675212
0.18763630067107695
0.29614861856985275
0.3262786783891507
0.31107060436631895
0.4446290908471884
0.15059056246479866
0.3529032441481111
0.539805864024925
0.34826179455537987
0.7668903624404091
0.35092428411307114
0.14498356277660154
0.4209756026665703
0.16875890064275892
0.43896244147804314
0.2105563022931242
0.29216386357125435
0.16915611765290156
0.21131601222064375
0.22255555648395547
0.07459252405002116
0.10448096081574465
0.29412989391730504
0.23243246279496438
0.363716075959974
0.23864891758536022
0.18698466093894164
0.3182737026217122
0.49281793448187594
0.22708161272003657
0.16709963307356013
0.33982764976134083
0.39251181297728127
0.5254417771597611
0.636015019573378
0.3872797679531345
0.34106821970311146
0.11907538264925425
0.10526630501276861
0.20796757589977397
0.3424542622034023
0.30064790629856053
0.31408512159236024
0.32134463795904167
0.1625825445096247
0.24820350674518196
0.28519979137445406
0.263467566219103
0.20461710441208494
0.18475839290168627
0.3588966693296735
0.3735674215348464
0.3466855219108898
0.4907774734369542
0.3663917994321961
0.39393947006994007
0.5378880467838745
0.2725839071481277
0.5237186556989454
0.47105741524069683
0.3631707936449784
0.21631139994157955
0.21048943985537477
0.2218671735174606
0.28663642516359134
0.15920484584352454
0.3417455556846771
0.23334592290215922
0.26883511902992596
0.1799307766744793
0.23817100293855953
0.2561349897472766
0.25674091499381363
0.2992036561138019
0.4636825695101882
0.3926890989941872
0.3619716734046264
0.3214569133991467
0.32828344796389675
0.5186022083195102
0.5909612927467707
0.34915610552855864
0.22338190779792622
0.2134638560798629
0.6090493345817972
0.23702280964091157
0.3620429098865767
0.2033628608744019
0.3517537841800911
0.302846926274576
0.2210199258321394
0.23657608765917795
0.2115759662972947
0.32279369118559037
0.4266464275252313
0.1375354751577733
0.3233799381031424
0.4142725826234007
0.37376139255395857
0.3768121812450961
0.2251639930977873
0.4705759552971415
0.5962071444888887
0.4729556347669305
0.3448505330870453
0.6907944580701805
0.579181430835065
0.6816534331219112
0.38276602540100524
0.22303113532817814
0.1993148275089808
0.16151828157417839
0.21169902383970438
0.08057254022366561
0.263765239850093
0.1194674233366431
0.2253631673613543
0.38806900917476983
0.1509811431840892
0.2922375720969803
0.21393745734633923
0.45162320896569413
0.14669941412547552
0.37533918708423053
0.5129377453098092
0.41442947309138645
0.17230007294942792
0.3351994213163549
0.3941984470493821
0.16631613930695108
0.41456694673396793
0.15260744680931193
0.35570971593994577
0.37858431740929904
0.18212705009614327
0.2586587164410659
0.13231040119062484
0.06432483823860882
0.04554057518415513
0.1711672125908761
0.12734989698690627
0.06694920908246209
0.11292257282907844
0.1440750099276739
0.17544795977278502
0.1876220400687785
0.418366805698355
0.28739314327097876
0.17568868349001243
0.15694359512388972
0.3579322808207347
0.46724933441805083
0.3732936059768989
0.253114052219118
0.11543801283777144
0.41652857435644147
0.35638871130792915
0.21849887510165641
0.18316675758108264
0.11491894821739311
0.10191017817805685
0.05788060200824881
0.08206407117049731
0.09349740452242529
0.16703357347268122
0.10375023387203929
0.11005590712438168
0.16152215447545798
0.20191243849048982
0.163876925796596
0.4001305285840058
0.5265284035188731
0.6218063639538693
0.6148717455305133
0.5783506389313301
0.7814628470211384
0.4844385729611172
0.8023421480120376
0.28395843401954846
0.44171911237641037
0.483908850932386
0.4268861015685323
0.13940312842392746
0.34972437485020286
0.2048993909858723
0.20920645660292275
0.27166387046949375
0.28401374131181534
0.2689604585996256
0.15685698649158036
0.2831337745710178
0.2595238913531671
0.3057616585024827
0.324966837301457
0.40562376591715926
0.4944818135307461
0.4769319518973762
0.38910511008591087
0.3225299616983928
0.2744982761847285
0.5852438047677065
0.5580910868810863
0.5180537845152177
0.1578568550455932
0.5483667212590863
0.27132620794341944
0.26853499249206775
0.21898457876322472
0.16926959354769655
0.1246618695890125
0.11012201064595065
0.1729677433588968
0.17431565550655512
0.26764267263188646
0.17666134376913084
0.29115130680043727
0.2098042778901039
0.14763608325536884
0.26678085004911933
0.48654496551356685
0.3348217134924315
0.5288707357993115
0.34367713408919637
0.49233583794889646
0.6669229847407506
0.6955254200093144
0.48006575092589093
0.224700136060246
0.29418350392054854
0.43459730834756616
0.3753236915579163
0.3668211232723486
0.3349627525324121
0.276339976526289
0.30182534581160386
0.30014180714228583
0.16832756273853258
0.1733212722185476
0.357498226695224
0.19975204398431043
0.3840546801918803
0.42243787346338024
0.35965829422754947
0.6629579441166294
0.4322785178823107
0.6306323400175747
0.39000648266592103
0.6367379945349503
0.5383595282830028
0.409145469070886
0.4203821668040918
0.5384443823067283
0.27530416533118135
0.5229987217384342
0.40709658014664596
0.18603457626684392
0.1623033954191494
0.11318700972665548
0.22580221001864736
0.1738469534009901
0.1518400009533461
0.2512862599046742
0.2927596878587836
0.1725447664033959
0.2362394597446402
0.250195298800311
0.17180148080995689
0.2191515814707567
0.45487470373625094
0.11842018598692745
0.12443937684890155
0.4956769830866857
0.19677054201504748
0.6244210133064658
0.6141098617656662
0.27722827310529885
0.27435794989149137
0.3577033558312392
0.17421709771496358
0.17637411330814864
0.2053880393124528
0.16216681863704363
0.10210846418237965
0.12570563707232518
0.15659006077055596
0.18779799493337673
0.07230863972035609
0.202510190016579
0.2015376514223426
0.2596269074059274
0.1688646519586412
0.20597449789359631
0.3508861281989818
0.3654196054682074
0.15813352628192726
0.2461042877209531
0.6091371727459383
0.4137400476410568
0.4362889635193879
0.5109304614591158
0.26761462450427204
0.19230225566616088
0.22992985429948953
0.1888952279875455
0.2639938384789554
0.15911197457867574
0.20137777510956933
0.15057186150313287
0.16003527918722335
0.09372152436178323
0.1837686568183759
0.2753484786109244
0.3277124786547104
0.2400663767620732
0.1888673893744684
0.2789921821121883
0.20441058560669503
0.7124444089371799
0.3183164834085843
0.7736141350998909
0.2397108972612685
0.22666670541443518
0.663833997556515
0.698941873489981
0.2803897634416066
0.4733627944944487
0.13289131585619798
0.11437050258076616
0.29060209258089365
0.1799221638375314
0.11514091618309585
0.25871481451892026
0.12772837193444664
0.23572835316629445
0.22931616718400485
0.09719240174786153
0.13550524693504776
0.34421705540983644
0.590230619690553
0.7257463183403912
0.4817094046654584
0.39258410375481684
0.7507456525791577
0.521348775147769
0.3854244534097428
0.6384663357526051
0.44974576982431763
0.34604656288484126
0.4654330713394197
0.3618016639654024
0.28348691081484667
0.1221372969446217
0.29655335410508316
0.11141732873610813
0.07516251576522917
0.18220212751834045
0.22334902790002875
0.2057156102865477
0.34913035101108136
0.2694646855022144
0.1593285106954959
0.19135695210318696
0.5107120982130954
0.5719464940486549
0.2959121545905569
0.6986506450997854
0.7218240645484358
0.7985040345130632
0.3814053315921075
1.0
0.2514055210951179
0.7816194214244703
0.5925269759068816
0.1623594957855748
0.29682141438799275
0.338576164852074
0.30974664614907865
0.20695494156392408
0.30234517283066004
0.11889520787439943
0.16303829421098565
0.23291184887283722
0.3719067869728325
0.18326394457324025
0.15716386147125397
0.5160315304519174
0.45229793971980425
0.19472758201861448
0.4372767763395514
0.43443015724817446
0.5994954702620656
0.4357131405006258
0.4883919748576009
0.6009563940165623
0.7220846315677327
0.6690234614257925
0.5066747691766004
0.3734293151512764
0.31012743562815775
0.4278514553540507
0.3497909509733424
0.2558738899222498
0.21099966592780825
0.13276872001544235
0.14992612750074602
0.24281396507366598
0.23364527623493955
0.24167710564904105
0.10907212598407214
0.10702524851880606
0.2874103689448739
0.18627564301131877
0.5559739773060104
0.22747762146287528
0.7162339505937696
0.24072845979065224
0.6705858244401505
0.7530915651377046
0.6973848898830897
0.3343173703302938
0.1566595786334935
0.23363138629151878
0.41685064762495844
0.25467217561168437
0.1730184167177992
0.30528877161326806
0.18020735387571493
0.0712391707289346
0.1706288258522344
0.15008792880400187
0.38976721368149514
0.18841442106796727
0.24016034544977144
0.3047508090489399
0.3740144102753333
0.6432974347803585
0.5168112867763234
0.4981512298249199
0.4449736080661665
0.7296743096055992
0.6769127320177872
0.6175537974764967
0.5673494039516581
0.24924868146835322
0.34399988456364106
0.39732320589077336
0.25209149578777756
0.26957877567329797
0.2703073104497866
0.22508360895092172
0.2189444711735975
0.12187164281000804
0.19138656409080246
0.06722376517506258
0.2208257345035866
0.2752561199010003
0.27786389524004085
0.4351828966160206
0.4092228605438702
0.41360694383711655
0.3069618966550217
0.2201075623180133
0.2768397916597657
0.3303257569705192
0.18391842344979914
0.2257738910416908
0.14047063868093276
0.4913317887672749
0.11851322587171247
0.10720153461629298
0.11219630737842592
0.2526282359695354
0.0939409026164336
0.28008575004660247
0.23444781763468317
0.09219180668822068
0.09913283971497346
0.12242286437466102
0.24594581166324414
0.3503568480200253
0.2828621313065346
0.1709820390858149
0.18238543520457492
0.19728564312410168
0.3116636146507912
0.4278889769186727
0.24270309483927768
0.37600240665756507
0.4759733280277631
0.36655942384196444
0.4762292465842485
0.3072143491222496
0.4531263232376645
0.3717166431190455
0.2763626112234475
0.2744683544339981
0.26868235290050274
0.28777529226918014
0.07081804282938178
0.24303478884917143
0.19914480463202228
0.1833474845249218
0.2719301749620511
0.22495353836500337
0.1405270476387346
0.2473157450985683
0.2783528531161107
0.21928282868853713
0.16101776271025706
0.29669500717449854
0.4041807296574531
0.3206276710652186
0.1481939284852822
0.1786591042326698
0.6183660358583486
0.5266849779222034
0.12198116515616578
0.0894828230844276
0.16391341197490014
0.14135106095027586
0.139162844394831
0.08480199258709141
0.13812661696699327
0.07586739640864396
0.0524842886907285
0.2040181287265364
0.11830903593746718
0.12408853644807355
0.17925739023257697
0.11258700458038337
0.13929957386951336
0.32727181784083126
0.35123553901165955
0.11888538541085182
0.36321420894071593
0.4801510652524612
0.5151415532986948
0.631117209352811
0.2555011821289623
0.20878886134534752
0.29727122891574786
0.2630865016521448
0.10181501497085514
0.18118360466521108
0.2696998748368877
0.16987900944862033
0.18989343635889397
0.14388943719684166
0.18896917045525638
0.15171276960242608
0.19443960070305585
0.19354767188879846
0.11542821916568902
0.237959499687433
0.3901693696572651
0.4976247686641139
0.4929901663255388
0.378261493455556
0.5309438016927851
0.4942360702331459
0.5015892878685454
0.31789981173974524
0.6352849840720456
0.5584069520369059
0.19587912225815218
0.15523786796419145
0.31062407293673494
0.2000852475425234
0.2874943112333687
0.3068160634869904
0.129003071802707
0.19877061296604737
0.24751281678441617
0.24661725398874798
0.404149849875971
0.29705829056221
0.2349085303009791
0.2833683551470369
0.2013524063049071
0.19940440101323706
0.16316158313729953
0.25938966285403636
0.13681532137489574
0.27377872904848805
0.36692087772964277
0.3505199075762309
0.36951633267673034
0.2409527264489602
0.36561171854273056
0.11157930603722137
0.15174096134464432
0.2081500117871979
0.177111018296226
0.12662645976602083
0.09501681720706759
0.14214002290218597
0.11476160933792524
0.06660676383385788
0.16001206751672373
0.07723289804349386
0.10175665695647898
0.1578043985558284
0.21809425718975467
0.4138261480017789
0.49320937049020125
0.49868947460675955
0.33755274935576435
0.45441023334497244
0.4436477795542424
0.48945158481027634
0.37283968514037813
0.3631598802878195
0.213632807650844
0.27712940786473494
0.17153326065046787
0.14609094030695122
0.17657022413094978
0.16294793073906638
0.11293151805829156
0.19197225107187538
0.0787557810498032
0.2057969371726024
0.3243963864460421
0.3855509818027285
0.21239934074708186
0.1945073733069958
0.22177568315428656
0.2746597728997047
0.18429524826639782
0.3468150052275258
0.4544591814806801
0.4546210582055718
0.36997064490693043
0.16437699223459362
0.30015794123376444
0.3999227716971574
0.19170452478198993
0.09819135630028786
0.3904026172635774
0.25612172230451896
0.28540382239032974
0.2618106042448929
0.10592066878286083
0.11489715454580517
0.1262326250054226
0.14225957760994137
0.12199068709149563
0.24503919856523693
0.22486629433933505
0.09759394230324883
0.24098033871442479
0.300959805766547
0.23077030898030249
0.4721550441275572
0.5361348745283848
0.6091370587158985
0.5699232883346075
0.18436587695520854
0.26210259465679353
0.5017794381536835
0.2497378201356181
0.16419091246502363
0.12008021340493057
0.21199293585434176
0.12527331680720852
0.17754163145408566
0.10830224358555453
0.22502873246619623
0.14387454379447878
0.21653884051023878
0.16015403303740253
0.20126049465572982
0.3879723575936715
0.11847405118338143
0.4761857207531078
0.47659954177208935
0.4439048021803745
0.43199180531288184
0.30167322693027115
0.32579994513675087
0.4547089906995597
0.5790121435151634
0.5894649942744516
0.4964027449486224
0.5610687168935201
0.3043006799723393
0.13100942790433032
0.1319486620388215
0.22455900925620578
0.09507150558051553
0.16385521713636955
0.059809955408523775
0.21429584111589992
0.0863626653746667
0.20418391906715594
0.07619476880273719
0.11389878993578775
0.1998045949560498
0.19551461970566383
0.527907366487181
0.32559709353628546
0.337424595394826
0.3341436222231144
0.4260546308794078
0.4328264281826092
0.6499731352550712
0.36428855154007755
0.5286100718003087
0.47839095308166496
0.28152739676559596
0.3041530185614224
0.20989657850104418
0.12197958878063787
0.09546228687180346
0.06150426067881595
0.20952786653650424
0.20302388751298162
0.16466288180686176
0.40634736758009027
0.08919097165636584
0.1299208228785994
0.3512223376208346
0.28433577391905174
0.4049014070119558
0.292009623874948
0.1802035663200981
0.2642100223348111
0.4576364074877176
0.32767011274505836
0.7297301882950624
0.6070636127671633
0.7504793480866012
0.441202990173892
0.47084183918360295
0.2904226250189156
0.14778511048034
0.15354965710366253
0.07782051836845116
0.20647824450735472
0.2453330137679414
0.10064961257086623
0.1471621883788863
0.15072992663968984
0.13320059443048146
0.13703023583796647
0.18964096200303313
0.21191024026130303
0.26232978775316057
0.21968886807734747
0.4235600197729061
0.40758444009347444
0.33540109641747967
0.4504674479038218
0.21991217167236896
0.3799542176312584
0.5135014131617986
0.4214268594711179
0.30061668020861715
0.3002473002334705
0.1822405319939067
0.22011229620162742
0.14851236609990628
0.14451378246746274
0.13131632864624398
0.09611926033637352
0.12942308265688518
0.10978162990257408
0.10550725260937058
0.16584112273974008
0.24456738835184064
0.14120834422297715
0.06928043631241163
0.10244108265598856
0.11594961144033217
0.1070058862382716
0.21239268089284594
0.3545844318393645
0.22870994742857448
0.21555934571280294
0.1924592468665984
0.13177640529986706
0.19087024356223062
0.26573807733205373
0.1399253609705251
0.12042000621059416
0.15225604974292964
0.10865264419201227
0.1613655800721276
0.07801669351072794
0.1500528453028944
0.350390136081595
0.2334502214970097
0.22087313835142947
0.0858044063871123
0.21867993010219797
0.246533250603943
0.16053070786521625
0.13544547383958894
0.28562043039836127
0.25558914755240414
0.21085027889512686
0.37392706474807474
0.32778274918602274
0.16733019621998818
0.21373220195789616
0.22653563458140993
0.22164619681266678
0.20805157626781404
0.22842482110406664
0.055285278906356115
0.13819871158178032
0.0703685453812329
0.10324026666817289
0.15861761337913746
0.1440252588290832
0.07974729637214685
0.15269514582896304
0.10838394014990368
0.2135762030305444
0.1448978272231211
0.2273907485819279
0.22668842114149626
0.1701155606297817
0.21647251746679852
0.2550597030249329
0.2904808088141612
0.36300209668078864
0.21027077016701978
0.17884992533585156
0.15926561925834123
0.24852866767862328
0.10643743899972277
0.051739969612449796
0.09303586470909564
0.1478609096372856
0.12443120199229943
0.14489395284178838
0.08680017075895852
0.13553222141623186
0.17082267403327314
0.1264636789515168
0.268934249420787
0.2210339584614633
0.34837244102294795
0.13544648490255187
0.13878612708272292
0.15270293511211788
0.29381865905151794
0.1272785623856517
0.17001740134767238
0.20380639988142443
0.31217683535697893
0.24474629565887132
0.22267818567793918
0.2038599926506772
0.235456587727989
0.19718584568847916
0.1681118424671423
0.15127321749825656
0.1402765817792129
0.11402867367818803
0.1776180031378044
0.2157595277890467
0.1835991453450195
0.2616108758754751
0.19950710472336988
0.15313607914811528
0.1623519764642156
0.2833510891826044
0.33278075151127695
0.10418508361484782
0.5422292349071914
0.34694673672161636
0.32382546773497256
0.25599699174919355
0.17902642879497022
0.35126481839970675
0.3323819838302724
0.12471262030000659
0.22887697636329957
0.1874821905476084
0.05167141390787152
0.11457748812161855
0.0953440364904907
0.10777742740096027
0.15331545847441502
0.2775225693057437
0.15985467970462217
0.14429690209356708
0.1903411360549647
0.11438597560140652
0.11179996248318334
0.057390918404118134
0.10431069182454089
0.35792908601288875
0.4033669778593198
0.4096853908156062
0.17427839471011644
0.619357673563951
0.4147290964558903
0.3086083399853126
0.3732923224414787
0.3137437893931001
0.08892654251013513
0.1106748442826607
0.246631248169156
0.19986152166387017
0.13948700465584757
0.10319996536909233
0.1614172663030412
0.18648042247126229
0.07096867379285372
0.1519467624970125
0.15811829245559333
0.23495554963733223
0.24300347396850577
0.08548340746926866
0.10909019277961593
0.31014257811650486
0.19238383171688478
0.19246753448109102
0.3588785917818425
0.15466932590686364
0.28574828607765684
0.3632986468870186
0.16133566170438687
0.16931369609699978
0.09769532282202104
0.08380863050660549
0.14281648584721643
0.10631262471344051
0.13474374379223528
0.10082304379432347
0.10273889326274269
0.13149095142369888
0.09415553351229744
0.15592217079731518
0.2129197098776916
0.2014756686083847
0.1957116445618857
0.2985609112224454
0.31658842387041136
0.3726450070892088
0.21347823684080486
0.21375736633458206
0.39206272362884953
0.34622707547135667
0.12751361051563448
0.4201006596981741
0.17475446166890915
0.22245227699814002
0.1995451368665152
0.10323346365517734
0.1915531250341947
0.14437839507291217
0.06955906984927916
0.1127549233689478
0.11153406257168628
0.08897060566978006
0.1492955996515884
0.20718489520918135
0.22605922611914425
0.07835917033299503
0.3652110659918337
0.1570709128609632
0.4487735548250844
0.23588837832371037
0.13031460073126236
0.21297521990700038
0.2901731639082655
0.43697238422412066
0.2584712368005898
0.36804190775063017
0.269147601112607
0.21090834346040765
0.19739857685747106
0.14241114102215072
0.11795427277228834
0.049056503461813575
0.10117525742381704
0.1290848792824984
0.07870056077048236
0.129280609297839
0.1713429788509697
0.19679901999946656
0.17570856574593952
0.3485183083321657
0.28800295748561133
0.38763947697797535
0.4243166330249037
0.2767155418858757
0.42359058347314177
0.3756224867513506
0.33061735288593314
0.22486672018691492
0.3598729967875704
0.09491047615261267
0.1575663806917377
0.2516463810323338
0.1617561228755254
0.07560222338955534
0.1558541610749036
0.15986246580015723
0.10151604985024933
0.08139130915580049
0.05696979050456567
0.10359891161540861
0.11059716568400978
0.05534404093885177
0.13046335948369348
0.08537175567175724
0.16018154155339404
0.14459230667805018
0.1799221638375314
0.28175515020640884
0.4875702378099108
0.3441499271042887
0.37301919875518375
0.1647589454458154
0.4954640418981564
0.4101422065990241
0.30154859055391314
0.2695001464674699
0.2640415214077312
0.2768568080743515
0.19160431537948466
0.18977523900828172
0.19853634342272267
0.17000848713595562
0.17000848713595562
0.07279636459007027
0.2598466086122868
0.32675561236717976
0.09134557951454056
0.1896652824273163
0.256295951290568
0.38347879647117555
0.11699520669890712
0.40075530809231785
0.19529295032121993
0.33493220867009504
0.18407206679273058
0.43710117688019273
0.45031698816266474
0.543563698601201
0.2715455232872039
0.15296296258990744
0.10504692675811757
0.2446962526466207
0.23315141390607796
0.15962707314602032
0.21496926704098113
0.20685201459348593
0.18337680733828146
0.15321417913430677
0.1401859669436796
0.16730579744880272
0.24303478884917143
0.12573019376257952
0.13756014913437933
0.1867465874327095
0.23697771031397222
0.18782047638494367
0.19665745058275955
0.12841739889026302
0.1279110905234033
0.1915253787336481
0.18713504490259447
0.11386170444864374
0.19731379604864718
0.2254933290724606
0.16857197140417585
0.19836355889323776
0.15289696438136763
0.08828157871396368
0.04542305111916381
0.09893003673202615
0.14873827477970478
0.13299942814644125
0.05109358725499731
0.15071852064567243
0.14253206101273386
0.12188340898292155
0.09353629336474094
0.0591537793789886
0.1831147245882403
0.22354210125360785
0.2403557801114285
0.31722500426368105
0.41758393368170377
0.3586234377709469
0.1655935721833256
0.14705557804509373
0.06817375136707612
0.2890069505472552
0.06963300850738545
0.15593814026741465
0.09594700359741977
0.08213385354394162
0.1144905189221668
0.09738411031728833
0.07276905902771692
0.14292141631019611
0.10717814297722536
0.12991603251916337
0.2146471937724641
0.11902940661726596
0.06968197686779891
0.15094891805441182
0.1999294426597613
0.23017776679690222
0.23793325348985198
0.3375327854056697
0.3212647335422517
0.3660936275442397
0.2961183226133234
0.18882783724145685
0.3593382556428614
0.07129793276142977
0.15154762471997182
0.08040325068252341
0.15049931648101003
0.05981745051645457
0.0627901796251818
0.0987898656761317
0.1531250832201534
0.1054830356984047
0.0839342387788048
0.054423435763086024
0.1873795238406297
0.23230189543737967
0.2772011861544577
0.34396264923583353
0.3195846288539196
0.3557983478203197
0.226145844857951
0.25116527020060164
0.38247982743468806
0.09998359829140632
0.2524795900890267
0.3156903619226172
0.25378581088627095
0.12598509701634078
0.11188905758059164
0.0666851132105188
0.12894867442930685
0.09894800175199091
0.07071139134064788
0.054862902001909186
0.1067829672684131
0.1334040071877836
0.20066575530801314
0.06307124821203426
0.1555416727464624
0.25462495564061793
0.33189374054578347
0.3848765678676988
0.36530586207723814
0.15818739147838123
0.2474762091828679
0.4605551024823244
0.32591845234611205
0.268083359922469
0.2940653284944442
0.42964901067880884
0.29063112867075913
0.0804843971749218
0.22938150087877623
0.06954486545864234
0.20584798903290896
0.1058877734643819
0.23354903997230347
0.13477338134739852
0.18469516616833073
0.12845167533374857
0.058370285612379474
0.257150275625149
0.24597297598969275
0.21346387238334188
0.3690273748006599
0.36127316073466587
0.5415808407051241
0.17893038894935795
0.2608883813588626
0.57191772904329
0.4180320275527743
0.464564310919462
0.599116296902764
0.5386674123192444
0.22197003381622132
0.2779199513420038
0.2789539559532359
0.21394237170781025
0.15114231235854775
0.054511578811829615
0.21576624497914204
0.04814569195813045
0.07634191654806477
0.27062938371830364
0.12337027643890838
0.17205332801541495
0.09161029985767773
0.3346770260482541
0.5071131775059252
0.248798517909053
0.3948606492530289
0.21761193832068304
0.20091597851763857
0.30403716547991616
0.2229784799534601
0.17915658323690328
0.2066160785442257
0.23923320511350307
0.10635927881718805
0.19320763019854895
0.17485676934794597
0.0826223301580517
0.0942244362078788
0.08480199258709141
0.09745700446531673
0.09629753725935507
0.08936679616937376
0.17693534196794458
0.14135537132652523
0.10913648321092898
0.18221884903198302
0.14120834422297715
0.12454758012338768
0.2702780310617401
0.1765304768920412
0.2997773526160441
0.3131235860880801
0.13436918097346418
0.24003976573250319
0.36386615277547596
0.43197917498868077
0.1482875435691387
0.13024332032317637
0.14257151392870696
0.12885963041812826
0.141170334006436
0.05161265187537585
0.13629555135872568
0.043199887556410396
0.06680116336639028
0.1475388363687693
0.17553587750915453
0.07563587205469778
0.08693797615012193
0.0556280574292476
0.21533161575596874
0.20573876597591234
0.23548756666486526
0.2128402196067161
0.2799237182737721
0.21619460656770625
0.47663915801690654
0.303195033884204
0.11145198830014721
0.20198967580788132
0.2935005567949467
0.24559446343508218
0.19737641354044425
0.23716304318059728
0.12433491417705159
0.12054028589051152
0.08829880438785885
0.07293653672398337
0.11313061367984768
0.10021897072348081
0.3441499271042887
0.10925128386439685
0.20557689861714984
0.19378446553163903
0.17978662244557037
0.23492243612304897
0.17146122854190388
0.07543474569328888
0.1278489516517142
0.1621881923592435
0.440274158062548
0.11981578425869985
0.08765336513939569
0.30557060553926246
0.23444006009222723
0.18341525712886178
0.20056673296272806
0.18566817127438434
0.21647226438709996
0.14909014685103802
0.13185564058022844
0.16064818513488305
0.12669441855504449
0.16449706813873163
0.12540190815646163
0.10884280192718987
0.09544641721510565
0.07735988080018034
0.047205499438199516
0.10125544387709481
0.2667238195071504
0.17814017911527882
0.12712547334810748
0.2571970319512363
0.3534350514193144
0.17137822958540927
0.19425168306653157
0.2144551097332529
0.21458644738126734
0.08237457588686649
0.22881841758720575
0.06970156421196373
0.18392965438169043
0.20691859071662475
0.17595831446250437
0.12370776477141397
0.08842561135257719
0.12186081305156087
0.14000958696173182
0.12366755756836281
0.1929511672296464
0.1599544641488825
0.07774216899178978
0.13354950629770296
0.0917638210792556
0.11929739586469838
0.1679172904494719
0.08140811686012146
0.19453225418418335
0.11182907492898561
0.08438227866380221
0.05985892376893681
0.22001835155962904
0.054776007958060195
0.08127072943853225
0.12376397327461551
0.10702744620644834
0.09257501816227438
0.12839101073078285
0.10670147428906801
0.1119332003487263
0.042191139331901176
0.15324831703793182
0.04818486664646093
0.09718591404955829
0.20032755452584455
0.2478629064472311
0.15678456277227487
0.20490735628804138
0.31515295902307205
0.3325316604966629
0.3990239940347784
0.39209362081954385
0.5239605833042571
0.3646278496694678
0.37094867153678773
0.13246920858943706
0.1853509867526472
0.09439950212180546
0.10864031368814453
0.0592871044782779
0.06122705446002941
0.15184585634965
0.03580566513403684
0.03666750827730686
0.10302743869851595
0.15196002396386393
0.08349284137103999
0.12487659002040062
0.09750672718633766
0.13570996359778623
0.1256920110478743
0.08045907658127842
0.16581229312670595
0.09431056457735602
0.18768493117706378
0.20782775554809158
0.22687935087641184
0.20549783313880446
0.22598003172371625
0.30914622779686235
0.08132665297402672
0.1285207529336354
0.16409969607440478
0.1452362586205229
0.04302360145892334
0.0881721577255753
0.1174585475626099
0.12799259673510638
0.1367207689879508
0.15755309340035514
0.14690021570663836
0.15395728475939363
0.16003370876965867
0.2136224151908194
0.08961452397717092
0.16220780978030938
0.1661909919151362
0.24801385487507296
0.2341091648757723
0.34965921004299544
0.11733798522179854
0.27161000572241706
0.47792770872517165
0.23840142979195425
0.20551787975212427
0.22496610270486422
0.19198494742409544
0.15464651047038352
0.11943791900976629
0.14806529786157466
0.1346834971105958
0.107293223690634
0.17583305493984033
0.20908382067285083
0.13330905377793317
0.04102569235407009
0.08267223332986316
0.10414642437163367
0.23268329680940816
0.2070527218396326
0.336102614188656
0.3148998184453483
0.21103173089263702
0.30204751277521347
0.11050200210813366
0.3564231273286318
0.2205820824574348
0.17654940481408057
0.17201557951953947
0.1939061213083693
0.16955693618010337
0.11576919192045612
0.06990798171650066
0.12566217415000772
0.10782621286809399
0.12654551513907933
0.10924943755082821
0.21046731295648513
0.16048174482703498
0.06619555944926366
0.13735328752397766
0.21639102448745343
0.11454634850796276
0.1638105509839945
0.17466245905568364
0.21885970097498508
0.17444668254083875
0.35548652532093755
0.1927882802942035
0.23618752472992333
0.3379188772672864
0.30798185135054806
0.2198137296199441
0.18818193027262206
0.07095515423853836
0.0794262974543032
0.08604224110756077
0.07834236487631363
0.12544485953842105
0.13096670273417393
0.05980349404176571
0.14986558901547573
0.17824430075112518
0.07060580545094365
0.13524149338903438
0.10488388088793532
0.20403424240076543
0.1684731526325872
0.2231631647625887
0.2894434419962497
0.26979973902159693
0.23581262815903659
0.16742092259908756
0.16039516265733705
0.10809110369368169
0.07223871298954039
0.2029647179417159
0.25612440896757854
0.20893288380384908
0.0719932834792957
0.09955153395563926
0.18779799493337673
0.0973864475064203
0.0446787320408851
0.11654823089575486
0.0565584562770959
0.21054698942771125
0.1513619965189458
0.25890319537910117
0.34972437485020286
0.29273246728362995
0.2034156185901365
0.3251729537027753
0.30434911352716915
0.1396871449143237
0.18979409929380886
0.4293865081688655
0.38651957206098786
0.29975834235740006
0.22466618206017094
0.23475410916652964
0.14497127150374942
0.17452581556008503
0.06356093181616494
0.11368434413522217
0.18132725017499265
0.10216547187366173
0.05721463230663108
0.2279899336901806
0.09889259383353424
0.16917630413549256
0.24137173444115947
0.26789458743350053
0.1291883284417612
0.47099278314825077
0.41708488272933436
0.2610206365371099
0.3403313543261617
0.2493045073671089
0.447640935542148
0.2816950103664501
0.2588646925289779
0.3193671006319392
0.46133924529306697
0.30120036512638176
0.338576164852074
0.33085004394024065
0.17327195740588366
0.19853634342272267
0.11226103458953299
0.19192638864800163
0.09153723108019532
0.13287884842917366
0.08777226931824127
0.08987969699625953
0.3990239940347784
0.3502693192061093
0.18615785778766852
0.11799416125133344
0.39058703654681054
0.5174296290378405
0.33820621133075024
0.38442147505636304
0.32197876139214027
0.3774482222082792
0.21216632822005177
0.1359557558508478
0.2699169217234725
0.16636555848184567
0.05685226643957435
0.100473625957632
0.1292478652411879
0.12194865121570192
0.10669451702507331
0.038802528791316744
0.11808332707092128
0.08058170248271655
0.252689675374823
0.31296020501129235
0.07788907407302946
0.09836523360708617
0.12312629900873469
0.3264066179478144
0.1049247767108503
0.1256321256736794
0.16044034439329635
0.2800802926771025
0.24206131298113223
0.2699266784051758
0.20755164406093293
0.28907539818790573
0.22194555014544712
0.14656078997929953
0.30359776805730165
0.06921188060783334
0.16833733100034493
0.06104395809093315
0.11560881901389988
0.08133833448667714
0.1192172094114206
0.21743761817261778
0.18697817206806067
0.20046070677212285
0.20309046363612113
0.16384745551094085
0.12782387309714152
0.16121231058671184
0.08860886651797602
0.13156921511497616
0.10008116533231741
0.2231498396262331
0.19178594962822576
0.09243267711571068
0.3211363280993565
0.18767639389771584
0.16708905191347723
0.11684360609513689
0.17222136049237954
0.11103819117704031
0.05282706721361999
0.16033218901014837
0.1693424110789338
0.04834156539978274
0.17043487523634443
0.0870068788457033
0.06043675042181109
0.13822139883836299
0.22249222713224662
0.1397601375342456
0.1057659318739957
0.15179356075736974
0.14502080899672795
0.1055220498050177
0.09217432804333436
0.14410675180842833
0.18400623879367792
0.2157399270325683
0.2233628931320065
0.2602016173925639
0.30514978222570194
0.15091090506964416
0.13944424225085567
0.13902420154834502
0.1378589567253111
0.13313739475399045
0.04967350480301826
0.14823572942857546
0.04543284479124643
0.07498813850324523
0.0789517773148817
0.0799788038963767
0.20874499451985307
0.1720749635521447
0.1066078896334172
0.08006326927536969
0.05847801600528825
0.22223109903863994
0.15036290743301223
0.27207789370654484
0.33365942176492525
0.31790411242488964
0.2519307756455962
0.2238165084753231
0.15660414325239885
0.23707520501645618
0.15481521826630007
0.09818634120382268
0.1726651753615078
0.12712538198732118
0.1232988777490024
0.13019861666687957
0.11916757255758136
0.1753947964102153
0.12427236475746584
0.14307450740339153
0.05918316039523646
0.10971511469794938
0.19918767688365455
0.2766043409231713
0.3592780485206774
0.14408664468779214
0.13607562821638633
0.14142278268129577
0.2003809989817712
0.13648036598236354
0.22114478161591264
0.08403950014091081
0.064168139485287
0.1539424513822132
0.12640194476643574
0.06045633776597626
0.053385306522328944
0.12336873003826988
0.04524676502167676
0.04275917231269276
0.05693061581623526
0.16138798691499398
0.0647851408264917
0.14153178789411508
0.15683620026575568
0.14580329107452178
0.31227199000179606
0.35808566041621914
0.2718627183865437
0.3012741833321979
0.35593111267564775
0.3271183543955543
0.1494598874430032
0.25587226119386886
0.3427323067986697
0.3242655892968912
0.3706292775159107
0.11830903593746718
0.1936366541503551
0.15936142770950046
0.07296444967336055
0.06964280869741205
0.05298376596694179
0.08845383545291743
0.15600057951434843
0.05742029942036593
0.10264987133656628
0.2649396820324353
0.15866568225059854
0.20253721799880187
0.09021465238879174
0.22668842114149626
0.12174232871092712
0.2012652240725491
0.3340737556868584
0.23990196034134045
0.47067628437033765
0.34514254152285595
0.47205800111847784
0.3636000201365967
0.23394187717352946
0.13853149160857534
0.2719469561804181
0.134670318514296
0.23577934009746684
0.09468952940305524
0.046353449967012114
0.06576290873390901
0.12840577112128984
0.21470799712391098
0.09977483755066142
0.08950460156053718
0.08423354534854259
0.10040287891166012
0.1233869049818885
0.11728961355382983
0.4486232057734803
0.25515329433135314
0.4776503954621705
0.4437631739185173
0.6777449335570275
0.25965980829937224
0.5211911799952054
0.3937197475421984
0.3703040981437319
0.15075909793260664
0.27083166893025423
0.25828513573353534
0.07544065605237539
0.08488327905764714
0.11293174903155336
0.14654333717517112
0.08502592634773136
0.2303209472987578
0.23162923883971684
0.18834006634848127
0.14530446284675946
0.05940841485313656
0.20703455288024697
0.30793480461835
0.35241766701566546
0.350406953236331
0.6014571892612133
0.1906827954484951
0.6419550536539129
0.25953460331404304
0.26131347299333185
0.4689954994540749
0.36616489962805904
0.28672329640097466
0.1559077787492566
0.1709174251625643
0.2821163218023481
0.16958964592515852
0.296729780831402
0.12147109712795803
0.10987548760450563
0.1180945990655248
0.07430459009079252
0.18159499298239234
0.05406106989602936
0.177970857945704
0.21693098604012886
0.37162791936299894
0.19889968632580804
0.3135891721578695
0.2663605954446858
0.24951385448744184
0.4031566299694132
0.5222564445941129
0.48588168841434687
0.2867868501496187
0.27683380517309364
0.26968978194412524
0.25997570871276476
0.15549615825384341
0.18114119795553965
0.1541985496540517
0.25245665894383545
0.17432994066786997
0.08216176649331947
0.24713703821642338
0.25499914730659357
0.0798282211453869
0.2898724401480645
0.10800915761708875
0.11863585762515291
0.10573425224280472
0.3919370464162134
0.2944267823821226
0.27597004324253904
0.44581195084290043
0.5075286296177498
0.4851020757703005
0.4408597458234882
0.2554050668472071
0.16235567005551
0.3369734695916223
0.18101547671451573
0.15403761114094908
0.21614258481149057
0.2351170967877755
0.13529044277453034
0.13574852569125892
0.15733577878876848
0.1802797679944187
0.2483385356522341
0.25816730341185057
0.32934029385963937
0.27639702161183005
0.21532067366538885
0.19650716361915085
0.17339524153439856
0.2545118027051274
0.23716307819197074
0.435402100780683
0.3293658568403631
0.31961560017971835
0.41802182314683733
0.18154137718369928
0.2535772189758871
0.24876168410961014
0.1786042670866226
0.11510135645398399
0.12394429767620446
0.09836063918451336
0.06432539184095637
0.041652487367357396
0.10308213059231368
0.0816841456120225
0.07925881975803677
0.21326712694589514
0.18699922327035287
0.20779581696946922
0.14030624662359695
0.21438687849274732
0.2134844415574818
0.21704343789635466
0.1911553652169486
0.20124027796148403
0.23029915962900216
0.14153814893793737
0.13094139574454933
0.18009434938505126
0.09106156302414502
0.2552985006393732
0.12199068709149563
0.08509482904331271
0.07324357916713774
0.11175702389659758
0.060278014181186945
0.14079170347453643
0.1027031392546705
0.11196034170841676
0.15059072595405734
0.052259034232828336
0.06842838684122408
0.1784285907583405
0.16776688014493005
0.17272687301417022
0.21763726629808497
0.15330163011164588
0.23016526943736748
0.2626379041461154
0.2025910742074681
0.4070464168730515
0.11727922318930267
0.07867256783963851
0.06158261005547686
0.14483005461918116
0.09435940889516659
0.09367782404230132
0.0418483608090097
0.07946203367951475
0.1242643338393113
0.07746385550764766
0.03802882869679018
0.06549773571482068
0.2594437863181793
0.21387731750638056
0.1563306987101803
0.2813174083246775
0.07751426042192928
0.11685756256982617
0.26058738361889794
0.06415834581320438
0.11368944281545484
0.24434816975211077
0.31215068775654453
0.25864140504895716
0.21630756090760547
0.3710187061312959
0.4263664487402289
0.33044717349829894
0.08318745066972348
0.07318811147337446
0.10953806030089652
0.2049872088399275
0.16969533832929556
0.17091794201293758
0.09186451888420834
0.19087374504007856
0.184861072679576
0.17101287060789275
0.17804039467101912
0.3611026927834942
0.20088019408545302
0.16913889197900636
0.1027650011628687
0.39670782345151573
0.5578080477217638
0.4642926676549781
0.18419938452980406
0.29180197279468784
0.3770867683206009
0.16463162770874123
0.309219617164233
0.18400251521555758
0.11141565875549538
0.08049557411323933
0.14555156533577485
0.07158990070931387
0.12748287919146764
0.0708491967318113
0.1268090296315018
0.16130014875085294
0.1119202421631007
0.07653730719370909
0.08533598847784853
0.1252275449268344
0.13251374197736465
0.17840087515445557
0.14864791130778554
0.1309903641049621
0.4571484497990657
0.6532116321802331
0.5059676701459678
0.6065417698596558
0.38553646736176883
0.7020483096520492
0.21058924658021072
0.42255865356448447
0.23518686746507253
0.23937283711509016
0.23202377901571378
0.26702198743936173
0.2883787360536041
0.15077145289789654
0.2450389412117986
0.1734004180129262
0.374278417404639
0.3086047500152463
0.24064729035818885
0.2722680439916829
0.2589535556696607
0.3332823385283443
0.4884758267577066
0.6661939162331023
0.4146441499017692
0.2932394896876403
0.30379058455241875
0.46502045636296246
0.37813315152351196
0.4723350879739988
0.3987950052820774
0.39692684615589335
0.4220330993092753
0.24436340988025043
0.3379404010545649
0.329480953692748
0.0984753727906841
0.30448493515941066
0.15872908426427237
0.19551461970566383
0.2537881814066198
0.22004964570450608
0.2824582564892867
0.32597191738004583
0.2761620038911731
0.84764719980826
0.6513475007323355
0.4236049860556123
0.45157104116810765
0.2929287319909848
0.6905083542796409
0.44132165085119723
0.23784624164755458
0.34965921004299544
0.20725930830954276
0.5332081702218301
0.34933237878860557
0.2684378739624675
0.2946326329525169
0.0871636815352646
0.22202559956030468
0.17010753135234374
0.11015845471917274
0.1475388363687693
0.18308401345781172
0.1889828683065154
0.32188847007216714
0.52519508755215
0.5358163391934503
0.45141601010304905
0.38101468089251833
0.457002643845998
0.3462015939498998
0.6901151762674876
0.6058163072139131
0.42392573186872484
0.11638799902978499
0.19964556044777285
0.32198543035271915
0.21483860482352232
0.198471259633267
0.2442012196745755
0.21038054911986323
0.12877182531761275
0.08519810660812766
0.19258651609617394
0.1258531303230059
0.205801395737245
0.1565986013831494
0.06412896479695651
0.17201263949858278
0.08782421295299041
0.12745501969559814
0.17849481979645396
0.08897060566977937
0.21004766850416712
0.26594468163078583
0.14424016590936933
0.1550637178140785
0.2764164516391753
0.07529375097113641
0.25568560091608705
0.16282326692135915
0.19343692578093735
0.11737574192330635
0.17010243177795398
0.1125477042758943
0.14636575223309242
0.13098852227637048
0.05937084332641106
0.12057251997749364
0.11968602233137364
0.0726494595088306
0.06317897860494297
0.19427926275850688
0.19916247237090823
0.04833177172770012
0.17824430075112518
0.15009372685849973
0.12683024018728606
0.22496610270486422
0.15675803291257187
0.11870211881325295
0.25991318473542563
0.2763681437755134
0.2957064181294585
0.2426860924894443
0.16499357858401548
0.11071744536392714
0.06785637993723798
0.06105957676376309
0.08130518078632328
0.12809732270556973
0.10981420925032578
0.07820455948515023
0.08507866970329145
0.23142507235015308
0.0794402539289918
0.17409616820739304
0.13127460092341825
0.1337910972947399
0.09907701381621845
0.17263188729993806
0.05994305878865431
0.08893615432198905
0.20455513834518307
0.22550984673789629
0.130688428986486
0.22426167079438553
0.29739554206279417
0.07228709364177367
0.18854358073020663
0.14433028498979958
0.1269273787648793
0.04770497671441282
0.08616034404746652
0.0531183426658017
0.1386447764373784
0.041290121500300675
0.07482066080697947
0.1809528525190517
0.14742079963512533
0.11372932034540768
0.12543289839329352
0.13586148003115814
0.061288799892998486
0.08349284137103999
0.2213001427311649
0.11906124282306157
0.1516672300833942
0.0614454986463203
0.1808587799662408
0.13292466719377044
0.19889719825472452
0.20852579035519067
0.06542172951186155
0.13579575862669607
0.17699262336555557
0.14941271720377602
0.14600143804425933
0.13615710113596133
0.06200861704260563
0.10349608376816467
0.06068275194716388
0.21426656172785333
0.14948377342304223
0.292230466375528
0.24407297875968598
0.17997849438300498
0.31083150549115834
0.10566228367442987
0.16382805280992094
0.1827149402214843
0.14793863170191718
0.13702466849522865
0.2641293595718723
0.3542965598556279
0.27770090928135066
0.2260075963346947
0.14507462554712178
0.08448021538462845
0.2272024264138918
0.11540835288070406
0.08822990169227748
0.15052533394956183
0.11624887756297451
0.07215834794786202
0.12297342979734668
0.06038966597869782
0.1525953613847027
0.17765458579398558
0.18200208643105076
0.13567089045040912
0.12386371286363394
0.23099162509454468
0.19172143293167293
0.11521342669752357
0.16983312413062848
0.16622360659615248
0.08786816254047343
0.16107288869673386
0.05703834620914403
0.1289398168714067
0.14531109695371816
0.1260184861542337
0.09361655690873306
0.14496950813560203
0.1424200772691708
0.15886038961884366
0.11589115273692105
0.09630487019834164
0.0843529330194706
0.09259530692304511
0.1413088261842497
0.2285549030947826
0.2082960552058493
0.21288682637561832
0.3595261449268575
0.13939726919233483
0.18716904174094834
0.30637951652367534
0.29529839418390913
0.48697770923765876
0.30366900999443924
0.20781190811712733
0.30553996832431524
0.4298963319834201
0.24966732438666658
0.1416899239699743
0.1057859784873155
0.06457660838535585
0.12098243141015168
0.1301176004808113
0.07753275820322901
0.11507788148964436
0.09355263492595828
0.08347367511407257
0.13471446440418872
0.1722005287825788
0.16023258026323933
0.1112089506687506
0.4461266011557603
0.262356070220121
0.1654307480703733
0.11076302570548238
0.16844598830613858
0.25295356619926196
0.17373019692693076
0.2723780952337338
0.0981521816119575
0.10622216740803148
0.10749276805360079
0.19312933036022153
0.2265944764994986
0.23511357886607467
0.19699874836888437
0.09004938703146152
0.1555218236531648
0.06696316555715096
0.22852562370673601
0.22896481452744064
0.14352756020633206
0.16317807781417207
0.12068963752968194
0.14918409149303638
0.12211121366325328
0.04260247355937095
0.13562474816463888
0.1468003515219298
0.1684316451109387
0.18280506686106288
0.24729361261975377
0.11280351504754806
0.20438262076900968
0.09623262188376557
0.12131296105209814
0.11733696828763457
0.1054993534661638
0.13611987503044426
0.1322642808667145
0.06694920908246209
0.08375475044911937
0.15366211942828042
0.140421659184975
0.131715466423284
0.11415165590246772
0.13588563992606834
0.045736448625807426
0.07258762485676189
0.10392164344859646
0.1174585475626099
0.1262829520076776
0.06115727208658511
0.10674821592665436
0.19725243331541467
0.11864723863046957
0.19424621471955542
0.36254183210787705
0.3285870428288055
0.15456588950004632
0.1409416526856806
0.03860665534966445
0.10903760636362543
0.038312845187186
0.11167158601120991
0.11392718512432623
0.11930969533763006
0.14771451269705074
0.06001562252225869
0.0842158225554697
0.06061296957371958
0.10355041242106117
0.1415658412071836
0.13008201428674923
0.1176708058936803
0.2696524374153097
0.07808647588417227
0.3300844185241399
0.13047908186615312
0.3164663649707927
0.24529036057813056
0.15688479583887244
0.14567752413346094
0.0972347591572888
0.11641110418516383
0.10225410925550034
0.0845802097167701
0.077239601120263
0.07782095290652999
0.08140929669073091
0.10277797758786578
0.06623742887333024
0.15661168526617059
0.09870018899961909
0.28667678623738335
0.18083989817915244
0.11865590423847269
0.14054106262553887
0.044629763680472063
0.21704343789635466
0.0872480382802391
0.052082748135341285
0.1443855985913054
0.26810204788154673
0.2936192045800765
0.1641606722232331
0.13934400918425813
0.1581276858646856
0.1964969037583225
0.22828548005546498
0.1418254691778535
0.14017219807432482
0.164110970003364
0.14731214232933237
0.10816000638926374
0.20196921874811838
0.19382954887105627
0.175847316355593
0.24754413166508182
0.18711219408271373
0.1743483702333967
0.10191017817805685
0.21578797094406788
0.1627672037952272
0.16660671791638149
0.2197012063593509
0.09655581306249146
0.2840404641248386
0.16069484956753538
0.18450902899322566
0.26343093284656866
0.27074684171057634
0.2589114333468562
0.09830940770833115
0.19772913221744615
0.19759814574599174
0.23438124151154371
0.07301182537588755
0.20603905368664946
0.22256397965433602
0.20460436367234736
0.11615973883538316
0.33096697375942474
0.5023168490852431
0.1865102653942831
0.2796731992284441
0.19491400893063415
0.18228385491475455
0.17318269246767432
0.1979413606900675
0.18979001298264175
0.2270382231980611
0.3682794376528304
0.17688649628266886
0.29094649335128103
0.24050624484035016
0.10694868205985018
0.14144464781649127
0.1344362515928204
0.11476160933792524
0.1478375516243964
0.13850080863296885
0.18145322361588162
0.10771045336599322
0.3239927032569031
0.1777432626604691
0.11391338147032995
0.05005545801424024
0.13908135141548594
0.08759255175814729
0.13137661416683197
0.06275785070539057
0.14164070197864184
0.12202667387506662
0.21332145559879168
0.2582512515443412
0.15189318912230212
0.19019890475322979
0.26263611078147636
0.054697658581399224
0.1707011797289017
0.10726144116859643
0.045305527054172415
0.11659812311788435
0.11003729590778524
0.045736448625807426
0.11941703366823153
0.11139557000891921
0.20562035631541012
0.08524986010837199
0.1155887724005801
0.12445309170130572
0.12996526348840273
0.12095868209355172
0.10791091949918905
0.22073730648623746
0.191946322534782
0.2083065861905283
0.3753617547623776
0.4174322920827662
0.18934026280323973
0.3141508828417585
0.3297151887971239
0.25865411400708566
0.148906243737688
0.1462341030631236
0.116794787456117
0.15503997417758678
0.15711319626013356
0.16205450744678043
0.08928066779989723
0.11091791149712296
0.1308289932356197
0.1875042042332246
0.1718247502145867
0.15070768313537444
0.17313120822348219
0.11959605508562549
0.13931788283208413
0.2000652642920029
0.1292423557130453
0.2139090836462405
0.1637712191418297
0.24714731450461955
0.10311043500129852
0.20631305937512082
0.2413384463795897
0.19019890475322979
0.10901450535411945
0.12482008003010898
0.08454360747865974
0.13330905377793317
0.12294574150517418
0.10602097202631805
0.04705859435696033
0.141020365850535
0.11236126765613125
0.154476306325598
0.07631229286772825
0.07106636911567588
0.12256544093489735
0.1431288360562887
0.16133426519146124
0.09214064589585494
0.13292466719377044
0.08757687867259764
0.23441452957311343
0.1947728950128399
0.20711831908604253
0.22732516879680917
0.24309741861050344
0.1080394266719955
0.07817021473230581
0.13437048274448465
0.1664086638225136
0.14548571973117305
0.15979983603882522
0.1252793697685103
0.07343896981278206
0.08747707904190807
0.10154730983614609
0.11653168390243139
0.16567522700840787
0.24197091954941213
0.21953476605150288
0.1614569334523922
0.20957227905719944
0.2580823413490978
0.09074499842696897
0.1727015668732356
0.08020786003687909
0.11914998633453353
0.4671979441293162
0.16436540241070605
0.186428772414938
0.10909019277961593
0.13509412716051172
0.07674321443936347
0.1984987655659232
0.17048874565505343
0.10055180774957828
0.13097456692465353
0.15254104670043597
0.0980800603272766
0.11035660632417507
0.06845385038863891
0.28146946575768206
0.21651814666866637
0.1912998097437964
0.1745076778843843
0.20127601637370524
0.18705429847698324
0.1662688609024271
0.1502383084135708
0.21444425454819688
0.09574097954521828
0.13533067719768205
0.22175507975819475
0.09186430769701505
0.23703421387319049
0.06897389437622556
0.18604123165055766
0.1484543069479101
0.1886721560129187
0.16009969384092676
0.056333201819195815
0.19656350594076186
0.1462341030631236
0.17654763326296977
0.2461359619483829
0.28324309562437294
0.5112047615243255
0.174737235995014
0.27004379595736416
0.23877596507858978
0.2520076929204201
0.28064635291437934
0.2707172218824447
0.3217290839629416
0.25508641580783376
0.27083166893025423
0.1743927225171058
0.10371056341291936
0.1659664769155511
0.05813523748239677
0.13364757496912721
0.14338116326609648
0.1520185827399584
0.1107178439695224
0.12696606181952763
0.1407112110023862
0.2446962526466207
0.2789539559532359
0.2456026090637874
0.26940028228276136
0.10516273913146308
0.1990686963940451
0.14079170347453643
0.17675960693456874
0.14141748349004335
0.167346722279342
0.14373421750124163
0.10496664613491742
0.10927919681377471
0.29191731756886724
0.1835534852163874
0.2600387690508338
0.24322267813316817
0.1771590636734036
0.12791681324521936
0.12636844663766417
0.14836990459571886
0.11243212257002663
0.12822301087418222
0.0884710611268126
0.2330970852531808
0.07863339315130816
0.10119530403713614
0.09033003961793512
0.1155027160583293
0.07860286544766021
0.10230327726482515
0.19028893520394208
0.19922904849404774
0.07703974028250776
0.1721065841405811
0.1607776858140276
0.16658735668553948
0.2658568434666448
0.13327503892876807
0.2676693030811421
0.08320850209498395
0.07567238542252532
0.10492397411457421
0.13679330095552478
0.04336637998181483
0.09982904560320757
0.14180714228648986
0.08752364906256523
0.06070117956804167
0.19580046503961415
0.11497662589865856
0.16371939550412798
0.24065485791855223
0.0895631311955052
0.20211561568835326
0.1995390295402188
0.12978453654456354
0.2548557107382991
0.12740865743460394
0.16744882024072075
0.1538701334446833
0.37750088642916707
0.24771149288238667
0.25069086197302337
0.10573118637001122
0.14525928111079947
0.12210364738527543
0.13717393300013556
0.10619559480377297
0.07658534613898166
0.13222018055444557
0.09053050575113093
0.18358176305461013
0.21404847410961525
0.07427710583699737
0.1757453524530374
0.15422785569882252
0.2095525802522883
0.05290541659028089
0.12253784776819227
0.18785796911560113
0.1135191115990309
0.07089889141940943
0.398387911833419
0.26946685840590084
0.18701246733761795
0.0590754300023277
0.08254106831227098
0.1686393474360396
0.08306219952365526
0.21101302228968566
0.14934066589636677
0.1431403195244893
0.05699824262930481
0.10949939991324664
0.0687132131687805
0.212452197152445
0.20082687544938868
0.1028788127804945
0.14695324860782916
0.07543122598798951
0.0652465191704212
0.13474793150598932
0.2290218635988386
0.2550910179055986
0.07949607982774752
0.19001869588155798
0.20987465352080528
0.1544792022405253
0.26401224201968465
0.20210258877562856
0.1847236591884432
0.21091315810497643
0.13518375399176136
0.11232179559609583
0.08501768708825162
0.12178691421940785
0.12992697340239642
0.12797114189811654
0.12223594421857803
0.1392741380759845
0.18112034300018623
0.17169059664729025
0.28424751195539966
0.27973823376497564
0.1865023712655767
0.22087358555490638
0.22630621776450724
0.12062581073581832
0.2696665867753179
0.2453520900184593
0.09003322745547077
0.13988574580644492
0.17036191482557989
0.10093358448341988
0.09488109513636472
0.26398444401475535
0.0731293494408786
0.2397073313626797
0.0885119624767507
0.1694239040582789
0.11655100983991895
0.10250998535156992
0.1241594104175666
0.18706601023220173
0.15698587693214552
0.2519491341443256
0.20803446363483638
0.09339245697980733
0.1633999451677295
0.3567704354282455
0.5482876621128584
0.17173442104642392
0.3196430793089606
0.26031574035441474
0.3113925242350328
0.2845370930406228
0.3430545176965183
0.10180522129877272
0.25034643254787514
0.13177640529986706
0.18256575428303956
0.17173080557258835
0.08864331786576704
0.09522352529381237
0.079719383422769
0.15143299497901827
0.14350913662656484
0.12847426620172855
0.2811207611419576
0.3095562922057831
0.19537794186120527
0.12414284235741115
0.04196588487400102
0.16071476125802187
0.041721043071935686
0.11739639867196505
0.19123997622753394
0.06400164705988257
0.21368702022193617
0.18133466909695448
0.2477992308715956
0.0823060201822882
0.15002595425455978
0.20911560278021835
0.14363273861624612
0.07437405361693582
0.13164775832005093
0.13178743575404095
0.11450264978842331
0.08166691993812664
0.1478375516243964
0.17843219003512192
0.15475985482699958
0.11927734925137927
0.12555351684421404
0.08742328068659876
0.17217805857074037
0.2767780552081708
0.255435481592925
0.11703122844539886
0.16606626135981145
0.25856627584294456
0.2105494120235661
0.09512593693842994
0.28615537952631526
0.20934776405761435
0.11042362773826137
0.17484729245469705
0.08958661102779304
0.09322925092158589
0.09979204110476744
0.10502494523858551
0.12854159275353141
0.09389833678881694
0.1327891219858912
0.14812832134424725
0.10682285726853566
0.1592500865489599
0.16337780618358988
0.10108674617141385
0.14448787528857235
0.19251358153936504
0.21544033447844194
0.10626709720698492
0.21657371468636422
0.14349365814140694
0.10789750581957801
0.2513320689800355
0.3569270098315759
0.4402155992864542
0.3052561671005165
0.31513335112715885
0.13254820726892744
0.049046709789730955
0.1710340603445978
0.13594419870216212
0.07246201658456188
0.0822181415027803
0.08473308989150935
0.22940400534814523
0.24504564899165165
0.0680856083183326
0.20101576296189894
0.18131315905639794
0.0602017022918283
0.0884421801033064
0.13599702523903737
0.2921251666254178
0.12883081506375257
0.232750126494633
0.18124653380279082
0.17023226190766916
0.07513705221781501
0.12883221785286778
0.18508698135937446
0.06225837342917728
0.17995111893678364
0.05330695714566804
0.1629397944814844
0.12160664233583725
0.1629000092247636
0.1621171372081124
0.05323840144108975
0.2368457623030518
0.4549138520860415
0.22231694171391533
0.23391968345665481
0.3894370323027341
0.3029365685518555
0.21303513317110107
0.2893096332922816
0.26247636547628506
0.18025914696947928
0.2797984587511081
0.334610173190617
0.15204183526044227
0.1678703399379915
0.2803853426007288
0.27712940786473494
0.07612621309815891
0.10010979294319367
0.22537319615352264
0.1689849563544183
0.1013937886145689
0.060603242847215515
0.17321685968597708
0.12192331983169424
0.15826949175100416
0.23707520501645618
0.26667066123405453
0.11553169747438448
0.1927481870675646
0.20300456685737756
0.3046190514233968
0.327710226170156
0.1502970446703189
0.25950321626044826
0.21440992799729364
0.2018244058926571
0.221088659142801
0.15759769046908292
0.14572920115514715
0.13886692315415827
0.2241600218516779
0.20343553573520542
0.09967714222783927
0.2554192964235298
0.09713706383446664
0.22603436037661342
0.10745375375955218
0.08731170565350903
0.22020052728289435
0.06470679144983078
0.23488056243508781
0.17347527521770284
0.2082426210387791
0.11059110543452781
0.17288199326788092
0.07897617167419957
0.22282896985570938
0.30673738165543657
0.49625634800838747
0.4076973944333744
0.1121865137063435
0.37805817564373684
0.23287388539201387
0.39315832676218937
0.10602733821127051
0.06131818090924628
0.16057811692550758
0.18090606560773953
0.16446232265992755
0.16515910480588947
0.18782665423493478
0.15074886202991655
0.21453007622027584
0.1486783248604273
0.08335394309512797
0.14069606640669027
0.12238457431591075
0.13792597088052763
0.11213913705910279
0.19819711858538974
0.11072663179967968
0.1977643737849851
0.18477174850158912
0.1950335009859944
0.29080288208267824
0.27453195227050037
0.16725439267130018
0.2612393274536579
0.20664689751522825
0.15673641582149533
0.056489900572517626
0.08153372513232077
0.1631154708097665
0.09541300770666197
0.08280376432900743
0.3304172991398353
0.12142132979308347
0.13122518373521408
0.13443258892096627
0.11784847227273494
0.10323509742283427
0.18760481439488333
0.10223117709590049
0.07265740723020618
0.10790162128083278
0.1487786063917555
0.2109057212858099
0.22194555014544712
0.1686408294700026
0.30717420347779634
0.0778498993846991
0.12498948978507696
0.08149314539943121
0.100856320657611
0.05652907526084804
0.16709620323401392
0.1963662751990619
0.13001913087086292
0.07512770325013383
0.05839966662862735
0.17944754051771503
0.23177563577995172
0.11348387800202635
0.1284987913783762
0.11300042075387293
0.16719642928951514
0.3192990865755896
0.1384619581981977
0.18408298047988056
0.20607982350809698
0.0992444915124842
0.28992450044126833
0.210469393242055
0.22153204974567872
0.21896886900481927
0.2259055491248451
0.14244229418124146
0.1565276084991941
0.11214075490961563
0.09401772812113403
0.1674137439011018
0.12461122777716493
0.05195543039826734
0.20339005619024747
0.22825416517479863
0.1068507702179135
0.09570584416288397
0.057410505748283304
0.0638939166669738
0.07645356834557551
0.05532445359468653
0.15447805133590528
0.10197712195659897
0.2213323213762609
0.3369750472690464
0.07572467254277164
0.14363273861624612
0.10848367775650956
0.14512373590292027
0.15376782860475832
0.07406954196080973
0.23905858233604815
0.2076509280711557
0.057018758864978786
0.08637662184935528
0.1738902856110576
0.20558706825384107
0.1234047277866994
0.23138573268693544
0.13280994573359164
0.24962717371042006
0.19005086008803102
0.19232343125422696
0.15722712148297552
0.1320003390605077
0.25368831722191054
0.21528493849108768
0.12074075202370665
0.2000678107414277
0.22992830568625205
0.38426989484550594
0.2913318334688757
0.2435825152622388
0.24265082232941024
0.16267926426822862
0.2535246587423306
0.1817293439393753
0.13363072438818366
0.13920492849218422
0.1994404847836915
0.08584627581117873
0.1518757491726528
0.18268009536506696
0.1745051527600443
0.07499994080865845
0.06184703920170744
0.09197316819958849
0.17741674189439335
0.26486126067340493
0.15329791798243964
0.24240405364100795
0.230838695362448
0.12669483150072205
0.20434816942121933
0.12842748008689125
0.13070238546117527
0.1935133751158799
0.3048187797928146
0.12142132979308347
0.1526041705008979
0.11774360391127293
0.12981956198234293
0.16733170268853242
0.10987548760450563
0.10975520792458827
0.12842257976270222
0.15881140076685882
0.10640298765193244
0.1778353127378248
0.18619393389039027
0.3021890229288163
0.09589963703295656
0.3206092991145108
0.43084428420389065
0.250662852947772
0.5615363106175589
0.4135443140757845
0.31619275985864426
0.48571576831147234
0.35786283663039326
0.1644824622869857
0.1262502700354287
0.07965193504789998
0.21013816801322777
0.21214481638305152
0.1375557951296515
0.07797482408666152
0.18680249573977925
0.11737292098602066
0.08618123120371167
0.17673094302523704
0.11463848309429717
0.1729621797211594
0.20403424240076543
0.28573754795054895
0.11512461533112796
0.1755123913203069
0.2413278761670272
0.20852780167064358
0.23604010289718097
0.1248127531424763
0.23329603068002905
0.28337825350905305
0.12381160246840649
0.184448889153267
0.20912324905802857
0.1648032081000989
0.19713811972036574
0.1239482101548364
0.14371454584555676
0.16800512861361294
0.14191583264977345
0.11797431938560746
0.16494179019430283
0.20489326419792914
0.10477125548927313
0.214793590712699
0.20088495947267554
0.24903702676205447
0.23042685339504715
0.0853857121464465
0.15326890638345797
0.11584265694661569
0.08919582973650511
0.1787901786903143
0.0690160071661809
0.2321562678245625
0.3838446379590415
0.3238584958482328
0.2980863490600777
0.18981495909370685
0.20637917684087734
0.20729806737267012
0.16502328317364792
0.19023790004622038
0.11939762893129663
0.05822338053114029
0.1841087920394565
0.22536017682618234
0.18505025188028842
0.1551688704498304
0.12025963330403723
0.23174635639190444
0.19299360954483236
0.14067112029562517
0.09348046746598522
0.13502561791590145
0.07825395358043871
0.24912785278687594
0.170381938574059
0.11387087698640988
0.07976945911289103
0.17958705355704968
0.14528187197877948
0.21745053134501308
0.12745636748575953
0.16022887137059777
0.05186728734952381
0.11508760706759089
0.09706667240062157
0.14004746751899938
0.1029578528728505
0.20808861084993896
0.07756588289430286
0.17908813133574933
0.1409878314764622
0.14569878560655825
0.2098078550025102
0.2968517594274284
0.22111793853084824
0.12227267474910365
0.13712656863803316
0.05656824994917853
0.11823702561807718
0.2157653800760879
0.34939149423450677
0.10539949895309209
0.29985225500149204
0.2445217806592862
0.2692799680823662
0.2687012329898001
0.21871702871099521
0.1413510609502752
0.10364078103947505
0.20439222610727306
0.05884038187234498
0.2011518373499362
0.1581489120337359
0.17633001075884538
0.13868390053192606
0.11028406299137276
0.2756648945031904
0.2296813547517104
0.25237980564476636
0.1185426068879597
0.38497643205240734
0.3058393216570956
0.23039572688169738
0.3547349681849527
0.3096455487204058
0.2645535078444941
0.2715939600166042
0.18980847276717547
0.1894470188794964
0.13875280322750747
0.24131247041253936
0.23348375024602822
0.2656720193869663
0.21476116490055316
0.2540877739607461
0.2553415369509274
0.1561029779194096
0.261160836739652
0.31409648441961574
0.3074921332694605
0.23889052707536979
0.3616082128305493
0.12636192183293946
0.18140357179253655
0.32248317994951825
0.3371673201313016
0.33487789939016205
0.5068320028730745
0.3933666112983702
0.2289940939154879
0.1717623339958018
0.31668738817570874
0.13769457928029447
0.14286464910492935
0.1643699258073904
0.18463582102430212
0.10841839149769471
0.0903123477116139
0.11576919192045612
0.20320226064196273
0.18734606815736538
0.25195952983899456
0.1942553668632791
0.2806618208642195
0.27342312174180344
0.28271427669982596
0.35962313711327026
0.47426386768724443
0.5217237889803186
0.25511970386940347
0.06667531953843617
0.08701677645402561
0.27138874227630844
0.22030614454004904
0.26537672950963986
0.28916160807025526
0.21362026318972338
0.15004854512253976
0.060172321275580504
0.19962850523288264
0.06080890996095036
0.1778722823854476
0.14548518979059866
0.10246843716561124
0.1940329650794175
0.2781550424755661
0.13104471126996048
0.12163067691341638
0.20672842239578715
0.30854704268860966
0.13649402433459565
0.13179512379477534
0.13170624950950593
0.18194211732397936
0.10844180833244312
0.11333237334000949
0.28848514688134047
0.16136476035260122
0.09632076493250868
0.2086491914496775
0.12196359543620001
0.1399234455353847
0.1344595386404359
0.08483644393488175
0.13506103110113246
0.1438143302898171
0.14701333473840061
0.11458644173460235
0.25128217675790604
0.0811307795323743
0.1488286382516247
0.1780893241952986
0.16040534767743095
0.17793084116154212
0.2028368290696447
0.10717176913575716
0.2066539208356362
0.21383757780131005
0.22111793853084824
0.13386970369725068
0.36629015915072305
0.17027578645610333
0.08026893638910454
0.1867146575756382
0.10245830832988373
0.12176477841169646
0.1594553723514988
0.1502325400690921
0.14258554952732172
0.1073066229045564
0.1413631548371462
0.16982059785195958
0.2173994562488807
0.20192953596792335
0.26193416618266757
0.1208208767023883
0.2038893771137916
0.060759941600537326
0.07234585567426954
0.09904762489859283
0.06437380659902192
0.19816056485472988
0.11349405216981052
0.2615682105936126
0.394996138584857
0.22445882944260967
0.24764004454241376
0.2101286008156227
0.3215626747623227
0.06295372414704287
0.1751827412653263
0.10406029600215644
0.1979413606900675
0.14004079060744087
0.090926432597924
0.10588621743506982
0.19171086353464786
0.10946063098472976
0.2793201246305017
0.20122633218822358
0.20089345157252747
0.2606337517834889
0.2408740620832146
0.20289073526670331
0.16590733444443406
0.16821113236442378
0.3218955553780181
0.1928123891302968
0.12172837223623784
0.1611180704326938
0.12509284382844935
0.4125056589704658
0.2588801184661905
0.1358066286379471
0.05787080833616619
0.17323107240819074
0.13750582048148285
0.12205845969543558
0.17406327394743096
0.054844563662638485
0.2038228009906521
0.07340357225919172
0.09856530602952189
0.17694212225362588
0.25582236897173866
0.26120142076717356
0.12368227869267821
0.19393624670448145
0.15082418749908638
0.15097104490960286
0.13889060861867086
0.2597459366688495
0.2202991434483665
0.2257041086682458
0.09511614326634751
0.1644072718347725
0.10220676185416001
0.24719714521583894
0.22764724206532616
0.1757117711477138
0.0713273137776777
0.06693974868466676
0.20476362736987314
0.09018992620879215
0.18181083691872035
0.211175473809373
0.2569948361917943
0.27889032721179285
0.25504903952872304
0.484661710341781
0.5637617966308002
0.38795189162258154
0.12890200022631207
0.1580675460247269
0.2546668547374869
0.25197854144787835
0.295165510901679
0.09674189283206149
0.09352956838896391
0.20824421916358388
0.12331941035076814
0.2054413534092706
0.12213002791843902
0.21813144095005574
0.12061416861564352
0.18769453965318
0.19142700848143177
0.10458982131831808
0.0801514123241128
0.2252535446276485
0.3146702449741114
0.44712524300284856
0.4634737974769319
0.31287412497743067
0.302596327218644
0.4132047082634271
0.272558822177573
0.2771993236558265
0.2642817320158718
0.28003114146092695
0.43458052732946273
0.2715648239864571
0.13246090127197133
0.24648909819221113
0.08541061423247648
0.10324999974818712
0.12390427232966618
0.10114257207016956
0.1761694363411425
0.1049247767108503
0.23038357706008983
0.18699604854335963
0.15499661371087667
0.24483207427886225
0.2273996770857395
0.22492300144545763
0.12238841302687
0.15322813560899534
0.2626653901695229
0.3560188782922607
0.22488919125111906
0.2084247579482082
0.23229818623742834
0.30618856721200605
0.42372165029224856
0.3500377360850463
0.23550979869052652
0.1225099348188144
0.2642406327394734
0.06785056018834988
0.14056685259675145
0.09574141636558066
0.09216855884523213
0.17796555633782388
0.21760710574834347
0.24150488668743778
0.24841337398542868
0.2381854684487722
0.19729450299427284
0.10637625007849201
0.12976100145410477
0.2255725668269915
0.29217901332088647
0.21122121330548663
0.18422703021514264
0.30172299006684195
0.17726941005763822
0.27524713546718227
0.15046475362060124
0.1925276743210497
0.26500774121328213
0.27950103829654077
0.14352838570023776
0.27472637213389733
0.1171087791142255
0.22663197555847692
0.18840783895242122
0.07674321443936347
0.241155896009209
0.11234962124532388
0.16159574996896917
0.2974287365660912
0.3726598492716563
0.31309863997701504
0.37527391659823656
0.23171976524102172
0.12263554309101374
0.2655347701981278
0.09656484837222298
0.23700874826174126
0.10396962282903055
0.15003905630564657
0.3017938066475394
0.24889875097565123
0.21908029280583907
0.07407933563289215
0.2183586628843283
0.17759136467184897
0.07302161904796996
0.26479785421839014
0.2966771794301064
0.19208505520062283
0.2239953414042163
0.07070051876439075
0.14740274773872103
0.1456947498073568
0.36739776121359685
0.3138470233089656
0.18166240990184798
0.20752371417387708
0.1324638497552345
0.17548859125251393
0.10702886851312796
0.22089957657585627
0.16821162691140268
0.15203351541553928
0.25139282577143274
0.24110542994860287
0.11744373450675842
0.20635423072981224
0.21748729441302175
0.07021083516025965
0.129261456911138
0.1368381825193134
0.09689980376475589
0.06334547103034739
0.2441679316130058
0.20360886447874985
0.17569546023090724
0.2181394587196666
0.19665745058275955
0.17234573181870705
0.1951178419451235
0.1814736471152275
0.24170461505685553
0.11296266605571803
0.08829880438785885
0.1200591671708421
0.14277428563300942
0.21889101585565143
0.27426002783613007
0.12023958669071812
0.20565364437697986
0.059878511113102065
0.13165957858689542
0.08866548369832856
0.1816200440554624
0.2405295983958882
0.1865917583736275
0.1635804750425039
0.16484556364937822
0.2270245799046621
0.11108837095148304
0.11036780183950633
0.2621670229068157
0.23171453286990215
0.12722722326364888
0.08821160444810436
0.14217058166231597
0.13146634316974987
0.24466316264380583
0.25095869617320377
0.32273936253269325
0.33258102314185917
0.344501279760853
0.16588323961277404
0.3302467315041056
0.25708407761133706
0.091541452956193
0.08129727195777879
0.14182569578819673
0.2573456893135538
0.22395803917140586
0.12424878580757438
0.195637479080924
0.15186154106191257
0.2762611999795885
0.2561183457164917
0.1363412088821501
0.20019678201242583
0.3042427705489349
0.11841528915088624
0.4034513062235347
0.3838047683885552
0.23316672184823586
0.2840100640557771
0.18391852018126562
0.4024563130620358
0.4961835869053263
0.22181025223005432
0.46067320947818124
0.20449026714117882
0.31277056718180696
0.14708200192560783
0.05845842866112301
0.17664724183715716
0.13760274863462782
0.14666019849457237
0.16220780978030938
0.06487328387523522
0.1342396766669106
0.25443788212831975
0.1158894716003735
0.1496880616571508
0.2671339862929476
0.11868489313935777
0.10883258962373106
0.10054244365854871
0.12784881920820662
0.12967487308462755
0.0894064324421831
0.2938479384395645
0.13684075342511687
0.07237523669051747
0.2965966285851237
0.17871393966977442
0.16809285206231037
0.09009027447298118
0.10807129240574528
0.06954511337458988
0.14633838145884245
0.10534495299428497
0.1228491400747323
0.13059780779184024
0.10065409545605945
0.1715188235621511
0.23388485072018303
0.16434520510773992
0.1518959924097036
0.16033198122562528
0.2212262745952577
0.16682791604537417
0.06894745146160262
0.1820885142642142
0.13444272067778956
0.2703073104497866
0.283512314458978
0.24829568880106737
0.22663541902567028
0.2543873665148725
0.235519217489321
0.13507079965186145
0.14531109695371816
0.16762449656900216
0.1539130736562785
0.16045338637018286
0.15351836749410813
0.0912055620917012
0.24409949479181703
0.11815551471588999
0.17896454300644438
0.054443023107251264
0.052249240560745785
0.07758404279537358
0.1388660654724858
0.07261553780613905
0.11740474089157453
0.18996660884303468
0.30648792054478646
0.2507382494930186
0.27563615907433836
0.22381164223117103
0.1455052673945072
0.15027677906353504
0.1573228046120694
0.10106302874435578
0.11073749197724692
0.0800682952899905
0.16700962942001546
0.19140635402519174
0.14089563529521026
0.06148467333465078
0.19003947409329192
0.18054621689541334
0.15698264254494024
0.1243401373614058
0.2399659305438994
0.1535932058273034
0.1491267564842029
0.07325666717795275
0.1837472576870826
0.30438603499240924
0.12803771927202656
0.2974493031693437
0.1020402694287555
0.34179983253598706
0.2160623983582121
0.25374197335391724
0.17189585776507718
0.10860787391054433
0.13961156411582254
0.1472034850235387
0.1893424942078771
0.10523164182704445
0.11851557794523555
0.21788893967433787
0.17761631078291337
0.20011959294489937
0.07102370994311664
0.17472094771570443
0.1745637115361381
0.2058512658254989
0.12633375713986375
0.07821208415637226
0.18165316942642915
0.2548091839796042
0.2802330229977158
0.12256780611391428
0.27745148113325196
0.39865782535751254
0.21017098572275944
0.1936816475766441
0.25721935119137934
0.1813416640887355
0.12750285887859264
0.14266680918082658
0.22044451260576772
0.23000779849209707
0.09530876565022559
0.11498137325184486
0.23654695471212006
0.2984027751465862
0.21633669583455695
0.17659281499892976
0.15798729347789697
0.13056282071428668
0.1040873882295187
0.2422870590844979
0.21599128875588705
0.06299289883537329
0.2824159143564744
0.24638044088641814
0.11465243956898576
0.1763443154511506
0.1691378285655609
0.3199648478069817
0.1505099728032525
0.20840053083252666
0.1575845835977062
0.22189821842294385
0.15603792471167496
0.11412536962825202
0.16329114713804793
0.19513461692098683
0.05806668177781848
0.1677376508011674
0.12810648116904694
0.17222045502833547
0.20169512387890312
0.15007007097679026
0.348219500741234
0.34258494325586447
0.3702751265380318
0.13402640245057276
0.18608895509208712
0.21022883388222094
0.15821059707291846
0.32649470161892924
0.2815854079634626
0.23721072674495974
0.1658621527084741
0.1463837797295134
0.15078917611471954
0.0793006891821032
0.11635054370672313
0.10194153811302178
0.1620321334520279
0.1567924922598022
0.11332770855788594
0.07585199027984578
0.15995329690069188
0.2378071897176312
0.2020585337274631
0.251509943323621
0.2270955145901547
0.12771697345891336
0.10496857738145687
0.08569463072287271
0.26702198743936173
0.2483385356522341
0.1304930383408424
0.2625160507967299
0.1947528483995208
0.17510181771225625
0.11494692190405453
0.2063963784698995
0.12376779063496038
0.13146569014967122
0.20429828146527468
0.13651661520257566
0.20515432345343643
0.1763204748189572
0.1772321083582256
0.19087024356223062
0.123647510955043
0.2034759478950188
0.10651597757051014
0.1624057499075488
0.10917632114909245
0.09746286290021597
0.1576842584997478
0.09014487001534745
0.23352299855954867
0.3841307403059356
0.2559771250803219
0.1281762394557272
0.1823311257742016
0.25224136376498896
0.2291309818334482
0.14872468730464597
0.15627637005728381
0.14340047932077185
0.10789087288586924
0.053209020424841894
0.17459299092418537
0.18635485484363076
0.09046586893319176
0.25844171013686573
0.19553011487878194
0.17303675947590766
0.15680321464853186
0.18344069650562062
0.07113144033602528
0.12088977939796966
0.19567729519398488
0.15375344747124423
0.3851730321923479
0.36350965666467683
0.2640545856231937
0.3416020878272205
0.15040892772184555
0.3348546521286522
0.13543363038069903
0.1677625969122325
0.1295612618843133
0.1923070206926124
0.1878272743214233
0.11276831548598967
0.13508373468778556
0.2403730925940712
0.18000403606389576
0.09920010452479727
0.15845234801106456
0.15418267396286256
0.1388227972379498
0.2646733775398787
0.2160818837867662
0.09469468076391617
0.1404925962909436
0.1596647713365321
0.18895671081247728
0.25567064053174926
0.12809252469435836
0.08070965163282216
0.18081789888009253
0.19166092394152734
0.081395208678605
0.24954828402770898
0.06966238952363339
0.14471650155390028
0.19327324049816336
0.21286115110159778
0.09041004303443606
0.18387532572879392
0.21356385641472556
0.32608985113578753
0.2441475889933113
0.20162883676812923
0.19484623632669418
0.19889488300318484
0.16489379413975583
0.1099770205482177
0.276895172760359
0.269100689728635
0.17616358850731142
0.07813391587509465
0.16220243209572963
0.23407873297868265
0.24907856081771854
0.23038065260834723
0.258191191091537
0.1225778954397196
0.2273241724587891
0.11532588672975305
0.1709225071359735
0.276858815161452
0.20011959294489937
0.21538374922105463
0.09497381025769336
0.24867146736905943
0.15321626560139306
0.2604771773801585
0.18031835433712576
0.20620854220192303
0.31706316674370083
0.2526791589775467
0.2198137296199441
0.21309538620597374
0.26152349403569053
0.33932804689725843
0.33106204064728567
0.15082762196251132
0.24691660732152831
0.14724506045794333
0.22769138428996158
0.23001887249713193
0.22098179565722248
0.23226246990005223
0.25159116934302617
0.22214271711249298
0.22199118904158982
0.23241724587893758
0.14497710752705412
0.20130722456894784
0.2539986913076151
0.1390973167054156
0.37296022873259027
0.49922599146753943
0.4253548507363308
0.1734833916674677
0.14763158925876282
0.24397296621585637
0.33378502373565494
0.22961823302578152
0.26649967747022424
0.40959863911186295
0.29506537775292224
0.393365023567947
0.183573393204721
0.08509262617798004
0.11927734925137927
0.18178610423157773
0.09375934301270306
0.19373651833506367
0.17736748409247635
0.16864927515064693
0.14021698550861675
0.21915621953169978
0.16050327859231303
0.2472937114448551
0.23099162509454468
0.22822295012116814
0.11123865731023545
0.17702302040514992
0.226124713886883
0.19457514591093575
0.2499600328714599
0.27147446051453783
0.08507762938166816
0.22181577638092612
0.20632928461874717
0.2018037811846968
0.15885898363470288
0.15813339804113605
0.20479931955593147
0.1329491395353184
0.14665991492555375
0.12272536674234305
0.19702100216817744
0.1826448226371071
0.2973661068047592
0.21869999223556225
0.11405118686149338
0.06188621389003793
0.10528764505276107
0.11466639604367503
0.2655041267060473
0.29945940188010883
0.19020226717598035
0.15235426122865245
0.14266133129311018
0.2860776011291306
0.1338607118412114
0.1450229485254356
0.26237650129157586
0.1889274289159588
0.19840824037865473
0.14967666639009586
0.08115690031572143
0.10901348323176434
0.15977762057240974
0.060759941600537326
0.19210540331815368
0.1191971627981008
0.218453514218572
0.17500693427975447
0.14638882450979462
0.13572108462191576
0.1933094922405125
0.18427371011209775
0.0902291008971232
0.1855719828269803
0.20714793560588432
0.1783097209654024
0.29789845977608165
0.36525676808874386
0.24143653347282085
0.18347864688319213
0.2680235181821219
0.27197623556846534
0.0742164470420487
0.13310539413760963
0.12078084525034624
0.09858253170341706
0.13269875851397128
0.13294725806175042
0.1810000102497372
0.1836696012187512
0.2523883249650309
0.21025320828899086
0.26627120449521896
0.1021613947224562
0.12018352676825811
0.19243208856001998
0.18827594661342492
0.19016962536518256
0.22477821342086748
0.21412016478761847
0.20692799128430717
0.3808820004793471
0.26053305496600143
0.08538123321622923
0.20241274518153962
0.2436630673270286
0.0663815093759578
0.19929562461718653
0.1778722823854476
0.05743009309244856
0.08419941179789342
0.11310377479724532
0.2050544592687272
0.21467470906234123
0.21427220702448335
0.21274043516245644
0.2637112811604569
0.21161220739793832
0.3890560773949374
0.262418699981453
0.14436837291741025
0.1718247502145867
0.07525457628280606
0.10311757335784322
0.21103069841500288
0.2397570734458685
0.24133824262934198
0.176029311559052
0.19518509934639328
0.1603021212706623
0.088985304542631
0.2068291815776392
0.09297803437718655
0.13565816221933896
0.20651913397778984
0.13844191158487792
0.054531166155994786
0.15931877461949698
0.15860737415137127
0.06480472817065687
0.07221853793719539
0.3244741783367132
0.27122596096675866
0.46796356954541696
0.24133824262934198
0.14570559575169964
0.21452854269340516
0.08636060042449002
0.22424141659259306
0.1066530889796667
0.3764214002290211
0.12322398214344918
0.2079138839175688
0.2582920339671753
0.2803794199379506
0.189818272708619
0.20530706898547513
0.17605225910450273
0.0545801345164079
0.08211989706925303
0.16987900944862033
0.05550073969217359
0.1384142481128875
0.16891011802122302
0.12947421568855574
0.3033696566616589
0.493647778819526
0.33928893043354436
0.27345585229211117
0.20832730009105835
0.25471203647344687
0.09222701000197583
0.21937610070575014
0.3521544033447833
0.14906910615171526
0.21352888414607696
0.2266224634836821
0.1495994521898918
0.1408198840949566
0.1117946235811946
0.0631985659491082
0.06035840104515011
0.1808587799662408
0.1203197731439959
0.16284821303242428
0.19227774130456585
0.23294681130183065
0.24749673776996525
0.22426167079438553
0.20897516336705785
0.23025352187691372
0.17462740948467795
0.0800730629474521
0.17403668255129248
0.18153220589132132
0.1950535475993142
0.29270604230573216
0.15650790716087742
0.3987267064238733
0.3147386221405549
0.28710953103778797
0.20960199995931875
0.14214669470604036
0.2456026090637874
0.18062454486186486
0.059800161736441156
0.12362746434172323
0.09942658972429204
0.0841435858991377
0.1272759479658835
0.11809968881713427
0.13260323764684687
0.17325582804000883
0.25777573236567647
0.22026096280408905
0.14853698600009888
0.19889719825472452
0.15349691818786732
0.13163859990870433
0.14419611617845648
0.18509038077949264
0.23822306646415392
0.20691479483163455
0.12089098375490624
0.3214876807559207
0.4455607041090774
0.1894805890964762
0.22266384383904525
0.10828058610653131
0.1814736471152275
0.17986328077264327
0.10714369162943432
0.1427915397361513
0.18451870347211383
0.1481924725221907
0.20438262076900968
0.2738707392521353
0.19916884151920766
0.12150506864121635
0.29990261213870884
0.0956437210427585
0.1315057833763101
0.1769939007440384
0.12125385209681702
0.16080166581362906
0.16604017937336923
0.2600440970899316
0.3239261271337637
0.28772112355961693
0.2582204261692464
0.14396103641559216
0.07946585527832996
0.14800527694873988
0.20248201838664426
0.12196359543620001
0.08332015389249539
0.17689776088248593
0.08979595814812595
0.15718549503866583
0.2340478366788725
0.2872093952224965
0.07415768500955354
0.173150956902276
0.20861973499718903
0.19870927475125852
0.2707196773841277
0.27782216185987
0.1114982762893037
0.3711232943142426
0.44143298447444673
0.45131953876061803
0.30444233943745486
0.3768257241647269
0.29545830478214874
0.11064693133328285
0.1609362163907559
0.19912484774317032
0.27160062315251166
0.2239038198640509
0.27901792839376527
0.15442127620276974
0.1428403314980767
0.12883500914780577
0.09849593950205703
0.10609876713979044
0.33293720540065425
0.17876708864214094
0.16564897044779633
0.15538591394091297
0.20328336445770867
0.08132861170844292
0.27036586922588113
0.28959949923394684
0.3910248728396036
0.37598865542861576
0.20224491463858996
0.23799705325511403
0.23511219941408001
0.24464401660350543
0.2437733973273357
0.18964033631625124
0.07480406736700601
0.204004091627012
0.1765685741181832
0.18415219188194806
0.13561773057854337
0.11116332089677079
0.17019574708306018
0.12625022681697742
0.28916425504254906
0.23390584706395312
0.2834054178355016
0.1671234881332434
0.32470399762621593
0.5714652572746467
0.411356505317361
0.1146643127432448
0.24208198037249096
0.3507230166972911
0.35354370872510804
0.15025955338963987
0.1603328133298369
0.11858816543124438
0.07365820773334003
0.1483449385647401
0.1767431968956381
0.09438763832076112
0.17969201945575028
0.2166676593283619
0.09420620414980607
0.17447310078872144
0.24190434342627265
0.2688725031856408
0.22628617115118743
0.32476662738754797
0.29033441187392633
0.2048993909858723
0.23499020872698825
0.2661883387057321
0.2669807961898937
0.45751040653091085
0.21318494012956343
0.3270526136761695
0.12036422989532612
0.4208093663903069
0.32377147302358544
0.3140882530804265
0.2291310935917238
0.29858350209042533
0.13011621352424302
0.18590025260665116
0.20202109579628347
0.12517897219792656
0.2358636811766474
0.21338903405014661
0.2775891454288825
0.36068479551150073
0.21353652507994828
0.15826949175100416
0.26056213007409196
0.3723166984054906
0.12308215028105739
0.15067296956312942
0.3167500179370408
0.3913011637506316
0.13022786532175376
0.29370154149932964
0.33644944804793114
0.16518883441734838
0.26381993846625057
0.1106608878079721
0.16682791604537417
0.10904193674406397
0.1298988068452682
0.22732516879680917
0.12938203662840556
0.1916859174235828
0.22354812773874783
0.16766987380479567
0.1282041764918691
0.20193876907130437
0.12045833303955188
0.1768712693184735
0.40767889004287394
0.13088381963213033
0.22465295389820344
0.134635867166505
0.14283528794071887
0.2794213900392435
0.33823999360869134
0.212203076717525
0.16602104500393747
0.36865677489961685
0.29755399608875527
0.269833027083166
0.230838695362448
0.15876917749091127
0.11515487265778514
0.19003947409329192
0.0751174648736495
0.1510913245895202
0.22545128796180244
0.19744846907960123
0.28313836058793107
0.18748423467761507
0.3079076402919014
0.23510668101179408
0.115238611505918
0.18932021618991995
0.2266993601783627
0.23313775755263635
0.4181162866530269
0.2756654384623856
0.11708334974765024
0.2728544538925244
0.28812758280093453
0.10126656933422888
0.2226104130739999
0.2420640275485242
0.17078696192809362
0.14176964939592504
0.10068200840543733
0.20729806737267012
0.1609825252248146
0.20047272918872827
0.22296195034223706
0.26021277728955194
0.25130498760729236
0.2419523312195899
0.4001033642575579
0.2840605107381584
0.2696674606128223
0.36147506058427104
0.4258208835983052
0.1656633545567699
0.2834054178355016
0.24107921733231463
0.2759582323428553
0.19260786077432746
0.2782985244632142
0.08942601978634863
0.26543900295597944
0.12030410648552567
0.2108430915244779
0.11098501690811066
0.15183322369295238
0.097513888651066
0.22356262150142428
0.17427353190020145
0.06377639260198241
0.17089737854924453
0.2701534755059665
0.3433301042389733
0.38812756795086367
0.2110916796690094
0.36384759845877185
0.34619584032382555
0.36090524119260714
0.2576683811905502
0.3713486878537047
0.4899839377815988
0.2544115696385299
0.19615825175192936
0.24741552954282867
0.13555923865289837
0.08930849572135689
0.22572795285522682
0.24716385715426917
0.21046024128174473
0.25653150241623696
0.10807893999053304
0.24672994476776497
0.15567367124953604
0.2138566502951953
0.23439188178534343
0.27316183324012616
0.20858501159001686
0.09983669321016735
0.2674630385739925
0.3194574641038591
0.36693572166413774
0.37106202231631535
0.24029563176199037
0.2515959915644986
0.3025956918759888
0.3314366969694152
0.2481639128747792
0.25265540029598393
0.17476637491991973
0.08909303493553963
0.22348091369046938
0.07423603438621423
0.22947544552077462
0.14684144256577314
0.21906838136755874
0.16798569429858512
0.26464008947830897
0.14481673462049785
0.23689707223862666
0.15115146442947885
0.23488993079877118
0.28331298336538596
0.2857845194836403
0.26155997451669266
0.2161649817134689
0.1543420381028513
0.22443166511616106
0.23738904883201808
0.219825130704921
0.18789690664423145
0.21782114906225966
0.2976542588856731
0.2683020523302259
0.19136001130408173
0.12086307080552908
0.21723311860735214
