0.06383216862198347
0.2411854019164711
0.13259632953698608
0.10413876068970752
0.13083135950499997
0.12136617649153653
0.08792706371752268
0.2020176636654731
0.2681692358102405
0.1734401224283748
0.3178516665108435
0.26172197234310957
0.26830832773752755
0.5336957250020183
0.710343127346621
0.22678564573459026
0.34084218494392526
0.6963876357645681
0.14546011311707818
0.3089468788311
0.20531926417262594
0.08559488938904483
0.09512816339843652
0.05894098951087651
0.0980350553987012
0.12662437285425032
0.03819694638385459
0.08199438147153547
0.12437274619610271
0.12376960834106004
0.07392486310981702
0.15028204049998176
0.1491184559129671
0.24916026572396902
0.08767618204674042
0.18703480279918247
0.14064032851669195
0.332095539820275
0.23095230402583675
0.08074397131446971
0.3171400583022373
0.1647982312851239
0.1699277346640915
0.1655434619828271
0.33857354538567447
0.19517710200454405
0.052045755642337654
0.08469475192893065
0.09213893298472595
0.09513633808369794
0.1140553803757244
0.10591850262940747
0.04626901727008937
0.21847202211607866
0.16203799591066625
0.25034596745728954
0.14279973869520038
0.13894286012423965
0.29658248783138536
0.21983479107784382
0.07014574454725248
0.10589750545452668
0.06848823640577678
0.15722097007016678
0.34035114537894895
0.32710547220059316
0.35375402182489596
0.18039573007471219
0.1944043123811642
0.27813514561434255
0.04857200003013908
0.21458853369228195
0.21556852507082572
0.08793206902007931
0.20105103984456585
0.2625641330792923
0.22233844576901937
0.43743333332558626
0.2826070457378677
0.17471381520425405
0.1564178531556295
0.1790046085454444
0.2588511807571613
0.11824304413467282
0.19727360894143087
0.11871073309249103
0.2316961117682701
0.23608457744863254
0.2749847402473251
0.2454117549966863
0.21826067206952215
0.2795046569325855
0.3178945998155095
0.41132568156614235
0.3798406482383303
0.19917963987565515
0.19301810916168882
0.2200450716168343
0.26432291570789745
0.30124747497669485
0.11310835557430304
0.18395025354097544
0.25453990763376455
0.2688121181157405
0.19201568637800587
0.16386593307988728
0.19343436427988772
0.08758429536085972
0.31375596593242033
0.1984334872492268
0.22811528599395642
0.34473464328041736
0.15457201561315376
0.5687468906784593
0.566570102016411
0.3131660054415631
0.5177422552762119
0.3777690776754987
0.13637645486433925
0.33198576135686714
0.24033785175990785
0.579053397725389
0.3822354150974836
0.2700825605185029
0.39233613665283407
0.6537901212347204
0.38367974057809884
0.21391459912736177
0.7368980894860967
0.20598728589179807
0.6953993549658862
0.09946518934262336
0.2427154131166322
0.20379930403768337
0.1448320269097919
0.47173027139545076
0.34339049444193753
0.19762108783417098
0.2975761860600566
0.1174055958582911
0.22429476276221805
0.17574538600173462
0.10867114063924618
0.39994542310689835
0.2043376036811264
0.2664577403337162
0.07932833965102792
0.0986059672216052
0.10511804790698179
0.2460790924022944
0.21156815136403428
0.24904175905775036
0.3660341941714441
0.16886692945354673
0.08246539277147645
0.2195688987776171
0.30815954769051257
0.23569813489204447
0.08776923185522736
0.11456357829298161
0.2600316795085422
0.4367639063573954
0.4497194312312644
0.3117298248541959
0.3915460251852538
0.25545868559511536
0.380972788840377
0.16300591938326758
0.061095750094795065
0.05266619160356073
0.06407926474945129
0.16876997675833239
0.13806026614431602
0.3130615036347346
0.18587489430821072
0.27141544521425964
0.14161749560768547
0.34767890775594756
0.21434895285563985
0.3538448380422365
0.40292266514220965
0.27961542738275874
0.1530874519466974
0.2763012849159746
0.23673179242288614
0.3300280736358859
0.31168439536958714
0.19479035678622678
0.4683963364204566
0.223142322730276
0.14250426612750228
0.12426967353678849
0.09647836958860796
0.13158096321394538
0.15141441327568775
0.09446971709612455
0.09733748795470393
0.13919753372113097
0.2949444318130768
0.1999386804872105
0.3367104393140954
0.12971658715188975
0.2954755417291104
0.08325631614361487
0.13316420408615934
0.258581545688324
0.4234859516995216
0.11645183532130073
0.2906625689387068
0.44791281084755313
0.18862442649993624
0.3327078900716247
0.2692073743488138
0.17349136792374423
0.14455287748433143
0.08632302400805549
0.0667644279386419
0.14420701991418614
0.09798139636454772
0.15633932627111483
0.08432755492804263
0.31845096752465946
0.1824160716709944
0.19803404909414454
0.36138607863269717
0.2948027336401008
0.3637108621765863
0.31664277246992256
0.11838261884740305
0.0929567586783696
0.15743560620678143
0.36244578091684265
0.1370856303532612
0.25230464374032385
0.33300796595749277
0.47283858186545585
0.24303096575535305
0.21526735918553694
0.11555918240103243
0.0839173604861047
0.05512872078548243
0.13433512996032906
0.08827966506865664
0.0379410594105157
0.12490602619408508
0.35159791984867217
0.09181689852440553
0.17141682537603234
0.2096092821893294
0.30682235729051704
0.3322906142897634
0.24524871708895807
0.14381741692279768
0.353502133201102
0.13429413609865545
0.2693683514512753
0.22931592699248013
0.2977415025212034
0.3629603842566493
0.3002008048464652
0.5433515558482235
0.4718753098847534
0.07511826897167952
0.11051623658271428
0.0711108593490248
0.13794175947809773
0.1282055250870191
0.16850986990876773
0.1049928055428198
0.22355610976124218
0.2428201590812902
0.21978740389331133
0.33112770747185843
0.24285450504392092
0.1311088939907293
0.09865488458063475
0.22708450376517847
0.37122228215632086
0.14281090146954797
0.07120636594456693
0.1863041665814397
0.22842650839204795
0.41720176273137316
0.3466887887486056
0.2697804256459536
0.17229449293368515
0.1934408181238741
0.09218622067595457
0.12460975952853931
0.11510752730510419
0.04864178738650412
0.1195495115035794
0.1584257051804268
0.19979583313273047
0.09565520312448844
0.3107313655602047
0.3390475720505473
0.17107207290308601
0.3217719947704902
0.3851436490324576
0.1091634861975909
0.2795038908248336
0.21496043756349945
0.15663287347213437
0.1631792946010175
0.2539349804806607
0.31012160657613846
0.2554411190335385
0.45399605066629883
0.14831357040066248
0.15042791936139746
0.1110649039390438
0.12220761208194807
0.15091474110690353
0.14508900697696436
0.14222149565143682
0.053015128385386384
0.25273405086364636
0.13299845327201176
0.4383259026165063
0.2526042407608993
0.3479788364863597
0.24480179202594488
0.09251477208805702
0.2178297199527388
0.1978468792514472
0.057449232183548395
0.186529492627599
0.18779665535640824
0.16568451382191243
0.3593008926927779
0.31664981213528975
0.09156852889707578
0.37026749418377275
0.1687880537633435
0.15286202808892815
0.041988726079693874
0.040290567074808874
0.10037407441463238
0.09368867363225648
0.12401722619744779
0.11177176814203323
0.23712590828804087
0.19098691293979603
0.19856947534879035
0.40896650511934346
0.2857709346432404
0.14151411250488014
0.29570504351978355
0.3805320410293644
0.1745614407213426
0.16891873830681908
0.23964114108586876
0.4727642010912117
0.24074629242247073
0.4074006549770368
0.49947911088929986
0.24570588955331332
0.0643444660520874
0.14428186612077665
0.1015765516528415
0.16732758852682514
0.13345870423232625
0.1193362128818251
0.14027116836395553
0.15069119389094282
0.16975027290709924
0.21236640032697285
0.1035179119416278
0.23560290332239167
0.07720807859196917
0.212406939399329
0.1805593914310976
0.14737085403856123
0.1910261615869601
0.2904026928395034
0.39379765184340126
0.12029013992138364
0.5595612547008046
0.24000937913773346
0.3933207203461861
0.0906988455015513
0.17501796179478066
0.05655417778715152
0.1297540568444869
0.0801129379913853
0.06689657942212636
0.14904238591366648
0.06390975966811097
0.35153445505154396
0.17826813244171494
0.3270235056439921
0.3063397321742983
0.21506381415659054
0.1824916463764762
0.09195647323713593
0.3812014679975552
0.3886171494778102
0.2444705596039865
0.34327887654547345
0.17184442420362772
0.41915352288078767
0.4985750133619314
0.12168588704868645
0.12498915524996984
0.2058116023315587
0.055659123390754656
0.14855017834301673
0.06419616704178363
0.07973732475230982
0.10075500069324572
0.114959477903093
0.10334729977991172
0.30927090032368637
0.31386093392417286
0.20197260455430308
0.33176756036803434
0.15241812723018877
0.16865114543970863
0.18130632721921622
0.06646607647317629
0.1049034117703673
0.13272207604630015
0.054631468343039724
0.05264292915143899
0.28228443495506217
0.2563157697219956
0.19998722029061802
0.12884240281362436
0.4386234257134796
0.5977508952293474
0.09258455944442222
0.052973960201564044
0.08154427081853083
0.07237923486100403
0.11330090692139182
0.10908776303791401
0.22177278815699636
0.12706457412552863
0.20869023921042087
0.36171370514577866
0.2802090122731637
0.10316330672544878
0.18944320496553213
0.10781191851822818
0.23608457744863254
0.08113245964030458
0.045989867844628746
0.17476747423840786
0.5274340701601303
0.20609456231109027
0.3814549895895605
0.15462551925303358
0.23464808133395898
0.08218624334601597
0.12962501253136455
0.08641319617096699
0.0869812943630514
0.10833758995620026
0.10407423853314643
0.054759812294515015
0.2583682494497785
0.2077677802428967
0.21130927649703618
0.194621316875255
0.09109576250863247
0.2075251555129042
0.140339613099629
0.10801882625797772
0.05455045022541958
0.08867646748797411
0.09699737643915907
0.1774164142641935
0.3448666125054476
0.21940850590284647
0.47386131751130406
0.23107592320338455
0.18494076263361037
0.22787276191150474
0.10633577841126984
0.08526420527013483
0.16876997675833239
0.0716427587572741
0.04070929121299973
0.1742741540523457
0.20904575920907678
0.15678431940680693
0.3093023988297559
0.7905176521829376
0.5693032583876092
0.41635449064193214
0.41364751843496633
0.19528828556178937
0.15194196938192212
0.27207153842383347
0.5858973587154631
0.1286226317785158
0.14557642537768686
0.2363680454467865
0.17521278938075044
0.22225896382138743
0.20043631209079343
0.06696332891561899
0.12274862583119127
0.12490602619408508
0.042244613053032766
0.15642276823392387
0.13559615144576476
0.195950772591954
0.10846733277817114
0.07039218012030678
0.2528623315631752
0.30516956495416475
0.263886679509437
0.4566152671890846
0.22409331222934975
0.33506355902208806
0.18850418698174004
0.4939351643515506
0.3510759986717057
0.257314360365894
0.33027378134409513
0.20789051655326643
0.2672197844473032
0.21873340280775952
0.17588174205500393
0.13165050917758922
0.06504061947150719
0.11078672008446883
0.075202393258635
0.13756191608730658
0.05337176215551821
0.08972733863775106
0.2058360550133655
0.22137551916132997
0.10486601410330883
0.23905459005908652
0.21195318490688048
0.17498211037502154
0.27869518859053255
0.12030194090830769
0.1378232528118794
0.16133189933398998
0.23838874988313305
0.5132273422796363
0.4266374320470133
0.5392645846263606
0.439043668482895
0.18927274468603572
0.16788665137213124
0.12626885285559558
0.09025449544642336
0.06474226800604158
0.11266446110284974
0.06227314610426685
0.13194781016756624
0.1258086482315154
0.21531857898622783
0.13047901637746848
0.24306314293485234
0.10004719141947448
0.08595476058973353
0.12046202621089899
0.14749707532471282
0.1592748002452302
0.17449917906763873
0.17955912458139386
0.24874660269729093
0.2042564952216473
0.34332239506191625
0.4390732753986741
0.16803929766769068
0.19275216248173532
0.09471001520392261
0.10339706627546418
0.04764150194527044
0.07708995563438799
0.11832890621896952
0.06440074373726408
0.1287531202153695
0.12963367623192093
0.15693287083492113
0.1711787464518995
0.26737981678943507
0.2702997336006088
0.2575620596099598
0.31060597215815594
0.24946137159007575
0.2455713278717636
0.3601785457108996
0.39525862984623455
0.3648381252750305
0.2683476491378516
0.40428549180372064
0.16031418744353154
0.10395989853194021
0.34132511625130807
0.28548255891987806
0.28097930560358153
0.14162613365173987
0.05203810539627444
0.14485180424076236
0.1342087994922213
0.11437311515367501
0.06308475986456588
0.29938261632978774
0.08860668013160906
0.20165065034938173
0.16322691038584425
0.2071496525495836
0.21603765251595478
0.1631703723152537
0.20069103924068618
0.17262111287226134
0.13913332326354624
0.09714400006027817
0.19470645259666164
0.21079507942769254
0.2751869977333358
0.3616823452982421
0.31155402548790334
0.1495046490571558
0.2913175368736249
0.15327930387079053
0.11418642467894707
0.14786897919592998
0.06722390213489522
0.08931818524679017
0.12568916098113408
0.2270850325382072
0.08648979698853304
0.21798506293652112
0.2837642122597128
0.2475544653138867
0.21118101842466705
0.1767261868210087
0.2064063788391411
0.13039718569927625
0.19264620529047136
0.04103496554270366
0.0694616820354383
0.30301256586560843
0.40387071847195705
0.775415744644736
0.5458662686396709
0.2121488507730852
0.14814287146441676
0.0963267327043649
0.14825171012632615
0.1512904948111276
0.08774848100972457
0.29658248783138536
0.22679538031246696
0.3449479796729232
0.27245677605366797
0.20479549053953142
0.26070461372320647
0.14410382429647034
0.14222834927728029
0.19994464547573654
0.10834381792647749
0.3013908972343602
0.27527840143857324
0.5961480003540915
0.735865841314353
0.3524589437464465
0.20642630438905596
0.09635307668813976
0.17389019115843227
0.3058537436889652
0.11982062326507939
0.09365521119097683
0.06281955856192978
0.117494847097867
0.09430985661651455
0.162598462999051
0.1704571568907933
0.34185403842278306
0.1315428151939671
0.1623929808724279
0.3772868527672588
0.34619980701851016
0.22226889980537498
0.21690151539351274
0.5209688136552142
0.64056722778438
0.5443802795838686
0.36971999816037393
0.5456453608436139
0.48486303261229524
0.2061423458867285
0.3600029473381796
0.30960637094020255
0.16087911332587204
0.15884298096228935
0.16617908904509854
0.10412466144750467
0.2604814714004756
0.07232296364640911
0.1196389376517174
0.25661367113981737
0.41658032222596947
0.24430548974282346
0.10275025102161127
0.23640918164007899
0.24460349552334704
0.17353034630991235
0.1713332960525744
0.1875960526235634
0.16318367938259504
0.14769121636848853
0.07508511880885001
0.32848229905285087
0.5126005847272438
0.24981962708322114
0.455665153793747
0.4261776652088038
0.1367049182373858
0.16019091451516615
0.1193376919576966
0.14374485813848578
0.16343268524326166
0.041663051749989945
0.11381708417388114
0.1605765327257925
0.10770515332353636
0.21585989251662843
0.219894721961619
0.22782906580467588
0.18137178209341276
0.28993625800087197
0.11872076807252897
0.0812987787839542
0.17672871960237982
0.1346577407431349
0.374507198315647
0.24726877060492666
0.6140213130105305
0.4709201119358233
0.6362568060728245
0.1751585666704118
0.17666166466444858
0.1484640253898773
0.13876360067824114
0.11768841356755048
0.12069903954333545
0.08356570237081576
0.05424803834783723
0.060300146186886734
0.18032097713862125
0.15640246822964893
0.2542818190075208
0.28467175474782436
0.3747303406383778
0.07343956134825144
0.14921824168348313
0.34884583120166635
0.1952440457540616
0.1763207005769103
0.07028089840417326
0.2507331003966568
0.16402959443627269
0.2691820159132535
0.31967154435784306
0.39628629183398595
0.060970887011012664
0.08985008465503948
0.09470819528117558
0.04910703642893844
0.08189914990188217
0.09704096947676503
0.11808904626706102
0.13949690248522162
0.26035914568159857
0.3562785097755862
0.35291546762849374
0.2190231258146023
0.28123370741439124
0.11128509661867979
0.22820021537882929
0.0637391188134967
0.19166867580213187
0.25495550271793077
0.1193909594824249
0.08600128549397698
0.25384127903959186
0.18178685160397998
0.23492626518853477
0.26850980690481735
0.25048037142919377
0.18340657873714286
0.08919543922950175
0.11562370455759353
0.13187711273359345
0.18334860851004392
0.0753251392759234
0.12041087264076937
0.37798231240369584
0.23695829482247696
0.15805997637112462
0.2904934901398789
0.19537309006718348
0.12140673762322582
0.2587881851965146
0.12012743558615481
0.21176171783371794
0.26803909190839753
0.6711377259984289
0.26211784843383223
0.395646987169205
0.3811969009633167
0.16197169558500724
0.13545156532139577
0.4366095597553638
0.2974320263136301
0.22984945137985638
0.14318299041859417
0.13910976954585466
0.13480133282331283
0.1345018936869823
0.04024404217056541
0.33708928578117975
0.26024099595485434
0.22687555528788372
0.5747402425789482
0.3432545587012973
0.1445129776874314
0.22176265210069726
0.06041258816009158
0.15236872279388297
0.083140608376422
0.2840107428126743
0.19832379023185595
0.10256415140463741
0.18440543330613016
0.13919753372113097
0.13841659216211222
0.10828393092204659
0.05797963478882061
0.1141327656447934
0.15078187264581538
0.07638893809242202
0.15149802360559678
0.11136524222455706
0.22365981907824903
0.13661182102042876
0.18372853294206584
0.2454364222187521
0.5042139495869774
0.4459127415893362
0.6180549789018671
0.4178321495715564
0.2252702780150025
0.27104365990029133
0.13730797443984855
0.12164503042630312
0.3289152520888838
0.3934009854090184
0.7132686277597803
0.11870829317710714
0.2492229241522886
0.08986285254618163
0.07074244747818371
0.13675669281591485
0.07942312909089498
0.09213654363961737
0.1743440111085603
0.06898326171602756
0.13259303173317777
0.34489277843788446
0.14987188615223454
0.1817970664682471
0.22866652285274158
0.22448117666665768
0.15694162678872306
0.1961666628391543
0.22135718414843436
0.06828933542879954
0.0662671754961992
0.08655202208982225
0.09406428687133195
0.19148378696975574
0.34951652209178785
0.21893797950324048
0.27167568991988167
0.4459127415893362
0.20495195485808596
0.08309905370418272
0.09111846016701852
0.11239759672953571
0.07283090773644307
0.13955427646558163
0.12212271215839746
0.1644911079600506
0.268002825652679
0.10861238895628311
0.34029189204583965
0.16790557473149018
0.28159160679347994
0.41784548589005355
0.3873982918676131
0.11905722995893281
0.15053488940882484
0.30567525938580115
0.1834483193059244
0.6238968398479406
0.6351374312646109
0.13140959203556293
0.38498004085604287
0.11547424149863449
0.0957277169300947
0.10366925398483354
0.12503408150319836
0.25254184647652544
0.07381176058219883
0.16172832893907269
0.17509234256902317
0.20250993286785102
0.18195051296036374
0.15348525390065157
0.28492984337406974
0.21447975187727752
0.40854217931878695
0.247153511311668
0.15702133273924354
0.05913315329339727
0.07025163722800663
0.14534003287165348
0.09833038511848555
0.1282226360948882
0.11882460543771566
0.27517162051335914
0.1508802644614376
0.07053175483303718
0.0987287132388936
0.03989510538873975
0.07004629405876392
0.11613988181008268
0.09865488458063475
0.14107608920335876
0.07132267820517543
0.42143019465243553
0.12792647835909599
0.32779607209077577
0.11335792918911276
0.16367461312838066
0.12529384474875072
0.30923330042883246
0.28140151271445085
0.07464920885858056
0.14469366908329423
0.1627375549263384
0.08514057476547354
0.2810852423995149
0.11747538321465613
0.22848016742620178
0.23883666609563997
0.22846053559839033
0.16764037342885438
0.18549253971005883
0.11703035348909005
0.17791881199027315
0.24354996468035792
0.22192116998715647
0.18979093478375064
0.23003627941665786
0.1535143522885738
0.2354987567408709
0.2516970385938075
0.14434280187329307
0.13294327123607852
0.13810357834775686
0.17598239933417026
0.11157402624452667
0.11714383955678664
0.16999182019873366
0.20079576461409065
0.11204755036375862
0.13880001276975962
0.3117745550148619
0.20526580824035243
0.0564812337515219
0.09831955984793254
0.08285146559841562
0.14792426467022307
0.07580432944406774
0.08356570237081576
0.06533897093697281
0.053537512969665774
0.09993549431488379
0.11280179425439472
0.11013531030410079
0.18913663928440233
0.32080427931189415
0.29928858553430937
0.2246334625692618
0.2825198922644205
0.20304578523737635
0.0851627683090225
0.08522665133717996
0.33112770747185843
0.3188684977252389
0.26018064131211166
0.4108351391020745
0.3735934477500977
0.32765003548158345
0.11884333374380908
0.10251678473183277
0.14508900697696453
0.14330370972232986
0.09347403749564183
0.16006742617185166
0.10732597899932697
0.1713125247953776
0.2570418816272418
0.26914287930125164
0.24769010165320465
0.1748927776683802
0.2167946683158537
0.2515718884319515
0.48645026355200327
0.21423271550718856
0.1999873008903767
0.1195495115035794
0.16586912656283828
0.26875070011700375
0.7316123060260774
0.19146307078806332
0.3024334886577058
0.07814829767355437
0.15919071078050803
0.12994321260326433
0.11543013808791006
0.1724146346962599
0.11562370455759353
0.06738756349127964
0.10089784804772577
0.2370656128907846
0.21060461628838695
0.11353930769108672
0.26679271781190145
0.18895638322002656
0.07472046701772536
0.22393703603985504
0.145535861164834
0.3118502921534483
0.2423276902837501
0.37413529444443105
0.19059845048165752
0.26414942920443246
0.1880277235690053
0.19067722594523964
0.2522995862336991
0.08486441684355688
0.041104752899068855
0.13076140111994214
0.1677286459189241
0.07045621392348725
0.05519502111114146
0.07369281197001043
0.10197498628084453
0.24516812704798296
0.22434842179637185
0.16971682657063047
0.1444720623483352
0.17827349839107365
0.11661055955880428
0.04692036592949739
0.16193935938730283
0.056753078764128606
0.09954608162615701
0.06931058442879641
0.08853740635350696
0.36529679861790054
0.5184461137591042
0.5174676956204792
0.45654919230614527
0.14241881241658702
0.05519502111114146
0.05211205596799669
0.1467419832882795
0.05575857387924319
0.08675595995420309
0.08351220311695358
0.1795375993207194
0.2833733593653766
0.26699551898982393
0.24612599176908642
0.34512998117408766
0.08257705560832028
0.21727770636114369
0.07041094584988858
0.29428952804809944
0.17852360662916267
0.10518326868212657
0.10874469194388803
0.16679813270225252
0.35587551865354555
0.299680139426761
0.16386071274535385
0.5479526475489835
0.14917732634438693
0.0509215076944321
0.1310589242169158
0.05355016478418591
0.056487877461492496
0.07994690272398852
0.14103921426949326
0.13172835118510662
0.2651787593735594
0.24833071906044182
0.20705160040475376
0.22890064043504693
0.10043439962000673
0.13923881385897705
0.14240070930000714
0.10932239958637906
0.12699129813274396
0.07939946636625905
0.09753098629765845
0.0660019741935631
0.09425945599718547
0.2873893418110182
0.3431397846181847
0.3559347719866548
0.34669101966667115
0.2051803668148357
0.16225073318083233
0.10033195345259929
0.09608865378023157
0.11774476562734261
0.15592205048925245
0.1195495115035794
0.2091337457515373
0.14407450670252492
0.18524311148708228
0.34862268887893555
0.10707706711625008
0.2934817588896128
0.18795157262221932
0.2868075540667608
0.1648405529199843
0.09704096947676503
0.06104067436737786
0.05785371842670297
0.12777860399712573
0.2648073335482164
0.2886157491214977
0.08130227016539081
0.3117634629483215
0.20497751046690757
0.13588366171779687
0.10304188402816794
0.03998815519722652
0.05045625865199794
0.1282324547956655
0.04843242531740869
0.17271215779323484
0.15991866462336485
0.22574564982879677
0.12664078935061152
0.1750832408076858
0.22740745469613385
0.2074387333441194
0.3512972523153425
0.43795399874528873
0.2655532319783701
0.15337044292672236
0.19696029019659125
0.24174176962562105
0.3527544905260323
0.2512450840848899
0.2833302558845741
0.13764549281255195
0.19115858980560302
0.14243918267615985
0.10297168654083624
0.13788250614498856
0.06209025497968047
0.07966120801502846
0.06867075866330007
0.1802749054318727
0.2042564952216473
0.3596310434669621
0.29622985504454036
0.06673997513719773
0.1422079994619565
0.1367049182373858
0.17355301267669648
0.12454261827059977
0.2538608905808734
0.37435843676716024
0.09813613252777852
0.0864226494604163
0.09391051921535981
0.30942402085265014
0.3420102387060049
0.07532381997011031
0.15376612561629674
0.06525996585828224
0.11584985473770996
0.09753098629765845
0.08451297879198387
0.14312559317880544
0.13054057248990106
0.24292405100756365
0.1252744653327349
0.06455330463775669
0.20351994766142
0.18575928873957148
0.16099130605755657
0.1981475427993129
0.11354006599168234
0.24053859965999388
0.27730988850601385
0.3095490841782621
0.18812717405749352
0.322345541488709
0.26853610565066127
0.31223786842072626
0.4131998906176495
0.08099985828780844
0.12607629392050104
0.036452262474725966
0.15255496797326573
0.12064561582283624
0.152126021484294
0.12439871784991087
0.07184733545275472
0.14324460217545218
0.23550587144822419
0.13718913198922916
0.08473566726802668
0.10645952376082286
0.14966291376131644
0.10755843498744883
0.05718403088091228
0.11963247954737086
0.06292779152980456
0.04246535858460787
0.18561817696512697
0.22281243687252655
0.26598177404181017
0.13122349241858922
0.14740136682005056
0.13889524433941292
0.11020384340645638
0.0686968543423549
0.08322179972147097
0.03524261496439686
0.10129978580101666
0.0492233486895471
0.11732404066697981
0.16049417115353892
0.1524181272301889
0.10147264842114358
0.11151714775848638
0.09716312725330663
0.07604647353090607
0.06155985237440825
0.05803981804367667
0.059073590162194566
0.04850221267377389
0.04408234677064816
0.10207405167975057
0.2386122012616529
0.6779254200656643
0.4495017291050462
0.2614232773367969
0.1703115645931227
0.07808988711574817
0.09204131206996409
0.05091865010613403
0.10678147796574468
0.1318056537496456
0.037801484697785465
0.1190991995493885
0.10556500772833861
0.2306021875495747
0.17685523113413223
0.4445179276427766
0.291126350388767
0.15259019950425468
0.28859740406449036
0.06371585636137497
0.17992709289484565
0.16966254604925404
0.05620208432606128
0.2674737761738018
0.09693463799118257
0.593539318206084
0.4043744813818351
0.39425606789633105
0.14175219142901346
0.15486077197481188
0.12852047951374318
0.1196786657576716
0.08003040327197496
0.1299080318600287
0.15440152065084892
0.06769263249786846
0.2978950008449194
0.272799677940572
0.14745888210235078
0.1939796226546177
0.32820421209157363
0.26274156413321614
0.1329134275985676
0.17659714250788686
0.17390853267535075
0.330771303060514
0.1881822327768171
0.36086442934216134
0.3577715241108763
0.10840302688718768
0.31671333672850505
0.17294053049048538
0.09557191943748997
0.051665906162327045
0.09293744715410553
0.15696523994390846
0.04115127780331232
0.12972007028053414
0.12078648587984483
0.13076140111994197
0.35829218953058045
0.24647463806362005
0.3312474248351063
0.5162535675921758
0.45559887827624246
0.1609440405372923
0.26376944265675994
0.14856124865922818
0.07649605304391077
0.06261475704707853
0.06719538005542558
0.12335974737474684
0.22531789379982972
0.18835922519730047
0.24445406220772636
0.23529498577642838
0.19388908046627776
0.12719112395625767
0.10624488762420838
0.06260046881703571
0.14020775944885705
0.10577941070211992
0.06325511424257325
0.12108694081423628
0.22249626582485219
0.21976524511420112
0.1883680447743283
0.3218841130262795
0.12974754458350296
0.10228834774025432
0.11836807600502229
0.120991709244583
0.06729483054391429
0.05831896746913729
0.22166547008868873
0.09404701194733234
0.22391914952314124
0.07711502878348223
0.07678935445377831
0.47914952712828646
0.21848791077318305
0.08861038524329193
0.12562912769714568
0.14486424226989877
0.11904337885533481
0.06895233868538997
0.10044971193561508
0.1131132439958743
0.27357394381930655
0.2953617075949396
0.34876708979585336
0.2804132924147892
0.09590342106578512
0.15770347934594975
0.20224132516787371
0.14965504625450357
0.15597151611286525
0.1720490958921978
0.11231275166639472
0.2063189863207483
0.27505428621096945
0.20208085979564636
0.19586172825303846
0.1632745261706708
0.2876156789118069
0.12358262556130548
0.1651721719754101
0.08521054623598116
0.09280316462719095
0.042640074739101884
0.1560508643627067
0.08772248702204223
0.09791166098029469
0.3101821113736419
0.07689339594216683
0.05761509964027759
0.11475084001216174
0.04422948156288608
0.12748864705323135
0.11247626717518372
0.056872321343581396
0.038034109219002625
0.10737377192082713
0.06261475704707853
0.20802679964926074
0.17827471857847782
0.5033442062209024
0.27682695719863104
0.1299905824561384
0.05361995214055094
0.14928221390655494
0.03833652109658482
0.11316690303002797
0.12366169314003939
0.08404010650339296
0.1355427202720961
0.1454629144959091
0.23666491427962727
0.14745888210235078
0.22529936518333515
0.09567846557661
0.25099138279023686
0.058505067086110994
0.06313236822528501
0.1429425860496804
0.1333196123050387
0.11030775420309029
0.15421606415756298
0.18262424702779492
0.5962362863352988
0.6775300821719938
0.6979148047260619
0.4472062253197328
0.10327863728905948
0.04975839440710105
0.12455050619543016
0.11826543104704659
0.09350175964623643
0.13607722818748033
0.15898207288957678
0.3080190729780994
0.15744222484179957
0.28755607322508364
0.07737091575682113
0.29244077712190286
0.13570369737455693
0.20246446749060454
0.1067890350408256
0.17498211037502154
0.07580432944406774
0.06938329080217365
0.1577566727920291
0.23047610512834146
0.4635271727353531
0.1604799382576791
0.24509319555438044
0.3376254920559286
0.2798855832112
0.22225896382138743
0.1511233789978348
0.136399838970286
0.10530015950780838
0.08980916931594328
0.22621234275809068
0.365687551644938
0.20537205255630903
0.23920570576163178
0.31326574694426845
0.26406602395525947
0.16300671095886946
0.3824873440945388
0.42888995779090916
0.13064267773385288
0.187759475592968
0.5248877436250127
0.18099192220022886
0.10207563991008153
0.26237375900731036
0.3328745064703109
0.2844781882781423
0.40031732697811584
0.1840186198013215
0.07961359223020174
0.14785471870657924
0.12919642365142228
0.0889666786267361
0.16952088880578364
0.18114382287968692
0.2825996829463205
0.22160386258334902
0.13620716385092277
0.16182016612508243
0.21978740389331133
0.15656070051010954
0.16280150962214546
0.12994762331417037
0.1582079368797776
0.13329680473747738
0.09545711963883828
0.1011835427566858
0.34793557201692016
0.20427130335546703
0.20284324336163825
0.20621166825244064
0.3313857960981022
0.28851759480051337
0.15768724139606202
0.10920389292016075
0.05524832378907106
0.04270986209546709
0.12591333285694065
0.09116294778116447
0.14704972871138972
0.2151190679219448
0.3089927164691122
0.19058364950964254
0.4671112622487118
0.0980581816497035
0.3095394121621915
0.27170280127903196
0.14279973869520038
0.1290060641700088
0.14754079944177986
0.3056545102142126
0.37978823328693107
0.3006087274184314
0.19103452872462323
0.08052174551289042
0.07747193053257516
0.057581832834866446
0.03801084676688089
0.06862083705709483
0.09132767612949629
0.08789349794366316
0.10704028429036691
0.0892733884998822
0.062273584329828706
0.18995298090388682
0.14756131717786783
0.23585858736364235
0.16496127937587024
0.25037305336088617
0.19491608632784296
0.43996227964986123
0.3394908175370574
0.043384473206996836
0.6402697046874066
0.35197212200093925
0.37755681005962777
0.32267478881362016
0.28159160679347994
0.16735008056361045
0.21451034110545142
0.13686645645086926
0.10758760575685711
0.07818511868540147
0.14868927027030412
0.07254289621738846
0.13983585557764006
0.06420436785593085
0.15461235943685503
0.151591331351057
0.19483595301186865
0.12348249339203508
0.3366697502495454
0.10122454892375572
0.16155504165672016
0.06325060731894065
0.15223067989387826
0.16704367049792349
0.2922180714813079
0.19451399880694736
0.22200662993544806
0.37839178523502165
0.3119529671769267
0.40751430079524475
0.2895117855713001
0.15548074607840576
0.15820790681576602
0.11774476562734261
0.10575181460373645
0.14312559317880527
0.13330793774559233
0.16564598424010907
0.3609434969208957
0.1566648333989736
0.24612316533517617
0.10134004776982553
0.22890064043504693
0.1863041665814397
0.19834110926899656
0.3063744091086693
0.046943628381619126
0.05027015903502425
0.15796052588263607
0.15375045520328767
0.2647973211803022
0.2766123210620174
0.19951013842377044
0.151370579964002
0.24441182351532612
0.10048807282002596
0.09021832270690434
0.1069132134218373
0.03638247511836093
0.1408715125078783
0.18084117264912106
0.3231844640876841
0.4757496212427223
0.1626793882461006
0.35003217105559703
0.3117050090512175
0.41963210507898924
0.11242743110424429
0.09235193492320505
0.2956398914495154
0.3079312804741109
0.442922030457738
0.15603781643852427
0.34325684148083935
0.1779333572534722
0.20250993286785102
0.2830520720299983
0.18943290594994727
0.17755084518245373
0.3457625218039595
0.075202393258635
0.05496917436361044
0.11145551957830838
0.15141441327568775
0.17100139998563568
0.12293284724599053
0.275053972292668
0.25441086332064267
0.2545047989907177
0.32749317209426343
0.2444282357601117
0.3831982596769767
0.3030660292875777
0.32117250481767323
0.09028157668437249
0.15427247633772653
0.06533897093697281
0.21061170905303972
0.24293866574750886
0.17867728583267684
0.22246094671022917
0.14135229430504936
0.22273048444911378
0.2803617410594657
0.27547144430939763
0.16051371081731233
0.0859617727141321
0.12194335953862764
0.11768841356755048
0.20747332659812326
0.3208786600861383
0.23853841280659738
0.2200668791673768
0.1745356072973929
0.19043591221126963
0.21923733250384966
0.20576115727353003
0.21385383820448325
0.1574831401808956
0.13956222165680307
0.06656552696166483
0.12324894292135605
0.17922581408760663
0.26172197234310957
0.29007621435801606
0.09393378166748155
0.2949586795437968
0.1981475427993129
0.1439855994552309
0.06792468363767505
0.1058070669025192
0.14200537140633682
0.06268695791061173
0.05436435060844589
0.1460465236518422
0.07515141913450904
0.14020664620739443
0.3464656464258764
0.2628616561762656
0.19907501671000624
0.10823528163836453
0.36284111881051295
0.1996634307221656
0.26818785269989603
0.20969991637667956
0.1050299713295391
0.32310843284191537
0.32254932641590084
0.1072864291853455
0.16749951843276398
0.44791281084755313
0.14006557077848097
0.08960459262046283
0.03801084676688089
0.036801199256551786
0.13508598155327892
0.21331199919293445
0.1509500518178028
0.4107560715233401
0.34066394603488814
0.22122571035071947
0.09246824718381355
0.27847601230129143
0.4106770039446074
0.24146358577104526
0.2640857129716959
0.183673985399176
0.15376612561629674
0.2403508503527454
0.42791094231359456
0.25875930568765193
0.24303096575535305
0.4795194193235482
0.4640476195900846
0.2226543017150578
0.12536655019832824
0.05822591766065036
0.08088962539299312
0.10246916894700606
0.10011983476816107
0.1326066140104657
0.39177853463934526
0.09746967438998211
0.2696380922690753
0.10954288704115175
0.2598851190167257
0.250023356674484
0.2834086922610569
0.21556362585108188
0.10261201630148607
0.09744480602301125
0.06009112045126477
0.07412376408679411
0.23073384686065432
0.09316612074746504
0.2040336379823057
0.4479773330041133
0.11632230905021727
0.11069858745896045
0.09030815448057702
0.08547214337175661
0.1476191694964538
0.039499643702670464
0.0509215076944321
0.14943331459563983
0.2417929553498584
0.24287941241439953
0.25744340467901755
0.3977099210322243
0.18974890253430302
0.24003525242516055
0.3667944977472145
0.288865694924301
0.32680472298226154
0.057847034137502557
0.16956422744272062
0.5393199545448903
0.5050454571128598
0.30140128044594544
0.6904307924548932
0.6506024898871358
0.12282784796649754
0.11361126259644815
0.09841978629429572
0.15154065477969716
0.04056971650026934
0.1310589242169158
0.08903177787311749
0.18610069715705138
0.3724082958373318
0.19926895924606586
0.10803638066138745
0.18395025354097544
0.706447898693054
0.2811570656029095
0.2510563723834622
0.293952819810017
0.2956398914495154
0.2073385079696677
0.24802878560056946
0.23633299283604706
0.21745973251057507
0.25041048961385126
0.2946966275524519
0.13362830636577253
0.47495894545538164
0.17063572860857631
0.10156446903529917
0.10349353912409599
0.09723471963211269
0.08506298998079552
0.04036035443117391
0.05880747896369319
0.238890385116227
0.21195528430340158
0.24479706199303067
0.30648906177793667
0.27202897871479853
0.32099772889175726
0.4810778115131762
0.09779298034706739
0.2142166298210661
0.1317329288471875
0.08665934015812958
0.08781478133538359
0.15448435932833113
0.21779451384264173
0.10364178449917594
0.14018540857345047
0.1287892128727995
0.41629080203472296
0.3481422001570358
0.1593089389187023
0.09617912377140214
0.05162143355811975
0.19072462861172676
0.2678928168877395
0.1549791214282142
0.18103521391102137
0.15571790111867737
0.3103001805856143
0.23355293862836818
0.14545296944706024
0.10281615561459408
0.11707924282349513
0.1559178874149494
0.27826188494860926
0.25013794572027104
0.10210422871432197
0.12594150527171072
0.28227695359867294
0.8270231532844448
0.1386860870592352
0.3008281027507388
0.3403968149604492
0.3014507415615538
0.07432824011444074
0.1468284937091133
0.06056534748952284
0.08982522317319422
0.09093089664135788
0.1817970664682471
0.23798628758885856
0.26318587661296
0.1806634126497931
0.08665263415338502
0.7217910332582008
0.2912075783518075
0.4975206114509655
0.13505026971465892
0.05641144639515671
0.10377379891496669
0.305635725596434
0.16723376830300263
0.1386671311158586
0.23089259929719816
0.16001494827166954
0.12964629284281692
0.08346662762598785
0.06557705973627713
0.06671055892404398
0.12634999081699677
0.11886047724099394
0.1575012894604536
0.042157378857576304
0.10337833722889739
0.08267475484057188
0.1940847265337184
0.14813270659578812
0.08479811651789786
0.11951561991495599
0.14530284248453174
0.07279263105378045
0.14652465215189278
0.12694070636136567
0.1830335888804648
0.10780947088226968
0.2905330885920577
0.28481482133622216
0.19129396217192682
0.1410261836774497
0.23816855748637938
0.15113485812564637
0.08185129069274662
0.13377874725229896
0.09186426647103259
0.13777750857460214
0.07794703976126814
0.14213187953231135
0.1447774400499376
0.23902202042899354
0.20537205255630903
0.11353267765852079
0.06543262532795745
0.22149811125879632
0.10196102502748565
0.15405955322107487
0.2323321733521055
0.16409685290462792
0.14139389868407637
0.230379572064162
0.13041439807945104
0.10785461457841837
0.4210634289073537
0.48898963203177775
0.358266111756021
0.2652446707156087
0.2026603966004167
0.08587218179357399
0.04522918566024877
0.15649580468931332
0.13252504967040907
0.0756830648708874
0.15719400388686042
0.16830051653573208
0.21617347226544115
0.1897142448970962
0.22531409606323555
0.10894797776599308
0.22340873822244128
0.5600909881747159
0.43034901753363536
0.24565506036878995
0.1478089192589666
0.17431350120643482
0.26055753804324744
0.32357356410909305
0.5536786268429931
0.5431575286116316
0.12499268894868402
0.17926510400407988
0.05453300338632833
0.10399996893984965
0.14343550623668885
0.05025024056039501
0.11425402015284368
0.11668618109033893
0.1065001583036315
0.30594234913039625
0.2874519401411425
0.22475086455252394
0.08137787313478631
0.2434947620826338
0.0792147558681184
0.22722071355801124
0.2971213827976953
0.15477990322738056
0.22823397727713918
0.1881002989842583
0.17050748050977843
0.2656796628866267
0.3818808358228641
0.372321321500723
0.2863378175962491
0.17435825392625534
0.13202135222261172
0.28665661758903815
0.13037233881036117
0.183869058782667
0.26676655385449494
0.0983186993710525
0.27299788163377925
0.4422289212384254
0.47996625213996
0.46862979268565963
0.32457775884951723
0.44531651018799
0.20726074172521303
0.2602141202246649
0.34586456803042726
0.2625677222697375
0.12160679471147258
0.36155750551986693
0.32757612676061715
0.42133031154283607
0.3716478364515295
0.3609750545583713
0.2726898456653854
0.13101500731962748
0.15470499612548722
0.14354416212356783
0.18432082463595675
0.0946308691901671
0.06981192733019588
0.23393979772944018
0.3397240752203479
0.22518233977302327
0.34056114143995037
0.23143504005054547
0.3503527113286433
0.09599895242492537
0.27960181609830975
0.08127247679119454
0.15306377942814414
0.18996799537893228
0.28733961820337706
0.10066361714438701
0.23464865388812484
0.23491918382243807
0.1554955202871384
0.33436097695051065
0.11266038620111625
0.16139274171192367
0.05379674677667597
0.11212508224244168
0.059061987605204376
0.07044409601271809
0.03862730174810623
0.09501564621592225
0.3221431332482758
0.07969716096899257
0.2719247178470013
0.30537356336836863
0.2606582717367172
0.45524787801188576
0.185276260054156
0.3715508385574238
0.20740220750417215
0.35587551865354555
0.3417384877010517
0.2787357163441982
0.2644810508653662
0.16440665805378837
0.16770279415955164
0.28946365974181465
0.21113443920117364
0.14505387321905136
0.05327231166702966
0.13909719947372612
0.13080254188860566
0.20958644587369765
0.24267186346129616
0.22220373727504317
0.10964793155151388
0.299510830669325
0.1356579882232446
0.2889827673529045
0.2282679686675994
0.2065872814915158
0.12050084188528476
0.13185102693272457
0.17214364650915337
0.13475452397797658
0.19076809074082532
0.30444962639408485
0.23592597946433616
0.3992367374894893
0.49897120802356415
0.1520759181529123
0.09071772948786386
0.17757586750354043
0.16045287980734482
0.13071502741277782
0.07803372057961624
0.07700260324973653
0.10831504590854966
0.05657427433113053
0.25004905396686394
0.18285064636240891
0.25342548806891046
0.19719695051462885
0.139889102038541
0.10134729494104411
0.1372598093650125
0.11343519820079612
0.17228825406147427
0.28986174363899314
0.1829742926410499
0.10384313062590624
0.16754092294036615
0.1872164087707022
0.4149510917633664
0.3474022920189379
0.22827459615307344
0.07473186685902981
0.08906246437743956
0.13090086507164853
0.14366084883608088
0.1330414284504639
0.04869994351680853
0.12199931234980144
0.10460833938483316
0.46886928674487655
0.37935600318393015
0.08698376062030501
0.1586223931262263
0.1537213263672045
0.08391997754623558
0.20225510050461765
0.1559718039213035
0.232865599118953
0.19763136554682376
0.37617411734895895
0.2322697983845238
0.5371536686297286
0.8690712916552075
0.3168078186209617
0.2523040628540122
0.12141727532147134
0.13623651726149066
0.15696526821545873
0.1341329941417274
0.1405153446766939
0.09206838328388452
0.13072297914082673
0.18493586121052202
0.14739955486066136
0.174563569908624
0.15862722557158737
0.24455641405863296
0.17660694592214052
0.28102172220779886
0.20258828022463454
0.17454814293630463
0.139116500181525
0.12423341772488318
0.09941158884434792
0.31854409164455194
0.23618889367433116
0.35556891461094803
0.19067373118150924
0.2310898691777109
0.16654311679780986
0.08119470069763576
0.1780648218871489
0.12888843257010751
0.24953379481157634
0.21375973219123992
0.2144391073485297
0.24858259314009606
0.11907478921662738
0.14356341016577798
0.1937300390861325
0.3454273494123533
0.23806896918109977
0.16572911533397666
0.15476885900735085
0.1929525209130756
0.10568829872458364
0.1997691431367168
0.3606426219966734
0.31926465529929215
0.21865644550257726
0.26991857080675463
0.24888800772158712
0.2185736951730266
0.10042669981138183
0.10329364074575806
0.08040273285774956
0.11711489762086086
0.13273098688244525
0.0534047744584252
0.13815359014396286
0.08108563858000728
0.12716172288781213
0.31149963112733164
0.27297260638387555
0.16946967106714575
0.2166774043284189
0.06884290080900068
0.16968969535798023
0.16217946412032727
0.09224658708937739
0.1431839201782722
0.10774595250495467
0.16083926866078538
0.14228072664058958
0.08383787744665767
0.1489727496489065
0.38582051407807194
0.14352718455415786
0.11703035348909005
0.04037431190244698
0.0637345030560243
0.1642708015778423
0.09788650629631336
0.14751055433011742
0.18301064487006574
0.1940847265337184
0.2657913109025029
0.5148759127186356
0.420755435150962
0.1910009859684219
0.20543854649072452
0.17433811934039167
0.15682267071843883
0.19907564438722758
0.7553955675206181
0.6392008357035949
1.0
0.7891838253682915
0.9175396211524153
0.35533798094277724
0.26196949669726716
0.15104758487440734
0.25271650717995314
0.1906416739453747
0.1373957544516645
0.28912364804226287
0.26716365420656957
0.24416918075699343
0.317699638532786
0.5654359594811776
0.2800932368152679
0.2942540522919537
0.18203688448452254
0.16901308273817747
0.1519943467452314
0.0946022771747266
0.09523752162645469
0.1156810228956545
0.08439223421175392
0.082163243182794
0.204087014348748
0.3571955961003083
0.4275233760283004
0.33432444489133406
0.1994091415556796
0.0876283817421212
0.12750868579615865
0.12597871733608978
0.04882788700347781
0.09658966837205216
0.1272376927386019
0.15478220137455986
0.22147230239617097
0.07612637456830934
0.11098674515321416
0.2801477481104374
0.22217559390268823
0.2389779895667016
0.19614743586078812
0.34699958560041205
0.15237552493482867
0.05250800692913301
0.14940559369583462
0.06174087417624131
0.3513896536807915
0.32119622509129325
0.11628548524503081
0.23694471553953794
0.13098838083773917
0.1331211311828147
0.09682015127463126
0.0969768013114191
0.1245877968577377
0.15106735248839726
0.09504234630707423
0.17545095721083526
0.31388686730725507
0.32931646542727966
0.093251408039424
0.1934696864486296
0.08721674861733658
0.13794837072775382
0.23776414692786443
0.16876747896505853
0.1616733441195416
0.4544665306273303
0.35732716120150715
0.10170731638977919
0.16238982510811975
0.6422659420566121
0.23685889802733318
0.42937959129743164
0.24634559375049814
0.18351585024170883
0.054101065737767504
0.05207890580516718
0.04545483144582939
0.08107880060615091
0.04773455175375737
0.04654816669555
0.27768550174509066
0.20540745223473564
0.13664497118325827
0.30159946552556616
0.12323700135745845
0.302073492190439
0.10784975263242035
0.21517521151371455
0.1490111378446598
0.08865344311502982
0.13533644525070718
0.08539481944882911
0.3100239762161731
0.14114143946599178
0.1923955726054049
0.25557234030041065
0.20346224856438558
0.28517588844929365
0.0449430574991516
0.06643292631034678
0.11162333085080181
0.09923129557879216
0.0998594625599251
0.1334385061618025
0.35604130703938464
0.24028051103374845
0.31354994308365913
0.3300280736358859
0.1648405529199843
0.1775004526997433
0.13737153922495934
0.12418196682797016
0.140464734833639
0.04978164754046819
0.10873064465171395
0.11422034765238838
0.061891354002703396
0.18635782561559353
0.18895592812823137
0.32144144396134056
0.18372853294206584
0.06835563575445873
0.06490801882018914
0.18624945870553802
0.04785086401436587
0.12080133884916666
0.1189620787186211
0.10790831768297113
0.1519255460918568
0.2068019176281311
0.09572499048085348
0.3917798526271711
0.22408544973689928
0.16066247236579917
0.14064032851669195
0.1731579974275493
0.12233400883995389
0.046548166695549835
0.051780554339701385
0.19695416903905547
0.24062180467748165
0.1266353206025918
0.21556362585108188
0.1584653319031766
0.33694490732271815
0.23158081928393562
0.14156172828970687
0.05837743674277478
0.1512399349793522
0.059603992767466946
0.07051039633837712
0.09385071189337771
0.07184733545275472
0.07233365529400038
0.14382392571721983
0.14187376583321817
0.14917522596939523
0.14055669039714105
0.32266379866797995
0.14766345879783124
0.23158703752698698
0.13927230085270229
0.6486840638833601
0.22408720128847223
0.5594031195433375
0.23440397768156676
0.3519647986683422
0.2948453891009386
0.09496450204205209
0.10241109375754273
0.10774734058051029
0.04778107665800083
0.07674262695032585
0.14785637223265582
0.1330414284504639
0.22368218023859995
0.10404770732138668
0.15198958516674868
0.1717625683258034
0.12895413340681092
0.06785657283904008
0.08976825397684725
0.0924545158467227
0.10661174222692682
0.1388991822556652
0.14299020183450697
0.3090751652713653
0.2540237303812754
0.2932090120675836
0.32125663747784566
0.32624885209897114
0.19829914413297295
0.12741984019618402
0.14221604035342952
0.10795957292486856
0.07584757255392899
0.09894725897931317
0.1396904689549051
0.09108899637343063
0.0773061797184276
0.25770149330526126
0.23452469244601057
0.2969490950062473
0.1762194126666075
0.07443984678948513
0.10654462333405916
0.13037201885543803
0.1735000789929519
0.11568887763524897
0.03514956515590993
0.1499410976158914
0.10484850441188033
0.15501795296188386
0.0844901752334502
0.2940274674491926
0.19660255925615486
0.12678229172252772
0.03833652109658482
0.16121879303870867
0.03433537933164995
0.11833981182128993
0.08809072507390711
0.09130938632119781
0.04554788125431616
0.21168488973611135
0.2877269190131744
0.26412612933840474
0.22478912634087655
0.1081354473413804
0.23369925106451128
0.07833383476614252
0.20912471267670962
0.160290568494582
0.11070669972202088
0.10707706711625008
0.17438255934022362
0.13213072805133613
0.22064594843976928
0.5675368891119374
0.3138124865330126
0.1267571016112202
0.1193376919576966
0.15259490026713654
0.11238627724827477
0.06493264314551339
0.13644918066900688
0.09160565298674357
0.14187376583321817
0.2683476491378516
0.16857573269552706
0.07667304219316964
0.20450979583057136
0.20908435639826864
0.2870153108045665
0.3015396587828469
0.2157629763317891
0.13285976856441392
0.10237165848357693
0.0348936781825712
0.1413915549948429
0.08476496635506833
0.17573138141775746
0.3926718385143275
0.1769342108377567
0.23582826577441057
0.16564598424010907
0.08451801806734939
0.08653594218825521
0.09975125404354886
0.08174884751401128
0.1586343430713581
0.1553693529992663
0.22039115878699375
0.05536463604967956
0.2137196653181124
0.13158373053306327
0.08751334488188846
0.11279128979095249
0.07737248004408662
0.05820265520852863
0.07557063131049988
0.16631865186705388
0.18793058025628132
0.045664193514924824
0.16782212921556952
0.10989278977984021
0.10400679198229065
0.1703115645931227
0.17144768463109572
0.12636501594066535
0.12912502408658666
0.03396318009770256
0.09333068320989157
0.05685252925261714
0.080999306360206
0.05635527681017444
0.08637228083187079
0.10608796859383346
0.15228415664176212
0.1378838485711927
0.11109999957965346
0.10828306539329445
0.04573398087128985
0.086654270700093
0.09771880611187246
0.042785465064862596
0.09658293296791201
0.110913587128629
0.08854079380396421
0.17915040234625917
0.1071081761021609
0.12411334599737063
0.1718939692765557
0.14050308741039008
0.13900080341444335
0.10257108768168377
0.04641022796132017
0.042500500026371665
0.09967023748619012
0.0350099904431797
0.10012775773069327
0.034847153278327735
0.08821545214858514
0.13446417427345142
0.07775657662196139
0.03842957090507175
0.15524373274596914
0.10796197671712478
0.120973395463082
0.09061283852516382
0.06153667000053709
0.06868356371666
0.05413421590059702
0.12153818511375723
0.05618952599602687
0.057621093905485816
0.0748199175062139
0.1436124149243115
0.08228074692226059
0.08188810635684328
0.08923414252408024
0.04433823374398706
0.07496167071263578
0.08794369939285718
0.11407517280012573
0.12057805756941184
0.07661455971012907
0.073197541642926
0.06374776312115615
0.07405746376113509
0.14103921426949326
0.09555615404649097
0.23019713966076114
0.16393522643250996
0.11417358369195456
0.08830426825402671
0.24382665119414224
0.46629307373203427
0.6709659060794725
0.30396005414494026
0.7659732131587954
0.14482573318067588
0.1193067618864546
0.06633347582185822
0.08333248004060378
0.04661795405191503
0.07785180819161469
0.15459167739663845
0.1903285941429636
0.23615109301383522
0.15496729063571393
0.1721310621484325
0.34609374255465886
0.23956122576028765
0.18421146424944862
0.1856947665830097
0.0778365823236998
0.07064299698969517
0.10532317632869057
0.09083535965632475
0.1704063537916874
0.18095967931533968
0.11808166863134963
0.18713266917260812
0.31726868614271686
0.18483622399491223
0.12994762331417037
0.0640325056853992
0.0858007956116713
0.15463762965208172
0.12176132743648756
0.1022474324011583
0.07788268970349875
0.2993953734862762
0.10035421845307463
0.06120351153222983
0.1397549911114662
0.21830757240445356
0.19853842636846963
0.2125961019433443
0.23562138462744078
0.45859195665743613
0.1927061533762792
0.2599304267462228
0.6287963709542846
0.30021752333218943
0.7869122214198725
0.6251873450500587
0.21717559459446817
0.05045625865199794
0.06763305552585612
0.09137469108239069
0.054333116877574104
0.06281955856192978
0.11820603020739073
0.19353877458139299
0.24870962330212407
0.27920170561030694
0.1504685890831658
0.36987172242104405
0.10448931323862931
0.20389071922857943
0.24737499268076313
0.14037114613557278
0.12922924001959782
0.12899450617861624
0.12436465453500736
0.1012352636444554
0.135514523616719
0.08895561691343472
0.23333248880162508
0.10382630998203904
0.16051727939268334
0.34676316952284975
0.10461187926420645
0.05864263804541089
0.04971186018410299
0.11586357543046145
0.1060839105217474
0.16952088880578364
0.34497803094100804
0.20508482853521356
0.1864702392944897
0.20232635183022285
0.10247110159615065
0.14808509081096138
0.21427111398634613
0.09353246517368859
0.04289631070139155
0.17086503764426178
0.24252389241574526
0.12887599951239795
0.19124079772357538
0.10188954029310783
0.24576489434144722
0.12117411310200883
0.19751081167763404
0.17888576205543896
0.08395827582520089
0.03696403642140375
0.12967082912382652
0.15070280506708134
0.09255370631649
0.1378147897334327
0.24253883437445528
0.16132227899277715
0.2809050437943088
0.3544202059904356
0.5029627954340431
0.3179305952877128
0.07462594640645882
0.13162519938476056
0.06742847883037567
0.06182505367704437
0.13322887016685844
0.11509736534407386
0.16814473999837504
0.12961016629821118
0.1250092640300988
0.11108514564591625
0.052224205013248134
0.11361126259644815
0.1383482400927714
0.11466935598632987
0.10680220536623358
0.14853840616412078
0.1683236921128724
0.06325060731894065
0.16403637872789817
0.23163454205455467
0.15075157476125517
0.08916497898253015
0.2425793315560362
0.30648906177793667
0.05455045022541958
0.112936852906037
0.17865563229476455
0.28256525028449275
0.28828499551525005
0.07027586785969829
0.29908509323281435
0.13509759948885858
0.25273003188133103
0.2586667737655556
0.20397831136707317
0.03831325864446309
0.14096966830584956
0.10696169208406349
0.12176407125042249
0.1489846908095813
0.0640325056853992
0.040290567074808874
0.2823494190280437
0.23459696196376423
0.16878996156398768
0.08845896312577199
0.06585600195657255
0.09868779789979741
0.05642157713583346
0.18415994127155366
0.17903452360392563
0.2708947797945555
0.28251481481891705
0.17372581718204855
0.15459194608176846
0.268180585652007
0.06425089276017433
0.24811061627876052
0.14241881241658685
0.051665906162327045
0.10250826627882689
0.1464557444853048
0.08662837300557512
0.09575338630438404
0.04436149619610878
0.08562106634271953
0.3145308282040138
0.19134811579188302
0.10833473212685307
0.23137645342830926
0.2919175006860775
0.05396888892237676
0.2370789926520175
0.2534152978473515
0.1530706659798594
0.15746409907333186
0.18936685106802767
0.20424960607244622
0.14464592729281822
0.23997402872285528
0.22230499193472314
0.21630481246258182
0.15262934874750908
0.07133915040911495
0.08016659702553897
0.10411030757467044
0.06679757810147141
0.0347075785655975
0.05850893490742551
0.11982062326507939
0.31634938251489664
0.33389529557873737
0.11383765915655235
0.26454084190074384
0.23293386726095303
0.24260330866995053
0.30778764381929513
0.2061287325146789
0.2816387154506524
0.19612853259128196
0.11165901541855451
0.1743918609993311
0.3104653516920584
0.19865305429689029
0.32528401891184366
0.22234335150974818
0.36442084949316766
0.1068708657190178
0.1268192200850405
0.09018357299212408
0.14340613274132433
0.056255826321685895
0.12241738620350086
0.12135082620753611
0.2225776736693005
0.38134293223427723
0.6637723234722703
0.24198341848916566
0.512929819182663
0.06699586211053662
0.28512331954213377
0.24821673629077112
0.21781525250922934
0.09234719777841538
0.2261191699234416
0.18646966591601788
0.1511315923397561
0.31641665577591493
0.22665576026497822
0.197465245685398
0.09327932247545759
0.14517485226260352
0.07638893809242202
0.11617180894263178
0.04800143577713683
0.11216620755908566
0.11144981393711141
0.07029255256710282
0.28228443495506217
0.3012035685410131
0.42455579017241424
0.36574222280239893
0.3662290445479045
0.16634751707850273
0.1358527203908104
0.35083898533926844
0.09158427400318837
0.27899380497044357
0.38194643233138975
0.19671306623033824
0.31090223882370255
0.4166067165374265
0.3792805852316598
0.2868075540667608
0.09848913376648719
0.09943019028669596
0.10452779853129181
0.08145441384522639
0.10710677989152077
0.1523632242204962
0.11227596180233766
0.08204665300304805
0.15192707480691475
0.32962744680581313
0.2409827223839992
0.28002615947542187
0.27967171115528044
0.16594101012096407
0.2607985568201962
0.16705732952938315
0.18936797625568852
0.32547510985267714
0.14708515932960117
0.23416125958845338
0.2834572697615352
0.4348716830372233
0.5305580626783536
0.39597247481582193
0.20992442153887797
0.1153072077213115
0.04436149619610878
0.12184879337146298
0.2151488525193183
0.1935664696834706
0.16650186603670758
0.28725264101027176
0.2455069865663391
0.14575191735445422
0.16214748883785127
0.19324314655088828
0.2379636121829273
0.2651292877531377
0.2885430841414939
0.5333401461345245
0.20105797631824332
0.10496018397317405
0.15101983917416784
0.28562703879982915
0.4760369551579234
0.532701592748435
0.2959698176329424
0.45235487462911333
0.2877373763623015
0.059312892900120165
0.08473566726802668
0.09225743965094424
0.07028089840417326
0.0917080015761773
0.06071836321861495
0.3977883806538392
0.4081026402493179
0.3808718244225409
0.2711718945879184
0.30964182933699247
0.33722837770846853
0.23514045378529616
0.35295767146875645
0.13901641387936337
0.11984815333107106
0.10547195791985169
0.26293603695050977
0.27220290170157707
0.3559001481376666
0.41874879608190996
0.16681161935811653
0.16018158679221348
0.2153323414347169
0.1743440111085603
0.07970882379985504
0.1626420094559215
0.03754559772444657
0.13512649205647534
0.04864178738650412
0.047152990450714555
0.31223786842072626
0.21660420517654805
0.3317824847302897
0.5845585047790814
0.12461695601602243
0.41597453171978704
0.32061059595239
0.3582551992439378
0.31744684605293705
0.07929518948819841
0.3305481607377832
0.20197260455430308
0.10908029403020725
0.23403158242311137
0.18070153758368343
0.5215297493297323
0.17540405870498826
0.09574189348487804
0.05393531492361994
0.15791038371879235
0.13243819437951795
0.0707835366362561
0.15323296758657057
0.15399941275067694
0.44583836081509204
0.14511117633525256
0.2771714834760795
0.31421656407123205
0.35809796891442147
0.07457942150221536
0.2649216523310028
0.1336242080605286
0.09758308374420262
0.11401065064356461
0.12017542517637302
0.1715964461795824
0.09921969730804672
0.2349394657777741
0.3308187494232266
0.21978557955968075
0.08566002075146521
0.1808940429600114
0.09036181351473069
0.09789805360364519
0.09642528437409215
0.06374609831172653
0.09461256445060456
0.08424468362121572
0.17401293717572047
0.30231630395931297
0.16399385551760787
0.28963029223751874
0.2883742617417611
0.35844234814631826
0.3738791005487165
0.15356090606602915
0.046338804626454407
0.05413172608722872
0.11010833808327047
0.18161822835209163
0.051991580492030974
0.16601788811132495
0.1641909860454508
0.15998903701763034
0.2087494925435302
0.24178760789630496
0.17518628241856693
0.14001562613691787
0.0738521870684637
0.14528151805176115
0.11815859223070471
0.09923129557879216
0.08928129124313866
0.11452203412998874
0.22061337640599937
0.09557823212849378
0.1675055035961949
0.2689608796642272
0.15182063438840263
0.221952230342381
0.20926380460399668
0.10547093293428433
0.12304016531429786
0.15585250452560875
0.26748561885726
0.3673417799662044
0.3332762611282619
0.5163092340910833
0.28557506493968077
0.13260996074229173
0.08219891624406837
0.07622527673603759
0.06926966908970024
0.16343268524326166
0.06595552662291598
0.17434853482658985
0.07520750770950164
0.20934202587462172
0.12241869457553646
0.09698116289542605
0.11787709193586918
0.18846956147451935
0.10388389012144818
0.1434733229970241
0.06223223076517083
0.14615822138833115
0.04892964033636321
0.12272827750165206
0.15465618400378342
0.08612274981659311
0.24647463806362005
0.6939726236911594
0.26022026407778187
0.1764678575214869
0.1325914733936458
0.13076706623242207
0.12073179288552296
0.09918367979396543
0.05715088071808277
0.09529182475482094
0.15932117114909178
0.150444212764128
0.2769940032825171
0.3360245935218506
0.29255138197509517
0.29278724405215256
0.23958047383807332
0.17472599996761384
0.0707835366362561
0.12263381461649686
0.15255496797326573
0.3133296667979469
0.2111788792010056
0.10481914627008365
0.15982138180198624
0.08590823568549023
0.3346437357618759
0.17446930697173357
0.061482660957690456
0.1467419832882795
0.18501813423765576
0.11222581290872735
0.11686937638662907
0.09893328993437404
0.2693154814862698
0.12645468973363783
0.5044168743080049
0.10356110867940294
0.0786270881713937
0.16309880112121086
0.061138667717451536
0.05749315041881636
0.061079147986418246
0.06961134165991838
0.10837064292331329
0.11298757001094409
0.16699072628629294
0.13158373053306327
0.1672425714748999
0.393068977770569
0.44378339282763823
0.3845056353836398
0.1320012240179558
0.06444391654057595
0.10442141612489969
0.08089921842052199
0.045524618802194425
0.17987874161994158
0.10100854614153038
0.22626631524850097
0.2153143034410016
0.13837147070631955
0.09956460607257878
0.1484745475031235
0.11397178854233259
0.22849773847580263
0.4406436162848077
0.18174314867838082
0.15727856348541513
0.30405059401073736
0.39671465425640334
0.33067049771309875
0.2624897523050481
0.17474064472133097
0.2294089029602845
0.12269143286913062
0.17456036874577263
0.063349961167202
0.08674051888373566
0.11278472966890267
0.14277786336058662
0.14349727619201336
0.061366348697081796
0.22845849056966697
0.19263593261156994
0.5761654462349534
0.5487069715937501
0.13201441579072748
0.4165181519983159
0.17798172506804294
0.09009557668961611
0.12325480145091235
0.15911163807981343
0.16926923286365214
0.31027092036346476
0.4166408980156041
0.28318526597112653
0.17878536807796094
0.20936106504039784
0.12858862539160104
0.19873382758142483
0.05121648360030551
0.09024236340856835
0.14414994048375865
0.09308698631447236
0.12903877688029106
0.21384248965660033
0.44504802927029496
0.33292834551357314
0.25613778409987337
0.19943798593053663
0.2825084588167274
0.05318943625995588
0.036661624543821394
0.08443599968053665
0.10562277029061423
0.0544583163369115
0.04571407454190037
0.22178522582754365
0.15236906139722733
0.2901594003236028
0.061924647548002885
0.06694933720629316
0.07621222434505363
0.1309845434426723
0.10717130204808187
0.09956460607257878
0.05144905271140624
0.15331203516530464
0.12935002617727115
0.1753689355166459
0.26002429094146334
0.2335556311243559
0.19691780483712776
0.1883304695472323
0.10474326808602041
0.10967398466616912
0.03866219542628891
0.18255891902547444
0.276473337862813
0.11551773253043333
0.09733748795470393
0.20842213754293104
0.28685717564709934
0.11808087999873026
0.22984940984254265
0.14418565497466257
0.0757658065604229
0.12511318859507808
0.12116628124254024
0.11343068072122398
0.13276324459588895
0.06094657436206226
0.22670651512517737
0.14030381217791996
0.12035502715987685
0.25612212527607636
0.14091275863352373
0.16300591938326758
0.13439076011085133
0.13859354614229838
0.109362387174568
0.18669574335099806
0.16140607938932047
0.4645079351501927
0.11877703341815005
0.08231185430568416
0.17544911933618806
0.1713310126851037
0.46646216464943746
0.14812657169152976
0.2589194751413648
0.12567631952450406
0.08333950935339925
0.06719538005542558
0.12529384474875072
0.06973136751188355
0.14077110613405952
0.13908570747871968
0.13632399195877243
0.10196990086358627
0.3624387895293215
0.21939827706807216
0.41927303860396853
0.4272861372024265
0.07274241473622878
0.21310091820741361
0.12894265907119834
0.0873175288929409
0.24763965659501436
0.0637391188134967
0.28122699799923007
0.34080603095603224
0.2232331964939492
0.2737503989642663
0.18614642167893872
0.12572311702197986
0.05752804409699905
0.14085186777300596
0.14549015594269224
0.11527781506538175
0.09062747609786541
0.07143860089760351
0.2534152978473515
0.12401158491054391
0.11543896162579646
0.06595552662291598
0.057621093905485816
0.300369016977289
0.17226535194553017
0.20029237529395505
0.10249292443573493
0.055085486624218936
0.12608249049969045
0.21925517695440755
0.5240288360555381
0.7720297424090954
0.304886793623801
0.23673446024327163
0.1795006395531398
0.13284597283071098
0.1106852262478894
0.16454574998107543
0.11856330421842236
0.05389910156601157
0.04778107665800083
0.09754216840510659
0.1209866577071728
0.10898149836604405
0.17533061266997105
0.09865990616087206
0.16336346859913284
0.22991895580618535
0.14064032851669178
0.19785826656642386
0.17014492685177154
0.12534750378290438
0.1748747923067139
0.17398807775667283
0.2065354231522646
0.17337103467982837
0.2670135029411608
0.2747465020303231
0.19150677260876842
0.1623541327190669
0.11032297421988496
0.16649303696309942
0.06888603835973095
0.13651967948347823
0.08989099999413548
0.0668562873978064
0.24188627783961913
0.11655130622569512
0.09017740736780831
0.05585802436773173
0.0824853236177412
0.17089305174293942
0.12403911947349011
0.08420376785977737
0.20122430667753075
0.09644612649662669
0.46359339364913316
0.5187315195736496
0.3437067647568735
0.29370485666638707
0.6289375393148207
0.2180703148003954
0.05694648279395606
0.0830419287377224
0.07206845399136426
0.07918505016676165
0.09633157974580757
0.08608587345819813
0.17505561931716654
0.13860128521885356
0.17472043869780735
0.14868927027030412
0.08241886786723314
0.16966986599381073
0.24545655500330413
0.10208377104477387
0.1746788260057702
0.08390766480302271
0.10071800710638339
0.3028031257048202
0.2871235966971499
0.07164835253487936
0.18358560174985145
0.17932104565726104
0.22382736111065388
0.15592835729524385
0.05715584486305149
0.1446586750101142
0.040290567074808874
0.06742847883037567
0.1256246388245728
0.12532211229345425
0.151370579964002
0.1798650824830034
0.22936965246551316
0.17046450967949936
0.1573225530673364
0.14725302328870296
0.22289150445126096
0.22169909415300185
0.1345565109249989
0.272308741160035
0.426095181797745
0.19779597017001008
0.22338163522367485
0.3099449086374387
0.3411104801146928
0.1880277235690053
0.3737888319142603
0.2676007107259177
0.23143080295453602
0.07302980871342016
0.08935402632859595
0.09023191224655047
0.09302773298136321
0.04180262646272018
0.16189366841069727
0.1926918392709515
0.23049546579458852
0.13146098451577487
0.16725703075512383
0.3749382517768834
0.5585333761772625
0.5855074679166
0.1623363473761319
0.2052716483877987
0.1456090699999742
0.24248132403356745
0.13080056091887812
0.23501770776800796
0.4080769547384361
0.4289432968185729
0.2327314187160931
0.15435493274933187
0.1071034321706665
0.14339306612413938
0.0862321863211097
0.12218037287106424
0.18134032760547145
0.08174884751401128
0.3074627052689495
0.11774937837043513
0.3704713483301726
0.41087709298144903
0.45734961326021906
0.3554911012678692
0.13857442728905095
0.33798623816212486
0.36074675508061294
0.3578835289106571
0.2479878702614723
0.1328327024578642
0.31831187559737234
0.7354235404840687
0.30112490467092057
0.40998682762976074
0.4981755708086934
0.19598657034659694
0.17362912330607377
0.06769263249786829
0.18675762096980417
0.13234596881402658
0.0747523245285779
0.09025923804600054
0.181697295930826
0.08379135254241421
0.3983597946085841
0.19300395968979336
0.22559688828031016
0.17305038514549032
0.3087588949564277
0.2675476449536014
0.15446268208818162
0.16405892823556986
0.12192220640789062
0.08323239187702915
0.22471005876214378
0.21350610838626474
0.12736292559099427
0.10748459580545934
0.27547144430939763
0.3785237601247919
0.1394639517064229
0.08084871005389709
0.033381618794659736
0.09289839619684424
0.09903345222867782
0.03233480844918259
0.1518097511693579
0.13241551477767027
0.13622876038911913
0.21680794584637422
0.25960240723531325
0.20222423815889093
0.08288411690966731
0.12664078935061152
0.21307498586049878
0.08665452563635062
0.2531473076631939
0.12835141874447123
0.11238090620000084
0.14145174479353792
0.45781366546828434
0.2856221730947537
0.3628081586273158
0.12434171551305324
0.07727302955559807
0.11462077310911864
0.12452776216303323
0.10424939950195784
0.12381801844086043
0.06010463313217343
0.04955949343012397
0.06852138656860629
0.1999335612564642
0.227247035408396
0.1983801592494294
0.09316612074746504
0.21389094900023636
0.12846122618063405
0.1767160384705806
0.14421926361089
0.16817493056438573
0.16612836973967124
0.21466847626292018
0.17974108464917543
0.19279690971402982
0.16392834933937253
0.252034572244894
0.12182485287240932
0.1338614107967306
0.15544685979112374
0.06575094992743553
0.1076571517205008
0.11352938623712852
0.08787269300086731
0.07802555165626597
0.06276413017342013
0.09737427997055181
0.14729522074596635
0.4245928978017981
0.3137218419968858
0.13829727947675263
0.05194505558778767
0.1391589385719113
0.1566459105566542
0.12351534584039675
0.1335146606539986
0.12074116567259632
0.18830709262087358
0.0821372288260155
0.22869480356281544
0.08742029507340153
0.193794635477134
0.1256170661913949
0.05357342723630763
0.13640117281725994
0.09104138058860389
0.08689880730868312
0.10418333720076638
0.14087718641704786
0.1652740803688916
0.09242223834857743
0.07467049385038568
0.229902932463497
0.29367589392287535
0.18835922519730047
0.18379692943096745
0.11610289853947507
0.12417805415666883
0.21350610838626474
0.18510741263298033
0.1901139580063483
0.21072073343162365
0.3962719672246351
0.149586479735348
0.13561731613554334
0.4306532250372909
0.2376771416745268
0.07969299144215258
0.1256246388245728
0.13811828379645652
0.1412146956189965
0.13628266615104162
0.08532748640940281
0.16873485843232294
0.19376191690412378
0.1608234551450385
0.2734156872623116
0.3520879281026831
0.34021885414514796
0.36520338644967754
0.3415480245617444
0.15429174373139973
0.19719509258724635
0.14675745841020693
0.15528924484063575
0.09871605295984148
0.08707135829157588
0.27175526810889755
0.08195361882479882
0.2700821533733683
0.1408715125078783
0.050432996199876214
0.09776799963009505
0.1637864648840233
0.09924933295782369
0.047222777807079584
0.050421397663691324
0.07037438324529503
0.13895283536018127
0.13865811444992662
0.11397178854233259
0.1405292569902001
0.11459135005261505
0.10854839462195794
0.09095386632254306
0.08694642309350983
0.1364643611268473
0.12287101735269906
0.07496167071263578
0.18624945870553802
0.06762633217220942
0.1588581860656271
0.20930987588439404
0.20884283224979938
0.17108351488224507
0.060697948140840896
0.07939463997668696
0.128034119068115
0.14952382183402885
0.042081775888180795
0.07932789752124168
0.08551305871085262
0.12800931247293534
0.13033475625353733
0.1709576828134993
0.15887426171016306
0.22957122598796686
0.3415480245617444
0.5016387181020515
0.4998531468792844
0.45019147607440685
0.292790166571704
0.25683681346254816
0.2620299559246099
0.14920783313231162
0.24163547632153395
0.20429028810683633
0.0829085572366154
0.1576607519956769
0.036568574735334626
0.03331183143829454
0.07405676376394416
0.07920073441077352
0.056831406004485364
0.06020069569839819
0.3104983816885778
0.2216514783681746
0.2356217248249718
0.3002751856207094
0.2406961854517242
0.1311745771421022
0.16728236127346408
0.06890004064419972
0.08978383906406102
0.06872783540092511
0.03976970960141084
0.08594351253946132
0.0806659496669949
0.07090385122975083
0.23154459270635866
0.3619491351341667
0.14704894259878362
0.06302688336667792
0.09724721838206547
0.09066384903197353
0.05972533468863107
0.035801527180754876
0.08003469369183626
0.027054385158912727
0.14311257810732267
0.1268245265887557
0.10302512024013216
0.11737289240006023
0.040056125403383686
0.06857625117506277
0.10584896024727053
0.08295466787853434
0.027379906446752412
0.08975032019191809
0.07550953794549968
0.12288765366235924
0.08109290811501377
0.1698282841889395
0.42662049919535117
0.18723202645016102
0.09599342221297288
0.10334132540737925
0.08304192873832104
0.09140212101655097
0.050325867088205106
0.07763768134672272
0.10434999244765969
0.2162063155320767
0.22232814795278086
0.2027569103805804
0.13844600006208754
0.24684105323274413
0.12710698960994007
0.13623614302621762
0.12398496256604603
0.1804235458296537
0.14509078406042436
0.07922311863858987
0.17684088055250072
0.11705178232002791
0.2783282425862272
0.17491519469058497
0.22187744495470482
0.2481929145918938
0.2295330735377906
0.20590529226381452
0.10621311043520947
0.19687498718807625
0.24408160883153748
0.14322827873505944
0.246423503487948
0.10057759367254178
0.17764149234645754
0.24495327891583554
0.17379002593044035
0.17728597262322604
0.1461804594020851
0.2292511457894585
0.36647407469118437
0.23402186184463947
0.18684075692186294
0.15138675465515192
0.15834780978711488
0.12966070959544038
0.3526392506879842
0.21903261020267753
0.24307542471597396
0.3563575773543075
0.272411539592502
0.28875484104878146
0.28978749645238366
0.18109924026853652
0.27119230289152885
0.07222991383792217
0.20918083157127051
0.15842419298010596
0.22004342896877524
0.28337820218280085
0.13137915383758264
0.4378613871009524
0.4963044282684204
0.18980625806681595
0.21125561746288238
0.30231630395931297
0.3701931644755984
0.3301762568665657
0.3489816455642598
0.36037485120939705
0.10468103454771344
0.15570631481022898
0.3873390385345038
0.21005935091938682
0.5949044623949208
0.2653956789958757
0.25995976878490157
0.08130227016539081
0.23583036271590319
0.15028204049998176
0.10621312170576402
0.17829327932542866
0.07997631039445303
0.22708450376517847
0.4057471234978866
0.37749549065819027
0.5005082298840107
0.15855722881356732
0.35087148737957163
0.40221677302006503
0.2474116179594067
0.5673098774167408
0.34846885201490235
0.3929658663081821
0.33889748083591825
0.2981435461406893
0.14204844772446917
0.3096881761055492
0.2809587028284626
0.2798379674263728
0.2575079268355776
0.19499693011433014
0.11042319238511245
0.2209475264961437
0.14508579243477676
0.14483306140214833
0.6104807754055273
0.20455741161539856
0.24329093976464244
0.29491976987518276
0.20655541007399203
0.20293847493129108
0.2314729694455409
0.13213493283340114
0.23943171228958665
0.22192116998715647
0.276239038954851
0.17599421446189217
0.30011497802131165
0.5526817730767571
0.08169773185145993
0.4915631369895303
0.14713155938958192
0.10605255893709584
0.1566459105566542
0.1469814726463159
0.10696169208406349
0.1858268148560584
0.1117943036878685
0.10118937710163352
0.07104079894364934
0.13846454798024313
0.15070280506708134
0.13842262086701487
0.11166445007372607
0.09237594631716255
0.16851619675950835
0.13450099421061526
0.24082376290552343
0.2513644897156293
0.07922958568134612
0.18257486370776183
0.27894648904770064
0.16560892652538156
0.2040507032279749
0.18845522595364686
0.1519162029833734
0.06326377074384533
0.11169086171970562
0.04193495597933565
0.053504362806836264
0.051307835226511674
0.054710536765850325
0.04159326439362475
0.09250817488087638
0.07458866317219347
0.14430787456074884
0.08585445464582495
0.11801950030341715
0.1509420379005619
0.10101997222827525
0.04972524424427154
0.3478182788510439
0.145786317517114
0.10572784489319056
0.25550037236664774
0.22350849397641498
0.3098703054981101
0.1471803908992545
0.3176059060194267
0.12646931314605048
0.04979154456993057
0.20146419061433565
0.047305282357717034
0.14258794422464668
0.06401522774529311
0.09326474631379982
0.05718655757683751
0.06092293991409557
0.1469506211792108
0.07184733545275472
0.1479433599701733
0.08416285252068134
0.08839535448878524
0.0953268012230047
0.04505936975976027
0.09966976603810382
0.12543107235488934
0.17639976815564465
0.17035333268880162
0.20164627897392706
0.10365748665435802
0.07113657858820173
0.058947053676423576
0.0536038132953248
0.16058163005338272
0.0510844009202816
0.06085297300849148
0.030101613045498077
0.06963790714156512
0.08174957236298597
0.09282720625579503
0.11144981393711141
0.10407423853314643
0.13407704133408446
0.13641174054640323
0.08878628583854085
0.10294299155290093
0.08143832342681298
0.1949015815794106
0.04544887323926427
0.1741430929639114
0.2201241391955687
0.1666890914775184
0.27468059583248616
0.271145952189867
0.11780105754436024
0.15223067989387826
0.12514186468141686
0.17087443267265617
0.032102183927965426
0.10642127908762007
0.15805608988934705
0.05015384677441558
0.07174212866341748
0.0437334099888225
0.13884266825697522
0.11187029291007243
0.14570394611539614
0.11523019928055518
0.13673669357143556
0.17827471857847782
0.21726624156504526
0.2187142232102397
0.11513051550690338
0.26462538566545785
0.11091537171633283
0.6266263749830185
0.6552999264664235
0.6525915044473457
0.4009539570061587
0.30176924725335186
0.17584785432367409
0.425242479764186
0.42150926223116997
0.20044424623180213
0.2385788898740578
0.18522374008805229
0.2016528487409708
0.08427986403697027
0.17844311807793192
0.34870778911180256
0.07803680344880516
0.18302090442916408
0.19016801761383392
0.09099580665967184
0.2100671536986213
0.2675049341183915
0.10310414016140812
0.18955263105916395
0.4255812425359731
0.5148061566623329
0.3998447456580431
0.32410056628798867
0.25312551213860773
0.20409810589446203
0.2649443178550822
0.2616034656768909
0.19053392832509738
0.18477367135799488
0.1823495166738717
0.11411288073902784
0.274477254011163
0.08509646798336347
0.2091163094147104
0.0771615536877257
0.14353791636098845
0.0846055383666742
0.17562931015947028
0.09132869859531222
0.15491071090232064
0.24911364177185724
0.3371836895113156
0.23194102229821975
0.25001529140491296
0.10903111309447397
0.24566431907052919
0.1879650678074907
0.12572199253093333
0.18280740007689883
0.3348343528535612
0.09827897988225853
0.1373812900276069
0.029008277795777467
0.08007199629239596
0.08365141078197996
0.1266464942372494
0.10410596155042308
0.1191103095493465
0.21798684370791388
0.2030443067580989
0.08927312951423513
0.15709428463393935
0.1522970410376931
0.3416967773895389
0.14422864569926577
0.4409651421987978
0.28190898065554004
0.19614666862525387
0.4208087146931329
0.2846138299179297
0.36287333684167006
0.2404712810388397
0.43044154040483357
0.21878775962689717
0.14856079719652
0.17064662765158897
0.2594299132046097
0.16720883236736628
0.24918489131225585
0.14272704294806465
0.1526316731467042
0.059239340976342134
0.10238143716514611
0.21131577962557194
0.06604309355459918
0.16211164125354477
0.14400117893527184
0.06771488620404834
0.2160761491771519
0.17157664585286803
0.16183564700738
0.2685134973808022
0.11905722995893281
0.2139922282047193
0.12633527054327934
0.35107725442896803
0.18903466576190286
0.23673446024327163
0.29049428426886503
0.11646249259288854
0.18956609597667923
0.08207149273799326
0.09717309770120784
0.15442886471492304
0.06287961985017686
0.0494094483065208
0.062454906770805126
0.11132570492476772
0.09965983764223224
0.06212994241743052
0.21654633125785383
0.09165749965321404
0.20845967939936683
0.26860986099238415
0.21371566252474
0.33017879620784646
0.26059338151404593
0.1276405295781236
0.2820155445579942
0.14747659264856672
0.3046767995609859
0.20392873002730946
0.1315311307424699
0.08043955666293602
0.15666581274058863
0.062419532329289214
0.08574994606977784
0.08447040228252264
0.029536335458940452
0.05008638566326267
0.04664354274924889
0.06951589145349171
0.10850470358947278
0.22675461446039666
0.09624102429167689
0.25191280620763307
0.18194168710474895
0.1619473868606762
0.2373436697686784
0.1288212555064256
0.17188614234966978
0.31118503419264604
0.21034886962081212
0.21874196791610523
0.07563549139406443
0.2269910028208052
0.15743431044489709
0.03108793533614907
0.1106970696814384
0.1035826616715522
0.15203220028318498
0.06865136747739589
0.1283812157766722
0.056388426846546165
0.05189657984637587
0.12725172691079875
0.02991260561091668
0.09158598611620647
0.05745408631647657
0.08945145977053762
0.05520725883180272
0.029942319769489807
0.13761009807282107
0.09472098321836046
0.047013858724089676
0.18922539789058543
0.19932849466898994
0.1180146585827529
0.1846446162467068
0.11538128059942712
0.05531755063213969
0.09894726696233823
0.06290045529801433
0.057322391595414864
0.12458779685773755
0.048404210255515404
0.17321236850002047
0.07855796250625406
0.20673453890932686
0.04507049211968095
0.053605740236207816
0.15713368112567025
0.12617780263283976
0.12368491197413592
0.060596195917413685
0.17197692490470476
0.042365755566456234
0.1657092751144971
0.04904369068750439
0.0990269228548962
0.06998974742595701
0.05662772005980052
0.10178094493545801
0.11758840744428789
0.11371422517839504
0.08678243167165885
0.06743074621151524
0.09020197487249762
0.10597659245344007
0.10540499518035831
0.05015785386919674
0.16590785137228764
0.07427514938636967
0.13920595545997239
0.09753743756902357
0.10453877949722652
0.1660927865799219
0.10280522022047821
0.10017298475260011
0.3471698860982091
0.11334461420141882
0.2975312987761948
0.19287739826526054
0.3646517457283933
0.07221828261186139
0.18448663435596832
0.06813804850971283
0.1490509092812515
0.0984434876275393
0.14517639516831798
0.10234507391334206
0.1474373140653655
0.04137140321123392
0.1224704419766163
0.027938204998178593
0.18193224089200885
0.0933667194273345
0.03884829504326261
0.15814752132585203
0.15149348085442182
0.1355716261537318
0.14240070930000698
0.19041478206316967
0.07528401978582709
0.1133354892962019
0.16899311908106324
0.057621093905485816
0.17841178599164564
0.09474796749174152
0.11789410735284699
0.17731627836070485
0.16113483419522265
0.053134348452510284
0.05124863592739381
0.13212439492641725
0.0896870626008285
0.08875204249012145
0.0746139348234008
0.16445589185221413
0.1401333786746137
0.08317375853925152
0.08346729175604761
0.1473470461461478
0.055835700705144195
0.1804442760928465
0.11597394125419025
0.16809800269733483
0.12180600752876411
0.19959691565751803
0.08738382921859993
0.17118735192124446
0.13690728532289928
0.1482592461057282
0.19892180867804748
0.1593052045494969
0.18158217157591933
0.12316590161305364
0.1060839105217474
0.12827004724358038
0.09749032457907199
0.1743440111085603
0.0641552517026876
0.13284803966642506
0.10428586627210146
0.08682234956192789
0.0807568464012291
0.09676477696228063
0.13046150491116698
0.10144170628286232
0.06746058135806185
0.11746258601958647
0.157692150635468
0.2161492244798766
0.10185647961462621
0.2528581167914613
0.18250026597617697
0.2365701955722486
0.1701073912932993
0.13434211949171693
0.08348894066483185
0.07680426092542793
0.056918829578276174
0.07093809039827266
0.12756302782747483
0.04638571993325051
0.10246086361233961
0.08080545515765492
0.0782957120788886
0.06753997312941251
0.12613194428053498
0.07415831128234049
0.14299820068258307
0.09121930305797468
0.08566444546550823
0.2251212101715597
0.0822316485153453
0.055392550992225544
0.10762933333504322
0.04429752445277406
0.18980671923372952
0.12206528833409391
0.04760966146392886
0.1962845873505735
0.04140967275977054
0.14040887808921365
0.02777541326780351
0.0434930460055288
0.12384402543404098
0.06885237307283064
0.07106994400992878
0.027263593886648844
0.05480633719875847
0.1094112795860427
0.10070287835028037
0.04722568561359482
0.18919679688493274
0.1437268998302491
0.06388232828437097
0.13039954673104084
0.25853430414292367
0.13762412712509728
0.13347401778155163
0.07696175283976735
0.12518189830933033
0.16003806936323303
0.2047257282371146
0.07177010252589863
0.2360167225211111
0.11110715359831248
0.10220728213045928
0.066113050678436
0.0779196606849927
0.05386942897499629
0.07533799235142143
0.13116738206140152
0.10720412670194548
0.1584004251791009
0.13924488801512197
0.12913078884476734
0.1996759978925265
0.16047652043019056
0.0655378719139499
0.09144840895634192
0.12772985547717364
0.10894460778006333
0.1718498056918498
0.12392553937783289
0.18148019212832545
0.2107546311155858
0.05487845080033579
0.14313815655654394
0.08649911838306874
0.12302439591515818
0.08535005972478063
0.06920954324557306
0.04373922560185297
0.03468722391999101
0.08043955666293602
0.045482023402093785
0.22847295638305795
0.12792313742227907
0.16795350219961777
0.06537212109980232
0.18485999908018697
0.09661242741332496
0.09337455404511105
0.0998332308105807
0.0495548386322815
0.07663180815066799
0.09892476896397037
0.15400881820289844
0.17207949199627293
0.08685342661332769
0.17174578601686727
0.21793001388569913
0.24927042540640548
0.13539625311498552
0.11608653789412024
0.1559692231829657
0.3289029652013349
0.15402044774039528
0.31923103545885617
0.3484100646755628
0.3056643227183789
0.17706149431361376
0.4121013991689608
0.17452893841698072
0.23642517145908243
0.130902463764138
0.24619168088169588
0.4800448448150094
0.18029435475623237
0.12295141982438239
0.12718176127205072
0.05462023758178478
0.08001120407263572
0.2831737774663752
0.22244674932088082
0.08993191533323168
0.06362280655288804
0.10349353912409599
0.09980268499671226
0.10864055885994736
0.06452016191508379
0.08364370243869482
0.12948306378692997
0.08519981442915056
0.20577955182544624
0.08277582252532342
0.05858648566853697
0.1464334302530317
0.1892554308636937
0.14964623771229166
0.1439188955034793
0.18434548583044705
0.19576022300655074
0.12060941106713786
0.12431307477568587
0.10076629712587934
0.20826616788159116
0.20675479848457196
0.28917211683064764
0.14541516091450046
0.10263373287424732
0.21541665322669137
0.14582652604387122
0.06378091328398566
0.14208240372414926
0.049990445546907646
0.09818374831260525
0.062395892121555246
0.12309382434845154
0.10327031587856089
0.14848063237937287
0.10849285292285094
0.11096688262972859
0.06441076637774644
0.10502565323171674
0.1266889796367453
0.13276324459588895
0.11677237778027438
0.2051012992361013
0.24935353171196833
0.12421366012219046
0.2512315979073457
0.11410286045918845
0.2910150848672067
0.25447538547720283
0.09258840478283374
0.10626623244762615
0.15300125261872624
0.07547101895028095
0.08432651387706576
0.07170937194897352
0.0839173604861047
0.042105038340302534
0.14096367946666433
0.05602377518187931
0.08837713244757979
0.09524973297295618
0.09344040566072243
0.1197435795469505
0.17710643464058043
0.068080228075752
0.07438344717453957
0.08529778689450153
0.17263748646909116
0.21949766479234856
0.20353519922992516
0.1702264307553649
0.24076442720795838
0.16657105677143952
0.17900899825386815
0.10167871961529892
0.1621676039835173
0.09178587541638705
0.13328483932321702
0.09357582631262275
0.13649745948356223
0.28408222161647156
0.18876745161805572
0.15800842939856447
0.11708721488879553
0.11275909290670955
0.10721075023897382
0.04585029313189851
0.04443128355247398
0.12972007028053414
0.09061839062778591
0.14078734561644485
0.04331468585063165
0.16334018023856164
0.12116209911892031
0.16567231937317875
0.18513135521962137
0.0669028123020497
0.07369281197001043
0.09680569230137683
0.06198673873059418
0.06570362272809747
0.06100477059228778
0.10865954416112207
0.051880004828190086
0.09980268499671226
0.09256183391503003
0.12715765285223268
0.06890143103783535
0.1534475372641869
0.1963655459237176
0.26566706454637556
0.08249434721221557
0.20889461996012218
0.06905178917387851
0.16467957581752285
0.0509912950507973
0.2765842974111322
0.17289291470565982
0.25550037236664774
0.24412373240969187
0.34876708979585336
0.20563211296040818
0.1177062200915422
0.12246305315307611
0.17628243495691814
0.10736703959377704
0.11102054166388227
0.0362196379535088
0.12577677605613352
0.14698662886658143
0.14191173279641076
0.06599644196201217
0.18327422773579977
0.15330977559309333
0.15327521135706892
0.24976526804823862
0.3816592025492131
0.13968496767409128
0.18925427959369767
0.35643664493305505
0.2078908379472924
0.43973913732713205
0.14155202116063026
0.3130285442080669
0.1987683763257684
0.15741778463698985
0.1367444216717468
0.07405746376113509
0.21305216096494
0.1243816411681388
0.13972812493608003
0.1556560005984028
0.10458145756544548
0.16051208408973902
0.0525266168908305
0.18879183009794628
0.30219628592150266
0.3266059797028808
0.2897036084815244
0.1596925684920852
0.13525266434441868
0.45283015359397527
0.363519198624626
0.42852010504536203
0.41768566449959876
0.43771831011089024
0.40760664285397236
0.40733070906135205
0.3514553874728096
0.3301598751234403
0.17041689389467216
0.11764992788194659
0.12298650628014421
0.14377650158370148
0.12285018609244307
0.09222375299170908
0.1841462348255422
0.19591097958439993
0.15625103940882457
0.2026127592038965
0.12254144059282471
0.2827738881754242
0.20660489036294616
0.2902206602120848
0.38930897239008927
0.46294593889108016
0.22184088965511095
0.3669558919449565
0.2996774719788104
0.5165744771205905
0.16641381740416206
0.34932295562210414
0.2833494389279476
0.15114126262099992
0.20159699131522793
0.06339018203167088
0.23624763849776606
0.21838465246342026
0.23483070884010013
0.16564657744781483
0.1034948083537439
0.14517066611741394
0.11711952527667437
0.17094066752776504
0.14085504186260667
0.16783472097220972
0.3545492503035575
0.20389079062782567
0.44397695929732184
0.34870586534733955
0.16386071274535385
0.4241746649845284
0.48783269148762015
0.5425280623847714
0.40274730125474273
0.16890866485576636
0.44252096666508167
0.21341394759316026
0.10686770504715465
0.2701509720521222
0.09528300389054088
0.1918310470992642
0.21403593563304835
0.0878479314982131
0.19674553114812401
0.22233844576901937
0.2082901611129839
0.06085457475040417
0.16950888889135088
0.19861717258186506
0.14305498505360564
0.15075157476125517
0.10763857870743329
0.20729921781642702
0.21374725808694756
0.22859935913509535
0.14676281043589423
0.23939564905129063
0.11945269164500193
0.1785545398153886
0.3060705972794715
0.19725781329356462
0.20363192610701167
0.0977131011937794
0.14332328022437396
0.07304261392412051
0.12525722382592852
0.1363399591881989
0.13919153459454356
0.08747019672660322
0.05206136784839618
0.04557114370643789
0.16010250606091928
0.1761336734084315
0.31983732924673
0.1764914669043349
0.09330569546019526
0.37040180236652986
0.22705877247425638
0.28698033515037413
0.4835494133565091
0.2019839421202316
0.18622533445712794
0.11003139853570765
0.09391051921535981
0.27580391089462214
0.1717347810103368
0.23786971603047422
0.13753005157609374
0.08563580472814103
0.08976879966036001
0.13811951947742518
0.13556105093499102
0.1991173326496504
0.12010650621224407
0.18414839087158072
0.14288546732162036
0.14412816573667858
0.23972493667995273
0.07234622609853085
0.16955316521424507
0.22214840139607153
0.2596481056842884
0.41588486258953083
0.41908397691714333
0.48417426283492276
0.377784891191246
0.2855042458207466
0.1454629144959091
0.14758162811963904
0.20331940120990555
0.2034314175557687
0.19275109260406076
0.19648293315409024
0.20208339434954417
0.10404048984628635
0.1419281453363792
0.1322290344636784
0.13999602481483728
0.18276679245573457
0.2727430923014112
0.19904295187540627
0.14499006479722737
0.1871812792917998
0.12626897021762032
0.24584498148060038
0.15232289566053545
0.2648634526835494
0.3482861859278212
0.17875911651086787
0.24815221413420938
0.18579655483539795
0.08537319928669071
0.18422547149440754
0.15549839731238865
0.09053309468740371
0.09492358670295607
0.09455534865109118
0.0813806094621464
0.08485841328531507
0.26843442980206783
0.09752777904443127
0.11592611941481187
0.09631470823222354
0.15070395897642844
0.19150677260876842
0.18612508033993233
0.16740832228904748
0.2860664998597587
0.11595926957764138
0.16223689688764334
0.31119036109445997
0.25748022893176875
0.34319530536818793
0.3604380253029497
0.20016068316460833
0.35857898854709414
0.19060598666118317
0.3191384521258745
0.3029078941301089
0.07683587935802161
0.12444571126199705
0.1925140792716235
0.11320780606279159
0.13387498952244492
0.28021549903343984
0.2786011303568005
0.3376143342909089
0.19651034397968986
0.3033178121857314
0.42759746579369196
0.5083925919538138
0.1650936227078042
0.4355738139695004
0.47420442487251524
0.2664579318900775
0.4184580632443491
0.25240672688385213
0.24982906052079748
0.44839223900074376
0.4094866339343074
0.15781046289366443
0.10763857870743329
0.2725311568279105
0.25222557616158947
0.12888900003704468
0.08983694126798394
0.13717410484901993
0.1455138384303209
0.1874959179835082
0.1466724373246358
0.050432996199876214
0.09461056471543407
0.08479811651789786
0.1782258826062464
0.13051993171656465
0.20910501254218447
0.25579548262313984
0.14215684491579497
0.2078499226081969
0.40946616221005827
0.22880242384930882
0.3757253852451107
0.20702276687031798
0.21077268615549954
0.2362430391061758
0.16720155042274448
0.21573157922286448
0.23750605830161906
0.16301614575875994
0.20021225180927119
0.2012446063142495
0.2538946860681535
0.3002994710136447
0.21129738586722424
0.24973955544464993
0.27167620053016317
0.22240787366630826
0.12994863829169634
0.19046313930670314
0.07450963414585032
0.22769386206980588
0.33259625701432993
0.3120203759468718
0.5435346468711875
0.49455776794453565
0.14355259204309778
0.2579389771765495
0.34063612992701076
0.19016761704050214
0.38316148654516
0.2777665787930748
0.22206026191444356
0.24803499448868468
0.2465327104927378
0.20763229981380305
0.12812537933607307
0.1755117828711259
0.17090337140441736
0.24133882575356222
0.31970728576053353
0.3282323119178186
0.31921759418000845
0.14580904989890403
0.5088388765992738
0.4522214382890212
0.15748680086400454
0.4163941050322513
0.6293357308736226
0.21985343500231955
0.4263041215532276
0.2587038707215305
0.5187623840740401
0.3369992237189228
0.3363219187275269
0.2583145904156263
0.3437135577788689
0.11589353647037964
0.23915831522277567
0.31845096752465946
0.25776601546182304
0.14102079267675424
0.21189076214683983
0.1480726121887923
0.19048957124542343
0.23905980841836919
0.07437005943311993
0.332407680093869
0.14662317019494206
0.14141244644790002
0.18116797712390936
0.2741849967629137
0.2264156121255835
0.2896396854613037
0.4085825364069389
0.363222931959081
0.10968246175388198
0.18497824805347585
0.2760257857686305
0.2721592529566947
0.17449917906763873
0.10173784972377968
0.06898548884821949
0.21635749289565714
0.189860480747395
0.13253435099239858
0.2315700198979929
0.30231630395931297
0.20326042137399003
0.3167123184335669
0.1411533933280723
0.13489895985382
0.3097171721615195
0.36771177024203355
0.5364341438435845
0.5374010939087486
0.1610692184907484
0.5716678211514961
0.2926164872961227
0.34802377129817286
0.44442861439325093
0.2554706616054833
0.2397389857596156
0.15404880666875329
0.11314150573713257
0.19579610720728974
0.2640857129716959
0.175626879335516
0.12219150018958996
0.16841703093195176
0.34726480579990643
0.12418050995936095
0.32705226434834245
0.21967445560696988
0.432854077718603
0.3299773888488623
0.22094583525871372
0.32264455798555364
0.23194905733580035
0.5421663873793154
0.376847396861017
0.6369714810129632
0.19138019360534225
0.1426686188624726
0.320027252122511
0.13498746304178258
0.2531096641027231
0.08186056901631189
0.25843280090011744
0.11085414450189611
0.21047127470249422
0.13338400545329165
0.2762193522383141
0.2941098802493527
0.14970402749506842
0.11765860430671563
0.21491183918688103
0.15318702957580493
0.2295648775943873
0.33674881782827815
0.48215409512017865
0.2541251711258875
0.41678794508975026
0.21179639031776695
0.31041751257881034
0.3281249938495126
0.4252040217177926
0.27779281981339665
0.21984207854476145
0.2205409058322513
0.27952294960679375
0.1481135275278883
0.18141861355211525
0.15108488525504196
0.10714132626499058
0.1363708252073072
0.17241675685739252
0.2734156872623116
0.07395133529492907
0.24466270009865781
0.22474789248299964
0.2859940769659712
0.24726415906447743
0.4400745050016459
0.4419894643235367
0.4148774666882404
0.4279754644701547
0.3915460251852538
0.3799263471320445
0.21729931734746724
0.16553560929811761
0.26967299998240646
0.3122227155994399
0.3111985054892475
0.09621350197540952
0.19279307782083085
0.18984413410395584
0.24428088474054152
0.17042109247196263
0.1741858759510915
0.2501425437806399
0.30739315930530675
0.15580561127795545
0.23624763849776606
0.18998698145843584
0.31477943659817675
0.2659289589938579
0.21450911064417325
0.22821486775681254
0.2626051772039091
0.19324314655088828
0.42242218317204294
0.35463119865825316
0.27293367862650425
0.2545047989907177
0.25621748370435554
0.28956435412965614
0.09089774647852854
0.21530101689279207
0.11735230769401186
0.18554863100148258
0.2345935061038986
0.17337808736383006
0.09888693572044134
0.11494450457159512
0.1760552910580948
0.05613229696969608
0.1903679077370487
0.08227929315450275
0.21023609581396294
0.27379562999004964
0.21383125110225787
0.2533635910627406
0.20056699224909036
0.3928867987294477
0.3078955379735903
0.42729040062710366
0.42739192880272225
0.3704508059515371
0.45942063583050946
0.0896534904770862
0.32721375894376964
0.2555814163907234
0.24626225726246323
0.1971154737839637
0.1817494506834215
0.10075500069324572
0.1312564078202944
0.14511141278430462
0.255869863397384
0.08839731806251364
0.2167455761453427
0.23421542831700046
0.36706912089130533
0.2740100259265936
0.12147652497959102
0.09184016097652727
0.2006311287004623
0.19232015491494348
0.2139872234726121
0.399647900009925
0.45111939578637616
0.16853028173684365
0.0960041399063141
0.18319194260052918
0.28590836470229153
0.09786949111787543
0.09066839143696144
0.12330618620013814
0.0947554118050846
0.08270965625963833
0.1489846908095813
0.13994855758114969
0.10871205597834238
0.07523077016162337
0.1781456742653543
0.15204405275807512
0.172762659533879
0.08318652878724966
0.06760068586570118
0.20230920823962337
0.18046847190155632
0.054317825704202426
0.23025845246215126
0.2064810292997495
0.3272607083801936
0.3507898406189967
0.34487092681938536
0.279738173400047
0.2924709737372166
0.17036927810984492
0.07769659008652505
0.07846425100654172
0.15471045274798678
0.059877551761292065
0.2200450716168343
0.11349915065258631
0.09590555484126248
0.1468111174443606
0.14053301044838462
0.10478766470409495
0.14246642820141361
0.16951224987514957
0.17503582065312356
0.574109689187869
0.2252702780150025
0.21793744715169389
0.1538499056917762
0.19009266544048795
0.26850980690481735
0.1988076326679578
0.3416097734180236
0.2640561070700645
0.1670837889568043
0.24770055903828198
0.14813270659578795
0.21392338416812762
0.28116430997824765
0.15904537723139067
0.066716712685076
0.0668562873978064
0.1418125653070887
0.1849090316934451
0.23316186578449957
0.18215508965584468
0.13692279318840928
0.3662985905115489
0.2571340916642454
0.32081553028854626
0.2777678839957816
0.07397459774705081
0.269831658738759
0.39845780762203
0.3809032428767326
0.29196275843923597
0.1042855728616443
0.1884848526202015
0.151949678701525
0.06309091489534535
0.08719058761379293
0.07691082637567483
0.06251952547742523
0.07720709304122059
0.04263110939875544
0.06133209330505647
0.0978740782962404
0.04573398087128985
0.17305038514549032
0.04279686021290301
0.24028130438910267
0.21385170041319718
0.1722739095029125
0.06964849210480976
0.24337000734337683
0.2449906284627127
0.13191105324583213
0.12852504797247039
0.4858702713206786
0.2637341528651432
0.20503116950106137
0.22963435520115816
0.20543854649072452
0.14478771932323656
0.10575465810004667
0.0685741083250665
0.04136063987240775
0.12607629392050104
0.10209347462900213
0.05454014701510371
0.09452495936209519
0.1043451196052106
0.05668677843846957
0.145786317517114
0.16371208410977914
0.16408932644183238
0.11558155956694181
0.22379983915325385
0.22776303093322997
0.3436276971781408
0.1106362222908722
0.2550777593165009
0.2849595537574821
0.3062804238870069
0.2732749645703455
0.1890181326181837
0.1537031460851312
0.09663992051070663
0.16222446862491097
0.10327575601094552
0.07253255627097745
0.07594717679854777
0.06219131542607464
0.1399496143592518
0.10689301292890382
0.1479433599701733
0.06248805693363464
0.09785043781881846
0.09427906308713895
0.0920731174127711
0.07080874780384273
0.17129892308260905
0.3288420599548749
0.2832607099209298
0.26163461803093957
0.22292405091879744
0.26024099595485434
0.07813857667683764
0.2594207258263864
0.22240787366630826
0.2542022656299411
0.1307777752261031
0.059654564402116333
0.06470985157945221
0.0710982202535737
0.08813726586254066
0.04776938463733023
0.0813753762687888
0.03966248086752259
0.10727836321450022
0.1291468544864147
0.08897605389783567
0.12678229172252772
0.19876671732886228
0.2598237201729915
0.14201714200256912
0.17829327932542866
0.11838815955207867
0.04775781420587911
0.20523013871266008
0.18060415931668541
0.11999177776322263
0.2355639120289284
0.12110808786529195
0.11930146748157941
0.0969768013114191
0.08555637960009438
0.047537333497523634
0.10919097658934869
0.08052527969533278
0.08556181300961038
0.15597648358846336
0.1346577407431349
0.084449259894354
0.08093007093144342
0.25092666686634046
0.10299755591130119
0.1093816529194882
0.46823820126298776
0.25698239070956846
0.3175005050870909
0.1934643502730462
0.6062901937326225
0.2396553907163084
0.24080554575558
0.11003139853570765
0.2742836875414794
0.2808513847601549
0.09358290966771915
0.12094043077645406
0.18111718528274062
0.08762791419110531
0.1005739601496997
0.04793513545147779
0.08033008491864053
0.06849227764687428
0.09111303999288163
0.07757548292620886
0.06633347582185822
0.06608862647778972
0.14727562246890777
0.261129439012018
0.1310757438278998
0.10989278977984021
0.2094618374525467
0.17871252781391261
0.3496075592370525
0.32429282847073293
0.3303786732839651
0.1163820479649357
0.1637286542149721
0.1955359992601904
0.21245458405836704
0.12323731903181002
0.06640559535297307
0.11201744601059883
0.07184733545275472
0.03852262071355852
0.07892543970138584
0.07724816021344018
0.0980409009581252
0.10989723137996746
0.17143536998299364
0.1189818060914638
0.23698988104912988
0.2591148256863062
0.10511150613788546
0.12434171551305324
0.31271227389313094
0.5170207617660504
0.13452963494798265
0.17479754609872578
0.3174077780700039
0.3040284017161719
0.30503555517228764
0.1562273900163229
0.06422763030805259
0.14309679945859363
0.05629950659623606
0.051991580492030974
0.05327177150312448
0.04223330744480128
0.08433045862543226
0.07137230057194448
0.05937194162766035
0.15240620642477892
0.04675752876464526
0.15405508705510215
0.08686199622248045
0.0975859866505906
0.24210942016235
0.12604507122690167
0.19790614957130276
0.21685129720933877
0.17330651252326826
0.11080590552726778
0.11276267454885638
0.1697978886919248
0.2764993228329398
0.06562820391014729
0.057117813378158036
0.08891153174127456
0.10452758335653281
0.08439498078199352
0.04153715402538149
0.061471978211238315
0.07632810307716112
0.1761599259095797
0.07804227133092144
0.10522304299297014
0.1250837861934125
0.05464350003390651
0.14143770613153753
0.08842251242313669
0.06273883337226287
0.19474344642194177
0.22391938297480313
0.2932616495245573
0.07906313834839182
0.0645386542613855
0.05516485312461732
0.05563887978949038
0.07276309305803434
0.17284172711261336
0.1180478950499226
0.10523894729500805
0.051716988617472585
0.06798599627266254
0.04233275793328982
0.0578542894818878
0.054333116877574104
0.14991212927974085
0.09000581299279661
0.07061528894619104
0.19420820154958382
0.17003988110893045
0.14517066611741394
0.09964938946552032
0.19459145580924872
0.15663072069447684
0.1777599993274448
0.10982648945418119
0.2995313778782744
0.054317825704202426
0.08028969437308382
0.06106393681949943
0.11789668323084895
0.1480633565975105
0.11092581201175639
0.05474472371058416
0.061757672920198375
0.07855682600092972
0.052289803364818074
0.08336262627701505
0.05114417387012724
0.09981899903467713
0.07813750290057474
0.18051128224981502
0.18783306595600066
0.10838473326557352
0.04471043297793444
0.0851627683090225
0.1601722169486171
0.08002449307044772
0.1796543561510467
0.07775194048862512
0.06509077785806572
0.09647836958860796
0.0869450955792163
0.09279598906995883
0.13039927841009843
0.05618952599602687
0.1127503672747419
0.08845987664534634
0.09006506632590577
0.07797738637163941
0.0861370790091448
0.09669500651645316
0.0886711036457613
0.06756679866905274
0.11168785300736292
0.11742052538258214
0.12046202621089899
0.2964744430132395
0.07711502878348223
0.21518357988623024
0.22756796384559
0.19751053674820537
0.09616697707116606
0.12849003112719773
0.14069398755084564
0.12330618620013814
0.1340939263499477
0.20239008671636038
0.190552864749037
0.12754729732260892
0.12600103156836284
0.0828954130196987
0.07517630684925043
0.12287101735269906
0.09701661928300952
0.09246025035213806
0.08336943968457192
0.08199438147153547
0.12022501287846239
0.08375369912972028
0.11651582547087543
0.12897979096575302
0.08168200121192339
0.16357210649006265
0.15446604280741003
0.08218624334601597
0.1711526165272303
0.050200371678659046
0.08236257760045279
0.15637023737080294
0.16240226806443234
0.23440899478668412
0.23973289872161116
0.11157402624452667
0.15626978030747113
0.032893107300103676
0.07179578769757114
0.050653448803497925
0.031660197337652844
0.07744410637365703
0.08283615968658954
0.12497409666779066
0.15237520634342205
0.21126857037735608
0.12075829287644459
0.12664319979524033
0.05207890580516718
0.07041529858439105
0.1534982104589928
0.16011184693643207
0.07525086962299758
0.12859048677726492
0.13224901660481062
0.14865648022888148
0.18319957992677127
0.05592293490060065
0.2048446522663945
0.14469366908329423
0.11472705674309286
0.07132844567036017
0.10927139381044403
0.043725064772129556
0.12192220640789062
0.07945871969936821
0.0952084242282723
0.05436626704040362
0.06775893282352748
0.18208413534790643
0.09670765898297824
0.07140545073477399
0.15988617041694536
0.05774758364901402
0.05234410710780328
0.10816444770816745
0.0664874260311653
0.12116628124254024
0.06620101865749262
0.191953415769443
0.23179669682456658
0.18623322596205405
0.20516059274901574
0.12302680968576608
0.13775319389882407
0.07892543970138584
0.030380762470958538
0.0846530694082381
0.05359909421589333
0.0445538188428674
0.034405166688015146
0.042105038340302534
0.11370349337156443
0.096519284927704
0.10184301538886435
0.12289141286837406
0.07606161537965316
0.05764971278640735
0.08138364974645777
0.16543480942280736
0.19103371823969834
0.029868988524280916
0.14243918267615985
0.13124613283676403
0.2082206151493412
0.19111462773414667
0.14279973869520038
0.130061066174581
0.1162293407390396
0.06190490805240197
0.07791813303853025
0.08484663587792157
0.0842336753905906
0.10421106877146552
0.07131543604450541
0.042244613053032766
0.1107522464931141
0.09566006280668583
0.1443411194538858
0.12376960834106004
0.09508380852025107
0.07609153205102437
0.03763864753293334
0.11298757001094392
0.08568665192842627
0.07844784699013238
0.07716632953524796
0.09066569533872178
0.06013343873463096
0.0685079214984481
0.20685293317096698
0.05658732794998104
0.09945072801054018
0.05267560873609842
0.09437387266454757
0.06276413017342013
0.09155694016028196
0.06590024620011915
0.07381127172936752
0.10779624364778838
0.043035536425171016
0.09681994630034862
0.10844490802450758
0.16290882769045278
0.14556145421514746
0.1478963194404346
0.12252757530963737
0.11491396083542074
0.08637228083187079
0.07808988711574817
0.09255525462000423
0.13120768576540262
0.14771562677929181
0.09897420527347008
0.22039115878699375
0.11697631084876114
0.11000916510602635
0.08826631017566287
0.031287998103705444
0.03193934676311347
0.06390038323739877
0.07132844567036017
0.10948849968632235
0.1290506433123433
0.1788113812811948
0.06938329080217365
0.08180391833222887
0.26326255900394685
0.1521232307593063
0.1555074138332519
0.18465092534070662
0.3465475368367286
0.258224163009186
0.16156348002913734
0.21553821962899522
0.5631983633225703
0.15975685964542496
0.1392348989440342
0.26598564869448893
0.08878628583854085
0.08755656645349023
0.0869812943630514
0.08904057605439676
0.09764253295580297
0.10004214135740729
0.07555192008832591
0.09799026277402165
0.09066045430999055
0.13763146205095028
0.08201350284021854
0.19286934761320218
0.12840606872966187
0.16177818397945049
0.176795106049315
0.20947244249492813
0.08805447504612417
0.0950463327202443
0.15988590395854732
0.21379873289684515
0.40425950801301824
0.059319252910370976
0.13462357282398535
0.04626901727008937
0.08563981850921029
0.0752805558109742
0.06900551792158181
0.05785428948188796
0.07845141303651262
0.06832865122627961
0.06118628350227827
0.08982805299346916
0.13366734212325754
0.15607940042099608
0.06301845953890686
0.05168916861444878
0.05462023758178478
0.12475725440721426
0.11394612848700335
0.10863885318057184
0.13671186305941607
0.06076424846649993
0.11648948910325507
0.16169436547168242
0.20842213754293104
0.21094387575435447
0.06322734486681891
0.10392496130409845
0.11906363676965603
0.0733613103417153
0.032800057491616914
0.08601543174828578
0.05740422075183071
0.05977731041940474
0.06937619849246653
0.07560557912247957
0.09111303999288163
0.11471445289931158
0.10603025148759372
0.11767038485309911
0.044501070908839015
0.0886983834559678
0.10470063960386536
0.10096929804336986
0.050686598966327434
0.0990545770476205
0.112389349881816
0.10688517258780238
0.13243119949894688
0.052224205013248134
0.20407342071255913
0.19192154594053198
0.10248875523345344
0.042477237574249926
0.03117168584309695
0.059572733723924125
0.09180067200972933
0.08678230057475633
0.09781071813010449
0.11812696262865666
0.09575534328644478
0.13874419746925
0.1646046534007008
0.14534003287165348
0.06387869352622694
0.0581793927564069
0.16183345739896998
0.12389889587624157
0.11633344827976616
0.06063653254042274
0.04654816669555
0.12312842620081067
0.12804645284886995
0.08343895984188779
0.18248860860115879
0.13473783475979148
0.09888693572044151
0.07823487179600791
0.06937619849246653
0.09421279964354609
0.07469337554186763
0.057936120160080005
0.07702933304189313
0.11347013290401937
0.13955427646558163
0.09443990011040744
0.10919613450265854
0.14132347106250853
0.07946902958154167
0.0746139348234008
0.10031589295378843
0.09063010868549884
0.1642233610306023
0.1018501637442592
0.20466101255899888
0.13269369863224525
0.09299110618825901
0.20350579833001287
0.19201640562035038
0.2469908153161092
0.0980581816497035
0.11233307457297445
0.08005125303045957
0.07276165031233658
0.06442415687049215
0.07163481059511015
0.08194735968995243
0.06255435725929367
0.10641898626403076
0.10730778626066788
0.08604172318180295
0.07192916613094694
0.17106437268611177
0.1631914186900756
0.2187040525058674
0.3667944977472145
0.29343215439031445
0.15943424886261928
0.323041001125146
0.37480920746376156
0.33796705606734107
0.4579624270167711
0.5523516295316776
0.17460708295942015
0.13614175034404144
0.20197260455430308
0.08959103966103256
0.11923037388938927
0.03356771841163343
0.08413973301499089
0.11520594632786633
0.07885173967297487
0.11341087957091023
0.1449308718194964
0.07266515692229551
0.24645594386767153
0.5388887093936185
0.4615242115871576
0.37582787521209915
0.2997457742180414
0.5829221277457264
0.35673019327146793
0.19387009039710307
0.32429282847073293
0.13407956621792538
0.18246865875495288
0.1881017698082823
0.11362189666987456
0.23775620925325958
0.04979154456993057
0.05221150645648523
0.08722090633666664
0.08306418486983562
0.08399424443425584
0.10443060703776942
0.11217763935734351
0.15117721053948555
0.05552747321453153
0.17033849332145518
0.11742052538258214
0.10471946009875796
0.05383586443513139
0.11704585681240502
0.13321596666997512
0.09711621296589439
0.09684775699829673
0.04571407454190037
0.12573910226787172
0.1993404749723796
0.21002881020407807
0.1435915753951421
0.18628321549739948
0.25565096235436774
0.08976879966036001
0.0979902627740218
0.10297736187160668
0.08016975969667786
0.031869559406748266
0.03063664944429743
0.047669934148841686
0.045431568993707656
0.18193537379941813
0.09545548611120537
0.21851341776861416
0.13620716385092277
0.17956767812812205
0.4036399894372776
0.19243368140221323
0.08867646748797411
0.16878996156398768
0.1904168484565449
0.07348608625249492
0.15578295856196506
0.15607940042099608
0.19205514874498392
0.20119999432846541
0.208489310204322
0.08971790510488706
0.09819890066495292
0.1063458933972846
0.09639610190236868
0.06751918288422602
0.11354104306208222
0.06847149858075964
0.11641994313961138
0.07193585334004621
0.1473819667602516
0.1347035821548436
0.0404999291439043
0.09670143963413032
0.15694343365362787
0.13663818614969653
0.1314238928360915
0.15300125261872624
0.06646607647317629
0.13978178397023366
0.19168453260809473
0.16441730500651103
0.2049934138148812
0.07029913031182003
0.06905178917387851
0.15702821136580453
0.11015194624990703
0.1268192200850405
0.10250826627882689
0.10788104577025466
0.12775386999109103
0.06063164781518187
0.1466724373246358
0.17360472708415486
0.14227135521735138
0.2450102703578441
0.13586789281927755
0.19434810852827147
0.10989723137996746
0.06926714640459454
0.057567882108215125
0.09036133299145153
0.06734664815218346
0.08894628605623021
0.21748938388777606
0.07597516862951832
0.14875881623394782
0.1967992034690278
0.11752162330461227
0.06585263041529242
0.07335189968802672
0.07034699377542274
0.1159331213941053
0.08058453302844193
0.09312204531896029
0.1027193883017956
0.0743022557985208
0.07680426092542793
0.12998709943876274
0.16113799776253263
0.07989189241912967
0.2809361843174179
0.20312042589816157
0.22477869976363266
0.08314000388300619
0.11477667405463719
0.16693325525197536
0.2586300500390474
0.2046176108196055
0.2543295890451365
0.16616664965981326
0.10431316239467717
0.0514159025485769
0.05549337257660708
0.09207967965161679
0.0692201540581963
0.10212480303622327
0.07661455971012907
0.09486069441005364
0.05217835629365571
0.09020197487249762
0.0857560284728429
0.1469764099050088
0.14062193848763088
0.14159558197864322
0.12153818511375723
0.09897698816481497
0.06538271187557065
0.0788993554578016
0.12287101735269906
0.0668525618966526
0.11352938623712852
0.22676581580922817
0.09741942238781834
0.13241949760298496
0.0839362122843305
0.0564812337515219
0.10870034117515683
0.06447177265531889
0.10004214135740729
0.0465096784498087
0.05257621073849074
0.08639516763538937
0.0817763680501482
0.1100835458802697
0.10579242034614632
0.12113153062055013
0.12942503834098965
0.06596882403073358
0.05943824195331938
0.08502853301162817
0.09541457077210935
0.047222777807079584
0.08691134488787854
0.05880549426094438
0.0959734298283535
0.0952084242282723
0.0904205863245607
0.13665792759653075
0.08260806963502944
0.08228007618049551
0.037219923394742484
0.06813818808697285
0.07637754637769247
0.09891354099628483
0.07839442022180579
0.10606698407112472
0.07311861305668926
0.057240559395446276
0.07738485304054804
0.08383552980791248
0.11155713200541874
0.16705921895073328
0.09051760695551053
0.07211360157731368
0.18963102669896548
0.175242177220103
0.18193449866702754
0.12343088550149348
0.0651383936428923
0.1300175933775078
0.15014933201594305
0.16733141270023472
0.17219184059903236
0.1421416595791862
0.12376960834106004
0.07898609827415887
0.06456700422497218
0.11733628684131617
0.045482023402093785
0.0908965744823609
0.09319159128260399
0.09375069348336129
0.06664452041882162
0.10078991961866164
0.07946094030234599
0.15234031942362086
0.05024689658290251
0.2485884675398238
0.21498474657785613
0.07309610903907919
0.10189850585776349
0.04775781420587911
0.13800101281120689
0.07906313834839182
0.1665316860843458
0.14104543424268942
0.2190962606720265
0.10658445834534498
0.09948384932084964
0.04435491786589031
0.049227991801828824
0.0750689887809431
0.033102469369199104
0.09132767612949629
0.10438849142924524
0.09089461298943374
0.12128816059467272
0.09899321665465867
0.10356433199801954
0.27135993021522725
0.14615906791532884
0.06120351153222983
0.19298810593649643
0.2236031126598672
0.13266821283138353
0.07631167483354218
0.21205924616469674
0.19709326096634253
0.15194196938192212
0.14546693278295955
0.16489347979929395
0.1092497935368122
0.10889345349237503
0.10610869066108242
0.06938113116065729
0.08617640885074676
0.06690017768147934
0.04203440646782419
0.06361468852843873
0.06528124099737231
0.04883018984787467
0.06000179472142111
0.11917242316845719
0.06872028754558338
0.08975575439828365
0.06368146279549713
0.1820926338244947
0.09556673982763386
0.12164709287308187
0.14742229277556154
0.15471045274798678
0.2750761064157273
0.1736936454626355
0.10780213684759378
0.15252135937796432
0.045291994280977424
0.12336636334493238
0.04820033675411391
0.0920788558643043
0.046078726333025025
0.10086032987408494
0.031055373582488287
0.10234794535895343
0.04868831229074758
0.11052645418926206
0.13527535948818603
0.1846130816721814
0.049269873593790404
0.0462444771471726
0.09319159128260399
0.11686937638662907
0.09717393035324169
0.08728437873011138
0.1480783493078555
0.12081754620955391
0.15084519514325984
0.13047901637746848
0.12609873026105534
0.08551305871085262
0.1119690014664124
0.03752233527232484
0.07862917303584008
0.0895752011731299
0.07951797303247736
0.04498477095965108
0.08496927967851901
0.06071012565401145
0.050293421487145815
0.054200516226256046
0.1362334381587519
0.12659607776231016
0.13091545566258778
0.15070280506708134
0.13192869303216403
0.21159365253276918
0.14065830130332246
0.05618952599602687
0.0735187717723873
0.06742847883037567
0.11681571735247556
0.11736580278474482
0.05534137359755783
0.17942858620083496
0.1512737594276561
0.1299814060501396
0.05503113108425683
0.0903955413421811
0.0723759929365471
0.0719031057658783
0.07791813303853025
0.08633064547882811
0.09338325298001814
0.11157116136513834
0.09865679962673234
0.12176559953930019
0.14208240372414926
0.11729864865985822
0.1701789730362175
0.12704412626891826
0.04796828561430731
0.06693749476122254
0.04621132698434309
0.11105049594543434
0.03107863603461002
0.11601083184017096
0.11926821346513664
0.19078668593438713
0.128827500989613
0.11108994812132703
0.1024715820393166
0.05212614200843364
0.0888101955730489
0.11899670599473104
0.07050797087788373
0.09609996032250584
0.19347836516219807
0.03819694638385459
0.13029807950701758
0.11543013808791006
0.08158518615762685
0.0858920718912718
0.12384398911530355
0.0999603729551335
0.10606698407112472
0.11947111146713525
0.09165035957526783
0.16956422744272062
0.23008665411605791
0.09232320348019762
0.19286934761320218
0.15500953352329871
0.10475989293697469
0.11892359783078575
0.08520629301095563
0.10413308394079573
0.08781465507973481
0.05740422075183071
0.07050797087788373
0.05364000955498936
0.2042126255160626
0.1374985194184966
0.0448267452385431
0.15179459559634637
0.20507578589076245
0.11880293288384275
0.08459921554092077
0.2965561469085377
0.16405892823556986
0.037219923394742484
0.04231440040939796
0.16468484190836252
0.17499970957700675
0.38971382562938867
0.09000242725891187
0.07846425100654172
0.1469764099050088
0.10576946097415106
0.05503113108425683
0.09654624496796632
0.05151241192199212
0.0496589439186125
0.07519247971550942
0.10963726123480919
0.094411663738457
0.10331123121765692
0.06988040617362916
0.2514462340439594
0.27580743554971326
0.27047688030437
0.1806694174072822
0.03203239657160024
0.11201744601059883
0.2993828064437694
0.32407703337860577
0.12298710409749829
0.09218225898351731
0.16857207786097422
0.18059751621467823
0.30867982737769495
0.1418441364822125
0.12875312021536967
0.029775938715793985
0.056749575326293156
0.03084601151339286
0.031032111130366555
0.08088079969398769
0.09847708451952789
0.1866213625767539
0.10891340027523315
0.1711813079591977
0.1684139427035071
0.06646607647317629
0.0709951351765734
0.11121850624587176
0.24047304312899498
0.21984207854476145
0.19118713868942158
0.057594239782092396
0.04026730462268714
0.17226535194553017
0.08951391576435581
0.06813572226450054
0.176505577279649
0.09313647512097757
0.1027837954019232
0.0334281436989032
0.056872321343581396
0.0872984778272455
0.03684772416079509
0.04336041298100474
0.08420141431231004
0.08612678879729414
0.05617882187393954
0.04457085826520421
0.1700743618569211
0.07237923486100403
0.08403004748460106
0.06129117796596045
0.034288854427406645
0.11670343478793462
0.07249940610814794
0.13637963470536318
0.09285078041201751
0.04971186018410299
0.10717447642781992
0.16355273610029575
0.1285670458321227
0.14904238591366648
0.08342285501633574
0.0564222526135243
0.04501792112248059
0.08449525301364581
0.08117706635953345
0.0888470095847133
0.11027045291612532
0.07147175106043302
0.0956941329712749
0.07806646699536215
0.1684139427035071
0.041011703090581934
0.08244440827864502
0.13484962350520094
0.07517630684925043
0.04828010013340009
0.05589035320527499
0.12191008898497441
0.07378849813007711
0.0730208372100606
0.21284992195203736
0.15056271943034646
0.16334018023856164
0.09261549294918354
0.10028527957426492
0.03152062262492261
0.045283122425116694
0.04392396574910663
0.12243075440467838
0.07302994548310474
0.10389479845652926
0.17410680837235712
0.15600033284226203
0.145644692782287
0.05480633719875847
0.32906299846190185
0.21627466584839203
0.1252430447147202
0.07280453499998718
0.1259546529233266
0.056708659987196965
0.13409861353293281
0.0452687318288557
0.13760961814909267
0.18051128224981502
0.08890873670875755
0.08794738198670166
0.06560417223960893
0.12057805756941184
0.06242429390777178
0.07691082637567483
0.076199786378365
0.030310975114593502
0.035289139868640323
0.029868988524280916
0.15046560233087913
0.05203810539627444
0.11407910661063975
0.1606653199875704
0.10581561535097923
0.14690202913076547
0.09741247963144015
0.13346607290306045
0.25941079573572895
0.05962166478795317
0.095802437225532
0.1166285810305425
0.1871776501536625
0.27261890439732583
0.44238310301695777
0.2099141416090416
0.24157095416497218
0.1591748568809305
0.12473655840622452
0.03317225672556431
0.057117813378158036
0.07233237803910744
0.03117168584309695
0.05527662311883347
0.1304638780229683
0.15331203516530464
0.14500993939823045
0.07769822894349727
0.0830895445225491
0.07687522760164392
0.03710361113413398
0.042244613053032766
0.036777936804430054
0.09539786630572915
0.04100675142010927
0.11251718251427974
0.21324572743462367
0.07230050513117087
0.10425228401686729
0.2313242078970526
0.20038180581178794
0.15258384423435317
0.09197158453933992
0.03110189848673175
0.08923414252408024
0.031660197337652844
0.0896212754634472
0.07556625051993425
0.128835341002891
0.15756310632234563
0.051991580492030974
0.1774164142641935
0.1319982389958079
0.1660178881113266
0.06371461295832664
0.11982769535815437
0.12207430269953225
0.15969552230063466
0.2218516240235121
0.1277376886580297
0.14273303084868383
0.18771455928978206
0.18384454521579469
0.21994394943780854
0.18794363465081515
0.07918505016676165
0.09671871268517453
0.051780554339701385
0.04949319310446494
0.12316590161305364
0.08876149299750442
0.12571745018712457
0.11327422109833529
0.07790288264935884
0.1773422072915223
0.18188795934590196
0.1323242660333317
0.1389904759090662
0.15827285004451844
0.09623150113471159
0.0833036303996632
0.08285146559841562
0.07074244747818371
0.11340670703976867
0.20292218238483886
0.11255809785337594
0.06794962264752685
0.07718481613984743
0.2165660981525374
0.08420376785977737
0.08713688623281643
0.13195149350783678
0.06308475986456588
0.1208943278843481
0.08893925299683189
0.08295686680152829
0.07855745106451544
0.1354965287784299
0.10393754915560169
0.1355716261537318
0.10465949504903319
0.1326669516437166
0.18550120011332605
0.15313236400258906
0.12373773275829517
0.0827086182439356
0.09030015338509656
0.0820419972563622
0.1097964262512521
0.2247043189893885
0.09480084068566783
0.10250826627882689
0.0873542489701772
0.12018271967574168
0.1378147897334327
0.03024118775822831
0.044520668680037886
0.0888470095847133
0.1007859490998416
0.04309521167836863
0.11768841356755048
0.13491983948953112
0.07369281197001043
0.11332788013248879
0.12052738845624152
0.12793493169869183
0.12986883182902098
0.13220589879381084
0.05741608202071888
0.07209029822758704
0.06881960035964314
0.14437742052439256
0.1888527858040572
0.16001123984615612
0.14906479687881344
0.16149895787257623
0.08706784159650452
0.1781392548877931
0.07139726672269762
0.0747091663930541
0.09332399964690898
0.10856124924786942
0.036312687761995734
0.05194630515384912
0.11051233089857075
0.14123900071237291
0.1370450605358977
0.1502192814704662
0.17292079469134614
0.19948923652086792
0.13849396715054627
0.22107295014037814
0.1203350910711372
0.11826911297660092
0.14647691396404422
0.20637935921916414
0.14879650170804531
0.08769944449886216
0.3732780392034052
0.10525176698370814
0.07896660445547635
0.03559155174622252
0.10292802619272687
0.06966189320142659
0.08242027645999182
0.08733941300288493
0.11718494873969242
0.1257035084713892
0.14819258610598038
0.0980740678133559
0.09349154983459258
0.16140628010823332
0.2006049481345187
0.15046560233087913
0.14263791203620918
0.10942107353170065
0.13426805282533064
0.08491562160899967
0.06138593507176478
0.06927381309234996
0.1636577060474686
0.28145684973712204
0.061436136053446985
0.20258714590017937
0.11689675174948877
0.10760405292621364
0.07995196088892448
0.06951904584694656
0.11090173439694752
0.09256183391502988
0.0687571932897197
0.03682446170867336
0.13294327123607852
0.18604601276119795
0.05117739466777099
0.10507059079878928
0.1769842754472541
0.14399013331586732
0.05656755237409067
0.06126150090894263
0.07342761066737433
0.10495341551824251
0.1764564259990448
0.22368218023859995
0.14534003287165348
0.11365887838127488
0.13407956621792538
0.3478182788510439
0.09653327415954586
0.10533268404359644
0.09680089761316762
0.14469366908329423
0.0906575996569973
0.03591722607592661
0.06104568593138381
0.08716165300355748
0.07123969992062641
0.1513044571359133
0.17653262035132508
0.05510874907634067
0.17779734054280635
0.14380783945590345
0.10151095629742837
0.09766491442239482
0.07691082637567483
0.0319626092152352
0.0719800723712651
0.05736150751024169
0.07297628644895107
0.06799098396333408
0.10196102502748565
0.10928487072568786
0.1582822875900095
0.15956329317574147
0.12510846227744168
0.08912765572919693
0.12919642365142228
0.0783279660398815
0.05376956410947237
0.1510981429607515
0.1056164187748328
0.26105664544644164
0.42150926223116997
0.15649714900816736
0.12827004724358038
0.2903825426463336
0.08256577088945558
0.26376944265675994
0.34947615867775744
0.4886073060050624
0.4481063773172368
0.3683569918076462
0.22684656424236685
0.43382772120961577
0.39175241320515547
0.4424912259741379
0.4143752933101232
0.12161071444732967
0.2400224224075047
0.3381720342454923
0.13178960110487664
0.20826400238546228
0.06985235634073318
0.10357482627479163
0.2507827448993054
0.07113657858820173
0.17799701265988208
0.19733219406780714
0.21392338416812762
0.05417190896323866
0.17947834598761006
0.19565450592640907
0.2774172065743215
0.13566662077383668
0.1968395725885921
0.29110026028349983
0.10893806328598721
0.23861317243054186
0.1120552318702969
0.1904199881532571
0.3265182993073326
0.13430856248656237
0.1034948083537439
0.12310827471868781
0.08798053214953118
0.06252120709646415
0.10523391960184773
0.1552096570549217
0.147045994802877
0.11450066241314263
0.157199092738571
0.08171515137475292
0.15942099047046615
0.09598738551945468
0.25296901320188986
0.13710730131103696
0.3692195209845856
0.2720104914082064
0.3223381321137677
0.2598851190167257
0.06995019352999436
0.15437037440808257
0.1480726121887923
0.14938675108373525
0.19233631927229558
0.199979999243376
0.09421279964354609
0.07968366571815616
0.04995729538407813
0.13708376693063323
0.06358243695534212
0.050653448803497925
0.1331109744141076
0.10695226626201298
0.060996299606306516
0.17279768313600538
0.1985222864557021
0.21258025278770948
0.15421606415756298
0.24292760867902746
0.06268229949522792
0.054067915574937994
0.11811666949855977
0.12565805615759715
0.19792781253006825
0.12795962852192552
0.0925221044571747
0.12529384474875072
0.045757243323411585
0.05592432469339076
0.052045755642337654
0.07426134045942462
0.11686188136891194
0.03589396362380488
0.10971164200905269
0.13528462721394346
0.11375715240571793
0.1654228419173783
0.08651788103006976
0.14742269455046947
0.10826817870962162
0.13760443235033723
0.09570772750161806
0.06795783380050456
0.11181689732048528
0.10376257775645177
0.09794566938847192
0.10183827901019724
0.1552403086861439
0.14463738611943158
0.18379489315550393
0.16774486430868796
0.11773637288787818
0.06066479797801139
0.06599644196201217
0.07753730435201063
0.10013838698291581
0.07061420889796004
0.09420234857928934
0.08390271968255428
0.23949569598540962
0.14667888680803515
0.19518047926153456
0.2786711941876381
0.13073498092403316
0.2767732981644772
0.5348131025570497
0.10261067630888088
0.3574645234565972
0.2635792022097539
0.11029059173379437
0.0815581571387297
0.39875533071900504
0.3270235056439921
0.12953796357825825
0.050223634130780785
0.1407610304149183
0.10481914627008365
0.11134308779361878
0.10104169717477209
0.1309359103835712
0.1303151164744815
0.10230211251993322
0.10480576721110776
0.17175798076580076
0.18944591864676044
0.17874965623934094
0.15008934108929936
0.46036558706385633
0.2614582744832765
0.08483493299690568
0.08620861947548637
0.08447040228252264
0.09604297579199722
0.06067744787951893
0.04205851343605907
0.059654564402116333
0.12352309662168051
0.14380783945590345
0.12577677605613352
0.09551726436231145
0.10090842628487995
0.13076140111994214
0.11343068072122398
0.07628048729233439
0.10091265286164972
0.11097611517119084
0.08911701299615934
0.16468484190836252
0.11276267454885638
0.139567147833619
0.19109199927700324
0.16032234751141697
0.305438056649598
0.19332008639630366
0.029752676263672412
0.09823136409743197
0.04067524979181413
0.048863340010704186
0.11551584561224278
0.04587355558402025
0.1446110970440614
0.27547144430939763
0.18541347213132442
0.044059084318526585
0.10317092834129016
0.08161539094768722
0.07118559831588014
0.11599213800283757
0.08934229186581158
0.06837626701110634
0.10390166968373916
0.14303754612548447
0.09765944215962591
0.11680152017983547
0.4233262806994114
0.24784016002284676
0.3605498108637454
0.07007869860465459
0.07820085375212246
0.142290421127673
0.12872170233950844
0.056381337274428275
0.06642988428220696
0.13622876038911913
0.10321550006404544
0.1346828261570945
0.12532474566381038
0.13567996510761363
0.1165915369060109
0.07764462242031794
0.10219918381046661
0.04979154456993057
0.04813403642845488
0.11045544975148686
0.14562650735853158
0.1334318197684728
0.06550545789285889
0.15494386106515015
0.30022229608961926
0.08458227591455247
0.22988900914319055
0.3342671994499548
0.34921299427189284
0.39557525183667575
0.2870823989138247
0.31279834548319574
0.28076897208457735
0.23190520842694073
0.23277495179301577
0.15174778609252934
0.10823067891103386
0.08739516430927338
0.14311231750861342
0.09930858629093285
0.09841978629429572
0.08072596403660869
0.03608006324077857
0.10114543961731656
0.09207890260764724
0.13560089752887955
0.13283353227318812
0.059073590162194566
0.28677810806836496
0.19230209375167792
0.14689469619029444
0.21324572743462367
0.13714464030544424
0.18327864750550568
0.2664029856587324
0.20438969102749507
0.20391528555509036
0.18142119447345947
0.11018500818580207
0.12327726691626326
0.2092165741650451
0.21229644890089827
0.07362651164435141
0.12502453286030338
0.13735327819637533
0.14069148445127458
0.1462717289241431
0.09537441700783143
0.13992647885119355
0.09762399908329879
0.07352706115586287
0.14562924786997983
0.18617507793129387
0.05620208432606128
0.08701917742747528
0.10903088554627285
0.32938560924470733
0.3066092879786193
0.31807189212990844
0.16689366817299936
0.16631541120829993
0.0509912950507973
0.05496917436361044
0.16127708968982005
0.07932833965102792
0.17833924073503796
0.09075022211515366
0.04585029313189851
0.1200112112037522
0.12281817179483497
0.1076633062593228
0.08485132856113602
0.14861278693836413
0.12114906866738533
0.07920864947443652
0.12162794742148822
0.15084519514325984
0.05536077192528903
0.1881017698082823
0.29350653516455694
0.05469776866869875
0.1015371069198522
0.15324012183274807
0.06328366084154297
0.11009269291679787
0.09980580352577145
0.04745540232829675
0.13747444550162716
0.20410084452395955
0.1716394382727359
0.14719955222773912
0.12674483931079703
0.08256715429593342
0.1077520014571323
0.09913082629160556
0.09304476522241269
0.07025163722800663
0.11038895958234364
0.16485590166047417
0.08940001592498237
0.06629798854688515
0.09966976603810382
0.10441594537325172
0.18652227449249542
0.1770489593301363
0.2147475438416546
0.18659182045613976
0.11595962704550028
0.0812987787839542
0.272903060699128
0.05052604600836298
0.06932210732270808
0.09633437318256878
0.2173406223392894
0.21348246258190925
0.0892733884998822
0.10345461784821905
0.1461168855005069
0.06533897093697281
0.04950249811500757
0.04377993489306597
0.09996678062823243
0.04284943680819731
0.11924113569776325
0.2053668799574515
0.26972117231284426
0.20894827899427598
0.11184864938678152
0.10846656394376573
0.23878408777680338
0.20533850197230283
0.5104602883069665
0.47434586191818284
0.4152589489167382
0.31169292747541877
0.2443165919456733
0.17794018789728636
0.19532391316323464
0.1770489593301363
0.13006949878842478
0.10059004207884387
0.08027589530655159
0.11528052979423115
0.10689214612041976
0.112389349881816
0.10132639011116584
0.28527754286659807
0.2432251317760008
0.3841766989672935
0.4396284668207765
0.3662985905115489
0.29417596213274777
0.33028891943656374
0.3113681250546512
0.22150389420529365
0.17129892308260905
0.12732853526706864
0.33058154668702333
0.15420991305320753
0.30741573994807764
0.26338232159596975
0.1767261868210087
0.05778393107033778
0.12756030352140757
0.1523632242204962
0.12629855466533652
0.11216620755908566
0.03387013028921579
0.05877523869672894
0.3169364790512359
0.07923191192655825
0.13777207671946173
0.4522574015752047
0.37220999742126676
0.048920936811964744
0.16385029034463844
0.056222676158856386
0.13644918066900688
0.13227642285038269
0.12919940486083015
0.07818921301265039
0.29555460930784316
0.31988284246560755
0.23488866654999152
0.17882655932341085
0.11128509661867979
0.2177484121685328
0.14546693278295955
0.0920185976271329
0.1257536831376952
0.09336671942733467
0.08704314633733917
0.06215040008697861
0.0802739150938463
0.0636151624698381
0.11767177048519849
0.1366163172418837
0.3271816408014593
0.3047504126868441
0.20040581827895318
0.16117943163829712
0.2878978625758828
0.09865679962673234
0.3511516352032122
0.18755591441653047
0.2918337141261141
0.21739876783595546
0.41905816729041523
0.17331599934425923
0.11356364681162143
0.0768390068224791
0.12500584197851816
0.050222496686714246
0.06106259993196555
0.07404254540548069
0.07551863473510768
0.11482038597580543
0.24531323924551982
0.242280697887145
0.2808855146925602
0.43758906255714974
0.19861481621519564
0.17418924148739454
0.4142400517660579
0.12626859011666414
0.1982348179206138
0.13917925104421552
0.15634838745968035
0.0983233829523396
0.2869466459940479
0.36330811407486774
0.25544232446343634
0.20079295121832044
0.09776676022793307
0.08665934015812958
0.03708034868201225
0.12872201817901807
0.03421906707104145
0.07213374282642739
0.10334530197458924
0.10960443870252541
0.29508352374036545
0.17884556083408396
0.24403678642586352
0.24702307639439006
0.3248208411210391
0.3520240520014514
0.11280358988795258
0.2915726350342286
0.3164530040186538
0.2789314736841071
0.19551041249832965
0.16242589638306998
0.22582754796405038
0.20735893853904394
0.3095450461021515
0.2854920067398272
0.101715532992909
0.10742538637558831
0.04130248374210334
0.0632244277382512
0.11817637986536532
0.0757665562249404
0.10091265286164972
0.10600990322998119
0.24270165241507155
0.1680122967609245
0.1606675619514103
0.26836524567067604
0.316855756983582
0.2536999134784119
0.14297449650237523
0.33889740264660834
0.1580862219958942
0.10155187163652456
0.2628206317119505
0.2962586238115644
0.37029748342106333
0.19373672451353655
0.1512648172791128
0.16308528474455708
0.05241030463022184
0.04382645979730943
0.11601083749696048
0.0831324263521353
0.11891763841599697
0.09517018092770671
0.09986800379240256
0.05154850319989495
0.13707592330004195
0.2510395624805785
0.2818287536083396
0.4907724612021897
0.31326144138895334
0.1904048840119739
0.12593746858932517
0.2362333389971192
0.07523077016162337
0.05865627302490217
0.15482670156186368
0.10502967545969324
0.18297670463882645
0.29451138362340085
0.13511177615239334
0.18333164259895737
0.09136395220159517
0.14355489428981133
0.10558943960050264
0.12568916098113408
0.11259491513920604
0.03868545787841048
0.06967882248066129
0.11906268975807333
0.16725520945689834
0.2487924757193797
0.1928344971792848
0.1313740952933654
0.24225818171083666
0.2505144476518574
0.12133695026686078
0.1683820491741238
0.19940843356724963
0.05764435635760754
0.13865279947540754
0.10040624214183373
0.1795006395531398
0.165369620703044
0.07858056326715024
0.16928677269283723
0.11655130622569512
0.09652367963480285
0.11900923878948075
0.058277986254286235
0.06562820391014729
0.08671299919228306
0.1338614107967306
0.17646409856766052
0.22219935384173062
0.1973042685829365
0.19814314591699214
0.24116106575423427
0.10438986275014078
0.2672484161210569
0.18304497631030872
0.18378219197621964
0.27922542650981874
0.08188383146843362
0.38745555014974836
0.5141942923448005
0.288780463340286
0.12985100774340816
0.26266969936047085
0.1164937631475536
0.08121694810576197
0.0768390068224791
0.1302243021749648
0.03589396362380488
0.10132319961664402
0.06780487759318624
0.056954152021773605
0.051805480875057285
0.2299289613483502
0.0869085211267239
0.10035421845307463
0.5390507642025846
0.2633152900915169
0.28076897208457735
0.10376000965638
0.14955541276749088
0.0824739354941455
0.06870957750489295
0.10988262255710039
0.16762767936578127
0.12413713881757263
0.1851236678300604
0.19569581703445213
0.21124139885132784
0.08551305871085262
0.11162127164819373
0.11315128284835581
0.10339706627546418
0.08424468362121572
0.12974989670256057
0.10749391283088772
0.06686387842713044
0.08623391001519416
0.2473134260989147
0.13338400545329165
0.17122597798426678
0.16886498048150658
0.1683236921128724
0.09795132179606765
0.11686937638662907
0.10120093841376604
0.061891354002703396
0.05243356708234356
0.5182565210731089
0.20234821779337822
0.24679724884642554
0.06825203452510921
0.17433886702824655
0.049269873593790404
0.09132707529756395
0.0869812943630514
0.11062597291478024
0.12555931502965645
0.0364057375704825
0.08494225106521301
0.06146040188591972
0.10409151128467516
0.1144811187908927
0.25029592315379984
0.18439637263567016
0.22762393900594288
0.14536232352221234
0.15578295856196506
0.3643434028064598
0.10574901942615085
0.17337808736383006
0.13760443235033723
0.11094477864615437
0.08432651387706576
0.1262770613603438
0.19363989260069725
0.21745973251057507
0.12760118321735725
0.10612271959848502
0.0851568872018275
0.09833799259224048
0.033730555576485396
0.0974984650571649
0.09284997298203576
0.08170793217491526
0.22279253249039876
0.23049546579458688
0.18920871591055888
0.18026313776455904
0.1774504259460894
0.22705346893871237
0.04910703642893844
0.11548474622973055
0.13500110525181724
0.0959311463037115
0.12366169314003939
0.11725449470333611
0.14360920703725383
0.18136753543930564
0.06308777015408869
0.12065933499440412
0.13747444550162716
0.31198319290579163
0.10073066628555248
0.10375162775034058
0.1226790798675474
0.08730324856797321
0.06902417705512359
0.08563580472814103
0.20541449574227877
0.14740136682005056
0.21103136764115454
0.1466566172661611
0.21123813253411491
0.1181803304872188
0.1276548422515109
0.15955837388529379
0.1339404783754647
0.2518302382679191
0.12749578136484646
0.1599537117789641
0.1097067682406607
0.1845333677649095
0.17943581020977442
0.14966831041354023
0.05492264945936698
0.06948274129066219
0.1381310600483688
0.14722383160278346
0.09156515422169728
0.14556341244936877
0.0419654636275723
0.1389162030761712
0.42638630309973524
0.1285969107790479
0.20169834590354127
0.26070461372320647
0.2073866658820192
0.06613515138203319
0.09342216982993763
0.16034904967263428
0.134722262899696
0.0893748281196703
0.1293545588088904
0.1235629616252233
0.15070395897642844
0.3209353020814701
0.12982437095193092
0.062389896590437206
0.24684898080767534
0.05993549439576208
0.09583503499840201
0.1341541638687636
0.07970308055920626
0.13979147920178367
0.09272281101749087
0.11310204221577405
0.29313463129333944
0.32860485721867344
0.192082075990809
0.3561351470775213
0.38093881233707133
0.19521156625094382
0.10366925398483354
0.07501881848319099
0.08509646798336347
0.14486424226989877
0.09696935365776108
0.14713277511442777
0.2548348062598129
0.16956254792550468
0.14670379937605327
0.06890338318451722
0.19695733862649495
0.1056827191004918
0.14682975944447005
0.14102594796553472
0.12126941718722764
0.14904238591366648
0.12741426627898783
0.1634145610128058
0.48957425607022653
0.2969280507797552
0.12252300181788511
0.24324853023556153
0.18666136641978248
0.14176716823391838
0.30886140058835426
0.11142093649442102
0.14327455945792109
0.2680996898465961
0.24700711596514252
0.2924652043251486
0.31481755337940937
0.4853167982695412
0.406413524679674
0.15299714760451363
0.09907478358638032
0.06013343873463096
0.15813515746808113
0.1637489555581976
0.1373676713187034
0.04580376822765505
0.10042169019945894
0.08473566726802668
0.35763746263401414
0.3052543226908338
0.21728197251124715
0.28123370741439124
0.09086313798741531
0.11685432397403826
0.23547274577575636
0.24518419493239632
0.1703406039207319
0.10385117260416127
0.18058722226625637
0.20110344478636202
0.16638157330708328
0.11048174506975154
0.19677732009909948
0.1239939351307363
0.0891822255521011
0.0984694430215653
0.12052127954400815
0.08506298998079552
0.14236058757872425
0.12935549237734595
0.14477273666202828
0.06298530937607735
0.3229038561464344
0.31812657143913087
0.24428088474054152
0.3966206306602178
0.12152849693299969
0.16362920372648224
0.2721592529566947
0.12119699530470456
0.16385029034463844
0.05706279505456473
0.09113661215825719
0.23095230402583675
0.2194611522661486
0.21955638383580142
0.14557677650393003
0.11871073309249103
0.15065923557030178
0.07438896538943023
0.14350765540228355
0.13536748446530752
0.045920080488263716
0.06474226800604158
0.15076982939142358
0.08775589143556328
0.30408280016222855
0.35699011798419245
0.20963829254016667
0.14762254345873504
0.19103452872462323
0.22372507417748505
0.14565668578480093
0.18644135065486828
0.0839173604861047
0.18172360300107743
0.16798848886851167
0.11486531420426728
0.15868982946488536
0.26419034454352963
0.3576748910197257
0.455332858852085
0.3106321487154256
0.16353919938124994
0.1696790239632508
0.049851434896833385
0.06596882403073358
0.07962124988101404
0.11649205289258596
0.13835653280986177
0.6476334013375058
0.11698692462535631
0.22581445247896567
0.28771165159412926
0.37088862411203544
0.5453794468941653
0.18178685160397998
0.4702374770177138
0.30355482551816865
0.17834996311990764
0.18366895720240073
0.24402279611429611
0.3906572251886157
0.3865613924307242
0.34803251249088213
0.16595261537378897
0.14504036931729036
0.12799122961410414
0.14309679945859363
0.07200215366570524
0.31968856769824333
0.4914652665263344
0.3260859505516737
0.5269877855146703
0.4724287829358925
0.2221276362164419
0.20541449574227877
0.31089371958224815
0.11237905199205374
0.21600976307743863
0.2560998875195567
0.15160865888813532
0.32835325473972904
0.32583407876720755
0.3135029496804716
0.1627612189242928
0.23040862107989268
0.2013286961444588
0.15216414609840234
0.16122831938999302
0.15186629275874763
0.09701026899685727
0.14108218613288262
0.09345063449549638
0.08925681223814604
0.1573444816807408
0.049956115931381107
0.2729852937925687
0.35714858512658765
0.20019163934410278
0.25854028134055596
0.20272383103245337
0.19429167926489807
0.12761781233972347
0.27952294960679375
0.14762254345873504
0.2215482124951064
0.3437067647568735
0.24521906780780772
0.22812722510460304
0.3720709054939797
0.25469798587323317
0.2701860687559088
0.13683053709178336
0.16564598424010907
0.13582326699621325
0.08075637106604196
0.14303324992987934
0.10404486722390902
0.0625046320150494
0.10717050596335861
0.06869402111542179
0.3472837853527193
0.2169857058457022
0.12974973731471925
0.3448088877456345
0.23982885593782108
0.34512998117408766
0.11452105179519856
0.1767542648951589
0.14313304918898717
0.137206150330859
0.19648293315409024
0.25305589803285883
0.3672689032196176
0.24841154944076685
0.3387300459045598
0.16513430859186684
0.08444270120182222
0.1491406394357268
0.04480348278642138
0.13589281295985695
0.11192954624318159
0.05864263804541089
0.07295204960834936
0.38285052985875817
0.6868600564626112
0.19150909289434287
0.1258048679380071
0.2143193058557895
0.24266783082651225
0.2505888284260999
0.14242629539353022
0.2246334625692618
0.09975159671629603
0.17716746599635327
0.2870823989138247
0.19317723904182366
0.24565105835536577
0.16485575975117459
0.18193991382272712
0.20068478773461615
0.19948750114598404
0.15529613681645882
0.08256715429593342
0.15062373748834726
0.20636638049584669
0.10867061292217839
0.13574491299425157
0.07795247705986394
0.4825080825171008
0.1940819389535294
0.20315310330568234
0.2939732577331635
0.2766220994112996
0.1815413595694035
0.2660293898266374
0.23184676898806067
0.41312041053469306
0.32271563131019687
0.3742348726356626
0.2866281151557575
0.3532119961340263
0.22388532827352037
0.09851548517696963
0.09795768610529326
0.17316722950107236
0.057964090129469896
0.07747193053257516
0.05150306899747509
0.13291844357300145
0.13901766706096239
0.15932117114909178
0.12823245479566567
0.4314942420993342
0.10119166672945634
0.27096916056879966
0.13001493861735536
0.16042904459581497
0.4855540010057427
0.3156423898971804
0.3479764140085127
0.3026640337775315
0.10572523622432697
0.05350363987994244
0.2183429778029551
0.36991855860041406
0.2994473286003296
0.5002850875612798
0.6167271141255165
0.48244034979658496
0.09232700677892415
0.09926921318423498
0.11762389141098939
0.050688883173215106
0.11930146748157941
0.34810202345923136
0.20049218479290346
0.3479788364863597
0.2981435461406893
0.2303177057952606
0.2355076717527372
0.13862116885759268
0.21479711371702345
0.30873851914513606
0.16956422744272062
0.20982816414070363
0.12970554617592608
0.22834716738390945
0.2682170719217922
0.27813514561434255
0.3164158136315317
0.18960605517982299
0.18440432345178762
0.10609347427619187
0.10170731638977919
0.06881973803407192
0.1189620787186211
0.1240671314380337
0.04412887167489163
0.11394612848700335
0.04266333719122362
0.16779206715392384
0.321473706280085
0.11857813244117298
0.27268383896830184
0.20385067074968044
0.3416510077097891
0.18432070306406198
0.21948706125962533
0.1402647152776165
0.09686477578784101
0.2266502955149301
0.29696126475874507
0.3783550262327642
0.33403120451710977
0.22413378565975656
0.16443874782723295
0.13833476148392002
0.13930333601553815
0.047339090067688244
0.16090252272377256
0.14848891286252816
0.08627980210593628
0.06089684911781798
0.10339706627546418
0.1274623760794828
0.45068085162818394
0.30873851914513606
0.2108233592023497
0.27974609192952293
0.30049832794343856
0.1063788725199116
0.12161071444732967
0.2595788609838552
0.15640246822964893
0.23657249065366112
0.18149714149159077
0.3790499724509913
0.3507202946553523
0.16503631020925835
0.19685709966809084
0.1501430583178126
0.04931639849803387
0.14528151805176115
0.1537073730589748
0.0763071074142298
0.13589281295985695
0.11388490623578344
0.11258133290738227
0.2975761860600566
0.2336091974595883
0.249041759057752
0.08379135254241421
0.3110603978860051
0.19456765784110117
0.19535390955432885
0.15216414609840234
0.2380789241333777
0.1659117000346918
0.1800014736690898
0.16460776814581826
0.10549522037197341
0.3342247709867934
0.36066536745640676
0.32721375894376964
0.1488500036316181
0.17712250294702525
0.13336472821846196
0.10078991961866164
0.11198879957629074
0.10291802750668258
0.07622527673603759
0.18888683725638222
0.1846130816721814
0.19098473191927293
0.3101678285950851
0.2039043297838343
0.11798715716133391
0.40174236754766035
0.05878421651157145
0.1290499771395055
0.32311054708879033
0.37549193140795833
0.20615800921828684
0.15702821136580453
0.3876683385330007
0.12110432574564363
0.2368885295127119
0.3163645886153484
0.37909504782199577
0.2667294564369239
0.17750671425792122
0.07157120154892156
0.11738085288922326
0.14145649005135563
0.13214137663724973
0.159795576621496
0.16401532197846172
0.48807357285172703
0.288202672439203
0.18774903957158262
0.18032097713862125
0.24428088474054152
0.18593695929650747
0.09335085852791256
0.19660643922083695
0.06325060731894065
0.11981023954669832
0.2398640286072398
0.09837691002272901
0.26166271901000027
0.11798715716133391
0.2789292828138818
0.2895454733240572
0.19108214450944885
0.04708320309434935
0.042686599643345355
0.07798463631716994
0.06996522985433397
0.12629855466533652
0.10813924123099687
0.25069500756580915
0.6236850610541118
0.23491925152463808
0.15396442101863086
0.29241519889364836
0.2838026316386056
0.2552041057011028
0.29105237223213737
0.20985477422390586
0.29656293221128904
0.12536655019832824
0.06988040617362916
0.44252096666508167
0.5367107244466669
0.1672425714748999
0.2569224523612681
0.11798142951024172
0.1647982312851239
0.1450852963668808
0.13718224910356036
0.1701094270725748
0.23920856996685586
0.24218399366236587
0.16355273610029575
0.16157389363105307
0.22590167255396507
0.14631325260765995
0.14095334318607053
0.19429167926489807
0.1797972035055267
0.16132918205592914
0.22713869157236102
0.2551206070428155
0.18208276117720712
0.11289860785925981
0.2144071262527255
0.26332181233705615
0.2746062983242849
0.29417942621299703
0.17674979327662055
0.15298951664810886
0.13283279055953265
0.132206876886739
0.09975214449161778
0.09223987971010807
0.09919007962471453
0.049692094081442026
0.12711674318201419
0.18963102669896548
0.25198837342538793
0.1212964457931931
0.22086058457638458
0.3516243921827208
0.31156591712393045
0.15465119941487762
0.050968032598675564
0.12507920861213606
0.055294848693314365
0.22550493718124323
0.31664277246992256
0.41549100492377566
0.259839337799169
0.42878347947470125
0.22563398149436678
0.2621090235033443
0.07389310240755974
0.037568860176568304
0.11402572691517131
0.04129085251604255
0.10337386885871296
0.1660178881113266
0.12497409666779066
0.20835802961858552
0.08565234871215134
0.285919696191727
0.22771055913845722
0.39429248426439845
0.2054067827401365
0.14512670777387293
0.16369271119565623
0.2948053398857897
0.25563163870794314
0.18571391720574923
0.08816469354129648
0.1668527528339022
0.3274919427983454
0.21072936332873962
0.0900026920821315
0.06278535827650633
0.11831283149103786
0.087786179875356
0.07516147791953896
0.15568406252732592
0.08656549681489632
0.06898326171602756
0.10185647961462621
0.11145551957830838
0.41145779239049834
0.11279963033819168
0.12345120637711164
0.16846464671677897
0.30250660884801106
0.1372052089350771
0.3948793017135449
0.3676666047324416
0.18839824494292184
0.0778597874376805
0.13526883284255528
0.1600290960431978
0.3014403561649069
0.2390026703590163
0.10260602381845664
0.2460744831606248
0.08754655106392897
0.03728505826068343
0.06212340514250999
0.041104752899068855
0.12111381287509951
0.1072485329275589
0.1091446395870516
0.12389870986075598
0.44648508659277397
0.2725506315197956
0.16117943163829712
0.33092006460900075
0.09304980848685636
0.2687951494830331
0.08194198759873787
0.10920492390112772
0.12674263867089897
0.16929064217803658
0.09816754795363357
0.49869174806118255
0.21123283754966493
0.3199653743867773
0.16795490431877583
0.23173978578987925
0.2146043422138277
0.1502283995946771
0.12104356570873069
0.13128206653964597
0.11992874621291662
0.09966410628958776
0.13217463583056713
0.11820459082003981
0.4587500918149033
0.09156074973511882
0.2432251317760008
0.26732450263087054
0.2904152166901306
0.08876951729646104
0.09653917630511347
0.23812653991820493
0.3717551096686411
0.24924909079574945
0.12275349328316988
0.19948923652086792
0.20984276373115957
0.3595566626927195
0.18395025354097544
0.18384454521579469
0.1844261003860623
0.11181103957696327
0.1336622513154356
0.1585054299127397
0.10770690527794032
0.07544977059997467
0.11375410995092819
0.08861297556244344
0.4835494133565091
0.2194135364813214
0.25579663903219435
0.0866293717012633
0.2824611557847632
0.10237805178766372
0.17877882813957033
0.08642000963216787
0.15738251572577083
0.2721506060025679
0.4559135582611359
0.1524155863014708
0.3043251188485865
0.334510418913795
0.3521185852683763
0.23659536831598457
0.09870752194569861
0.11838815955207867
0.039848580484496285
0.08787269300086731
0.07975643958468176
0.0955130807934802
0.08420376785977737
0.286217219288702
0.3888626877446293
0.3009446125889002
0.08139531997387757
0.2017575992366506
0.16355273610029575
0.23990954170092757
0.12998178845452585
0.08486142534001308
0.24577543551695766
0.27484564832003805
0.08935107859950385
0.20669459955982344
0.2135567949476403
0.3168275721346177
0.3431928923591648
0.16432535714590302
0.29255004131594936
0.12838184888633367
0.13030336975369886
0.1273667370517241
0.09646442630169387
0.3521105821161896
0.352806673564665
0.2936595188889407
0.44585291478259914
0.09777208626756446
0.3103165901435717
0.0855592989036644
0.26725012185662805
0.18842559928709218
0.29927078550834324
0.25105571117946235
0.1605604264355503
0.13841578614297093
0.24466270009865781
0.3034735589131768
0.11824304413467282
0.30728778550404406
0.10119166672945634
0.33041796374968563
0.08796797905661871
0.10069264951550641
0.07561154664959607
0.08837489663831011
0.11168785300736292
0.09234592033990173
0.10377657205314086
0.19158074327258084
0.20503116950106137
0.20359901524015442
0.22455604124260234
0.20303370650094552
0.12858948161568629
0.1711488634389938
0.08104638319205192
0.15973348383118122
0.18240058169042117
0.10128471653794312
0.09079335063105011
0.4402598027468362
0.4444682536471056
0.5091459998357801
0.1382720154114686
0.17143527081266585
0.17153839935098464
0.04289596171244078
0.13686597878862425
0.12664319979524033
0.06729483054391412
0.03998815519722652
0.1026596320863128
0.128141002930458
0.3481470940005341
0.1402583389316754
0.21980786888063275
0.14479938506110407
0.223142322730276
0.264411797587622
0.1783090477808121
0.15646622966080587
0.08094683420534872
0.05927249113917164
0.2671955923192277
0.32741884353766243
0.2429904416093178
0.48460519006093494
0.15498937961082923
0.12810632383427953
0.26102973241983646
0.09508380852025107
0.05890783934804699
0.11939135099185025
0.12100997674009777
0.08037544478742861
0.1260754123426062
0.12434818299499704
0.1441329806703472
0.17398807775667283
0.20529946467182886
0.23019725651911768
0.16298883146171092
0.1412806658988394
0.28494927892189587
0.15141819574882856
0.1352764446925855
0.17115016153412238
0.06862423375905659
0.2677707872763322
0.19231397840664702
0.22936965246551316
0.41593728956923565
0.18421861263634223
0.1261503461893773
0.2140822925233539
0.178176758855248
0.10114727937961253
0.10087898420884422
0.1328511203594225
0.13227642285038285
0.10656684182913019
0.15676712002077356
0.17617840385870043
0.08660610924914154
0.17927608058201305
0.11967208781454693
0.08814628296367874
0.22075667982544056
0.20293847493129108
0.1002566396206793
0.09020083641226986
0.11251165264337179
0.11880293288384275
0.09418402238716449
0.08178976285310748
0.16596284776275072
0.15687007620833643
0.0448267452385431
0.09533861297261999
0.09646442630169387
0.057199644056350245
0.09948384932084964
0.06761441445387947
0.04803458593996634
0.1004939174651962
0.11874744258200645
0.19142260811511203
0.148689183639738
0.1712418035133116
0.16224667156225117
0.0866607283845498
0.0626206575849527
0.12888015333648617
0.034111517551570256
0.06919823382551575
0.07994295197927359
0.07423300854478727
0.09046006349874221
0.06182307737420976
0.08215198128922369
0.08156583940809538
0.11424886923790165
0.06562820391014729
0.1347035821548436
0.08142152480124243
0.13575903268634767
0.12897626253809982
0.1237222693222034
0.04305879887729275
0.2038254925766953
0.20168329456682904
0.08197057357912219
0.08613616457513155
0.08189551302348193
0.04516916874039015
0.10787304224572301
0.050597570511890275
0.07735047189182033
0.04181595207449069
0.062246229085649835
0.05168573831145038
0.13536752499368354
0.1444645357970664
0.15993730634987915
0.15564322567761515
0.17671567411497766
0.16169301633331157
0.09604098314018393
0.14154657054047823
0.1369450235951331
0.09760577539831258
0.09256183005145023
0.1393961384615853
0.41241648925349167
0.24194679021453144
0.12979445072005283
0.056786228852367795
0.15663287338318033
0.08478211368506548
0.14665661725276874
0.2110024536853103
0.07827365303301875
0.08960696557202485
0.2695413759029551
0.12507920861166444
0.1690464833330312
0.1252401857144792
0.11275417846951576
0.1445296306969564
0.14597697768817938
0.16019091451515538
0.08072064648986521
0.12052127954400603
0.08768157168294538
0.04824632570043483
0.13477796292908678
0.09379599170056364
0.2613537313731542
0.1420672788049427
0.13128206653964597
0.1631914186900756
0.07192916613094694
0.06268229949522792
0.06935014063934414
0.07671626080519087
0.1928509571840761
0.1326475293495619
0.09924209011960891
0.11465519956620242
0.10988123262365053
0.1562081410345613
0.22518446423454688
0.22279253249039876
0.13936785817209926
0.11198879957629074
0.14500333419718617
0.10221199961328113
0.11510752730510419
0.058841539022387965
0.04082560347360823
0.12860435866688266
0.24874485993455414
0.14270450712554691
0.1484745475031235
0.0904228994023848
0.07775194048862512
0.04906224098768126
0.19796538591766585
0.2358851141394037
0.06670971454217259
0.07062997306610504
0.09415354631043694
0.1108037329141077
0.050735408077458403
0.11232563640612792
0.282200657479557
0.0860040427800059
0.05027015903502408
0.10136191551622702
0.06922875375060421
0.06640559535297307
0.14050528254583086
0.07975643958468176
0.13091016266842898
0.09027952803137704
0.4801297581834304
0.1977007386003573
0.20551407923458534
0.17938215117562062
0.22509964827452217
0.24542730573809357
0.05275924141204765
0.06765948233503893
0.0478043391101224
0.17046969975059145
0.2062239640843317
0.48579120374194584
0.465251742892626
0.2877197411318202
0.2806875092661116
0.1693479117888894
0.2675476449536014
0.17085263843714904
0.10991493291747059
0.18853374147170088
0.24575407810027744
0.16977718406211836
0.21482748169549604
0.12815852949890258
0.6530191327644405
0.2232752411132986
0.14029148909450495
0.3107387059985326
0.14688606735500528
0.13070532934922466
0.20826616788159116
0.1623541327190669
0.13985693288754986
0.0629481954413583
0.21795584486358952
0.39162171746970237
0.11859198091649847
0.29442712040102564
0.17978199998827096
0.27134106444001554
0.18260480076760893
0.16704940467224932
0.07708449885705575
0.1347779629290871
0.05930564130200116
0.04117454025543389
0.18898539656762992
0.15535554254789835
0.18942614762711868
0.19111554891789104
0.20637264535490213
0.2108800042238072
0.16918693468642793
0.14441867537930725
0.15803678983973654
0.18704973187079516
0.2539123132632736
0.12108694081423628
0.30189902817745173
0.3074901207223218
0.2786011303568005
0.29867306272159666
0.1200698897685011
0.24507997588052063
0.14648916323943878
0.1510538330341911
0.13872014396398857
0.07007944422159344
0.1473819667602516
0.11187029291007243
0.17242719934762277
0.044291708839743586
0.41269946510521893
0.3248096134394389
0.21350929689733653
0.3161912473574279
0.22933871197265973
0.40284931364993687
0.23815154714692988
0.11163327957763583
0.05005674587256667
0.08145441384522639
0.1415466133852387
0.2042262839887556
0.07081090425849765
0.2141490376264801
0.2524784523780825
0.2144071262527255
0.13693445281524227
0.1290506433123433
0.13378234321799673
0.039615955963279124
0.03924375672933173
0.13631250573748596
0.12741036594526087
0.08511731231335198
0.1930002479934324
0.22748484707865582
0.22234335150974818
0.18524311148708228
0.19893874900585032
0.3280483105074954
0.15330386057695103
0.041314114968164284
0.10370717935249955
0.12459627730475345
0.10426780500282991
0.16920461849084611
0.18624945870553802
0.140339613099629
0.24647463806362005
0.07951106135201888
0.08082009697835604
0.08766065986590997
0.10633577841126984
0.1119690014664124
0.0960692161976469
0.057681283323354995
0.07090628265354434
0.2368355724372673
0.1330979037605003
0.24141199465722818
0.3788918372935225
0.19492067545382807
0.33651161509207655
0.4014260972327244
0.22703206205359006
0.28654289728809895
0.20148967324692027
0.12023564058264866
0.1685966853107391
0.38640209386847285
0.5463157312663496
0.17176994646673632
0.3418617065928447
0.13692279318840928
0.08267475484057188
0.11213950810329097
0.11791413288720545
0.12927549123015636
0.0569851299039352
0.059603992767466786
0.05953769244180776
0.04573398087128985
0.3688502547942989
0.5248505876365621
0.31594731283348554
0.13018068943150293
0.10091251730399571
0.2035944525630345
0.22447258267626494
0.13664497118325827
0.29899567350440215
0.2586300500390474
0.38363589201756476
0.4706870819407936
0.12029013992138364
0.33719337062147653
0.15222554771313004
0.24684938573271223
0.13970471268146653
0.14345231945724854
0.05394562647025503
0.08885105448657676
0.10645952376082286
0.11788889803554833
0.12368897412773823
0.07757548292620886
0.4192004511778374
0.20808097969257205
0.19855782272723746
0.15689972067209162
0.1374345671350869
0.21327110023868023
0.3274919427983454
0.24165010799537837
0.10332905753959634
0.28962454090279
0.153703753420509
0.1508104771050726
0.4241608322631355
0.1861713144505532
0.2412691817167655
0.4517130773075735
0.12413713881757263
0.11251609954543466
0.0946601802354313
0.041663051749989945
0.03884829504326261
0.14632470750641716
0.06853319298597046
0.07115177468812098
0.40056468995692657
0.318933019881799
0.1328111907059463
0.2659289589938579
0.2619589856755452
0.23765586226647342
0.10730969163746724
0.36349884372762037
0.06383216862198347
0.10744926635019747
0.3250664289027543
0.27688061623278487
0.18917026065377845
0.5440508241236766
0.3129614287460822
0.1275247625312367
0.11844553178985492
0.087582730195577
0.10753912821894474
0.12672151548611257
0.16359082040073042
0.16753622641775656
0.18211876191745593
0.25850609582402156
0.26898042119867976
0.16869394309322738
0.3201896166157536
0.12468674337238764
0.3669558919449565
0.3635178300655585
0.16429220698307254
0.080139147559305
0.3038463151594757
0.27373195757724916
0.15675116364941627
0.3790676697967983
0.42277953009653385
0.5456453608436139
0.23714530540100517
0.11445126443883338
0.24044450693021743
0.10694245506820568
0.12363041468998784
0.0833445457387592
0.08616770413639034
0.10665599959646739
0.12872170233950844
0.11495146623174818
0.4812436093549633
0.3584133344014066
0.09591109009782717
0.41087755320718305
0.17801637439449186
0.2604609517817712
0.23398396663828414
0.2601926566110037
0.1498160233569644
0.2336446951590892
0.07893053769707375
0.3017628011055777
0.3709258652632692
0.2341744297775914
0.16591656496171933
0.11652162267766593
0.21846372004215464
0.12384505082660249
0.0959934222105781
0.08589887582732293
0.14590743172455478
0.059736593418785004
0.086454111510063
0.1365934054399695
0.5129904508264557
0.3464741300125658
0.2797834117387431
0.18374458597146934
0.22622922581072924
0.19245048663865424
0.13259303173317777
0.06180833528739438
0.17894176445532775
0.10552065952884636
0.12680083499343736
0.1649630257629383
0.2386879045471517
0.35568886243206127
0.2870823989138247
0.18064122210928868
0.2607829059866925
0.22368133248703523
0.1533575196111047
0.11613988181008268
0.10659674626335823
0.135336445250707
0.06855453673143581
0.34006889984094146
0.4076509851533906
0.26750886110255695
0.28187090640907436
0.26855302642245066
0.5079463073083522
0.17168469329405542
0.19522471778936962
0.23357777567079732
0.18491060476915638
0.11334040671410964
0.38529241058094427
0.1899504330131168
0.5553173444560259
0.37302514653915925
0.6909677746134311
0.28702795093520134
0.07050849238091546
0.11424042623443835
0.15008869276547324
0.12323544757669734
0.13992647885119355
0.11439778358293157
0.10749391283088772
0.11536692343032716
0.28693271936554693
0.1355510158098843
0.3178516665108435
0.12701298858455892
0.3412991987086948
0.6790964688424745
0.21312800135159443
0.4961197642036482
0.11761495792738653
0.20755316947558955
0.3073122752713652
0.384552053104497
0.20443705416961458
0.21461415415827564
0.25833921893040485
0.3524832659963534
0.19458531126447465
0.16596284776275072
0.12008891843584756
0.1057082972826719
0.04689710347737566
0.06460966735472351
0.10997418625057956
0.04243071267000646
0.34059570886521146
0.30112543886069326
0.20960468480702674
0.13010689471674705
0.34326727313340893
0.34640483461406535
0.2890330249033605
0.2513838434064491
0.11303987317852805
0.16810054979014158
0.16948351339978052
0.35392812861667955
0.26546650393875193
0.4248463983925943
0.3458810609809725
0.30770255883580766
0.0990526865345889
0.114230267799195
0.17189291616780397
0.11157402624452667
0.13188328801100513
0.09166038579135072
0.12182485287240932
0.3124750711569278
0.5078719265341097
0.24772272249898164
0.21046783920369547
0.2373688524352495
0.2341680250464878
0.12359340812266703
0.11996446559167956
0.2676437540147272
0.1269982737998696
0.16595261537378897
0.38173827012794753
0.15076694054863143
0.3669947401170612
0.35420328444818067
0.3294324491241324
0.203689693647219
0.17397663095537233
0.07602070004055714
0.03887155749538434
0.12689360085928403
0.14370365583829817
0.08088962539299312
0.08680357573902982
0.14287511477241138
0.20619401279958013
0.21027770823281058
0.2173660577337738
0.24750684952905946
0.6281919130419525
0.24847482491701656
0.2385680658470852
0.13137195033679822
0.18067946562935347
0.12143672643723007
0.1929288526033871
0.12340730850569333
0.10833323953082265
0.46381041685388147
0.10284330083009804
0.3353256014110656
0.3669203593428187
0.09461256445060456
0.13895283536018127
0.20027626590892258
0.10001962628824267
0.117494847097867
0.1528376296929004
0.10979642625125227
0.30934433189573707
0.27350942166274483
0.1524914688111712
0.35722732072039565
0.16502151056532216
0.09391051921535981
0.16976169725435628
0.23586143512590171
0.07911559966594958
0.13807042818492735
0.12587116826366615
0.27475983610079135
0.2175782391767937
0.16348851351140745
0.3105501486395786
0.45100146909896727
0.16513903937519656
0.04243071267000646
0.12525228052236564
0.09089840385626714
0.0837085497252958
0.1330414284504639
0.13884266825697522
0.2714447126527882
0.4724952769955321
0.22763416834776165
0.1407078511514939
0.2806068588844728
0.25743185965649645
0.1693460260259465
0.18262770052844587
0.07332324908764279
0.13301576740142676
0.27528324547491795
0.38387309475376624
0.482233162698913
0.13855116483692922
0.33802445648457097
0.12531482957967394
0.219118825837631
0.126152389295209
0.10930345257096587
0.13173874708449024
0.1237918152858471
0.130120497977427
0.17003444992047156
0.1379019554473109
0.22704546521934327
0.6557864980201326
0.2611048601916155
0.25189548031760534
0.33359777248176403
0.26255365411376386
0.3053916788445509
0.26115851922576927
0.20095308290538363
0.24521906780780772
0.3260314775618271
0.2677065589871324
0.37145405532258113
0.7224604602263917
0.5277902599352093
0.20874760068014658
0.08760639469037522
0.17014492685177154
0.07123360536631321
0.09857164574023768
0.07516147791953896
0.12302680968576608
0.07000614519343015
0.11524773289729393
0.12434818299499704
0.49346075887914753
0.23209530578853513
0.30168842033133353
0.2793164157532491
0.25112427983903807
0.22303429551697276
0.3187883219067778
0.26166271901000027
0.3977099210322243
0.09327932247545759
0.12247663953661
0.12391530865672484
0.3070265805624051
0.5494406046228484
0.338869812051221
0.17565463022560593
0.21414224904682194
0.09513746755440472
0.060399596675375276
0.12080133884916666
0.12386136124949097
0.12639890470330672
0.10523391960184773
0.15480631353325294
0.4997886247227226
0.23191434561203522
0.16521613927005951
0.24103638141815306
0.17610090600038888
0.2003947725751396
0.24436074574212913
0.09742314948573863
0.10054031807004833
0.14973245972496013
0.09926921318423498
0.35531032825583886
0.490229497724684
0.3761498294170205
0.5391618193874232
0.3675154055367653
0.21301573252738948
0.11308999726162525
0.12252757530963737
0.13901766706096222
0.14110995639925053
0.12768934783452995
0.08804158614452331
0.11323638476483072
0.4970978675009132
0.22107418583023353
0.31418439040423
0.32763103472563254
0.34369615232733464
0.24576489434144722
0.1974321059196836
0.10969388880286314
0.13718224910356036
0.13956142464178273
0.10797557987461245
0.3492921158471264
0.3374477320566007
0.5330429846499005
0.22535480691503873
0.2932466216496464
0.12203925651076974
0.04682731612101046
0.2647973211803022
0.21566203325922012
0.177695669667544
0.1282055250870191
0.09943019028669596
0.16691881902371306
0.5965718595644587
0.19217730756046347
0.18753679929045572
0.2851879320003151
0.22145083395207504
0.2980044542134022
0.34549869636071223
0.17626328082600598
0.238092858353205
0.2500116839570363
0.3016428128703652
0.2306806818238224
0.4322984489597532
0.5818608078685152
0.36887179116636715
0.09919109584698899
0.06322734486681891
0.128141002930458
0.09556673982763386
0.04152347703725972
0.13604243609122527
0.14080280564280453
0.07743878036974565
0.11771343057948476
0.4183616631425427
0.10149407860703855
0.32615376227791704
0.20059163528139168
0.1887965868377684
0.242286879083308
0.3120006656845247
0.11038033531753347
0.31819039879612704
0.1778998943898502
0.3269444380652577
0.2942503429069919
0.29755103938189614
0.458038483606297
0.4368483725055749
0.3391019497757773
0.20193859608674036
0.07941667318553343
0.10535242626806604
0.07422042512032859
0.08028969437308382
0.14083057637856217
0.16572564502654918
0.07442500181580905
0.04843242531740869
0.21142670553482484
0.5037809839507206
0.5318683465308854
0.2373498820964861
0.18375910188617492
0.06092999928064749
0.06473940425473038
0.12299150932288197
0.2561789550982911
0.14484030040020027
0.43765274921002095
0.4784379189196801
0.264413753773478
0.19495200929201878
0.11901573775277478
0.06550472175112038
0.11579402946681776
0.08032782900260187
0.10560097921436458
0.12080133884916666
0.11401065064356461
0.06922875375060421
0.12135489575903786
0.10651147317122966
0.18657246175220882
0.35714825314166126
0.258601327393676
0.3068760163246709
0.2402314959058489
0.044152134127013354
0.03514956515590993
0.04750418333469411
0.10564869293361179
0.11279128979095249
0.18996618594792947
0.19668003503496062
0.23736468736097754
0.33722322330068283
0.3229613217649533
0.13657867085759925
0.2307535073699111
0.18780661953774194
0.19455483329334644
0.11428978753022828
0.15472413143365477
0.1857287932858339
0.08980379110515442
0.06201769735648981
0.1680599125457517
0.1706476505350666
0.36833359405344285
0.27706858561837816
0.14460913851861398
0.2406961854517258
0.12812537933607307
0.08369830273392728
0.16742556758124785
0.29987351236762105
0.39511755624138517
0.5566192264538937
0.11895691063415795
0.44667993174878545
0.2961226464586506
0.2877871741640227
0.15392526376051163
0.1532600191076411
0.16555380728452843
0.13102894223162403
0.12142718470390554
0.09254927337106587
0.09853939932986797
0.14375488239856946
0.08221227988851684
0.2346669628080068
0.23415084585797816
0.47005675557387067
0.2774095624002123
0.3692261633443645
0.2502685650490072
0.4109932742595433
0.21650897360689364
0.17473450827437098
0.35844234814631826
0.45417146003398484
0.1775971907232268
0.5450838765486793
0.37531608923554427
0.16836643916057395
0.06501782672856203
0.1850972018163885
0.17405101172961648
0.16797907102046958
0.13988230613742242
0.15462630925152587
0.33669999704790204
0.2553097524702404
0.07318476480235576
0.18516332603266894
0.2994642152584925
0.3289526326095748
0.16535179119997284
0.17303742199372626
0.4240215242941527
0.3501666690539008
0.44907420966565337
0.10656529316957229
0.1793423809076724
0.42884651358373027
0.35485339865741305
0.31753120546528757
0.21776227839390586
0.19643962477688712
0.1701832114689582
0.19995416318302578
0.17964153888374
0.07415691424962363
0.053852576661768105
0.13723862700558118
0.1445941528535531
0.21217593718766725
0.10767172887026263
0.2402722657575978
0.3137404062229664
0.12964164567431272
0.2854124026632138
0.33619534477714064
0.18581845263029048
0.13065736703634317
0.14730408342912157
0.2647344083704275
0.2642051158825466
0.31015800658948167
0.30220069456380777
0.4149989701442568
0.17788377374317477
0.18632383947978057
0.14920783313231162
0.09008906489207043
0.12343088550149348
0.1347779629290871
0.08359003777333585
0.5432027942997368
0.564029411087895
0.2968417769379396
0.13230229985259198
0.2188818125051954
0.08839731806251364
0.12389582000024922
0.439739128119332
0.3667154301684801
0.18827281320467554
0.17170898423638026
0.2105569621687498
0.3242561403882998
0.27112427880309115
0.3186448320601129
0.4229785508811929
0.3950046424674037
0.2401422124618156
0.2174358415186108
0.17720311536423522
0.08467532572303939
0.15746540042181642
0.13503834615574944
0.19879276436492557
0.3252664719617457
0.35325880717233543
0.6926319897101957
0.13555030851322802
0.3527371276010206
0.17042498710653423
0.3188795450343857
0.19430694536738688
0.1148467261249025
0.2655049009922129
0.26254065504734897
0.12998178845452585
0.3539194089829648
0.291046601249346
0.33885680068024027
0.47080436566404177
0.3415397523879217
0.39112649953236284
0.15527371186970615
0.11101989531604367
0.1511417332626406
0.24174176962562105
0.26537962993603853
0.15142766999467258
0.08572213606851654
0.30021752333218943
0.35983248593518785
0.37029265650448095
0.2622180442645418
0.21512811584692057
0.3835816527733452
0.4575640781338924
0.29345608188680256
0.3285012995192348
0.2598170433719269
0.3848219056985757
0.15918708190732808
0.20984053071082664
0.3090264435251255
0.3807452458673876
0.2632503987695218
0.29389419015442914
0.1859962126296168
0.199889641026464
0.18544562203498174
