0.10550228291895
0.13588595631302
0.28743389416219495
0.14927479589956402
0.16890387929893547
0.274844856218861
0.27022273774573025
0.21414297718783123
0.16967315401250868
0.38745137297162513
0.23216778344819555
0.14709360911695066
0.13380974006132623
0.3545725682008727
0.32715936796769224
0.303962973309263
0.3076483217784606
0.23807226386747996
0.3656549649494045
0.2291570363454225
0.3326632287387462
0.15827335483818594
0.23715297029376606
0.21248293139341703
0.09209410316205283
0.28157108073168874
0.1915604905256971
0.08203455137706164
0.1854757020675899
0.23466918740519319
0.24510295692796438
0.18260383057338153
0.22739579103428567
0.29874181226609886
0.3265608230522005
0.37564490328269945
0.5298924919150412
0.2692370768055807
0.21650421650755702
0.20880847916715572
0.22573615088374113
0.17722166213944668
0.3286800135038561
0.27976799946047937
0.2126787681965449
0.380847998653422
0.14070515307951442
0.26606065903330106
0.31868959145675446
0.1694547880776733
0.2759034232742954
0.1514990389043399
0.2676339480814611
0.13238737023900324
0.22207893474666843
0.09590743868924381
0.27798267141172406
0.3096757276461838
0.24724925583300425
0.3106526673573347
0.17605728601168835
0.09352922943572682
0.24205558087913676
0.2215932449683864
0.1201755598512933
0.21792110245443333
0.3291775973632004
0.0997617778242542
0.14472906773270675
0.2875034655376883
0.10054084637281965
0.13714037551263392
0.19966303266939447
0.20414587891741523
0.3258903038001653
0.31998857854258594
0.2615034294290194
0.27361046123370675
0.32115177051611365
0.24923582729437121
0.3398304344025866
0.2847248646768912
0.24713552572452532
0.18184846004703228
0.278559566471462
0.3139585700550646
0.18014188219120694
0.30842276934131047
0.1339850366640261
0.27832389900606547
0.35852123459745217
0.32619526265186494
0.3567424950810765
0.23941818470504148
0.17675670316571573
0.23525746877925438
0.30284802430125085
0.3005507666734217
0.18390473621361422
0.31512602703619225
0.3070762568953561
0.19161232351725022
0.3893890394196302
0.18200558926448054
0.32775886430301987
0.448082078225295
0.21333670595823312
0.29471900152960995
0.3317592561909207
0.2942216059905952
0.230258793217303
0.25621032395735277
0.3303195296919518
0.47435364724455803
0.22609814400669154
0.5035811587647883
0.49682534391797994
0.5060343833478541
0.3314599549644591
0.26574114571998353
0.18631947379272462
0.1277079316257941
0.28108827183999024
0.2808727785211659
0.21544731224635116
0.1948151502207494
0.27187859056683605
0.20955062868048943
0.2678695417072325
0.17461819720647806
0.16169192885918596
0.25032756661850475
0.28194626381609506
0.208459177642513
0.1334591468559256
0.31910769733475886
0.18775154082702092
0.12410999471190205
0.2722620225806727
0.2205026449533785
0.32007691635346525
0.2743641290097011
0.2899143104022021
0.14767670517127277
0.28808670570754263
0.30410234193526414
0.1582301926481061
0.2922560087251372
0.0879390709030347
0.26102503380539416
0.38991346910235053
0.09626280329034415
0.20280299798168333
0.08085911461957618
0.18601698628503416
0.24874842659844756
0.08501414687859432
0.19818124480653906
0.11524777757538063
0.24276036090566522
0.08337400256582406
0.18797639029575774
0.1639607557257999
0.2053963485240689
0.340354864085306
0.19693432667476182
0.3881868849641897
0.36408798727693514
0.08431708554566696
0.31172116015667944
0.20081665326424586
0.2959618534521707
0.13671187270603366
0.2400463489626777
0.24185518818466253
0.26381314708603976
0.22421953917181478
0.19076165853866525
0.24277587156616942
0.2596104992504721
0.2604956498837558
0.19450630336004615
0.12754855605643775
0.2150567865202372
0.2511681939816792
0.3660379226390594
0.17367997847552374
0.5096689490692979
0.3074218158810492
0.1851132124516516
0.22723316730693718
0.2992745389389032
0.1622929247291654
0.2012709301375988
0.14645067359651504
0.1920018741444195
0.17871507119699176
0.13238737023900324
0.27664672261296946
0.18274371400418757
0.20685128017430868
0.1950915594754793
0.152676990809499
0.08567020460370248
0.29167030853946235
0.08068143231902612
0.07521428460979177
0.27204755795491986
0.2104765207581789
0.2310327970000511
0.2649705536818455
0.13392660446312615
0.2591579128899707
0.3790747086118718
0.20160981643549442
0.08001170672464486
0.1749455500209173
0.21627675629059914
0.16008259821371118
0.26164136721347564
0.13157435501556805
0.21715759111965716
0.27892249229111077
0.18361099127518046
0.14378216901495053
0.1484700197196448
0.2960654178358444
0.22222863196765924
0.20196453296702085
0.18858925498723397
0.22942489953184678
0.11471442680901026
0.2159257961661024
0.1284924097794136
0.2673415749975996
0.2307842295200995
0.19234271822812152
0.21823267205708963
0.27037437789036917
0.1602735786060347
0.2087900088201552
0.09909205222987313
0.24975131821953905
0.3181540075168246
0.2143518632003698
0.13328385025322478
0.3464261484975151
0.24940989897148746
0.19585253410879996
0.14393798821735074
0.14265247979754803
0.09344722222008833
0.23712043856711346
0.07818021224205135
0.1721125732629758
0.20321127586496024
0.22365538508711222
0.3025228308405812
0.18138055355970228
0.3632918765175835
0.2981179913444487
0.2838259055748695
0.20784158247623954
0.21255773981636739
0.18709223856403887
0.27079324032090657
0.17658884304874922
0.20401381405394758
0.2755003933222617
0.1494514574724994
0.16140345084159613
0.1717768530290428
0.14169808718284532
0.19902007626588464
0.2178310677731434
0.20745862478658472
0.2036986765608839
0.07792052272586271
0.20031663106740177
0.21250670342294214
0.24403461235905846
0.29665650366737023
0.14183442898494583
0.1952274984040217
0.10186662969230899
0.1398877986963426
0.12892091258601385
0.11409861095767841
0.21581406528814262
0.14834982054564871
0.15512905395901352
0.1427693441993479
0.2424737868818421
0.23985679878187977
0.4473547385882046
0.28704419556391925
0.20909775236792674
0.3119388084017498
0.1294857571947156
0.17363972675437073
0.2828718545743694
0.21626665164864298
0.17222448000762045
0.17040599540715043
0.22124510161415484
0.2217006862041969
0.34004894677038583
0.2665037376642571
0.30803723982408177
0.38465740776412916
0.2993755555524742
0.14502872263415395
0.27444140614073687
0.19166827688957208
0.24895731261098614
0.3242955344666952
0.3101817519750695
0.27765310483301464
0.2034744384495493
0.37248588109333164
0.33933532736949856
0.12749906236411063
0.26887049505940713
0.1599147380967447
0.32509630071316686
0.17569358909159494
0.1151503905738804
0.2254888950773857
0.17975692736913768
0.4267467328165806
0.4361586115902901
0.15903932686162733
0.2652400274510679
0.13003112440311673
0.1353874094856297
0.08469978588531338
0.2733313607108187
0.2912769862774223
0.09685052166908642
0.1450092452338533
0.09352922943572682
0.28159574859361475
0.10346577039726022
0.24203586006678357
0.1134843185744325
0.24099934386163205
0.37793057884566195
0.4280010504505948
0.3560868394338224
0.32769580950034494
0.26776722707056133
0.12200643547949716
0.10435017210750458
0.34871296215365705
0.29494008132179933
0.5253732638169735
0.24114924286836964
0.24294884320568189
0.28734490438613586
0.30408699489064794
0.2908786483480084
0.08292296287981216
0.24205937188275334
0.13586593433444277
0.1426671110784377
0.15666664483344309
0.4076861251226007
0.3608163622061003
0.14032051572272833
0.19344953978007154
0.15677943823517212
0.25721580433936686
0.511677973501893
0.3542450341665216
0.23419283985441725
0.4029239890120582
0.1963655624960184
0.3352259353218644
0.2528982953808881
0.3675421728869848
0.3003671007779034
0.17316133404186773
0.20861095802872395
0.12190904847799693
0.18447826854617433
0.11937698643899079
0.12477222632210402
0.07399784424448713
0.07331445078083278
0.24945371908049896
0.23477685393649123
0.32632215403410675
0.4779879309764638
0.42432703473456224
0.45131544445415545
0.12016790664897133
0.27231011275238104
0.07895928079061729
0.19856903544110546
0.2546097347591433
0.31483262975470855
0.3206872084294428
0.11204919230075784
0.3093983497233214
0.1708362780317163
0.3796865934367425
0.17726974180904528
0.23106274420348455
0.2008439010561857
0.17723230683045377
0.17835137427689737
0.3387586736009697
0.18348947578333713
0.11240407713157413
0.3269706792695864
0.11722931475525794
0.2922560087251372
0.3532092035400472
0.1881870585826012
0.08226690515470408
0.07114125956641214
0.2424613233108983
0.06674020566047846
0.21783316244033826
0.17330612515137556
0.19179217384616468
0.1707194136299164
0.3702910584739086
0.2543080772042349
0.12385678850800162
0.13380572049215453
0.2610374365008018
0.1705179021517941
0.12976702824589406
0.21497381071543123
0.2812458872710191
0.19541286473017253
0.17212207433208196
0.2386815876609314
0.21286485303623376
0.1995209563101049
0.1700982518593779
0.27204755795491986
0.22712175509133725
0.2148392638962934
0.09830243931433968
0.26075869924879946
0.2513814497744023
0.3125109157040209
0.13971139235224034
0.28239574336710643
0.31827238389327067
0.31340732627671825
0.2772921947382211
0.15661952371656224
0.2831041356177053
0.09031728015655169
0.13135365734263907
0.11376749515257745
0.22253191225693608
0.2623382103434824
0.13243544990860187
0.4289260769967467
0.32248114696182983
0.18761445359538576
0.21898216981164909
0.29560085574917355
0.2689522186141362
0.2539150845439448
0.35813611159987596
0.1880294215759149
0.14819250659525074
0.12187009367739664
0.2294647798931941
0.1395031613395565
0.2534650744880538
0.09329687565808438
0.1656942443525035
0.10702831464876057
0.393065981532886
0.14255622035905044
0.23878491254922968
0.17983229722820512
0.31181407257401417
0.2217900533170176
0.11686440180028532
0.30076042303994344
0.26140908617013975
0.09567508491160137
0.09605778525124817
0.11113804611207108
0.2588184978277025
0.3631946393598986
0.2533148616185424
0.18643663657745038
0.2966960929988628
0.2802703068890081
0.28153133467354147
0.267541305714205
0.2569163150537056
0.1456092793785444
0.30261574325791496
0.16786011696649164
0.16584579556289375
0.29518274987116816
0.15338080750617478
0.08304597370326992
0.11178080032197245
0.19944470023573024
0.157605479285379
0.2574603084334305
0.08817142468067715
0.23290790398091127
0.2689522186141362
0.13932184434623937
0.24156275040906197
0.2770183722823075
0.2818962741923594
0.21084677120160208
0.15571383520513762
0.19828055742351564
0.4894161583085873
0.2298284768132885
0.12749906236411063
0.10008980668680834
0.42400139847915275
0.22159341864850524
0.3024763746319138
0.24447601397270965
0.1213771259009854
0.11752663341048633
0.17155303953975448
0.25356175159514
0.19538832636665215
0.4073510585482113
0.30077822689037953
0.2419983352933591
0.2638159416347553
0.21214788359898243
0.20994578025194416
0.16763630347720332
0.08371569929765119
0.2769719160736401
0.2856900324988528
0.17332720890198208
0.40686347550703394
0.22037474322857542
0.18815553118126377
0.3216425484435752
0.17015456902121465
0.16671307283388762
0.1425012050411938
0.19335881894020632
0.08012104967882955
0.2271914821474625
0.07910962735262125
0.22077618310121166
0.12803616014035413
0.30936981033126365
0.12994043317922727
0.11959123784229189
0.20350107410480928
0.24096190111934995
0.25373187201629815
0.08549252230315231
0.08880014666723912
0.3049105826950295
0.09780727251820223
0.23886115533827135
0.11774088481378742
0.3372082859889858
0.18945811868284723
0.22462481318732724
0.43218210923063904
0.3148808563720041
0.22517912151697098
0.19773921778652717
0.17258099492061701
0.13986375886154379
0.25497749075542553
0.08072243592684532
0.2554846604317797
0.26712319983620053
0.12847293237911298
0.3972117821868703
0.296061108438516
0.20978332849868117
0.2862631578070731
0.1434315758095499
0.24948594796642118
0.28301215720550493
0.3060547124612394
0.23693455509820296
0.4056218220151866
0.24968841365487257
0.37546099812481964
0.36401216720461615
0.35945801324408266
0.30468296061481964
0.2891355650729824
0.23374415351506242
0.08813042107285796
0.235269684406566
0.1364981819896602
0.1738191511188021
0.2730231383369308
0.2104143554414131
0.39919820107695214
0.43845369740070633
0.35521703881558536
0.28508243198142563
0.1538309028798593
0.21350932365094746
0.2599934569401269
0.375226797404695
0.3445465067387416
0.3573343387832699
0.23645895143346488
0.2120912577871622
0.37759606404672036
0.3627232259751898
0.2517901754497375
0.10761263665776198
0.0817611939915999
0.27761491541544275
0.1677761869080084
0.11813043281978837
0.280556963385697
0.1856333390742762
0.19140921615650985
0.23155168878556037
0.18668842675290012
0.15880714868328574
0.23417029335793751
0.219643642184689
0.17426677809737973
0.23125122057364692
0.1839308594020605
0.07853557684315157
0.21015212098640257
0.29414397056244673
0.14576886384555554
0.19840193661590022
0.09531972031050114
0.08772038499466535
0.2241695057896995
0.3892901529530346
0.22437839180223806
0.08635359806735673
0.15168959236538662
0.19975761487340685
0.20735418178031498
0.0760343567661769
0.15140287956514267
0.2657295135761861
0.2744276967809993
0.15772535611732388
0.2964370675051824
0.12644728274790867
0.21119681144521152
0.24103200990282725
0.10065920475064499
0.21779327335359236
0.18928554169569714
0.16312277451941395
0.23534715310785956
0.2790042158458408
0.1960058541142625
0.21355113348563687
0.13330332765352446
0.31306839020802746
0.20795473922111568
0.3050869679223837
0.15621084652497633
0.11641642159338346
0.0779478584644089
0.08074977166539152
0.07931464539171751
0.07375182259757158
0.2467441657197792
0.12722637875991052
0.20284730020446565
0.16646128265843788
0.21758454476724487
0.18655454007385447
0.3280383486834221
0.2905880581262922
0.3367419072620927
0.10180837136834815
0.3273769024775145
0.39778859654497656
0.13300203589639883
0.30691925201903586
0.3356461076202692
0.10095088245101257
0.28138525589702024
0.2338702631204122
0.22110166557878816
0.2375821966123029
0.3039070011362637
0.2440783148326189
0.23447357364721436
0.19263148896746937
0.38030056193281175
0.148670996490262
0.16544214308785563
0.18160728039764215
0.07104558448150056
0.1213771259009854
0.08044907854138368
0.21750724091204016
0.06194278354562536
0.19260089476982917
0.17082706608286896
0.19589275649989576
0.1814286332293009
0.3072283891268237
0.2877497564844223
0.19896942983997248
0.18575944867962602
0.2633137907254934
0.22374503341404356
0.2097215565890895
0.24991063036220876
0.15238900951941303
0.24733633838823577
0.5318398972832286
0.29818616184859226
0.13301116664902374
0.2730093523293412
0.07677242170692354
0.3869610316432498
0.3314185926315576
0.12736304476597818
0.23806071492645975
0.32774855214685156
0.24389509550261848
0.17106746443086016
0.31632032481472905
0.19099648747936865
0.19852256499903778
0.19461864845541937
0.2573945111946632
0.3910880711570799
0.32720041954374524
0.18240799377025457
0.30465981643927065
0.17639300624562132
0.10437938820795456
0.24059414512306768
0.2953897885690653
0.3087015065933137
0.15236103283325256
0.1852550102582287
0.2675028406607808
0.23197272965649793
0.2618271920481442
0.20539657591279034
0.12863680296865446
0.22991871339917785
0.2996425459032166
0.16612274715910472
0.1818373104208868
0.34928647291304116
0.28916702816094325
0.19015509326139798
0.11922116723659061
0.16726917053259185
0.14101767093190407
0.22604947990255042
0.1433976145770211
0.30182598771057345
0.2765538101956357
0.1272909252615807
0.3442789629995872
0.27005895151292364
0.19285311398052785
0.35461882062026384
0.12527157913845
0.19628960072629864
0.24495236430381884
0.2689349919742203
0.18087270147233817
0.2229489226546919
0.13003146642868504
0.3183288174110644
0.20662238009882566
0.30093511539775814
0.46477704331687075
0.16118518233750248
0.29539963606547615
0.24115890147619937
0.19259150753288778
0.1591917860400728
0.3138116895467015
0.27014691767341126
0.2734463770649407
0.26921372922622366
0.33716458351542633
0.23730674986618205
0.33878157503714584
0.1257071415365061
0.277772921947381
0.24019798910731566
0.22375666462721774
0.11592948658588227
0.08278628418708128
0.1737790361714354
0.24463839484129257
0.41480748718911986
0.23587144102408217
0.2978006334335801
0.0883901105890465
0.09835398728912612
0.18888066141202325
0.11803304581828813
0.11577366738348209
0.08229424089325019
0.24083931578725584
0.1691750212160622
0.15269675306718555
0.18758803795719153
0.12473327152150375
0.1358491064500831
0.26633706486279823
0.49522318439198276
0.3356786994143861
0.16097073381521138
0.15871174059181786
0.15910341419807267
0.1494514574724994
0.24708024428075867
0.11088742341254607
0.11470241036697951
0.2100670751107173
0.23894695791404824
0.26376419712668026
0.14431112829938922
0.22493663141333783
0.3093253702347383
0.2674019370882038
0.1431572162290299
0.24319288196392522
0.1424119813502555
0.23159241089908378
0.19121368911098607
0.21017324046890107
0.1182278198212886
0.17628995011572948
0.3085246405200054
0.11273258576441268
0.08915551126833934
0.29960489490877185
0.2781317256955912
0.17530191548533913
0.22255192604030521
0.1617987642924941
0.4051066464016384
0.3925205143966464
0.37951228039506907
0.2931733050359546
0.1412027574602501
0.18647699853712577
0.211193451453415
0.2796244267133147
0.13747149131773492
0.28877018063599225
0.20050890971647428
0.3152053758067169
0.0850688183556867
0.34422312832929763
0.2240967687058356
0.08551985804169851
0.14606603623972797
0.13823280632190588
0.19802360779985273
0.23706603282854463
0.142149542384457
0.22164257155104547
0.1776569065359286
0.20484008992899752
0.31949868515263613
0.4281094309937928
0.2884363254960222
0.16544214308785563
0.1866422159170718
0.07714145417729687
0.1663213992276318
0.07622570693600006
0.12599277418242552
0.23586224980333872
0.21979550044446086
0.262291754134816
0.18194463311780773
0.06976080476983043
0.15728492959760268
0.2661011632455232
0.10001645054074364
0.1935677049527458
0.22952539113713782
0.1665452127169211
0.13096901998585292
0.20512606431323346
0.1749455500209173
0.2219632617145414
0.13069335601331872
0.2539150845439448
0.14414284945579545
0.33725198846254617
0.2529357612569465
0.14363563819085995
0.3664930301752676
0.18506577895555706
0.3207801208467766
0.2259253579834011
0.09281850023352638
0.17472151932033356
0.2695651452746057
0.5340879293768012
0.46507310496699217
0.31475827103991094
0.22378551260249477
0.2742223955540791
0.1904652793846462
0.19534323605932696
0.2957477794197077
0.32428244930934025
0.21060304093345206
0.45577226472532306
0.2554713244107297
0.13862065793543807
0.3820094038701005
0.13328385025322478
0.3277248492264656
0.13197869304741736
0.26803556842287546
0.2223587016082796
0.08877281092869292
0.24800745655619685
0.13889334153963814
0.20221675217771948
0.25048269524531414
0.0840847317680245
0.16500942606147087
0.11448815896367937
0.33992007881764913
0.162964196888302
0.17586144920856142
0.21581406528814262
0.21711077708611073
0.2602012247447929
0.0817885297301461
0.12333089869990016
0.2026581357964419
0.2800257602799566
0.2508635324412395
0.3215234201854516
0.39301334486672124
0.08013471754810264
0.28161753694035613
0.18928554169569714
0.17947044172334098
0.22704320655992996
0.36216239839174835
0.3449404353726271
0.24492549352372098
0.28849305582309637
0.13860118053513745
0.16063417612802292
0.26163796046586363
0.17522929663295342
0.1359452657892794
0.09824400711343972
0.31727995804562464
0.181548832403296
0.258205256283133
0.20102109859061995
0.33302348552190986
0.35655140152049425
0.2701686915479411
0.2734412442149352
0.20524870770264483
0.14630643458772014
0.301984092299623
0.23394283314097963
0.28705291335441463
0.15854388047485138
0.25365089932272233
0.21449112054206185
0.07248071075517455
0.39255909514220705
0.09633114263670914
0.30405588572659675
0.3206407522207754
0.2746955618489485
0.1836804336925696
0.1460805022503559
0.16615353911066533
0.12052615305669397
0.09158273621082325
0.1791071669974466
0.103970362801653
0.14498976783355366
0.3791485284828896
0.5807490645482346
0.6027693074564707
0.33160520726617565
0.36383326565485724
0.23430143140891188
0.07093624152731587
0.2418199984440076
0.2804561317236776
0.0632002275187492
0.15335010618387593
0.22249237775052788
0.17767841900063122
0.37644740893058254
0.22473069435419307
0.18890258400604326
0.13417981066702658
0.18030520824826596
0.1431331763942301
0.23353536096984073
0.23036645749502138
0.3183179417874174
0.1063360229446086
0.2872182672410345
0.24934027030064096
0.2926754654313426
0.3370960415312901
0.08608024068189499
0.23205403365385616
0.29885279035587514
0.17717015296843938
0.11248198673277376
0.2697712037302292
0.21409841797045684
0.2563667911858236
0.2583253212131798
0.13245948974340072
0.21505553427016125
0.2001452127963799
0.21442149187121629
0.17989535203088006
0.07401151211376013
0.14928224533232037
0.09986063133834346
0.10252989541843972
0.13842864312503378
0.13453040387242818
0.10203064412358652
0.21570962228187282
0.17913472148940798
0.10294639136488294
0.26387126522949894
0.21043861072201894
0.19102452470296233
0.21355113348563687
0.23529411764705793
0.1398877986963426
0.28319202866882154
0.12418978657248814
0.23160455410284483
0.10630765083765865
0.2823127400514785
0.1690638346044124
0.19765552171873735
0.08698232005391869
0.1470174857764853
0.13566009308983074
0.14002303075704164
0.1934980762818993
0.16038964329447808
0.4701368317117135
0.2821448799345111
0.15751373622648374
0.15808595363931116
0.07843990175823999
0.2727908572935949
0.32203443848078983
0.073669815381933
0.2502820587257738
0.2313185216612926
0.30893278559566417
0.17482631182060104
0.23705453065548338
0.15491269544582115
0.26495324271954374
0.2342197078541828
0.24324470858127814
0.19123514447939455
0.11528847731847973
0.219922156868075
0.09245921922432536
0.1412263117411413
0.23242041196182858
0.16911298077350878
0.09730156135509872
0.18334076902434673
0.19534377868617792
0.24883633000615987
0.1190848254344901
0.3009433197458973
0.24612499351864175
0.07535096330252256
0.1282002487749129
0.1373876558772295
0.2724594298791481
0.2447851034826294
0.17374750877009795
0.2872530815764578
0.4551314763122188
0.19263119624571132
0.27365784360813883
0.14679367228719695
0.1882411116330024
0.07261738944790541
0.14293288959696762
0.18503627305305417
0.062284480277452495
0.11125635545053685
0.18827592596842566
0.20927889007728384
0.4336660431710463
0.3724281952320502
0.3112101418613403
0.231852509434822
0.0841120675065707
0.08255393040943883
0.27910652708743944
0.16469690820908126
0.15402322155825188
0.18689443512777046
0.248400283244216
0.20157202379059505
0.3832017481257019
0.09750657939419469
0.2774354389871281
0.09567299027383314
0.0674919384704982
0.21208810418669624
0.2006957314289976
0.1356366508086147
0.12112827593807239
0.13330890955755578
0.08848582956311567
0.11659319877595153
0.21151997203041645
0.13462307487532538
0.06965146181564574
0.3530722838912672
0.2543046936456596
0.08453577145403632
0.23353536096984073
0.08520549704841757
0.23413798429945276
0.26319070800571986
0.23135191916248385
0.12632933186961398
0.07388850129030235
0.18371016759269834
0.16587486011424038
0.2723525460153474
0.3114238265885837
0.3367610566282813
0.13195938703282178
0.22349444978585706
0.1558860952895489
0.08576587968861406
0.24259243073157868
0.1927900591778539
0.1599147380967447
0.20916452722231937
0.16075403868157717
0.2317061410075627
0.12459846376407406
0.17652192008778417
0.19355825539725544
0.22507188467962988
0.22987501092561746
0.19165507272970947
0.22837005782551634
0.24868008499533567
0.10267303397942101
0.14602207004945594
0.47111241209372356
0.1280054747719124
0.38436325496022966
0.20559018412081537
0.28449782187772066
0.36832444716370843
0.18784422917088878
0.22737242464863022
0.13693089901604594
0.17913869439878408
0.09742457217855592
0.3999508814839309
0.16231696456396422
0.33103043574575197
0.16101630133209474
0.22926138977246077
0.21760088139700237
0.19819071759461493
0.15065448369830667
0.17918938442298232
0.06068533957250143
0.18040788616279238
0.16000156178701674
0.1289256340279234
0.21392633404870323
0.21056073876004888
0.11239088903258573
0.071756313683701
0.22744205331947576
0.10698935984816126
0.1518601311158049
0.14481596483017142
0.09160205986822172
0.3625336757943909
0.2646621798793807
0.12019503725159297
0.07962900638499845
0.22165894589633728
0.12445422475527913
0.1039898402019536
0.23295299275587786
0.22136383429904313
0.15804030012395187
0.17774873153623397
0.2697316668123406
0.31173449951492666
0.36602846808859574
0.14321265645857878
0.08712241154211238
0.08657704433371095
0.16729698957237765
0.09333570223782749
0.2117865920809888
0.13897882700923747
0.178736798062481
0.12051169184821592
0.23121255053648176
0.10673239115352774
0.19993551407998703
0.29313971759581725
0.23852922620938463
0.0938810694462288
0.13190657354301988
0.2864025264330743
0.09958794773414241
0.18363282747674342
0.07777017616385884
0.2094150397457094
0.18291910298684866
0.23021525367244677
0.16460456238226845
0.23282985887627916
0.15957642339685893
0.19087703206365733
0.15596605441583627
0.17337652135821663
0.10656085704156001
0.09577470183987463
0.1329211326456086
0.14117035836881947
0.16289627544494564
0.23131719255309818
0.2509321747963245
0.14250814068945183
0.08773405286393844
0.13606546496327548
0.1868856757287107
0.10126524344429388
0.26915652750095936
0.27765310483301464
0.2760621678755856
0.15420749411988396
0.07737380795493931
0.24320426536141893
0.2962070241163589
0.33565546015722475
0.18128439422050596
0.10315231198905178
0.21056073876004888
0.2546980159076997
0.12368495004170595
0.14690743045769958
0.09567299027383314
0.2223802721122972
0.17983229722820512
0.1669928396954978
0.11758506561138628
0.10662304819934335
0.2530569872192871
0.0978619439952954
0.2648468456115099
0.26544882440346074
0.1791067448032466
0.07730546860857383
0.2562276024823003
0.14200330415866963
0.07079956283458501
0.11534516457688086
0.16012933959723977
0.26531771698278045
0.211335887260813
0.1987132744499004
0.266132755975975
0.2373542053906192
0.35774142297483336
0.26053469247701777
0.2366479269505402
0.17046646856088166
0.19536119946283487
0.26085462176592805
0.16026004966879095
0.14105533297294395
0.27720419711697597
0.16972123368210731
0.24717343576068526
0.16858751080667947
0.23951560845644299
0.22288137537904296
0.1845159777427248
0.16508154556586835
0.17734163252255505
0.13673135010633333
0.11949385084079166
0.19487086766611808
0.17977640476943832
0.44130757800891396
0.39677475745127083
0.33843348014029995
0.12704284489333328
0.23550774410398778
0.20711048143235317
0.24285169163848933
0.2331963989161784
0.07857658045097086
0.22105342084671084
0.2033065783325828
0.07923263817607902
0.22660650926932055
0.22591174075073636
0.16479306754827852
0.178736798062481
0.18268776063186476
0.22973481912726265
0.10472998141335521
0.29745910409585974
0.186516106311722
0.1993120702975664
0.30465981643927065
0.19934775865602095
0.21395226628131545
0.22350081989773263
0.16310516145748422
0.13193061337781967
0.18110417287125552
0.21569617684164877
0.27083969652957396
0.19811819000386413
0.33245644710228395
0.2245129064426826
0.24285169163848933
0.2304218165499999
0.21225911790412869
0.14113324257414356
0.263788219501251
0.24277587156616942
0.27502075530961917
0.1644749379410004
0.16387943215150994
0.15139783253226857
0.2116896419152863
0.2196507495088055
0.1946817636862871
0.4186259942312726
0.23302158902193765
0.06813432832633327
0.18981555105118883
0.18758803795719153
0.07771550468676644
0.24895731261098614
0.12289163549333297
0.2743204265361416
0.08636726593662983
0.2992308364653428
0.33362296095176586
0.2118274538583538
0.1634380485327875
0.1938719249202669
0.1691280414856908
0.2412981588178924
0.06713657386939798
0.10566489662775728
0.17456722120486884
0.22401887946857743
0.3116860414299443
0.2746582119764051
0.1893203560311204
0.18427227739476298
0.2008565684817752
0.2054293547262048
0.1157998842275795
0.21908748007435153
0.3480034591257353
0.1986106794402196
0.1875788589177719
0.2178568306966173
0.28296476699170414
0.24784325387744585
0.194124734319516
0.1900809213043057
0.2057527223508501
0.2159136315948189
0.22177371153374348
0.12700244724398993
0.2441738327546208
0.15510274807703828
0.19342060720460008
0.06736892764704043
0.14164270663668233
0.23496194977087748
0.2264662179879375
0.10369767919745292
0.2278209946682974
0.06423898558350379
0.21040070068585895
0.20701861725373633
0.21711388864609674
0.21548978814074085
0.13947766354863958
0.2828718545743694
0.4766871571337841
0.1308491752157189
0.4657809632025156
0.28721462618319626
0.1996950279872212
0.12656973021760518
0.12251284788729896
0.1456186514684315
0.1789495299907603
0.12498647772540417
0.2852023424525821
0.22510979471578987
0.3263263700725453
0.1409579459714437
0.20557865067373476
0.1358491064500831
0.13370956115295726
0.24683224543524845
0.1353442699193009
0.15759267314537426
0.18674483812226028
0.16553805201512217
0.21685849535083732
0.3791977414290119
0.23510120711257046
0.36342977012498834
0.5252600297176808
0.11932049875403988
0.10067868215094561
0.20930130963723045
0.2704215906515695
0.19248846055462784
0.1670487930678206
0.19717236796374443
0.24270005149385043
0.23376453107245826
0.38542950746975707
0.24549755840682635
0.2805342675811453
0.3569181015645476
0.21445707455493798
0.12287414476504215
0.2504009716905841
0.22429029595457228
0.2644751959421729
0.18224352704634536
0.0836746956898319
0.1721685266352986
0.09880502697513839
0.24416571977973878
0.3039507036098231
0.17258817692771483
0.1557182351725824
0.10819695866676339
0.23985679878187977
0.10504161981815557
0.07409351932939871
0.24831702104498754
0.18393949544644866
0.3113495104873424
0.19081737245431646
0.10891762247786534
0.1387098467911835
0.159539385857689
0.1068335406457601
0.18826123956864457
0.1299833867590864
0.22795210208897773
0.1234331393426932
0.20679924725069568
0.19858403985665496
0.24804536659235588
0.32658858491390497
0.22182714457121874
0.3124180032866871
0.1868856757287107
0.11721499500568595
0.10437938820795456
0.10784636546136275
0.08721979854361261
0.08454943932330941
0.20324591291884792
0.06944644377654949
0.07164697072951633
0.07040319462566548
0.2994102648598807
0.2613610839365253
0.2455984564179032
0.23948781337588798
0.23924947463590152
0.2702606477818902
0.23459487807009777
0.09134237035203308
0.2505644188000432
0.3538221302005176
0.30749364516796784
0.3508613888938174
0.5256520010689758
0.28095354929784533
0.22994038355793214
0.3546018704658679
0.19955466866787103
0.17572156577775536
0.20954748491197422
0.13058649633927547
0.12863179745636014
0.23046925119780765
0.22743867324759404
0.18104243578894136
0.16385551399111062
0.2538271081669504
0.10740211674790881
0.1630621994427386
0.1937767677650547
0.2224323270983879
0.20742697169889313
0.06854436440452577
0.11145911766575045
0.13124857176736004
0.2680446301093267
0.2186110008731381
0.0921761103776913
0.276951769164062
0.34380735949654634
0.07029385167148082
0.12214640061455859
0.06350092064275713
0.20532075584047038
0.09045304699342041
0.15355982396557438
0.19263242217116663
0.13764529591252317
0.11919748793058174
0.17845828337909592
0.09989958613894373
0.23605848783559222
0.21278734376365643
0.06307721669529143
0.1009513657551457
0.18632782772450449
0.11459250651579196
0.1988462546980156
0.2007046437144927
0.19940679019957122
0.26388535822091935
0.28975086329274397
0.38609755023281095
0.3505585506024302
0.1440947697861968
0.3955281605922461
0.13774825339921679
0.22526143486042782
0.24735600034961946
0.1808133226590729
0.21588369395898815
0.13487560398257606
0.3011512991774816
0.32768114675290516
0.12054563045699361
0.20566384057337547
0.1293343112195093
0.21317589251138686
0.15193054704465678
0.2136253720623982
0.14966682798414663
0.12854099667113728
0.21894939253561652
0.12891534298374646
0.1518596364263272
0.12330031268491887
0.1654181032530568
0.4511362423668431
0.32500763583548914
0.1315114068259209
0.2691991667694207
0.17526082403429086
0.12827310604856104
0.22267248936650344
0.13635836834911308
0.28840242463971
0.30768918355582564
0.1755130432449895
0.20660969706989776
0.20688750983305595
0.1700982518593779
0.06735525977776734
0.1781613449573259
0.25030605229868697
0.1911105327344751
0.19238020296046796
0.09499128126333148
0.12714846915870995
0.15463108098207695
0.21748515338845395
0.4458402345787858
0.3785710833913952
0.16753661070664191
0.1245263442596766
0.24622568485669474
0.1698381110042673
0.2082245401658944
0.15137883973034383
0.21340897965247574
0.15527383519197832
0.27752872671793255
0.10261836250232881
0.20279350383988215
0.23719006723795996
0.21491199498885374
0.1499550378233989
0.20300493721115295
0.2908623224651227
0.12197812177096486
0.20463866361730887
0.08586155477352564
0.13682873710783355
0.3533317888721413
0.14744392027135922
0.17628109950097764
0.22907809811713578
0.22053101243702442
0.1805574274589646
0.25612162052163545
0.20005926197733387
0.08535584361042144
0.24284154287812434
0.1120145291255732
0.2383095883226988
0.27268689009610503
0.3279870640678253
0.1294857571947156
0.3020292580836469
0.23981888874571983
0.1679341453870089
0.3479570029170689
0.14105845162417482
0.30523747691394676
0.2217915158570991
0.2585660691877773
0.24120707178353812
0.28160274874514896
0.26482517910030606
0.12163636487379684
0.2443405296739786
0.25162682501152406
0.2269463114832743
0.2487544795035388
0.15658551244357533
0.07740114369348551
0.2071783476122915
0.24779741703066044
0.1332287644569739
0.22859092638844025
0.079396652607356
0.5138056678588488
0.4278152256159263
0.20806477018677574
0.1708536223857271
0.2504009716905841
0.34225824720632086
0.5324346075343823
0.3411743964516624
0.25810680884537957
0.2812998302190977
0.2896162922821423
0.15205195510472075
0.12970000859801575
0.2792074163155589
0.22662619616217414
0.21214456234920115
0.16338384718071822
0.29831308452058336
0.24696858239195352
0.27117048864972076
0.1231801135109228
0.08735135252429202
0.08644927315226832
0.2578786769483158
0.36824633761023956
0.21779315773698438
0.18260670854589134
0.17748610032223766
0.2491313842881024
0.07495459509360312
0.13890216546957707
0.09259981432515701
0.1447198054909751
0.14094306794406192
0.2649247534376952
0.24443515219534556
0.1350317520669113
0.28723873818908313
0.20346316406865025
0.2738396993269807
0.2678961629228208
0.16749642004639728
0.18212822690864344
0.2380604256235384
0.24391317265095788
0.14010415720953498
0.25926673729560146
0.30572830923861544
0.23780965682926078
0.2401790340892366
0.19653562704756958
0.2000512608142849
0.12220120948249762
0.1141170957916382
0.18065158651075516
0.23131719255309818
0.1809823226972751
0.21050845872944068
0.11277358937223204
0.2006350150436462
0.20789863829932417
0.2323809278727734
0.2428824046554884
0.15636169895428698
0.31878250387408824
0.08405739602947832
0.1382505873297368
0.26593890365969425
0.20571790801542686
0.18720970914114404
0.2713221287943597
0.18317420176996357
0.07622570693600006
0.2730530548029007
0.21434894679030078
0.2540785316534029
0.17745687926315476
0.06835301423470261
0.16661460892150498
0.23284677912769786
0.10658033444185969
0.11272278537328576
0.21240226041667334
0.1409455514275066
0.20056538637279966
0.26665863774952875
0.19139656517602732
0.2647058823529402
0.077483150909124
0.20425570592765405
0.2505644188000432
0.1363779828156651
0.23660519185385834
0.130401195008818
0.19186411369269996
0.2941821818787493
0.4415932279797892
0.12663280881514133
0.35551962241062735
0.15597044817698416
0.20342525403249032
0.22702803503800337
0.10656319758756079
0.15606063661984865
0.05971492085411233
0.2635176022246371
0.16635565681022374
0.17493821856524572
0.0674782706012251
0.10114613975814618
0.1757652624556882
0.10174993916744819
0.1375333891678785
0.1027822413833505
0.17877161239790423
0.23494449785857832
0.24138646023459098
0.18661068851573437
0.18337084490405395
0.19478176578809844
0.365563906001924
0.08247192319380034
0.06341891342711856
0.08813523635771482
0.16139925902174956
0.20202062729083733
0.09578985467563342
0.3731362680146719
0.2647026209736091
0.4967562392779994
0.20778490640090674
0.2879555982868623
0.23910485568623316
0.24063668644485248
0.09863355511944068
0.19770083857238804
0.3139046019640363
0.06993848707038058
0.07421653015285648
0.20649596696141884
0.2153245271723117
0.23327988697479513
0.16878334760980734
0.16099184051394572
0.07927705875121652
0.11947437344049104
0.18812400377992727
0.12787887166996126
0.42309305827794297
0.2489127744834916
0.16212463901385038
0.15892294454601363
0.0714917122769924
0.10151271051848129
0.16870714161016398
0.3280148848811568
0.12532202539991003
0.16114013509283232
0.06704167627802654
0.22484804994908064
0.1828401043978192
0.24995149213957277
0.2464531450736526
0.2088163838680878
0.24177913666664258
0.13421439768373947
0.23353536096984073
0.1466817655425523
0.35455764219308117
0.17241369517961397
0.2567170090947554
0.18029876099373943
0.22874915818711217
0.3418200852994746
0.18572126714595077
0.11130443512013545
0.3630090754572449
0.10981358289166808
0.08163818316814211
0.21738143222098127
0.1971987648575528
0.23034137970581636
0.12075988186029471
0.28437199545494163
0.09582880947623361
0.2826238965125417
0.24722489292893912
0.27501966611310086
0.11744872380928673
0.1910343421428653
0.18724796047612144
0.08632626232881054
0.15552239836945453
0.07200233533061655
0.2192116073769772
0.20096110168211548
0.21658945896337636
0.2006350150436462
0.12919633669187675
0.14133734019530925
0.16274968159034897
0.10000779947116956
0.26493975802884373
0.15624979220964233
0.15120541681389824
0.16123113043917353
0.17908494141671255
0.21722450719458966
0.22458701162485725
0.10502214241785592
0.2290302621288719
0.14181098548027607
0.217926074857673
0.33603456051882064
0.3384799363489664
0.21643561018086058
0.13433562986942774
0.18291451831325992
0.19447848549882157
0.2198363622218249
0.23337418259858494
0.18329747600291474
0.2541735862249793
0.24584625626663945
0.3823529411764701
0.11176132292167278
0.15859983384717322
0.19635737063958217
0.15889663164778767
0.22763542246911045
0.2021774201195032
0.19729283884302343
0.25670832969146024
0.19308030425682124
0.1514509592347413
0.07357414029702142
0.20319779381553243
0.18277526097156788
0.24569530635433945
0.10909277031861216
0.13921199033754342
0.22531261203575245
0.1250792604600574
0.23125348880941232
0.13269952824422337
0.10328865379115133
0.14176290581067746
0.09836087151523963
0.42688610144258265
0.27638906209450287
0.21595332262983466
0.2856864364824152
0.11102118171027021
0.16553805201512217
0.2677306921567179
0.251653282350035
0.17721552291720621
0.20889782361681655
0.22817216480421423
0.08720100596228805
0.20108760140414753
0.167245130697793
0.30045613474488025
0.17675670316571573
0.21697157600359537
0.1267620488959987
0.16234870979275884
0.29958045625382335
0.15684882165328207
0.2203915741630973
0.17942244101082017
0.19819801156402514
0.28296780825021184
0.08733768465501891
0.0836610278205588
0.10025382111808491
0.33786382309238644
0.2333959923438386
0.1630384916849598
0.1838636753741287
0.13786845257321287
0.19714185822917518
0.06869471096652975
0.19042211162974254
0.19474442673275733
0.3093518935146541
0.36730651673085185
0.15459916772613883
0.2418510223212628
0.17744866765182443
0.20148942418509694
0.23442006817585795
0.21165173187912636
0.12080333084355215
0.17329479780348658
0.13651364779069633
0.21757059662900505
0.41176470588235237
0.06982914411619591
0.17116226186043645
0.18399391420473443
0.14844429677070045
0.1296026215965155
0.17415870611726836
0.11478834331891888
0.21151997203041645
0.160250385952786
0.148752040318473
0.061751433375802106
0.11483829083561277
0.20741438190297146
0.2525565947032597
0.2577152298388567
0.21325134264578943
0.07067655201112723
0.15331775270349987
0.17703089562674637
0.06969246542346504
0.1044378204088545
0.2659009936235343
0.3384228927968765
0.24120707178353812
0.18492589552475197
0.14214606738974622
0.18118797548571175
0.06668553418338616
0.1478004574694649
0.08908717192197395
0.21281865162735003
0.17146910948127123
0.16832056054868716
0.09952491606854441
0.14638172440928435
0.12327627285012002
0.23409447328561855
0.09347204403992782
0.5124119815988335
0.48049656624449133
0.24754064727505895
0.3871880158239121
0.5303041466384476
0.3858472794948351
0.2994032846391388
0.301036232163232
0.16254454659588577
0.3347169834469266
0.27033331456080445
0.13649762130273255
0.19948254916347358
0.17242335791392976
0.1822335438192655
0.1564389654358971
0.06136873303615569
0.19136986253373306
0.16548209864279936
0.07249437862444764
0.2031065442928468
0.25918676639429816
0.15176790313796984
0.1671940041756073
0.19463766119837403
0.15500115158777825
0.29764492893052824
0.18928481054495408
0.16164295936971235
0.12099361066389451
0.07251436131707678
0.24300406125362703
0.33945551673097735
0.15544600766439043
0.17163517288049635
0.3739149798608898
0.41141618395641616
0.2421337028680476
0.22187945109005744
0.21876228661368188
0.2329314302571668
0.22935715634778914
0.16860854235211148
0.16700064488390715
0.24217621578193343
0.19842479643231054
0.25755178272939855
0.08006637820173725
0.15269567516596105
0.12916776327909488
0.1385314014762856
0.18036010838213426
0.14587044164388124
0.22479616382731618
0.26529443304498057
0.07920530243753283
0.2647074769855078
0.2181610293498746
0.18697229833921722
0.21755091338169716
0.0708268985731312
0.10712570165026081
0.41486758150511216
0.16735251037910964
0.18702435499800998
0.19696704833493536
0.24030811268151545
0.23127349007953774
0.13859909219954944
0.3500131107420669
0.14791137787856073
0.16101630133209474
0.18675395884200496
0.197709990385455
0.08112337224969778
0.14332356647956204
0.24694597554372738
0.12432839329984847
0.34061707892666665
0.3674503976925085
0.3661678367145969
0.21466519221917812
0.2745826413775013
0.2860056626247413
0.17777023253853363
0.08881694536821647
0.15794171463051626
0.14515252251735986
0.34026745913818607
0.2196507495088055
0.2860326894502226
0.19659217365392312
0.08632626232881054
0.2185560702735765
0.12409051731160238
0.35954277903156895
0.44482130839159667
0.1793982704355209
0.14019117435318193
0.20050874152834522
0.1954383608901903
0.30397076181564275
0.1375559347208242
0.30205826875390934
0.4076566733677113
0.1668845331758057
0.2848527226641025
0.34352572937192516
0.24440041516708386
0.27859788337699043
0.19042550407755265
0.1569212326775083
0.18056153248362317
0.19779517115884904
0.17930258160637447
0.14368609259461093
0.15683730261902504
0.4763155074644461
0.25797132672876966
0.08356535273564722
0.16132571264318493
0.08207776486440009
0.17790374729831976
0.2704641043766284
0.11615920094081224
0.2783095656306413
0.05858048770444617
0.19618456920143915
0.13325295618523297
0.197525831780725
0.0984387811164402
0.08383871012110895
0.06920042212963394
0.1783616581967034
0.09485493946123115
0.15269567516596105
0.0860255692048027
0.2837033202427754
0.137685742721036
0.15005664881638983
0.29560353115986265
0.13373360098775708
0.17647121832300425
0.10212000977314852
0.09136848480752273
0.2667515501668635
0.09966915507733932
0.1274337562055408
0.06389728885167656
0.20415126292138522
0.30729758083508435
0.22555701105287626
0.11273519293667514
0.26474958482650063
0.2504418334679491
0.22908836640153735
0.18538007682051394
0.09415375305042946
0.0670408987844864
0.20547581093487216
0.08180508126019942
0.06549642955662763
0.2219253516783824
0.3266322873874654
0.21549689712437714
0.09393950164712894
0.12140116573578519
0.22537516496890678
0.25762290516376535
0.2518245782711297
0.21814635958395204
0.1659602406397741
0.08743335973993051
0.3201502553679422
0.2309583011972148
0.2920701838904687
0.15798434675163006
0.09747924365564908
0.3114076052960094
0.374530198409229
0.3530722838912672
0.12066249485879448
0.2080123684078031
0.0741071871986718
0.22637881304081758
0.10778793326046279
0.18831395857005473
0.15498870497437908
0.1405176277605384
0.3960318154007502
0.23865226932573277
0.28170614456778226
0.29050460709112447
0.16911298077350878
0.23721432195981412
0.18019783556352878
0.24201767084297773
0.12518125172840464
0.1771014629654506
0.22366662297143394
0.18904926086063634
0.34977962799644496
0.09510103440213169
0.3668554199165868
0.2106424623147789
0.13031540413831935
0.07590342896928498
0.18126284438959364
0.18015957640074876
0.13707513802484084
0.16114571228783198
0.13529619024970227
0.15851590378868996
0.0779068548565897
0.2683488974416838
0.15451579395431922
0.16183015106458223
0.06946011164582258
0.2581942137925004
0.0817885297301461
0.24355388514989854
0.0945043462558303
0.15781948053247422
0.16121842496285224
0.13291952403823926
0.07664357018068677
0.191399579708721
0.22397914082382359
0.25552836290534015
0.09898270927568778
0.1891959354253968
0.16229286479930904
0.24012389732056633
0.11550098377928104
0.1776569065359286
0.07833055880405532
0.20164348233298815
0.23426566306241434
0.2897248993915021
0.22436849925705704
0.305605232910229
0.1997100704888481
0.12497185708155303
0.1478004574694649
0.24169741311191353
0.06246216257800256
0.25471939212206807
0.16437791678808708
0.10979410549136745
0.47812729960246597
0.2111960038300079
0.43111361643129426
0.1474651127550629
0.1999475221034799
0.1643236631972952
0.1958504989087747
0.18306966174285405
0.06143707238252117
0.07208434254625504
0.20745524368033552
0.11585145739304063
0.30408181103050347
0.35722401887946775
0.16703918136030133
0.16032001462363157
0.16315430192075142
0.1755234674190137
0.19299012324097464
0.18252955948789856
0.08614854152710992
0.14628983744810062
0.14893544391760935
0.2114686618529362
0.23845412744397348
0.1763394808146141
0.12368492951814294
0.15501881801855505
0.24179021062601985
0.13566009308983074
0.09142691700842287
0.12834867799274374
0.13207793536646753
0.2209457284210387
0.15428765974104286
0.16704294586669485
0.22183694531634823
0.07690910039965441
0.3414001498816632
0.22042831026316492
0.17474238176211782
0.09611125952706319
0.07157944610267443
0.1687352504151732
0.0939236345603389
0.21644072332575925
0.1467600532253328
0.11474213149641647
0.08566160651960875
0.06525040790971208
0.2188167287132939
0.25290759998404827
0.10796289808305168
0.15350691711152362
0.18673832255645775
0.06187444419925988
0.244080920337287
0.19235552347388263
0.17059516271826408
0.14650783401463416
0.1846976961696403
0.18587290729058872
0.17086875825684772
0.26927911283305345
0.0921761103776913
0.23166334502679825
0.05868983065863085
0.1287207330271377
0.19692334586137494
0.18315706668997395
0.057418718816233914
0.18730880167817446
0.08213619706530023
0.13563097450892525
0.17500816028064778
0.30943319187982193
0.19630929096998356
0.16344460461784874
0.3225174338306862
0.11861736782728954
0.16709522708791855
0.1711259032244988
0.0874243112467631
0.19404758360274968
0.17747574512717373
0.12115980333940984
0.13000766059054777
0.19237724783277907
0.12378110938090224
0.16399881642649122
0.09779404796300449
0.1952375722483052
0.21170597370821018
0.2116707454066505
0.10628817343735898
0.17356736094335237
0.16816786051426322
0.14758054583207553
0.15205328928548004
0.1961725233615069
0.15331224016272874
0.15731290628376407
0.17438500613458674
0.10344447299355249
0.1520566566500066
0.2584358888154405
0.09966585733534297
0.15535647754040494
0.2878426689017561
0.15509786431015885
0.16239839174897233
0.16119496488319301
0.06153274746743276
0.3180856607440815
0.10618395030791312
0.11457385265282177
0.21230661655449648
0.0892064933742174
0.06194278354562536
0.14875849773723462
0.21047111266497665
0.13546311439195877
0.2949479940564629
0.5489904728607629
0.09871146472064028
0.15092167020186215
0.17037407682700303
0.3278465966798575
0.15691187645595694
0.22508033099241653
0.14899849872028426
0.16331643577561855
0.262906999752105
0.11947437344049104
0.2268921231304354
0.19011883134046567
0.20054960330570926
0.12652165054800657
0.24774932261165947
0.14956238497787686
0.17762614620413986
0.13036580452991425
0.08817419115831492
0.13263746908968982
0.12510334212720503
0.165658501601048
0.11366033893045366
0.17643330828684523
0.0764098413770862
0.13093329775398646
0.1356366508086147
0.17286976488784098
0.23254437498223154
0.22585438335809727
0.06854436440452577
0.4447252855707737
0.18613827754370563
0.15269567516596105
0.09973688616425744
0.16637531684293302
0.08548565254583183
0.14774882467567024
0.05933222051446591
0.13938264131239395
0.2210386408383725
0.1671832594638987
0.21583554546764994
0.2815435305670605
0.13758557943616587
0.17461362655118312
0.22980942812825028
0.21861050890088599
0.19566894301060744
0.13123863478163506
0.08760115800815836
0.19327620693480171
0.12089632920500204
0.08764830135021365
0.0806753920427966
0.0812597140517981
0.09927630932934203
0.22244559042041734
0.0756106528187112
0.21438632909393385
0.10739838525446185
0.08318797668150277
0.10803501758744914
0.07894190341609242
0.0897705653856282
0.204801999087381
0.29351014681029186
0.3620742722967225
0.3309395348763122
0.10802166206406356
0.07387483342102925
0.28339981062137803
0.1425984362488035
0.08211671966500007
0.1346238138071263
0.056817332568218144
0.12616105302601927
0.14810857653676748
0.23729831387188052
0.21415657516813857
0.22895725898085803
0.2453019840922994
0.33992007881764913
0.19373702864647296
0.23769295893017744
0.3349794598374259
0.2234497923685618
0.20706231972729577
0.08278628418708128
0.1391935806771069
0.15599448801178398
0.0750502701785147
0.17800569701859553
0.16150940920792636
0.31949823721421056
0.42688610144258265
0.15835022103870894
0.09659205622304655
0.16069399528013284
0.07049886971057706
0.14778685387129573
0.08272107154392781
0.1034577854236807
0.09662738288853505
0.19938638982427728
0.10433288302837712
0.05331835803430809
0.11519888835760006
0.13244661301817842
0.15499084133239363
0.08786255275351416
0.15173943725233113
0.2430049899875825
0.19418695222875082
0.1259371401222385
0.15396381435189194
0.09461715259677916
0.15251207547012777
0.11428476296801941
0.30956882531460006
0.17642733788377277
0.11817239773510092
0.17017799054329089
0.11580014511206119
0.08182455866049947
0.1003903501213139
0.04541832959446444
0.08469233799745943
0.09540030666963248
0.08041324740320795
0.1009513657551457
0.11400308323583312
0.09893298539658274
0.22126652442958797
0.1453448411957534
0.1438876483039028
0.1907491927873807
0.09894796003336476
0.15107149409606244
0.1336131268676603
0.11596336413768434
0.3275480073550467
0.1525664765502714
0.24120707178353812
0.21946860622554362
0.12094321427435724
0.215231614754977
0.06086302187305149
0.09664013589264421
0.14659810982922858
0.10689891782149379
0.1452712585636422
0.07831689093478222
0.146742423808601
0.12144354995144595
0.1429889373854352
0.22690270742485924
0.15934521323178336
0.21769379381433712
0.24848046815444566
0.061204718604878715
0.12743380546372857
0.06473102887733488
0.08287633827670202
0.15751620024319735
0.09018036338921977
0.22238587088972053
0.12573127653332505
0.04939567955293251
0.15180150290968025
0.1391906434871669
0.16888434113772802
0.10751440491703791
0.16369553613721438
0.1671453494277397
0.0981065658153941
0.058307130318984435
0.08305163487940244
0.28965446103977593
0.29624512975969636
0.2390722843410736
0.2634822130932606
0.2855829620015498
0.16191376443771224
0.16274778523322384
0.10293857261002565
0.16189436191874892
0.16695579924694084
0.11281894471248301
0.0751596131326994
0.18765842146665498
0.11308176546309352
0.13796390825221339
0.047919549671439216
0.049231665121655444
0.1385314014762856
0.13957528084395396
0.07387483342102935
0.11688167679354136
0.1531482615264624
0.11334763988170155
0.2407132243684984
0.29375531747448
0.24578271130145932
0.10628010964710942
0.06761494929395598
0.29978191452921776
0.16606437996845308
0.1337576408225559
0.058033772933522784
0.22493663141333783
0.23509983177256805
0.1857558034931502
0.23716175582443708
0.17198279906324018
0.22023548588688333
0.1254754374324525
0.16843224629709386
0.06124572221269792
0.05834813392680373
0.10202262277164828
0.2216978914614245
0.08558369691840856
0.09144639440872292
0.16652393565381846
0.1809237966985177
0.3374114435496216
0.2758987207661275
0.1860851324184949
0.1781982110872453
0.10435692286317691
0.07023918019438842
0.1447422995397426
0.16508957857660392
0.13011956733519245
0.14760458566687532
0.3217557012287875
0.08519182917914447
0.3344113276811461
0.23979741457183215
0.29950772764540856
0.13985555233245478
0.19663935755991954
0.17636428308109786
0.2181610293498746
0.2774354389871281
0.20714972467441567
0.18057528308927145
0.26786149674576015
0.18637924347115464
0.1769950179180138
0.25812384761250395
0.1737159813687605
0.10701082456613843
0.21549689712437714
0.1899664029682652
0.16149675403995645
0.1491046256036132
0.1427090761076793
0.2207848964251373
0.20651863773015977
0.2798028137959026
0.36398439490724105
0.06490871117788495
0.17885199952507977
0.17313135069402844
0.1465683521314857
0.20882065795890853
0.08803784935621459
0.14663394361998303
0.09813060565019295
0.21574263305031613
0.24222502447480732
0.2363294004247249
0.13129458815395786
0.12348909271501601
0.15795110946836233
0.13884275850013106
0.16703085394633277
0.09942914261648492
0.1587273839699327
0.3725787935106663
0.15349434519267083
0.25524584122713007
0.0907819877118366
0.23355498910703867
0.1269022484266677
0.17799390220042213
0.1177548439949765
0.08002861004642134
0.1068800097490877
0.22866250613258962
0.12904576308732701
0.16181703104682765
0.11764349781228718
0.08106494004879754
0.2974884961908656
0.10663876664275962
0.26317629577834045
0.0906478209964209
0.1279066672256016
0.15603785136658382
0.23350231623109852
0.0579791014564304
0.18926259411003152
0.1599424425574122
0.07806542040259029
0.12746528360687823
0.164491646896566
0.2070874876840542
0.18075505240904116
0.111496753798529
0.2190517984824956
0.23609045244653462
0.12009899455365831
0.13937952259082584
0.1526527401450915
0.17537874844908416
0.17652192008778417
0.19531929580303428
0.11447599425589297
0.07867044148496245
0.08560865965291074
0.12303481164496544
0.10800569301874112
0.05210204580262697
0.08751107431186438
0.06439228539195696
0.3588742119538522
0.0816633188127646
0.1561393173303425
0.1096686097514409
0.12691198321824984
0.05566641005753568
0.09072839322038884
0.12245856604664793
0.0795751609754542
0.1127960842583683
0.05338755422243008
0.05567625739486685
0.106114094369779
0.1303796861597178
0.12311653519969545
0.06988379976117357
0.17121084715788998
0.10817748126646375
0.07797102433093538
0.14429298412021557
0.11387769116914252
0.09281780215957727
0.09481298939990676
0.11488585047327891
0.0858884265145216
0.12086913744463877
0.1651536650702658
0.05911353460609656
0.09942008109242727
0.1826930065973567
0.11539028889467623
0.15110940413222243
0.09723050572436606
0.11463994934667392
0.07019350557815462
0.06495713000065832
0.1266715098304192
0.11034005021930687
0.14204248852647516
0.10763454816568982
0.27204755795491986
0.22332802301628774
0.06731425616994804
0.10372515039985919
0.1378676368283337
0.07079731348354186
0.11796795125174858
0.09414082039330679
0.13034906979323796
0.12916118441990776
0.14819508784197183
0.10751440491703791
0.09320243951636387
0.20199606036835732
0.18958133030329472
0.07820158260168474
0.10172323088169394
0.1622250806657413
0.06369109898115527
0.2333030799265048
0.17288698540337374
0.15953062056304623
0.1605628878594525
0.0717742201056749
0.1839241340405314
0.19735964824695218
0.29611529244274676
0.14150860938729135
0.06046665366413208
0.18315821866122173
0.14985578183725184
0.10010058308435087
0.13730773890892609
0.27740960436728224
0.16564660794337502
0.0687941778597677
0.23766996354121758
0.15429407132892414
0.2646933922222527
0.08291339022232116
0.10397736961055784
0.10396136577458019
0.07050818908617183
0.1745824321712074
0.2422226719905998
0.20042701797361517
0.18997465256533475
0.1480386912032939
0.151619238078336
0.20092310248548992
0.22915284746096595
0.2802309872918684
0.14883597037695626
0.12004796031720294
0.06973956075237855
0.1042295888212565
0.1304493148305643
0.14095270101936552
0.13415943053249163
0.12067083836858573
0.1544697973313663
0.09881452979238396
0.10781903469667545
0.17467912824490797
0.16608112745468173
0.13030828782403228
0.11502659823648072
0.043627845393454524
0.11335548463738881
0.10457639408452711
0.30819049113343694
0.10890045237385654
0.23887782567543003
0.05364638700113979
0.18655528794146142
0.3298225679573451
0.14026713379057265
0.12387115985442115
0.050133744493679154
0.08632626232881054
0.0939236345603389
0.16440870553273287
0.13666646083325493
0.17865571191329382
0.1487368696073319
0.37304335559733814
0.21038467993133586
0.24846991191506249
0.11561098070403743
0.13020605357246234
0.0555738924061104
0.035210139731128444
0.10193855001496402
0.08275591193592298
0.037914882923997716
0.08046151488401562
0.07322543070386224
0.15741639511952601
0.20977191576621337
0.1932195785977016
0.4207128697224722
0.29850143971052545
0.2020614915622066
0.19195705563045778
0.19084210591358103
0.12516378354978774
0.12925229017092116
0.35324709378550706
0.21328992220959656
0.26539838251457165
0.14076709412717095
0.18094933902299226
0.05594301605565542
0.28631911245938396
0.11470441326043564
0.15348308714273198
0.09978935425133541
0.2494698405426781
0.11755933347810225
0.054225082435332195
0.08549675290826647
0.21466655012673666
0.17712612533869412
0.17059516271826408
0.1374879818197702
0.15675799952000471
0.15581412386967283
0.14861341152626192
0.1076822650340044
0.2401321426005777
0.23844338331319323
0.14394440729805488
0.14170771516463793
0.18997465256533475
0.07835789454260152
0.0972749377820819
0.11098058732239327
0.08123060178637957
0.05796474329294123
0.1589266898503723
0.14402022737037481
0.07440328870341663
0.040839593387980704
0.08243259352633789
0.17390514577678523
0.12659450487889612
0.052978528816129085
0.13051251690269708
0.08197124347709232
0.11437457909355608
0.03825636609536745
0.11830259592692871
0.11707892666724913
0.10401545120578304
0.08778434676948706
0.20050191554493368
0.23867684890641186
0.1812455135018557
0.3154306651488271
0.070867688620493
0.13828226831377896
0.16704868378388996
0.11247900324253592
0.07461962374020793
0.0975425045279281
0.04107783247757539
0.03257053080932262
0.056782088328353436
0.16532969165088732
0.14480732714287012
0.09048245749916939
0.06108522013297433
0.12507647924537357
0.11604760920627494
0.11894863388901608
0.03678023621061547
0.05162354224281614
0.14053003121540655
0.11621089482385104
0.11544367853721398
0.09109781689127067
0.11651217133707764
0.03768231558587235
0.29175771348654195
0.12875546047599756
0.0819609004625952
0.22047918623484133
0.08890990861991681
0.09669453990163034
0.09914937575487377
0.10099638706257413
0.1496320136487234
0.17632890491632977
0.09861140234617631
0.06334050577575441
0.1018965611222927
0.07582163895656742
0.06410012438745626
0.10341857864342735
0.12032645477061522
0.11258435017565258
0.03833837331100594
0.045678019110653084
0.17030846097382843
0.2158050621541144
0.11572776472318204
0.11850924257834311
0.28145592248771967
0.23852810069049807
0.11494322963595079
0.09466136029055683
0.040306546486330315
0.16181263836401985
0.05057111631041786
0.07296089861546672
0.06265879676525267
0.11143413818346896
0.17738105919083483
0.12083733939340963
0.13104372000843748
0.04771453163234286
0.09458917591061815
0.12330366663034892
0.08980516257707304
0.13295049681176715
0.10654454782990042
0.051131498950614335
0.1450891009544536
0.1416247165013971
0.08793072460428061
0.08750499866896179
0.12130691119445161
0.18777720236521625
0.07399461151183082
0.12705773070469753
0.08068476288856034
0.04978423516692137
0.12721790053317
0.1672590795362177
0.08956554734653195
0.13729557194522923
0.12407132243684976
0.1374174652374753
0.04379185315096728
0.14978255286663605
0.09769458807449814
0.0757086549662845
0.07897818503273442
0.10937045432048745
0.15433175720578987
0.048534603788728085
0.2058010043955428
0.11147271396372921
0.15596940420087443
0.2995576898602604
0.2864489826417417
0.24676427350513033
0.1345986946391622
0.11388864609736847
0.0700761184395669
0.0356184673256619
0.07092089941834272
0.039787167453953026
0.12169121607236157
0.1656945072136618
0.14609736911109134
0.08147100013437125
0.11366033893045366
0.04787854606361993
0.23680231144478472
0.11797461361738723
0.13528407913853954
0.09502946696110046
0.1057271934467286
0.23201317187649115
0.4235877106272137
0.36286163796870846
0.2908456293306082
0.10670505541498213
0.2909710689625022
0.1881870585826012
0.21910085022926137
0.26075869924879946
0.10144346402008281
0.03349994758833355
0.09688829548264269
0.09174228750626653
0.16667518987041355
0.08964691371462595
0.05576379705903592
0.16503346589626972
0.13388764966252586
0.17486575832912846
0.2962590682632633
0.1448972640311743
0.1950004370247352
0.1737790361714354
0.1478008329889959
0.08197987989996924
0.3938029892491904
0.20646794386878473
0.07238503567026297
0.21237202256615903
0.08437175702275924
0.21466655012673666
0.05308600425666563
0.12199449636163842
0.11079805767118953
0.11028593710719473
0.054361424237432523
0.07626478383503313
0.05448012692252043
0.24331739027243535
0.057847878891140944
0.09131800181493743
0.15359942111372463
0.09565351287353308
0.13644188485546435
0.10906873048381333
0.13884831948508541
0.13083227252021914
0.14840997538841466
0.18067923233672123
0.20860749785554922
0.07537829904106874
0.19353073459483103
0.12790940912846663
0.08274511137872703
0.14187726126952283
0.15508328717839145
0.17041617189634733
0.09815575561576735
0.11634590097385611
0.12585427428312657
0.13077422739807
0.03764131197807858
0.17313169005935344
0.13028742745215893
0.07175890687550848
0.09890728434043351
0.12646720094359604
0.1319835408878242
0.06187970075325079
0.15376286822318372
0.10500599840275403
0.17738834018005384
0.1514727733589714
0.0763708865764861
0.15203420279292118
0.20251498915649707
0.15676376272535716
0.1998951140634554
0.08824519634322354
0.09916431854655712
0.10200600278984659
0.0741524479454312
0.05860749750284289
0.14026713379057265
0.11531193572304656
0.045771890705111576
0.09627647115961696
0.11082363842415209
0.032925897078863973
0.14270396089951506
0.15596940420087443
0.029768619276781132
0.11934854316317557
0.04522697942464128
0.15833406170789266
0.11554792590136252
0.05282631474047699
0.13263577742620314
0.06920042212963394
0.15622725901376996
0.2441899815311574
0.07159229925242394
0.10379337470500807
0.045518684501210965
0.07405428826838394
0.0966381034674004
0.10144725676312825
0.05798422069324128
0.09876759024560759
0.08984678569828584
0.15641765232660884
0.06756710164086473
0.08106413265867245
0.03482573090782287
0.10673096247647003
0.07377411912938303
0.10840629534842032
0.08313663299049583
0.11707892666724913
0.10457685287012429
0.1397609701284424
0.1224072033478157
0.17279958045625382
0.12182187876749441
0.12459629008518062
0.0840847317680245
0.06292687013328756
0.15414170035765418
0.07109251109517324
0.05286731834829627
0.2587776360503375
0.2383969932698187
0.15716135392102085
0.0862274426576336
0.08428974980712077
0.22396340173565504
0.2546980159076997
0.12644728274790867
0.2133955935424685
0.2541619176180615
0.13587314628488192
0.09882832912244113
0.1613135724047985
0.19203197380966644
0.3332768409782438
0.10548861504967719
0.2740137413616924
0.2746263438510608
0.263788219501251
0.294235558024384
0.20546777733852636
0.15585024900298905
0.12337718597037135
0.18355038895201398
0.11024238515215806
0.1985538358434645
0.17950402121577377
0.10777029979896878
0.13517175072109044
0.059483980516345
0.10207313855725617
0.13780627124552708
0.13901610259730526
0.07565022276538436
0.05677632896039885
0.24251666055770243
0.2575564534605058
0.1279039206575375
0.44398198623209956
0.4707407624243865
0.12246410868684926
0.1391799128078341
0.39858612018218453
0.26071200839694814
0.3595387829377813
0.3059831940341155
0.13747149131773492
0.22751507735337725
0.12320761751874681
0.19864674826079926
0.04595137649611483
0.22469278431803405
0.1511738894125608
0.12424446324136523
0.17815956023857868
0.1885069113533701
0.257452759320744
0.14441565396350467
0.22625166126807578
0.23447260671602743
0.2726310606987325
0.12027129350022375
0.19846499141857518
0.35158058719310753
0.3126038281213557
0.22604947990255042
0.28587958267965075
0.42605541473647274
0.13396555926372644
0.10190575836984837
0.23046042433663497
0.26108389270946913
0.24143291644325834
0.08187053694578457
0.25558946378811925
0.21742551735731108
0.1677259273937764
0.21715503798231833
0.09824400711343972
0.039254120552302735
0.13353628842768137
0.1557768900078125
0.2834757852870433
0.26619176645398035
0.3214316930338251
0.39995507684520865
0.38292107333274994
0.30609953958426495
0.4759199370684365
0.4147879020285779
0.30065660071437306
0.3296068004935378
0.12318481819765029
0.242688311213006
0.21785476154574382
0.07722773260208322
0.21055234083049787
0.13421439768373947
0.08398905668311293
0.08782972794885002
0.12789834907026187
0.3083182428718098
0.2915774407831476
0.1608129723993418
0.29272872782099424
0.2334997476831056
0.1453448411957534
0.13943311299506106
0.15025959477377757
0.14984013759617676
0.08437982014507028
0.25863123852809994
0.1523475318117295
0.11746820120958637
0.18604319529166213
0.3192935221694274
0.3401800541910662
0.11958343327254299
0.10071607017989499
0.060769488936148114
0.1322608260754201
0.048498726747118165
0.09937584255083244
0.04286243804039738
0.07728632439058841
0.07422837254348093
0.10249558174770237
0.08932955891233467
0.14317966788573872
0.11778648234792143
0.04388752823587887
0.13407261821343897
0.13525255173720208
0.10212000977314852
0.12142584581924466
0.04910865429819767
0.17872883818139815
0.17951702321483254
0.10330175596598365
0.08452210358476321
0.056571310921302596
0.11020421355246468
0.07617611257348562
0.13332931887476485
0.13316143693732987
0.08888193193375743
0.12276024823004934
0.06540949224460961
0.24524002391654426
0.20103994463408562
0.17491402261957983
0.15190771609592582
0.13271905288038777
0.08393005848324582
0.09794637824994788
0.10202267072764251
0.07387441233783502
0.3015470675640235
0.1713304975645058
0.055915253196194434
0.18618484640200064
0.22624770562013727
0.15129796346473162
0.1881828511493744
0.08683197349191474
0.1376906965985809
0.15363068206231598
0.08877002518911307
0.13593086656012615
0.044666596784444706
0.13202517262477023
0.05889965850734359
0.0575362404863402
0.10001665302586762
0.04690812734523083
0.13741218191519586
0.16895376278297344
0.19478176578809844
0.09974127458173679
0.1334870172623115
0.2405967046872495
0.20655026059442821
0.18249891407238333
0.09251890113469802
0.1869397836766735
0.0736440505344795
0.2995168280828954
0.22788613236266106
0.07676802682600892
0.09765421086195136
0.12984510322472737
0.07648547564439452
0.05211836184459041
0.07721565380458617
0.1372257669784105
0.10054380070207376
0.05767258228844053
0.0913998336882548
0.07171578790477476
0.29057774670046216
0.2770086342183019
0.20874675519724126
0.22726377279977247
0.19221380072332095
0.13649825177991912
0.08961551878051839
0.1098525376922674
0.23809493489961547
0.2121794110003199
0.12108365389026775
0.30504320697769055
0.19330327437787315
0.11299783540461028
0.04893097199764751
0.1584621277637015
0.13617690761297074
0.06433385319105682
0.0809645297501712
0.058704884504343115
0.05350441862423037
0.22668473035573775
0.22317002550695064
0.11236365836629136
0.1018019789182813
0.06517138140395885
0.041905687191281384
0.12050138144835748
0.1663316143693726
0.04293077738676287
0.06457099627055808
0.17048580056719384
0.10654137964125938
0.21181041671447895
0.12740582877756715
0.3269706792695864
0.30803723982408177
0.2224323270983879
0.13509491473051577
0.10716958353467869
0.15069239373446663
0.1441661629872879
0.16043178043877218
0.11069455488084103
0.11554877926945391
0.11806161559976547
0.14967669048671864
0.19535005681321482
0.13774321644285217
0.05554622072582111
0.08488465667585267
0.11589472731607355
0.16491954076843734
0.07035236988377146
0.21472059645963784
0.06581079054990865
0.1460025926491563
0.2563503752939942
0.2100489596974029
0.19116476632296237
0.06911841491399545
0.04406521053642893
0.11460203931051396
0.12765444801490294
0.0499013907160366
0.12347298777186369
0.03989651040813771
0.10976959958921009
0.1328183005794257
0.1818815783151328
0.23744778826599025
0.19948614197468267
0.34466192068924106
0.11570143035914243
0.12394021501616942
0.08236336405822527
0.11245161130752136
0.12713049558605008
0.04108561503489625
0.07103771183153344
0.15112204679428845
0.06558040681025983
0.15623222974767725
0.13342108313536744
0.14580199906987598
0.04888996838982831
0.14068709946649482
0.12849971204686783
0.15536229350581224
0.10029641988747877
0.15914633179806056
0.09659205622304655
0.07760732741084138
0.209791185259936
0.14698612415656376
0.11969168518480959
0.07971609219403221
0.04962803333057495
0.16183025959269248
0.15977624333537246
0.10552221227608724
0.17795647233633366
0.15265960023433792
0.1262019659089398
0.20535866587663038
0.10454924154156948
0.11498418012204678
0.24079845400989083
0.14880933431225954
0.13927571358416152
0.08288553811587526
0.13825790187411358
0.08601452891141344
0.0920915393063794
0.07926328052104319
0.05156154794430071
0.082668787231681
0.11151681958095767
0.1626536630449653
0.09081276041459328
0.15031499923520641
0.07707171036612398
0.049491354637844084
0.21221921160737656
0.0650590577398889
0.360189114287969
0.19287141824428267
0.0532500186879427
0.2184686653264566
0.1768639104973335
0.0640806469871562
0.1807908438524472
0.25378026396293923
0.2161630261821202
0.15300247869012631
0.13537506840909078
0.04553816190151101
0.11860851324184883
0.11316145793644865
0.12868369800804785
0.09098808025957239
0.06743173661165867
0.1386253266628212
0.16863655518391701
0.2128747487107763
0.30670850089907387
0.18875098330565424
0.11250642686009339
0.12317755702500006
0.18452406082598072
0.18526729857132967
0.09327455902076141
0.2231448299973775
0.1331669858514249
0.177987677356803
0.060247967755762626
0.18575763989970603
0.1440870553273308
0.09459674993471552
0.09395293338319254
0.11495693556726051
0.06675237318034154
0.07260760527990133
0.12115516988619197
0.12389870851532972
0.09735297285788924
0.07779290541009892
0.23992657984441837
0.15878732122437117
0.11971224008326996
0.26809878021821154
0.23450747312297787
0.2851017525903936
0.20253202619109306
0.2855956647146221
0.20060885470951423
0.2312151310983719
0.21910085022926137
0.39139935320339075
0.08068143231902612
0.15320033341808503
0.15296699590404353
0.1376273105201351
0.11474804955472098
0.09606399187488514
0.07092257365804278
0.16505476424118162
0.08714188894241243
0.20398199260433988
0.08938178997691783
0.17682020802377402
0.41355316955510557
0.25055877204045196
0.29891588394321517
0.20635603712414008
0.12127893450829022
0.15232252528932985
0.14482999737785135
0.08609010932620978
0.09322853631171897
0.2619583498629342
0.16357968398384612
0.16479554811163913
0.06075367891886682
0.20092310248548992
0.15940254116160707
0.19511498691621113
0.10015653645667368
0.06721650843546378
0.20101601490282467
0.08074071626088249
0.12770811762603787
0.11008162822037157
0.07550130986452651
0.16978410978061295
0.08683963384399841
0.19573787120289513
0.15651082275095657
0.1363134778428459
0.0777327784598032
0.1344573336914641
0.18091758979234723
0.16369074945878206
0.16611988470068062
0.18752307618307162
0.07441540504069809
0.037160220331453116
0.06781270734448526
0.12348471807863357
0.08235622579719437
0.06426033418488684
0.07263080061556529
0.1244265390539466
0.10262359371427375
0.10344440384184499
0.08367395721991448
0.09872405000337703
0.0327345722778176
0.12415540360493062
0.0747537184042133
0.0986812018160184
0.0698577885896722
0.08499430326874223
0.08613662786973351
0.03345894417870785
0.19307189834424016
0.1644977350006183
0.22926138985666708
0.09663148512753003
0.16515182183282384
0.1254698016006719
0.033745969236797436
0.06641838335379156
0.07434158091007723
0.04781215664968525
0.07367378458846663
0.10624062114809368
0.10754819802376266
0.10191896695128845
0.07599167378503889
0.06459804108470707
0.13484093587819346
0.1818974788692888
0.10518335487120059
0.06470651063898503
0.07642423122182614
0.13316598893830123
0.1882979278914056
0.2772858811049691
0.11095215634325724
0.08473996361480125
0.08566979166453677
0.29253404420030643
0.12940770047875225
0.2452777907835462
0.21349003926753557
0.17073088404676046
0.08231238300388638
0.06482078360122161
0.10762630835995174
0.07240798099652891
0.0750054947724282
0.10290543749999106
0.0985593833261607
0.10950956318656611
0.043245138354840035
0.14454912064484307
0.12044018486161755
0.06994334447298083
0.13244163228333802
0.15681729425012786
0.3069361706626232
0.3106135006448932
0.2465585351374134
0.18084766178587086
0.33108993969050643
0.3072229330374799
0.28921566586167985
0.12347553101305533
0.24971340818337523
0.2038043543940842
0.2525945709315087
0.270677658179645
0.23706603282854463
0.18314338468709607
0.17732334848256984
0.05975592446193153
0.18034300204593554
0.17286355245052232
0.1280601021471765
0.21750754182633011
0.31228458874570625
0.1964787651343224
0.2612702044695814
0.392477371587478
0.23443646896146056
0.32810566571773087
0.46525653351979623
0.1751407834980273
0.31263345861694836
0.2736346410000956
0.34605229836171436
0.11234988542476634
0.3769338344550296
0.24104362467407903
0.16593967787784997
0.04644341978994593
0.14106768713462695
0.09651993671864909
0.07507640407779324
0.13774505149624058
0.10648929157235683
0.11738484398216928
0.06488351412294723
0.15937379201501845
0.2938370410292091
0.24589271247530586
0.22761612499659203
0.1603697379452319
0.31500344170409816
0.29101348944757466
0.23727316946776217
0.44326856085173955
0.3156963936171755
0.33516262968715005
0.4020374218538003
0.5886286163796858
0.5148739912401515
0.5902725873250034
0.23677078404344726
0.3924482125688305
0.20839506455972223
0.05398808362868934
0.15903330128485185
0.15720781012968726
0.09161862828631924
0.0891594909820065
0.23866242812368768
0.1361728498853346
0.12950068352124278
0.2158820016763173
0.13279604743058915
0.2154582607394034
0.3006934228593084
0.435245125148531
0.2378969672647801
0.33524463026824525
0.4755703172799569
0.19822150285358306
0.42456329100922374
0.45852277954492254
0.27983762813132584
0.11720197901671134
0.5051648130467562
0.4899271766039255
0.25390094824107473
0.25685637772075753
0.10704938436068356
0.10755077258482536
0.06302886737095358
0.07033338900896
0.12984510322472737
0.10243252694502843
0.09943802484666825
0.18704658683681474
0.29137653792279505
0.17799093685301987
0.20380311956715363
0.23464046683299394
0.3475265449415343
0.535082611428411
0.3765948089745646
0.3452565720452454
0.18994237928807464
0.20217541511449244
0.25532409353500235
0.19552905957980138
0.34972233884642034
0.12241546088579872
0.18530816034869468
0.15053478781137627
0.09401471078795735
0.09623980039412157
0.057815087025153436
0.07229233126652795
0.11762691167231572
0.15479208727899546
0.35463936574781024
0.3440335781484998
0.3538522775138391
0.3448562188619871
0.27409163113627555
0.33899095464430556
0.301457330429105
0.2573464315250646
0.22482763166344794
0.2896422360861715
0.16331800151589854
0.1897938389167802
0.1463008726991114
0.2805308170996795
0.12560813682563846
0.12332123259804953
0.07097564669337297
0.17891800258942286
0.11740976900868642
0.08616224789753357
0.18733593891200068
0.13431266219760996
0.13525915566821037
0.0688331326603678
0.22768575366743854
0.20239136917417258
0.2784500086114153
0.22391219384934555
0.351956775705859
0.22580616826855976
0.4286866888929181
0.4308096509178561
0.6853684464666906
0.41670711746647987
0.4474364621429337
0.4316638160801787
0.12821828165081883
0.26108641903126356
0.21546592193391104
0.14594169409386903
0.04832958574963173
0.09044862635877798
0.07171578790477476
0.1540882485828874
0.10677556674281892
0.14117970318862297
0.21649866498353548
0.17830609212481421
0.24276036090566425
0.22277835190069584
0.24067150078027572
0.43571366139323364
0.33201609668590154
0.25209791899750905
0.12828662099718383
0.11821340134292031
0.1912291161458658
0.33053327562070606
0.16270231582681496
0.28650675113645235
0.1415581220613508
0.4379973915716995
0.1835200988568281
0.3414995899123321
0.1972636141217891
0.14546742977050112
0.17393584476881346
0.11929907683779119
0.17213961130189365
0.10867322859030593
0.03889875595120251
0.26700038467216375
0.21809643802626125
0.29039087698264554
0.1547284679835772
0.139658288232392
0.5081286600821594
0.2358117485685508
0.5585176120968435
0.34598130242958725
0.8153529183174191
0.65308976488069
0.4018167300444391
0.3985893262597095
0.33951858500184834
0.33048859362086164
0.1440320063997791
0.3672626981787104
0.4119684393904167
0.25389016296962436
0.2264928512074733
0.13649825177991912
0.170784712899062
0.10375592699319747
0.19474442673275733
0.1974477755440953
0.11553449896539508
0.2991635112900495
0.33731166690823433
0.4450259144777122
0.28049425545100753
0.4488927381659924
0.27213823699226364
0.589783096817679
0.2707748189712603
0.3176623770361701
0.581024385980245
0.7660606590332991
0.6363957770114443
0.716152434227776
0.33734319430957177
0.3715561415767761
0.20003546536385441
0.3534219036797478
0.19891395972949644
0.16043527302748792
0.09407584344922927
0.12213715278086702
0.4005271417283141
0.34027531442592357
0.1381958262201717
0.3933043316833558
0.2818185049413872
0.31584150659750415
0.2150829642442562
0.23731682635918502
0.1682548037593584
0.3045836884761123
0.23636907545519545
0.18402857704680115
0.23614023601670014
0.19857851837135965
0.16967860156696166
0.286163796870902
0.1266140437707699
0.17957346385805423
0.095596336612417
0.11135478152349577
0.12907318107508256
0.14251376627917064
0.08219193528645362
0.08149608678723169
0.12919929068043237
0.10510215774195031
0.1216327143594697
0.10620799014271196
0.30566862155497015
0.2632222737654786
0.2218395955266977
0.1426105479953782
0.37623852291804394
0.3392656986986521
0.35430549160145547
0.42402266371298897
0.22263291007506975
0.23635965574539308
0.4234097370525185
0.3137922255105765
0.3627305305480281
0.32567083296914556
0.1516336389930638
0.2065443037342169
0.20055065116685508
0.19258155671960223
0.18916440802405934
0.20137811207987125
0.21844706179142687
0.07944831582389364
0.14159398505615903
0.10728774675097881
0.1818004595797187
0.29333100253474237
0.2950898374538344
0.08448793391158052
0.17871068731091355
0.18270998409264927
0.24732744528258346
0.24868563755729958
0.11732520340062633
0.33764408753208836
0.13979961003085678
0.19045682410479992
0.2538831803660582
0.06751927420904438
0.0655085498277255
0.0925959777277769
0.1404419288023076
0.059127202475369664
0.2441738327546208
0.06197011928417146
0.3880642996320956
0.12216225468189734
0.3332303847695774
0.2250849732245852
0.2913643912245422
0.2717607023131531
0.2609523008691897
0.3588889905937344
0.3984432981013432
0.40993879960765855
0.2748233914240576
0.23724912963296238
0.42609634589524026
0.3007426814038353
0.19116551580854801
0.21469976459134565
0.32600143690242983
0.34707433495239265
0.08371569929765119
0.18831316818795102
0.1560529312039802
0.19465081723625466
0.11056659649006234
0.09570460807825502
0.19613670133729488
0.16532675121737953
0.18689332746800613
0.17239583870146488
0.15194138254083633
0.20781082480451668
0.40551227856680183
0.5568705732933112
0.28273249707298287
0.25758682987305676
0.12499266450237069
0.25401627257497417
0.18813220949815887
0.21646630647139703
0.24631081835331028
0.07543297051816113
0.187265099204614
0.08338767043509707
0.07749681877839709
0.17097309745241174
0.0912466952671215
0.08340133830437016
0.14087369436912633
0.062347158360451925
0.22391892577573705
0.12703750995909502
0.05111783108134124
0.09168012321232348
0.22257669784109765
0.21520604152870473
0.3439956681123398
0.15616907431427993
0.4313844302283224
0.40175371916365105
0.5712255417714647
0.24077962250918686
0.4390597977831804
0.4073070535792317
0.11468709107046367
0.12064301745849387
0.150561485347172
0.2756542887451407
0.2674932151422385
0.05728303428243959
0.09344167627574987
0.03097139177281268
0.03664355752114329
0.0651129492030587
0.14223984700635198
0.07288877911106927
0.21967291511236675
0.22763542246911045
0.1933790944501921
0.44458526352591454
0.1992531764520086
0.2686828074469009
0.20749934446289625
0.19228224767339722
0.139665555032379
0.18778952888733438
0.15825766373329517
0.09514966613509625
0.16744862971701657
0.20087685958182505
0.19000589344870658
0.14939065804516544
0.044543585960986926
0.08704715509240449
0.0987682695954926
0.09607143952369802
0.08294940805024258
0.0790285414105634
0.2046455729394278
0.1280403793721357
0.16440066280978363
0.12330997211061678
0.1652810574214318
0.21088795924459694
0.19169215977624254
0.13512310343914877
0.3177744041460109
0.17115641181961727
0.13178409043012096
0.1671606998124643
0.13721447320636446
0.4949351558982459
0.30963420415838366
0.27945732323733297
0.08926687331514761
0.0671717104147737
0.11668140479386857
0.11678295970817368
0.15623222974767725
0.16468725972510143
0.10056120786978538
0.14875416135991948
0.09773681197400556
0.0630885169093725
0.14096369417008925
0.05769570672947126
0.16431087980850684
0.09699387756527555
0.17558474659139361
0.39515437865551895
0.2549788756290107
0.1262133304487479
0.11978590009751189
0.13719880771353482
0.10730644166299723
0.10798983512665207
0.26726575492528065
0.1344307561969328
0.14164596203355756
0.17137429426734813
0.08202764382429228
0.13922252735719928
0.05656237047133785
0.12954414210956258
0.04335448133422848
0.0796855068801349
0.12882564560024173
0.08813003437374006
0.29163050505151744
0.22253323952789195
0.18726497713734316
0.10265009459243582
0.2369985141158984
0.1987172106292738
0.4295798654345812
0.295584551936512
0.33491390677075783
0.5113034201638842
0.2295703786365095
0.3589416998682676
0.11974591118516495
0.21633670247014566
0.0974455011033807
0.24953088126037898
0.08218260805820268
0.14182285902761455
0.1660845076096926
0.13884558737982025
0.07662577612992437
0.22869693264970778
0.07703353902407219
0.28126539199069184
0.1428769362246458
0.09214758081952461
0.1362996173081748
0.20299883478481023
0.46634135946360644
0.4509411262904409
0.25966283015449193
0.17762222639445818
0.21342084538002953
0.3087982688401745
0.379953236825212
0.2258623031807262
0.22324534568656568
0.11238794364629806
0.2236691969386296
0.3153046062407126
0.17029578573380755
0.06067112806463284
0.07500368357752579
0.12777722123642968
0.03471971949677348
0.04509255550277142
0.05949490612057577
0.09466994234869854
0.039508892838959885
0.3216641953145478
0.055689004983137676
0.12671564174709601
0.1487604988470955
0.059455231337923686
0.09493330762190379
0.15380101669955512
0.06242115897018336
0.22189808069871503
0.10252416582937492
0.2244088543457334
0.31326721442771227
0.21968865954496447
0.15210924265780285
0.09125521289763157
0.059133387310944155
0.1883576610436142
0.11807011800835007
0.060594192333447684
0.12740702182298372
0.08509245620948926
0.26813768575695124
0.16945978218821978
0.2288346267364021
0.16933659632532022
0.19463380562264707
0.0694174546693692
0.3195816048255485
0.32484048597150506
0.19897194172146898
0.08130272129077712
0.15960125223197633
0.13682892180406991
0.1733356595808516
0.1599045325212532
0.2111899246009339
0.04626573748939577
0.09447726916597379
0.10359766885448674
0.17040224616217764
0.1358127045418178
0.11854468307111406
0.1319712823546149
0.12143588338950942
0.11205448488058799
0.04777877061792641
0.10935879043121685
0.10204429075549659
0.17085534969481703
0.12573562061375057
0.22733152696442557
0.18330593325782618
0.06760264821161016
0.23368586662005025
0.24750021851236714
0.12589901882670865
0.08523283278696367
0.1746365814878116
0.1313633785836404
0.28374524764386494
0.2687632013535849
0.12679089669775734
0.22596154264878643
0.17207379690318086
0.10057861503749703
0.15378900445765212
0.13543396556245016
0.04096260421143848
0.036192517835131485
0.09802595842657198
0.1885192947713574
0.11964648807521693
0.1727558779826934
0.12065593085701085
0.2646878724664269
0.19945132763925938
0.14197926432387079
0.22359564573937277
0.097348046699637
0.12245395532705565
0.18764926793080902
0.19508143260122474
0.24965566537734663
0.19662180882237315
0.13193805193566244
0.18261128304262764
0.09881365552094173
0.05032960237532269
0.15575561576785227
0.13132975244998973
0.1162100013294471
0.06595047741596072
0.13099305982065176
0.20236377302002084
0.19163534656061476
0.20792321181977821
0.06708016663336346
0.06904240554320282
0.13788202732414712
0.06108112734094886
0.14939065804516544
0.24662466520463658
0.24580479178659884
0.21592406379123014
0.15861483000489315
0.08770673355111379
0.3525478542085469
0.3777354326727216
0.08823976402704263
0.26521849528084696
0.12767556261836682
0.12871459869865173
0.12916407824966306
0.17281709624185496
0.08651936544219593
0.19740324644863186
0.17121690161107928
0.302987392927252
0.1766729615612295
0.14767446339585014
0.32116947819246444
0.2231509466657149
0.10564541922745761
0.1397715240607657
0.2760248230049811
0.2656333792786777
0.3428863895826609
0.39317202180267646
0.36530428963998435
0.34948124382444967
0.24866805116256613
0.13471051955553448
0.24616790834345298
0.10637702655242799
0.330954615673433
0.3603608106312014
0.17885495462779685
0.24672892423131468
0.20055065116685508
0.10978051649608554
0.10975253980992414
0.18308391835729892
0.072234689108259
0.15174554573770846
0.27299650355983823
0.2483770197380858
0.2224405913966762
0.3063313373883471
0.28986292789553364
0.3250152958657449
0.20655026059442821
0.4611485010051562
0.1378677973576176
0.43787480623960545
0.44017131369635426
0.4021938641727113
0.24805759372221584
0.23428896075517863
0.24899311749634642
0.1371964208616441
0.0751485235821908
0.10082797692453963
0.08863014175830769
0.03950014219921829
0.12875546047601677
0.1633400296737534
0.06791769484626557
0.08627159085171825
0.20774699815468625
0.11534787704214117
0.20054960330570926
0.2495848265011793
0.21751996772387724
0.11900613776075857
0.3473426245168249
0.4962423733293506
0.3230297541024183
0.38327861805808144
0.25234532030409496
0.10841965494423526
0.15601783060921195
0.1659415773591147
0.04632724290112465
0.11545978378678486
0.13807365428823576
0.07717027368880053
0.07618471291955035
0.07439490442239514
0.12107417102836622
0.05089834246408408
0.10347427882050686
0.13054365877108642
0.07305066090386218
0.29556856918101504
0.0626899606057328
0.17112843903621702
0.30204221126421454
0.16945919948279667
0.28246611045577386
0.26810338115026405
0.27518428041763454
0.23861035859925148
0.24599113123293337
0.12012491861051304
0.22004884346412126
0.2114006841872873
0.07556691563703734
0.12516798014687186
0.14560865788546246
0.11644330409934309
0.1285470654114575
0.10442821144968205
0.13415348308714278
0.11361617196241373
0.11050017339804373
0.10875998386193862
0.1898990441687718
0.10844497517344562
0.2589976019862744
0.2075911854412325
0.3962372170264831
0.4220019668317815
0.24032190360213568
0.29940652648968435
0.3873875779352694
0.4058521908015836
0.5438350621086346
0.25264135929191595
0.4610618597732286
0.36200293528815614
0.10782855426922965
0.18098928556435995
0.16630111744933007
0.1569434038572944
0.09762184869047966
0.13114587445184905
0.08469942294478648
0.13081024385980256
0.11132010138202532
0.38185407522179826
0.25462141608923927
0.28344888414999864
0.13825733163190032
0.38088275526349297
0.4332369382172349
0.3990444297817847
0.3519023137406217
0.39433153303745727
0.39653876190328624
0.5165719779739516
0.4588365406506594
0.3337338892155468
0.32617550857954614
0.4003868468997657
0.3601848614631576
0.19807180959811682
0.09222914243328097
0.208941526090376
0.16381486545488835
0.13560183647319146
0.15435815694763197
0.12459692971940321
0.4457008659527846
0.23966188505300426
0.20669417198410356
0.2644845062097141
0.28087761851439047
0.5357794545584176
0.6319273869443358
0.7518567035095878
0.5776765747041387
0.2801044937149823
0.679189770713957
0.37522331479243165
0.38591146803100074
0.6065322603585105
0.4317641975239779
0.21769890315363014
0.25448918359503403
0.2470503059466826
0.18745080197201267
0.20778213789925276
0.2289738840780951
0.216405908990336
0.2905371290044521
0.39970990618102054
0.1417759967840459
0.22816380347835252
0.313215628004544
0.33511056725810623
0.24448826036169508
0.21639391733352778
0.25232210605203953
0.48593084349393556
0.5108655579993872
0.5072100527799551
0.8494982316877855
0.4170670939307194
0.23892802276281455
0.719885409506394
0.6030015884998066
0.2848720423701087
0.42047514464651325
0.35009398851575835
0.331177344637706
0.23085385819094503
0.30282663204943194
0.15297651992879574
0.13230174885575682
0.05382406919741227
0.17737903898097793
0.26298748978651804
0.4408937205363142
0.4068611142584142
0.6836031105373381
0.504531558228952
0.4105498202148827
0.5668308606585528
0.5758987365698419
0.8112183157460412
0.21537828400528808
0.5085369835713457
0.46767747143814864
0.3557414753580485
0.1944937797560121
0.565903330128484
0.2640295055992331
0.26807038275829875
0.31736736299274454
0.11300787654087521
0.1929999940885963
0.17685878639589803
0.19599488694520587
0.11195609692467326
0.3359248448722725
0.25926673729560146
0.21111207377152466
0.13501121267954297
0.26273927104274003
0.24508894063318004
0.23470090714425063
0.13577661335883562
0.34960555631932966
0.28183713638673946
0.5322023264910464
0.24300004614339266
0.4376704973527823
0.11591719930504142
0.36705707543046845
0.3517199558191087
0.3342872487331412
0.21260829896381842
0.30616145202504497
0.24361791664805196
0.04794688540998531
0.09324629497488611
0.21267652327828307
0.1298837514203303
0.1402724360531297
0.2105399861307781
0.21558430207149706
0.24560790140721858
0.33296088552368125
0.21657487170568046
0.12152102570700721
0.3210120004168281
0.3762733372534672
0.345064447110785
0.4806815291875106
0.29093392828180903
0.5280567488833909
0.4142050550799451
0.2606879685621484
0.3037913923570519
0.4682283017218767
0.17969776512376098
0.20460046515343777
0.10550008351344
0.217554425188335
0.2317235688318209
0.25391137138361963
0.08982156641009069
0.08767770311915142
0.08041324740320795
0.09830243931433968
0.21104450133517028
0.5597654881183609
0.4116532792616897
0.28051351912128386
0.4020529568209089
0.7073422331662593
0.5823045742877023
0.2398437700041119
0.5569249237642213
0.5838524668942195
0.26234110464133914
0.3427599645664986
0.18767351298874232
0.47222164567968394
0.4855138367805454
0.30015356419855577
0.1961465270898438
0.211869591818896
0.13222484593714545
0.15615521882386096
0.10675563104456048
0.17462870648254858
0.3098068350668641
0.3829292752482641
0.48933679615690345
0.2608322075709433
0.3337599583492437
0.37654127841526386
0.3059734299789152
0.39423442801415737
0.35232388653178165
0.2142430077301611
0.47754823899942644
0.1791310946930641
0.5565072983130829
0.17658887100826984
0.5259155668210805
0.2572195953429825
0.13323479805161187
0.18188969495673393
0.058853845089907916
0.12457237882049219
0.05545054564090953
0.08317468795689671
0.1528532657955646
0.09423615241272805
0.3235674933668064
0.19783195484758212
0.20467743595447516
0.3443317891792667
0.3017638878305291
0.248970809482822
0.08843111419686579
0.40073125596296866
0.28760033373592203
0.475877150899115
0.20355557708406855
0.3843996678532659
0.6070425645292629
0.4240146554573579
0.29814754441865055
0.1541051911739755
0.12488909072390393
0.15143780218993685
0.27869079579432515
0.2822305742505017
0.09890070206004996
0.2947768619085958
0.18532746385495172
0.19927328246978598
0.23621541673659818
0.49704265986362134
0.47853838644281116
0.5071235031902791
0.5687002884363237
0.3394716098295275
0.22553351087519036
0.5512850014256706
0.5571911961443881
0.5509728572563485
0.25185782709515364
0.320461667136681
0.6220796985994543
0.45964164136004093
0.2497600733944325
0.26146551939285945
0.14181495158464522
0.3847967763901304
0.31408967747574396
0.15034512683397963
0.1173939390468806
0.0694174546693692
0.0922034461162375
0.1325033606205305
0.15691187645595694
0.24377239751769877
0.1149467805866528
0.19237828276356894
0.2645583819648141
0.16212988009759507
0.390743171099528
0.3567233163934078
0.28276926259463087
0.36400466364183715
0.7116162043636393
0.3250666461543132
0.49809996510117177
0.284503269668185
0.23988287737085892
0.10240969624444463
0.11629261837979829
0.14500480727209117
0.08156715947356794
0.07625435598295235
0.13249310711875603
0.06293628750421482
0.08053905024069627
0.10880106201517173
0.1616554496984527
0.16171258804055788
0.1080800942649635
0.21857947347180062
0.17689374952503154
0.19531937020887566
0.24232153477558607
0.46033457168294134
0.3710255238941448
0.4242636133205134
0.640197535180489
0.5000333769453118
0.37817574950984917
0.3130231685699347
0.30990936801865965
0.12560813682563846
0.08736075966016678
0.19774542520352478
0.17149708616743262
0.07779751190240493
0.08641660706565765
0.11717992176936773
0.14509221221921106
0.1587273839699327
0.19454250634459405
0.3307840223756659
0.49178542495061267
0.3223473779479868
0.2644251864734444
0.6935469472102296
0.28894723345120404
0.46782614598561223
0.8398741368761452
0.24171626809452415
0.4695607005276
0.32612959062399527
0.6000250710180886
0.2167450709325958
0.483729555828804
0.36198748457638247
0.4527622096701934
0.17369945587582342
0.34986170747242246
0.08960655095435115
0.26797153595738443
0.2386436776247714
0.07304025112517805
0.229168477355127
0.18576519610958442
0.27137861838056143
0.7118949416156416
0.5611246890020338
0.5427206749115742
0.49468376470025094
0.7386537178079295
1.0
0.2666874652564525
0.7341141508609369
0.4224199843461763
0.47613522177545353
0.28218682901213143
0.4201859566729239
0.6443085054858251
0.35468629830935067
0.19780291599049152
0.16432081577023236
0.18496306642275814
0.12636182456007122
0.052211260623188115
0.1647801721424352
0.10726204345236133
0.20063805611397595
0.231849724767033
0.16434246013958462
0.3653093296081163
0.45836554018126824
0.5605377946560568
0.18623838671506862
0.3125899718935464
0.3790001674241777
0.20745091982689778
0.7477126784980266
0.8328038844689623
0.8332750633685846
0.5683788401184402
0.6438181641574489
0.40735075605279114
0.2961052463288913
0.3395682195612259
0.2810881664914374
0.39260141944621413
0.30462455025347723
0.3552041714691462
0.32333521232347046
0.22873129670242479
0.34813390437898667
0.11353899005152471
0.21953177138597715
0.6071584651691266
0.2537515711090188
0.25951688159783237
0.31761429736657243
0.520359759072849
0.6211559424752797
0.6896250327768533
0.4613075781100805
0.6447738950027193
0.6264839659396866
0.32114337614718264
0.46880533000125074
0.15163134171561526
0.2779140427886805
0.3328587351002394
0.21005951036042309
0.38497508959007
0.2715495890113166
0.16981739302130358
0.32016432130058514
0.21003554770937985
0.24921598014700924
0.1557540896637918
0.20302681147097165
0.2271764388521124
0.16118518233750248
0.3086108250428949
0.1682651386209604
0.584732034088163
0.3981362207583578
0.5700911237682792
0.570356494021397
0.20592011846831246
0.755309850537538
0.36677959984426783
0.47580886383931853
0.29975465591407
0.1623051767002959
0.2306616554496975
0.31093140460933794
0.24107510465004342
0.1849384491099784
0.16158451288919395
0.2557112936830782
0.2180073684198009
0.3604328146359309
0.21041265661749728
0.1959967731175949
0.1306921659892471
0.25836705395952725
0.28995751009954507
0.3475265449415343
0.2962909638997125
0.16993261867227666
0.3831407169760172
0.21079954779880403
0.2677125554519333
0.49223731707993945
0.5695995744681144
0.18721677168405648
0.168479512595411
0.3354751921637887
0.27353415663227
0.09943374896170007
0.33376503370179333
0.3225220087391939
0.2008565684817752
0.08541051508751382
0.07648775097828649
0.26798291136741664
0.35571518976448535
0.3241714240794803
0.2962976988791803
0.38233459733077113
0.10275504119505979
0.304834320965151
0.16564090772052834
0.14816458408246114
0.14419184047421632
0.1299874757138658
0.12339647202411516
0.2536054540686995
0.1801484918304865
0.08543785082606002
0.16050506148835086
0.11445365347882568
0.1661738584024506
0.15943770814571148
0.09815464548499178
0.2832435042437074
0.21392633404870323
0.21873846946368727
0.21200069923957637
0.40639891342036205
0.2962351801156323
0.2672262537353206
0.25706144140102216
0.11729290460688556
0.2690761297089409
0.31046237217026385
0.27783647026570507
0.3303487101900556
0.29227631148825184
0.1734315932061867
0.38122933697115374
0.3866823688280653
0.36244396522445915
0.2994513756247932
0.28965446103977593
0.1793634561000986
0.07851340060949137
0.23554121539129047
0.15038500771666688
0.2762256149850437
0.21755091338169716
0.17184151585984495
0.20808818848012303
0.13047910461001763
0.28449782187772066
0.15104362333687202
0.13848285147490647
0.46950182191984546
0.41044596266923344
0.6048990779773307
0.5604619745837378
0.28816813743920217
0.6302520540723845
0.4164454442649661
0.3069602005593914
0.4100479358542783
0.20856960671755798
0.16223760827152986
0.32221004166764744
0.5070230613934423
0.40654722777570373
0.27517250718462233
0.09107632380302193
0.21448346938705584
0.097640361941752
0.1484936116372087
0.12303481164496544
0.20225504763569555
0.2205140005702684
0.28948103611481496
0.2254610610960572
0.17861597255779812
0.40419680553380694
0.2584763037606251
0.5487407367765567
0.26914999041145443
0.26305774091156364
0.19582849427400112
0.22378682214543
0.40547154968971094
0.36962285255623945
0.26638540940955036
0.3363741512658113
0.1293884550884561
0.1469772101908244
0.08538949320663516
0.09275361473446359
0.13448777773965023
0.13616314760346204
0.19857276940405963
0.10618372304062457
0.33588380993743505
0.1722191734530193
0.3038247052378796
0.2114856124579157
0.4633316935377837
0.399528013285551
0.34263090681059344
0.1584486514408858
0.4596212783991633
0.6157305896746098
0.3371106033886952
0.44693244135817695
0.4302814331574409
0.6351717507210896
0.25197912768171393
0.26312769156146626
0.170135091620915
0.2932873000611829
0.21176546198760526
0.19125613242525413
0.19056377045298292
0.21883363915198328
0.3836203129097101
0.21738143222098127
0.12256586207170031
0.2746955618489485
0.3794415519215788
0.23363330613119496
0.24164630217212396
0.18735986722076609
0.2919762258543825
0.3339697623664759
0.39888940047146143
0.3070972527676568
0.3159749083005615
0.3286512753438925
0.4306580107732182
0.2358994177102426
0.2424176941147833
0.35161559422282596
0.18225304594022002
0.09245720463758979
0.10654454782990042
0.15977624333537246
0.12624042041151537
0.1474984625182498
0.12849971204686783
0.19880255222445517
0.11428682984786923
0.2822781292444874
0.30152806639034974
0.27003946429902376
0.44472263418843544
0.29145895710507996
0.2831819229623905
0.5396614936549528
0.4940597501160011
0.6242266554042082
0.4223920076600158
0.46048921464208004
0.412504519097798
0.5441832007691626
0.3713645159588018
0.35263525915566674
0.2832842473382184
0.1294857571947156
0.23924411302792617
0.25402254899206034
0.3676079791832797
0.2636263914539574
0.3342365177869063
0.1339071270628265
0.20223647447311105
0.17742814363358167
0.45369133384353705
0.15834804367172348
0.09402127272955792
0.406983302551929
0.4674416571977966
0.1726251889190747
0.3665834408524717
0.5252600297176808
0.15178168827761906
0.4773045386514646
0.15513031624952536
0.26424586411242545
0.5879192527226054
0.31879486946983643
0.22821302658157827
0.17346748316319527
0.2340562607447237
0.0579654335871573
0.13451621361769073
0.156151438941451
0.14865721225687514
0.08671168412058929
0.29518274987116816
0.301110042828423
0.3216502054016244
0.34471595879937245
0.3301642749975443
0.22605146758875094
0.20260716117855543
0.3222354712033421
0.16780043106567533
0.3262920906966984
0.6464741796861517
0.6264927705548367
0.580795520756901
0.37204648290515147
0.36289344477546953
0.37490680732067766
0.13359548865802515
0.12767556261836682
0.16884952680230475
0.10053458913010976
0.19629997845978603
0.18132156280045414
0.06470392379675771
0.051206085388824804
0.11199771705629162
0.26726256846220264
0.35850256228451516
0.14147611484571204
0.31921511351747756
0.5377001283414492
0.5640151129642843
0.37233931735065007
0.48882808367652897
0.34785640954392205
0.5789266672493645
0.19501315878838937
0.37355499294423
0.3932787151198381
0.35359733638991464
0.19980949256244693
0.11425443016007862
0.3226116598199452
0.19092436797497117
0.16690857301060455
0.15741283826493427
0.10883971287666572
0.06570144759572398
0.1929901744932495
0.1687182787386461
0.25848234502410783
0.17463508434577366
0.21794479788162233
0.308608594175979
0.4387329035642631
0.2570822065603265
0.4406102291154588
0.2472977805790135
0.51004162649145
0.3164103678742714
0.34898628177948254
0.5660224464007431
0.41917126981685465
0.36524494449312106
0.4394613560464943
0.44184147144030383
0.17082706608286896
0.12173772342297269
0.0903897788448616
0.12527157913845
0.20246897138841816
0.1575348677897799
0.1783820367666881
0.2520557884636471
0.1375893425402013
0.29943510452816635
0.2031846837225456
0.19266394957250407
0.3644954132025792
0.5212851174542621
0.42403860545403604
0.3220857066392167
0.46984046738921015
0.777444652045012
0.2127267173663094
0.5328527134123867
0.5044795033439871
0.19070322633776435
0.167748210221847
0.3951565109229081
0.4009701949130308
0.1050239074943921
0.28277894215703564
0.21763365143167995
0.1648707472581628
0.23845971908856003
0.33518154553359836
0.38300847827986984
0.09254514284806463
0.1126505785487739
0.24639454593129864
0.2676526107332206
0.14834982054564871
0.3352280017422648
0.3314677776364992
0.4290271829385532
0.4559177507393201
0.397875804877271
0.2006756552913896
0.45429526455620994
0.25094682546581165
0.24317534274609245
0.30080412551350294
0.22821841768087742
0.219777514722619
0.2878426689017561
0.13928147285042308
0.1397795567239704
0.09084653570604576
0.3065041920122507
0.20173459484928416
0.12440712567715592
0.06690422009175552
0.10395088540135333
0.15868238024448655
0.2535423218355002
0.3768273108568161
0.2717770492282745
0.14822048328141213
0.23212256507849657
0.3571254527707314
0.4024908539066247
0.18373031703034765
0.32900286978086485
0.18546732547556039
0.11593086717431422
0.3546018704658679
0.19413729517338474
0.0844038599798694
0.11036144329140349
0.1313961853292229
0.1507303037706266
0.07356189448544588
0.09002918132287412
0.10255863655037727
0.14759273984112106
0.15135432783762437
0.08305964157254302
0.10356751339317191
0.13628657999381352
0.11175401670832981
0.12181166147649669
0.1573587046312725
0.08454943932330941
0.27831914612498715
0.2078484116735834
0.31000893735009566
0.4518795417055172
0.22198383453549264
0.3539033976264656
0.21204440171313677
0.054234105275604884
0.13484386530335035
0.06562874900172129
0.06065345559722571
0.03541344928656555
0.1263144313660225
0.11801394256487932
0.045129136495210026
0.0795751609754542
0.13845661197789058
0.36844419093928854
0.2414124639454586
0.2359046276118661
0.12861464985973795
0.18673832255645775
0.20363548523790007
0.24276036090566425
0.08573854395006786
0.2174663791346751
0.1081071370918466
0.11933373994305681
0.13969548001795004
0.09952491606854441
0.08625492725940513
0.10441875322928025
0.09810912745252848
0.1277545738347043
0.08613066583688721
0.11237756876587343
0.06859883446697294
0.06311540397940087
0.08958141544516847
0.10254664781175675
0.06125349906827323
0.1368203382130015
0.16142093396763746
0.18210833797528797
0.10407195181457018
0.1583936643188124
0.051527867159533856
0.11238622768609828
0.16212489630346955
0.0660568121968242
0.17863425597738675
0.23329836252626598
0.08885481814433151
0.18697229833921722
0.12352435843971013
0.15555045067065926
0.1659577023075384
0.04638874831285354
0.133108688446263
0.11691455151625083
0.11012865504367911
0.10988608486698417
0.12691474035510922
0.08653808953311096
0.11101149068717282
0.32310293128013456
0.16464328704120493
0.21758959639472278
0.19801617310910133
0.27855473629482946
0.12897001446083867
0.3449412980318719
0.342671325135583
0.44673755214993416
0.5451636087091855
0.4096254705888503
0.1686615068298805
0.23241712283832988
0.20832920836956675
0.1064233141567557
0.23569073183930997
0.1818700882505652
0.24683363815017437
0.2599870279826351
0.2448230135187894
0.16537015995105275
0.04268475573984732
0.09596940967087277
0.12018784374800802
0.22921947382221772
0.1492272109357073
0.07338279012719826
0.18459017529081898
0.2689522186141362
0.2890286126830389
0.3292739844322061
0.28329192406711606
0.4300614854822426
0.16395975979993832
0.32266266267439636
0.300329656145972
0.26927018958545057
0.10007488274164358
0.26110675736012323
0.23197231009912614
0.2657295135761861
0.08791337385414548
0.13539026308889068
0.14705882352941121
0.17088395293897274
0.28008448205433956
0.17275603477936205
0.11482159439467116
0.27405844845108207
0.09527871670268186
0.14805267668016356
0.134558948907781
0.05227959996955361
0.12563669432931274
0.22169535651790281
0.20024473385193595
0.32042653614194483
0.37018082855441503
0.43037031709262014
0.13975034715284063
0.17498595750312454
0.17260439463472407
0.14981821115505514
0.14672852582399537
0.10089293355424574
0.25036010991322005
0.11324160534447598
0.29021193554378244
0.0587827941055433
0.2497950340033478
0.11629908437161732
0.3168422216855076
0.14921636369866406
0.18307943423812056
0.3141993771939804
0.10681439836916652
0.3048069161294342
0.26535886823786187
0.2501115742800726
0.40760677484570895
0.34080274678232536
0.3351327235236006
0.42601171226291323
0.2569388560689291
0.1085280744718644
0.15741631487735427
0.24333762099861192
0.07761982960185487
0.1741064914512017
0.15613788546499865
0.19799636133945897
0.13259646754829368
0.04645708765921902
0.16309763132593247
0.06010725732594651
0.19747337835543113
0.10665824404306025
0.1257460963371064
0.19198496634909434
0.19339363327562956
0.22996086535458157
0.3016122476858911
0.33420949288028484
0.44825595742947855
0.22764976713848367
0.1789668613724415
0.39677475745127083
0.44436675115811425
0.41958744864959246
0.17386279110323985
0.18680041505067232
0.12573168895103246
0.12127420567460577
0.046531509316813414
0.06929825162100003
0.06156601692066237
0.09123197357128822
0.0818597837073258
0.07685195688449216
0.11361332250015345
0.17489729918713334
0.1605375276097515
0.3265871469301721
0.48867285896991225
0.10332909170452925
0.22567959638497032
0.1742457487928947
0.30918611289304526
0.25352472999172426
0.4465044058879366
0.4763396043455532
0.28972808899954006
0.1663789726612744
0.2096572860911481
0.09817630498857575
0.08910083979124706
0.21504840452201748
0.1276548815665108
0.07998437098609867
0.057350379469868436
0.12022550476356936
0.14210954231285872
0.09758458219110583
0.09567508491160137
0.15113844138235263
0.11617847392810965
0.1301072440997965
0.15169128572677165
0.08838844256161543
0.06142340451324808
0.19767579653267825
0.2578349681438909
0.30176388783053004
0.4224290543957667
0.5748491260475043
0.4301311141530882
0.2796795772635711
0.4425598318991552
0.16990241505625095
0.19168259761758052
0.14963091272199716
0.2713049558605008
0.19096885973554567
0.1332287644569739
0.15990697958300437
0.17134040920740476
0.11293115159036357
0.17383913283253233
0.06593100001566068
0.07257279351797692
0.09185620876761062
0.1904116773009352
0.12821972617521255
0.22504446347974347
0.17229708305421984
0.38242737822197315
0.26841805353495407
0.6832007691635325
0.3947945636985854
0.14669724090803055
0.43820170045852275
0.10913187388116644
0.12582341001375957
0.07385830193778002
0.11302573379437497
0.24812118666467584
0.3403111616117465
0.3056869564649581
0.12505522062525762
0.10135194351328063
0.2707003279035728
0.14426304862979059
0.27390580630160705
0.04778287097870834
0.14118041813951512
0.11282026761101181
0.06569727121206012
0.07066400828857221
0.05266689041132833
0.17881113774771476
0.13731567211533474
0.3155919506109067
0.3197696708616847
0.3450924237969464
0.3047991850652718
0.12274739648453804
0.07646827357798633
0.12446464469888979
0.15829209029940164
0.08610757642044119
0.20339050839106604
0.10827106327185802
0.09646361388341086
0.18670692808610032
0.19837671676271193
0.2069015954198146
0.295470821828034
0.21514298672602986
0.11493445017480906
0.3816377542007635
0.13828954213033706
0.3687614718993089
0.2975929391971344
0.23287793560484576
0.2010846806976902
0.5413425399877616
0.14863807834480874
0.4629958467925476
0.24608862861637945
0.22657544298213297
0.24416571977973878
0.2578784143114349
0.12227952102088942
0.13794936038306374
0.15077353378201128
0.05150053142098767
0.1643156100557634
0.10391193060075304
0.08085068864549702
0.2312850162107498
0.2913007178504761
0.29939424275080134
0.410453631675552
0.2466984185684209
0.36403085111590744
0.22691983828812887
0.2685517000262206
0.3772359286304624
0.17632918149208168
0.2100478149887842
0.20922623402310966
0.19218350876056847
0.207220061792205
0.25442612879235915
0.12502729925440795
0.042165376707470024
0.08455649038675439
0.08459883507826835
0.030301666178431424
0.044229224967705996
0.09988232832903385
0.12491356914592901
0.10506074643824805
0.10399041990896629
0.12146375585540369
0.0955910808548245
0.12793822492872411
0.11608053072073923
0.08435662069950559
0.1257475899414406
0.14682310802800677
0.39122454330914996
0.23135937010716684
0.1482417101358896
0.35027532558342755
0.28987344862483805
0.14048879456632207
0.1196003333386253
0.07531323914563262
0.10560699427273346
0.11119698734155967
0.06974587859957729
0.03404666235925694
0.08294715911723596
0.17891800258942286
0.08984924758411895
0.2911895813303024
0.0627355199634643
0.24946115081119738
0.22473069435419307
0.27681146752906116
0.32701197191283293
0.43134039142409086
0.15376352932221662
0.3739755911155382
0.28737652024663374
0.5856131457040449
0.4464285858156176
0.5393101264171225
0.2683651459739091
0.2321071742661793
0.20571790801542686
0.14939550410017757
0.22279728251005299
0.11733422175957767
0.10562887859452788
0.15948416435437884
0.050446466777122966
0.06207447475625127
0.06778751056830161
0.1227553467020473
0.17097426307985988
0.13236333040420442
0.16868752078574312
0.2872279461804269
0.3377345553365812
0.2323264307789661
0.5157982156739956
0.6973603705969735
0.34270672688291337
0.3112965869143588
0.5238593006212947
0.444929262462952
0.7585834313261426
0.7288514577791573
0.5620272124553665
0.26583904807647757
0.22969690909110266
0.16820672408975976
0.251912190280637
0.20555865671947796
0.12416842691280294
0.08480460090640668
0.3008244049585644
0.06452601083823852
0.16230306208464307
0.21690403826699467
0.16930214518153253
0.25452320601345985
0.17409431018480898
0.14791273973364055
0.21764733760566976
0.19609165678410537
0.20909939521091084
0.3314298762046886
0.4092767503791954
0.24616686153136
0.3837236050340224
0.1398282567540412
0.3085118742669408
0.12289163549333297
0.05575123876491737
0.08387410511092369
0.1448053543424175
0.12005493498703139
0.05465358524193323
0.11107640594766967
0.12582449533883083
0.13762246616414647
0.10340183205135886
0.23082818033291624
0.11151241853018302
0.13909192266962517
0.20594335791784335
0.1651536650702658
0.24323390131760292
0.22154737770960758
0.2337756809163999
0.38558692421991025
0.23077968414276462
0.2635793334887115
0.37306802733926825
0.26249605779052126
0.20527051831133544
0.046416084051399735
0.10015831553370089
0.04635621271411299
0.046962798822323217
0.16354299613872195
0.0670135630459402
0.11154483346812667
0.06041889573074726
0.06869679085826745
0.11498113967210978
0.11308563786412967
0.09209153930637949
0.10222681123259342
0.13506338732917833
0.2124377239751768
0.21189566438828378
0.3455991609125067
0.4123328380386322
0.18664842279326152
0.4056900620575111
0.1513394003313686
0.1481840614827608
0.3073921630390957
0.15488865561102233
0.14179878817851335
0.1549314559049966
0.07254455047722672
0.10652720160851585
0.10966515658294033
0.10779461923945698
0.1844702359526834
0.2795647233633413
0.14984029030319743
0.04714048112287328
0.06678266107208126
0.07897818503273432
0.11767245373026662
0.08752903850376091
0.1712840413558384
0.11896058414092317
0.08450001931906607
0.14420633371700783
0.22605754561977945
0.17330612515137556
0.2158028144392963
0.21088763297896615
0.16588901835550396
0.2611423300090914
0.1841185211082938
0.05710773767973916
0.09151174043289907
0.1314241162224125
0.14774487961667404
0.10735943045386157
0.23716175582443708
0.16115884992618537
0.1511473141683824
0.1410957172401421
0.04863027887363967
0.07755900799478907
0.07716945998878803
0.13958475313969995
0.17900533170177343
0.1568803490546195
0.09369324386700388
0.3759286775631493
0.34809020190542717
0.3486146315881466
0.24068682600924338
0.32050138359477426
0.22890079833175106
0.38401363517175013
0.1871466543384691
0.1425258794479042
0.05839324609954236
0.05085549218342396
0.10562669367385442
0.05891913590764363
0.10829945577024014
0.14021780476004211
0.09269055993178897
0.10130971608138344
0.12383963245308369
0.17279958045625382
0.2823608362790312
0.18654763371305944
0.21249468501369348
0.21972889310913757
0.24020782737904955
0.14919121476362035
0.18801554796427214
0.26829843017630167
0.18869705410685966
0.13110220206744003
0.26485528788696244
0.38005824310607955
0.16248524340755796
0.20990695032221438
0.2079379899942323
0.20908972566926012
0.28190540203873105
0.3027086556752497
0.2798057448023373
0.06863835865736731
0.09942914261648492
0.20115723007499406
0.13908423772292253
0.20551673653930763
0.1887607828430465
0.3406850988513302
0.4441160736098807
0.49059377794156833
0.6430932965795697
0.40734333853505533
0.3091522755172663
0.3716558459950954
0.2684881547833768
0.2747137292225516
0.22235818547329742
0.1888491340106858
0.08942074477751792
0.09240912496799146
0.20617265406487986
0.08511623931120743
0.13979163935714634
0.1690631144714185
0.17448944914085648
0.20223647447311105
0.19503326336148205
0.11467342320119087
0.43199628439597054
0.25769571080219883
0.07058609868737202
0.10192808852363014
0.06337946057635452
0.09212064695040144
0.082731612709989
0.23123681588059988
0.2593128759996479
0.3303859651310383
0.3408492029909918
0.23503677696989317
0.25786261553812995
0.15218276625535543
0.2713221287943597
0.11219390900770472
0.0747153075509821
0.1663316143693726
0.05125450977407211
0.07336912225792516
0.2308801678174977
0.1742888022939488
0.11573709030938722
0.09001073081811484
0.10552221227608724
0.12417894141117626
0.13674150042772834
0.05740505094696082
0.07388850129030235
0.1332448954526245
0.2349737221672192
0.27778358234135964
0.3598288114731212
0.3251450465640943
0.4422470164176228
0.4583702472058959
0.1665172360307597
0.21779327335359236
0.04544566533301064
0.040415889440514996
0.09630357820545576
0.10359766885448674
0.11255474642306272
0.1471432602901097
0.1028415468400018
0.21828361468196872
0.28194626381609506
0.15649043772708518
0.23573159361667495
0.1003494962029965
0.14327575660714875
0.22081791896675204
0.2496375881110601
0.2851946650077284
0.13623374380687017
0.2770299798968614
0.5568705732933112
0.5355344541411227
0.5703893300154559
0.44576112927098344
0.1774189692269948
0.16393745078698146
0.12759139321222804
0.11463363126258025
0.09584330006552326
0.09758458219110583
0.09934284161396865
0.21510357486233714
0.2550476356961802
0.1414023082886902
0.15357930136587403
0.2814439297264216
0.13600920936929806
0.16303553278663768
0.17030853946333332
0.09488522795230545
0.1605110930998069
0.11182281458584484
0.1423418233561946
0.16083139440572686
0.40249978148763144
0.2545207109963715
0.38333655377914505
0.3776982680213716
0.1786323550562122
0.09647185704905048
0.17358987176341165
0.20801565415335488
0.1587350291788883
0.1825751811445539
0.11842531251985987
0.191853858928415
0.05215658914609583
0.14216414649069106
0.0756106528187112
0.3681933397430281
0.27534594877028884
0.11412919284118198
0.18909526036415616
0.06306782217155377
0.0892064933742174
0.19025524613086345
0.29880633414720775
0.18702991473750658
0.32366887642907854
0.29505381143027826
0.20878596523075033
0.2617196840205927
0.12168964375337502
0.29800494232040325
0.1905878102877827
0.21708986310166417
0.14566034437549089
0.13482213093261086
0.09442131579365155
0.1532725268948074
0.06945108273478863
0.127074441207027
0.17125684406444786
0.3057425050257835
0.18650039486184547
0.17973148143273165
0.18364711279002438
0.21863402645741753
0.242330215890219
0.20294188240847802
0.26970290661183527
0.3736809539997377
0.18621105097652202
0.14334861293612525
0.3109862867915528
0.12190904847799693
0.27520658014428767
0.09000506678651933
0.0536873905046814
0.058129448018434365
0.13295594698103186
0.14007758360977474
0.04585570141120325
0.17537218771854887
0.12982265679294763
0.08998110165327579
0.20229875010925596
0.25602016596474864
0.2876059784983827
0.12125692672699029
0.12373992410620172
0.14914313509402172
0.292544860560777
0.20124049990009038
0.4171999479365547
0.26758740114950924
0.4767065815925165
0.4933184798366292
0.38368747597145575
0.251958035566704
0.32807345292530143
0.17600133263936651
0.0541794337985125
0.15955409924432287
0.2740145092212215
0.2015160704182732
0.157844463320824
0.12957895644498582
0.14242544621612999
0.12996191413464064
0.06717757747721727
0.19534377868617792
0.1624436890844443
0.1697806849501269
0.12494388039539164
0.13988343080540938
0.1887981409997735
0.39994150041562626
0.407002844133036
0.447326833256135
0.4567782536491554
0.2430614493674799
0.3539026308889077
0.18096452618774078
0.30448617761091945
0.24193689362817894
0.0774148115627585
0.13337371900610995
0.2595508378234526
0.20140093042295587
0.17431034626190628
0.18211981371078653
0.1255404935358999
0.27267064035431904
0.07378039233657983
0.051459291592725415
0.09180779269434337
0.045207046096410214
0.07850258136799597
0.05500417844733408
0.0705292258120876
0.12956636597272408
0.053248234080151176
0.0626478094866248
0.23122196140807486
0.2897911021763821
0.11968862484379214
0.2784321509627354
0.2837033202427754
0.044912618431360254
0.08560865965291074
0.11282026761101181
0.038994431036114094
0.13386318264659863
0.1563674503976925
0.118696323215752
0.06793657314244116
0.2761821605262977
0.04969637267694035
0.07646028327823695
0.06769617479444948
0.09909342238255192
0.17883052180753362
0.12533869417008975
0.09092423002351634
0.12968339945125465
0.09251890113469802
0.2597675028406606
0.12281765224715005
0.2746491056402811
0.15095319760319958
0.12214640061455859
0.088562751400125
0.111510316360368
0.0701963176135627
0.10945627057040178
0.1235908907522025
0.18257290006195978
0.04470760039226399
0.1134199405824615
0.1286041550531376
0.2108644349270167
0.2538661339056515
0.04961436546130186
0.2068319667489681
0.13529334485436073
0.10918090413968953
0.10999990466564152
0.09968964302867872
0.1813616129875949
0.0751596131326994
0.10890045164021862
0.25140859232967044
0.1517873805382695
0.2552103634265234
0.2534247432155684
0.3153133467354245
0.32553348050260766
0.17620839947455771
0.07974013202883132
0.22720916003845712
0.09781808779780332
0.24492549352372098
0.20073945804991594
0.11211191612707344
0.1375613658540399
0.13979249752977985
0.04794688540998531
0.05810108509504156
0.08752903482484209
0.10886442686820741
0.15093622195961995
0.20453422061104007
0.08927852209179712
0.18765109275986644
0.18770303011188252
0.30766180575971763
0.5301815613063535
0.30589708648526964
0.32094894561415316
0.07604802463544999
0.07265070311917701
0.0541861276347321
0.04249340557002406
0.10626183135539895
0.11126661976394646
0.12498938921824798
0.0638257613917839
0.03817435887972896
0.05371867002753097
0.08808195470414174
0.5297729435327062
0.2730836470592328
0.10478841361425516
0.20473251159619807
0.15345212359353477
0.2535423218355002
0.2615156017830605
0.22552726487120256
0.2463114231188265
0.45843894764443543
0.14534412184999562
0.4385106197010743
0.2495837361432915
0.17951702321483254
0.19355825539725544
0.15697552908635135
0.09416852982048188
0.09834779374838867
0.07203996686478603
0.055892615908059315
0.0876480036010282
0.09924831745476752
0.10346202028729756
0.08619617006229356
0.1944656894807541
0.27381289388427227
0.42118050173331467
0.2802300691667798
0.17397850145853444
0.18438469219997958
0.29694808580052057
0.2198128231676208
0.1706999362296158
0.7676339480814592
0.6977536928590136
0.49393979675215516
0.5774407831483243
0.16100019088019255
0.1814526730640997
0.1651463784088664
0.16401538327069287
0.18657487544699866
0.19739728184929317
0.09756229810293808
0.0912115470000319
0.1116161174722482
0.1925929035608976
0.21099554234769607
0.09125995025744933
0.10197118845442334
0.0617628363514505
0.10273039158349288
0.12928026675035997
0.2086402352239104
0.17812981755598944
0.2042592748280019
0.10577564030441193
0.16594160084453588
0.5176778574327701
0.5002987471984297
0.2853621988430358
0.18825594631226333
0.20310683285869047
0.04882162904346283
0.0804853669076055
0.1496688227581571
0.05696767913022202
0.19948261027189018
0.1554059959793717
0.12275269708483104
0.07656740366782719
0.1827643455525786
0.13657022987501077
0.08864164876551604
0.19168773083989493
0.15080188369516417
0.2802703068890081
0.3607139940587298
0.6145227282492629
0.5875316710136401
0.19249827084214172
0.44070417035551535
0.49548991232376416
0.3483097427054702
0.3973713664558737
0.23447260671602743
0.19461213501544056
0.1982613437732895
0.14138101615343526
0.10784636546136275
0.19544126986276503
0.06002928184739328
0.1827996673765094
0.07439421245340655
0.22044928888229534
0.13084882081185686
0.06613358553250377
0.16120304407506392
0.18443232591652342
0.15594204866187075
0.14802464647828423
0.0745992304925029
0.2607452287058268
0.3631017269425648
0.27850791073357106
0.26265923501568045
0.2876617250314013
0.40444618066115673
0.6215055159741758
0.5076916353465589
0.2320852413691585
0.19481967582425747
0.11289106421688047
0.19934359139080696
0.0712506025205968
0.08152884021395745
0.16293622020214157
0.3043877283454236
0.21595449337218295
0.2993638086512133
0.12394938822449598
0.06745023723906435
0.18192251314061947
0.09858618398187172
0.1476609495581908
0.2127504037709049
0.35529708388648096
0.36389148248990627
0.45533669299945384
0.5985994709603094
0.6624102728583658
0.18081224261365317
0.28895881428596687
0.3267673522817395
0.28188095446202205
0.25934255736792144
0.14858758358602864
0.10565507394233113
0.10777823280178324
0.04544566533301064
0.17946033408125933
0.11453916354218242
0.0991852046072814
0.12161752424897757
0.16180003432923332
0.18090047654994207
0.18484925428665136
0.09934521255800165
0.10421315595002992
0.1066647470038965
0.10829434566826363
0.1178717046110924
0.3601375054764711
0.274105454422568
0.32331173821397446
0.5912481677070135
0.19518302840677612
0.4108439723286603
0.2682981853807902
0.2703751344429022
0.14849406029888598
0.059701252984839234
0.13218984211111218
0.17578883767213155
0.2548691731010866
0.20338734399633032
0.12668992939160126
0.210765047646872
0.12722637875991052
0.36657100473828835
0.1416396549819454
0.27525303635295506
0.24684599705985943
0.19485583536340237
0.08245825532452725
0.10710142362390127
0.18639595185557573
0.29212708853569985
0.3122198175576745
0.6069396789154246
0.17870739074559838
0.28261931956992425
0.11972757964439146
0.17299243271766043
0.17302140503247987
0.12991769391899763
0.04224738392310851
0.09380582869810782
0.12428717746066564
0.11518935039095246
0.10876389374193374
0.12942699734672294
0.07222220031257598
0.23000611834629778
0.05821145523407285
0.0556008922029135
0.12325223301532026
0.1134199405824615
0.31225417358622415
0.1685710121189197
0.21350278673030407
0.08066776444975303
0.2674483932968712
0.0765127321907349
0.1354847964871299
0.21497852123798644
0.3337998592918384
0.27113404427553645
0.2832435042437074
0.20909939521091084
0.09042064967261687
0.12936838713648624
0.10151823230624518
0.08143527765435746
0.155051759777054
0.09166389008921728
0.28280436114075275
0.33993929424326075
0.14202734399346847
0.12940924891385125
0.044167719555977106
0.10235414614407816
0.05280323221342867
0.03280288625540619
0.05099482025788347
0.14378320529763305
0.15938356665528883
0.14336543327255497
0.18787130895547724
0.07992939236221114
0.15880514147262373
0.09898414832484133
0.1020727198568995
0.17084309116160773
0.055043133247934174
0.051498246393325516
0.11424952951156572
0.12372946186016492
0.1149850415041293
0.06146440812106727
0.16405908574425232
0.10762992157849172
0.10186674544815355
0.10002158567072593
0.10804440438307479
0.06521033620455893
0.1386370022357094
0.17627770755110683
0.3334061707892658
0.36781345374563956
0.42131135640252304
0.15094794825196045
0.6114964982620092
0.2931203995861372
0.3456497747275874
0.34650787205224504
0.12089622366239429
0.15451579395431922
0.08229201626770061
0.226258365915089
0.21745033905303074
0.19756669355809
0.1670208163816592
0.4423095627200809
0.13810846862365903
0.1846543719108602
0.1543319489308492
0.07613415680895656
0.16801728025941032
0.11313146256487167
0.1321628664061423
0.25076872768686637
0.4684031116161165
0.6158989598811282
0.39808026738603497
0.28354985145615474
0.37225079179197557
0.08510982196350589
0.14731263768358127
0.09368537662371196
0.09716681016602774
0.03501708107764613
0.09199695710236741
0.045479729700610864
0.05447828863923281
0.08745512093954225
0.1241479201189736
0.1134647382257255
0.19451214568942146
0.06299520947965294
0.10871740242196476
0.16320270566713962
0.15691187645595694
0.19546414643897111
0.2582036077721046
0.06039831431776659
0.25266059431746857
0.6974288160598715
0.5260736065729849
0.849412270192317
0.9002666788980016
0.6159700366418936
0.1439910027919597
0.3306134253479962
0.1633161436937327
0.19604929639017496
0.09063017719285318
0.12715026127934595
0.19557787654745007
0.14858864250289835
0.10835886759702461
0.2779477318416218
0.06954211886146107
0.23323902519743103
0.15294142899229002
0.5247693331042995
0.605898434763053
0.6873660634393789
0.4863562658614856
0.3972592689165982
0.5168691547941598
0.2605196897185546
0.37269356548516797
0.5265040013435347
0.5170170731448197
0.4650291697258122
0.36674168980810884
0.2857704746088619
0.06078101465741301
0.10024046651515692
0.10054380070207376
0.08764617571781406
0.07260030109347924
0.11488637050521139
0.11772307101151297
0.13124802889526063
0.1610172192403954
0.19718839583675368
0.09762959021765284
0.15597502160278057
0.27358401396922094
0.4285583210004653
0.16428778866249244
0.5419906149647375
0.314104481485894
0.36254987596146154
0.2887905354423731
0.3289778525681632
0.15899832325380794
0.22192549901874054
0.4008706245889699
0.19179217384616468
0.20892220927563462
0.14903002612162075
0.19952805887159347
0.0988758405289673
0.08887574436997048
0.15206901712834442
0.17791276986277418
0.11691457146716143
0.24345446953859382
0.08922385061470482
0.20518032790342947
0.26044194841654994
0.40169474314727305
0.49545494274975854
0.23967715294767805
0.48867285896991225
0.33534240096591733
0.20862635658438333
0.3340328171691508
0.14284290177302075
0.5161749345008743
0.3232985852774629
0.3264662408481891
0.2151686932648809
0.22492024453499193
0.06776529585595993
0.3097194301197442
0.12187009367739664
0.24218775444028984
0.06757394568613669
0.2667350144190459
0.2972765971264781
0.1265057149488086
0.23106274420348455
0.07063554840330794
0.18469523368822519
0.06376900858235546
0.2179068878454633
0.15459212618147666
0.12424093169235086
0.3300405757742905
0.3208141009243794
0.3347787394131759
0.35765395588327187
0.3835555642206825
0.17046620742601504
0.36924219910846884
0.27223338278958936
0.1555852650060825
0.09892392019856497
0.0936591963775481
0.1552795081097804
0.10433288302837712
0.041577658328727354
0.16987487203123142
0.11994922074060158
0.1725697666584209
0.20552226714353955
0.11784652540738193
0.1644549786817655
0.13128245522074394
0.045172307947548895
0.16167251405789596
0.07688176466110822
0.33614829062729956
0.18244480861054496
0.09834031941985329
0.21703495701379177
0.20464945926831474
0.19061185012258156
0.22232893064106882
0.09238130962312517
0.15985127305051638
0.139665555032379
0.09663147400037735
0.15604640491300872
0.15085051538853342
0.12348909271501601
0.10886411681784566
0.3985013579469444
0.09707285291902991
0.048848964782009015
0.14872107185416658
0.051158834689160534
0.15646451079101314
0.14318620657486322
0.14783791050530923
0.11047993365011292
0.1493276324327203
0.2098252267674853
0.10338604079265157
0.2710188485050828
0.32614069424412284
0.11100170430997057
0.13676262017245122
0.22803950703609763
0.20236324495417268
0.2391399353203383
0.2057478211275017
0.23462832562782912
0.10634660563825893
0.09942914261648492
0.1718435596486969
0.29514461790487806
0.3634269204032345
0.39817323660519116
0.28638230923870217
0.14855620351534513
0.3088453806485442
0.19135570339866326
0.3038595195733028
0.1269471698084217
0.3875163896235769
0.5354527305863935
0.24689552620340205
0.31959559918456937
0.21737885147160668
0.07474957705450677
0.10498624645335249
0.04204236588401225
0.08103828310798622
0.15075039712495142
0.1351411110127837
0.12168637299193237
0.05866592970374303
0.15563389048979667
0.16153851636344257
0.18955409739141854
0.14106768713462695
0.15298029514097564
0.1452712585636422
0.11926815925916942
0.1358830997639492
0.17382600090922698
0.05211558553827653
0.14978668375371768
0.07100458087368125
0.09789341390803813
0.12648259813425144
0.12301348905027697
0.25543782364348133
0.16585640819831235
0.15711039244821215
0.12310349005627887
0.2275592381437438
0.11784536591965449
0.1419946763421638
0.17883052180753362
0.05078980221878722
0.21111207377152466
0.25574687527313944
0.16717301119339553
0.17192701244851857
0.21615243422777686
0.10060670863450723
0.1397609701284424
0.14757701949970756
0.22700529652376997
0.2724254696901318
0.38999987176085293
0.33473968017122513
0.3791485284828886
0.3097699993926585
0.12976275087867786
0.33369494685624823
0.2569658623895383
0.11991069597823646
0.11729365187784667
0.13639541998077095
0.042752893658604185
0.13355705739032087
0.1476609495581908
0.14852558770022342
0.07787064639958982
0.0712300305099268
0.20429052026307729
0.09094600214311356
0.1791929285929778
0.21468777827387897
0.12185061627709697
0.25677540895947
0.3364515709165764
0.30229054979724523
0.2193651961890432
0.20890056126123538
0.11828174068928532
0.3066921925312797
0.5214709422889315
0.1557540896637918
0.14549871878059914
0.08185563749115786
0.11352954781491095
0.18088453806485366
0.20308539463333602
0.13083871554997412
0.11179483789968343
0.09310641154408074
0.1044089927531578
0.271211346198911
0.31573120795259874
0.15091985395142452
0.07736014008566622
0.29555439954050616
0.20920374093173574
0.18866357835853434
0.08769731734735504
0.14642909478979266
0.16747463224513123
0.09100067362020595
0.12190372604665352
0.32922334022699695
0.12325684510468847
0.22378149469246206
0.1283171131767128
0.168577014950774
0.23284677912769786
0.09901004501423435
0.21884291246995702
0.22942647043859643
0.16556602870128262
0.08633993019808364
0.0753385843605836
0.24357198232552202
0.33904378987850653
0.255694972504078
0.20106247111149203
0.06996282187777052
0.16716196136701308
0.10541615345495675
0.13591462716528666
0.22325220294396877
0.12895976936283993
0.1466217987938117
0.2743906743976729
0.527586838443698
0.5016397591122508
0.28540792179903013
0.16985914252957623
0.2159136315948189
0.1954418811351284
0.0728166596066717
0.1049349800898126
0.1173939390468806
0.14277598112053133
0.08914806117331726
0.12172729656348207
0.12708695479083074
0.1823406190186239
0.1752792753012151
0.1562554366424276
0.10161132413704929
0.2343251165171822
0.20830154063582668
0.10091922648689589
0.21671821343232614
0.1292715057914155
0.09014140858861966
0.206683672360219
0.09831298368130673
0.2716633191197955
0.15389975057211144
0.1126621151706773
0.11674596715218187
0.06940300306519029
0.11408608240210663
0.10410095929430098
0.11798578274907497
0.12585427428312657
0.18619648433799843
0.11373843382744951
0.1869877955577691
0.2048674721584869
0.16993269320827967
0.15842604111102793
0.034593377130180424
0.09429845739999346
0.19095285213597726
0.04627940535866886
0.2711041240998138
0.2652337968739534
0.16551885702105168
0.1961091514386357
0.18916946003463145
0.15537637899354395
0.20949958188664505
0.16142093396763746
0.20671269993881616
0.17161961367013373
0.08541353304143438
0.1867075026333376
0.05407009084432782
0.10738232895499115
0.14439932773197064
0.15453194650817176
0.1271419529653648
0.06713657386939798
0.1439064972618959
0.06832672025256656
0.184431148408646
0.20426794950952626
0.17264413030003667
0.11132847495493428
0.1663316143693726
0.04912232216747076
0.17770786975886893
0.14774882467567024
0.09931526412994232
0.148752040318473
0.17867000042026218
0.1538327069312116
0.04097627208071158
0.11768191881019635
0.12131806660256955
0.12721790053317
0.10572389700272833
0.12245242679424058
0.09481598466063107
0.06361026359694182
0.16649905186312028
0.12111907293715916
0.0931738648346266
0.24378136375751108
0.08351909248660357
0.14494721100056554
0.20802377414561563
0.12212236077975977
0.0954976936711327
0.21141883608470652
0.17866578337872419
0.4163869982838028
0.4808508986485471
0.3831209810513942
0.17191673645984884
0.16142029484719728
0.13504064330041013
0.1303726143529134
0.13102001573288993
0.11778648234792143
0.12089510531300993
0.08490924249888376
0.05463410784163318
0.10363056819584682
0.10290050219777093
0.16533764664644174
0.21214721115948407
0.26427086206867106
0.19984314668546083
0.3397342539829806
0.2346269207525082
0.3469982133806204
0.33330951796346203
0.33838825277510587
0.22180213098092497
0.1871966815703086
0.46966526902930456
0.24603290843544148
0.2630014858841007
0.20637938038846673
0.13840640653213698
0.1951072992300256
0.1965635374875996
0.09713592352035469
0.10504930125602738
0.11478286389014425
0.10228451747323165
0.11727330103655002
0.1376662653207354
0.1862128230881611
0.28115297485368435
0.09673629523184148
0.16325956931499763
0.2724254696901318
0.14538466472709793
0.15539323821825837
0.06984595747597024
0.0943094090490073
0.0532500186879427
0.08137657845359829
0.23727316946776217
0.16737280964469664
0.09239479628606076
0.20331152392401133
0.16888434113772802
0.11372854035197714
0.19915217201293572
0.19214287904739605
0.14244415589317513
0.06982648007567019
0.16616882297472188
0.04979204776185192
0.1880872610609539
0.1860747226929996
0.14399209131017163
0.09791840156378648
0.1222317349848794
0.049942394323855895
0.09685217690831856
0.1164937479414832
0.1578533344987318
0.11661985754683206
0.1557245223477755
0.3107025401795167
0.18951120943876942
0.06299520947965294
0.122677768816344
0.0786886972121918
0.1610636754490618
0.10647926752907755
0.17323520211985938
0.10089518665209705
0.16961161784382073
0.12585427428312657
0.1292308180817698
0.11039625762682675
0.08840377845831959
0.2872530815764578
0.08654494823717998
0.42126490019385565
0.16440843019149143
0.07572547961737075
0.10274780095840104
0.14273018833472736
0.14094813709617923
0.12528220940002113
0.22894853857414282
0.1119755743249729
0.16761501074980026
0.14232157056108105
0.1281273590349628
0.06954211886146107
0.049751044154032725
0.06856160884721944
0.03893975955902171
0.05442618598531029
0.0851459412144936
0.12477056201380991
0.14373550961621
0.10309426429101529
0.1827637444279339
0.14405813740653384
0.14526361853133626
0.16933288059181745
0.10542338560080104
0.09139793647695793
0.090112906124845
0.13783557111547973
0.08704715509240449
0.10417677936661997
0.11547397014218552
0.2085883769155726
0.3173326673820646
0.1392399670237048
0.09055043399492066
0.19801617310910133
0.09277749662570708
0.13196602862182386
0.08166394690419819
0.15230312035661192
0.09956899931022553
0.10061342937292027
0.1290553476773849
0.061642090421617425
0.17533391723821581
0.090850327058202
0.23957672276247094
0.28006662205732163
0.11954437996630345
0.1347165859144673
0.14580199906987598
0.1290101262724086
0.12480399696458655
0.14984089966126193
0.19039545163059404
0.06787122184282632
0.2138647302399438
0.09347569605248408
0.19683594091425502
0.045514004679376024
0.09335820171953048
0.06534667800665926
0.11335547613779469
0.11680082140777188
0.12332123259804953
0.10340183205135886
0.08443453030070577
0.10826509619243695
0.09436800445372998
0.14314829653870326
0.27873725200299254
0.18982648345214298
0.09618384702179972
0.06489869779975818
0.10032019105542585
0.06789821744596553
0.13932348570929098
0.044229224967705996
0.18573551263001434
0.32575008915100134
0.06303621308747223
0.12944812686732646
0.3391118903492425
0.3196208225463037
0.16910059954848156
0.09716681016602774
0.11228465634853868
0.038037680186998095
0.1378029814401978
0.05580591024200975
0.16882265536229313
0.12703926582670144
0.08938010578329662
0.046306741097215054
0.2696005593916613
0.23088510315676317
0.27829735163010133
0.16615353911066533
0.10942932800580062
0.2783095656306413
0.07163330286024323
0.3993095009177508
0.1952219832073754
0.3546018704658679
0.1476609495581908
0.19480781286344317
0.203929918601319
0.15910151288382152
0.08437609809980565
0.08873103024371913
0.1630384916849598
0.13814351892317087
0.1650124531857711
0.07683834418368733
0.07122885289727357
0.14805593702225636
0.17954855061616903
0.2918843590558001
0.1424723266434537
0.1565859627654918
0.10080000023837823
0.12708012760406648
0.12498938921824798
0.140932270130683
0.10990119482672218
0.1295341316318497
0.18498862291265253
0.2540376698760388
0.16199110272394393
0.18555333101288288
0.12387115985442115
0.09789042487762603
0.15311863604868242
0.14373550961621
0.07728806887931644
0.13018562268377984
0.16095454103936221
0.1040088970118953
0.1551637369483325
0.04696279882232312
0.12870927551473102
0.1431565472600164
0.08001332242069438
0.045281650901733576
0.11220660306883114
0.09251890113469802
0.11561098070403743
0.08468259999210381
0.11192040820178
0.0647818333979579
0.2058207725857493
0.1331280310508246
0.21038302896212943
0.1038145435992528
0.19141683419281452
0.11314421834297574
0.21562759915326574
0.20677658477755279
0.1350481741901735
0.14769750087785707
0.11570556290804979
0.09637926588825775
0.043600502981144026
0.06500371329694302
0.1658579543231209
0.15354034656527374
0.17494100166069376
0.12070555513221203
0.10444300626946666
0.10660149506570266
0.07254354721568551
0.14958899190827288
0.15330818622948036
0.15179178478309513
0.13036224020821774
0.3691044349348972
0.17950372116523727
0.08113247200503793
0.110439001067365
0.15009492125420493
0.2651429070885406
0.10866144904964195
0.1582466567607718
0.1675210884537986
0.09584812678786683
0.04478960760790248
0.1267938096111332
0.10542763007207584
0.33349458809612686
0.24700770982728967
0.1250061463025656
0.06811246884926594
0.06218880519254092
0.12351706940117645
0.18338765681255623
0.13572546275726194
0.1293884550884561
0.12379977676474202
0.20094834406245451
0.2375770511238838
0.1826708179652981
0.22118480087485892
0.24965566537734663
0.18757101651953415
0.1160643224103705
0.08940153291525489
0.15565078040246366
0.1225154815969155
0.15784904595964883
0.1850815353299863
0.14052365235703668
0.08174664905929918
0.4284153483087129
0.220880973769426
0.11028409684698502
0.15836921534636672
0.14023761991548347
0.12826511914764138
0.12216350299985293
0.16585088716021268
0.05121350616625293
0.12992442091119086
0.07731210871411566
0.12724639597163453
0.1554934009264916
0.1690787612718798
0.10404042441323273
0.07947569384604052
0.13398576797869272
0.13067039594441035
0.13272538816209095
0.15246927684563646
0.10250657809420455
0.09914027871175733
0.09149561124562315
0.16777028240418773
0.15298649445325516
0.15531859103225182
0.19781053650479044
0.3293280632415355
0.1709415700510743
0.28974739970282265
0.17411498666984154
0.19133979871633588
0.13419035784894062
0.2056830936800036
0.14315889220534886
0.1854866539050488
0.31845569158454307
0.15755269102708402
0.39180053085219424
0.2631766867172975
0.1646272179005331
0.11513100724437582
0.047564185070338987
0.06822933325106634
0.15812276082175106
0.12357302277349926
0.10702003207859061
0.046771448652499964
0.14271347302553167
0.07976417186363044
0.12599277418242552
0.17685682394963106
0.16057168807359132
0.15124864137596897
0.17721552291720621
0.1510942157364962
0.16229275642043603
0.1437964774996219
0.2092940236617449
0.18445029186001294
0.3374774192546572
0.2605196897185546
0.5151993541188633
0.23627627728120315
0.2937243247967824
0.18062173929793882
0.09447181010975873
0.09309353292151838
0.05367971522693088
0.12658251636943244
0.08474138238191727
0.08860216507214658
0.2071813493658923
0.17167458213216766
0.15555619819845132
0.0963517071387662
0.29385543221746274
0.1583227591376994
0.14032864260117126
0.041837347844915995
0.12756727167710175
0.08675570378551517
0.11103999693734445
0.17079766901340523
0.28512940711564505
0.24592240456741787
0.35943400926829194
0.3233233441500039
0.2922546756369324
0.4021575266451633
0.23873655721336254
0.13031540413831935
0.20400314657809546
0.13241508561684098
0.0972892114322223
0.190423999326711
0.34684205390905676
0.19477074154283713
0.1555852650060825
0.0969165939928351
0.1801962241062841
0.08856617383935333
0.15543114825441837
0.16181263836401985
0.09792410855378811
0.15029280657285132
0.10573113668012417
0.10592784153180801
0.10483170960046034
0.11333371717815516
0.1575631544373113
0.2201211307171967
0.18204399363846757
0.24416571977973878
0.21593392185997662
0.08223358406680037
0.13088027289897838
0.06528824580575912
0.09786244819146464
0.24211170352241876
0.4015895479397949
0.19070925068958874
0.1647801721424352
0.22866824189974985
0.058566819835173076
0.08447597948426686
0.12383963245308369
0.11812767267335826
0.08513305598817238
0.19590583194943587
0.20505643564238696
0.16882923416147266
0.20673012856888542
0.14471077213840514
0.2239954341125842
0.06920042212963394
0.2193999418367272
0.1691280414856908
0.061382400905428784
0.1182151909798088
0.12781563959663003
0.1205539149875731
0.09262548348118392
0.09272208733312633
0.08945969957811802
0.1626298739113125
0.14068472944497212
0.12065536491801251
0.2573201643212995
0.06263931936495264
0.12167610230392929
0.13222871155201238
0.10821382207106528
0.13495972872822715
0.24175810990392899
0.2916419081759129
0.19499697727146786
0.1881366686267336
0.24909656995267915
0.12108309770516232
0.06970613329273813
0.20266311455087727
0.22082596062975296
0.13188209856334057
0.14023214308447077
0.14559051275025353
0.1102561201608236
0.14947927257735918
0.24100276289671496
0.13480619464044605
0.2011553835288258
0.10072690780850235
0.16266060659033296
0.1493534989653383
0.09456119922445703
0.08301268007880235
0.05643463222857173
0.16467296277954505
0.1134199405824615
0.16415045657113014
0.23919839394642248
0.1049819585679552
0.22154304919751058
0.30619287132528716
0.2389707373838982
0.07420889514318087
0.05635262501293314
0.07130676249847376
0.1833467950351912
0.13406428008390497
0.07931197402179331
0.05186956389136099
0.09206967121832442
0.30883331332203645
0.08722834170083425
0.16392763349550807
0.31352154531946413
0.13498367239731363
0.20978436499012124
0.19280178957343616
0.1262019659089398
0.09674338074502105
0.06335998317605447
0.0803651677336096
0.06861270375089126
0.1135932270184472
0.1920723712962152
0.19281044390779842
0.24561397522330355
0.13119976842111955
0.19395157765929547
0.1398698639192022
0.09277069131014774
0.12589923008607856
0.1362331657337484
0.09643563719724944
0.057883426371518824
0.19876231958485752
0.17110896163591735
0.18521059945315183
0.20238966651779353
0.23575953427943752
0.3115301906281035
0.1901189043287629
0.40143840122839064
0.1961634911209498
0.3089424125450835
0.23398304344025847
0.1940525807047303
0.24397886264547525
0.11144780605274274
0.2043964688401355
0.12176172291664022
0.07771923415548564
0.07490910557752738
0.07777518752780786
0.05434194683713248
0.10979559577881838
0.15004444648299994
0.05122717403552592
0.12584348333860662
0.323267196923345
0.1781749847041339
0.18015717721126703
0.11828542908905477
0.26793272336468205
0.4702762003377147
0.19812411585208284
0.17433367257821034
0.3698479450883728
0.665188873719162
0.4568320453781024
0.6986084659368328
0.4240058165052181
0.4084069688490392
0.3576198943198389
0.11966914744349151
0.1786068288608916
0.24877299741267042
0.12265090369577752
0.08009107003379518
0.16695579924694084
0.08153239765599866
0.2118867677309416
0.10082306714769959
0.2034147934285379
0.13852624064873614
0.10111154516528942
0.12071841972068743
0.13556702213776822
0.14823944023179708
0.18090047654994207
0.12781208502158925
0.1743501511278715
0.26811467529062105
0.08263593762507741
0.06403396754440742
0.2460785373099753
0.059523570684289075
0.15691187645595694
0.17065782343903818
0.218627178532495
0.2221396731054972
0.20459314297019596
0.15558772559978876
0.16644733765810696
0.20684380735949554
0.17532573150988245
0.29306707559212486
0.26832971278212764
0.1387338866259833
0.305681853029948
0.25570317279957994
0.11303530322567537
0.17595081333218957
0.09558238316148128
0.1371441958174425
0.11343559001176089
0.06438933214550766
0.06743726699340581
0.353579805998304
0.4376704973527823
0.16897599880333294
0.21346627882562455
0.16394070550764037
0.31673843069273344
0.1587071432843065
0.1474735248524874
0.062380155362364076
0.19124202429857473
0.19066105318346377
0.1087562126314237
0.23344244855250598
0.23609934961295623
0.12457442392927427
0.07134571729907387
0.14764282046277766
0.15245197481799927
0.15878886683903556
0.18122567001061177
0.18853624076050213
0.08399518278828359
0.21328186343398958
0.2174155247176075
0.23544556117512178
0.18939854065343303
0.13257272262352823
0.1281273590349628
0.2617341141508607
0.09267347062762588
0.17908701081801798
0.14507133570828962
0.1781982110872453
0.18128579291527494
0.08614854152710992
0.193045489921398
0.11575180455798088
0.14106768713462695
0.12834805084432402
0.12730190142398487
0.04837058935745102
0.19149249212605574
0.10130358058927771
0.09144753157602481
0.07461792054948187
0.1319811455891836
0.06295420587183365
0.4142120444017124
0.22154737770960758
0.3252355215231202
0.31636220610086424
0.32501457715843773
0.21235132981761243
0.05401541936723553
0.2514210013066991
0.0704108020846716
0.058238790972619046
0.09838034891554023
0.17605420792524845
0.2025490697888412
0.0783852302811476
0.39664310960025817
0.07934198113026371
0.21722450719458966
0.14363884049293563
0.19917932998261334
0.2613164016862067
0.15454321435381696
0.1620823702752809
0.08227253886740056
0.2355329779425281
0.1547674227841775
0.270400061821011
0.1415581220613508
0.1265446697494089
0.3451841357205889
0.2261699377133457
0.3066602569705439
0.26601472373201324
0.2902820663984844
0.24072872961355038
0.24942028903383237
0.1566596572452583
0.1012435267596464
0.18045177211976432
0.2183441807356774
0.16911906784374034
0.43680622323223384
0.36495991810860673
0.2993376455163142
0.32617795111732134
0.46746865588420344
0.3682960012906531
0.3894127382851287
0.35173817955492004
0.1312662164987166
0.3369512081240716
0.4246569355825524
0.23530190301423007
0.32746363899020264
0.17174057980523705
0.25107071060221947
0.16874508379603595
0.1284392025087733
0.12898711274279148
0.04653909487485751
0.1262367802443621
0.17244996066777327
0.1395402783190812
0.29758911497886764
0.34441871316764106
0.11699696097761537
0.35455764219308117
0.15690993681718265
0.2185295834511487
0.05886751295918101
0.15441665666101823
0.15995105322961226
0.09793828697179939
0.15079433840823134
0.30466024928803576
0.21553555060475657
0.07927364178389822
0.10909291908056613
0.1580468629041014
0.271363063478651
0.17078926667249325
0.12410457981055918
0.05334569377285427
0.1800249284731385
0.20889782361681655
0.10850859707156472
0.15417148599683003
0.32894851848614515
0.17909469575893663
0.2730140183883873
0.15566228180025962
0.24202925986177878
0.232393083003531
0.11504013349436863
0.169890355095824
0.14730670739956883
0.16339225584793754
0.08951813177901817
0.06585179415772785
0.1630201502606248
0.1272069013596099
0.17815921569661458
0.15717302285295803
0.25341861827938744
0.06773796011741375
0.061232054343424824
0.1911424023167752
0.11817352234441013
0.09035565999192019
0.2161142827196532
0.3152982882240517
0.16334346632877517
0.20001840019996886
0.10541467559433994
0.10537273562325657
0.1608728174846331
0.15781338247316498
0.17139127347761568
0.13768016164017727
0.23345861375753815
0.16621245985047373
0.4262302246307126
0.2043763613483985
0.2818864953571851
0.26977536928590107
0.3222183375579052
0.23586224980333775
0.1592755845609378
0.12100216633272354
0.06255783766291424
0.17546047200381323
0.13364465426899777
0.2089135703762423
0.2255484660431771
0.2951228039507027
0.3051966151365817
0.28485089243225997
0.10118509455874646
0.09415375305042946
0.06032997497140121
0.21267652327828307
0.16791493952268943
0.17043964688401364
0.24560790140721953
0.07219368550043971
0.07238503567026297
0.23593675116272664
0.378332313608949
0.44994047100886386
0.23178684484456355
0.1566676033861599
0.3317806165826736
0.2375821966123029
0.15328426347656826
0.22298271907890327
0.26340670314282716
0.28959476622329294
0.275856967065628
0.25053833334202286
0.32779500835551895
0.2671543004100918
0.07160596712169703
0.2264275610437636
0.17198281699038895
0.08657228397572608
0.18388931970510816
0.10866005329222743
0.11611240207996817
0.15157312913496937
0.25499362201643133
0.15135887773166923
0.4182611531045725
0.1513394003313686
0.4898173236605178
0.2598225345093789
0.18900702701231206
0.1267343883097012
0.18457264835613113
0.23614161523823754
0.18875407003871936
0.16965025651703766
0.1131795422344703
0.2172553226156315
0.16458684468564508
0.396772345830464
0.17611049558371195
0.24515970082956104
0.3883838825277499
0.2886884570812632
0.33085781132158315
0.2519513454573773
0.20779710221442937
0.23875671233200155
0.18377885139214697
0.4183837384366666
0.2664118813040494
0.4087551122032708
0.19546988829152775
0.27348770042360265
0.13377076387434758
0.20496479263953396
0.11162697778271695
0.18645229011490458
0.2013402020437113
0.09869198732034062
0.28594528450310175
0.1986485894763786
0.060876689742324595
0.2607452287058268
0.461716633161436
0.2767860912389716
0.22510564554863022
0.38698021819748724
0.16349329811859836
0.14535983843925399
0.1951558486935752
0.24291862730422936
0.3419176957903365
0.40440901057795603
0.4065792162393242
0.1839695204157363
0.2629717528680691
0.172234193505906
0.30012975474336484
0.13921199033754342
0.22954012702446405
0.22368664473240116
0.20189804195874328
0.20826318345490197
0.13157435501556805
0.16006461658969162
0.3665394863839349
0.27983721427025837
0.09969343847788824
0.14143192239932162
0.11912472967388724
0.1716603267089013
0.19238401754835807
0.14992706113723844
0.23799515700188822
0.21750724091204016
0.11789375548279898
0.3936699122455589
0.1423603187930473
0.2591530071871235
0.19989342262093013
0.15644562901277023
0.2025518303965778
0.204061948858932
0.08204821924633464
0.226929476451451
0.13308452544817898
0.1840865949399195
0.10488579922875794
0.1615037020280193
0.13243544990860187
0.0717699815529741
0.23859908771456115
0.24520211388038524
0.31469121016095786
0.08661599913431116
0.09356943104142805
0.18134456794432366
0.16460217788068027
0.2052828458043114
0.12373302971130362
0.27669317882163685
0.15363858420146576
0.21167497257892257
0.22131737809037577
0.11165495446887835
0.0976738487890084
0.22159611534237905
0.18298225679573413
0.17961716633161368
0.1493276324327203
0.13543513770579738
0.16050506148835086
0.18285562074883127
0.11147514179128835
0.13578851755993687
0.09335820171953048
0.14596626169041102
0.17628410858227875
0.06274918783273739
0.12494309149989068
0.11976819345559181
0.22034179770836482
0.20084737157363652
0.3076483217784616
0.3056307115188102
0.3317454767939858
0.2620057164621459
0.2837601608251023
0.18682065819457927
0.11704995563713605
0.1794573667757688
0.14399600367108842
0.16240466316508068
0.20843592633708724
0.2288259532420487
0.17268021470704306
0.22843282929813766
0.22573619357537736
0.26438459217715005
0.22779019667370734
0.25047160890657166
0.27450657183176713
0.20802377414561563
0.1992420264300403
0.1164489597671566
0.09187489721532395
0.20041208419015172
0.19754919842775012
0.17858828335113486
0.09224444972405679
0.2939596263613032
0.37302716556190324
0.22453546661876048
0.06229814814672559
0.18363896796134188
0.3050174239318096
0.19756669355809
0.1674105011012921
0.1326042500248657
0.08315378857031284
0.22478063728294767
0.3009789354077437
0.4567574436155701
0.0814155332541984
0.185716778122341
0.11430941447003078
0.07738371139208855
0.1484557016010497
0.12759453932586515
0.26894502228826056
0.19580963713140967
0.38707313061482196
0.22308966693625426
0.11214486738566942
0.21560517927560308
0.26183861671755454
0.2818990288828916
0.17563503304270167
0.14569799374590625
0.05364638689686221
0.1317026309057976
0.1866969670483342
0.1273390049311784
0.17179505965117758
0.20594037302154397
0.20557643562625555
0.2594615855257404
0.15527329296780842
0.1293343112195093
0.4527216518181135
0.21497381071543123
0.27010900763725126
0.08782972794885002
0.11522830017508096
0.15143780218993685
0.363588094990669
0.20364229856651578
0.27945888545420994
0.10517796162025611
0.1835200988568281
0.38618465787332124
0.2158028144392963
0.15703181041235523
0.18011058179432748
0.1049247554163557
0.09115423340422212
0.1027462539316321
0.08124181495922261
0.22067432048511498
0.4086288114363863
0.20213203146684225
0.2566973559854875
0.2129269400801186
0.28231401981237736
0.15441682957877587
0.28183713638673946
0.19701182394633934
0.24171593084297047
0.20479922815163346
0.246044926142819
0.2597366626581211
0.16722133669326836
0.16602956563302984
0.16646467906117238
0.06091769335014388
0.1642892883688949
0.18416222358185422
0.10623202997751174
0.11929968666050689
0.09522501006693204
0.10073711435184556
0.16528275500393283
0.15091985395142452
0.21434894679030078
0.21438667753579305
0.20224827957905694
0.17093755244421033
0.3219879822721234
0.11553993857988133
0.05639362862075244
0.11050791033627336
0.19079564899604803
0.17125170893525402
0.1087812806757648
0.08827157815981515
0.19270414205169634
0.10346744897560764
0.18889094444069446
0.28712525128922184
0.0827042769714428
0.20482542401353185
0.17644115466056498
0.2068319667489681
0.13042885933258913
0.20347819396218383
0.17023016450113823
0.15809625349627374
0.23771228226930685
0.2636401875567312
0.18472209059678604
0.1053665959247413
0.17484754534334374
0.10628817343735898
0.13018306417211548
0.11213055813361643
0.25399680809867387
0.05834813392680373
0.18416695566340652
0.37164583515426847
0.26016082510269967
0.2573673960160957
0.08698232005391869
0.21475395507385653
0.1611365482351612
0.32649423451283827
0.19609566957296284
0.2002408109950828
0.25509133816973967
0.17552572897462843
0.19557787654745007
0.061491743859613465
0.16919249138035874
0.09407584344922927
0.1844223151738525
0.23863090072235027
0.2937285479651648
0.15024866591456637
0.1299874757138658
0.07360147603556762
0.21648569647792337
0.19053885777093138
0.11168341332047221
0.27104274101914105
0.2900777575116612
0.3552822856705207
0.18240585380994465
0.08837644271977341
0.12637741153921167
0.18630364478629416
0.162368684871628
0.111165617115472
0.09757768944981213
0.13008205791787814
0.051705549460083926
0.14111528712525132
0.1135573691278316
0.1695458135107679
0.20917060258753742
0.20632806043797966
0.11524777757538063
0.41386242461323186
0.23740692648862524
0.14618109943147278
0.16668487669778978
0.13281668963933885
0.17878373052874114
0.1732316407094194
0.08342170548510333
0.15555619819845132
0.19150423913993445
0.1684342906571661
0.18848481198096517
0.10845016487066476
0.12696084518548093
0.14998015700295494
0.150291122175115
0.12983914775029148
0.06727325256212884
0.29318325259137457
0.12787513982426416
0.10790607852329273
0.2562276024823003
0.12325223301532026
0.19458378381047073
0.15959170556963082
0.14020031654873225
0.14294523766351358
0.13828875969422771
0.13011956733519245
0.12536353068780784
0.22489450615774706
0.2571815711814272
0.14540437496782718
0.12855084198031355
0.28760122493068935
0.2246548742818741
0.20775216515956377
0.23660519185385834
0.227296564985578
0.06525040790971208
0.054521130530339634
0.17865571191329382
0.21249468501369348
0.13518406444811337
0.19136986253373306
0.3278459927083445
0.39301952532421863
0.37230450301522683
0.26232601741347816
0.18526161575868494
0.21612739430695094
0.48560674919787916
0.18702054473311933
0.15080188369516417
0.08986624047053979
0.3700033940369189
0.22197620265804124
0.1738471278049635
0.13267584825659307
0.09654947328733544
0.18224352704634536
0.1374818105860414
0.04787854606361993
0.14702093849198605
0.20902893103749592
0.15588672318853164
0.08380286410989024
0.0825768325351328
0.08679129573701147
0.13044614434233176
0.33454243510182546
0.2057949479940558
0.23025611544981084
0.3351327235236006
0.05692667552240282
0.12928623154991067
0.15466305392885207
0.2148740849526938
0.16854328177694822
0.2695389226868933
0.23629787302338742
0.24451687575007464
0.18045177211976432
0.1295636667959162
0.1443929726422509
0.30303295166506367
0.15182531678038164
0.16286146110952238
0.11576861771072373
0.16274038339901367
0.14013929894449087
0.21859977274713696
0.22943798619001796
0.1924536462192046
0.3958998102615831
0.37249596245616284
0.20221213287538284
0.197020780957448
0.17518636288388034
0.2116544866876057
0.0541794337985125
0.21755091338169716
0.2821643991360085
0.1363779828156651
0.2525824065233776
0.1773094103101324
0.10301069211442311
0.2613626299614724
0.22171600398059932
0.1221983173352762
0.15335197972205167
0.08416346163187771
0.10876953461383426
0.08913970743530494
0.2576260816362197
0.11034284172816873
0.17811648753251622
0.1657092963157788
0.15645124487296752
0.15474876760354567
0.1614353251183998
0.14150433501378842
0.15049392603401127
0.042097037361104546
0.12050138144835748
0.18076110792393998
0.06154641533670585
0.23494449785857832
0.1913744018210866
0.27548583620343065
0.41228382728843677
0.19729847756909327
0.15175568810953607
0.10440500253277459
0.1309029145477021
0.06419798197568449
0.15138184881761407
0.10368159891297
0.14169434517224358
0.11089958394252913
0.3696792238440683
0.10673686650829395
0.1213489677474336
0.13833372194643256
0.06655427682526219
0.15670491619343896
0.12404347711270385
0.07570143978257153
0.15335714753900098
0.16061013629322313
0.2553043849743428
0.10685301804606072
0.11715656280478505
0.14149846762788743
0.15457264878117702
0.23788576242768006
0.20489151199328573
0.17961775132425273
0.16453254920983376
0.16941292895384463
0.05200624258409186
0.08623088742460601
0.0517875566757225
0.22829423775319732
0.1630007184512154
0.13784089147635778
0.1199360535725583
0.10051054929530998
0.16308897555866067
0.07473984639060499
0.14201662989552494
0.1435032285728741
0.06740769677685955
0.07767587239658925
0.1544527391516443
0.13222592120881724
0.17362169202240382
0.17513990667521298
0.25954087057962555
0.12190904847799693
0.10058266879970744
0.05558850045633549
0.09022150000126737
0.13370869753495976
0.1004083266321234
0.13469102351193052
0.13914867581505116
0.1654020833480028
0.44142689475540564
0.17852510530616253
0.08547885443387922
0.18417052499840275
0.18489571049531778
0.1290971068962502
0.03601483553458132
0.09114571726625918
0.07111673622147033
0.1534598263741183
0.0845631071925825
0.11513091317358073
0.09291057474095313
0.12843008337602135
0.09332263869035975
0.16863655518391701
0.1815080150537818
0.14814884943959014
0.08717326469775391
0.11012865504367911
0.15676077265973257
0.1117587865985433
0.04334081346495538
0.25634535942541836
0.24116621000617308
0.17110541256117684
0.16396090639033126
0.14277598112053133
0.11022218594971143
0.1640368728037611
0.10375976896886417
0.1344288086705708
0.04231572326947399
0.13336750720952295
0.12358671788034263
0.17774873153623397
0.05837546966534991
0.08515519411180751
0.15877108644349217
0.13036447862949022
0.13053928852373
0.10236947214235352
0.13546630447345434
0.12769862774232993
0.052939574015529
0.06820985585076628
0.09411357224587968
0.11248976797164022
0.17448951975387267
0.3413163185036268
0.10426076352397966
0.09556835992625598
0.19115063430831214
0.13067596401215523
0.15488499969632924
0.14036859539232596
0.15972868771842227
0.08784155635615006
0.1638557272322524
0.14013929894449087
0.22101551081055085
0.20606594324993743
0.3184162223581843
0.40494712000699157
0.297001095494941
0.1991700313110849
0.3361103805911405
0.10516244030676952
0.08580449645603835
0.09842198191468594
0.050557448441144764
0.2588097695357391
0.16696027537200656
0.20160557229682916
0.04778287097870834
0.14190193164933138
0.1361728498853346
0.12797908670608818
0.16519827802043963
0.061478075990340365
0.1625829464261373
0.15147574213346915
0.11816938762038769
0.09620813181325195
0.14199941562339385
0.15809189715655006
0.06232548388527179
0.13154637832940763
0.17163467363615736
0.22855960800631422
0.15979779959228468
0.1542623202600027
0.09111527860362212
0.1430713472688634
0.15678970425168282
0.16030641170299953
0.2738396993269807
0.12510072850657794
0.10835370550187037
0.09836602854236412
0.06866737522798355
0.19503326336148205
0.09401979389953549
0.18792331410003266
0.17774873153623397
0.11204662807513319
0.11181975512257272
0.48175088387850457
0.08617591576680667
0.19189661685243442
0.2068319667489681
0.17423461868287426
0.18568546604266023
0.11725029170109443
0.21244424223494718
0.25063124575935664
0.13834223706826185
0.18038945825460292
0.16851673804737297
0.1506063961884886
0.1794661111796138
0.15842111084275426
0.15122943802657482
0.10594355195992192
0.051445859943895375
0.05303133277957334
0.1508208202529285
0.1822941628099565
0.20194513907616726
0.11072747908495581
0.2577049785314436
0.08467245014676718
0.3239125213398641
0.22409987711885299
0.3880487109968319
0.1619516744738722
0.2063584788995484
0.05230693570809979
0.16898687116815994
0.13772421356441794
0.12273617340627671
0.07683834418368723
0.12425236312524239
0.2786697649919246
0.17104282993396397
0.21274364129009599
0.15010195776709126
0.15754741718381263
0.12897252320258742
0.0736561475126599
0.10024611111251898
0.17520321650205345
0.191853858928415
0.2072371296215356
0.3216939078751848
0.16431227085229513
0.1175655882110866
0.17415736498748385
0.13336175985442536
0.12500714095565996
0.13579883462589176
0.08721979854361261
0.05387874067450466
0.19000726474562926
0.20784507757689755
0.06785926264536543
0.1790422282032549
0.2967043739857368
0.3035573813477831
0.20394237690884567
0.2823918593529664
0.2861426945377268
0.12465096777054376
0.3549137585263085
0.17604900906772428
0.2044537743441948
0.10945336784059945
0.2717607023131531
0.1501528081555861
0.30187244391924084
0.2345109413518507
0.06433466066841535
0.23503190280569825
0.11985212351407505
0.09249047137097234
0.07809820502641286
0.10623202997751174
0.06202479076126385
0.21121452719788336
0.1350318599278409
0.22388167818092597
0.15502823563931237
0.12041553250901867
0.07455822688468362
0.1871618485200161
0.1662934225414714
0.26821350582927117
0.20770908811852623
0.13473572055177097
0.11774088481378742
0.34605229836171436
0.2024374439870807
0.23992657984441837
0.23402196271445247
0.2553861085290719
0.14034455555752717
0.23430143140891188
0.11412919284118198
0.13278187530391558
0.10306611181742588
0.1982781225417358
0.22359564573937277
0.059195541821735045
0.054808155785074475
0.15603770883297205
0.20673012856888542
0.14379276715341693
0.13401345822260682
0.19609293245679116
0.22215281189533934
0.2892374986955775
0.2839349707193421
0.1945773206800173
0.07469490557741448
0.2077371394699698
0.3075865575853016
0.2193460208934495
0.2055090220028883
0.20308406370705345
0.24438423214753902
0.06538708660244294
0.2263873444154754
0.17630131189189246
0.11806161559976547
0.059701252984839234
0.1986714448037758
0.06350092064275713
0.06881772178998752
0.1766265053525631
0.0917524064302257
0.22136383429904313
0.4212481426448725
0.40161392392764494
0.10116956835938229
0.2943682441349495
0.21523468228301645
0.09569246767413328
0.17099350581653314
0.18775371093707877
0.20843592633708724
0.21430543441029912
0.10872790006739813
0.11322212794417631
0.26295778341054027
0.17885494778674796
0.15946559596428198
0.2219253516783824
0.22891355650729758
0.2122630030749803
0.2778192243022659
0.17884124106875077
0.0926345158270258
0.20220166013768875
0.13476731388412028
0.33140953610734786
0.21859921212199424
0.06396562819804204
0.19335074047274198
0.2199917855389206
0.15273048950138432
0.17975095862710244
0.19688141233144685
0.1664708809835904
0.18020043817811282
0.34791054670840155
0.17776386386751467
0.12808338437311204
0.3295898543716867
0.2213495446204236
0.19189756140197448
0.11200159032931119
0.2553452467517069
0.18598014048898723
0.2431684370970416
0.12652165054800657
0.16830966096499977
0.08289581567700206
0.3289922209597056
0.0840983996372976
0.12065593085701085
0.20959706319377575
0.06197011928417146
0.1101505230497752
0.168699660910283
0.1448053543424175
0.09240078702342522
0.15956017816829432
0.07122326678205061
0.29903861519054364
0.08387971372892825
0.10336656339235192
0.13213388873879034
0.17332468532175674
0.20578753668627334
0.16111765367836062
0.13807365428823576
0.18066819550660618
0.08054475362629525
0.056516639444210204
0.1296999170427762
0.14576762241675276
0.1607820153677376
0.21783413513095737
0.1079214957802861
0.08702332366173789
0.16822793741026973
0.0987316015201724
0.13765588226315767
0.30136142562390167
0.18879468577921465
0.1217545381730283
0.29547242373918325
0.2947496751028215
0.2946337206861665
0.10063652145773123
0.10096455032028537
0.2148850624945369
0.20124989074381525
0.05155520289808005
0.1428119118894574
0.1909350176220492
0.0750074685554828
0.13140620877404632
0.10029641988747877
0.16682424532379092
0.35878129953651844
0.2603217528424426
0.15743042478351013
0.11337186091286383
0.19362947772474523
0.17119112893850463
0.11844844682439855
0.09789258115245066
0.152741323789067
0.12620251037535637
0.14465356368321153
0.18716403041763818
0.12599041895930588
0.23028342636313912
0.17431537746374023
0.12551197748644216
0.3198251314331278
0.12894454651642698
0.1915832878336261
0.05579224237273666
0.13647613017461144
0.19421379250065518
0.08036375363799585
0.2041779564723362
0.13506338732917833
0.18591032252425413
0.0845904429311287
0.09115423340422212
0.13641906558668399
0.1654493365494736
0.23491435806938132
0.16056205662362547
0.2971877067731106
0.14399642041825067
0.15669741918821997
0.19950539566270722
0.2335250576389833
0.21051987698268482
0.3382946548019498
0.25850853657240985
0.2687887715046771
0.16113901265880512
0.14399965038021087
0.049341008075840125
0.0936351565427489
0.06826828805166642
0.16419019316493266
0.21369272626451186
0.1567813492467032
0.10450116187197182
0.33751420330390586
0.2514544552158045
0.3199227951509844
0.15675423944927067
0.17445463480543327
0.21839063694434482
0.18596103291271135
0.35997727471374796
0.21028697057738002
0.17233096034462053
0.17373588609356796
0.14045153356364193
0.15334021684889013
0.13426011688703193
0.16387943215150994
0.12390874300743224
0.04906765069037838
0.1538768367718741
0.17800017480989408
0.19242199108469482
0.11888983044312094
0.11271806854299914
0.21260829896381842
0.4045000858230837
0.1938340148841079
0.2068230409862202
0.12699237258681836
0.2692124800195734
0.25729541541530243
0.16044294540573914
0.14474051805740748
0.18592108700916415
0.3455117559653868
0.2519861597928006
0.11885294324707345
0.10481367972436048
0.23032988257180553
0.16559103794519545
0.15350691711152362
0.1295320569258097
0.17039594441045322
0.04334081346495538
0.13427889172711166
0.10375592699319747
0.1186491260091482
0.10024046651515692
0.06984595747597024
0.23687673821915164
0.152019245000053
0.13407000571457214
0.14111528712525132
0.12999351399131756
0.04749584572397351
0.1312500445452972
0.09237901770389263
0.046306741097215054
0.1408644291752494
0.3278122541735855
0.2544576561936966
0.24846991191506249
0.10033582833372369
0.26286381378680357
0.060945029088690074
0.2758987207661265
0.10560699427273346
0.16814621385554068
0.1581267114919733
0.20770908811852623
0.138512573183517
0.19418695222875082
0.2511144130757799
0.15713256826531816
0.10310685145362035
0.15603785136658382
0.10731856811391001
0.17729925198522262
0.07995472823169486
0.10261848483884825
0.07448157874738154
0.05829346244971143
0.20615767734488666
0.29862050931253925
0.128141816574012
0.1905737517743805
0.21521898137961942
0.23634704468882026
0.18576929381795906
0.10112666235784651
0.17867000042026218
0.08124023665149796
0.11302581209077071
0.15314826152646147
0.1587480050616715
0.22089927221237135
0.17236436343842554
0.3313721364228902
0.1516336389930638
0.18011058179432748
0.17455907781170302
0.18959887071450546
0.2646878724664269
0.24219910846953863
0.18773049906240982
0.36530897648806854
0.24177913666664258
0.23391307299280611
0.23716175582443708
0.09288772203092639
0.21558673737590167
0.09497802357867392
0.3304606169347002
0.19421602781418842
0.1063953374705943
0.1623029796923962
0.16248241498010696
0.1945429220331057
0.1542532095515591
0.21942774444817859
0.08214389433124632
0.22518434691054853
0.10535193635694623
0.1337005831638106
0.06262617700927962
0.0819609004625997
0.1557344285436952
0.17647058823529344
0.31063483629187977
0.1486920265922984
0.2242085723998432
0.211949674056172
0.38437867051212593
0.4050345249541114
0.27646063759527983
0.16091585642579997
0.16999574801095457
0.1774189692269948
0.1039242058367912
0.05905886312900417
0.1506063961884886
0.18555333101288288
0.17255928581092303
0.07489060415368252
0.135662407954588
0.2938355198198211
0.09999413160189675
0.1835063620154533
0.13526727758883086
0.14413588710189448
0.08644070253161062
0.06548276168735452
0.11834138246137661
0.09179698761412376
0.23832035046255792
0.22065359776911853
0.1830885899903762
0.14670974222871372
0.1463460453086193
0.18102042266215806
0.1828401043978192
0.3229612796084248
0.21281589190428424
0.17734186131344276
0.16783991107503327
0.23629927453893823
0.08355804728720366
0.07991577343109477
0.2018617253736555
0.11077555875455346
0.22310112752381706
0.28352581162135587
0.2588934533694597
0.13983971902674494
0.23106274420348455
0.17776199667063278
0.23123679810656256
0.18925899022807074
0.12642664476192964
0.217926074857673
0.110967877432947
0.08807680415681468
0.12380514921570107
0.19174896289532892
0.20240591658574328
0.22215281189533934
0.12089632920500204
0.06769695650959445
0.08607063192590973
0.12932540028578215
0.1851279915386537
0.13121704436602258
0.1849925705794947
0.060958696957963174
0.12418978657248814
0.10408722720345384
0.30625902134806254
0.08513571671150748
0.12724459179751701
0.16884086407074017
0.09500542712630133
0.1771698278122536
0.17984521154120964
0.19754919842775012
0.1437721901818001
0.19133255665563909
0.1884482649906569
0.35805436587710726
0.09773893317183723
0.18628991768834452
0.09871146472064028
0.08749248214781327
0.104212683854382
0.16951099917534465
0.16593967787784997
0.1668794987572367
0.22605146758875094
0.17139097328819555
0.1272909252615807
0.22358967579936687
0.23201065833385287
0.27036812889622674
0.2063443268167809
0.18814750946016562
0.21570932270799575
0.1642892883688949
0.24285464557293837
0.1639109595528474
0.09941265113144256
0.14060899374031816
0.23026833318765746
0.14633370845425633
0.17535786885766194
0.13921199033754342
0.1400512909223759
0.2134198226169572
0.12807726924543314
0.1891491674209716
0.18310162437100302
0.18263263700725454
0.15454083494338774
0.20475210529807664
0.11302735394117584
0.29478120250415896
0.14465865202845266
0.1780667627533145
0.23691658516024985
0.3804640090422699
0.10126300415994702
0.33212982679438047
0.2453456865658589
0.19862909976957083
0.2558764498574473
0.41241061742270185
0.3199021064592245
0.4506252240715039
0.0812828185670419
0.06978814050837662
0.22578212843376094
0.1341663180141418
0.13786845257321287
0.10568437402805789
0.12715403860211744
0.06866737522798355
0.29341840748186226
0.12481498220182034
0.40704483873787106
0.330303295166506
0.33733939340966607
0.1973215228939018
0.1599718712694
0.08982977018381892
0.15913632721924478
0.1722732533693708
0.12253232528759861
0.08582055116570635
0.20742697169889313
0.06879038605144132
0.06734159190849423
0.11996403025871968
0.23269914921383092
0.2093781324629141
0.19335074047274198
0.08250626767100112
0.06313188817238381
0.12659450487889612
0.08964454396608743
0.07134571729907387
0.22178194017704758
0.0651273970862543
0.1577089394668952
0.10988608486698417
0.2020614890682014
0.2569646097583124
0.2610378870028216
0.1868003334975438
0.13011956733519245
0.11241026752089711
0.09760125290353741
0.1310170996554506
0.22817061445677794
0.24570688764063733
0.17557609804766444
0.18047751483363889
0.149187663128308
0.15979779959228468
0.1474536560547539
0.17697235776630535
0.18814750946016562
0.15552239836945453
0.16316479563097963
0.13768016164017727
0.12298551236411653
0.09312145083452696
0.3764346588300409
0.3967678582107662
0.5065120430981042
0.19648771741528065
0.17448944914085648
0.22371691942919816
0.28091687252944286
0.07406618359085251
0.3286512753438925
0.301641640505857
0.27736581031628155
0.22223665202693163
0.315948675145392
0.14165913238224503
0.38126610453142645
0.24222502447480732
0.3166455182753988
0.08092745396594167
0.27223196966219027
0.26143365157904047
0.28226792386169647
0.23748865004335432
0.08206188711560773
0.1758334725224
0.38831909730987846
0.3115763537759699
0.15960046323165872
0.15549442168329314
0.0845631071925825
0.3904644338475247
0.11027236929525719
0.20324609020038253
0.22062875455872738
0.24621598801305164
0.24446028367553463
0.19204716695846796
0.40136351717507085
0.19830735441188885
0.20087871539160798
0.25351804912157955
