0.19594062099542356
0.2612767942289382
0.23984159551643955
0.29468729474673333
0.13617237610810218
0.09560838165081748
0.17884244754011938
0.15497221032320022
0.4659921324855638
0.15985937872439393
0.20663394366309526
0.18718111115673006
0.1280473995434871
0.3645313095773618
0.09703050413989261
0.2609150636965843
0.2582371559693238
0.43832318284484106
0.44674942060793804
0.3094052677342601
0.4691151395746234
0.1749008113119765
0.15115803082453105
0.5450554323725048
0.31400277499240825
0.26001036514007725
0.28618407432915655
0.24112025928021372
0.08434882469603387
0.18415279657362074
0.3255875831485577
0.2463884701619616
0.5044594021124422
0.3289711095516016
0.40589800443458846
0.2951260464250285
0.12234167504635887
0.31830914012138073
0.19805038098706057
0.3860097469176086
0.3142977880986987
0.394323725055431
0.6209312638580916
0.4980184613859076
0.4189591307577317
0.5454101995565399
0.3823386286069256
0.10767685231498308
0.23537564571314293
0.30564786785379217
0.17997053903341473
0.1286609561261695
0.0981134047508394
0.2446442365332516
0.5595743124337035
0.37566291670493546
0.35305311662852296
0.15119521607196654
0.31153771318890255
0.35344763205610785
0.36293213020687076
0.4341541643102065
0.26747962624864885
0.4252083215582344
0.36558758314855827
0.280457576608853
0.209674103039971
0.39352540741896824
0.3716916400455652
0.33798889182473524
0.3807533729727672
0.263453763883883
0.3147152431121902
0.32120417550220315
0.11033843935875591
0.16270405015319483
0.3272772665437016
0.11507449865723408
0.1726511038421398
0.3972316881173095
0.45955067876323535
0.223901742734048
0.4012416851441233
0.3890968236788646
0.31005460130255846
0.4435917962264539
0.21898392214653506
0.1891128689014336
0.3733148123569997
0.29866519908426487
0.6936141906873596
0.26233931771401425
0.43170731707316934
0.3903290216453417
0.5813592924113219
0.20467148134108637
0.22093727102291666
0.3974279379157424
0.2528903333237676
0.23194006996664257
0.4223454747426638
0.39871396895787026
0.2947090576471918
0.4359201773835909
0.23487079398206245
0.37345910040404956
0.458185110633582
0.2866068889904445
0.48011969915703695
0.2642784073174814
0.369665787408495
0.48646489341902416
0.16383112014046336
0.42860174817439856
0.6315555871205492
0.527765242214954
0.30698095093982236
0.39999180033844417
0.2773540671524577
0.3636438403812649
0.36471899247202316
0.45706863827345845
0.3704485625982996
0.16072728072745363
0.3817446712725393
0.3152562487787747
0.1688788446359539
0.28495309415371756
0.1621835713096242
0.6169339683515783
0.37187858080431807
0.30765107726145335
0.37206749861736793
0.11468308879785541
0.2714913933541607
0.40713968957871266
0.42824810870809743
0.19961902828295686
0.6655432372505526
0.6052328159645217
0.1692586701905097
0.35306597073114127
0.4485021927062796
0.417246974260973
0.38239467849223835
0.3607237725768082
0.38700665188469985
0.11837538847132476
0.24240875245678983
0.28769692287457543
0.2050386462364169
0.35609847613624807
0.1557132236353563
0.31068824896678787
0.3936252949505785
0.5573392461197326
0.613170731707316
0.4075346384672431
0.3297143219714276
0.25952718479399367
0.138637372191811
0.18800720245473254
0.7987583148558739
0.3863985355507328
0.3909021522954931
0.23053365865596528
0.380878092289397
0.47368398509653553
0.3577203415118843
0.23223383401611067
0.4147671840354762
0.11117344705876353
0.37977827050997703
0.21190004021791561
0.4631485587583136
0.2204681267925106
0.6412776212706658
0.37964997520389127
0.6182387321953305
0.6077605321507747
0.4112904025570838
0.39129835938065405
0.44011702474665126
0.5704178687460258
0.2832447689419243
0.19243365547772417
0.3298331447511912
0.5264226686808515
0.37486447939535067
0.2417412935769441
0.4378857967226977
0.3612080229552687
0.25987436048881934
0.21398250636648572
0.3226543086889449
0.3635920177383581
0.438948941647798
0.23462031869308275
0.188034322021399
0.36102111205284604
0.14182453371826848
0.3672727272727269
0.15941315575516987
0.3313915626959956
0.24462533573914202
0.40720211171109644
0.23156618844913765
0.36164079822616346
0.21297858709795026
0.24386633391767248
0.28281169154009894
0.23837617323226876
0.21495516674283313
0.37711751662971105
0.2799861092677491
0.2869251806958262
0.3082850801152847
0.1544616819045692
0.20762708670720834
0.33512195121951127
0.271412451469357
0.1620115100648132
0.08333115906165012
0.10130991860242855
0.22158401433227096
0.16770607774830923
0.4271846761522001
0.24384226005703977
0.6035476718403531
0.36497538278559666
0.31235853499552424
0.2037535691027587
0.3589796684503874
0.3072940695861066
0.3282412665469204
0.35556132314748173
0.46053215077605225
0.2156558425010746
0.3876766409646301
0.17034156362763583
0.21885421685395892
0.2627606487518581
0.23763204473693578
0.21906327933639239
0.1264645255651439
0.3515742793791571
0.2806736801706943
0.4525039452490866
0.16328042148844174
0.28506214890428794
0.41693083964895145
0.4090517088033077
0.14645252238406536
0.12308535377917731
0.27782676160696035
0.20080108072299227
0.3716099100824193
0.2271597277071116
0.2924238913252001
0.22762949217524422
0.2954732221198541
0.28888992920763845
0.27895667905847144
0.29987503931341924
0.11226939466502267
0.2819402581498047
0.10103593170086377
0.10297993400244287
0.3017863136274621
0.27490973865706636
0.25018176138527737
0.41016403671176066
0.15248023421849152
0.42322055132352143
0.43312638580931206
0.34496674057649634
0.20934694398025458
0.16091001537881983
0.3350332594235029
0.2952330032352655
0.2650018784431778
0.24997109467895048
0.41170731707316954
0.3746784922394673
0.22352773582277471
0.44270349446554197
0.41192734674871256
0.2955107364974077
0.28498004529966775
0.21564951813248634
0.3342386352862724
0.25301071429881206
0.33473924232863767
0.18785987004318164
0.40811989128876697
0.2796900809165973
0.2586906165666624
0.24061147386927603
0.22691937530300108
0.2906307125291736
0.2055013055144864
0.3529279648679312
0.10719411348841706
0.3603727221925969
0.2135981778588219
0.466816067006164
0.25285072912425693
0.3206955882656884
0.29134534444516547
0.4920132881385792
0.26805833617931696
0.2431298096691214
0.35263394347026983
0.2560503339186745
0.303182580256586
0.3436783261434103
0.09770894789614841
0.36410818881410206
0.2757663239012625
0.28914394214494404
0.10969913658843809
0.37822616407982135
0.4190915289672852
0.30824889217302404
0.499379157427937
0.5009879038685687
0.38127972285232486
0.35042629463992686
0.15463485145973255
0.08740182159918493
0.18599196729112008
0.44496674057649543
0.31151646588241355
0.32039806323596937
0.32437055501175815
0.1148266057462949
0.36682926829268236
0.28935878631316053
0.3541463414634138
0.35335171450835945
0.28754927026775845
0.20563483462788085
0.23570594913623089
0.20877657172554254
0.42447842290950677
0.2660627984831087
0.37345806826162214
0.15736062590261493
0.2925795131743257
0.20775794753085702
0.27617652818384963
0.4237860310421273
0.6332548719510844
0.3103308396558935
0.46388135766591443
0.17334237972335767
0.25437642904652313
0.2166598441818283
0.5123850744632369
0.30779317575730897
0.21491013569737327
0.16095634352373497
0.08811940634137858
0.27441316615966704
0.13591207937605465
0.1446506125233521
0.3135698447893567
0.5077605321507747
0.2834556019143286
0.1833087668682826
0.36864656780542376
0.5278492239467838
0.2714792841587626
0.3239151085997518
0.29207288198268166
0.22240385139386507
0.09751324296645862
0.4118233156256625
0.15902271065709947
0.23824641793783416
0.33360577709079764
0.4670214690027046
0.18734588784265374
0.19949689592423261
0.17484302107905716
0.197669088282081
0.2306257560247343
0.1727166039444367
0.309768785747956
0.1990981015295813
0.28466285599757196
0.19953146613549702
0.3683813747228372
0.36669465853299194
0.18485770458366174
0.16410728036212102
0.2082289915824288
0.19790632297240232
0.24307440816226844
0.28333666565721616
0.1913739253173239
0.3002802702020644
0.39168256127986056
0.4791162806752814
0.4067849391757911
0.5600445944200193
0.15188007243411164
0.15574835786361077
0.26118148585362366
0.29796008869179524
0.12464494940315567
0.07558124384595886
0.23092524870484293
0.14787566159456858
0.12444043054226184
0.17796023520575438
0.0806956660085026
0.13422015061774847
0.33994952959302516
0.23618747303640777
0.25217119265885196
0.1833402249920734
0.075542102860021
0.13139913691658905
0.2308687216367884
0.4873623774657983
0.21076598246333172
0.2752921560476927
0.18464107766407922
0.24066454117635216
0.3050072008162377
0.17325593498432576
0.18692155899963409
0.2626607538802654
0.11845360570517702
0.16627622177958115
0.2692431542857715
0.12680169375440412
0.30886917960088595
0.15097361539892423
0.21785946958595243
0.19193165463734826
0.22622594735151286
0.22389479876432275
0.08330506507102496
0.1892944059944073
0.29818181818181744
0.1618105796117311
0.23869566714877563
0.18732294003669495
0.45492229234032433
0.28384191039294787
0.14713096614032115
0.31789605984755
0.48567627494456644
0.2848213869541999
0.3906430155210631
0.34523855007324095
0.0816089556803854
0.2521807975918021
0.23937915742793753
0.2135931697862069
0.23404982995827955
0.2203006701785337
0.21690469179839647
0.38696464427906824
0.30711696080787476
0.4212930450827077
0.3040486383257163
0.5546341463414619
0.5429083374457749
0.1334578530453241
0.5372347909656281
0.670066518847005
0.3801932144328404
0.2661985032665842
0.2270385189330602
0.23601818427997157
0.22758023332075844
0.27099527893405173
0.20232168955301122
0.2516186252771617
0.17346898503846273
0.1944740017067192
0.07308926774125002
0.07753829314285059
0.11265270710526874
0.257812626818418
0.15471410777010852
0.2443280324562647
0.4049667405764958
0.30853643903787553
0.1738984735511544
0.17190201443279213
0.542350332594234
0.4445232815964519
0.5150412120874089
0.40935550563725936
0.3966560351148773
0.49681430485627254
0.3921064301552095
0.37835920177383525
0.2163246121541411
0.18063818460038775
0.21880519119859132
0.14877062602693839
0.28605520745855834
0.23055338014021307
0.2779157427937908
0.16754022201754337
0.10750255033547834
0.18947965471931963
0.25302931582025906
0.2586052546354968
0.3949002217294894
0.3187927544626139
0.3072058549985161
0.11698478843148198
0.22875394782743821
0.17067691274114163
0.28879395913065325
0.3598187344066375
0.5241099677555661
0.7863858093126369
0.5771175166297101
0.3492561266925545
0.1521932003216144
0.17534703428119966
0.3079567655620649
0.26890459430628466
0.21930368419190577
0.1646146909930204
0.384424510630904
0.09898755343678406
0.1841227013298596
0.15932693810258916
0.31609163000050977
0.25822979935372237
0.11895560654555386
0.17735127148363272
0.16856715274950465
0.30860310421285997
0.21425775116397125
0.2463675109079539
0.2638100990774067
0.22181000095161868
0.10965999560250013
0.14243809030095178
0.3765210398663416
0.49875885624369065
0.20116046702948356
0.14094542419519535
0.07263262290530861
0.22262822078521327
0.20571552514814923
0.2846563192904654
0.276264816894576
0.21591657635927516
0.2782957983018879
0.276041623561379
0.2793709142493251
0.09479946794143547
0.08361819295852761
0.1811188894086088
0.24053890205373538
0.1272734392745259
0.29370133938439363
0.1724662028606304
0.2443280324562647
0.14188031158942216
0.15662426219752174
0.17646061160307183
0.39837074166449116
0.18649681902220058
0.08534039633979232
0.29199590846777557
0.1659752693419709
0.14161091056798275
0.08068261901318997
0.1694217390752306
0.2370791518137646
0.07927354351942792
0.2599723123080052
0.11992242297887205
0.21112839910155728
0.35924611973392345
0.3148263449839264
0.4552106430155203
0.2888842448619357
0.3264378517187837
0.2551951797105077
0.4199999999999989
0.32503656782544693
0.4130512942599172
0.21728765995449306
0.21199089705255528
0.24684954869223694
0.3159683402383019
0.23705595240009508
0.38869179600886855
0.1892087975254705
0.2026207853489995
0.23099115281140303
0.2591475789313929
0.18066807630882073
0.2671493423852253
0.17019620793292062
0.14504105762142339
0.1693777557773915
0.2719470309694538
0.31121951219512134
0.21297056642186155
0.1980567991912079
0.19484429465330236
0.15529435887806897
0.37602890802651995
0.3863858093126378
0.3205480063836733
0.2529995606890316
0.18886387172393443
0.2891973537903016
0.32230193468276225
0.3897560975609751
0.24257581549039506
0.28392762752850376
0.22176291629225406
0.248285471847748
0.07974323535068194
0.24311059610452906
0.08162200267569802
0.1692859645535591
0.4010696754421143
0.6944124168514394
0.22472118516346265
0.14840346113160696
0.20930059145940566
0.13289074430387177
0.2511570471044623
0.08110012286319361
0.28209206837316175
0.3627937915742784
0.1968003838974276
0.093690473339864
0.32024348886090864
0.28488157744172216
0.24416271263307465
0.3631485587583136
0.337479756473526
0.23107128159703577
0.2742322264483658
0.2779233965589134
0.32784922394678384
0.09556924066487951
0.2277448322120215
0.26500430117199586
0.18918404785765094
0.3047668484121272
0.29444319471742453
0.32038850711414985
0.12520272811468527
0.35667405764966675
0.4243458980044335
0.3946784922394671
0.19486928918473745
0.1557811240325822
0.5266793116560458
0.2007476690776338
0.2076238290550478
0.257898283587586
0.333237421201541
0.18879159961801978
0.2443944981887067
0.203905304311517
0.6020842572062067
0.142159200945187
0.2920739196642669
0.18477758711562495
0.2475617130025431
0.22143058763004472
0.18456897564515667
0.420129298705104
0.12566754370762664
0.24734159618226495
0.3941446113560535
0.2657806222427411
0.10514573522433646
0.1924590838516599
0.23427415102714955
0.19537979871916572
0.30462405734894443
0.8000438256188279
0.18257965240468624
0.553602008983781
0.6640969589518438
0.49635381604193507
0.4020697067173164
0.3618625277161857
0.34495996944360807
0.09913107038522263
0.22595509015766374
0.16068679427012456
0.2807284338027021
0.22223015342035018
0.17179584315112809
0.22705312083999735
0.14848437409493784
0.26502971167919237
0.15589336268203244
0.15657288005272266
0.24502592264690432
0.14454822973063147
0.25197616466762324
0.2547455621430723
0.46580931263857955
0.34798134219933957
0.29536121048784786
0.23592011730236997
0.27732767125770813
0.2721633620329058
0.2972616642309537
0.22806822505117916
0.2090939303798699
0.2408754218850394
0.29055432372505474
0.18597111937231428
0.1792472718405765
0.0710147954865448
0.09040263052108556
0.12612530368701647
0.32795907005036823
0.24709129266108235
0.15994117202420552
0.22051740216216134
0.22759766576402266
0.15792680060425537
0.2329779722716521
0.2849749007835381
0.2757521200232969
0.2986538180247659
0.27460317358353037
0.2437515948878813
0.5282528170423567
0.2693683060463633
0.07715993027878483
0.2636530423126856
0.1561222393811157
0.07061033863185388
0.3036975879415041
0.19221082270578926
0.17417537551208323
0.2417566979272341
0.22700842368929908
0.10016178301491911
0.1401883828311151
0.28300984795083234
0.18750661019254586
0.26027494782900357
0.4019457377662549
0.12332019969480505
0.17956658162282732
0.26612879269719364
0.17506814492543485
0.09896145944615846
0.5743237250554312
0.4986480938761767
0.45063766595578664
0.4007538802660741
0.1486852118700832
0.2506015001524061
0.09483860892737343
0.3082070690832475
0.27553369383771625
0.4191130820399109
0.2623101446209643
0.287978331848462
0.22091755501317145
0.2885609773963202
0.2210194701808584
0.2931263858093124
0.22631581896452124
0.10321477991807061
0.23949794985011846
0.1918546301255449
0.47321507760532094
0.24579027856998506
0.30617439649341227
0.3186699541924808
0.3820350735919269
0.47716008983081537
0.5042157139719636
0.16017796145293203
0.1942302296301103
0.18631323657453486
0.34461446050130873
0.284428822408098
0.20435295513929141
0.31641341296962233
0.335253154436724
0.27202504216594503
0.2679128131151823
0.6630957448671115
0.14954047256109587
0.31267081521101026
0.2238233539979519
0.13233999696087462
0.15519601169523115
0.26864745011086405
0.283946784922394
0.30947928220987386
0.20305004362050524
0.3003204374911197
0.4605584789765911
0.12278527288698782
0.19992128550774113
0.24522531984422952
0.268754189128647
0.2727123328734339
0.09115935624921709
0.17337067401411696
0.3136440154941732
0.2642443543845295
0.26681369828500906
0.22322516240597534
0.2606453697707406
0.1693777557773915
0.25393233079411254
0.14088145538557958
0.4420399113082025
0.1570088883659277
0.1175983450141653
0.4472479136012525
0.3500221729490014
0.4275869269125981
0.492764198702128
0.14021605862463707
0.2584579534195545
0.46886917960088537
0.14339952548091386
0.4233884060809262
0.19935089467293124
0.14046352027007364
0.2128034686341026
0.2606911173120214
0.23010436571370674
0.3032815964523271
0.13757209671934156
0.1255002100941683
0.29318885781227183
0.13925875164523238
0.2868471694993349
0.18019970907150795
0.2611295341547304
0.46931535809301056
0.14748554889327928
0.17825855668321036
0.3736585365853654
0.5321533768669329
0.27747814747651367
0.26496564237946063
0.37154344434997816
0.5315929280699677
0.2040748383861735
0.2007933021341521
0.2561497636799203
0.2768514412416842
0.20350403831195035
0.20302251441177435
0.29990533563068
0.2522583332047869
0.16836805231523144
0.2899778270509973
0.20056382407456977
0.3054954476037659
0.29842443713417593
0.1878507395737333
0.34324956204885787
0.10019564921444045
0.2153290482603381
0.10136210658367978
0.24663240287224708
0.08214388248820254
0.34301552106430083
0.09292070061641992
0.20923809472676594
0.4954853054276887
0.40361316025317356
0.20546022915641637
0.15403918521215793
0.13073365054380162
0.11109092671298634
0.10634980766498361
0.27983933668251537
0.30303449277132666
0.1622111669519153
0.19534251232096564
0.2149402309411344
0.08763666751481193
0.2607703119275437
0.20411629562007338
0.20285341541254576
0.16381351631265204
0.22385658686417295
0.29858093126385726
0.2326683935359711
0.35370094765193033
0.2848281675530394
0.126673277490146
0.37526552536672164
0.2804645497742864
0.430419385243714
0.3144370302995319
0.25501860133079324
0.36461197339246004
0.2521321870606068
0.09329906348048532
0.14043008693944442
0.341071355803094
0.09293374761173229
0.2323051865912369
0.3683370288248325
0.10183179841493344
0.16110508451347694
0.4352508488954975
0.3025235593070958
0.4059088768516515
0.10025311198210736
0.14033712382085614
0.5482898631512081
0.18043859824923836
0.13567570425584777
0.4365506555665706
0.4206713172913999
0.5255875831485577
0.3270521305161066
0.1784705950657663
0.18140240609948266
0.2616091228911475
0.30430155210642906
0.26267257461021654
0.15337055304693226
0.12402473744168553
0.32007993920472455
0.2117771738440389
0.2009309889699012
0.45722362263682376
0.2150897852461037
0.33082039911308125
0.24020715704486895
0.24691033004185758
0.27701775874140316
0.19459584615869166
0.3303589307079367
0.31559429540646133
0.2997486278596604
0.24937897217599372
0.3414339429503192
0.3562702915524099
0.38365906434531655
0.394307957711314
0.2775537130642935
0.29547454855514715
0.20392566197642892
0.29674112653425666
0.2871202086870549
0.22742975710195376
0.2665603826891875
0.19556673947791864
0.4162964729807427
0.4409972937665868
0.1580187089763458
0.10287555803994226
0.22712959858507298
0.2384061636106935
0.19715190943397973
0.14754967030117416
0.28377544466050586
0.086762518828867
0.22085501161445978
0.16506356825725219
0.26956787659084447
0.358803447510629
0.350066518847006
0.22132042261846863
0.07945620145380453
0.15877586942470848
0.2567279782266248
0.259621261923793
0.1183877309382957
0.12680957572495163
0.06887508825527654
0.24491615138514056
0.24954559245295044
0.46855875831485483
0.2398844292114373
0.08766276150543717
0.15324498123106353
0.25939517012165325
0.4144567627494447
0.13940749263497343
0.2777189094266017
0.3935438720804931
0.2399881547107382
0.37979387614156573
0.47664841056321333
0.26780089553206365
0.36416851441241643
0.28873614190687313
0.13100362671459356
0.22000157438254542
0.31525498891352444
0.11932745901990695
0.11839782783402424
0.13585101127247742
0.1585257634222208
0.17265314361938333
0.3858043722488333
0.4332753951676513
0.19998170220602238
0.2132193557975421
0.18692155899963409
0.1352773161235233
0.38619442823129074
0.30695672587180106
0.13195731059175375
0.16079888741507667
0.19219195136939488
0.41570560207083246
0.3146832631046428
0.6579074256112706
0.49139689578713813
0.34137034998113763
0.19268251062859254
0.19146594080754678
0.2326884687335699
0.0744592022490743
0.0911724032445297
0.426175166433197
0.16598148049557987
0.2998669623059861
0.17504586384906445
0.3815877180433768
0.23641293096756466
0.27184484568719286
0.6013959268955194
0.20620898434028484
0.43540297509770676
0.07915612056161442
0.12577909944993312
0.25716390923431004
0.3851441241685136
0.29978018387008915
0.17229527053178292
0.42455693859754884
0.1646400338498454
0.31906873614190623
0.2381638004055578
0.2505986696230589
0.1775017477024374
0.1057734363297367
0.22966496247104723
0.22962670989650685
0.2693336558869873
0.19454519885731408
0.310376366266833
0.08203950652570165
0.18904402548355909
0.1582407916953911
0.09043452176267165
0.2364523281596447
0.22505543237250486
0.19833374560649958
0.24321915993130996
0.19498063289836318
0.18296285690463895
0.24223661703237068
0.30778989654794225
0.20002661186530227
0.18475088129294567
0.2690213839796699
0.3160233569871649
0.14094542419519535
0.22457070894465708
0.20636308646924614
0.2961862527716182
0.16740798395376114
0.2642805423267901
0.1879447972875083
0.3520519025437906
0.09696526916332905
0.42310421286030936
0.08894136704607311
0.1613105065590147
0.11826767946800049
0.25840354767184004
0.22656319290465593
0.09622159043051061
0.2905099778270501
0.15547151952702698
0.20347166299088623
0.40044391663915735
0.18609357079000446
0.2162508064600397
0.22268550901826437
0.2010920735028371
0.27045295463815555
0.24318297198904937
0.1653357482053519
0.19928699802733568
0.2857399920871332
0.24834281026699728
0.2288525468539808
0.1925489815151981
0.20210966603426
0.2920177383592012
0.07440701426782381
0.23009402405175075
0.2396894012202086
0.23778270509977817
0.3153602618169874
0.18713475771819274
0.3170232977784805
0.0979829347977132
0.28150340253966544
0.42701771867124755
0.26901667257074385
0.402554669703302
0.3261197339246114
0.1861372837034194
0.21239124801795245
0.0917545980466251
0.2598226164079819
0.10460210103552467
0.06817055050839552
0.10872966350084408
0.25030352118293014
0.11852797620004799
0.47512719223162875
0.27389731088174185
0.2015276319248141
0.24113767729905575
0.48740576496673965
0.3772621462330113
0.13738089664974967
0.3461280525424612
0.4539777356551524
0.6268292682926818
0.4420114393209765
0.2818154473256316
0.2218320860554871
0.3366165187375096
0.06788351661151801
0.2680854767431237
0.15044612356129
0.14893837308047964
0.21525498891352537
0.14283485901754975
0.06017274238176464
0.19931860703584495
0.21809780145739324
0.06446520383961385
0.10653573390216015
0.15313118724107438
0.07760352811941369
0.2020095358499358
0.4891347976449749
0.3921421831865898
0.4330401517244518
0.22472064138591677
0.31216436129419545
0.3183614959173984
0.318713968957871
0.4285587583148552
0.17695903765274607
0.1785017187860724
0.1357596446059166
0.13873907373825684
0.15324498123106353
0.19530955478039486
0.17634384263432118
0.13227393972881757
0.06287347041147516
0.2634589800443451
0.0744592022490743
0.24905200357701518
0.12380819393959212
0.22532309003868306
0.24142063701766853
0.18085325797429158
0.22841678332718363
0.18351188727196602
0.17661734885681146
0.29261570111658536
0.2549889135254981
0.07712078929284705
0.07577694877564801
0.4213025434044016
0.3306090404396261
0.2296374955367516
0.16832446740900114
0.18534975743595924
0.11989945114386433
0.08277436079099805
0.07503982932445373
0.18394678492239402
0.23017203524824206
0.1592208520392013
0.1178260896595077
0.07284137483031047
0.13565178264400712
0.25342415964870724
0.14926158320533106
0.1493025042983713
0.17197085785066665
0.1421616579109799
0.24615038325439204
0.40970514692292537
0.34704583212013174
0.19959931870243972
0.2606911173120214
0.24993348115299305
0.08181770760538716
0.3759201773835915
0.06166009984740234
0.19194654896739521
0.17340909594080375
0.1482792660104971
0.06102079707708432
0.08790592493707068
0.14230794193492805
0.15152955233668644
0.18231485310726625
0.2275859688748713
0.26576496674057587
0.18343076377355733
0.15062669502385576
0.18201603426658897
0.15944407359877297
0.13350240757204937
0.1499628327265806
0.06163400585677709
0.1812654027817186
0.21966924572033608
0.3933109717246861
0.4841946674424822
0.1627226427769121
0.2415739599634858
0.07890822765067479
0.18297526137087058
0.21225738596312466
0.19056441412727076
0.08617681093132876
0.08822199954027081
0.28317671696495494
0.1532367461447003
0.1620628876530398
0.17373984223231181
0.24400421589982632
0.06330402125679141
0.18571651967973263
0.11611589814843531
0.1686719988751429
0.056741382614547746
0.40649915540967213
0.2698004434589799
0.21939103631683815
0.2390213586291175
0.17789298587133096
0.10792353142136174
0.43206559481526724
0.5239467849223937
0.13617237610810218
0.23023752223476462
0.06788351661151801
0.16862356320499036
0.14193757162958492
0.16527033230267743
0.1283634741466865
0.13590593161315448
0.20529419644254135
0.2438343549497349
0.23629355795147058
0.07564647882252198
0.08061738403662695
0.16362784032861225
0.21187840967097962
0.1384211655397947
0.10424884118488886
0.2897263257692414
0.15278649206962078
0.102784229072754
0.13301411721207493
0.1358844561808499
0.1783962245708953
0.5329379138519881
0.3514707931525368
0.41059866962305924
0.14253105341954006
0.19292220469049334
0.3588100976157297
0.22069946457318412
0.2776808539115806
0.19019169338237216
0.23023533717850836
0.11934086612445766
0.09566056963206777
0.08373561591634111
0.26852704703679775
0.12209775995383777
0.1987737401654448
0.15926467178104942
0.41210643015520937
0.35678805174788564
0.2754972667560025
0.34542241150032826
0.28207443083805733
0.4959171760966202
0.18425290104195638
0.182664535427183
0.31489219463803775
0.24579027856998506
0.10290165203056786
0.2524700846803921
0.23538839144283452
0.24513712087110406
0.2220429704514348
0.22757866788091638
0.12589045777138871
0.255161180877201
0.28816458421857133
0.4914143928088659
0.13041776514486567
0.1239570223256032
0.18443151648596381
0.22701258179033557
0.14227075668749256
0.3348084889299751
0.7127392765683923
0.15859508031159364
0.5738802660753867
0.3381802541424705
0.6675418083779736
0.30372532132764835
0.1788322518321654
0.25936081073238515
0.22216308944377708
0.3056868734520383
0.2034983688135655
0.3038536103344876
0.1573072098433846
0.13414578012287748
0.28280126168318054
0.08977637474608027
0.1912929104674616
0.20461756233110792
0.12349220673266184
0.41358485150126106
0.26248495921383247
0.07795579699285421
0.11953197788080078
0.21027546815817724
0.25254060456986777
0.5838329631591838
0.3079181354882431
0.34758314855875766
0.5259124811476111
0.3956372723601503
0.24469359398469503
0.1642141036528362
0.15638929760505693
0.07872556971629825
0.27086474501108554
0.15448462971052707
0.42363636363636303
0.1098557005321899
0.2391104724595789
0.28255095816199705
0.44168514412416743
0.11109032864359193
0.22865226660060622
0.09712786630102752
0.13732459728148905
0.06743991877088923
0.10486239776757128
0.2193076018097773
0.22174682602715748
0.17231507494004022
0.3586954814680288
0.23960464107549964
0.07949534243974231
0.29026862607494236
0.3699903215619006
0.24476012899215707
0.12834707872415005
0.1169104179366119
0.07259348191937084
0.1891282416633022
0.20213637185693928
0.11348937517256316
0.11077485210978603
0.2802217294900215
0.3646633379996305
0.12901256509693748
0.1625143163094547
0.08902148236012994
0.0883893331537297
0.13681481912272175
0.20694105795772044
0.16435012617887623
0.23355697934781638
0.2041059431871708
0.3387440986675651
0.1090206928321823
0.261044164165391
0.4769214497509342
0.3426308507377697
0.20175673082725568
0.21250249924291187
0.16973717481209738
0.24455811379493977
0.07012759980528722
0.17943741149908357
0.0722281660506177
0.10203631896248767
0.09511259582893822
0.21343648345110303
0.2018231965596968
0.2461317958298809
0.1612166402557825
0.16751953969606762
0.25964818597375905
0.17612441072909904
0.12563035846019208
0.1524881705921648
0.2424773789824587
0.12990666191525252
0.09838739165240419
0.2509040472355414
0.35398025711700054
0.47859869047550135
0.2284759552688812
0.14895420847460317
0.10744677246432556
0.28847480816332643
0.22143401869062407
0.3627937915742784
0.2641069057220553
0.12207916733011959
0.33427937915742695
0.2660571856343434
0.1602445290060324
0.19511015758306963
0.1328219008859972
0.1540124793894796
0.12157747596648466
0.25778270509977796
0.28691796008869147
0.14346968285059689
0.35825029786160606
0.25031367596975745
0.4244589201103837
0.3049763411843296
0.2409060669490659
0.1897095118563465
0.24186880035591546
0.16995145092634653
0.14981936191686068
0.2896844777935033
0.12555598796532108
0.2017624903394343
0.15919004427055783
0.19668838403043434
0.09764371291958485
0.18241223129390824
0.33212359563286664
0.3490820242359679
0.2232339717733066
0.2610404369958699
0.5763467196793814
0.2712243351273719
0.2885457121182658
0.25816281702962407
0.2652979710416699
0.27968780211533206
0.30224169375781834
0.2463203529219877
0.07941706046786666
0.09010254962889554
0.26153253623783496
0.1692882099618362
0.1207590910461665
0.22494424908987043
0.09005036164764514
0.22982962129500814
0.08425749572884553
0.0848707045085383
0.19986251381686834
0.2600893291027417
0.12038723857181341
0.20326767167596635
0.33231387377610744
0.11773608570100692
0.17919161466324507
0.1317433540059617
0.11361952353858694
0.22775368815700525
0.19132161083388416
0.28146630957020474
0.1425517706122692
0.26948967827997083
0.25013105690302273
0.15230458814449907
0.23434563426053914
0.1758164140518214
0.23379157427937874
0.21874339496223447
0.2437250554323722
0.2337741070013782
0.2437694013303768
0.15166236699373206
0.13828347870404567
0.19302648401630843
0.41607548508602193
0.16603545982949314
0.12240359698097901
0.23578718583748587
0.19703555972526093
0.36348243001114505
0.3199726316670596
0.34587774902127855
0.35698447893569735
0.4843902439024376
0.12412911340418614
0.14662213332312862
0.3450434039506689
0.17284008437813625
0.16707972941569063
0.18397308806945345
0.0825884345538215
0.1241553696344178
0.1926385809312633
0.29379016598708013
0.13532423125161988
0.21268292682926773
0.09365104566582601
0.22212860310421206
0.07712078929284705
0.06479529365602611
0.10243900579735452
0.08302516195672711
0.12853957090849805
0.05882890186456559
0.13789640691294838
0.2743769782174064
0.37680709534367957
0.34962305986696157
0.246115218901575
0.5674944567627482
0.5507429608264851
0.20402894277425684
0.23595335016859006
0.16804678303181667
0.41844789356984413
0.22189407152866714
0.07813845492723073
0.2410629025256909
0.24820399113081978
0.3165304297643597
0.18613908266184784
0.36052874458557954
0.33652007157739383
0.2868256303549415
0.2623946784922386
0.13217831059835683
0.10370113512505486
0.1405447883639173
0.11484663670395175
0.13796220942063087
0.24861116332809077
0.17563584258925471
0.22592042503945456
0.2535717863365885
0.31492186052963234
0.29110299513574717
0.2449926897806833
0.19949689592423261
0.1886068926502501
0.19294060775183589
0.18126365317256385
0.21981562647040095
0.284386517317339
0.18248166841911706
0.23881781660687124
0.07910393258036402
0.24004107681442977
0.2329490022172944
0.27104212860310317
0.17717616530630792
0.06892727623652693
0.16462098337272535
0.274499528230613
0.22402165145872263
0.4321073120687981
0.3989605589822433
0.19576773262930874
0.1453199469771882
0.3399857175352857
0.7291352549889117
0.2890949115682635
0.28154974407726563
0.14251246079582186
0.19137565507626342
0.2403241245504876
0.1505140166185371
0.17633094098272262
0.24588050940505216
0.20988422998928458
0.27257596874405354
0.24136385496330112
0.16576304136821535
0.14442508904773751
0.06967095496934583
0.18893724654089686
0.1677125664237787
0.19904994223532102
0.2765853658536582
0.25612569996469353
0.2985488489730634
0.39689795008906603
0.5466211730099879
0.508241299761939
0.14317772656059938
0.3123284397517631
0.362898388461718
0.10716801949779146
0.14095068040353947
0.09412102418517969
0.2972771486582592
0.33161044831385167
0.3162749445676264
0.3723864464522916
0.3630122476749076
0.6421536835948064
0.5695207399863735
0.4864959286081684
0.1630759026275479
0.14848785365283274
0.5632246399151231
0.3225314127423437
0.4069696797414876
0.3701154733224924
0.5108647450110851
0.33950696131300284
0.3132197641322488
0.3498022050679946
0.25572690557004313
0.18179251880077196
0.20742412474737051
0.2639118777308266
0.11590641625585821
0.2512528831130907
0.3029564815748344
0.3497202740032997
0.2742043791888791
0.10719411348841706
0.35666719035924943
0.2826278290527499
0.1616213973635239
0.55887221166528
0.5915506550623243
0.2835272914724766
0.37683308465230775
0.41195787861357175
0.24220652178860957
0.15511572727163875
0.3004709137099253
0.6152877723211719
0.48753880266075267
0.3288952044082666
0.2340231241356003
0.10836834306655212
0.32741299167492727
0.10269290010556573
0.10196226836805965
0.2632672799435021
0.18854310811335628
0.2808013017712419
0.34356730277569164
0.41537869340307215
0.24707902675181934
0.22486302695672167
0.40542418816645154
0.3880266075388018
0.13488948507158366
0.24716364563768
0.38665188470066464
0.2551951797105077
0.28148237689126177
0.2772373855264257
0.31955416204354015
0.20035411318144541
0.3487490539153597
0.3390086430942584
0.21925480419414312
0.2411044444328347
0.36971175166297066
0.27589925536614657
0.18694075875261953
0.15011684389634278
0.3998669623059861
0.34359739801945277
0.3366157019517822
0.1324910366120059
0.14186171896570396
0.4958095582098532
0.2801536541776181
0.15576970684418523
0.11615739926818087
0.40674057649667283
0.2847311012229166
0.13743667452090247
0.3290012047953627
0.41892579315326073
0.21972524204965774
0.3072237840985899
0.33772286028666504
0.44725067510036465
0.25938252085434454
0.2383543305871998
0.1643521862725481
0.2946422258831613
0.3363636363636354
0.1301829192292379
0.14751387657587117
0.4892599494055667
0.3836283759011779
0.2580065247631396
0.2258347091826202
0.1735611415904678
0.08323983009446184
0.32838137472283757
0.14250587500035256
0.2776338930208313
0.396534559748116
0.2761862527716184
0.26779077272603646
0.30110291382890597
0.3523833302486875
0.7027688529746063
0.4749711698386462
0.3455948485856284
0.31102639496166773
0.29929519318568
0.28494385735740707
0.36235606416582095
0.12812177003835717
0.11793179063069578
0.26054567117207755
0.30224169375781834
0.466816067006164
0.3010452072607924
0.2627417097834543
0.31578713968957817
0.4706123370774388
0.24210143041946264
0.17382243913635181
0.33462902735039346
0.14228934931120982
0.3116143708032298
0.1093207737243727
0.4635033259423498
0.331499110027526
0.2881619590116717
0.24997109467895048
0.5403991130820385
0.44306057245741565
0.38869179600886855
0.08976332775076765
0.28885026344510084
0.31259423503325845
0.2739717491253328
0.2283025191710224
0.4100455737511791
0.20368219282690586
0.3176225865152416
0.1683910001211893
0.19033268899762945
0.22684754482405667
0.19949689592423261
0.18776422582494254
0.26634146341463333
0.2917704711922351
0.1957269744139923
0.4113483396725483
0.21583644345653308
0.3210294876941669
0.3779600886917954
0.3321612053902687
0.22667902289889055
0.25331559582192636
0.27980516955644785
0.20326767167596635
0.16963538565666278
0.10919447909378543
0.1465905844609104
0.28099937165103706
0.26048253104436875
0.1660835112403627
0.28630551097974094
0.20428651464973654
0.2766667083571909
0.2426928322851325
0.1268554713368674
0.19979362921897967
0.25521362932202196
0.3637327335323277
0.24778389628518172
0.31414752676144975
0.4487107789739323
0.31729490022172924
0.18486752479916882
0.16041715743592355
0.3818456328784656
0.33227792437033954
0.19043922152356108
0.12973932830179327
0.18240727243548252
0.27006651884700583
0.20210965752363685
0.20996524878382428
0.24682742569918253
0.3451268384577298
0.19939348597070275
0.4333144206245354
0.18148260010802553
0.09423844714299354
0.31998265240820745
0.17756033853663958
0.26826121597542074
0.22023009378073824
0.2777786447898728
0.2607783012356238
0.266489815552759
0.287264895613704
0.34436445854877945
0.2870953436807091
0.2627807153816995
0.19318136970192387
0.25135207509569096
0.214152589927662
0.16565621807749925
0.2398844292114373
0.15482884679989972
0.1309631286033831
0.09318164052267146
0.1656372634062072
0.2608694410676575
0.4466666335509385
0.2841839105699416
0.27233708695191117
0.3930204079242995
0.23507760532150754
0.14671431333492466
0.40444877297808385
0.3386637203309506
0.4675991117701964
0.4253168853850153
0.4313524479103294
0.6167627494456746
0.12135405500513162
0.11423308012126934
0.22724661537981042
0.18075203402862672
0.25612569996469353
0.08541867831166795
0.2231455891345821
0.2450923883793454
0.32869024056671736
0.251937159069378
0.2023905142927928
0.19148777516498836
0.1564755212077807
0.15736796714622792
0.44236975643729753
0.4686166465813091
0.23230063971474516
0.08549696028354369
0.3137028824833697
0.13227115354300006
0.1342217170494466
0.282173005503231
0.19697096972267852
0.31376103228891067
0.37686123069850663
0.3284404168614337
0.1814463424930198
0.1267177845011183
0.17139059869187853
0.14963355197974265
0.21086713955062342
0.30026607538802597
0.12161435173717823
0.16408057453944178
0.28526257964147866
0.2200865176242666
0.27849223946784823
0.2616506141432228
0.1320646232893765
0.16031337242390695
0.07151058130842405
0.19859960853626685
0.12150279599487267
0.11882373925150165
0.3493583945806972
0.36010621343199906
0.2928968370375583
0.35840354767183913
0.29630110262290177
0.33281202981161284
0.12910717909539265
0.20255431961655745
0.22928680216110356
0.13821463528617112
0.22240385139386507
0.36643015521064254
0.18555595897791502
0.1281031774146399
0.15753530075968714
0.12505398712494423
0.2297169956277902
0.29215077605321416
0.21436842130967507
0.3058291856320094
0.2669069880880643
0.23574983579738631
0.29082039911308166
0.22109825896783544
0.3614634146341459
0.31067320134490733
0.5490465631929032
0.33045784982927257
0.3043465888512607
0.3357155403485729
0.3037250554323716
0.2013211016711905
0.23788085640940476
0.08712783469762014
0.1840103802652795
0.2503403817924358
0.3318403547671832
0.21245940901007565
0.24462712825225297
0.2133686997992395
0.3618137398699248
0.2722200701571738
0.21470306143021256
0.10035748794460797
0.27844119527686567
0.08260052732414393
0.10021397099616942
0.14582626660905987
0.25119496811816266
0.32003010189290093
0.38022670932871155
0.37676100434666393
0.5051959402542129
0.32957638917150817
0.13656282120617252
0.19481106178708135
0.22993820138260251
0.24654896836518622
0.10553173222140738
0.20278694968010372
0.10455862043526892
0.3070509977827043
0.31609756097560876
0.1577026343731455
0.4510886624251704
0.17903583523965103
0.4208869179600878
0.30952000676405034
0.19497921137898153
0.4477605321507753
0.2339964183129211
0.30115623369405176
0.45569844789356856
0.3182367642368604
0.2056615404505601
0.27653067982434415
0.2056582369972886
0.521257082863451
0.1334578530453241
0.28203991130820316
0.216476270600966
0.25309857716947265
0.2650554323725045
0.15035378168246344
0.12043008566857462
0.19879900573359302
0.2884178998143938
0.3701154733224924
0.31050997782705
0.19556673947791864
0.15621522447573316
0.3688691796008863
0.4292566086946122
0.34941214908553714
0.2964154350539148
0.1653445715967268
0.4984135343843493
0.5780487804878037
0.22718326920602108
0.4828070804576451
0.4195504187561204
0.3255407229591314
0.22948313428017986
0.29552106430155145
0.2209893749370973
0.1777958342819658
0.12329856141334881
0.14145027592627582
0.21859840849975848
0.21752842190458105
0.24611973392461126
0.5034855328594636
0.36532150776053135
0.15379619553178178
0.22945642845750058
0.10514128712333609
0.22810994230471004
0.081321921783508
0.21528206850637774
0.15369640988747843
0.1184907909526125
0.15451989002037897
0.2142608153531809
0.20010327576695636
0.5458285451929091
0.16345722184017925
0.21088071659661797
0.1427159163962856
0.21129788913192327
0.16272498301578156
0.18332811549055425
0.28985060056425876
0.1505140166185371
0.29405764966740505
0.30758314855875807
0.35034828344343555
0.15697682570684257
0.14753144450519595
0.19620684216836062
0.08605798108198597
0.28458197793480466
0.23621756828016796
0.1765183695754126
0.2540133037694008
0.2210791626011914
0.2959421965452843
0.1543698906807359
0.10129687160711622
0.38150776053215035
0.34418351883747733
0.19396384603971012
0.10815300948094411
0.22752590075528303
0.149739547760848
0.14098003792215352
0.3321064301552101
0.2504159407377926
0.16757031726130447
0.19578038605935083
0.15671722531611001
0.19830051274027857
0.1918270837326783
0.20625010145473438
0.21534446272438068
0.10488099039128948
0.10307126296963112
0.2124577137503945
0.15260455251158053
0.19939719732556957
0.2004450121796643
0.21705028927989867
0.27915378659576323
0.3994842656836487
0.19541804721126874
0.11604705473056078
0.13390299491223356
0.11742392308805227
0.05790256519737017
0.1926876553340649
0.2534965355332276
0.06663100506150732
0.17859342307126852
0.25728092602904745
0.08793674840700205
0.21841721711004078
0.24395204592674777
0.2310681188341145
0.08196122455382591
0.23835920177383563
0.1929167884124886
0.3466518847006641
0.17398060418239983
0.3490220931030797
0.39434659826465535
0.31675305860418906
0.3552678539969428
0.3440511135728565
0.26440068365370506
0.11039062734000621
0.25233715321550804
0.1911321718174884
0.12139124025256619
0.2040638064056925
0.13334629730301853
0.20169832368628993
0.5141234325097375
0.24674941450269125
0.31438122260575957
0.1410808287695623
0.1883294615319241
0.10737240196945459
0.19299970012003104
0.21292985225945996
0.14108686121286962
0.08331811206633748
0.12639265603261554
0.2833153999556951
0.2075042422154073
0.35801746979865096
0.41880305577816557
0.23606407989188824
0.1558156024561019
0.17775395575106162
0.068053127550582
0.1332349613932444
0.2126585216358954
0.06550896346462276
0.2397674124166999
0.22740576496674023
0.201277334851651
0.21481724725207973
0.1715849107122252
0.25162226128102516
0.16930891235951698
0.47999871912179864
0.21877409938592207
0.42172507234357914
0.4901294899731675
0.1653967595779771
0.570687361419068
0.28892453100603777
0.30596905181062656
0.17590481299272928
0.4237694013303761
0.242515575747505
0.27825408104835697
0.33189663494840993
0.2922850074069306
0.26204115015201895
0.2557601384362641
0.10237977221806299
0.07110612445373314
0.1825149012853381
0.24789356984478916
0.14495920550131702
0.18668040146986628
0.20101472730442355
0.46155324404210346
0.39710653635671866
0.29269800923619915
0.3517516629711747
0.06982751891309712
0.2321246151286711
0.167702565942444
0.18002243631876788
0.29798634196827806
0.6273035827862413
0.13710200729398486
0.19652194175939566
0.1675075095917989
0.1895353442745088
0.13465772536265164
0.12192417119635551
0.06441301585836336
0.128427396045004
0.1226273380890717
0.07604278130514253
0.18951539282128585
0.28443247918293335
0.24565890489570533
0.24282274658577677
0.25009424766441
0.11892336227445433
0.13705428198834851
0.15673647330273205
0.1576444712738156
0.09331211047579768
0.13089428518550858
0.6699373744461115
0.515441755086597
0.18505858151408255
0.49497030949450516
0.5158496708665138
0.2850846570977446
0.362971175166296
0.21121445462486238
0.21209051694900294
0.05933773468175748
0.10186531064840043
0.19353062027706613
0.3239414934310546
0.2433259423503323
0.1804209863472554
0.24521401625221037
0.12814758796047054
0.07014064680059987
0.1926096441375736
0.22327074089517385
0.15433294926162694
0.16460238639225772
0.1698575557871409
0.09171741279918962
0.2939851939783098
0.24021669843209628
0.2858330239449452
0.4116740311528911
0.32026607538802576
0.21763891166855703
0.18868713771839882
0.1291731997386444
0.17353590659539628
0.17548618650768436
0.1506504036295258
0.10191008038680933
0.2643015521064294
0.10852017437627463
0.2575929708150136
0.18763276268336082
0.22259373794777776
0.40519968354163266
0.17128242367192137
0.08757143253824892
0.31196677476960605
0.21436807095343638
0.1849912336970562
0.25308203991130723
0.24708636035260126
0.5629743363939395
0.18480429293830325
0.10410010019514782
0.3054879056244587
0.2220055039300748
0.34581197623919024
0.22135698447893565
0.16371506886415899
0.19703677953846763
0.2193436807095342
0.18003905275187837
0.2940148594321755
0.06577120807040625
0.17711050953354474
0.08246875267148657
0.2588159645232811
0.13994118141994286
0.12585118937453146
0.20472276413747365
0.20446734600428562
0.0683923494287099
0.21051973530492554
0.33854101995565333
0.2452319664174739
0.12476058797731673
0.22813204245998903
0.192805357412916
0.3565809312638574
0.2291722717157157
0.2145550118209934
0.07247997306015114
0.19266815253494185
0.1688362535488034
0.15824161579757207
0.07085953624232474
0.20783173436478358
0.20247877453469162
0.1868162256464702
0.3426341463414623
0.18458756156647912
0.24068404397547521
0.23534807813545522
0.1407022973662928
0.2606535717838439
0.11987976742351891
0.06295958058053848
0.22643139837647366
0.23280065135457653
0.26800416474054733
0.20415614376840635
0.2540104043133239
0.3377073170731701
0.2253570846762828
0.2332783321924122
0.14904940500086344
0.1741310804012045
0.165017016706855
0.1584875390076071
0.1296092080518504
0.11949479263336528
0.22331579168815846
0.26285185900866254
0.459390395877737
0.1825481341515591
0.16463561925847872
0.2138707387582267
0.17002540275327754
0.16475964699009943
0.2722838137472273
0.11042976832594417
0.06419121693804897
0.12941314650579386
0.12680169375440412
0.164961866687847
0.0721629310740546
0.1930308934831192
0.16677786263001498
0.17743027275353548
0.19835920177383506
0.1558953754423747
0.14999902066884122
0.10608770694470733
0.12284678432315006
0.09956350000803983
0.1917515209761665
0.20046064904463948
0.22402899455695977
0.15556141710485782
0.20153605180578904
0.29959997397281846
0.17190538058437252
0.21470306143021345
0.0813799140121739
0.1692871938935678
0.0895234832005066
0.1564160034305847
0.24603952506664273
0.10571480509788621
0.2025071333623669
0.1282079576505288
0.31672423883064366
0.23738555055163355
0.16459088812896425
0.07799605649556084
0.14614500481812176
0.09858951134786875
0.1389299972365907
0.19902439024390178
0.05882890186456559
0.17938674633226054
0.2623598074532407
0.12375250346470845
0.10590358469576047
0.07487249571099486
0.18044345898004374
0.23068736141906832
0.057432873366116154
0.08438796568197166
0.12031286807694243
0.18053136130967257
0.07419826234282205
0.09739582000864566
0.31118482048884444
0.3424979192728866
0.28466285599757196
0.17480487632208208
0.08243969356408018
0.14066253156568945
0.16121013754973457
0.07366397516934732
0.15625576849451103
0.17267778343398918
0.06549591646931015
0.18060155780982207
0.2318838531785831
0.20352507463624472
0.21817376674039377
0.1347665015618035
0.19783639430250557
0.23453439934840564
0.06618740722087856
0.10647781964599573
0.16632569758495253
0.10400713707655955
0.36021477725878
0.3708902202255607
0.2911201730231866
0.19019141578146911
0.19362378969196326
0.06830929953866274
0.18235033259423464
0.13824872347906156
0.11430092106588687
0.0699454504258164
0.11698478843148198
0.16955660334953068
0.12447392819553814
0.2334368070953435
0.26648624721504693
0.10508550925218331
0.12020040358147457
0.12478941265958528
0.11050973509042875
0.1698004434589799
0.13474672890347708
0.10489958301500676
0.16195124391640425
0.07650758051315429
0.23782705099778184
0.4797797384867287
0.20185397092181917
0.1708501652417924
0.24049996660326503
0.083736543941431
0.056193408811418086
0.05084414073324734
0.055084414209846055
0.12671691890039904
0.34026607538802556
0.2139246119733919
0.20634146341463389
0.07315450271781312
0.31032850477102814
0.07602484168658764
0.140552744759291
0.21241223046520905
0.19339203640825076
0.18457533899103504
0.16755017266507402
0.18895787139689538
0.1311851675542428
0.2300289359671129
0.3544567627494444
0.2910534423628895
0.34683724585248
0.16422864529804265
0.09692334744013277
0.268948786878366
0.1787583148558751
0.161197339246119
0.04929154829104653
0.12362626234185319
0.2623070130817862
0.11136915198845239
0.20026607538802593
0.11253833676907646
0.1700193435862687
0.18055691427963283
0.07794027862440778
0.07067056275080491
0.1590460062339099
0.0764342761032778
0.13833441270709926
0.061268689988023955
0.09549171541387412
0.1146978957142107
0.20236104369901403
0.205942350332594
0.23294178432939144
0.21294900221729463
0.24795471334696226
0.1839911308203987
0.15884269657061156
0.09362704830941021
0.10063849513681807
0.1792472718405765
0.15118166218551105
0.1292289767097777
0.10686793234728502
0.06238420808725226
0.07187263542834901
0.44476328385861
0.27578917149678944
0.2095319791515083
0.2619034090909088
0.19770320529223398
0.27426841439062644
0.17571888675555275
0.1449480945028351
0.21666914049368738
0.18120568333231565
0.18435029395276148
0.2061835923270989
0.22838137472283757
0.05864624393018907
0.1811529933481151
0.15754361131463324
0.05428854749577676
0.12477602491342922
0.11855169884466167
0.13136223040479922
0.05886424669009425
0.118117443537538
0.1881644885428953
0.2188994173552171
0.21305590534237104
0.19427933592754687
0.1574051523936634
0.22932289934410618
0.24296587147285248
0.32931599936967443
0.4266962305986689
0.18847342662586405
0.4069844120962823
0.4657750048320029
0.4587545440335093
0.42042648108026104
0.4174641019145349
0.16538915985071043
0.1076711055558215
0.1398225025136533
0.053910184631710996
0.07635990560840718
0.185474909196551
0.075475333796483
0.16523381085045527
0.20774746768225283
0.11638397523484463
0.19603008322391086
0.45952495293332407
0.2554785242872152
0.1330532581980129
0.23179356744729976
0.17757012250446505
0.20713978149781517
0.33022139474862244
0.17236097055195596
0.21100768657166108
0.20582137208154788
0.31104384232332094
0.10938600870093534
0.2607745518190822
0.3678048780487797
0.47791285644527404
0.18881228947898965
0.059990084447388015
0.1287574798092607
0.042637580681614606
0.2330503481561724
0.23348115299334724
0.12920938386696929
0.09409726863505008
0.059833520503636745
0.07299464071551168
0.126665716966239
0.31801062366291266
0.2701609338634421
0.18359763278767907
0.18258520538841222
0.07243691797561948
0.1369741645203117
0.19567594140547634
0.33302979782231756
0.34442542551370037
0.25194396161495486
0.3007116756600133
0.229033486565282
0.1717516629711745
0.16086172961356282
0.08660501968620454
0.09847163758602516
0.10711705476525081
0.06817055050839552
0.057498108342679266
0.16199024951465035
0.19210643015521045
0.21414634146341413
0.14123697897042017
0.13416459668658304
0.24873614190687257
0.2247308447687405
0.05144430251762748
0.10992116614654009
0.0998229559181215
0.16733304501151308
0.251086474501108
0.4560975609756084
0.20189252987007594
0.1270805831101689
0.09408188319924173
0.30851441241685074
0.16399052362834976
0.0872934538649502
0.12797736784434582
0.08374945992117344
0.04150249208941742
0.2041361822902128
0.13525776551917784
0.12348772406744477
0.1613123326363857
0.1366925971625084
0.18553301117195628
0.12709301012910243
0.15370200627179276
0.10381587415484603
0.2627937915742784
0.2877238975997777
0.14120644857272427
0.0715366752990493
0.269455418070009
0.06948829703496923
0.28337567125546226
0.3991442868488838
0.23819822584599953
0.1711241739820632
0.2035033259423503
0.09036845986334753
0.20899199540079405
0.20084257206208342
0.18367736213929414
0.1783147780273195
0.19090909090909092
0.18222670097291585
0.1147619775969026
0.138570824567679
0.18321984401702984
0.15151891424377226
0.09075059636587177
0.19544533279033788
0.0806434780272522
0.269255644690496
0.25412423831796965
0.2261492313887772
0.17358073502802251
0.2022877460480818
0.29102020949666846
0.280528262583521
0.16462098337272535
0.19770232114830202
0.15536364958283927
0.2023703968763987
0.14489652081014165
0.14894136137323885
0.13371316803016817
0.1999383809880203
0.1990065622498788
0.07440701426782381
0.21849223946784874
0.2725805345682102
0.2076684880747711
0.18108446307041737
0.1363866364213755
0.11416739195249244
0.2201866020973277
0.14810425653915893
0.17182034985178682
0.1488209803981953
0.2203671359109748
0.09256843174297924
0.20054087626861186
0.1129949965381218
0.21976481234267672
0.1082677485107344
0.11721185573789225
0.2153436807095337
0.09596772451714602
0.12177855141599195
0.0838899182140573
0.08807325855052957
0.1056287508255435
0.16436975632871145
0.11587036537130373
0.5157504053974269
0.5554235135049216
0.5757871396895776
0.23104212860310352
0.0637606660927328
0.05760248430518015
0.21192904656319267
0.20946006257974278
0.2090215544953496
0.19361419068736058
0.1615221823357007
0.24449419678736886
0.2347356902429966
0.23503325942350292
0.1261316005126604
0.19463414634146253
0.19826545588320912
0.19473613948031906
0.20042741617841847
0.06300394036460129
0.21824947977171952
0.05761553130049268
0.22927490648858978
0.12634524709409165
0.2813905291654448
0.17217488955673846
0.1367459757048472
0.07558124384595886
0.1637482213036558
0.20153605180578904
0.2204931321918573
0.1839497066125773
0.3232669976077541
0.28219357374562626
0.21692971835853914
0.2561877622055616
0.427984461525325
0.3187874053185737
0.25092719163274885
0.08173942563351153
0.12826806632697574
0.13753373941455752
0.14502281427774374
0.06169032549517778
0.2973786810256911
0.14949919535673747
0.13931217519813152
0.17635812843951962
0.1838962949672197
0.1764885944033627
0.056754429609860366
0.0487566214832295
0.14868029158266052
0.11956496122794966
0.06920174547711015
0.22576496674057622
0.14659442890613592
0.12768067202080594
0.2452094967556253
0.11034845930940354
0.21340029550884332
0.1483182819440028
0.07974376312502032
0.088369567244631
0.15329212341452575
0.13816556354973103
0.3260310421286022
0.2559645232815963
0.11416938606534568
0.19640798226164044
0.20733475004652668
0.09281437759853156
0.06738773078963885
0.07458967220220043
0.1627937915742793
0.2425277161862526
0.19242898860789878
0.08351381699602672
0.18985936472016285
0.06957962600215757
0.13464612058675904
0.16606463250597808
0.3923496699859038
0.15134078029425477
0.1812188195027219
0.2879960186705637
0.2503605630038398
0.24004434589800425
0.18929908325675388
0.35590841212980656
0.19818744468671784
0.1820958116605815
0.184453749011231
0.11427421524320854
0.13142208472254693
0.19110479788241433
0.23017748566983215
0.2674057649667399
0.08595369944671691
0.17266771236269077
0.18574465884631966
0.17428155662000916
0.09954490738432256
0.08342248802883846
0.0940043055164618
0.11542300803919955
0.21018961112808482
0.44559995435958655
0.31266385618032266
0.24050851878336957
0.22541335226225973
0.16827393151027983
0.17811705180507467
0.151409171361642
0.1586869362049323
0.1868383458898006
0.1680008874199
0.20388286669439035
0.21893842295346322
0.16648633222665943
0.18054136732229986
0.2688691796008863
0.06565248041306142
0.2502882483370283
0.19849948947268392
0.08558828925073195
0.19508919672514408
0.2538494877330214
0.21929046563192847
0.1837201345012597
0.26496674057649616
0.37388151750523907
0.19534822725271678
0.44178571488787144
0.22429985175080885
0.17746350561975652
0.16943622237448716
0.11533567274585671
0.25011086474501065
0.2086697021595025
0.1693879191280711
0.19013144863548606
0.06950134403028184
0.23196540622207937
0.12118672139167236
0.16441457153521918
0.4591348969508667
0.12390731448387256
0.2766930065220646
0.1917059709747097
0.22299010020781573
0.37320508766102367
0.1706628329110506
0.11285650945409019
0.227115525625487
0.1811188894086088
0.24501108647450098
0.12141533837916299
0.4034475588933525
0.17385490563993586
0.09348172141486186
0.15802227888051368
0.13059596370805257
0.12387225656230293
0.16044858265510487
0.20044976938497205
0.07387208746000679
0.07178456820998892
0.28420747192137824
0.3912244036089192
0.5390917758513202
0.3762808327439092
0.24130384163015992
0.3996584491728829
0.3352444972431802
0.2829693952704262
0.16251812391601828
0.24379630659672927
0.23087413601666654
0.24534521296584413
0.2010061330797861
0.08201341253507641
0.07488975309439046
0.10426743380860708
0.1080417364232907
0.0654176344974344
0.12167172812527585
0.16224285289057155
0.2846563192904654
0.15398577356680035
0.17674190999918424
0.09469223259401427
0.12018271971091866
0.15643507706973067
0.20910119426208043
0.29611416186414885
0.13640175861547457
0.31835920177383487
0.226941859205856
0.2956193003241887
0.4021841470056733
0.18239699447030971
0.33980488776690415
0.3476213733522034
0.13052214110736626
0.27301004748457275
0.29099778270509924
0.2796895787139687
0.11792877481913187
0.16546644091400153
0.09225659888700194
0.06677452200994607
0.3303235369517921
0.22548706822377504
0.10469506415411294
0.14289598770164186
0.22709059298682688
0.2310854836409166
0.2525612486413103
0.1832919275482936
0.22051740216216134
0.154809933906636
0.16477145959153
0.33451201055565605
0.21828080299860617
0.3256865983125223
0.29538802660753855
0.37666508212677885
0.3343680709534362
0.23244748059754283
0.28953972602446176
0.2216854852610145
0.18241520268667502
0.17572864761589627
0.06342144421460491
0.2083679058288618
0.305188470066518
0.24024966308208243
0.216676098255209
0.23064010242719174
0.20833398359240438
0.145489089774917
0.21589295845464018
0.2061422452587811
0.1777425096525254
0.1717806546743369
0.13335202510503572
0.15065679026761689
0.26903456801811887
0.23945561393624118
0.3765210398663416
0.23964523281596442
0.3231042128603093
0.1564197433366279
0.2896244291153892
0.11673945054895833
0.17084452031643851
0.19161862527716134
0.08214221158459771
0.08534014286403432
0.26966740576496595
0.06056415224114293
0.14383184500417767
0.1594604672159845
0.2228381374722834
0.20955318230791325
0.05944211064425836
0.20572062084257176
0.19796008869179518
0.15649356703435127
0.07570916377828929
0.13230004042551513
0.11785993140125733
0.21681121922533553
0.3038926159327328
0.26815850569397925
0.3822671458264277
0.35641797186164254
0.18469451096131898
0.05020483796292933
0.06668319304275781
0.16066518847006617
0.1314193534030916
0.07360819729819428
0.1540124793894796
0.16595790320562265
0.09967505575034631
0.3007538802660751
0.12070331317501372
0.2160119387808686
0.17392596257785373
0.051339926555126515
0.12233018055923699
0.1500238807777545
0.19348174713824415
0.10067202473857464
0.24137472283813677
0.09417779565240644
0.10774425444380767
0.2729046563192894
0.229109252762674
0.24611419531213144
0.1359657503022686
0.11041944935914631
0.07275293660718218
0.11333868800396432
0.11307245322265598
0.11301904157729747
0.14845983747306285
0.06757038872401537
0.1123983535832089
0.19686125434636198
0.2836487104431823
0.07127573539279704
0.10691382795920168
0.15039708803370427
0.125455655173418
0.1162504461214502
0.05461472237859204
0.16125031607149246
0.14902305189247772
0.10155291074582902
0.42412268329042613
0.35381978168730815
0.1195886739563181
0.20098783131356887
0.23110137684079687
0.09826201634780406
0.15346937620824652
0.049943898056677066
0.12831209647900352
0.23001601285525947
0.15432372505543232
0.13360588282493607
0.16207152996594687
0.24412936766041718
0.25273658874576205
0.11655190646164129
0.11044018488286751
0.21839234457802226
0.23365947256048242
0.13672269240626858
0.16862113877023333
0.14490579385595853
0.048730527492604245
0.0643869218677381
0.21195642086747182
0.14770745637903776
0.28634722823327186
0.16961679383705291
0.1155839087163888
0.10993792545897033
0.08462782545596041
0.03924536190033567
0.1372607002268366
0.14527716186252784
0.06535307236755573
0.1182757708802833
0.0737677114975059
0.09552890066130872
0.27157932048347877
0.11657091599359756
0.05732849740361527
0.1577794282548004
0.09424484823399934
0.07613679412379533
0.18359201773835881
0.14546025544900315
0.09819366169508975
0.1062416828305965
0.18131061487564937
0.19030569241016668
0.20008192014944806
0.14544790374499358
0.18610405083719836
0.07609960887636001
0.1513919130621421
0.16005926861719696
0.14421286031042127
0.07820612270550749
0.12628177618791328
0.1328483827181611
0.1599597517759812
0.12261566194792363
0.2285688320935453
0.12457339902914956
0.11147678031758837
0.1640410199556536
0.1528337656372894
0.07402246419540331
0.21003137938802074
0.23533923550413502
0.2263884922184033
0.151409171361642
0.3811261669894322
0.13550304165426608
0.301073418729534
0.4500743704459059
0.1902025406316057
0.20841224018649177
0.053766667683272346
0.07516997769047731
0.06726811261047412
0.1483093612542582
0.26002364125553346
0.2527359476101594
0.09907860213888788
0.17833359517962472
0.0881654704913614
0.08214388248820254
0.16829268292682886
0.13152687728470974
0.134221077843361
0.18199556541019943
0.055227931158284796
0.23391657267983562
0.12925907195353883
0.14236336485192264
0.17447216870010943
0.06404769998961021
0.17457063346356766
0.20999537232338578
0.41321507760532056
0.08704955272574441
0.14607538802660755
0.06797140124815527
0.10214325732486827
0.12438885280573578
0.16128041131525356
0.11793650382623676
0.09730583229487808
0.0782563532276079
0.23382520603838683
0.17696003331473917
0.21707317073170698
0.20800450967678946
0.2606850014578696
0.1563938684356882
0.11114670458413912
0.05744592036142877
0.16554323725055362
0.12872206531251748
0.11477226620908167
0.09112021526327922
0.37212061026241045
0.22635781765642987
0.25237250554323676
0.22379479404956445
0.11555067585016777
0.09894507302549345
0.145646903849676
0.14797109827264168
0.20111286455514948
0.1570365385374384
0.047425827961343064
0.1908147176484534
0.11074611155421929
0.07375466450219327
0.2779157427937908
0.27719533714876277
0.1844388272791329
0.21132880168981352
0.135852519967796
0.18652477081123447
0.04468595894569468
0.2276938441606902
0.12519896701982058
0.1686063204248795
0.1507118078553079
0.32147315570594304
0.08250919835695557
0.07617397937123063
0.08850309635802579
0.08917517395352174
0.09651544674155915
0.1216892285484342
0.1437574434807645
0.08364475271759823
0.09853787878446241
0.08811044379796489
0.10583528107916708
0.11503256294112828
0.21834810497857585
0.07705555431628394
0.04668214922852426
0.08095228366666785
0.27604261878525865
0.20801832487610192
0.13293663991578747
0.19693478178041787
0.10333397022972432
0.09121154423046757
0.18574031093936869
0.4738195177733436
0.25114077003155494
0.2816331785843265
0.12933486453391888
0.3831042128603097
0.2159471647035917
0.11240480765568203
0.2284094895364401
0.15290441748249098
0.2066693382484318
0.3760393233238218
0.3275690140679108
0.4966439032804637
0.38875806905241894
0.19214966976142922
0.2588138409031494
0.10220952773777306
0.18913525498891298
0.09787239241167497
0.3720120464356296
0.3945738206410812
0.13319755631327748
0.514561852058094
0.4702882483370281
0.35645572308567636
0.1313532413046724
0.2358278469938776
0.19653917083056993
0.1502354568549622
0.14289221737727595
0.13459310819475925
0.13336014040226044
0.08727050605899206
0.182429549688825
0.3203356648879567
0.23649667405764932
0.11549630738756454
0.27896902370426574
0.2926829268292679
0.22465631929046503
0.22781792152999653
0.15860193462052355
0.2974279379157424
0.33507760532150666
0.3511052316241065
0.2856640537795084
0.601152993348114
0.2851264890304963
0.33411348352568065
0.17939774805938116
0.2134811529933474
0.07743827778403112
0.16132715434447198
0.0461211284300819
0.04972209913636268
0.20807097540923153
0.29596452328159595
0.15793366729709066
0.15712362739571886
0.19305989152624242
0.385853658536585
0.6307205236339739
0.22237938544757974
0.10549454697397188
0.21791966007347463
0.30078768083296464
0.2910234316571331
0.26441895050802144
0.2409171391385703
0.34301552106430083
0.3556414406155186
0.3605788750210207
0.27005785949893213
0.17378525388891725
0.09593793838309729
0.08035731970770292
0.1554301153152813
0.144124168514412
0.11713173826985541
0.1979681840780693
0.1065829383116722
0.046812619181650306
0.24354532611099106
0.21564806890760344
0.501152993348114
0.13901704753690308
0.2740512867370646
0.40924625713409013
0.24265010020188882
0.19300298050073986
0.23483318706716225
0.25250642270946627
0.39987550385254134
0.32405083877500107
0.483837299310494
0.5482898631512072
0.38139673964706233
0.31083561242047897
0.28496674057649596
0.2626935454814851
0.14979295940620557
0.2093788954695204
0.08649288553452888
0.2093005914594066
0.12968040536619257
0.2210643015521055
0.13533570804080772
0.07098870149591963
0.3600216718083847
0.3751901028165068
0.32802276451022944
0.26799407826627286
0.40803313146055664
0.33738005787486386
0.36403924842769825
0.31020949725271124
0.37073170731707256
0.2304445438966219
0.20721479133326015
0.37338718824152
0.556424727589653
0.31118482048884444
0.25616225113644653
0.15433343072999034
0.1584017344760403
0.046590820261335916
0.04498603983788471
0.2117984961742894
0.049839522094176185
0.06477833172711649
0.27086474501108554
0.20356422879947259
0.11683584302443666
0.2875589564620636
0.3804613521980536
0.1679844279721977
0.11093598740833972
0.1470116014414412
0.11254115136296318
0.34696806532068564
0.2558125638378857
0.5194632409616408
0.11936464426734243
0.293594229429068
0.35828409442520154
0.18803508301879165
0.08256620583756337
0.12506336760550224
0.12239664629167904
0.05059624782230771
0.15477101059811169
0.125455655173418
0.1265505000150477
0.1891486070379483
0.17616290292301995
0.11679886219430542
0.10787440280983143
0.33532120598517473
0.12103078838098118
0.20470066518846983
0.1494562015349366
0.27667405764966657
0.20328472223213426
0.14561751468405776
0.2411044444328347
0.3386606641605042
0.46656319290465553
0.40492239467849117
0.24125087716681382
0.23279622787760218
0.4946341463414625
0.1643656337461704
0.15699753293919227
0.15009354204969313
0.04690394814883865
0.2096550905709715
0.20263127624288077
0.21702882483370234
0.18109215500995515
0.36259828194534177
0.24223661703237068
0.27624424248231166
0.2633935733963607
0.26375585533784396
0.15684329659344723
0.17601807727693047
0.19198815923894025
0.32111625092997825
0.41317073170731594
0.3764966740576489
0.4066373510792783
0.711969184779897
0.25059138246654805
0.07693813135847052
0.15781206157446417
0.13636154948113705
0.05210969927857065
0.20372505543237163
0.12768067202080594
0.18088601130819743
0.08370399197688075
0.2073207212091164
0.42025057346857636
0.4965410199556534
0.19849948947268392
0.2464373697167251
0.24050851878336957
0.1624422500878977
0.10521565761820707
0.2798226164079816
0.274499528230613
0.24571612794726835
0.24821212443690754
0.24997761971382187
0.5134368070953428
0.10609816588215701
0.2520556458312103
0.23274124464701093
0.14751387657587117
0.18196111581648086
0.14838474767644483
0.06270385947241126
0.059246405714569225
0.3487880595136049
0.1550583248594821
0.18244843555289605
0.19164098354411363
0.09950943324928893
0.13001821765755808
0.19231653877555097
0.15237221916199398
0.24671583737930797
0.2453579413049552
0.344124168514412
0.19118089896103374
0.10468789078125704
0.17560975609756094
0.28035334539119316
0.1481274331585536
0.34607586165544557
0.3987179325966585
0.20435295513929141
0.17717317574398347
0.05337525782389396
0.13616511552351376
0.09068972914676221
0.11369983092909587
0.250953436807095
0.05680661759111076
0.10500916006467181
0.13040866275562937
0.2753338733012227
0.30408072592149343
0.31259423503325845
0.0760252383814894
0.2557601384362641
0.28474501108647376
0.2419517259184628
0.20762679946219215
0.13481099288331708
0.1378545524730537
0.3793767036062604
0.20676867630078502
0.3968004226778833
0.42682926829268186
0.22123103507238567
0.21438496589317926
0.09216363576841367
0.12444383295177702
0.1102683418413667
0.13512483405429468
0.15225869253258242
0.1645646189988707
0.08480095677622235
0.1275436430591608
0.31121630343836676
0.22192823142164364
0.4043902439024383
0.36091880056803693
0.18183841441268864
0.09029825455858469
0.38008869179600757
0.12430826487550888
0.1361550529071427
0.17606772523847816
0.29787139689578684
0.11182579682439371
0.32464366697425995
0.29210828846230696
0.26721176564987215
0.11974897492505969
0.1289525078004894
0.07793074903400919
0.11833457119109984
0.04655167927539814
0.2270066518847004
0.0934434658617445
0.1235144298901231
0.1796605229836956
0.49605321507760436
0.17750185678664976
0.1367180458593203
0.0734806776006284
0.2426928322851325
0.35793493689638256
0.18138661835056266
0.09663321088993346
0.23024390243902382
0.148110492577432
0.3152106430155207
0.2609846591247171
0.36565172719472966
0.17050219826934276
0.12752680607939204
0.04888709143635562
0.06643144454317967
0.13090874157867227
0.13796280099526106
0.13199339017046455
0.17621367891278295
0.06087225005160099
0.17630035530202443
0.27716943245656467
0.21382026126545273
0.2147187039214237
0.07276749269341674
0.06591085107908536
0.1251360235582799
0.12669398585322333
0.1597626250809107
0.23979158183425256
0.15831224112322884
0.2974566922221824
0.3296080201443879
0.18636874841825188
0.07632272036097187
0.08353665836342186
0.1583222473887041
0.07418456863344165
0.049448112234797906
0.09013898180376562
0.07015144281418316
0.11077129125870248
0.07471805619986281
0.03634892894093582
0.06736107572906239
0.09826996869459032
0.579953258580848
0.27506454912035166
0.11200845475877022
0.14668421809116353
0.11382111755261615
0.13687316862507418
0.2698176408477161
0.14794821832912575
0.10601886352683187
0.13852840703192995
0.24429623667453984
0.2722394678492236
0.1261583063353387
0.15922694594521114
0.09290955710005144
0.08848001665736976
0.10393177017151005
0.09830413328119876
0.16236355074066042
0.12852344621978587
0.07439678691644813
0.14609072290473085
0.14303352876720954
0.20931105803343175
0.10399759963682702
0.24059275651462095
0.320743034374902
0.17043289976864473
0.13077003401830542
0.06040758829739165
0.24159645232815904
0.2771347755361397
0.23372154468860692
0.17850778031320086
0.2766271081606676
0.09823082770865235
0.1241553696344178
0.11283210081854547
0.13012267574786263
0.04476424091757032
0.1082224965645923
0.16218527750587908
0.21077605321507684
0.13982261640798202
0.10215856100075654
0.15166297117516633
0.16576496674057586
0.12196331218229348
0.4235920177383584
0.2482827435365553
0.14954047256109587
0.08095660591475486
0.18256100383327184
0.17466706894452247
0.1581677008865655
0.10441617479834812
0.1516198380679689
0.1814540430392851
0.19760532150776
0.33303763262131325
0.11324767106423385
0.3954387550155363
0.24609007857635
0.157065459542288
0.0915798267647538
0.06602083774170922
0.0847691952095495
0.11127792245034647
0.08950489057678894
0.15427937915742768
0.10256243015243952
0.2233541754022347
0.05177047740044276
0.2547435939418536
0.11270848497642151
0.20101995565410194
0.3817738359201763
0.24827063283427578
0.3631485587583136
0.2958587620382235
0.3477819450020144
0.17324606780110494
0.25791687621130416
0.24639059257307314
0.15193742324916856
0.1779479690687096
0.08675318226657604
0.18910393038961412
0.12799507171557567
0.13771583545038263
0.1307108474441146
0.1441748282013678
0.21249559695233625
0.297339675427445
0.22151517091439643
0.27762832224539996
0.1754695336465007
0.12325050262433161
0.19721230473057333
0.16058449104938188
0.1337168653183661
0.10285439440606482
0.2774858259203519
0.1332353493452596
0.27291427259645457
0.45242165413796076
0.43002144939227344
0.23056962584080012
0.27374633725014835
0.35835920177383546
0.27144124168514394
0.14938173366307275
0.17784065180047137
0.12311137956945664
0.08070743355495007
0.10112001903699407
0.0650131776427435
0.12030297571976016
0.08786714901390495
0.2154154388440572
0.18164993372148477
0.2385898198137
0.21169946222261013
0.2531611905176167
0.2174922198973327
0.1367301548196318
0.38880325164439683
0.16681301999479695
0.2598839024764882
0.35399649098532715
0.36959968862896575
0.6102010823927612
0.43232815964523236
0.4266789289415145
0.2732046228624501
0.20645663151481888
0.2390575465713781
0.17309732681136386
0.08262561980125682
0.10750021071432832
0.20898536655308989
0.19516629711751626
0.18430682609769697
0.2166556598355115
0.1589384968982343
0.22521913437923116
0.22973048544742786
0.29264615033206215
0.3627367348014321
0.16707331672684356
0.45414634146341376
0.6408425720620831
0.46361723013836065
0.5117102683512768
0.5291224647379495
0.5961225579899831
0.3059416232740056
0.46020873142741436
0.37975850452074034
0.09470813897424722
0.1783948954953563
0.21229910321665466
0.07845158281473338
0.10170165173557007
0.1931926010996915
0.18756210473500642
0.0846150305390458
0.22064350697344856
0.23220327760978773
0.35915611105161344
0.3094693915944673
0.3945518242587429
0.2495344419893454
0.47023818376578286
0.5216563010699106
0.7106534138918685
0.4635984837819494
0.41955779327224235
0.5078253937384428
0.20091068081890573
0.3187031870587018
0.574864506946043
0.3843764533156215
0.2719186865170241
0.2143409328212177
0.2125679728368566
0.08553610126948145
0.16138328644886857
0.18282148429891024
0.16263469728449914
0.25024390243902367
0.3003254120385289
0.20838553436381255
0.14537572484834096
0.37457921945025413
0.1098296065415643
0.185033791238098
0.1269211704010852
0.20174855996026947
0.36698140242175703
0.4974774000264509
0.6149445676274929
0.15118858168254262
0.4209381443715216
0.3273332685758369
0.25040645861575644
0.297655991083667
0.15112334670597996
0.2588138409031494
0.20914801779377667
0.2261909486423072
0.17187508454561198
0.16963538565666278
0.19463414634146342
0.08621399617876407
0.13419675896170163
0.23793572036130917
0.45501008425703604
0.3458360317677477
0.3915581416371636
0.33890007926747745
0.40039246599274836
0.5129553494108844
0.17749132423276828
0.33208690501268856
0.5203464217604973
0.7113968957871379
0.24521827690053494
0.5680266075388011
0.3731509273927644
0.38368731562091657
0.46048780487804764
0.2740049819915529
0.33973392461197277
0.23561969205665204
0.24368070953436752
0.0927641366726681
0.2768957871396888
0.06366933712554446
0.11681126839770806
0.08063043103193959
0.32725696928194464
0.2781945548465766
0.16852354137682038
0.41344724032364455
0.2819333700216287
0.5816407982261624
0.21851910655359372
0.6678097945160568
0.4164773046781569
0.5180031370880732
0.13388826589801958
0.39177441870013197
0.5717073170731689
0.35903625806885037
0.3341219545731986
0.21132779629888251
0.11478162587410788
0.10548799958183483
0.08398288133264556
0.2548558758314851
0.17160322219822496
0.07531871868021854
0.04477728791288294
0.18285767224117086
0.06811836252714502
0.1978255163558439
0.3810952199429589
0.3918792267365204
0.21355228224690526
0.4941463414634134
0.42097433231378223
0.29061276239228634
0.536807095343679
0.34326635033808145
0.380584452601734
0.38919785929621464
0.30610793076097026
0.2850382935769019
0.18819495666310684
0.29043551907925924
0.10668447489190211
0.29786119020768625
0.21809780145739324
0.2318199581193235
0.09461786209914422
0.08807325855052957
0.15996787784688385
0.152036248511237
0.4395565410199543
0.3318796184689838
0.40656319290465515
0.14042481054963826
0.3726068960690471
0.45211388926662915
0.2649553675932482
0.3190396791104687
0.40979447337026614
0.45359169763699936
0.3413347689551535
0.2149307301760866
0.3205553761282725
0.31529933481152905
0.07140620534592318
0.12834707872415005
0.17882605313481473
0.1625562366331563
0.15681515602110538
0.1972505543237248
0.04736059298478005
0.11259174841443496
0.1789023061262566
0.19119508361369766
0.372243053252547
0.5499843464716627
0.18421571579452084
0.3975607336713834
0.3891305422549164
0.17967017244997424
0.25503501953506685
0.41886630215482024
0.3926828555565266
0.5341965710469495
0.6256336511967331
0.5319917224646191
0.4623579080405852
0.5831371035786279
0.4147461704371847
0.7042128603104197
0.31564576336637695
0.2366402947581376
0.06892727623652693
0.22407982261640758
0.13808255914795645
0.15727774389503912
0.25556467970623326
0.10690707959153901
0.3732055640154525
0.37000917321679166
0.4097928151699774
0.631298652730501
0.389125945633008
0.40703817186766184
0.44411551218122636
0.33622900731006455
0.7477763239695061
0.46919459864639557
0.4559128477355419
0.2139882905601103
0.4111235335429621
0.373893819433164
0.3495765197779441
0.269034457667698
0.20418957741596377
0.18691405292994026
0.14096927302725676
0.17989042156537788
0.21784143807818446
0.08849776920544433
0.22382242287980245
0.12282287227882574
0.11375675213066047
0.46101736876542637
0.2552008415200045
0.3814932873078219
0.14450852008248624
0.2418528493192506
0.3087397813614727
0.2670436179354429
0.38885776765108104
0.28604440126882397
0.6958314855875811
0.3338906069216657
0.29069287986032316
0.588046405765763
0.4657268430544006
0.1417947450574622
0.20639256678795054
0.33033841154335986
0.20010327576695636
0.2020829602115817
0.3304656319290461
0.20025375198576098
0.30172949002217236
0.3205480063836733
0.25402578532213027
0.4095661723435872
0.5379404055181656
0.3480918166015877
0.3132790161472024
0.12372465654949605
0.2782606238142999
0.12276709440767296
0.1630387173801124
0.4004919569944664
0.14228934931120982
0.3631022963298624
0.2990957959883539
0.2994881630953756
0.10607207189153232
0.1516800285554911
0.18473051329192994
0.18122921483945797
0.2697854785816677
0.20007318052319523
0.17975964546287423
0.22381412273418294
0.0761161706537759
0.21410058041710722
0.09875270752115724
0.33026822450358445
0.3811314078852186
0.26096606650099885
0.5220399113082027
0.23320727929054047
0.29526941926401545
0.7681596452328141
0.2261957577347473
0.2190720982940611
0.42292806380941933
0.3285350305963885
0.29186367399427593
0.3514753322776031
0.21522323467684085
0.1126086165431501
0.1647652467797953
0.22177383592017683
0.1275436430591608
0.34598669623059825
0.20185397092181917
0.2139246119733919
0.14423063939882902
0.16615982081193523
0.15775129456453166
0.11643716743185009
0.3516186252771608
0.08480546953197528
0.09774808888208637
0.29603837229602903
0.484566547007103
0.222051705059948
0.6000609747825435
0.5475389525876594
0.36944270253514994
0.5326385809312629
0.5235932490611591
0.29032881656246456
0.1550807122966368
0.2021630776796185
0.07955783688784378
0.11937245546557429
0.12977434259272483
0.2065346427113102
0.09734272366475673
0.10055728570878344
0.19343680709534297
0.4828824833702875
0.24222181169803692
0.3707760532150763
0.27307446173736705
0.3586490922562574
0.3356431729047831
0.1698064324133389
0.1535370408388127
0.4499608740642621
0.565143633577525
0.539779543430988
0.438990658901328
0.29127650102729097
0.3700625848621492
0.31933461151689935
0.1865002255869794
0.06595256130525154
0.13247926303596613
0.13389538636301823
0.08123117302243267
0.11125826032644466
0.08775240998411404
0.1231798327138148
0.14289221737727595
0.25425648232069403
0.3518847006651877
0.1028364170540043
0.10741591240873154
0.24608937436597333
0.3751168383294945
0.2389325556366615
0.5674631225833762
0.2528410899363838
0.41657397807933544
0.3136440154941732
0.3127723849555584
0.2908705309501628
0.2879474565650104
0.1306982961907601
0.21764204088085923
0.12762712658268102
0.0814542845070445
0.2032522098071971
0.17002217294900213
0.07288223172320765
0.16332594235033213
0.04599065847695576
0.20168514412416771
0.15363084977897978
0.08468804657416178
0.16311916492299974
0.10956633156813851
0.26634290728493987
0.2385392556873322
0.1360236351183602
0.4543008909470173
0.4288665527121547
0.45628748827892535
0.09319468751798471
0.13001821765755808
0.2155483703089404
0.23378348878485686
0.06746601276151448
0.1795510591952216
0.1373332408777443
0.14024269545231738
0.1561784153760313
0.13854299897475192
0.1062454733083073
0.12438885280573578
0.13268992974229393
0.07859623540679671
0.22856304331589866
0.12137796407580777
0.11114670458413912
0.13444326210235957
0.21880266075387936
0.21897323861692533
0.14661353226686827
0.09225659888700194
0.1565852261602112
0.10579808498996754
0.17725055432372494
0.1092874422123737
0.17404079466992114
0.19686125434636198
0.23992511094764699
0.16368803081613448
0.14174634402509984
0.05903158030355314
0.06258277143362517
0.03769276945813486
0.12814554793438124
0.09339757024982875
0.15447898982339814
0.048065130731661077
0.15872031475356715
0.20513044117446308
0.04163296204254355
0.18765593316036158
0.0834436952448336
0.11972220306971343
0.17449222332633696
0.14692498004125154
0.20807097540923153
0.3172949002217283
0.39255935572189504
0.11859718739163921
0.21066670632707082
0.33897245515199775
0.41810100759632457
0.3908203991130807
0.16110871894274556
0.1643902439024387
0.07520716293791262
0.15308203991130812
0.10237098618940617
0.15064100249859336
0.16483370288248317
0.0728273071020528
0.19744776095980068
0.19673260846572344
0.21133960638545415
0.23836997566843285
0.21902439024390158
0.08214388248820244
0.2865351247133688
0.16859791187169137
0.2579515412559353
0.6095787139689564
0.3147281202713742
0.3901547401177353
0.17504586384906445
0.25025991834481
0.36738933607236146
0.09744394090422782
0.09642134659975683
0.13434516814914882
0.12429335673297146
0.1351153923233198
0.08230230606904418
0.08610590490661393
0.06486966415089664
0.1258196315124342
0.05498003824734517
0.21946984852300996
0.17498891352549883
0.20807095343680623
0.2274501108647449
0.13098503409087628
0.27487245083788636
0.20931294580022763
0.41314729661911265
0.20210132707376913
0.2745358571395614
0.3904529452296855
0.35805090066428086
0.4061955629467626
0.35714140747451034
0.30499484056139975
0.2809183185659793
0.34745011086474376
0.1389260172708752
0.1658984681748739
0.16088706757286195
0.23636363636363544
0.056754429609860366
0.15048731079585878
0.12188537470670803
0.11826767946800049
0.20500469290445922
0.26241547797412823
0.507771618625276
0.45871951219512075
0.16733786669306733
0.21081718254587545
0.2825916411104893
0.12333324669011739
0.3318434305267241
0.4846563192904645
0.3550679608311727
0.32294447324959086
0.2250950286438738
0.18870334304942993
0.17560320330242085
0.10807328095045893
0.04250711072848848
0.11160361393068922
0.08946770532935364
0.07997310376428803
0.13343815159875264
0.060518990200965565
0.13035112049593348
0.270244368370503
0.26478935698447853
0.08198687562436302
0.16545454545454527
0.12182554674456923
0.1427614322167857
0.15814130767740286
0.26117709563027514
0.24084257206208398
0.1398525977574144
0.31605321507760503
0.19802042004822615
0.175915248088387
0.12824136050429646
0.15282393392689608
0.1369526416964454
0.11575007304749299
0.13744180470452522
0.16606646703240266
0.17784065180047137
0.1265505000150477
0.14457755102789285
0.16709998288484496
0.18484753008666643
0.1623098315422692
0.24354532611099106
0.2201773835920174
0.17006651884700585
0.09693153236738944
0.12460663189537058
0.15762348448586233
0.27454124548414394
0.13034353784251235
0.1055140117957523
0.06824883248027115
0.2699543365362608
0.19005907275096576
0.16101323684039742
0.13103653892445646
0.19620205973600788
0.17146932681186236
0.169596341172574
0.055441901881411695
0.1655865656729098
0.0574550532581476
0.21698447893569772
0.16287244971021086
0.11979041535047684
0.27197980611737116
0.13214149528611394
0.16460920169927995
0.2336279312528168
0.23644413544616139
0.1397360748211995
0.08965373299014173
0.3072328159645229
0.2200396269912847
0.22354108873411385
0.4085898004434579
0.1725451258869495
0.20923350516557437
0.20560812880520252
0.27802046442858636
0.1622242831041252
0.06806759543033324
0.10156224364802982
0.10608573425756052
0.21593499188853932
0.20220352786227697
0.06485661369899212
0.06912737498223963
0.16986938036029403
0.1267191286115966
0.2363189116970204
0.12954036463397586
0.31934557577588757
0.29696889255021486
0.32518967257491915
0.4588897888353709
0.36310421286030986
0.2211647247002775
0.19516615213773444
0.12366572630867932
0.1714526037064745
0.07985531886732626
0.32518847006651785
0.09764291435209352
0.3439587553588757
0.18984079764445208
0.13658228805881906
0.1456859094479212
0.17725661025104528
0.12419382481450707
0.0879956857271258
0.05895720980868252
0.30820399113082014
0.11749183164298344
0.1855787617959933
0.33800443458979945
0.3064394950600109
0.1191043475352949
0.0965738593039513
0.11457839514923689
0.447538802660753
0.2756040900467186
0.2159161392331221
0.07858205276785951
0.12065183223788946
0.1824274747198774
0.22327960374589786
0.12964141112784072
0.17076650911994629
0.1414733048373789
0.09916382819252806
0.11455368986353986
0.1631352437093206
0.11834223661272536
0.1756713546168859
0.14814326213740506
0.2084396582887557
0.3317960088691786
0.19473914081871366
0.23866993728173685
0.13546089857118812
0.3382705099778263
0.4566740576496668
0.2845527938815413
0.35745270907230425
0.3616400502161411
0.22973149346446478
0.40823252865788273
0.2357661396237531
0.4484257206208411
0.42165860661113713
0.4076274944567617
0.2506499743272674
0.24463048967946102
0.16765981008458256
0.1707172337769083
0.1757427937915739
0.19834611152856893
0.12428889874781314
0.15623111447167834
0.2745214004536741
0.0829602870281746
0.19544248624527896
0.21437476795870866
0.10408150757143055
0.14861084137521316
0.2623402459480072
0.33519813211747385
0.3270666221483673
0.31524324502225
0.23339441946957873
0.1835224134497139
0.06437387487242549
0.1276586445454048
0.16068053731923834
0.2870066518846998
0.19795341109724301
0.07072634062195789
0.11138249715949831
0.11312586486801357
0.13246088048757051
0.10468682490146645
0.1116837504433505
0.16791910044800593
0.30533582306782603
0.1884360451252774
0.07719657367570161
0.31545029268281893
0.2792557748544597
0.18843628482264016
0.3026169571101625
0.28626790962707604
0.5317516629711739
0.27087715943254526
0.23356912515005854
0.456929077919438
0.28342835138959005
0.18442023465541563
0.2973410083587804
0.21725756471073193
0.14186171896570396
0.14987307687424242
0.1800350127448697
0.15430614666023545
0.14314855875831473
0.14940133037694023
0.270244368370503
0.12087064678847205
0.10896850485093199
0.06382590106929582
0.14259766622418496
0.15104813307211662
0.08038253812099995
0.13956462932016972
0.2665188470066509
0.40372505543237164
0.24908520812652565
0.28771053035525684
0.1796419303599783
0.2657763473008669
0.543503325942349
0.3055709844457644
0.19770320529223398
0.1708905593225729
0.05888108984581608
0.17028982891145356
0.15847974567253162
0.08814252268540326
0.0956335510133039
0.1564814179928619
0.13093749291045692
0.08501422145697704
0.194738858974871
0.2651128649987759
0.24067658888948446
0.41810268992549876
0.16861650449540866
0.2767633098878904
0.17222347349663394
0.35140143459607137
0.31630101192821647
0.552280265561746
0.49865915764502855
0.32909448524638557
0.6132408695426241
0.5539216923778232
0.31990140958083296
0.09212483390235028
0.2788889062362289
0.260842687812064
0.19552345203226687
0.09166163492803683
0.17503393771403516
0.07552905586470839
0.16378450703395492
0.095844975264509
0.2755711803119956
0.18320194357756653
0.18629981900832482
0.2283306692839785
0.20109781813015157
0.38485761062628565
0.36735610320614037
0.3946784922394671
0.14697440219656932
0.44303723249378546
0.5935871941040081
0.2638851084246708
0.29818849918374357
0.36634940230277635
0.3334221961466365
0.318377583747726
0.137828458482429
0.31536906001566894
0.21897299360510997
0.20692469869376856
0.19114845567669783
0.1599830179875485
0.06941001506309358
0.21621302763335898
0.26554712030589955
0.1640398720654655
0.35983425477611336
0.38653146701561686
0.1872896177125388
0.30992107218916404
0.2298791996450809
0.6066518847006636
0.47266983954214586
0.5579682659702806
0.5085491525836477
0.17385121254054928
0.14162513411839894
0.31990140958083296
0.16777983642811423
0.29826497433283106
0.21940338279056792
0.171514822566211
0.15938034974794765
0.17337643136897848
0.15510741811931605
0.11577640274860633
0.10765117121882942
0.2031213074399475
0.06484356670367951
0.2657229356555084
0.32043022436768076
0.11910602020883083
0.3633016935271876
0.14298202163091053
0.5806624518908668
0.6230155210643
0.7088595719900574
0.4870607940186102
0.5621791534556692
0.5217311458408718
0.57770829923635
0.29868864235178594
0.5402217294900209
0.2986050085967426
0.24229680751989294
0.221892232249928
0.17134455830811468
0.2238233539979519
0.13291866695751267
0.1704895559061225
0.1685404469268254
0.19850437997260234
0.1116953268712675
0.4868288717053572
0.3272108008112596
0.4337812580911206
0.5589112172635261
0.3902751210927789
0.3608223702152346
0.49736707842522304
0.4059819163653314
0.701183597340447
0.37222432682744355
0.4900107589167672
0.5717494409716705
0.44167779743658436
0.3220265610112632
0.3250098620027686
0.1287868907307893
0.3773325581832668
0.3464200733171747
0.2139771831407824
0.2174720426544353
0.2616506141432228
0.1751039721180713
0.16474136434776981
0.23981749335884361
0.2404065542421951
0.17954896724139005
0.1728465939014784
0.509634790851456
0.36835706426734166
0.15888630891698402
0.2973117739942944
0.5178494537445388
0.5856628014114182
0.2542337506615491
0.20716019157364637
0.18076612005623335
0.37422869320006474
0.2691840061842022
0.6981382378327219
0.33423777720977826
0.28498880219474726
0.3787509448033034
0.21772234617561884
0.09433897274337939
0.20633353596179527
0.1688552348059043
0.21864012575328937
0.16166729297544055
0.34462482271102557
0.44876667196967285
0.4402951929981633
0.10934686771499738
0.3680709534368066
0.3359326680021347
0.348380136593991
0.2303812004854578
0.4285545079261886
0.4849007510295639
0.520620842572061
0.47496674216611223
0.22240496491058376
0.30810190273422605
0.16447034940637198
0.2777935287407393
0.26805833617931696
0.3306670188982358
0.13653944545122362
0.17439402975680246
0.18250719419192094
0.10408150757143055
0.2373835920177374
0.271412451469357
0.3572062084257196
0.43507760532150663
0.35645572308567636
0.22667842725498885
0.2546059071061046
0.2750034974078287
0.18989901677506132
0.583192904656318
0.48127836861148265
0.3522930342021181
0.3288420593808453
0.7720620842572041
0.9956097560975562
0.8378910371598578
0.28086017387888973
0.2714725444853734
0.28762171025224414
0.3106431061011462
0.3261037708478266
0.2958364279777505
0.13221825049800526
0.15694004494805316
0.28605520745855834
0.1894605703255115
0.39942407519612644
0.11579208339942781
0.33701830626994306
0.3432499388924881
0.347657561294464
0.39364449749623176
0.24155416613106298
0.44283813747228323
0.43168596322282343
0.30926758089851103
0.2789528144208028
0.29010070786656406
0.35963161582592723
0.28523769077422717
0.19302968632341913
0.21066670632707082
0.2106968015708319
0.11634537620801769
0.16835770027522218
0.09222920986485089
0.10155291074582902
0.1979924166954891
0.27867125358366224
0.14388274335784407
0.17219914463384156
0.355692050403105
0.19587329086549018
0.11302612039315436
0.5000647180699632
0.42789356984478844
0.33261263404668356
0.42647489953734385
0.5554007134214073
0.6874501108647434
0.4831189480954958
0.2167497331284166
0.6129729764321524
0.4317797410731928
0.1269211704010852
0.1720189546357401
0.379024390243902
0.33548715051180056
0.18806240330513524
0.4087804878048776
0.08373561591634111
0.30007220464480266
0.2357661396237531
0.15753530075968714
0.2320711616551637
0.5330483894938539
0.40888755959884954
0.38752845300224475
0.3302648233502535
0.5029014913100366
0.5365410199556531
0.20974338815886073
0.3593071152626995
0.6996824213324814
0.1571380115450938
0.14259061177153184
0.3991530031308356
0.35945483047131355
0.2044330726073292
0.2923623855207638
0.17621620195293144
0.20085944343928994
0.18391068166661645
0.10337134386182152
0.12777338357519505
0.20240004929726013
0.15676616587151243
0.3048834135428192
0.19730441809718188
0.2312047631008986
0.32177383592017683
0.25622777487641163
0.1016230464899313
0.3608407893715457
0.26882081108626676
0.42330497157386526
0.45313280784816407
0.4811326620072687
0.15749028041853447
0.44761629392180724
0.4487802749641826
0.24462315025318052
0.5351489282891035
0.09930068132428681
0.09294452596455532
0.10712035821282527
0.11604725994245545
0.10554141122719334
0.2118819306813503
0.06874461830215041
0.268299098129405
0.3391536767469019
0.17521690259656209
0.18560546761867164
0.18950974996308076
0.11047737013030302
0.1284159221420246
0.17300031931420992
0.1662924265307019
0.1269211704010852
0.32247053689922384
0.1488401225262725
0.27314715436025594
0.35125927472671187
0.3900980377635961
0.4218580038084633
0.2600904327301118
0.2333284248791111
0.28270509977826985
0.2037507028005115
0.15273336208712643
0.23813747228381335
0.06361714914429406
0.2290909090909089
0.15875650269582778
0.3484642187401684
0.29158516822242403
0.2762120179494762
0.6629268292682914
0.5722772839312384
0.36911545883746694
0.7762114050906664
0.20140646664078504
0.5479216337628271
0.3967951133637743
0.2047073564548757
0.3003266509112738
0.6610199556541005
0.6487361419068717
0.29866569454582714
0.3607427628281763
0.45250554323724973
0.24961932458010425
0.18280222226293205
0.1433863141105518
0.2970685623906075
0.25092927998588715
0.2062225979253441
0.13721451692442221
0.2811497672153568
0.3703112131493964
0.3485109859602401
0.4940991508151038
0.3523852091976679
0.20650827163198857
0.30167185712635036
0.27663580082596584
0.4696471146538518
0.4169395070650346
0.591943813127174
0.36568282994280243
0.32471145430837167
0.49041899351124973
0.505321507760531
0.23425120322119167
0.2594210012199074
0.31471496063400395
0.22783169935349654
0.2567279782266248
0.1724127912152728
0.1607690525272522
0.06492184867555524
0.24640369885021451
0.2522042217506249
0.37280818116535575
0.11122563504001384
0.13854604322462274
0.37024736256736196
0.2745934460956869
0.5927716186252763
0.4429718929183077
0.26334592233685933
0.4161570307272483
0.5459277218247234
0.7313221251379025
0.2465567831198169
0.19334342353759054
0.45200046604661087
0.279930542693007
0.2450135953512518
0.18144541486059093
0.44064624338237546
0.2900183465439549
0.324058510225792
0.15312884893860293
0.1484063225143184
0.19762099749495005
0.4153369761495413
0.37386865918563
0.12737781523702651
0.435485697160152
0.309619867813272
0.40000241001029085
0.5822894247785562
0.683264537816257
0.29536121048784786
0.45861355384880986
0.5378739397857235
0.48062698158428074
0.24097899600452066
0.6767627494456749
0.16525324262953853
0.3721524128628167
0.40935698447893504
0.20066755160959693
0.26317077136415695
0.09358609737736247
0.15695892942443934
0.2958964682923518
0.19844803736010055
0.21109686700937916
0.2659302970336127
0.28127014819040036
0.4915770076635783
0.627756098167296
0.6293126385809293
0.4350568438091621
0.37396163497327495
0.5671460617469887
0.15255851619036745
0.26710163232782475
0.5611387772385984
0.41540138920569925
0.23654598381700995
0.14564360867468337
0.44471741705644685
0.22084318451830048
0.29863510384050374
0.2555697149563489
0.41062292650059684
0.23435166316698625
0.18317452886633262
0.27662770275894477
0.11896142608725073
0.29990533563068
0.34414639332235997
0.38204660783221206
0.37470437121084593
0.1251076380526323
0.142394906841843
0.35003321785294
0.2830841343002174
0.4848342852971219
0.6254723940265975
0.43006483146241614
0.26319718134711734
0.49513706413170444
0.23008371850597475
0.3386015875551252
0.31874502475924277
0.26748551995231884
0.3689360713435059
0.2937295791074586
0.4621854518642795
0.32218624150999525
0.44354767184035365
0.11003835846656644
0.2989124030698732
0.12428567734793795
0.24837604675961691
0.15387255388730908
0.33884163196093575
0.20124655911989262
0.1669431683608198
0.24150075448570538
0.31368302109241936
0.24340009964261122
0.3997764405826694
0.5655190888592994
0.5298276626326897
0.207568051183895
0.43183071499186404
0.24531204569303852
0.3206971590319576
0.2529308465922938
0.18335296960592828
0.35612111198380847
0.27533429664039016
0.268780487804877
0.16765667033052736
0.2415444264258669
0.30417262869252953
0.24058479766565113
0.3201969559994611
0.2121777611842231
0.27491670076591834
0.3359833013479174
0.346305969957943
0.4520898765099018
0.24460066370833441
0.6088248337028813
0.42279379157427877
0.5259193648685802
0.44438426238032647
0.6866242758583065
0.46050009288946764
0.4972062084257192
0.14248623580903125
0.38152947525008163
0.16393116331855964
0.36856389782420673
0.3506430155210635
0.24617909396506293
0.13819897209332593
0.21006480145185036
0.35436205251375746
0.10100983771023907
0.38168514412416793
0.15619862788258554
0.204128415796129
0.1796605229836956
0.2594203615032776
0.2186007995577065
0.4719733924611967
0.476347518249268
0.4810463164658383
0.22924705043868035
0.6019382511914154
0.7934568219987952
0.3172384676031945
0.42003931717241827
0.41296693488858116
0.6907760532150761
0.22345779246952158
0.1198563905196205
0.10031834695867002
0.1076884765726549
0.1966423227344401
0.2225277161862519
0.16459088812896425
0.06936907909056904
0.10968608959312573
0.19626109086757093
0.19239440515345496
0.17642540645682434
0.2083117561326012
0.11733162884631591
0.3613747228381366
0.11168227987595514
0.3483935900572226
0.5226262621228948
0.33820253840616743
0.3203054755643991
0.1841322448468876
0.17766093517183157
0.3928934072999866
0.28802925153678477
0.10218406728837412
0.16968879730202036
0.29627494456762654
0.27593305973459903
0.08577094718510847
0.1743115340584025
0.27770626890535255
0.3198069000170036
0.29297758053918876
0.22973048544742786
0.37922023644701225
0.4510613450473912
0.5450252242880347
0.3371570158545963
0.16145656699356858
0.6017294900221715
0.48169769942652374
0.4383974158666348
0.5155696133821414
0.3466972081268365
0.375664319761373
0.420675377080545
0.3025474855294349
0.39577020382503436
0.13716306172148557
0.25785604854433497
0.23370265426345296
0.4118847006651871
0.23477900275823008
0.27498024224434947
0.3583834366820627
0.37228477050607783
0.218961040144675
0.2494791267205084
0.33810052559426607
0.23486328231092332
0.3852021523667797
0.24307996248461541
0.3337613914665182
0.1633195350044302
0.1707360635992216
0.4422454729104513
0.24751454807555381
0.43038777104373926
0.5343563004720248
0.3588118939622399
0.19672855155650282
0.11627482222599474
0.35485587583148515
0.15756435380577877
0.10691382795920168
0.057941706183308045
0.19132161083388416
0.16624612653582002
0.12049667192740256
0.1422301220145342
0.11632701020724505
0.16139191930394153
0.3602217294900217
0.22562282818091214
0.3986083574838153
0.2958201666070117
0.5905543237250539
0.6956984478935682
0.5250933635844502
0.3323005515941207
0.4436941787685726
0.23721147018979735
0.3926385809312633
0.5988094571766295
0.17192599151715182
0.15572381123226953
0.21471754865341758
0.09855700259146745
0.08505336244291492
0.1560613985812948
0.07693813135847044
0.18439024390243852
0.1336893483308014
0.054118936556712856
0.2719290465631921
0.09780027686333666
0.6323084117616113
0.27744679181156584
0.37220133599901695
0.4147465261471894
0.4613093895401399
0.5759672890145402
0.2531899910365402
0.528863718612231
0.5402053811497123
0.7313082039911295
0.5289159122125351
0.5167516194821583
0.36067629709573423
0.26676696510090714
0.37570321654617717
0.20217017049164362
0.140839124661233
0.10445336004578361
0.10642417815985458
0.09791828802359163
0.37267336180148924
0.32399113082039827
0.24556447155857875
0.37040749409720586
0.2301507798471529
0.34319290465631846
0.09893536545553375
0.3119372015828696
0.32990406210819245
0.5225503177228968
0.2845229207512678
0.18824204837036027
0.3367361046304629
0.6601755371199772
0.36373111609556863
0.25194273115317345
0.10860318898217894
0.2837858432050785
0.14217779356890425
0.2537660532259606
0.196130703590503
0.21640798226164026
0.18330561201296552
0.15063962042513315
0.16028211378353677
0.17760532150776018
0.2958184570958604
0.31563330100470743
0.18454625551575404
0.3259314899317391
0.11697935997287522
0.2652422308472874
0.23007470253680143
0.3105897792034191
0.27474950372099266
0.14955770726846626
0.1628265015013925
0.3261146200076603
0.34453035057604364
0.6631731813744478
0.5930479977613905
0.3496766372591768
0.18870334304942993
0.09389274977415533
0.10921563960870541
0.12445033343308645
0.14239544652413824
0.17683208116155893
0.14256116969590463
0.11689612355101392
0.29318885781227183
0.27307421229603723
0.13907282540805582
0.2529122990255216
0.21405713397798481
0.1621276788179479
0.3315901149309016
0.28295548184101726
0.3079982529562799
0.5164341207738908
0.31835491205795347
0.4374888377742304
0.1866699421252514
0.4417977235410205
0.19122981029694822
0.31485644022768755
0.09577799258988165
0.1585791750675793
0.18017976451391032
0.05702841651142525
0.14516782049150223
0.1655340620089773
0.1154759772637611
0.09521044692052529
0.3359490426810226
0.14408927361146764
0.3026397611226814
0.35206286037654017
0.3114705702704969
0.43865695787184134
0.23633084007510713
0.48160212154042525
0.5117960088691788
0.5116199754711904
0.5599706941397443
0.3968429565523844
0.20990358109955334
0.2903520845721984
0.21076235258223838
0.1771341141912591
0.12579987226279066
0.06493489567086787
0.15062669502385576
0.1792173211669781
0.17211301415818758
0.15441394962459465
0.06791885444059201
0.09288874809340164
0.2113889921773348
0.41113082039911203
0.5416407982261627
0.34738385797675775
0.4244589201103837
0.28436995829778505
0.19824609567279272
0.31647658502189974
0.2642007037628086
0.3273158711447458
0.3746175782783689
0.2529766128830737
0.11403073903222526
0.23725452867975305
0.4443721846067613
0.5236807095343669
0.28875844381337684
0.19847813260386168
0.1990800374790821
0.13937864093057264
0.30119733924611863
0.20709534368070895
0.11666664549143155
0.1115502213299561
0.17927506595740325
0.18460857185725604
0.26487804878048693
0.24133738693377557
0.2094623299765822
0.21723621738843246
0.17683965233969562
0.08548391328823106
0.16897225160064172
0.1994123779436868
0.16132819599808806
0.15839462327322437
0.20362641495575218
0.09902669442272202
0.13687889580937285
0.12043008566857462
0.17997183030594668
0.07031730290016949
0.1302042162524706
0.10273729984590403
0.1403811480864979
0.07382309176749338
0.046747384205087276
0.19432924993767767
0.3845232815964515
0.16071414104440915
0.08706397580536829
0.3587310716261087
0.26675928640276697
0.24041653209620414
0.16327939985907342
0.17573747937927095
0.3767657463545651
0.7389377117855389
0.3929648650043287
0.2944532611572585
0.16568292390017852
0.3692239467849215
0.2562690884377895
0.20391905463665094
0.32001305183237544
0.08757125771015291
0.15756230060123855
0.1643902439024387
0.13357864580462392
0.1139554982715633
0.19666622635513237
0.23083513041842044
0.18520676344923354
0.1818933582662988
0.1289584381056516
0.23471499350014496
0.1958745135061513
0.10004001175532991
0.18240727243548252
0.1472349872201064
0.4713826548000361
0.24054125220404943
0.07306317375062486
0.35374722838137396
0.340088691796008
0.19463793524635298
0.11728623625230324
0.14096927302725676
0.2359201773835919
0.11040189446484663
0.22022172949002203
0.18426510884416694
0.15003520861110092
0.10233671250571985
0.16505543237250542
0.17500384247027406
0.12610489468998115
0.14450233411871483
0.2852709236404482
0.2790453204515762
0.36719526557535814
0.3411819678556812
0.18388193937977165
0.1397980338972862
0.37870535336810457
0.327616823582356
0.3272179636836985
0.3733380191259078
0.36271174527473843
0.13768494153399044
0.5059026092475355
0.17718000980317578
0.1708501652417924
0.14513983107248116
0.14501261714667463
0.21074724732185252
0.3150776053215068
0.20240004929726013
0.30696230598669594
0.19099778270509926
0.11258193603087462
0.12228885795118784
0.4339762860823493
0.317368253622614
0.4116555138786379
0.2603539537764983
0.4158861735333992
0.2647258895336659
0.4867151969402068
0.20851627499349598
0.12915220659954235
0.3287753830004999
0.5142350332594224
0.4003547671840343
0.17073167632892514
0.13843812130064662
0.16375043872774547
0.17337690567270958
0.08009702297565575
0.159290465631929
0.1835213397463106
0.1287773566060969
0.10837222843116096
0.201773835920177
0.18539360846210737
0.08362962148201014
0.36836334867421217
0.10474127836964545
0.233809948779288
0.22245950291561656
0.34607538802660665
0.3225720620842565
0.35612111198380847
0.14172951008089957
0.5062926652299929
0.3541307333358061
0.5588470066518836
0.13349685603864184
0.2926829268292679
0.21676577413904818
0.19202456016388741
0.3660310421286018
0.21012315774992116
0.10845234589919779
0.12217411892139755
0.053127364912954333
0.14117321570650324
0.19618625277161822
0.1289581195159286
0.23702882483370216
0.514288812870374
0.09936591630084946
0.3691531989970677
0.42069485349073016
0.27416579020236953
0.14730935771497738
0.2596602675220391
0.3341552007792115
0.20786122636927443
0.2538326321954504
0.23955654101995513
0.2595230342131673
0.20900149566341739
0.22993348115299325
0.3437563373399016
0.11755903143271884
0.08273717554356265
0.08389717858313829
0.13408993567098557
0.18425720620842553
0.09182896854149607
0.12245754686354988
0.2164456576969052
0.21616902547801412
0.19743645821853475
0.10204055033993557
0.10022701799148176
0.09233358582735242
0.142394906841843
0.21509070715993903
0.26238470782064055
0.21658547368695732
0.6315299334811517
0.5405764966740562
0.2495497612662958
0.11540067354004917
0.324216061037362
0.21629451691037996
0.2613303769401329
0.17638331526733664
0.07013137666299295
0.0945653181061467
0.19171251537792128
0.13004020552249207
0.2704656319290457
0.12676116672137458
0.28548197356073296
0.16612574556077556
0.2690606166992673
0.43396895787139633
0.1950059172016608
0.28651884700665164
0.19968957871396847
0.2128636591216248
0.0798345643178702
0.11133001100251445
0.09470813897424722
0.30149415199779955
0.30507771190812133
0.10158390550399334
0.27818792668877546
0.3169844789356977
0.21685128015303798
0.20157794271124543
0.12940954817234349
0.10543458793647724
0.13454676932370374
0.09371073178041982
0.10250784921522905
0.239955654101995
0.16288192811349902
0.09463645472286149
0.08047386708818821
0.2680440883218589
0.25064227703824055
0.2536409014653688
0.349924322613736
0.08404874380384376
0.21092900190423114
0.22977638105934453
0.5121210043402747
0.265589406542114
0.4582479923203796
0.2138602280129967
0.35955654101995493
0.19700691415105118
0.21105929210781862
0.06039454130207903
0.1882926829268287
0.1385274429723335
0.14033684087656298
0.12322746794720184
0.22472786374854328
0.1446506125233521
0.17024879395603448
0.09255408086648403
0.18318046025237378
0.23215371654807382
0.20760571528213903
0.1758578423408568
0.1162782687302113
0.22083889871829263
0.3145801498520716
0.15661613173258981
0.40613531455483115
0.18872478719692629
0.45738751467983196
0.49002092614638665
0.17605556731122451
0.07935182549130365
0.23453439934840564
0.1589630775456551
0.2270793376832273
0.05079195275199685
0.26441895050802144
0.23372154468860692
0.19807351976275864
0.17057148112871756
0.06545677548337228
0.3773678618901497
0.3257283155660522
0.31776632098747704
0.4363166219770957
0.24942938029125228
0.16127241812693527
0.4165853658536579
0.37968549657410555
0.27470938505050035
0.11009054644781674
0.21608385020405305
0.37716568916914495
0.2140800817839436
0.36316876206230353
0.16533894192875032
0.16603027909014298
0.1862231508713766
0.18838137472283792
0.13888014793725917
0.2269140105564978
0.11354935471029122
0.14426387226504914
0.09188301505658818
0.2877833038572333
0.09993318846461476
0.2316629711751656
0.10837640365020827
0.11665012120456437
0.14775332321824725
0.20700270989025987
0.22588141944120846
0.17573429802780974
0.2012283738858548
0.4368630789712734
0.15679159581098098
0.31842779619821704
0.2258347091826202
0.37724912367620583
0.20896826279719638
0.19237510105562292
0.17991079871219998
0.08177035911024463
0.09892306624244006
0.059520392616133996
0.13693335911259638
0.10847905172187704
0.06617114781113252
0.0774339171803497
0.13982098170324408
0.14858769092069019
0.1861705165696404
0.14158599313246098
0.17366899549157294
0.133441491646868
0.2756984478935693
0.17353443576778854
0.16217214470652014
0.5224799885019838
0.37024390243902344
0.15601070561483932
0.3091174027872714
0.3089002751337096
0.16901125719888785
0.23875831485587545
0.14263546182022363
0.12944426946500417
0.14638801021634568
0.23799693139143605
0.17476718403547659
0.16207668855946736
0.14321533137016637
0.289425031918064
0.22226952681044151
0.20672967070253984
0.22744246624822217
0.07952143643036755
0.15381914333773966
0.11637123184879956
0.2766206306375442
0.14383253707977586
0.25856577517755164
0.5506719173746079
0.2764063227663844
0.3677216647345707
0.3447931004294863
0.30634996862221575
0.09721316207426912
0.2074775363927281
0.18680986130952684
0.14538462855375187
0.16172949002217274
0.24202495783672076
0.2017294900221724
0.1655787645532604
0.11621533317458638
0.1500238807777545
0.2079822616407979
0.1698457849795772
0.41689183405070623
0.2549067146557558
0.15019338999634563
0.19210643015521045
0.3467849590153865
0.4094621447080569
0.34002190547754635
0.5143237250554309
0.12761976919798035
0.09073200374215412
0.14072535982648304
0.121829901832024
0.16771618625277138
0.13862589616543852
0.04799989575509797
0.06542744286242635
0.05071367078012121
0.12670097623385235
0.08850968758073423
0.13223357469307312
0.11256504259175572
0.19099778270509926
0.072619575909996
0.10237016237948
0.10500221827589788
0.13296192923082462
0.35885150386101144
0.37195103247783345
0.3914831640825345
0.46352040397725536
0.3735673331933553
0.3969970430766668
0.5182673838914414
0.4151219512195114
0.15189152763725192
0.1837615584047281
0.2105986696230592
0.18375537333578543
0.26547210166065727
0.19761462997392337
0.10799237483923628
0.18989693807078287
0.04646035030820978
0.16713968957871392
0.055880280923915344
0.14803629623627643
0.31738855292576684
0.13206340626650004
0.2755711803119956
0.2545756669743845
0.18080526104217132
0.35945483047131355
0.1893119019859938
0.5045701814512559
0.547538802660753
0.3963973430466999
0.3992615669576166
0.3509390672930023
0.6308647450110849
0.4213723996786452
0.24502592307932622
0.23218183754192592
0.13412992582561328
0.1178214564987764
0.19244747694014325
0.29093612612162545
0.1521013619681449
0.15932422047078756
0.13112376324509095
0.23553561343313703
0.2364518431619045
0.1712419370001476
0.21391363965835428
0.1730035091187855
0.36509977827050916
0.09470813897424722
0.2591725204917841
0.2217718512748835
0.35667405764966675
0.337560975609755
0.11739686382287857
0.24376307373050915
0.15733015764934247
0.15342903063645033
0.17407088991368225
0.28969457817127525
0.24479913459040317
0.10479364819218255
0.13178924961787838
0.33348772472272364
0.19619624335388666
0.13687316862507418
0.05272290805826342
0.08638132979222295
0.1873087891391849
0.13504783806394094
0.3271111022125965
0.21781258685232302
0.44900279974864576
0.3370809620788756
0.33498007773460564
0.522466883215835
0.15597682896227108
0.2573106015116415
0.273415289568777
0.4847006651884691
0.4429268292682915
0.47216276676495095
0.3321944898632787
0.1925668422967336
0.1609451641206237
0.1254274078741138
0.14898575828555324
0.16878111282247862
0.1677240724567772
0.15484035989252629
0.2203671359109748
0.1667405764966741
0.17258029663925234
0.39614190687361356
0.20407729002182728
0.29327229231933266
0.20464281348185676
0.18002974817836273
0.2136726671902851
0.24905850230384638
0.16703707956965658
0.22900768112841666
0.12406857806790875
0.2667644627399882
0.3705025459417955
0.2171103150213238
0.2575539652167675
0.051613913456691383
0.07795887124812544
0.12256281062278324
0.1666075388026602
0.28314163766598743
0.14352137900425121
0.07046682168341513
0.1838109830679543
0.31029293175977213
0.22342708968173933
0.17749673848597752
0.09595653100681548
0.1106654445156913
0.16309905576706088
0.14529409111789804
0.15303880781870421
0.16983037476204882
0.19155424089743037
0.1024319601993133
0.25529795282464846
0.24037071191918802
0.1628152687470649
0.16530904238267358
0.049696005145737535
0.09686201885653568
0.1788026607538797
0.15593909369696485
0.0912863721016751
0.2633193042844421
0.07388708665395917
0.11969575587791267
0.08998829879344795
0.25197221132414943
0.15745732015475813
0.1465237071680722
0.16708879336112847
0.2566178308588691
0.21689578713968938
0.14803629623627643
0.22988372162036405
0.23742137803060887
0.5576240325214155
0.29291700752591127
0.1739339948786583
0.3236216512593993
0.11513973363379673
0.2854988913525488
0.08834120526169296
0.2175755751484172
0.31734314760642474
0.23797190830356982
0.14255568146021194
0.14416417366638695
0.19890786483336828
0.1438983107366197
0.22392305259661496
0.23329832963534997
0.2168711262464377
0.10279861653491204
0.14503013365575318
0.174678698953733
0.1347575812379595
0.11542746396969003
0.4083322673493851
0.26533120390789094
0.25010389595182736
0.37729084092973586
0.14119238451186877
0.2661952584296357
0.2225277161862519
0.20782182745342084
0.15152955233668552
0.07745687040774878
0.14090593128904974
0.19615915357793753
0.17450327151803274
0.15838784040894402
0.10033377580479894
0.13921247659946845
0.1644380096306907
0.27758660499186905
0.10372408293101364
0.07747546303146642
0.2492457727904203
0.16623079683708317
0.14659603933250392
0.4249911939046725
0.40696230598669497
0.2477741418843965
0.1016230464899313
0.16355713323889862
0.39339912031145235
0.5730376940133024
0.35476084690840887
0.10663309268997424
0.22368791343047822
0.09070271141327568
0.08089650579551488
0.03921926790971043
0.044203220119128035
0.2755711803119956
0.18181546660672984
0.17829432727528022
0.09171741279918962
0.16576460263564405
0.23703702053949693
0.10370113512505486
0.12314054837261817
0.08297926634481072
0.12139966030505112
0.2123281596452325
0.13655384730179404
0.22075033026416466
0.3010836796054898
0.41037789914366357
0.22692297247397358
0.5215044359128268
0.16484220188072507
0.2475979009448028
0.12565346718133003
0.13166861596731758
0.15347777573866675
0.12727278586531168
0.14059015568116914
0.16960867983398353
0.05393627862233625
0.15878663480359537
0.17265267252377356
0.2121253850881852
0.12445708399737598
0.15282393392689608
0.11758211737426678
0.1603991130820393
0.13506745399941372
0.1543585052502211
0.26230598669623023
0.09725801466705128
0.18058477295503017
0.30873614190687293
0.08202645953038902
0.4099778270509971
0.287515311332125
0.10259409767401821
0.11307245322265598
0.08756839256426263
0.14214623719836078
0.10515278170096963
0.14192209651072143
0.19849069229806302
0.1560613985812948
0.08171713701711031
0.1705843023120242
0.3505099778270505
0.28053215077605304
0.20618251500668036
0.2749889135254979
0.28494385735740707
0.17895571777161418
0.08947629385389023
0.22216308944377708
0.3424390243902434
0.12406857806790875
0.1395506618636936
0.2468728577230172
0.35126206580199587
0.32501912225603435
0.17034561850115124
0.1496815056673919
0.13690964984262527
0.08201545849456676
0.11862407472918199
0.09654154898438835
0.24043050758687826
0.18881228947898965
0.1378760600116489
0.15021255531859554
0.13178480390281283
0.1385636309145941
0.233693515265567
0.24825566578457248
0.11270668788498277
0.1868745338320612
0.08690603577730575
0.24347294425004737
0.3908751000207827
0.23341871061039443
0.32501743164067853
0.319107875190721
0.19770320529223398
0.21877940328564122
0.2216854852610145
0.11717655703877125
0.05655876134910514
0.04912193735198263
0.1185878867869223
0.1307108474441146
0.13254988913525456
0.08666039459317854
0.07398372640920077
0.21113730330431085
0.08188191485255056
0.12123325887711109
0.11568962384519235
0.2423027763026741
0.15118858168254262
0.28031042128603073
0.08475328155072478
0.29627068328487327
0.5629743363939395
0.47005646445967936
0.2245059313906785
0.3141019955654095
0.24776356005708094
0.21698814304117509
0.1808311474745949
0.1644380096306907
0.10510095128850513
0.08835425225700558
0.10207350420992316
0.1511416095409595
0.13136952017132927
0.15654101995565378
0.08214221158459771
0.10273729984590403
0.23403358947457306
0.08561903221979913
0.08716221998836451
0.1615117298337109
0.22766713833801097
0.1724662028606304
0.32713995248720723
0.19588247165909994
0.17564451626068267
0.20650827163198857
0.4283456044504575
0.1141220679994135
0.4179697584606147
0.26890100300462544
0.1283011831122334
0.105701646163267
0.1897596661215007
0.21835333897977616
0.1990065622498788
0.06493489567086787
0.1299666533548791
0.07549828160244115
0.04909584336135738
0.09789534021763376
0.15804878048780482
0.10540158385538362
0.07889518065536225
0.1506014668934751
0.3371141949450957
0.31410956795568873
0.5323970065331692
0.8791130820399093
0.6055028225453124
0.3102543365547123
0.6802609386086537
0.3073573132119853
0.18725047672660175
0.47888560224357546
0.5186184342756538
0.3493583945806972
0.22887432880248174
0.1859698352755542
0.18032451628295182
0.05394932561764887
0.20076181417093816
0.17370288248337
0.15646941507594228
0.19194746470772278
0.4771202286281943
0.34012076803407093
0.1968029220513729
0.3748065147150977
0.2629455300968984
0.38688580924174826
0.37664410304494483
0.21022485038296812
0.19719579466133466
0.13958980284963157
0.29619738909586174
0.3922772941013835
0.3512716851785104
0.3901246448739742
0.19078639721838767
0.18357835300440806
0.17645232815964526
0.06704500112586226
0.12481791438643931
0.1361233982699838
0.09688616219269819
0.12760042076000178
0.21175166297117506
0.1607106515778825
0.09683974114355703
0.11944802248744947
0.062173733711836786
0.11561259320043893
0.14483370288248337
0.11422136120133056
0.07297604809179403
0.12965031012243147
0.08269185629133219
0.2973786810256911
0.4152535989243843
0.3545132205020896
0.3705986696230587
0.1177726780141501
0.09790354594101458
0.054494980116445435
0.057190910555505375
0.12080033776712573
0.11674375554956604
0.11666992584712726
0.1881411118111707
0.04931764228167177
0.05562913016322233
0.15879179045849776
0.11002821119025276
0.18192894264645973
0.13038515596377184
0.1290692410073441
0.11653576213224624
0.1056287508255435
0.2035033259423503
0.054105889561400236
0.08660698294782058
0.3107935388021374
0.20611553943610186
0.33165216556738164
0.4373835920177374
0.3083813747228377
0.1343658296124016
0.10794863176240133
0.09814058990465382
0.15902617045822176
0.11333868800396432
0.03920622091439781
0.18618696292911602
0.12101247891836038
0.13812937560747043
0.12422445393382973
0.19975744127671904
0.14817968454029434
0.101626104903599
0.09803313558308525
0.13095045883220316
0.08122112504394866
0.07054155551547238
0.11496383116705901
0.14926829268292632
0.1371440258189233
0.16270811301766494
0.10458350841180647
0.2887700606274391
0.07006236482872412
0.22758314855875783
0.15481272785164163
0.10148212617999298
0.10545373413857986
0.1378338056647331
0.04613417542539452
0.1725360324818709
0.11469313417902806
0.22338816757267876
0.1473360237197429
0.1258162846973686
0.18564414379521232
0.05763713352472907
0.08465792069972145
0.06343449120991754
0.17946762468816074
0.1995565410199555
0.15086753128308764
0.27179600886917915
0.14996459966111308
0.1812654027817186
0.17717317574398347
0.04626464537852064
0.200910293002832
0.2016194863128499
0.13167451058808718
0.18751905461954474
0.05051796585043206
0.11004753241349666
0.09517892885673816
0.03611408302530881
0.11951993136484872
0.07609492455735413
0.06879270775532176
0.07943010746317929
0.0599798041131535
0.16441031666639846
0.4048391041927655
0.26260610887777536
0.15760532150776035
0.1027602750807693
0.14176875584711568
0.2927604528856269
0.20461475732225534
0.2492457727904203
0.1408999204541167
0.3189284032405832
0.2718385690489873
0.18846358433888452
0.042233123826923694
0.12247757849169288
0.1597782705099772
0.11029988298726098
0.11533955401271892
0.13416268735405004
0.05387104364577323
0.20277731160123394
0.1918015062713245
0.13067159036808082
0.08862442661052525
0.34222936995542264
0.3287804878048774
0.08999817366639466
0.21909337458015352
0.3791895456531115
0.42983389170148556
0.36497538278559666
0.43093922896994397
0.4837242241930988
0.23861128635324766
0.4843756071537843
0.37823702358837535
0.2150498773156269
0.18048780487804839
0.0916543834341413
0.12119039374958318
0.04276805063474073
0.09773785955574954
0.16950185654326744
0.14968082945906103
0.19175166297117432
0.06687889797244696
0.3737865916331754
0.09253548824276676
0.16194266664693868
0.20242060953655389
0.1110951650868876
0.39539612896196846
0.32518599127015607
0.431324083800221
0.40004141560853695
0.4983148558758304
0.4801238708823895
0.46718403547671766
0.33451201055565605
0.10324087390869531
0.2942350332594227
0.23706720974706275
0.14728806309115386
0.15104847099438887
0.055227931158284796
0.10943582846551717
0.2006259518909655
0.12453411868305946
0.26116837929240677
0.2474515152711148
0.19650144327168143
0.19244169053614274
0.19516629711751626
0.12732228721849825
0.19298325414493067
0.17307235253666003
0.15216203250528473
0.09489079690862373
0.38319290465631806
0.358461447878554
0.6671907579937614
0.39274293108118197
0.21518157646993702
0.1468631347457533
0.48074962968534746
0.22447380584048707
0.09353948992352044
0.11766585472343402
0.16834816202870947
0.14026607538802652
0.19098158666257511
0.09646143151635153
0.0942236912643231
0.08091509841923254
0.19745366388149083
0.39090909090909004
0.2275200428332362
0.24482480799581735
0.3765600454645877
0.16632309624517205
0.38451043493145903
0.27250519575349225
0.1427471757152837
0.42548655629316073
0.45004427520214574
0.5833740733703484
0.3149404531533505
0.31002789547988013
0.38288095290282176
0.29529933481152926
0.20953436807095263
0.15602239298304868
0.07567197853085397
0.16187323271991294
0.20753995708585965
0.12209902128813929
0.23903986272969838
0.1543062434389477
0.13392740688395754
0.19564917969032702
0.4354446923512368
0.4048345100656986
0.30334960286463275
0.21823363466237597
0.4494225029876714
0.5344959071842655
0.6752771828980139
0.2601293984337045
0.39378435024252
0.6886684212813012
0.4236878768014723
0.16326182886472446
0.42379699181008335
0.08267880929601956
0.11471648833792888
0.18941118508142096
0.18264783275022128
0.15379875460616974
0.15537447634610582
0.07860814675848475
0.24604181942761114
0.21368732980056865
0.09637815437426152
0.1928159645232809
0.1502354568549622
0.1436506201900484
0.29110299513574717
0.27482976602554476
0.17401321258094557
0.22511797644983259
0.5598038251256225
0.3749331967045123
0.17874383578277836
0.38855867185509274
0.18984719869209649
0.35818825249220404
0.35999999999999943
0.1649821262978578
0.17771241440876517
0.12484946826405041
0.17676561542911687
0.25505928808540546
0.21498891352549848
0.16740542089603339
0.20153065044747256
0.16038221584178144
0.38160769088960816
0.2673565174189137
0.31906579365033394
0.13433186373864855
0.24046099765047046
0.18362923674042997
0.3087293101152073
0.35467244772350437
0.24275592815161554
0.3232815964523279
0.2260380831545959
0.2427292223289372
0.20058677188052854
0.1419043387633639
0.12787469074053215
0.09798366340905142
0.15276858242864794
0.1573392461197335
0.07070774799824021
0.04503822781913519
0.1126261836227261
0.1455432372505538
0.19972952598777885
0.10121824351891143
0.12518413549096802
0.12131686975769614
0.17615160639032487
0.32514866120857316
0.2814206244092059
0.09350781540548746
0.1886670831377723
0.2014109000451973
0.15214006155940932
0.2444213884351307
0.07595086788661878
0.17980926397343663
0.15820463521352232
0.3626607538802654
0.050909375709810356
0.1427214839812434
0.13704117784765432
0.0971173516167796
0.13553935672055678
0.07907594095235793
0.08256984193010385
0.10154135244964785
0.09183711944467152
0.13755036853130612
0.21932847893592067
0.19845096832724476
0.13929593689266787
0.35303769401330254
0.11536915397304501
0.14388280742665427
0.13037694013303772
0.07054155551547238
0.10568066203215368
0.31058495253448565
0.23800809624583041
0.1789493744770614
0.2739572039347169
0.15959507766463665
0.0996127185924674
0.09100801713329457
0.08808877848847665
0.138501281721221
0.08927756521571518
0.12231498735139214
0.0795950221352791
0.14199556541019887
0.09163058919104794
0.23768145921207864
0.18581468143423965
0.36648607226534025
0.11674705903412089
0.1937798120849468
0.10680802010782452
0.07832111286160726
0.10053031644135804
0.20098783131356887
0.34622000028963007
0.1965426253193263
0.2959349056368029
0.14637972652909376
0.34495715137323485
0.42501512609945113
0.15921187773791354
0.12687936354767024
0.21494456762749387
0.08844511102488266
0.10225542334968972
0.18993865532431284
0.20875941588131747
0.26231264820275074
0.19473613948031906
0.08387913286477985
0.20352409104317634
0.11092359309952708
0.15126958656683753
0.18510132466130771
0.1489116672578004
0.09881794249771989
0.12975792092551147
0.17844375489058886
0.6107317073170713
0.26277532602722026
0.1601527377822
0.20771788879683858
0.3789556238142381
0.28535171532453346
0.06603084327712717
0.14755817816371797
0.07240032779808568
0.13144886608821846
0.11525859609897623
0.08700757028800478
0.08309400537460172
0.052540250123886814
0.11752192688674457
0.16226673309507414
0.24296128456156402
0.18947781190711904
0.1889292864537688
0.07880276566042038
0.15796008869179556
0.11809373651820389
0.15097609510986856
0.17778066157374087
0.14955906518481316
0.39255935572189504
0.41012231945823063
0.19450560330160846
0.2019902640685988
0.26790785996051236
0.37689578713968885
0.12531428385699175
0.20301435608014393
0.1023931101854388
0.15225183818695046
0.29711751662971086
0.07092346651935652
0.20579353634464145
0.1656372634062072
0.10827701409936386
0.36652235676419176
0.407222914254877
0.16976750300770221
0.19484382799854164
0.3340364300682519
0.26341786459404976
0.16722333892174232
0.6839467849223931
0.3318252741554107
0.28463324973993415
0.1751689590671229
0.4041478617506568
0.4526904002308072
0.28106472737589633
0.2617985254770272
0.4954758201816096
0.47902439024390103
0.20382241252063327
0.10515878221964971
0.33813747228381336
0.17098309670667555
0.331401862046199
0.1920859667569649
0.45304937334110323
0.23670661845871777
0.28909645946126294
0.30821270423076436
0.3517833043224474
0.3772954860056294
0.43803116207012754
0.24409581197725394
0.38079511930806087
0.49724336643697603
0.5083320249300859
0.7540133037693999
0.4702450570261345
0.3683055931472415
0.28065149053303934
0.3296230598669617
0.09249014977110331
0.24573526894830158
0.15462936244407022
0.2582715166072533
0.09906567832150076
0.12935678218631014
0.21507760532150774
0.24896856906995432
0.1615327148589828
0.22519756468569285
0.17288877008899434
0.405321507760531
0.14792291429765975
0.3998073820190622
0.39524470536672623
0.22277681738493688
0.33476259331805847
0.4229134079437832
0.6492239467849208
0.6004781473178488
0.48431009428267846
0.287788434521646
0.18478459461251778
0.09603893249613409
0.2726829268292681
0.08156584024935043
0.21051321373237858
0.10948398222651898
0.14472802724669753
0.2571618625277159
0.092640292653208
0.07967800037411892
0.19476556479755028
0.44736141906873544
0.08595369944671691
0.15079515539856733
0.13066480712592712
0.2567184035476714
0.1376685159099649
0.15165376597952288
0.2010348533586582
0.07662020234045434
0.10738411299204058
0.17786552800067507
0.3039619619862027
0.49320546506529117
0.1412598182496459
0.22277013385280767
0.04454244199725593
0.1497232229209228
0.1548132194374303
0.08217381638311567
0.16882483370288168
0.25314633261499647
0.18488653568491253
0.1493923720660214
0.17045946066236137
0.08335073212624533
0.2859500407396826
0.09094215501230227
0.24145946343446648
0.1744951165060673
0.05524097815359743
0.16257533348833653
0.10372541528502442
0.05745896735674139
0.10638602842216333
0.061516582898963584
0.39592017738359137
0.5070066518846996
0.20725131553946582
0.15598338738480258
0.1305386985158065
0.08538878597042053
0.14834655355441612
0.09160097178878372
0.0381102733081384
0.21600886917960044
0.08258915364352151
0.17281596452328107
0.22968486952596665
0.16517946535396835
0.1524236128002793
0.16325269403639417
0.2933756479040509
0.16106281657672122
0.13472283813747235
0.12344348157763756
0.22440133037693932
0.05617909746139098
0.11566906793607924
0.13032295793801155
0.03643556914418366
0.2606733395510182
0.06700278075262199
0.028390428059925855
0.025812246895304265
0.04106104194724381
0.04133636406942898
0.016955451144628392
0.030334420333522134
0.05117882162972199
0.05752531876320835
0.03298733556466361
0.03900750891656555
0.021860862599954105
0.008980464943349503
0.014688286580808285
0.05072830801182102
0.031288004007239835
0.020859573179859748
0.03282247747889191
0.05471617562194736
0.04522150681826016
0.04957748262767988
0.14798226270147313
0.06972255372894309
0.01965240338073648
0.0824007775076238
0.019230261427266634
0.017332078938596788
0.0138145791954058
0.016221336392808053
0.019064784867330813
0.020024281696583233
0.012159799631658762
0.004383790425189859
0.0130011453049321
0.03789556238150182
0.021364407347107275
0.041543757714822355
0.03281596452329774
0.04463124649758353
0.013963060411960286
0.03112107113374619
0.018541827214217058
0.036419162332116756
0.049758420607878676
0.10175057161860923
0.07509105635487903
0.11801811023775115
0.013960284984494392
0.03423379337822035
0.06703054120386956
0.014938809632940298
0.028169148160305506
0.02887936074598664
0.025470655654482713
0.018907722456693487
0.02239895183290561
0.03991530031308357
0.026740759513043045
0.009221941363956645
0.041540962131736685
0.15165376597952288
0.21423503325942342
0.04422042208142985
0.02836773240073202
0.025470655654482713
0.024716364563768002
0.026430155210642944
0.06433047806308466
0.05348151902608599
0.08467080841019876
0.015317172497005966
0.05606743912676189
0.09843120294794834
0.03543141239944349
0.009667823526645192
0.01098824061713379
0.014181744082160726
0.06645915596099543
0.09190832635553442
0.07427917941091236
0.13088084706376485
0.1324708980044344
0.03858139215450474
0.07072639292127628
0.07365064529347047
0.09600779764947934
0.16880915158765847
0.11397609367771831
0.14100185536900792
0.11627144203355887
0.12404790525912153
0.10524072267037156
0.06410664229001532
0.1252095753574496
0.14886874771963948
0.11010346124394216
0.27998681699824646
0.1041896972637126
0.13543234551296518
0.12840569367055946
0.07955664169673639
0.08009076018223656
0.09767139255904103
0.232638580087745
0.04383790412628924
0.08642004206207296
0.1346473250516289
0.05899439503401429
0.0549040178271821
0.13441241683836383
0.12231524483584824
0.09929980426651323
0.08468940103346329
0.10688204352535073
0.14039451275978823
0.14450086681952432
0.18611105646605858
0.32639838917704583
0.29295863359200347
0.08480220778314645
0.4210222813372763
0.0847547076247245
0.1599743914403115
0.14003046337976957
0.06599274577636668
0.09330486586747204
0.17161202536031
0.1820213185681791
0.1479358662126632
0.16832042202152672
0.17506972504406057
0.16269187824764508
0.09975686329470404
0.07756438713347583
0.19935215358346783
0.10876591911709294
0.1783540731187036
0.19418237250554288
0.0798554350712245
0.24857095343680616
0.14972066519360708
0.31711917270710543
0.29356375579830923
0.41891796008869103
0.2657011712868896
0.22777161862527662
0.12823668698532828
0.13703288095698415
0.1815942350332586
0.13109805842629874
0.12641449981778904
0.24572713847063507
0.23491819808088601
0.13616502276700973
0.08343625819534649
0.17650639907259402
0.12774814098864093
0.12134661795564397
0.13543795076523024
0.26719236017549625
0.1841323412126268
0.2557658870467362
0.2570468924395727
0.19496072953012
0.332057376799293
0.3000342292799421
0.18458391094049748
0.2270494023152535
0.24001314768564835
0.18288944905472987
0.13007676167533483
0.1233103480142401
0.1236486945265522
0.10516216020835986
0.10521760126794319
0.2073537602744712
0.12637813831626907
0.07540649037860847
0.14178534962334502
0.32643750887607104
0.2010457279996924
0.13250935827972726
0.17533761658864241
0.23509135704275846
0.19910605831603448
0.05456253439734164
0.2823615257010726
0.18045124384163574
0.19790171834562725
0.20095914203795298
0.1989897517477988
0.17550481996822828
0.21322206967347526
0.10225542334968972
0.14588523559611802
0.113981752194324
0.12539121993185412
0.05429046125555124
0.11864386904070907
0.08176877729866446
0.09862211380482981
0.06720507285526223
0.10515987974705429
0.23557206185097945
0.08175176648652697
0.15420925603902894
0.20161993733234432
0.16233910897959444
0.19248340778967274
0.14290132474999181
0.1603520143883284
0.08350706588184909
0.14479559812458456
0.059624768578634885
0.3017083024309699
0.10350513623618271
0.2033751892534037
0.14077109539247037
0.21355565039554766
0.29117148338777304
0.06576211008934413
0.06252699356247221
0.054353782472339865
0.10089498184673837
0.09763816095708737
0.17667256870161824
0.1741725660987046
0.13455481784466605
0.19042533063581069
0.09787239241167497
0.1900665188470066
0.07606242362892471
0.18789450990131912
0.15959399632937893
0.4514641177069448
0.16393912576530092
0.15797269621617202
0.2825125957441107
0.3116867466877501
0.09190333903636615
0.15980574437096356
0.11309792605387632
0.0816023979873194
0.05786024500934093
0.14323725055432304
0.11095223097000373
0.03953239579721308
0.15552106430155185
0.11587379111740113
0.19618097339953408
0.16552384068555603
0.22016744071151453
0.10915729384634994
0.1323665061579572
0.08006489498812079
0.13904631226836336
0.13090874157867227
0.05021788495824195
0.15873414968350824
0.09897177884817271
0.21409756411582595
0.463620540749129
0.2754316709007643
0.2573825916270454
0.25081951912300365
0.21868184300681934
0.107076294963831
0.06501840514063796
0.08109754625623929
0.06822382711369533
0.12204851691099027
0.11710265380463752
0.11232708782673781
0.05710669848330088
0.20709534368070895
0.4838137472283801
0.4060757458657732
0.1942128701951048
0.10912535387742298
0.18159109426206135
0.07184958045508917
0.06635707404830905
0.13382894932580655
0.1914404764514104
0.11558280055447626
0.07226730703655557
0.2366402947581376
0.7707760532150763
0.14839652468564446
0.11611825828224291
0.05678052360048562
0.11935713063203249
0.10391917267284217
0.09747849454191207
0.07784747310912649
0.19437903452620897
0.14617259894722642
0.16464263019536202
0.05414503054733802
0.2766688254141985
0.1707904359538188
0.11670935530519722
0.050048274019178045
0.1690383113055386
0.10201624263357251
0.04437283105819194
0.20424474611699373
0.24253680989214896
0.2393474736313138
0.19726047326076065
0.13395392998025618
0.43002144939227344
0.17593679502686493
0.09294452596455532
0.09986476299388942
0.0751999601249847
0.08149792010481544
0.12385852573201968
0.10764125368958656
0.11596219412701099
0.11129544557388017
0.3919290465631919
0.2508647450110857
0.12845643726527475
0.10257706490983036
0.14434169721548953
0.04565143659882787
0.06009135985545952
0.10860500680999345
0.300928190466055
0.04909584336135738
0.18274753134888433
0.26980386031745607
0.09811327535806301
0.2325123711429885
0.22823509406530185
0.11581345313726994
0.1408156455577664
0.08229083216606506
0.06964659108310305
0.10880440400731865
0.10505359638157893
0.07661900526589496
0.23390864054544772
0.15556363841519044
0.11607735518621566
0.04679957218633777
0.24199556541019887
0.20101995565410194
0.15847974567253162
0.16117113195148938
0.07931613277951428
0.11502402165458031
0.14077109539247037
0.05178352439575538
0.08832815826638034
0.3090465631929035
0.1564011507129097
0.40494938002045006
0.35329860079468844
0.19116935706492388
0.2266962305986689
0.05936624753047091
0.08559087325631277
0.1567059342635798
0.053621126801715685
0.03610103602999628
0.1241505465067332
0.0460689404488315
0.07126552670976985
0.24142404545082335
0.14182453371826848
0.15286412901428462
0.17265641345691538
0.22959661465274575
0.20064479737620075
0.13521793021821837
0.1744725476598737
0.16207763783852086
0.23246389921539284
0.16645739275786764
0.200293670092092
0.30420221274432097
0.21311627393369928
0.29978018387008915
0.19367786697699307
0.23299334811529906
0.0922501799519187
0.08305510853152089
0.12673017379548393
0.09371073178041982
0.09663582771660362
0.10057830464929585
0.17365292339013277
0.09742534828050961
0.06188189876771672
0.1035409548008857
0.37043616654000344
0.3219806653993475
0.4454151159450236
0.20033644835288333
0.19469442222678912
0.38713860630042424
0.1720747325068929
0.3570664262821361
0.1564755212077807
0.1348337072004309
0.2796008869179594
0.2581857648355819
0.23685063755655583
0.10877281577134512
0.1354152799379502
0.08288747512097795
0.14280162615132874
0.08366770052355638
0.15560535566872133
0.11488844916482398
0.20587518703199134
0.3470175890789327
0.1354887874120675
0.30185412388469135
0.17829458958137862
0.1055893330649654
0.3929765282571995
0.30922394678492204
0.2770029657212973
0.08535344333510494
0.3116663443890204
0.10412806958995323
0.18489047260512761
0.19120654231235937
0.33999561627347913
0.32057649667405724
0.2556590957497809
0.17299334811529868
0.08703427611068375
0.11993741419132983
0.1130377355663541
0.14159645232815904
0.19836697847272064
0.26319290465631917
0.09324200794403743
0.19519776055192503
0.11041944935914631
0.11324742240366205
0.10821199349508727
0.09725280165080423
0.10069670982273633
0.12410195798906021
0.08906391863428365
0.07914698274979322
0.25107430429911287
0.19440390165687815
0.19675384206911667
0.21313451631547395
0.32410134267836377
0.10984522092390332
0.10431011487566118
0.1305832626790233
0.09272261634129943
0.14115299334811454
0.12392078562678613
0.10371977547551696
0.15787964877025865
0.09614096164420417
0.05239673317544806
0.1779600886917954
0.1114627791873394
0.24592321003486917
0.16252771618625242
0.06790961060214326
0.2913968957871391
0.12671691890039904
0.11339053954580684
0.09856868121127324
0.17789992415151282
0.43331711242118215
0.21568130177382444
0.10126866769348754
0.21206134164521262
0.2673203294766531
0.10033139395398329
0.14716812218126055
0.1561394097777861
0.14988913525498843
0.059924026242000626
0.14962305986696153
0.1716809868973152
0.13096416303993613
0.33671840354767063
0.1855253501506348
0.15067529392146733
0.13967145261088582
0.13366237190621885
0.2170548701191309
0.07132130458092281
0.059755238531761005
0.09528154174735805
0.27308203991130797
0.16621095855516133
0.26374670477726675
0.19507692471684862
0.10681575062435075
0.3191299648417511
0.172950969863979
0.06996404304953406
0.043342118428495634
0.08521828016851549
0.15231504897349837
0.1360975609756095
0.08382957738921028
0.16024888091731573
0.15656485249992275
0.09812481827721521
0.12173526101328588
0.35711751662971125
0.28000614795243817
0.28363636363636346
0.07565338590713633
0.1496327244701319
0.15064100249859336
0.12581923664795253
0.16957871396895766
0.11273678312874387
0.20116059652401463
0.11860234669491806
0.11187055404617054
0.3152802018379466
0.15977350459824102
0.12008586857920198
0.13218997245488812
0.04018474556284362
0.1440798226164074
0.07664567190035064
0.04433369007225416
0.09480001784718206
0.04746496894728094
0.12597136557658672
0.1331285260545435
0.5343980177255556
0.2982317414666101
0.3390831114553012
0.3122278478671167
0.10623825192267805
0.23775242571198024
0.2513069343626591
0.13559009418138715
0.1685431900199382
0.14533853960090548
0.15331477517577946
0.34108676725549353
0.19549235895781064
0.10054890906507533
0.24329153581583027
0.10605563901379941
0.13573948189525206
0.08527169181387334
0.08348240169438395
0.12006225566074578
0.14317361411663548
0.12752630852521007
0.16916727959187045
0.14122039032626404
0.25565484050554627
0.205330384384802
0.2747388576400098
0.3291796008869172
0.17692939364277668
0.22406336871225263
0.11285722596616349
0.2973410083587804
0.1497078061745542
0.2226396134063477
0.2422782734325423
0.28614506873091133
0.1021865799318152
0.05174438340981752
0.12369145185775192
0.11339887849148657
0.15055756799153247
0.07555514985533363
0.11296562993193988
0.10379849573172407
0.11373870252404518
0.14748016696722668
0.04360305833474789
0.06862537414186286
0.2407085528709177
0.44134834415079904
0.2309509006219913
0.07601179469127502
0.2706598462273431
0.15403433493400207
0.18476951889017515
0.12414294856277974
0.10741591240873154
0.14037430906829163
0.11632701020724505
0.21609101428152194
0.16257533348833653
0.20807095343680623
0.23600690157384113
0.09237544064647284
0.09928420916757251
0.0824744146137306
0.12586166318123748
0.05873409832407067
0.1581251760820366
0.14742099455603797
0.19618625277161822
0.08024576396539698
0.09229444484141446
0.17719764268998925
0.13925875164523238
0.12188573723209056
0.08877977825180043
0.09515284620508287
0.10984763972768698
0.20331867553963914
0.06588732632868842
0.41030677053241615
0.650953436807094
0.29379016598708013
0.22566800793507624
0.24864745011086423
0.052683767072325555
0.18325942350332594
0.04616026941601976
0.13226692896130626
0.06124410252595408
0.11365640247557503
0.22997700725701337
0.15609477263969992
0.08939333483448303
0.08745970196784698
0.1707172337769083
0.3584455519968079
0.18269453294666718
0.201577769059319
0.13012977339986456
0.06575685637556239
0.29308203991130777
0.15756435380577877
0.16686879786594971
0.3160233569871649
0.6421328249680409
0.14333102875552267
0.505321507760531
0.26066518847006614
0.13718527175999162
0.10994787196921935
0.07117256359118157
0.055971609891103696
0.052905565992639944
0.14638022644281298
0.297339675427445
0.1759457752694581
0.12338065099035536
0.2823840891478753
0.06747905975682711
0.06895337022715219
0.06706359374957992
0.1309143103603937
0.12882907444658018
0.05264462608638769
0.2602798082423103
0.09968526908237245
0.2137665164344546
0.07375466450219327
0.15184563202533524
0.20419622891845324
0.15239637936833147
0.362323002104885
0.10650282084363537
0.12014021309395233
0.08137291992773749
0.12321994339623756
0.04601675246758101
0.11165704462067126
0.20840635947692468
0.05826788106612331
0.16107970257283946
0.20267308848498014
0.19530103041653135
0.16019698253985712
0.19412462505325556
0.14706896549295312
0.09600743253080975
0.11493373592329788
0.19658536585365805
0.14716812218126055
0.2516147625356941
0.2440289366602764
0.24846641155905017
0.29056067083985104
0.21305905333262834
0.42718403547671707
0.12382687395957943
0.15397969431747097
0.048965373408231254
0.16394678492239423
0.17654741694102646
0.07693627694365446
0.13798286054929432
0.13944510666301468
0.0994519442657343
0.16097493614745317
0.5510320864178825
0.19213617349824208
0.2560503339186745
0.19381336982090544
0.21242448088417348
0.3229569939349807
0.31567899623259704
0.1838119257250921
0.21876081066192304
0.2899739813315854
0.15249669973220234
0.11140829297439035
0.1226555386653674
0.26367784414135176
0.3582664198873253
0.33889135254988845
0.16924529078836176
0.14685531891152187
0.15814130767740286
0.20958748173717306
0.08851948151975328
0.18418167433710608
0.13587922579047523
0.2704498662696818
0.26461115050387557
0.1745289588376234
0.1370809878110278
0.12440324529482635
0.18470066518847003
0.15379875460616974
0.12235143278199019
0.1123781018330028
0.1812980206463025
0.2540393546671322
0.24594235033259365
0.2218320860554871
0.389860954466393
0.14621437916722718
0.09629119823373308
0.19986736166456973
0.12157747596648466
0.09011844715947152
0.15536364958283927
0.11070021594230262
0.07289356281156087
0.09155007918573091
0.19519776055192503
0.07247605896155733
0.2630272835097286
0.0777731390584776
0.25247684760675204
0.1974908491289263
0.21828566771398014
0.2000469448148012
0.29199590846777557
0.2777935287407393
0.15811167209493407
0.2845848448010807
0.3892375069515205
0.2647779546093674
0.22946993447981848
0.42059515489206806
0.2029961556793557
0.08898429711269464
0.15806893179288253
0.115445355067235
0.1374449782565335
0.17366892644742307
0.26478935698447853
0.08562743023666981
0.09770423763627444
0.17196317676458642
0.26820657716465035
0.09623463742582294
0.08100806153782081
0.1749401081322434
0.2762749445676267
0.10044254667899227
0.239806418014946
0.251937159069378
0.2828685984782674
0.13325790919920227
0.31383592017738265
0.29071958568300155
0.1840297895573443
0.2805186237708549
0.1187882729320946
0.10320765425670061
0.07252824694280773
0.16799213874679184
0.1749710406531872
0.10434180430347714
0.10192312738212168
0.2553095916065881
0.11997820085002484
0.2953581549958573
0.1927893339193086
0.20152213793532384
0.12285050786355048
0.24581328014479287
0.21915154690070365
0.19673260846572344
0.2385392556873322
0.32145749109802463
0.22283259525608967
0.1615884927301356
0.24294842167934483
0.29710227730327016
0.5333550863872933
0.33131243615499945
0.2820401933123448
0.07700336633503355
0.10235239356568795
0.14928554877530623
0.21752572092651462
0.17819462867661715
0.2813494454263786
0.09307726456017085
0.2763546635712248
0.3095787139689573
0.20181870466133345
0.16351975226318394
0.2275859688748713
0.15528780291906355
0.3192500266201484
0.22418430230240488
0.18030091141348928
0.28848540462565686
0.19202724025812448
0.14189890421313947
0.25159555545834683
0.1536675107919389
0.3102682478839897
0.47824659447351753
0.2571877056437761
0.20319529579144513
0.2398324905467771
0.2300706532206429
0.12816349627648435
0.0891144454787182
0.11593560034786637
0.2203006701785337
0.24555764850643885
0.11663152858084709
0.21646665360359518
0.33417758672225606
0.2673927053611734
0.09358609737736247
0.17684595777997808
0.17294217606185572
0.1874998312184776
0.21890086273240503
0.23299334811529906
0.2800443458980039
0.31518050323928354
0.23844122207634405
0.4759645232815952
0.3302976148931998
0.39015521064301495
0.226500330607063
0.1782610944090592
0.07139315835061054
0.11705675819272086
0.127635696739446
0.17404052039900134
0.1734990802822229
0.20058479966713236
0.2581570009819452
0.34725581229432995
0.23447204414202977
0.3207222451423943
0.2397674124166999
0.1064613634072901
0.15048869637069587
0.09573885160394369
0.08171333164288627
0.18495942074322702
0.255776375895625
0.15720324652165735
0.2901854692294229
0.28848540462565686
0.35982664381715596
0.10112726066805204
0.33654786302055967
0.23665124035922971
0.17571135022185186
0.10369106247335924
0.1291961475446032
0.2599819240020035
0.18411007886394257
0.28930915323393613
0.2608354776766743
0.15052318492160008
0.3064394950600109
0.2897581760665595
0.205851467325309
0.13752620110742583
0.133086000570971
0.19881092541288028
0.3205136588747416
0.34516855571125976
0.3168978103732306
0.515666970890366
0.26651581839840455
0.36709823854478624
0.27232161330582655
0.10437898955091264
0.15609477263969992
0.20829268292682845
0.14341026778593788
0.12204560964278172
0.23556541019955576
0.09911727703881669
0.06291261139741303
0.20089267630551097
0.2264155175631843
0.3664752912698072
0.1929451524964512
0.455456431557822
0.820814906347563
0.43202600617006126
0.27115127520195864
0.3800705493067065
0.19985211234106856
0.3208157222481289
1.0
0.9356984478935687
0.46265418233800865
0.5164019360541272
0.4791226567976581
0.2808822680207777
0.18437594179370984
0.20314115566392887
0.09785297862601548
0.2510421286031033
0.12479016880063058
0.07177152121467631
0.10453252644464422
0.19377232438539546
0.09679565822426488
0.29786119020768625
0.43939806423851097
0.2997190169204366
0.25020343278754303
0.16044858265510487
0.11055174062517399
0.24455811379493977
0.14195512765735632
0.37232815964523197
0.4232372505543223
0.31909986959799
0.3721878795924124
0.45223946784922286
0.33026040034686854
0.24422474839895783
0.18755355911861474
0.10763269870150212
0.17205450858169494
0.24721644442167415
0.1594145062020709
0.21671510385345416
0.29905592175025825
0.23384648288589852
0.160181524428316
0.08913707197576234
0.34453035057604364
0.39388026607538745
0.249298734231036
0.20637609923196398
0.23330366375199482
0.09928461065227503
0.20122500496772025
0.24846641155905017
0.23330376940132963
0.4278914127560111
0.47369941383869485
0.10461080841651922
0.40086108917446167
0.3700665188470058
0.40564036509265033
0.14583330686428966
0.24008279406795974
0.15382553863072668
0.07828197187566949
0.1925844597502793
0.1875294702903185
0.2668235535810034
0.3072475722520461
0.3297143219714276
0.42493194446155375
0.37324243647247846
0.20001944595452784
0.26842022374608254
0.2767184035476712
0.09511986293952106
0.2139847119762512
0.23739290122740553
0.23621790297633594
0.1787122991740956
0.3048845499604963
0.16216486406538247
0.30666353070262
0.20205543146185242
0.4517978557351883
0.09817863972740205
0.07298489177874913
0.19794804416370584
0.19682621795363697
0.17879584318416072
0.21022485038296812
0.232579904906789
0.32501912225603435
0.3058428958450209
0.20862588676792307
0.22555398476303762
0.2519694369758518
0.22649680454536195
0.12157716648974272
0.26270138278985694
0.3220571972553701
0.4963518825057502
0.39151639694875545
0.3195618741762637
0.7065631929046552
0.3332924153296892
0.3657941584937569
0.4704855260403829
0.1509047719810497
0.20459330754340194
0.08582313516635896
0.15909713870812328
0.12153998124230815
0.16384022213533125
0.2805068127390033
0.193211464945685
0.4859974356148549
0.19317736042643036
0.16297001844983108
0.35514846534234107
0.501640798226163
0.22664814762673052
0.2852089343730129
0.20043432344832768
0.33950444486795495
0.2531310952738565
0.3585597940945471
0.4079334328618945
0.5478336273617298
0.3040823429612462
0.2882618816003319
0.5110864745011074
0.28229338647827457
0.18587252584546138
0.21904115761271184
0.24299871780742746
0.23674541378552108
0.24128863074828444
0.21028813247445913
0.2755745516063099
0.25924958938946135
0.2264489491954074
0.2890371188542289
0.49578713968957744
0.35491320967359236
0.5409313634780493
0.5960532150776043
0.16051718333106038
0.14202959097308995
0.297461389333824
0.3475825478046883
0.5600541286468051
0.33932418295868316
0.39706628560765056
0.31183647014039967
0.21825070775484506
0.25728092602904745
0.2853877314020704
0.2612204914518688
0.25209736308474123
0.22948661167121584
0.1401881465985755
0.26873614190687334
0.17046326615970947
0.3905240496365705
0.3691489817978928
0.22330670870669483
0.6947677159535155
0.4541271169089848
0.3759966484235822
0.21882751103128056
0.18246746292300475
0.27819625163112305
0.33380990978723246
0.5295009961862213
0.41733189100388296
0.5945898004434579
0.5037963069422638
0.5290007645047353
0.4337559719514345
0.456929077919438
0.20541234611155712
0.13330380481111892
0.23949875251853364
0.207314754676226
0.27779519125952173
0.41228693833683555
0.14258683129069283
0.2994849833309618
0.329802964376492
0.4173193501454943
0.10562847405090335
0.26913862789575854
0.26673775691730894
0.10657291914959563
0.15964788605111951
0.16416955471631048
0.08978942174139289
0.48659004517961507
0.21775173073725337
0.2809159517500425
0.5389403509616955
0.40598669623059774
0.21847286253638204
0.10346795098874723
0.17500427351940823
0.17364172600435
0.07008845881934937
0.23908157998322832
0.07674242642878129
0.24216789615190373
0.2348959332114462
0.14617752395366232
0.3051441241685134
0.16442102969042266
0.2923469588519869
0.26494627717213143
0.3687361419068724
0.21960277998789404
0.3075395930267596
0.29207288198268166
0.3341969180327415
0.14167732209964923
0.18581530724221423
0.48915455790584284
0.35050430583641906
0.18405396287501166
0.16636223723111002
0.0848185165272879
0.1622735543593667
0.08877977825180043
0.12161831647991826
0.15097609510986856
0.09970821688833033
0.19278691532836
0.10971218358375043
0.1327301096621639
0.2322605398387899
0.16995517340307995
0.2192989300972681
0.18007143335390782
0.2806452793782584
0.30203991130820296
0.36832986423473185
0.22452452401439582
0.3161378635857642
0.3326427292904447
0.1719333042295958
0.21219633176431496
0.6876718403547656
0.15108366032966097
0.42484850995449286
0.39318199265789056
0.22805641212425468
0.1339233955719897
0.12137264762884889
0.13339559603495132
0.15404862139732112
0.4072184456857571
0.2786559938677251
0.25908342505835624
0.2174381361732977
0.39786387439695325
0.32090558422365134
0.4015194896812546
0.42647450110864665
0.1931516827500748
0.0830441251647727
0.3393791574279375
0.20412073399808925
0.3266043778901928
0.44036732826783476
0.3866201949230961
0.39886086038358115
0.4517073170731701
0.45611282424850935
0.42125981221648673
0.18205359320237247
0.12217213044870785
0.24554024095707283
0.24481142939076223
0.21701908973487063
0.26441895050802144
0.23873185509103534
0.21689642178560042
0.3580796886654231
0.5458833474494418
0.15575040888279182
0.29969834581394594
0.43006103334483453
0.3531782683891138
0.23675928266786622
0.28022419737017684
0.16995517340307995
0.3183708583964925
0.4622172949002209
0.4796908472263833
0.43595614040953534
0.3263227281006327
0.3549002217294889
0.10039662893054593
0.289976629290424
0.21972477434508167
0.2307381292771308
0.10824625528418452
0.10856232988738482
0.1048252125201367
0.3008231152083514
0.15564153457289467
0.29994705288421086
0.3563090861824925
0.13828510331837032
0.28054786234013634
0.10022701799148176
0.1680008874199
0.28801591837449114
0.21850704115913322
0.3059328638683669
0.3516037246174209
0.4042930258173245
0.47725055432372404
0.21992244976111702
0.20476056500252962
0.3328936209350378
0.2968858783032982
0.18668040146986628
0.17134455830811468
0.2735852660957757
0.25427749496412355
0.21370632594693326
0.17161161653490445
0.3015132744397412
0.25064227703824055
0.1018709394008714
0.15631605084039943
0.17679725893117743
0.6757374458261193
0.33430348829504164
0.302069560321554
0.7885395262332897
0.4433596682534039
0.36828468838282136
0.16290478347326842
0.23937633538934616
0.2658030531235453
0.2846062663160296
0.28728919694260213
0.441367131414934
0.4277734539957886
0.2699838051788212
0.07650758051315429
0.1562290626718318
0.1596474079747365
0.11817471634941219
0.42765737916653634
0.36770568130665704
0.13312318581840651
0.19349589983944837
0.17614651710105952
0.11956266504477214
0.2545305223860891
0.2727123328734339
0.12983229142038155
0.27079437193363975
0.22213476167526813
0.15919004427055783
0.1758578423408568
0.2682556961353326
0.2959566271457737
0.4854988913525488
0.4568365830937142
0.38666249541024045
0.49843774518227385
0.1003629828278988
0.22346307234997165
0.17627146674980088
0.2058732035187057
0.09844794258498059
0.3489050763083423
0.16501222154161893
0.2693336558869873
0.23594594336848437
0.2893825333853091
0.38506864392212437
0.25499578251318245
0.32113941767769866
0.16889450798678893
0.2279847905441183
0.07841244182879561
0.27929701238661925
0.13603459372014315
0.19260093540707857
0.14655689834656596
0.44784922394678367
0.4214838888729463
0.20252945015641113
0.18880809385278163
0.081321921783508
0.19965184711054146
0.22153028622870782
0.21481724725208062
0.2564359574519113
0.11508754565254642
0.29320508201339396
0.34687896310601
0.3164253680287542
0.19372537789902983
0.36091880056803693
0.2927364360633455
0.39003364168124666
0.3884393112233573
0.34170033048358384
0.31750482167865646
0.4512179897088246
0.20122380870640846
0.609424300759382
0.4014953381552685
0.5736989695718843
0.498492239467848
0.47464105068577034
0.45679456105612015
0.484170444474847
0.21114823022724682
0.1912136903812502
0.18791470204374722
0.16699118395773993
0.1594643036034538
0.16256225740780944
0.36552146116103756
0.1608819730288649
0.5316446789925431
0.6439024390243888
0.5944291455559275
0.4268408422624063
0.30057403425153245
0.4805396852741952
0.2170916325571485
0.11788287920721613
0.08597969911011033
0.4031618634681973
0.3737490676641224
0.4043320314155706
0.2583788344187987
0.09486470291799903
0.24595644290109017
0.06895337022715219
0.1320646232893765
0.07368942952563015
0.1336250740945337
0.10969051248014255
0.10733521672202002
0.11501440346244192
0.09259452573360392
0.18003237545804868
0.4649667405764962
0.5053210920148047
0.3043225004377843
0.1853173287497924
0.17951812903442563
0.2930376940133031
0.19377127351094647
0.18973772503866435
0.32667188530825847
0.21424804033463152
0.17371088339404625
0.2519272855234156
0.3792904656319279
0.21365759523932712
0.15472431741226103
0.2270252937129178
0.15929412522702643
0.06651358210369382
0.2076658050604373
0.16962054919161734
0.09705349580615653
0.15678988494808963
0.2977297314099024
0.20728753122031943
0.18050518014998093
0.6620528135288493
0.6166395026672538
0.4888990999363187
0.38571219695201164
0.5901891503228288
0.4445688706674813
0.3939175366839518
0.09273804268204341
0.13299303745238275
0.2973006698291989
0.3123281596452325
0.29414121637129237
0.4659423503325934
0.4179839908015872
0.2524108972654202
0.17489643272441477
0.22180194651864463
0.2736861467626261
0.20612232451915813
0.24545680811479892
0.2606617481007628
0.41095343680709445
0.42426743505946674
0.299113082039911
0.4502503776023442
0.20836607810035404
0.24660042737771667
0.2652062737194555
0.6016245400770759
0.263882474961927
0.509451100114323
0.777192433272997
0.2977248345015416
0.6298447893569831
0.42434293703024295
0.5643927230139761
0.28098388389794826
0.0754246799022075
0.13115229517630184
0.1258687156806661
0.13160566717021263
0.2013247035663833
0.25042128603104125
0.10142734156024243
0.20225440929267838
0.19732932377472906
0.2856038632919861
0.3448574527745727
0.20990776625651245
0.19271739121516246
0.07318059670843838
0.23543875234535078
0.18998669686644545
0.14994096413080538
0.11232158264627297
0.2292256337163483
0.4971653552404848
0.13262270735269627
0.41547376509021955
0.4226985857498379
0.5211910409428172
0.23589253172312682
0.11902785168006025
0.0927214144799433
0.10498621225871395
0.21939103631683815
0.1420215650066324
0.29577532753116165
0.1871924161934832
0.2553436807095342
0.17121102919472025
0.248738032431699
0.0905983354507748
0.2516564283295665
0.23701417627564253
0.20569226380740444
0.25099956751726915
0.1725196145059889
0.12018271971091866
0.1078334162587349
0.3532199856426447
0.2692481042491302
0.22497074698361988
0.6680709534368057
0.27667405764966657
0.2842196483032164
0.07862119375379738
0.16170375632101594
0.2993348115299333
0.2018201539855547
0.2388702836570476
0.2832437188009713
0.19784613248488012
0.2644614820380913
0.17483933359544085
0.20789794390105745
0.5471840354767169
0.3755585468936453
0.27732980352736925
0.4529046563192896
0.3215648108771846
0.5269306293435978
0.3812761596542601
0.1603363202298648
0.4514412416851432
0.36911701105480715
0.5893126385809296
0.5143007331511347
0.24990160688467594
0.17913992951960148
0.25153956442620623
0.2834589800443449
0.08248310436633043
0.2841410061889362
0.2428488546781151
0.22783169935349654
0.20979908445272008
0.25550087153847434
0.1921649270938735
0.3551849776259101
0.18101778451508418
0.24437007300969962
0.12568613633134484
0.284428822408098
0.2530376940133035
0.29707317073170625
0.2818834821055091
0.3277640420591395
0.31359243998972536
0.170928685590524
0.3711584046607547
0.13354904401989215
0.1160138823197423
0.40910468725241145
0.18084231975991008
0.2346178338554665
0.13302843113962082
0.1758164140518214
0.08308326615071057
0.2005246091796101
0.22877505106487042
0.2841232474813026
0.29146734871801233
0.18296285690463895
0.2836877160414284
0.4324820979525496
0.28163960597216064
0.17789553288062887
0.12957199468833494
0.06813140952245765
0.12496102400635598
0.3504078449062448
0.157672938352911
0.47059866962305863
0.3233345859508802
0.22280667861044315
0.2276583447593916
0.2742909419629604
0.16799165067395824
0.2872283813747221
0.24004107681442977
0.2734148796388207
0.19663886942923206
0.27075818399137913
0.15053760708571828
0.23685063755655583
0.33387663428464676
0.35835920177383546
0.09750019597114627
0.24634038209753356
0.2135558497281277
0.20105884063661608
0.1920859667569649
0.06366933712554446
0.19663974925571975
0.18010406814680915
0.15274059645770505
0.19055858067679965
0.3172077080787604
0.3760393233238218
0.23456232987331313
0.09067661742265044
0.1691279750257625
0.12544443222301552
0.28213378562669267
0.07589437173346152
0.21727647935242891
0.08502726845228967
0.27616821837183236
0.1942047425212924
0.2111181349834857
0.2036847256848842
0.3575191748047463
0.40888755959884954
0.2244202327258524
0.20860270126876695
0.23851923327283536
0.13133029349871453
0.3659437479694432
0.17090339721268086
0.17211191775432838
0.3027845128917229
0.4125456014759265
0.4160767173379728
0.21351769077354438
0.26092576340795764
0.06497403665680562
0.20904656319290446
0.2035571752140485
0.1893126385809306
0.09399421320474165
0.27570252809461343
0.1845440347425143
0.0702189287724755
0.21830669820527784
0.2011253063690581
0.2009459425922648
0.1870184475771795
0.10206965427893008
0.1681421268927638
0.11619703447609261
0.19540056773397732
0.12451479512913247
0.259689578713968
0.2900066229572414
0.12324191772292913
0.29002217294900196
0.361330376940132
0.331996333547073
0.2802394248635715
0.24944080078164899
0.10423024856117159
0.18463432047379674
0.13523142051160666
0.249167761593929
0.33146957389248694
0.217996164175898
0.141136606640716
0.2597942430207825
0.45884700665188366
0.17377478817189904
0.3230870427698836
0.1469375052406243
0.09113326225859193
0.22914518599633085
0.19673260846572344
0.380665188470066
0.3444006464910392
0.30969708031283055
0.36052860616576565
0.16838452150456504
0.2756542392379466
0.5472886490664759
0.2373613519704682
0.3078048780487794
0.2923725055432364
0.22837777772893753
0.26317077136415695
0.3023946784922391
0.32095085990638067
0.18030091141348928
0.2579114644889819
0.24259775995750224
0.27615018738815994
0.3560088691796
0.44070106629607825
0.3749445676274933
0.28832938223267424
0.2967545914537588
0.14087630990866848
0.16645976014416114
0.3122788195555722
0.17404555062096386
0.45161862527716073
0.3998073820190622
0.4823348853195059
0.47261452591919445
0.2301507798471529
0.16800294791272627
0.24299871780742746
0.27032392868425636
0.25435550616061486
0.34261640798226095
0.32218624150999525
0.09265976071016749
0.2357661396237531
0.18463804673958736
0.2308606148907089
0.3584763595874862
0.18183585995866133
0.7455875831485576
0.2598609546705303
0.4478473224075917
0.25659096009178695
0.14228934931120982
0.25767547708176824
0.45576099482058485
0.2252310437156674
0.2852126251230926
0.11840148246195036
0.4276403385579565
0.35261530938412206
0.3315270138067908
0.2504428798409153
0.30794919815029254
0.0922031158742262
0.29890412154594853
0.18830609301240478
0.292385964450233
0.1943115658120085
0.22368797075884836
0.164948829227461
0.2819476370183551
0.1655272295311033
0.2976330432777092
0.35576366036076595
0.3399057557076542
0.2865067206048159
0.2983314400652731
0.42652621681740915
0.1773736302664243
0.23268668582644636
0.38603297402230247
0.37041226021051216
0.2782650950489976
0.130026355285487
0.17405910819286224
0.2002236567419999
0.14842491513803663
0.09680870521957813
0.30658009619555815
0.3194290102829493
0.34931263858093003
0.3065399580218417
0.3068960469976567
0.6210199556541008
0.6533924611973377
0.3910992518483275
0.33268292682926753
0.24998630513398118
0.10908592780874586
0.11206064274002053
0.10964694860718777
0.2577913063198616
0.4905734091369508
0.5758396469021866
0.6725055432372486
0.4020118505693974
0.2633995290824411
0.3476715909230897
0.1694924948071827
0.1377327313610494
0.09234663282266475
0.16123128466223458
0.25993798925555694
0.22856304331589866
0.2205333002420799
0.38108469486109614
0.22099068266827515
0.35339072010660555
0.20365860374963918
0.3410693975435274
0.5171175166297106
0.53481519026086
0.19289847107066557
0.2656438017719935
0.7438603477021369
0.4780876375984845
0.39553420890480834
0.4090376708664375
0.18351903606719447
0.6947228381374708
0.2933611044063775
0.2761539567510292
0.25935616519904553
0.1915261312950681
0.14414861168297524
0.17508337348316766
0.07100174849123217
0.0892284009429506
0.4147112173465842
0.2874057649667397
0.2714958859764179
0.1379758606087139
0.3993393148401125
0.3134368070953428
0.14801334843031766
0.1672406503403028
0.4229646691380966
0.2645652548919589
0.36004434589800316
0.26669940084607024
0.3233733942120536
0.41630675007701917
0.40568388589841625
0.35826062837672434
0.5481428954479908
0.11408292701347554
0.1942047425212924
0.22133088903138168
0.3275221574678633
0.13150562755497042
0.17821266107129463
0.5676274944567612
0.3807095343680697
0.18837853911077168
0.29894859101213384
0.2798236100299926
0.49544910891767063
0.29481046314485165
0.4127962462349013
0.39075808322604527
0.3406213750764371
0.41950520913317174
0.2975215798213462
0.1639876840842152
0.6428064183692693
0.37255486556953327
0.5971372352368012
0.3058617871419637
0.44629711751662887
0.3928457115975927
0.2520128299005571
0.26948967827997083
0.1232690952480498
0.17337067401411604
0.2741313444712167
0.08534039633979232
0.31930385852235754
0.153474926248367
0.27385830528349575
0.24145681429206303
0.1825727442033506
0.23618598023213724
0.29619830740035297
0.28168177408858786
0.12148420337115445
0.2449926897806833
0.21697150533467474
0.11155180992282893
0.18488505024835694
0.21333142035651204
0.24268804568878558
0.3787217434536987
0.5108953258229927
0.23089071013447
0.1464070020132447
0.09161600108515866
0.25273658874576205
0.23011912483309033
0.22129765616516156
0.28924538778706815
0.24788394914190393
0.3306092342291193
0.17979067134971938
0.486873614190686
0.29913393294674956
0.5128603104212844
0.566353433929909
0.386670530395481
0.4044880538085532
0.48478935698447745
0.4580818279892744
0.7365853658536567
0.6142903198681718
0.3740246815786135
0.24240875245678895
0.47848680784892506
0.4257273182432487
0.3666200430388488
0.2067831850030758
0.28630551097974094
0.2775638371168432
0.24321915993130996
0.19194746470772278
0.16045434268335904
0.1753671331324792
0.15168436750442188
0.12746914420421476
0.4979157427937906
0.14799728479252983
0.2262250239133479
0.1277685101877223
0.11190900215656258
0.13663123667505603
0.20986555018516215
0.2529685776737056
0.44199952676700166
0.14823996074189263
0.35267709429815564
0.13883307712149986
0.22646670930160087
0.3674038518430108
0.23485666558330004
0.11971790411797731
0.24889472240620805
0.24971383996936902
0.23894829485353888
0.19953012879045365
0.2062427054942026
0.2565577272255659
0.09177256502890957
0.14929876845276563
0.3980300387280575
0.7395634705884969
0.1862423117797455
0.31149671572722154
0.09906583540865999
0.10660699869934953
0.26566712965188594
0.34366673458416225
0.43874261196357683
0.3617294900221718
0.23904400672713685
0.6671517523955163
0.24292547387338698
0.212925524219233
0.281960075844308
0.3006941568765802
0.3052451440825833
0.2969401330376933
0.1740418463986888
0.22325839527219635
0.1162410834827758
0.25758577300863916
0.407452479275231
0.266882983293736
0.2597339246119726
0.6164834802742711
0.22026743731231263
0.37470056664096607
0.5311751662971165
0.23688861878663675
0.3659423503325935
0.34332874092840937
0.5029014913100366
0.6015053305478978
0.3269832870982321
0.27587852322934603
0.11694021898693725
0.28208500991884533
0.28225893738728347
0.16293564972210844
0.19685298944076698
0.14330904820888904
0.11224366938348015
0.1867409875370674
0.32101426591710774
0.15790715323404023
0.23658477462678856
0.361330376940132
0.14076475416636292
0.35339072010660555
0.15951019921537046
0.22930677692440493
0.22031219248055514
0.1771691114055305
0.3602660753880254
0.20019478611487132
0.2389338073955787
0.45166297117516546
0.664013524444782
0.1461752076681999
0.4929527506299425
0.4903189043854413
0.3625180300961137
0.20822541976562348
0.16573450739188292
0.20470137959375956
0.22178583162540358
0.14725590625170604
0.29945522220377785
0.18222670097291677
0.1779531763588532
0.3364232848696989
0.2742873668641993
0.23811666007261134
0.17473619778834107
0.2735958610313428
0.21969699746213117
0.35347028916382733
0.2726491317378773
0.13117096032805284
0.25863522333418687
0.2577309499741276
0.4427947095276483
0.20926682651221773
0.29680272821910975
0.381318728450571
0.311737068131332
0.18974487013390884
0.18934428279372464
0.27541730780828355
0.22435507985748643
0.08787151343043895
0.2082520052504181
0.2685756782292836
0.2572888502824266
0.347671840354766
0.11143438696501504
0.5867849223946767
0.15806434821228965
0.4405341781736666
0.5533136371596078
0.4743860858649591
0.1599431155373052
0.4955352682202607
0.3482706335561296
0.3947292171694091
0.447883352148597
0.17503848911399666
0.14009863566682318
0.6776967836027828
0.23668367065275903
0.1670141317636978
0.1360050424946429
0.2457161279472693
0.28392762752850376
0.09135506117890624
0.3694013303769392
0.33082039911308125
0.36210597293247393
0.3368523464504016
0.4304803391811088
0.448835930734524
0.21316587662334352
0.18421052681876263
0.22213476167526813
0.4843902439024376
0.3115058069764489
0.39271154940850717
0.11974532297914867
0.46662397181405285
0.4181790187928159
0.3595463796442222
0.4462630495297649
0.29216170010766457
0.3209308314100469
0.10251024217118922
0.2210194701808584
0.17151190173150282
0.3007331624748263
0.17249865738770503
0.3068960469976567
0.28025276084108763
0.1484063225143184
0.3629080860785711
0.5194375518388147
0.5233381116633908
0.35583148558758243
0.25742178174730973
0.23422524112510243
0.3155493057046136
0.14201045995544503
0.39705410247974027
0.3377218335979464
0.5882483370288231
0.3437177789944963
0.3969863604514845
0.44127033295430684
0.39065277414761623
0.283617577203759
0.2366990921803449
0.28487148147288677
0.3270066518847004
0.32885710958083914
0.1526640333456616
0.1809893455922355
0.36402475430704123
0.22525566328558166
0.1242204423713753
0.13172246467612692
0.28559206772864487
0.4255510768612647
0.36809492644091457
0.35701987673686303
0.4435258325845081
0.7096678544833966
0.26504715881708063
0.21824021719782888
0.26615870437727607
0.42499646211274095
0.39484959814445264
0.15897763788417227
0.20299426574935248
0.3549433049173535
0.2911158663855831
0.18835559130481377
0.2839667829163798
0.3397782705099774
0.25069338052921447
0.09860919057271866
0.1926468310189952
0.3150522253179559
0.33578713968957796
0.3993701307843975
0.2746262043351606
0.3870054626829795
0.5524964009229318
0.6521067195301595
0.3570341532501199
0.5417097484371446
0.3160654877012439
0.30187981433521593
0.26385352806798285
0.31485644022768755
0.34037101583474666
0.14881536023610697
0.40638580931263757
0.27806814832795496
0.24427816004431543
0.2999980413376815
0.11229548865564827
0.30611593503274087
0.19161417975087638
0.34237349972471726
0.28226594963014656
0.23960464107550053
0.35768133591363915
0.2252496363393847
0.48387053217671505
0.6795788813517613
0.5495500911645399
0.17069383967489715
0.23370265426345296
0.27112832739600073
0.36711183106829726
0.24331558657467625
0.4626607538802654
0.60811529933481
0.4188274170739045
0.6887361419068722
0.48947810701248295
0.4821286031042115
0.3726068960690471
0.21810645381894903
0.3978270509977822
0.31765775716069616
0.36842572062084183
0.39592017738359137
0.3310476813711112
0.4147671840354762
0.3928096592430777
0.11748819279006682
0.38068248256073256
0.5873909104549068
0.23459542031056432
0.13236176744644476
0.18992365127584088
0.5445923430748819
0.19105780132261832
0.7352106430155196
0.618741436766186
0.27537534988218176
0.6532657594200247
0.6212950568295621
0.15995616253261752
0.34612030169096786
0.1564197433366279
0.26062212352383013
0.2779596713766897
0.28327695166719236
0.2780926245367276
0.2752013651755069
0.3517134793820375
0.35553602801012235
0.31757326960719073
0.21535836052159252
0.4797298528246285
0.27190855279857934
0.5244693113852987
0.31675305860418906
0.34884539672108344
0.24228293530655742
0.1363411010167912
0.6206651884700656
0.35588179301962913
0.4474501108647438
0.4796349867176881
0.30931891537566175
0.7290909090909071
0.2680533213976039
0.20886953484413084
0.19154120953927695
0.21050022405446628
0.3129895126091203
0.3677605321507751
0.3655265754341388
0.2710678605554183
0.12329410570417942
0.166961760984538
0.381247441286489
0.3062623744821479
0.14120763026839467
0.34863463573549136
0.1825237870362147
0.38421590501579755
0.45330376940132944
0.5574752505195397
0.24923412093515948
0.5454545454545445
0.1622654807029506
0.21177882791431069
0.22828327698476494
0.35849062467882603
0.4156436549068417
0.20272091783463986
0.28935878631316053
0.3542211997273761
0.21394034548103352
0.21591657635927516
0.3238244766363172
0.3079955765772025
0.3948926766400963
0.329869430108934
0.25298983092612487
0.35250674555734113
0.5525296337891529
0.715698447893568
0.5944453172654152
0.5929032459923499
0.21098909394794377
0.15971063773465288
0.2468728577230172
0.8529046563192888
0.39758466557832417
0.45319659665479795
0.6165311636880538
0.517234258726114
0.2630625257149894
0.27623158402835585
0.2690532849246353
0.3712195121951208
0.33681334085215636
0.38430155210642925
0.322381269501224
0.26989414604873857
0.13754142458555096
0.4747371362491713
0.23941445956178412
0.624167583128686
0.3425133141266315
0.6498891352549875
0.5499585532924275
0.6171650487300439
0.5474501108647437
0.38736795795810597
0.44507550185912526
0.5912468582092626
0.5596786733650307
0.45750789565487554
0.6013124923884584
0.24938286192490053
0.22036778061648732
0.2670048151440978
0.4393243969295724
0.11811444856507232
0.27230176554961943
0.3426251749907745
0.2278006674514063
0.4079113050211143
0.4193471265659154
0.4280145567690861
0.3854899773347782
0.2862063016502603
0.4039985522478003
0.3180129364608845
0.5500837050530183
0.37844769029470215
0.41692128278063123
0.4064663622362025
0.4591785125745654
0.743109437138588
0.5162305986696217
0.43194044305467544
0.5540915785015363
0.24126503732081317
0.457513119468865
0.40368070953436697
