0.1584107562975177
0.1801180014556866
0.08199795268067087
0.09031186040773645
0.2357108912602056
0.22657522245441053
0.18435810394203023
0.1370642896415839
0.2271052597224817
0.3482661357260273
0.4861961121999964
0.37923367260788715
0.32229750255473644
0.34815995789828585
0.6966730875898676
0.673670114332613
0.5651704324534487
0.5434590842558653
0.367881693191717
0.33242031154733065
0.47846373180109647
0.1545952123104766
0.21872557307572463
0.16514862318534324
0.09085525306963618
0.08562057042666915
0.1295608240012459
0.1476333506616671
0.16005585884910306
0.16430685408069276
0.1628965689411448
0.20910337107419838
0.2201301303076816
0.32245512764843454
0.5796595323549397
1.0
0.5880113810009242
0.5434397546118277
0.5897051978140809
0.34524605001571135
0.16740988215178074
0.6010013314394806
0.2765090444285586
0.30980256620728314
0.19970675809499577
0.09813770405389921
0.19321838525193613
0.20397866215223073
0.09080091380344639
0.18219574417008108
0.13489688871458047
0.14655334917086393
0.13137860428820528
0.11676509293720319
0.24429928931616232
0.36597794509086873
0.2494513283760842
0.33308540845954426
0.3719712261490946
0.4575529231071566
0.4994167710718444
0.27265308701170304
0.32328463119962103
0.2837409397365897
0.5232973209547972
0.39082566349614745
0.1978277440936831
0.3193186588025665
0.290895977126114
0.34853975027247114
0.11922035002080349
0.1888316376046748
0.07978375448080867
0.23813021125847755
0.2081911262798629
0.16090740192729935
0.16989189070348676
0.1206326711639189
0.3157422247979048
0.3791279088245066
0.27338084820175995
0.1706252958365186
0.20801071097522036
0.3409803989894733
0.3924216457875269
0.36587218130748816
0.38354862401175055
0.20940812283032342
0.25384820723461166
0.2571523706371737
0.279068903521216
0.35820512976330776
0.265588608863483
0.3016635705247374
0.585356579194777
0.12842179909563872
0.19412134322521968
0.1901606216796747
0.17868168032932913
0.15650501889989776
0.13281696196911838
0.11953722993207457
0.1344933561382757
0.32706237099769897
0.1216648236243905
0.32998576015705294
0.415973153356644
0.14951732341629737
0.215743188554054
0.28772236848522786
0.41523566447059695
0.37102068418333595
0.4343253968297393
0.4365824485169823
0.433776569919989
0.42840390317750604
0.3325892906325708
0.12972327516825416
0.3230166962817235
0.2155043015440945
0.3373050503304958
0.2898390381177024
0.26496807226450086
0.14525083964488084
0.35730568486196856
0.10665725846329807
0.182111505867309
0.4218608275434753
0.463682859973722
0.4877039909998517
0.3845103730547936
0.4739102259472061
0.36927115591597465
0.31100901353229476
0.22535964742117512
0.3318269956735221
0.19835310876609852
0.27340261048945813
0.2459869175965217
0.290394335829718
0.3696569674181775
0.34912515660776655
0.2928241240765531
0.23004944742884503
0.2560401616973609
0.14344492063011505
0.1532506058055016
0.16009111344356353
0.2195036370361031
0.16576376214643343
0.21198587648891162
0.15123795782503832
0.4788984111467452
0.48319947167088395
0.4556702052302877
0.4654311560629656
0.3833597192585019
0.3084267916065517
0.20379036130113262
0.4909154271097558
0.41893047409149203
0.33525004664151353
0.29123552360687177
0.3289843176221535
0.5493584481790281
0.1630177985699224
0.2649587419536003
0.34362215351606173
0.06922133613230586
0.16482486583740094
0.18467795085962763
0.06992041315898176
0.20629521599615955
0.13495035881171763
0.23716168937453583
0.21960460910922996
0.425981264862052
0.5005094775508195
0.5505758909475619
0.4968246425022675
0.38311660258348756
0.1487446846506888
0.18763485401004582
0.2706611428797233
0.49184095823197865
0.539724370328767
0.20136320741131347
0.5386875189009368
0.2727886084713436
0.45890156534679644
0.3414995970238302
0.3035147264117025
0.3384023847582833
0.11508839717417618
0.08610962382237891
0.11985021314117307
0.2508748433922317
0.162417916677934
0.21408760734489604
0.40968254808612636
0.3935594321586023
0.17190939610529526
0.7113232816347672
0.27908791212216727
0.1701543555295392
0.24942526170790216
0.40427870167250507
0.42827281350196206
0.43638484468829564
0.4564059798811659
0.3827709854408766
0.17642162055020272
0.34368502793576083
0.4759067194580212
0.1004637239790209
0.23072063459617762
0.20946523704574557
0.1845416883270843
0.14829709759529414
0.1606976411746611
0.2185282459439221
0.10540006331981966
0.2967767070398551
0.2894961702168583
0.2757455419171114
0.171494724095558
0.10470902810465217
0.2505234358377147
0.2358716517515318
0.3008627091229627
0.2397417646205439
0.3021557869270308
0.20199625714559008
0.23415615229260253
0.4543286863673629
0.36809060984320224
0.3558417011233298
0.31968866256468476
0.25474917336686176
0.06130269999377731
0.23489005054650705
0.16217005558427414
0.16731214354628451
0.17567205078684334
0.12678100992664385
0.1355712265629686
0.2619844459548706
0.15903366832306462
0.609107011707779
0.2319418640459729
0.5475359246782673
0.20475808658086192
0.2056523243211431
0.33213353440912013
0.3680235420126812
0.1451156802465178
0.6052301726979533
0.501530377253419
0.6711485531034469
0.4882908321665053
0.23502803408937611
0.19940699382847465
0.26892204654206237
0.1574030597283382
0.14629378592602466
0.09342731166929508
0.202574847712446
0.1024572890927058
0.07594518607978841
0.1671882944773789
0.21688626511887324
0.45058897179524066
0.13394315831109774
0.1050140798981108
0.27724081279832047
0.2794229523111331
0.2065242061179167
0.28552160515027264
0.38219554924582927
0.6133946890122355
0.4359691625951675
0.11797878112009928
0.21021293679657596
0.15796424681425456
0.37683636018459665
0.3528751026050884
0.31416598263273754
0.25284595146823113
0.10442195652839978
0.060146045276913564
0.19316807754723175
0.0614425153991125
0.14354600459608435
0.09686879852799338
0.1475673338832394
0.6121798342297388
0.15250047574649406
0.19335199508715334
0.3005685943854769
0.37144520392421304
0.19496622749420522
0.41100542146752644
0.33321830269302033
0.25218311701599755
0.3531300817568978
0.4421554100847338
0.37849332612422326
0.1762133757917413
0.1155433930086146
0.20743133282660092
0.18576541771258046
0.19390026953085257
0.17260649447691898
0.1683214451951773
0.22299878844974977
0.18052863464439367
0.07736100196579308
0.07767381290938696
0.2253826223837702
0.22030596078150796
0.0893039125349947
0.319230352836703
0.3699251457588173
0.46973953612941377
0.3232717007100547
0.5813737322350397
0.4093230739718004
0.3224946942852776
0.12022853809685699
0.3510188692984298
0.34295669490838754
0.2835737247657944
0.3277868323905692
0.2473353951741362
0.27490236413776625
0.157237994822059
0.16937607609305153
0.20580752045006903
0.1164521097281047
0.16301724478375684
0.14559833717813617
0.2137838608063793
0.15228307758824788
0.28396768479716483
0.15457709922174606
0.4178433637145003
0.34144950357965737
0.16609702365402088
0.22568748519376144
0.7677884823087202
0.25499295675990835
0.4920848060050235
0.16138755617722914
0.5175374466750748
0.10414976648331122
0.18347853283543622
0.10239571867092435
0.21226968359922258
0.15767646955506223
0.10882722731634319
0.13000712222520755
0.144402818908795
0.15550065421666368
0.2697590068215022
0.14005742871981847
0.1991618784291696
0.24364456656756847
0.18120333965483368
0.24951468548192993
0.1992138125911192
0.3863767963899706
0.39609006601626745
0.32456173833305874
0.1719113251363476
0.2887370507215045
0.3887117910406225
0.7422560158983873
0.3947104395758946
0.27892862865248275
0.27700626050322885
0.12325363504865378
0.15028885024391972
0.36946472545038106
0.22270581673959988
0.06563697755916777
0.1683406885472398
0.08085682809068134
0.15323435278106778
0.17754213770134017
0.17031494583700899
0.10261064765540069
0.2892992021400314
0.3617559860460205
0.27134103331040216
0.2199219940303543
0.41970881755735007
0.2062899675458712
0.12053358989031562
0.120304801045221
0.35185776167434835
0.39202467834489385
0.3918548174246222
0.250341222276385
0.30084266192503584
0.1365726890241347
0.10426416090585854
0.1712524944537849
0.11522381496376878
0.19398784755934226
0.3749513975893194
0.048121920418088486
0.13384128763932757
0.12045887050284446
0.15327992484238814
0.06367956188447528
0.36185315753903063
0.13779443720351256
0.31320285839933465
0.18270672601942278
0.21485745851515767
0.2866815426757587
0.24809844257346017
0.3617121391611896
0.4178335767334079
0.10436584483701113
0.48438062543367866
0.24232266087764343
0.4143380076991424
0.300284940216439
0.31826198511937054
0.0904567651175771
0.17216053916274185
0.08529453482952923
0.10225608560114266
0.1020888864386369
0.04650768801103698
0.15063032864353243
0.049481942997257916
0.23689325148934587
0.24792741349293157
0.588567241539871
0.35571885810296366
0.41612303970276865
0.15841707403250432
0.45310407396206764
0.5970968160020723
0.3468601513264787
0.32181276191298985
0.14918121102239262
0.22712871263279258
0.3615155311703452
0.09612944641363
0.37486584058235206
0.3771183969402778
0.24219121268414845
0.1768038877112641
0.15381711600736458
0.090206232050855
0.16286619287744122
0.1540711512689995
0.057959840757127165
0.13065352706933428
0.2946931550924353
0.2722283240850701
0.4700927839679958
0.47047133537823416
0.5468959260379297
0.40522750369692895
0.4366151554273921
0.5014323039717526
0.6050269662204155
0.18378433287950102
0.22780515553410413
0.312980718762909
0.19304357218317947
0.3967809680398948
0.2166506542994262
0.21247269291330267
0.2279251729513461
0.2396831265467708
0.13336331969710105
0.197027813828636
0.14931688887096708
0.15739425359271184
0.1352334442354787
0.1863499323077401
0.1322074346402072
0.09535410643858915
0.2878526580554563
0.368595910151933
0.26556625291997543
0.23797781608844829
0.304931640192905
0.11282642969911597
0.28760921321790417
0.3266443756356717
0.25434253089326203
0.2861709940813053
0.38389767736401187
0.4486542532509603
0.09535410643858915
0.18584495837391643
0.14640809620452047
0.16201699783455167
0.20869368438705327
0.16747033869543157
0.18674358685544057
0.056193082453346345
0.08556623116047918
0.14371588675156552
0.13575760003128506
0.14766100686391442
0.3771115047306342
0.48529770965526875
0.41470078697923113
0.36851537276983615
0.3862489919421606
0.11450881696950888
0.40071446954812573
0.45957355540402783
0.2559035529732125
0.2920032833628545
0.08949456990590601
0.15669280804075328
0.3450987168963576
0.32367243173868276
0.3575520970148918
0.09770200060957349
0.18638793188610572
0.12727533358529425
0.07415498526058459
0.10209959399659298
0.16654802898980775
0.08368246993256002
0.12701516323863643
0.3066953357056958
0.3544733794165695
0.3903596433497069
0.36782304402298294
0.15953201286614568
0.13006645843589523
0.646779280252299
0.2822214308327112
0.4504479534173996
0.29705465517185836
0.2268945593208
0.09499821267955423
0.35674124134230784
0.10109924854872585
0.19857783683196112
0.22592916508201621
0.14401510918626748
0.05318069599294297
0.1342494957042696
0.18237201714238171
0.13228725236920394
0.1341002935176812
0.09700243887699085
0.06803926043265389
0.4879682032228783
0.5385784480656239
0.22273183377426514
0.1306511410400239
0.2354541637258614
0.48200576471915896
0.2101011570790415
0.13742583295308292
0.1395357745245047
0.29835963291629164
0.3051736761703674
0.2926393005069853
0.5317097936480569
0.3684710761653774
0.2450485102969928
0.3320277706257396
0.08573226445325062
0.2287698524118165
0.16618030107242845
0.09036619967392714
0.20911167974908138
0.09907859535305244
0.1309957695425101
0.12429904589907056
0.3426361947552592
0.27655352661227195
0.18857238348177435
0.15580878925538527
0.3966494422712033
0.37914264578963236
0.24025932487002122
0.36731602879694447
0.32500844017361824
0.27713628983856786
0.34104599032236915
0.33192631702857034
0.33065758024916386
0.29146054568825136
0.09724796965631104
0.18683651024986056
0.23644532768825305
0.17114049538215653
0.17434206554402773
0.10111593248228402
0.20905516913638883
0.16313218992600506
0.17141609800983176
0.33053959476389955
0.6736510130902482
0.3356521358145061
0.3780795477640025
0.3987719254604721
0.3382940528648594
0.16549059795127116
0.3505014910182115
0.18853914059048002
0.2734802569214632
0.3364486359815887
0.22015842143732464
0.26820058703536154
0.314141754708368
0.34746814458033765
0.3723958679885508
0.28306533716435145
0.16682122627737325
0.13861876069960125
0.12584439667867356
0.172176089577155
0.05379079957986013
0.12586662535355225
0.17662707027567137
0.2875717270114838
0.4030778981881046
0.3119838715087696
0.11297084751082188
0.2467783334732934
0.48493193799570117
0.4544509663650627
0.24861878326677758
0.39519595751510134
0.3263403790087423
0.34033020857995283
0.2637107096088919
0.4290095153773566
0.08518571332330405
0.19851862140513207
0.19700634622286045
0.09902425608686265
0.1000428471939464
0.17391091447194434
0.15744701885905232
0.15307469158418224
0.17933209487190557
0.16381618233659614
0.09662238783737129
0.26966777552166565
0.28707564042039535
0.20891678836670352
0.0806480678956079
0.2217709595897096
0.5099929634606011
0.13581235680518988
0.17963000607896326
0.34187457780923836
0.14195076788938513
0.08982504268215323
0.38259817686957165
0.4153021989890692
0.19857783683196112
0.351795049034431
0.35946778342028257
0.3419017583272118
0.20105248887568947
0.16991402773577494
0.18576921415302192
0.12095319416149486
0.11169112982045572
0.08727760345143401
0.16453319234554334
0.27930185337192687
0.39569756822077917
0.18578764454877142
0.20368168276875304
0.16735659309360573
0.3231836046190775
0.14563681039367632
0.33029724637068647
0.3105705539867777
0.4472397853215251
0.29256491121959605
0.44555052264891615
0.31003003638950055
0.2793449012071356
0.3667064093643321
0.12034336152206221
0.13947873154034243
0.21047465189725859
0.2940233177976924
0.14213106037948978
0.16922796576941548
0.125103859865324
0.17387565987748385
0.09590880482530402
0.08601189526392101
0.2700568198314303
0.4941981533714145
0.14461997108214789
0.32979487861566487
0.4159337054409081
0.18234446424482292
0.45626496150332485
0.35558269524497615
0.09746404801001095
0.15473752223185702
0.1616011875846748
0.47692560278071966
0.41471153257350696
0.33580112128570416
0.28864591814715174
0.2347034815559148
0.06991652249776661
0.16009222365671044
0.0939396746165277
0.13495552678835357
0.07301386067059516
0.1814227431455588
0.17918747189264497
0.17093354405472963
0.2946839380970383
0.1367538199114346
0.2314865037787102
0.3076668458537726
0.36272519116948115
0.2800824817048426
0.08551618609955082
0.27961211309172174
0.1944058429213695
0.13934459587930034
0.29878601978658087
0.1519309920737564
0.2953306585572634
0.42070246684235457
0.2260974912787629
0.2580551366847193
0.07156006654882148
0.22775027853398416
0.08802961122775796
0.19617553341478797
0.16692928859902526
0.14389783303872214
0.22214532124409164
0.07117875180699834
0.40576508417602475
0.5840966990340442
0.16510080377387135
0.1521827134616416
0.2379257820191169
0.4135716476120781
0.41470078697923113
0.19397306720947735
0.2942348453644535
0.4262694772921721
0.4423041420971039
0.5328680874289228
0.29123468604942526
0.37048604984653055
0.16386911374023216
0.20753022357573328
0.19895416661022486
0.10665373328795036
0.15737704269367295
0.24996759839288019
0.2619737908414593
0.21730593193883976
0.29161446407741803
0.22191579019357902
0.31990001146811226
0.16916392996416763
0.7328844818870656
0.3641604342177781
0.21799102286544592
0.29831771015777003
0.3381969256604773
0.40406964185423544
0.10088317019502596
0.27058974548905224
0.3855233291843124
0.19339344837011746
0.18489840975575134
0.16269176297278273
0.41039481425159957
0.32908947148822404
0.41031451944389813
0.23537159195401744
0.21125166953231955
0.2939905819328635
0.08011422725705544
0.2514070540095042
0.2098918886709627
0.21849105712373365
0.5415046213421651
0.6172722167019472
0.536221252926188
0.21582427861684061
0.3492046754905137
0.4875005321950227
0.1387985660236463
0.304870617231851
0.28313802451649905
0.3314323225098101
0.14675224489038977
0.2983972005011444
0.24590079635958026
0.28545283268673377
0.28522483521653647
0.3082817467106128
0.16251542146162135
0.21186330842009723
0.16305249937821645
0.10657078269799808
0.17349769052159322
0.14886362858384755
0.13568850271051483
0.35525122046053387
0.3014180909342374
0.18774666838235252
0.5669314919816786
0.48236664778027105
0.3273463301656124
0.4568863694161068
0.7279993087657127
0.6062452732540137
0.34147357998916406
0.32744236678136146
0.3682342391363182
0.24872893444024166
0.36054406639922587
0.2873249448502631
0.4048472804251085
0.3477675656578288
0.2500658912577564
0.1235809146627454
0.18671966129519993
0.10429047646028165
0.15155010166608665
0.15279341239031138
0.06117559507983623
0.2411654475416098
0.28970878546374534
0.28105892177034575
0.595963957322239
0.5229328683963267
0.488593424623287
0.31573299014974493
0.20478658118128212
0.11674586345487095
0.22815180309490543
0.32384326262582525
0.425967542687622
0.36711392659565123
0.3777158089598159
0.48224961249220466
0.29437586374229363
0.3223975670808946
0.10073588144266446
0.15695756228240437
0.20365353178817097
0.18174787350961857
0.05893854859447344
0.1555818673017299
0.13893096511559133
0.28146287695828515
0.39901499114356015
0.37277421042070913
0.31220441599009285
0.44790103020214783
0.534107905559797
0.1931106400137005
0.22197442826735214
0.3458475716541204
0.2120908665959367
0.3247966607683602
0.4341909793253552
0.39485067422111364
0.28342865178209
0.10890349026470718
0.19713470984496592
0.18781228140253525
0.16474471991230447
0.12560275402157414
0.1202247171908519
0.10640967178329028
0.14585268524798506
0.1402075221680359
0.10198781427905759
0.2685810198921509
0.5467379335325776
0.20732902008417012
0.2010022880716816
0.31006241212429486
0.3546359445985994
0.2976468624712934
0.32158817371103937
0.2036353303295381
0.21982044482717464
0.28298286009293244
0.47176415825126455
0.38605166602590996
0.31488875759224666
0.26941114791933435
0.3492320127222946
0.2684290215786857
0.23528916342707396
0.10248385603429147
0.27001339266427565
0.07702557784828745
0.19199652143000345
0.17005041394143966
0.08048283150748446
0.2690747318748063
0.18070505615001733
0.6243315815864864
0.31618502229396656
0.5520958740822092
0.3441013004904137
0.5131550524906021
0.14339976390831338
0.13882398700643486
0.48040454510475544
0.32294945130708586
0.6403848933119554
0.7368878236769355
0.17517168110774597
0.2575384200106222
0.17147661100682834
0.30880264766256604
0.21732212683181126
0.16200807486419208
0.1907789730201638
0.2473109801379871
0.19921243443634537
0.10909414763561938
0.2498759211418302
0.31933611662008354
0.16324084097451433
0.3279334275750011
0.12564320743074647
0.37402295356050846
0.4506629159817025
0.5785288415495135
0.6422543929053016
0.5494739031749428
0.514256171471474
0.3751698372092816
0.19601984623596613
0.2629541693676557
0.23321669874459938
0.2546065163219772
0.3803970742250715
0.24385766592292868
0.3000546847320026
0.23980175151797384
0.15778824927259763
0.18711409340935672
0.2716057778767403
0.2856093662245638
0.12220900966125199
0.12488974679329048
0.181988815780822
0.2752862437992644
0.14421323535753577
0.3266711640737328
0.1466282287224162
0.45582580896012315
0.3990820092889543
0.20112773725782376
0.41036347951620356
0.3390063190303325
0.21529980836816665
0.3090505708521304
0.25341002497959353
0.23809989855490293
0.42961913480996905
0.22261555244509248
0.08341077360161016
0.09668945566789233
0.17061810686414206
0.15346153183638703
0.1491269345664551
0.16746414185974878
0.05773105191203324
0.20613265081412965
0.3050503304963922
0.22259750942141793
0.2571822665868304
0.2118801127055311
0.2556849258898697
0.3503331717562528
0.6455056965459026
0.25139155848354966
0.6547284745323357
0.5373900372544982
0.1661151367427505
0.3219523440501641
0.3398955946246752
0.21375595681454995
0.33837956092236315
0.1270633174408894
0.07297093109356739
0.18279507227590305
0.1828159715196852
0.2246650815655573
0.1531622830778067
0.20072735851162973
0.16068077178374005
0.21432736433777158
0.43299236233709293
0.35467658589410633
0.11044145972339416
0.48452552504062557
0.32758159913236423
0.48452552504062557
0.2487720279815721
0.13590250474112484
0.13660891520159482
0.198682470279275
0.3998530250574756
0.39382907471439055
0.1315154544548235
0.27008696779802566
0.39789778062102815
0.29084484591363546
0.18131271458624643
0.14008980445461278
0.1312039058198365
0.15049461633817418
0.16670415029242558
0.21298656413358025
0.1822430111566941
0.22549271269372645
0.12451197369667072
0.0913630121408402
0.23045048026529563
0.36504501339641604
0.16449917962253038
0.17926877062248292
0.4328531971691408
0.43474136681685677
0.2375712717825667
0.15389862979984603
0.47543766545319743
0.3512309035632619
0.22099779559462404
0.19326665674900734
0.39861557706121387
0.10629783952891544
0.2135293665964977
0.13461830527438848
0.16742614228138314
0.2012475674809043
0.22892882072996634
0.11140494243913177
0.1987730591437331
0.12302409865410159
0.5764029895882824
0.1298122486080129
0.16559047355655004
0.27554030865890555
0.23349680976372875
0.3457961631322251
0.13481571941732537
0.2543311780048336
0.2853069512247802
0.10694607459001515
0.30671497180334845
0.16840854787579873
0.2800568925587365
0.18166439693810313
0.14596195515738067
0.22681650821680246
0.13561115331362675
0.22373033176888513
0.19678576057372413
0.1395394169631112
0.18667645915237344
0.09791903256077877
0.19204986906266686
0.2545029174078587
0.30229192578240743
0.1304604836691126
0.38528146372490785
0.2137706731913582
0.43299236233709293
0.2864690600990464
0.19772247657658565
0.27694203542980284
0.38436472347704226
0.39167854445232164
0.6684235538082678
0.3622197208777923
0.2594630803425576
0.294472487874562
0.29670808222526407
0.43429288379333364
0.3493989298992787
0.07507875278581412
0.0614425153991125
0.14697640430438613
0.0875235188300113
0.18339309629757555
0.16344029991727818
0.2649030227736039
0.46444872505991147
0.31689369216587693
0.4482222318226973
0.28225880908971007
0.2648133572324735
0.3580320273661348
0.2896736639694748
0.4439020175400694
0.19674436978516577
0.20021970289760205
0.15946582503046441
0.18386996850715004
0.606611976745209
0.22855964953941413
0.09403221533360206
0.30574156478161224
0.1890633067009717
0.15053711834486191
0.14604693965675006
0.1287906730114285
0.14424639947801374
0.04841426172015299
0.1305534799531902
0.2011627159896442
0.479716593943059
0.38533271744949354
0.43849551567382344
0.422905776126495
0.29852643357788655
0.4366911545841242
0.24685432820459394
0.5429677079804358
0.4268555267154577
0.3823574279198
0.3209919211992903
0.2531632428183729
0.34598859003196053
0.43156854480702267
0.27315407445887857
0.13916574833124393
0.2714822655203696
0.17673515435155226
0.10777225653063228
0.17315823185140397
0.1985733698497308
0.13718377359172385
0.2071054606490994
0.21163333054431036
0.20569067606813984
0.2921027589008154
0.2135598646809398
0.21372281992717973
0.24642857217153263
0.3106433939101424
0.24003369776438563
0.260692657235444
0.12903690863297293
0.28150516265606734
0.26383107259637817
0.17884109629299183
0.16421326242610146
0.3092405687439612
0.22124145234519088
0.33887760832937275
0.22568111395324533
0.16362954486330605
0.4055188465740107
0.2774581244298228
0.2092711798505203
0.17053087594954405
0.11180207347864317
0.1704417132975747
0.16185703099087645
0.2471563594191156
0.47550315743795607
0.25328715966208665
0.3414995970238302
0.32643573395230824
0.3862548725034477
0.10155682623891334
0.29016478040414
0.28510390539927316
0.23715184872254375
0.3126971097766445
0.08645676246271475
0.14260856363132662
0.17869105645166772
0.34866793921093225
0.2851391599937328
0.11296596451908224
0.11865706802083509
0.04845239319433526
0.08005663369866428
0.11593750629812055
0.10129727244270256
0.14340589507811627
0.20046574542751233
0.18072544731080759
0.3108111100333118
0.12955803878013145
0.43019322668350773
0.2514596525670411
0.47846997201000524
0.220508742198915
0.24378406121695342
0.16981020684366901
0.24629542961691794
0.5277573767658866
0.21785866947597962
0.24809525572814814
0.29599055518125134
0.3111405476622701
0.11827846940684378
0.40035425757117465
0.20438933771114998
0.07631044281945361
0.1680517569235854
0.10258516768741165
0.1172761475458206
0.13903087291557067
0.11696194180857084
0.19127723886326325
0.27911062434104644
0.19975879216432807
0.3895985233791728
0.1623113881094524
0.3565634600953522
0.35836700843727937
0.2785554394085258
0.19740507535650242
0.3558740768581241
0.36955130004985837
0.2773969220731035
0.26923575409340267
0.08091498821488417
0.18573959051447048
0.1383609343649914
0.214342192506648
0.19771990264407355
0.21272735127662318
0.12527202191602477
0.1754621166281913
0.1587514388540777
0.2629898232291464
0.14524278516045896
0.4458296015431192
0.45310407396206764
0.3977189268587712
0.14385415069359123
0.23927266003036077
0.21318627728301137
0.22384583036727385
0.2902601325146908
0.2278517762236207
0.3651620401350465
0.5018238893104913
0.3900215785126941
0.4707387768002203
0.21951162916889028
0.3355510433317484
0.1001332512027737
0.2994772540718009
0.07550031888099468
0.16867757827791388
0.23674774268803658
0.10476610521426996
0.14829709759529414
0.2636356084293763
0.552969864384631
0.4006684660396609
0.20924240100886043
0.19123799081124904
0.3486022474876048
0.5295718667645907
0.366137184787893
0.46430041268398464
0.2624587767724988
0.25976666681399335
0.4586370198023368
0.3328115689110619
0.13586627856366557
0.33134848227279123
0.15805481225790452
0.23637007537860144
0.1549826424599564
0.20136518771331002
0.13830913904092984
0.09944085712765227
0.16028717465825018
0.2560591005313856
0.21401706214258823
0.1549490444472052
0.2099243041070193
0.15083540137386592
0.4376585571487789
0.2395215787342888
0.3423221122081042
0.2115705259026193
0.1755369328904297
0.26763103043299596
0.5435693610403063
0.2596149007669659
0.12948177583176657
0.6516179202488428
0.3925819039096346
0.5781224285944387
0.3846981347492111
0.16035918277590583
0.17176446286388247
0.257139154102043
0.24741867196612882
0.2661251998099098
0.15945049386155957
0.07279650360583526
0.1731640786146755
0.06486163758412726
0.32945954119324206
0.38931648662349067
0.19947944618339494
0.18209049971197455
0.45337296948687716
0.32817846122320515
0.21141957498822833
0.3900215785126941
0.39202467834489385
0.11994487357000312
0.1553216969550712
0.37398073803332343
0.10894162173888962
0.3237701243371243
0.2777099173885036
0.2475577622992078
0.18103234255289585
0.24292564911219583
0.16375759126741987
0.15349335865942232
0.07395574128455469
0.1305283522184987
0.20938395445473065
0.2533805676761566
0.15670059979236048
0.17954355622896953
0.35207554298162574
0.41829935865489404
0.34716414795340816
0.4265452671603551
0.2168302960746563
0.21445686727694796
0.4524229800277223
0.41260680610308403
0.42470488903064724
0.20299338539701267
0.4787229446580545
0.45375296527053877
0.35788655117293733
0.2640729018582872
0.20344911744691155
0.06744186733713094
0.1377862155902946
0.15954762106594164
0.1485312509072867
0.1358089209556904
0.0910363839569361
0.3401722255340314
0.4456301032531204
0.26423318547886093
0.17247610415671455
0.2558379158712082
0.2694584280341163
0.5691000609917701
0.4201903542522249
0.3337122972117806
0.3218795553241873
0.42339621167729946
0.5074248914298928
0.630109008467974
0.5114071068095821
0.3589845632179033
0.46697196180930484
0.2010113168935364
0.17723003349985716
0.14806929673265043
0.13728139082784346
0.2209295486209621
0.19457816611329384
0.09720364236855399
0.1305869902922718
0.20451217120228446
0.5255108653389198
0.4549386619111523
0.14855524460419564
0.17095133143365826
0.10485667065791994
0.15394302698938864
0.29084443052943765
0.5601589838855997
0.2694419489865232
0.13085450890232994
0.5692559367481222
0.4311141832634888
0.2283335965302713
0.20654923821211257
0.21000950382266884
0.20250433200130363
0.34047622216096
0.14910362566993549
0.18283146844083406
0.07821231713610266
0.0888990394867976
0.09382789489899322
0.20935758413617234
0.19359360056126343
0.3790365088680927
0.42488837243378774
0.48826452422731703
0.20739608791469116
0.17676844531006414
0.10866199092821957
0.3093158391521019
0.4593769028687334
0.19706764201444485
0.3051089247007787
0.4654311560629656
0.3882941033841465
0.22438494318713256
0.49757138089853836
0.45518250968419804
0.16486533362038167
0.23745487974340052
0.3275688417905927
0.2895839633645826
0.1777427840202966
0.23260033697671367
0.1609615125066392
0.21024802175369842
0.34370343610707665
0.1632916829400906
0.45519694924845394
0.23496096625885507
0.4754082062951895
0.5364244594037259
0.6028859031407942
0.24016144347095522
0.6895608608760522
0.6675595109517418
0.44590011073204017
0.2689435253594535
0.49401650321855906
0.23558693267705208
0.4137037197044967
0.23338714828593823
0.1290877505985492
0.2232019949272867
0.20230975522153458
0.24722525685035826
0.1619040067255293
0.21310163547753003
0.16052172695334174
0.12143748513017144
0.1881476205551405
0.4063080303764406
0.5697656780224827
0.2686290171804385
0.22705066152879505
0.55337187963036
0.44872785954719696
0.1345786828808036
0.33401629383871007
0.3809652713236489
0.114432554021144
0.2623680902539247
0.5170086277581721
0.2078658062653806
0.1442767878145068
0.4401434311141821
0.14977713070829846
0.08386360081985994
0.06081970132080122
0.11418876514837646
0.2159675119885946
0.08288549402844042
0.09347019980288038
0.20019872985700055
0.27378718057756346
0.33068911635594606
0.4488248114523442
0.1513946629952069
0.2057641040386776
0.1464090740275213
0.33529183047479044
0.1683562313226576
0.41624236667700454
0.2467030991319961
0.29209324819339805
0.10500157536775968
0.23650937575109587
0.1494510951111588
0.3214239426275533
0.18230577135997839
0.14160254617351006
0.07915419775006219
0.12933067932389597
0.14663200737667997
0.13516869276589008
0.22108154693442728
0.19906106539582133
0.1915734662964821
0.14415112373331157
0.30340864906899323
0.10346339994802997
0.31377233275884336
0.470219789021979
0.36399796116962535
0.3723533258683848
0.2872972424503746
0.3788827925865117
0.13864604012691742
0.20466433242790844
0.47757870090613275
0.24549673910687667
0.3438536646043461
0.5068375962742526
0.15200504062208717
0.3043316028814051
0.12546155496143685
0.16114273668730783
0.14358638381238914
0.1928975677193583
0.14394240285108428
0.14208005275176186
0.15142831978922217
0.0700983600384992
0.3579784996197485
0.21933416174744347
0.33568827528682166
0.36459306199794106
0.467984517769066
0.21369822083643786
0.39925756148238595
0.2782083410155733
0.19929831529609504
0.2626939990209979
0.27102110313569033
0.3599320062844438
0.10182374655818953
0.21092832698880165
0.1936716455390557
0.23052663412105176
0.17803456821835045
0.15946494503562464
0.09881327030105996
0.21907806627208656
0.1332843416858252
0.1902012629751826
0.2385190305439141
0.12505276459185988
0.15679662183770166
0.39768341632787846
0.169502284335259
0.4450684753963789
0.3183565904868878
0.3826533682705219
0.15036511319228368
0.3340204558720221
0.2747404854637956
0.3882462959833159
0.6544662915583161
0.3017715850890909
0.44189709682029155
0.47111389752314414
0.6587141175858462
0.22525816039863486
0.22518550139797455
0.10354779797004718
0.2052533805676759
0.11348630521239877
0.11893361945738426
0.1557195437305047
0.205766879154562
0.25022722354128635
0.25210797492874487
0.498855143215102
0.09221461506424504
0.4269667775521659
0.4011620303621032
0.18089541714642368
0.3807404847280412
0.24913912396009413
0.23844612271243346
0.20677902094158115
0.462824556097981
0.5071931567805752
0.4764089374970242
0.3719398730481561
0.26444471304562206
0.22979219769300524
0.19507821843608503
0.05832844500755628
0.08325353362016916
0.17791402591044822
0.1816379845903339
0.15610734426956646
0.0691704941667294
0.08739733882587869
0.35018928660222143
0.3724690446055263
0.428136716918835
0.24253963110773763
0.22671162310476203
0.42289730763720157
0.3226853199723253
0.2850946658682871
0.3308456079604949
0.37432791808166305
0.6617276434591695
0.4372666741308063
0.4013619842440102
0.14347602685667826
0.3463058813821022
0.221927672126675
0.10151833946541028
0.13167211340811372
0.30417664100221686
0.23210243864343333
0.15718419242596368
0.16090196911614751
0.12852415124925462
0.1988710272008258
0.32532403329210646
0.10932293648071312
0.16068603220429892
0.24794976943643826
0.17603069917433176
0.25100027478494324
0.17911581937830162
0.5075691395933879
0.3540658247674315
0.42344392596660163
0.5698794660215131
0.25798758807109373
0.18126198995497594
0.3113578433490291
0.2584351324683809
0.22543224137219
0.13887893104625995
0.18899988090089093
0.12907050897723726
0.13489832474238625
0.1609028744328661
0.13955861557952692
0.15251762988333945
0.27904011515212634
0.3945755984179142
0.3359398626171849
0.18021126061014597
0.09159180098593395
0.4573771396416039
0.46473484341836413
0.5570358192698127
0.1560848343196318
0.3125686544754143
0.36400038629147435
0.2700501935647871
0.3150330513449608
0.16597359662424724
0.44510160195100856
0.16182997642976854
0.38090777354257477
0.2569985827965602
0.15899713703524615
0.06984415021061714
0.19589104434623525
0.11580378736640096
0.13383162632108617
0.18259896172884307
0.2776169698017015
0.1896648496184782
0.24130799652567653
0.24159237748062484
0.521582212654168
0.3629813045617553
0.480732665910526
0.19123274075911034
0.12521578239043016
0.2920490605079232
0.4389197010289288
0.17967471796597762
0.32289741723775356
0.36581362323230115
0.3322721661931335
0.08179201212107753
0.09284769282993609
0.1471153389049598
0.17225394853231682
0.1839831447625324
0.10420105268625388
0.14562605510442483
0.20709770209567385
0.19970675809499577
0.337315959794763
0.24965946465341063
0.41849915755821415
0.39739959055349605
0.12359681831629485
0.2300873705743237
0.3341766435430422
0.3478997875516271
0.4483547720389345
0.25667482544861786
0.5294341565764324
0.7687389294508991
0.41430940292644547
0.3031295223690599
0.16229327502072274
0.27638652957737664
0.12027938006243327
0.21336080567285798
0.2088836822788841
0.20214984463452879
0.16298452605180447
0.11121436480214729
0.13198949046548852
0.24888930412911833
0.5231401953671809
0.312365018988294
0.202656627891201
0.41205570005029063
0.3901564368721691
0.291284631466932
0.26765019954385993
0.27196338615875815
0.1578388821320187
0.29388229941985133
0.3391580639039045
0.2696573905817618
0.28500359339356535
0.31050484070781464
0.29696493793457646
0.23636475993916642
0.1608373083042292
0.1130256736751464
0.2830172376549868
0.10960229990517774
0.13008923526739075
0.15188628018674297
0.2565124292920875
0.19091975755001184
0.5397570456353418
0.39190826968409653
0.4346771769307176
0.38565772083834665
0.2884354212817531
0.24182833721899308
0.19695586229690945
0.37507843888842096
0.5105629239210252
0.25523153329430787
0.4560265836228629
0.5108743283221051
0.3899981013312373
0.28037794974517133
0.4478766146800873
0.2562656471308659
0.19453924914675721
0.14697640430438613
0.07641912135183346
0.1544682860585159
0.058747891223561784
0.11460503770303024
0.10151833946541028
0.19846325428860112
0.23179319647769922
0.2742975964819627
0.46874324966518227
0.3907641236226743
0.23524602744853496
0.3438769895388859
0.33305884636769023
0.16147408267073363
0.45806294582079343
0.13100703479905879
0.6498898345357919
0.48789875256774945
0.3640251619822274
0.32497239418755924
0.3156957899784908
0.2768596653187961
0.14199209564110218
0.12659960127571349
0.09673416755490667
0.11447495252970043
0.13400316631329826
0.11707807614630081
0.2027594232870058
0.15130502565556025
0.3108045047607261
0.42506464540608835
0.5415046213421651
0.29996118286849666
0.28622314472046895
0.33295205662381233
0.3020966480111202
0.1922387582169269
0.214666553027855
0.30107423668972294
0.12377476519581229
0.37908379378099805
0.39855319037205156
0.23883637823242107
0.36576641752410766
0.29373674077056044
0.18573609867569393
0.12231768819363159
0.12828999793726203
0.18650193062120438
0.07464403865629435
0.10609746736730018
0.1871125245166115
0.24030933358771367
0.36847107616537655
0.4472550373699224
0.5662551703062438
0.32208694379670605
0.8604575084851639
0.540529230249985
0.5139627166195597
0.2505960779013809
0.11843635881028768
0.258066982044769
0.39447876614679983
0.27334138089242177
0.10188729901516055
0.19575216882578825
0.28323324836911834
0.09118506526132274
0.20353160790164815
0.131125854715839
0.13043235194466737
0.1139258881118108
0.18950389731213252
0.20219044514990037
0.093916365065005
0.2011697678705498
0.07476311038013644
0.16637293157929586
0.23103126783266872
0.12099036626003085
0.12119467669237197
0.2505207029397465
0.18232635115609333
0.2866198529610597
0.10943733090325955
0.3679526504514615
0.4314809815978365
0.21869919340106006
0.272906299332981
0.17808744597697831
0.341160214571552
0.13230247367458703
0.17996600314222233
0.08452782240006973
0.14701165889884574
0.14287166674769622
0.20425973128267141
0.20901774383151794
0.05496016478811799
0.19911794951095493
0.2950724469145692
0.16782606790725305
0.15187766166818298
0.3900920877016142
0.08977420071657692
0.34458029118244166
0.2741607983755986
0.22141098198470552
0.15208748367830607
0.3076424590659691
0.5314277568923756
0.4390479153677132
0.19635883152697592
0.18186560042966624
0.325576179839531
0.49159711045893384
0.08034301610214936
0.2813323540847623
0.15830243597325927
0.11676445158029473
0.13678782650540117
0.18174787350961857
0.14060781621132007
0.19087504566299748
0.45973433478103976
0.24843666402411638
0.14830932922561815
0.19613220138341658
0.2910528362206756
0.2920032833628545
0.31854647418792326
0.33467186521025083
0.3578800290526705
0.3683727024801404
0.3203397970214097
0.25393217847358823
0.4283592546492362
0.18584495837391643
0.15510553605175403
0.3367902630594408
0.10780035959088538
0.17557350844601827
0.07703496636865324
0.04741013290001857
0.08313907727066029
0.07748779358690303
0.09635823525872375
0.24469580357475473
0.2308474726535628
0.33590820560811685
0.10835693913476097
0.25384820723461166
0.34975506298201525
0.12135769449094225
0.25264214085058423
0.13586627856366557
0.10784851947899628
0.0986715446924516
0.5617439865049091
0.14970416763979014
0.8384239858296957
0.38240658610930117
0.3893182109005584
0.20165633570503888
0.10688376590709658
0.10115423078079008
0.12803623408314943
0.1680563355942454
0.13545395041542327
0.15891423672735913
0.1631701895043707
0.1976862366535393
0.369504261206493
0.4123644532768813
0.34144074734660107
0.16468983699344258
0.31535850086091605
0.3828457520392493
0.42279139716470643
0.31045092094182575
0.28653612792956745
0.37729781359778775
0.3846276255602902
0.3318328594808998
0.14206516231193242
0.312555343703451
0.37881751542557174
0.31442519548969544
0.20611742342420097
0.06729012463191783
0.1084068360489987
0.14669445435263462
0.17841528727800265
0.07230745021012551
0.11909011106193397
0.3736553333045313
0.44634304748913395
0.37292310019951874
0.25369762617849667
0.2824888655741722
0.3472781466885068
0.30021056300914045
0.5797480804147392
0.46038459550916017
0.30335801004989504
0.6413790123990135
0.2898671635121139
0.35982391650301915
0.278512356097829
0.20842246470805312
0.3340714490717947
0.25287669314567573
0.20458828158484407
0.1253606871002699
0.16481522910122454
0.1656945617841496
0.1768263705879807
0.16097247830506758
0.11381650119321941
0.14280750328080136
0.21633846531750228
0.4044152589968455
0.3733961204475733
0.31717366961126914
0.518922242168535
0.36692981914129286
0.5234371624832578
0.40649014961910096
0.5773888543202135
0.6452672052533794
0.2816441778670978
0.1832293129835948
0.20667034240920154
0.4212730611424586
0.3255409252450705
0.19752235150404865
0.2026517514268306
0.2398582969715295
0.13017876870244804
0.10006151532482477
0.12513221497968052
0.10804874496723828
0.14200442435440974
0.19979260871495663
0.2922547572142797
0.20902504394410037
0.34699080155119694
0.28436533876172876
0.6641946302624359
0.5260690585344323
0.2297520314217185
0.18952869981779283
0.1300283269617128
0.11523331497897256
0.4561239431254847
0.4225357147994334
0.4778603525773928
0.5100683404092159
0.41913534937895025
0.31314102923806314
0.35044989116132436
0.13630324461434168
0.14130041459630105
0.05126141179243294
0.20390573751291494
0.06272627502991723
0.18170723221411159
0.2963207120994604
0.28788362318810307
0.22989056822669476
0.3533503261761779
0.1931398651278981
0.18434025668873136
0.10646307591703906
0.21098125752693922
0.36046601529522837
0.31457674636796296
0.16646930578861716
0.47826382844646187
0.28701088895080673
0.3797522652222448
0.3445431516590941
0.21153685113577453
0.0739623494223077
0.16026738641586416
0.1019867758900967
0.14549248034373247
0.22994844998153527
0.09714760744225028
0.1827882662980076
0.2186028427009971
0.2586818459053503
0.4723290275197637
0.48330496900819486
0.17368332510609427
0.22443074833334606
0.12602045354911193
0.14160254617351006
0.2618483184329309
0.3006864361506612
0.21534299592916656
0.2770391626341858
0.16999133773096892
0.13704362933111497
0.30327611755349265
0.2488789536134354
0.2917008683630701
0.16550475626807978
0.19048575204373533
0.21976930055730748
0.22562940454499178
0.21251469540581439
0.13980044880917136
0.14503740160907744
0.2265914857975232
0.33048233305065516
0.3891049590567305
0.16450307184578183
0.18937799533265748
0.3363286819026214
0.29664622925991957
0.44914353342237423
0.36707434210035167
0.3745448115446858
0.1983419307943447
0.4871473625091797
0.538196639028725
0.2939647382407578
0.3930530954335324
0.2853425357582814
0.16539061319355086
0.09994259383186238
0.15986422618651314
0.07223499785520546
0.1615085083468755
0.13645648591294732
0.07386517584090473
0.0765277998842135
0.17613937472958177
0.23795740268717255
0.27507120406872243
0.403251525621888
0.5075387739231852
0.49604700393139356
0.17972567547162985
0.2390705315444136
0.29300384440670213
0.4018231304272686
0.21557714924115912
0.4545509564162285
0.43318876999737543
0.5300880823028898
0.4834686355528903
0.25192294666933973
0.357693115392732
0.25854913120347955
0.133547803206226
0.19428003628979926
0.13452117807000552
0.17270808367428175
0.14543180069565984
0.12440067350922979
0.16271419456397695
0.20889813781599337
0.20096471945925437
0.42303524493775124
0.29387454472718216
0.27096741604473534
0.4409174149610594
0.3615856061303849
0.3454921665052957
0.3256758617347443
0.3659342247496888
0.2975295863237472
0.21563348650102243
0.08153780229319536
0.2919127610089837
0.08358419140764657
0.21907204997540264
0.37414376644220715
0.31383208390905165
0.22568111395324533
0.11473070207806334
0.08580211117997022
0.14394450918081228
0.11315319310581735
0.15959822913795021
0.09565522158308468
0.20137424355640532
0.1855543311083255
0.12579573332747537
0.585275296603762
0.25512916915052336
0.0806480678956079
0.06317114222871097
0.36479595231531514
0.322403266338117
0.3496370652511741
0.10053998692738489
0.18382942216161113
0.4116300168488348
0.19030986842998068
0.2901023890784976
0.2668084304392104
0.15999291275201372
0.36620193671486373
0.11739105935539933
0.08600094528999895
0.050892807542003815
0.12456956198004707
0.16423147514587894
0.2456905862530778
0.2790024936591084
0.23662493028582515
0.3798057857699556
0.14637187002706034
0.28313485840639674
0.4072257809853271
0.21378878628008785
0.3228064111979943
0.29811285075507005
0.6569665418790228
0.5618808773537796
0.1995156723608551
0.24679759084016842
0.28785512859648166
0.2195317385103667
0.06040025510479573
0.1963438214180449
0.2626690283838069
0.09145816488724813
0.07897306686276227
0.11343535371369508
0.2330755605478022
0.11517782094820393
0.19583927222616038
0.21885529560905512
0.3907619249963571
0.42855485025764317
0.4894431217970349
0.467318814747265
0.1420778728033263
0.10414976648331122
0.21067333501852917
0.3295752936406429
0.48035267012686356
0.3735747883051026
0.5055481530331466
0.6002073702855651
0.5057089774857986
0.5814695481592657
0.17777996588486505
0.2757918313140153
0.23761596666144444
0.11808409360411738
0.05042251936042185
0.05265956584578463
0.18030799934751743
0.09525867528344278
0.18366754348763956
0.3353802367333798
0.12509665630079939
0.2004092180309735
0.18495509943946387
0.24327127124380837
0.28750480991850785
0.27632016815561283
0.13350969462396584
0.2742474620847288
0.131953851397987
0.4729047527670931
0.5234371624832578
0.24963778337235756
0.22753315264584004
0.15225168686450166
0.09368089491151531
0.16606033344371723
0.17730159415907015
0.12133958140221172
0.1427814862461361
0.10369947854590374
0.0791360846613322
0.11926208690821548
0.07659342114088784
0.4671447703806098
0.4938868967900796
0.1822456514692858
0.25534902767490225
0.08608815821228563
0.2554195368638223
0.16747165214401868
0.15012127939416864
0.11753391392130566
0.21235103694259544
0.27070811992659183
0.2656433692572678
0.10634868149449175
0.09748946899279953
0.1909130003779418
0.1377081644862971
0.22145002599250063
0.06067988591546603
0.12655674731062688
0.07040557589347637
0.10977047410288798
0.13167179465706993
0.11960429776259561
0.1318106429174321
0.34760650132581283
0.3852017258979529
0.3176221540588404
0.26102799638804924
0.27049910942075023
0.25340591764529175
0.3493325268933335
0.5555363546031874
0.06901796827000017
0.2261377315052289
0.3195161266842094
0.45286595584026923
0.32436168833974116
0.40840437855504497
0.25754388963113944
0.22676804769516531
0.11733054605900049
0.10615802412358043
0.07196330152425559
0.07874149418649189
0.1538663055801166
0.200069123428522
0.16252419667214615
0.18849152797197932
0.17730902557788564
0.10284058586971888
0.30726459066892015
0.2664514072241051
0.2192076727005651
0.36644057545254205
0.23695645611633082
0.4716846654292914
0.11688567886020686
0.36759965643603576
0.2542466453390513
0.2512851301229813
0.2662980083812148
0.1945318097416306
0.20385526347152258
0.1268923353458864
0.1782472295905436
0.3771105810142563
0.28643985073698436
0.1508385484062955
0.15659091159046518
0.09373937590102538
0.09537045500097815
0.1799596565072882
0.3469361504832108
0.2818957373033987
0.12650181169026004
0.2411654475416098
0.36764115916100515
0.42833124734356537
0.3672823650858941
0.296453104073961
0.26224345183322423
0.2084484817427184
0.09844463724750276
0.26695232141741154
0.4771694505537645
0.3173272353226974
0.12838557291817856
0.31582529291766714
0.21946688555752303
0.1322225008996162
0.19734738843046562
0.04660937194218983
0.05846905042041214
0.0754960212232307
0.06647503563906824
0.15371998880298166
0.22108156185963143
0.1707323405631665
0.19485440360724857
0.41702033320263887
0.22268030391468113
0.25445515117256834
0.18012222168931807
0.2639158941287202
0.40986746519331557
0.1009804696697015
0.22478472667630633
0.30824982672088536
0.16856653686864512
0.6606242584746994
0.2007473623944943
0.18271331379028566
0.17136977060133024
0.07868325744308242
0.054794928399994565
0.23122743435819723
0.11082595943080045
0.09301089893038154
0.10355483828295939
0.16536427233608555
0.379589700040215
0.15492124790761624
0.2379335335571665
0.286714975477623
0.26727234025692514
0.3425049889075698
0.09128674919247531
0.23352617507074677
0.17872184649882475
0.30236722741001204
0.3031913058423023
0.43801131603107385
0.2268664363431415
0.15006694012797794
0.13901795600268343
0.23420534606190105
0.19118566575742035
0.07181839681441575
0.17496077715986386
0.07977004276688189
0.2489279349835455
0.1415790882551469
0.09995342341991863
0.22583149423019908
0.12414336944624195
0.19000240416463768
0.16152169183827123
0.2113811724714968
0.2732720709925487
0.3317457338700584
0.27099874719218364
0.22814337698476034
0.2506771945442953
0.3351622240463119
0.268638963304692
0.16022504711486374
0.17372819290581296
0.19253811523335096
0.2146266815752007
0.12344069969489121
0.2770067868993915
0.09429673992833537
0.07586892313142371
0.1827882662980076
0.14405027296419284
0.16650744963531164
0.13214089924725306
0.18607383193009533
0.3623819764559325
0.10854759650567226
0.1619672394235831
0.07503003069941272
0.26519905741756034
0.09667599754357624
0.19512855360479545
0.3086361083509736
0.10510305333786955
0.36418795906145623
0.21825690381174107
0.4517216053916267
0.10775954603923756
0.3248583954524606
0.2402695072845001
0.2604256892771645
0.18361737310296478
0.2592128569577049
0.17783991122467957
0.08960262157616469
0.1817946170130031
0.12157760299347503
0.15789645859143686
0.09685068543926373
0.37346589185966655
0.12114369347723197
0.4188085502049692
0.46736078109474133
0.13044777317771872
0.24895700471743293
0.30181458317338683
0.23186381294197533
0.3426874037193886
0.6041328577192494
0.5732749605165798
0.25374626001844847
0.11288187407106316
0.2795644699481354
0.15749330650727514
0.20751445486138537
0.2032597446806895
0.05657439719516959
0.18620123558128399
0.0530663015703961
0.17175011481476987
0.11048307281172809
0.11934013801221299
0.2679739568918022
0.09724796965631104
0.5096824869597789
0.31459850929359284
0.24505444951755675
0.37115542368099863
0.1146232113920553
0.34165420909031224
0.18581366158343665
0.1930658578973072
0.17340353604783043
0.2843133019397758
0.23631572125977363
0.2043617324533087
0.30103265981686667
0.34664699244176983
0.2675940726660037
0.16736493986512022
0.22253423769818945
0.33834824577245465
0.14370924598375145
0.13099222297743576
0.10839396009106624
0.1419284251976767
0.1463059455351037
0.37879609709243506
0.4438842295331077
0.11225905999275206
0.3219855704842948
0.22573516832837234
0.20265318295917822
0.5151626920457121
0.2491793463293247
0.22041817675526507
0.3497255770447369
0.3107231529226522
0.26402165791210075
0.369279902562524
0.23548018076052754
0.1971570657884726
0.18557950827144407
0.32276841864232086
0.18970497279009343
0.17872726487233762
0.08864131600536271
0.05203675176747344
0.18768782542017026
0.0738987969653372
0.22111954651279378
0.2808168841260597
0.3670759270172857
0.20553457386014476
0.32048739872803533
0.24770818705347256
0.454854953043158
0.34778014315956735
0.21353707864515858
0.15500590106567258
0.10256906881024029
0.12173370520147009
0.22856746387256424
0.13393569445974984
0.10887777635597812
0.3259983828034463
0.17844514107309117
0.1694021203564242
0.15602193345336063
0.07044180207093635
0.06783351729381765
0.10147362757839595
0.1369169824447787
0.16240261684804067
0.179065548006123
0.14067410643820297
0.24009844923397428
0.15810580245129488
0.11501723662527265
0.32945634443476907
0.5986520931438183
0.4898495347521105
0.38263252883052495
0.31770855834449335
0.47008251609279683
0.48286064229903136
0.24558350500943948
0.1972494560045672
0.20717370125240597
0.26204740062233156
0.36220676545556607
0.20623343063921476
0.3863361550944627
0.04871931351361152
0.1633040998833536
0.11873747414180169
0.1709076770207794
0.047829579116024055
0.0891163965515575
0.46692875966647834
0.42100488184213813
0.23165538439285074
0.11538037521004521
0.17626604976136825
0.20678381813071636
0.3145225101368607
0.26929535380209124
0.13097574460656708
0.09141385410641648
0.15282522981403757
0.10237517750191098
0.1747217701445283
0.24295366454394018
0.16601469820273188
0.37211721616288945
0.3013410611189861
0.2057610008691425
0.2365317319739051
0.08347709305523937
0.1363891649025788
0.08940141808460156
0.050269993463692535
0.20305007128353544
0.38003675429079753
0.3545844321047892
0.3308291144140939
0.11414868517640513
0.2696178632078416
0.11668451759860475
0.10177290459261325
0.27096653890461875
0.3585131830475744
0.5180952351298351
0.22741490001411652
0.13704362933111497
0.24787505364934945
0.18620255214431086
0.29152001267542454
0.22168088996545432
0.16139553343858892
0.10105016264212643
0.2026180498552725
0.059968098397396113
0.22475235094151202
0.16340033350645458
0.18216048957562062
0.20170082776802295
0.48094317762543354
0.4660304841687885
0.25447770494048993
0.1838329234582842
0.23896529851617676
0.24942531134141804
0.16861474298748907
0.11944048763042228
0.33746695665062515
0.26428103813561366
0.4741181454908666
0.4778760279074001
0.20580881592569192
0.3476456417713059
0.35599174587533855
0.23730834032709344
0.17749603054842011
0.1430304129702959
0.1700004320214279
0.1841457099445623
0.09565522158308468
0.17239593689235616
0.2081911262798629
0.2746792240895145
0.39014167108555553
0.40687327466464784
0.3002116904998483
0.2788805697725864
0.13928041108475667
0.3010943335862951
0.2782292594795424
0.12037958769952237
0.19105473018084076
0.1519898872193841
0.1527295641712868
0.4154750075603742
0.34997235920595854
0.15263490603088567
0.15515547021914233
0.1817514148701775
0.1651370299513315
0.17187203870129183
0.0923604730637361
0.06209166816641033
0.13622848844274998
0.128608760590645
0.10737438999138903
0.2616753790988024
0.1295974045102367
0.22005591498066523
0.3910439617520383
0.14795887614463787
0.14828086535755164
0.232975414963041
0.18562794031878252
0.19658194636986265
0.3946676206735038
0.2529485462478936
0.08591389089750542
0.19265786231652574
0.3899125890991243
0.1994867269754408
0.21924555112904273
0.12278334686707243
0.08199537998338322
0.07460781247883436
0.11302488719728505
0.1284345399286919
0.15120032231902483
0.154886281420544
0.15046660915594096
0.09791903256077877
0.10833493234856222
0.24815047664279247
0.2995886758389524
0.25231320218932735
0.7212597744848129
0.516956841059315
0.5269365360521872
0.24495480945310835
0.18247778092576228
0.11664829142114459
0.18441417798946688
0.19872226016695477
0.23517939050827935
0.21674002894159172
0.23025622585652972
0.19617553341478797
0.14546417643045415
0.19280737710258739
0.07477083027740429
0.17730159415907015
0.23868632851565116
0.16161220679135777
0.17696403645129422
0.06090867476055996
0.17873576833868207
0.32718917583044005
0.30376862945923183
0.11517782094820393
0.15080957676590812
0.48775219250874774
0.07565284477772391
0.15160126099785623
0.30163831020108534
0.23066862510550637
0.5190181396424008
0.12466449959339958
0.31420650617795576
0.3186683980744461
0.48570412261034346
0.36259104774047385
0.1236060116503534
0.25908601468767867
0.16563701559597346
0.0970680425040238
0.13753376445523122
0.12907675453187595
0.08624923005011081
0.24027133904044462
0.25745104542692443
0.35210409314101077
0.2143543486118649
0.21714405326486905
0.21464053599318886
0.34199650169576123
0.15034372008475802
0.24207336905642224
0.3580593597442423
0.4613542208177099
0.7849829351535816
0.28946552769214745
0.25910364823711096
0.1437273590724811
0.39272564241445634
0.30083532770794147
0.12043190595916216
0.14967368330535416
0.2083546532595158
0.20646006078277407
0.16074552325332866
0.19375985008914492
0.12912254304656956
0.14658792157557682
0.1746294412636343
0.16453731109671285
0.30650121161100224
0.407556848040401
0.16332572107833243
0.3216981744489136
0.4092106968505629
0.45542635745724286
0.47347474644258547
0.4856683976481728
0.5419698004553303
0.49082492584429066
0.2769257355164814
0.3915410204346128
0.26284308355885766
0.1963058218396784
0.20090354168962476
0.27766291912166735
0.19090362900173913
0.17328379487622575
0.13706447916680622
0.15332223130721417
0.14808661094878664
0.18937799533265748
0.2845743251749696
0.2723417422046971
0.2961506890741774
0.19785954863372138
0.3277720482681296
0.3107027041549726
0.3956516099486514
0.28964764693480866
0.2579652321275861
0.17536002086912128
0.2657770693757161
0.28108488163081563
0.1901118905659914
0.4026739558884853
0.15885178816202447
0.22232417083194453
0.18686867674356578
0.0650268739722506
0.15355629617772748
0.1473623649040405
0.07199952770171558
0.08449755892540962
0.17138290059186886
0.15849577518430352
0.18752165413694347
0.2445516660233699
0.26037848293573745
0.21259233646368703
0.10572586741618065
0.18781228140253525
0.11234803343251079
0.4165326376565483
0.25301566212530413
0.3409081090422073
0.313724518991171
0.2736784839476243
0.21168842906803986
0.27174792708470974
0.1838329234582842
0.2870781626890415
0.11615923802543467
0.18257225558387608
0.1687989982752216
0.16248389943905558
0.1309437354731778
0.13497443835712505
0.17065610644250856
0.168483323869148
0.30747235334075756
0.4333494751042243
0.29121973447405625
0.4153946813823383
0.557598574363142
0.1493864053549377
0.1757190521330909
0.18252559513212288
0.5818896617272207
0.4837533404259823
0.12041581387698254
0.287334646298749
0.08294866683794126
0.1567375199277676
0.38290015043174264
0.33504684016397573
0.16429757391478636
0.19033955549037676
0.1423391966568162
0.15441110074176706
0.1257923626093413
0.2468570441093873
0.16462639211744629
0.1523297379684992
0.19586042106506515
0.2936479145836228
0.18841589187722466
0.31712163554193684
0.17005366436175579
0.4077898941206124
0.34031260032387545
0.3132685240507763
0.09178245835684525
0.2674410325411652
0.46659682275830744
0.3349269764462603
0.33902788328406686
0.3427836817932472
0.11322505733870335
0.18534535495945148
0.21481161650400815
0.15157524396319008
0.1787055393185254
0.09632540586609364
0.19417998129899278
0.20972958244346213
0.13697854033351886
0.15734125507567176
0.3137914426135437
0.3058336069418444
0.30688459488525854
0.39885367411077793
0.13761649032399512
0.35320155146752213
0.4561239431254847
0.3218795553241873
0.2757918313140153
0.1140512392793205
0.38369922725182415
0.2670956064124529
0.5509334018999092
0.25488738460843857
0.5726358537009238
0.35561133569077946
0.26344666695467994
0.1665517791273523
0.09460466243674451
0.26136110000257684
0.1169986048922873
0.18110338272778304
0.07290518213821522
0.06619623918050846
0.16986454610985882
0.3707175875923435
0.24632385149310249
0.12561427034249012
0.2481151090733953
0.24795254389136542
0.28583023130437185
0.18599859639282412
0.21667473755211214
0.20899483947070105
0.246731262331598
0.26007314333256326
0.2373013731871367
0.17393999107410676
0.3870601925780412
0.35852888711125
0.2195964919860016
0.0527104078113611
0.061421483883400664
0.13960285006832307
0.1043757713157803
0.18424082779448397
0.10318376913735906
0.21916447055773952
0.37544428789844786
0.3784075690154223
0.2821725147086953
0.07485208381989517
0.2500608385058789
0.25270345770931496
0.16301384508869102
0.4177316897583758
0.2617185812416289
0.21279763885060055
0.09474400285167278
0.3747518418472534
0.16371257430195987
0.28656177462350724
0.2860572961509226
0.1069396758618689
0.07189084916933562
0.1054306295791403
0.11760932711907694
0.26242084509204183
0.18421393701127503
0.06991652249776661
0.0769081747475433
0.11967136559311665
0.42880630889981886
0.6041328577192494
0.3455302803039787
0.18567746060192078
0.3392977006434805
0.35736812545902225
0.20466866280683327
0.1141656337018678
0.1564245367186691
0.2636306122689682
0.47653844043620147
0.27639056072861296
0.18734280658888794
0.18025597249716027
0.16038153871941255
0.21151067541067317
0.1972177820019871
0.0783352260486232
0.061982989634030386
0.10884722037818488
0.12089099372163668
0.14398040242945082
0.06678295814747807
0.2593091227708028
0.2747404854637956
0.401549830901165
0.25615988334748624
0.2221391996934361
0.10880323897254736
0.21973411204840726
0.18976989436069633
0.2392073458150945
0.16265569160618798
0.2595759544065155
0.13266016877069894
0.23208191126279776
0.1576050769782889
0.16544981180150697
0.22495750392777722
0.1647747681767317
0.22047875394867386
0.08763529854754651
0.12160325988710986
0.1183254736602452
0.08861402007185472
0.093687341831694
0.04908791776404065
0.050676729188304
0.05628205589310508
0.12262235013604442
0.29334254979046903
0.20318092562313445
0.2554352463492274
0.29022914613901957
0.20458241165227894
0.22184153850175048
0.41133055183158623
0.42178252041301195
0.21520150917721542
0.254185626057717
0.1598746780215937
0.1734295530824966
0.24088095847305707
0.19214998600372726
0.06394648220375156
0.315159631917742
0.3268674126236652
0.18909577915064538
0.17096010306943804
0.07558591927025388
0.18467404678615987
0.1783340046869877
0.12383918764695119
0.2066866909263343
0.07870336271230953
0.1810265272049225
0.21954094820577685
0.20596393194873155
0.3369666477382969
0.4022551518555315
0.5434699697930866
0.2596533930496861
0.29691388654913214
0.09770554734649942
0.12247829507361381
0.06026043969946053
0.11394944120037558
0.209018182795163
0.1744749879833067
0.16466298716342936
0.30151777137027325
0.08007609578287309
0.12992055843396433
0.059408836776055414
0.1473623649040405
0.13960819406221395
0.38877608329373
0.18474951714207208
0.3038066290375983
0.4497428615281971
0.3443210783254837
0.26111030111542677
0.27094139901006925
0.4303832245753395
0.31372087015604283
0.36841051210861886
0.3233040876551337
0.270160887970094
0.25441741910398663
0.09163411588502653
0.08748621856585821
0.2611660357608275
0.275100929290387
0.16471434922810507
0.12322596061073383
0.15634706381742036
0.1498320264556585
0.100399736775481
0.12126353656237891
0.1623462963148483
0.33576874555090985
0.148291857432439
0.24812700917007052
0.1650954967076294
0.0833383212466902
0.1948343706630393
0.12577453817053444
0.2118827303186094
0.2179707164304162
0.16624885151472446
0.496631472160203
0.17218073541853623
0.10076877577247864
0.22339257008015426
0.20804647178769112
0.11926895860998948
0.2106844759109714
0.07886438833038234
0.11830231383684651
0.1357301886715965
0.1139625864756726
0.11144165920541636
0.179396009466729
0.17091427394283096
0.23208949599317938
0.4301172275267756
0.24968548168807678
0.19924027192366203
0.15625831020304148
0.24262375654792384
0.2237985321955652
0.3096411031435408
0.2557499587605485
0.35032796727480237
0.46863477849718643
0.2909402488004515
0.36205998267295
0.17509464330111071
0.24944636582996113
0.3480926960218885
0.09422287270451425
0.24790924926094934
0.059917256431819645
0.09324664036781052
0.1367439880384273
0.1321901251648219
0.25782837869969216
0.2852205469391273
0.19109860509806825
0.3212486871648894
0.2548108375172481
0.39626164173214157
0.22915545087352657
0.1531622830778067
0.18888003678951024
0.21165765149961485
0.37861430894803483
0.3082661050183977
0.2729943405192891
0.11938336781937287
0.3101913854927196
0.10952176724092585
0.18260134071527676
0.2723429781504022
0.09760604935168027
0.10058185601814129
0.1067212942666968
0.048236314840635446
0.09666486461464266
0.09639882840230143
0.07149236121727583
0.23287462325807656
0.33546027781662524
0.25505603870890653
0.07292008912799093
0.2330081633140395
0.2115275667609298
0.20247784540308478
0.27888267886396134
0.28376423080978735
0.22823824453504343
0.24227761696980138
0.15380889132834655
0.39452196828962627
0.2044377316100408
0.2685445198081817
0.2852637490819538
0.3119005392295942
0.17688981869305376
0.3090364110391642
0.14313553807967433
0.11765342024221485
0.1271718862717171
0.08658469136791912
0.06814143980222749
0.13001894436905181
0.10061624987574977
0.35136302760616894
0.301720977847811
0.4126754210566994
0.26581604318089797
0.22782804574696314
0.3279029830739014
0.3501111960647519
0.31318182318093124
0.3178813669157984
0.2176523955588191
0.1366935001343293
0.0795168341615324
0.36028508467414405
0.11285645308827458
0.14996218781390824
0.21804055039783246
0.12120489848860581
0.12001684888219281
0.13284455613252863
0.049609047911198995
0.0931149670690452
0.14817816342040907
0.07645534752929353
0.17398719878416663
0.24798029982287031
0.25312798822391236
0.18578764454877142
0.1951673868163471
0.20433332365422804
0.44705425058269466
0.37782980769491364
0.11644904744511415
0.18321195811685312
0.14731375064102004
0.34784814036399925
0.3283870115522463
0.16843361210018915
0.3794271348581851
0.3054458064027826
0.15561972275241567
0.2655376054738872
0.18878527851188512
0.18927589984193605
0.11922424672297605
0.11785716703626006
0.11251746367086794
0.18628527712745874
0.247892456874979
0.2971925869879023
0.1952953226867665
0.357500033269009
0.35082346223022504
0.31235570691697306
0.5026921841324855
0.30957677610238193
0.21574499986292667
0.44831739303078605
0.5973992310018568
0.41185172231733924
0.45854754395817954
0.5765794609503573
0.3160592176359867
0.1496322259984587
0.26647081695251984
0.296453104073961
0.22295005536602008
0.2688469348079662
0.2578735905300895
0.1884267765023907
0.3292426576633873
0.2623110894617309
0.1256177864479579
0.3453021686134649
0.2626319606507551
0.16650706724033798
0.31636929191687796
0.1785588287002545
0.21634273179101707
0.27567649931925203
0.1140003973137442
0.3946928745654595
0.6115702147971254
0.46522090967455465
0.29901377941451146
0.4676998648373781
0.4863697239383058
0.1488714762717989
0.25075921763841313
0.37845174376600405
0.18233676254792122
0.18739075298897614
0.1646389561289239
0.2053198249039794
0.16999765448686732
0.22393151531189018
0.44412807730615345
0.49929863595760865
0.5278616429791793
0.5095600960485676
0.43246402549549534
0.3176438960859964
0.17681315719707758
0.10801375586711989
0.4036376204259725
0.15104504691939782
0.29235288519185376
0.1495054343773486
0.21815557940023134
0.16424524463792195
0.08704144506684368
0.20052813328936084
0.211674594041283
0.4566466496738226
0.12841253950436374
0.09418558999510517
0.08368246993256002
0.18186979739614142
0.10945366483919368
0.08025404266239064
0.32181276191298985
0.2849488559405682
0.4154454288794986
0.31401225176919073
0.36078109474229864
0.3138727252045586
0.2207545391396618
0.5296150689074162
0.39231865900548585
0.3737638528097329
0.1605000792364533
0.16673736277327034
0.20774369492789838
0.3417721518987332
0.14462869570741052
0.12517955621296997
0.13461830527438848
0.22940345459662048
0.048439682702941134
0.07791046312198967
0.11718627198555474
0.1263944290283795
0.19109987960351194
0.22738804836456167
0.3082040869227107
0.33699300997291587
0.24657926401813282
0.10923113997533496
0.26282621505952014
0.39223202703203885
0.7372440793507599
0.4220743533839403
0.1997330294256143
0.6192163131291297
0.3471373967356297
0.21406661770423766
0.16375121618680372
0.1870074674362818
0.18643807041541685
0.22848159843541657
0.1583497188785555
0.22301952543110268
0.19291926271287532
0.17445025273253525
0.04094049278041817
0.11584037909373761
0.08346511286780013
0.4893074696504937
0.5427053181837803
0.6333434138333248
0.3854297233681493
0.13838399789713376
0.2853028021456135
0.46999611180714473
0.47022517215132764
0.6252646131248095
0.33573636981611554
0.2513765889413561
0.09698104933703484
0.47399942950417845
0.39699126004679
0.4876485891731706
0.522190205908027
0.384542273296755
0.23236303208688155
0.08888092639806752
0.10594136515930515
0.1960945262885032
0.16446873275466437
0.22946075443544475
0.11897589952689153
0.212106921253735
0.30703762906640114
0.29754877724370765
0.2840540890828178
0.19127421698870833
0.30010649487047675
0.23211899383917942
0.3443038859517254
0.19181760965060804
0.2517860894946895
0.40752581328033743
0.30853601410220927
0.48213865031007463
0.3631706166551774
0.35677804128005136
0.15550817164575842
0.2542878126755081
0.3467841521697457
0.11477197984552873
0.1573854063161532
0.09566463646629732
0.12923656602337327
0.10904246066525902
0.2542317895619125
0.14065429776718663
0.3107225523002429
0.35248195593670045
0.3962216036241447
0.1685241775438391
0.13033337875517143
0.5167562662016632
0.3552589378970339
0.39044092594072183
0.3574240341122759
0.31945137521462075
0.3349593521810546
0.3471002527288885
0.33224332599730977
0.3045666206049215
0.37214325830561096
0.238864647686525
0.15575966009501732
0.2040318806732075
0.18279339864819572
0.09558276922816437
0.19881379401184623
0.23467403983237467
0.09023940805281704
0.0807481495583014
0.2655376054738872
0.2517860894946895
0.24627526739120334
0.11193888835134694
0.2238666748219837
0.13753376445523122
0.2458391965249744
0.2217655393450183
0.1286934954265886
0.2952996531576231
0.33774025251859574
0.5200866586097032
0.14862377587129155
0.21317871720141549
0.16637293157929586
0.30423477986133485
0.1194014809081034
0.0867254688391986
0.07321310464662506
0.1248732091013269
0.048376130245970636
0.07524177058438405
0.14773110916982646
0.09975221992835549
0.25110195747092917
0.1484005359648195
0.3995334168574751
0.09020635742397583
0.2581964849839463
0.13860135496189385
0.21232006878052928
0.20813584285694556
0.233737961270827
0.26789702748155897
0.18347853283543622
0.1267549928919777
0.17427858039731456
0.1925087961964644
0.09731152211328206
0.29643760943183395
0.13413459375553266
0.11666044777120559
0.1391851389286917
0.11347695045375965
0.1259306027055157
0.04737200142583621
0.1799280035638558
0.1766535620166757
0.36894629973646603
0.2806687867749168
0.09321874388437966
0.43152927569882227
0.2595238901105097
0.21579933912911736
0.4334903011189343
0.3478772703639503
0.11599594446261868
0.3515065648445203
0.3016635705247374
0.13873501356667614
0.3188072977031816
0.14421819156383262
0.138637581139354
0.2291840583713943
0.1531382130231361
0.06103577967450104
0.11545836725886034
0.12175064908523629
0.15040233117333512
0.07623799046453365
0.18529399058193247
0.1873193266675626
0.2714877567380519
0.16467387987276214
0.29688456751224557
0.46367654044526907
0.34549165310940794
0.13785871832396457
0.3692566223756633
0.509041089410177
0.2630563876256642
0.2987023477992059
0.11999974925176236
0.18509765373178175
0.2964099019311354
0.21439362114198002
0.1663664312574715
0.09031186040773645
0.16179299741542819
0.23536527411759564
0.14420839989964812
0.11684402687235873
0.12638659764591034
0.1367173173164811
0.06180185874673047
0.11155893535296169
0.1907829152046129
0.2659091890957783
0.2971962312991064
0.2545704026869936
0.4640829534003438
0.24141206466433932
0.20048810137101994
0.17589656351328964
0.24234008231910542
0.052100304224443936
0.05765478896366862
0.1873260015193875
0.17072475178982868
0.20274917274035076
0.13401374556374737
0.22929818925341489
0.17655500905645558
0.1580110923704147
0.09812023605234191
0.14351668555919778
0.1622400516660108
0.09854499897897578
0.1426400891857869
0.09534729907467467
0.22560349676000266
0.13833857842148378
0.16047096249344123
0.22369664581539306
0.2185441009516366
0.0765044477011291
0.24108416495059487
0.11898487986731288
0.24754827839460825
0.16066832213777454
0.11753391392130566
0.2542253688424529
0.09257050882327995
0.09269761373722112
0.24709945257122598
0.198724432016393
0.05529063756436477
0.15659091159046518
0.07761983585639833
0.0903311443598005
0.06598598224335847
0.0988126976608644
0.17259256059100483
0.17817143950495695
0.14462059854695888
0.14610709857525858
0.11149643050910504
0.3940774439153095
0.43849110225808546
0.6308808916922264
0.17147661100682834
0.31632608977405235
0.2085968592791936
0.33943923618611427
0.23522923758094014
0.10405969475379998
0.2399673373824177
0.24100288235957992
0.23396340400056154
0.1324006894144655
0.16858009376518293
0.11398566737783573
0.23807670908303868
0.09803218662088917
0.0996847254139473
0.12234790178737737
0.11097490356888301
0.1217619601894486
0.20318374552395735
0.19491295722115404
0.08636100976764592
0.10183067368210166
0.09983934507971225
0.4015145763067044
0.1142418966502327
0.41124926924057126
0.4236192070332219
0.18864951836201363
0.3039562491007249
0.300664304164616
0.1674196180746873
0.16280861183048603
0.14394992024174755
0.2483259169654812
0.11264037473457467
0.058671628275197174
0.12832672383496382
0.1466744354866314
0.1215061326827278
0.06089620431023093
0.11443641361766294
0.06698428964694307
0.14501895122739814
0.22344361968846238
0.23685747021781287
0.24284958253050817
0.20614415507829717
0.11899562043162863
0.2868622283665262
0.13097574460656708
0.18866800236433887
0.44280908670107905
0.13180894668814722
0.25355104335743456
0.11794995794307529
0.17115710348980037
0.2888056378175891
0.19465945336982288
0.23574938418377175
0.17881680597048974
0.138942915804911
0.15472141199711986
0.15455884681509
0.12642297573411557
0.17725839201624366
0.12116133043882217
0.30441462229145727
0.2996646749956845
0.3946515747181048
0.2051746201314132
0.27063299712392413
0.2922881337222651
0.3040708772188363
0.0988367810805752
0.22502360810354333
0.4197514016071302
0.3493025219112147
0.35934728280459693
0.49046055797226695
0.34288613638709325
0.2718519952233734
0.1511023216931421
0.14829709759529414
0.18747829617617914
0.2799778847512894
0.25291078194328276
0.1394252887742426
0.17178564881815936
0.25535716662072067
0.11771696365621352
0.3843103342101494
0.33715475223463504
0.1384553827560061
0.4221817777320931
0.29462897947911076
0.48746527760056224
0.42269876221592056
0.29116790133461123
0.5626597568680065
0.3121336832451134
0.39099867591776677
0.31524840904599627
0.38568589436634226
0.3947489032645188
0.35655004380985406
0.258975052818059
0.14303906170074163
0.20389550067619677
0.10196356196352545
0.09614427497879371
0.19729381087719983
0.11597810713813474
0.25009609310033937
0.23020144574231022
0.26640369205177816
0.08063535740421378
0.3175710830957431
0.3596859445230322
0.32031047798452317
0.1355573907181496
0.5602885903140783
0.5229501974753502
0.30178288140135945
0.47762924574617943
0.27155764577985875
0.20388899245286757
0.6230030873134987
0.6198211431286976
0.6242277616969786
0.30005831007287964
0.3646692875966636
0.341160214571552
0.18488584660598645
0.25724522964175756
0.13727909948460468
0.07652986868391724
0.0961261618900641
0.10894051270974316
0.1994352408610966
0.16010883133358628
0.12438258030885092
0.32042264725844755
0.16405431242373675
0.3105472387013337
0.18667349245129117
0.25978009113842343
0.2710975012180643
0.7060958223527869
0.6792502714638055
0.9770573852962351
0.36295007197156715
0.5605534722272161
0.15550015171550316
0.46077754959422473
0.18007712494910386
0.11833280867303358
0.07865252074673315
0.23285659640932385
0.26494060541350756
0.13786910360783647
0.22031646294625334
0.07539863494984174
0.37285186292894446
0.3428906101969264
0.15293700953157296
0.23906742677215576
0.09412118877336079
0.2882167100281871
0.46351579038320195
0.4234255307141859
0.5225299174839062
0.4108575297721456
0.8424849872553657
0.549401721038566
0.6285189100356425
0.2595062222345863
0.3999078398486437
0.22338872330698306
0.3745225000995977
0.3957933578594039
0.3475612390374551
0.30582060669100586
0.24174075421328256
0.2186495739189916
0.13307686289924658
0.18456484391947625
0.4339677534292739
0.12137248232232661
0.3369634138501608
0.2381235294115263
0.3752995177346587
0.27801779891663725
0.16395262849258416
0.49557968049175205
0.55486984330294
0.628936795265044
0.4728574269047492
0.5131463062568761
0.6016130973977837
0.5254344758341489
0.5410875157744579
0.332565835403061
0.26664655176523877
0.23592247034984742
0.07476311038013644
0.21434793431774166
0.2298594495370142
0.10799023500820817
0.20439973203167522
0.19828464646309643
0.3554240290318389
0.33514591064906907
0.341224317081118
0.388603274722425
0.4772367047008377
0.23188376192134919
0.39601223122535006
0.4341562982146282
0.3209458192067168
0.47142866814504025
0.32931406619997283
0.39467841588080876
0.15542388876713828
0.5612390374562563
0.29310791254536583
0.2694338311466911
0.11204298163905217
0.17650017398797907
0.204170736164463
0.21335609229394475
0.14904707536134967
0.24169378438320732
0.21515878999032564
0.14798393492402898
0.41606056784058887
0.39046096686395537
0.18209088100260273
0.4034016555360468
0.5826095355102505
0.5207369193378236
0.42072817932063167
0.6311277500256942
0.16763867099687538
0.6322201581198418
0.3292136240844822
0.34289546151078254
0.2858207377373418
0.26298018640232185
0.3215418775337541
0.19445199662412233
0.29810390254764235
0.12923970941412385
0.15333856291616035
0.11245039584034691
0.09310127607215543
0.058036103705491865
0.12972093484388358
0.2756296712316925
0.33431931926564956
0.267198236795989
0.20824618112871093
0.2998457902377771
0.2635273279326445
0.3630225243264866
0.786927031580765
0.25835344807661587
0.5187240228730772
0.21637069500188083
0.7782001987298554
0.1811626338402048
0.1582456178566299
0.16334252490566692
0.2308251167100552
0.3516652313348746
0.280876373372241
0.2087867031933746
0.18773892214870946
0.2098918886709627
0.08817267880091918
0.08132172393949555
0.11201134070626637
0.2330371884401064
0.3158728178779765
0.21023529274008357
0.2410697212778011
0.29799869091393033
0.5167408303451836
0.2548354000366028
0.4341303186113038
0.25005118991753084
0.6348209561853803
0.5484542828739506
0.2917294070852406
0.45966386030584416
0.43555117734084575
0.5280158587590201
0.5518275104010745
0.412713420635066
0.22507963922874932
0.2766548008994609
0.44770451131081507
0.30381389530900965
0.3166285047738359
0.30948346528974674
0.28316490270396444
0.2985246876446988
0.4359528232600327
0.2553048748502501
0.4306112220455359
0.2845222911056383
0.4715513889488907
0.5321681033760387
0.5421779841286366
0.34054808744254506
0.3203662003673569
0.26375540691911153
0.4602933773080605
0.5394632137962152
0.837814703817506
0.2986202848131465
0.44972470680133625
0.6955731486988573
0.41780885751947655
0.20284848068717293
0.19205307980409866
0.24229252082966538
0.3661381604527576
0.22720676373679008
0.36842787402255095
0.30070582476876423
0.4478572347377882
0.21748921824456188
0.6583574545297436
0.5164522695747337
0.19375873081176453
0.59195135473753
0.39134079109051073
0.601229328909678
0.3542552901184128
0.5266341210524027
0.28383105876521714
0.7294681816218067
0.2949291049719741
0.3112508955866084
0.2909849606874659
0.23990307665372024
0.1311025362276772
0.1738718426718156
0.2196618236836965
0.08510945037493943
0.14097657975531305
0.2191011626524794
0.30407262608616126
0.27431960091147034
0.3061944809822836
0.34159637781387076
0.24258434299475198
0.433628555550672
0.5753136164639443
0.5139333975826732
0.5432000783775116
0.6590039920968531
0.7188060639013887
0.6269289657430708
0.9080891068199761
0.6155922213773988
0.4769917007233201
0.5968973769759334
0.5083963589611035
0.3390770210254383
0.1642831012688305
0.41732322149756357
0.3304443334722896
0.25566631902504394
0.25182320583266576
0.15812358842520283
0.27359917051885707
0.3125845316401853
0.2873856537828343
0.5590497969232194
0.2147288373849963
0.16866908225367977
0.12076237873540938
0.14203974132914385
0.2977909787852172
0.34298256799978316
0.39879753972956317
0.39992547339720896
0.6250135602025182
0.5727390011338254
0.5439123445429839
0.24490707271821302
0.4900045630318733
0.17370452092061706
0.20912492464403085
0.2103023605706046
0.19968074106033054
0.2932561455048161
0.29656164859882306
0.20821363488167474
0.10942116901787784
0.2852205469391273
0.49613340821704655
0.23109338803213939
0.303577312896394
0.3377436653733578
0.38922108369617636
0.2526413616059194
0.30757835972398273
0.7077801466484429
0.4705702548794148
0.6698539528925206
0.8122306017675102
0.4478642319377664
0.4040185313258463
0.5149286066850233
0.4300412283700435
0.1507210069513186
0.28228403167084987
0.09452792449797288
0.27290581571605943
0.18676226496671985
0.2293169741219158
0.22153987158761326
0.24460328594309177
0.2502058223813933
0.34898523056107394
0.24771654265365964
0.39656359982943984
0.394458322270368
0.42904323749307316
0.47490975948680103
0.5990758807009392
0.9189462591983951
0.4026976103920803
0.2891211223081216
0.3599754023501513
0.4364518794167182
0.4075783665538513
0.2859995852853982
0.14890340668196161
0.23927566335571135
0.180904294858864
0.35039411211453264
0.2697222465706908
0.14115542730336944
0.17254253207678893
0.0633490891082285
0.11128788677798153
0.07131856721233344
0.39961982114312816
0.4175919125588617
0.25880397793199744
0.329805158335853
0.22695866453804983
0.1782519313109545
0.2516632548144995
0.1534537626010515
0.33939221721589713
0.3913211853235171
0.23329474984859688
0.15346647309244624
0.2990541762418428
0.3143036333823387
0.3138827488300135
0.25171780444550645
0.0909816973990167
0.2527351957134542
0.12291297740163533
0.17210940616610163
0.06615810770632612
0.20337374341578818
0.13082698140312313
0.11215624541610611
0.09085459248507552
0.36946814994242355
0.32802277306692484
0.21007900176179792
0.09029533086373544
0.16971964140001908
0.21240307101192682
0.2850946658682871
0.3006511815562016
0.1166568900151122
0.49536250358150485
0.26178847141456485
0.5760497225235557
0.4898625900238528
0.3768038190790275
0.24265613228271812
0.2750029486360343
0.1042260294316761
0.18386179789640544
0.0638320877812046
0.15151843883697436
0.15110693733920494
0.25951527195748847
0.19862438518851264
0.1264836986015295
0.25155720878410287
0.30027266824954346
0.4470650394780915
0.18533312388527146
0.5390240191242442
0.19116553845632875
0.3308800095969823
0.5242421831398001
0.4651574718106009
0.525800165852814
0.4898495347521105
0.13311308907670674
0.3463857616105731
0.2760387322859752
0.20431177323084965
0.19497159529492714
0.31280480454159054
0.09277387668558601
0.138737682546706
0.11122081894746047
0.13779947336633974
0.1113529083697995
0.2211168164540919
0.49259083250529156
0.12507123531801168
0.3404328854711188
0.09701918081121728
0.22374649812623296
0.37283449259083185
0.1316806908429471
0.4255934643229903
0.28208729517166903
0.40093355134155095
0.560768595412729
0.3806091382409123
0.43806972825852103
0.30103898209526336
0.3103425565165804
0.2979166943908408
0.25674680601468786
0.08548440987106556
0.21511426966777525
0.0978401129111393
0.2110019860321242
0.1360666522053492
0.19440406169113372
0.23278096399562068
0.28789932464193707
0.17480036278878178
0.2074673183133206
0.4180713611846976
0.40657552025720667
0.17651059398996144
0.6098172336204342
0.31841949716411994
0.47912023273812565
0.2275611489580298
0.4637171817407761
0.43353718957973186
0.26389078261562604
0.5080139974942747
0.6343269616666201
0.3628755407783748
0.2355784613826671
0.325914741063436
0.23277505802352025
0.24954974680481054
0.19861218266865463
0.10800110286144615
0.18802689846020243
0.43775435261588885
0.5613582713089653
0.1533940232914999
0.32959029940554113
0.4994581530424754
0.44916068182923297
0.308649090275602
0.3502217594160842
0.1438084062066343
0.4550895161350275
0.3636417770853039
0.32057812350549797
0.22120790742389246
0.35848061115361
0.3978917354300763
0.2932841897825884
0.30816360100246415
0.2974416996612629
0.12818898006929386
0.1760268700762023
0.19733010357080272
0.3630708083120912
0.18339309629757555
0.14036190202221288
0.06554800411940895
0.35512161403205533
0.1507371244109878
0.28490646618918236
0.3530911133192199
0.315355560750712
0.12837596308047938
0.13691741329731913
0.34332742904047925
0.3230371484149631
0.3241307414666646
0.21510888842461498
0.25088226528270574
0.10825525520360839
0.2093086043324034
0.2975349244105369
0.32934842144676785
0.10458192319071101
0.3076952482874164
0.25175305903996603
0.2510832217452231
0.16380199807598766
0.24519570447037778
0.24815575036890322
0.09537952742137773
0.26113977610558464
0.39088798019130444
0.1063057177563192
0.26010839792702284
0.35247462470473073
0.24852726364686217
0.13639608640901738
0.29157076480368865
0.3907116647610488
0.22587386017325076
0.14770571875092875
0.3110338272778323
0.2851799705762515
0.2294794537533526
0.16072413420343282
0.23692642112366424
0.12307254294841648
0.16871786810451309
0.1574578875987073
0.06950350904125503
0.12759534311168408
0.19364996191018527
0.2015483126808814
0.2160653834361671
0.12312553195098952
0.18766249658103804
0.3717933209487177
0.4571348338877599
0.440834665399403
0.33234007881903505
0.18901370351520572
0.20603461095511288
0.2811282179386962
0.3387437708703991
0.3070920686782551
0.31625006488063145
0.3955246392606112
0.3469380272848015
0.3533656791427686
0.11077447459791978
0.2672652875165377
0.1425213158994774
0.13718782379297967
0.13580577885806017
0.1902012629751826
0.13589373596871981
0.19294076986218475
0.16749457828019623
0.1702849662365321
0.18040003396235846
0.43953860111461407
0.2598061081730896
0.2752326189504299
0.341273589358338
0.32032324526496814
0.2990946813201921
0.4351751846891597
0.2292621094753918
0.1924846735955035
0.11528415694454884
0.319310457010999
0.12857933094278454
0.39819415042986067
0.44238204022829397
0.08685078769593202
0.16320607909768958
0.11517741246567813
0.05192235734492648
0.202747656283751
0.11348630521239877
0.15991484047126292
0.13157498620373165
0.26153118566775196
0.23581798234397677
0.31459326579166424
0.1692568482917026
0.07500460971662448
0.3377436653733578
0.31850583289241624
0.1113184836295876
0.17366829474315693
0.18334068412497245
0.4370328768306901
0.26803463521597287
0.2781075618823947
0.2641058842731886
0.17102378378857858
0.17723792012371145
0.2924176366614424
0.27466095243073924
0.2088556176131331
0.23051742811863984
0.1543590666724348
0.16978654260946244
0.08761341717957849
0.21787339376375786
0.3909016626528796
0.28509831468388996
0.3341302925738087
0.2854501431265278
0.2994300519691652
0.3925599093138257
0.38297256688089026
0.31081468257819833
0.40136479378993056
0.2864914160425531
0.5805955578568429
0.3373628885119615
0.5093964660647157
0.2468632863010519
0.4410222593669363
0.4063294914695482
0.28800857375086064
0.15213183224319726
0.20403117769284193
0.28690188971674085
0.24114142610745973
0.23429706860083926
0.14743853545132138
0.1643235909494525
0.3969158808620717
0.6090098131801518
0.24711686954327214
0.3022747121585144
0.17020619025848466
0.20904945195887562
0.41363238773102134
0.6762711572450938
0.5994297317146913
0.34515341180499226
0.34318608877637435
0.38326394849403816
0.20064459297556875
0.39511961585152555
0.2224142138206487
0.2312922493699452
0.28245560979824536
0.24849872553678623
0.21755285485174194
0.08717829605744837
0.12628668626799258
0.08283115476225045
0.0865081117744387
0.1562704666048062
0.29018371096064083
0.2856187323546547
0.3397416511858978
0.2278089166077564
0.3670022033092835
0.3760960137009327
0.21098125752693922
0.3348392361493746
0.37698417628604086
0.7450641551820957
0.3294595394630596
0.2546338013662184
0.2979365777827694
0.4231978101197811
0.21729977088830366
0.3644860223133882
0.18517903697485114
0.18583671771885255
0.17447283480607959
0.21661554413098816
0.05700655390256921
0.14954351901452642
0.11488719368261216
0.14829568857169048
0.34598616102405594
0.3300382404923319
0.27488007300582773
0.1977383203196553
0.39293373235227236
0.3946271147860438
0.20388899245286757
0.32476768092874453
0.18067963516722874
0.285731313963314
0.3016711016838241
0.4459353653264998
0.4116326449167694
0.1663676218574646
0.14761964705115696
0.2709958579415053
0.2823350798907252
0.22030596078150796
0.10617892613520909
0.21332555107839746
0.20796150911196795
0.10844306222645796
0.15870394666638238
0.11387698884545526
0.09107067083877543
0.2754969431547946
0.44237465128602393
0.3025653394241053
0.4201497129567178
0.48140147751328344
0.1461960720150173
0.47906374775015104
0.663930530954334
0.4255346189944966
0.4104078783365994
0.5559561178864357
0.40586574078712073
0.25955250411658537
0.25908302930293803
0.46133504540837256
0.44540654640959787
0.11415292321047396
0.2720389815234727
0.08482981956426905
0.1303780126784776
0.2531546297163275
0.20940625264904883
0.23775157871897803
0.3054458064027826
0.35126810241695544
0.20018585664386404
0.5326392189052561
0.527126696368237
0.400551439815406
0.7375261161064411
0.5027335254920469
0.7207096745489479
0.28188056764710717
0.5814551395321793
0.4871651169053397
0.5565642827424662
0.2479862978023115
0.42774820810130404
0.20823598050965228
0.4741435175184676
0.3345708433635237
0.3006869140709369
0.27273512766233116
0.2944967323378846
0.22813248075166287
0.08999027907027683
0.16766957630270335
0.14634859791174615
0.486232459451941
0.14292947572673112
0.474030188380207
0.2752102701634887
0.5854025410108726
0.5639205486458153
0.5330142136430822
0.796258694431242
0.5541478513139825
0.5351385204137491
0.7341772151898721
0.9160150343457025
0.4623025736256254
0.5147741832281812
0.4070142930424889
0.5340080747799085
0.35297808344343357
0.2638946143077299
0.28179839564893694
0.2057023627953694
0.2706614248066701
0.18058423761560258
0.11398768682235036
0.4552999584111897
0.47016042068173897
0.4270904103249922
0.40768120790615947
0.23713655765304656
0.4096279528792583
0.6786724696199504
0.7913792190540359
0.48532517759405275
0.5676656793739864
0.4026720755564381
0.8743249665183372
0.6900485564221419
0.6144911817594747
0.1994657414477188
0.32007004319010796
0.25928576747977217
0.26343154642479955
0.19630753993520575
0.14053945545600305
0.28042493900187193
0.24422757726417188
0.24942266085471151
0.264333072204945
0.17492178256569818
0.3332001629654266
0.33751899071995656
0.4848916922049711
0.49635049261902536
0.4173132360400914
0.47370767897445665
0.7542211620285126
0.6083400567834925
0.6927703131938026
0.26445448394578663
0.548962959170883
0.34738900615569523
0.4399321484812603
0.43568026312588926
0.40146557208623085
0.3036279459961295
0.4421366538262843
0.4004406618568276
0.387480019008942
0.16766957630270335
0.17969965843696456
0.27834691153225843
0.0814234078706484
0.3103832235634837
0.4439248708286156
0.18796877300708403
0.40355934278539374
0.31749585044342354
0.23496298700544765
0.27276500318493985
0.3317398457007761
0.6385789930812984
0.3211269500940167
0.8685790815224419
0.21090518370241504
0.4080037173119098
0.37810556479866864
0.5485762067604735
0.320163641380093
0.3891916816264015
0.2346912906744978
0.21019162306533
0.26945501019457274
0.08063535740421378
0.23569534930195973
0.16567647675207564
0.2202521238051145
0.33790554404732936
0.16397779227261172
0.35296150689074046
0.11114053675007014
0.3979595656096127
0.2756244652499206
0.4144094053660831
0.44953336960865237
0.17446420487551068
0.2704730923860841
0.205668461248043
0.18346323278253793
0.17407017964229332
0.6794818195901877
0.21804536213163572
0.42071869109382243
0.19551801551379566
0.09499821267955423
0.14238500419625588
0.2122679132445928
0.22115207104855242
0.08407990057201678
0.2427960426837164
0.16533825530142032
0.1574752660634991
0.1807323993478534
0.14814077719831548
0.251325516905999
0.25631089230806664
0.4304592237320716
0.47138476963244574
0.44866102176947104
0.5339729939611573
0.43279337166626625
0.5762010918567723
0.6248524322117863
0.3504517704161575
0.8392880286862208
0.34869507114106313
0.6133131948301234
0.3679832319618992
0.1889795860475809
0.37798670372257975
0.3877179591417183
0.1393983308660138
0.18251392279137
0.23203085791940628
0.3545546620075844
0.3123602151487007
0.6052708139934603
0.3575873516093514
0.43521838683198616
0.3643945875297706
0.5277426639561932
0.18797545722744627
0.1989191903177717
0.37191198290468436
0.5132525236928528
0.32138904385702216
0.21364388157024805
0.6212834844234223
0.39989286496153736
0.4632967649053636
0.31040924059814984
0.37296516887248926
0.3426041489637854
0.25379782551865526
0.11615923802543467
0.13739962879418915
0.22177378334044293
0.14001527418451082
0.17493854109311568
0.2750898848539692
0.3281145106406617
0.2664542249298509
0.3314323225098101
0.4017799282844421
0.5393099913847592
0.45227098171425795
0.35102183171152807
0.40287378180054956
0.19291983837975357
0.23120383845880352
0.2737612230650894
0.4996944555152486
0.44596305170547235
0.5622723233465067
0.39142263366218366
0.42705318183781793
0.25556533152255717
0.16386911374023216
0.1565876520707756
0.28048555352499277
0.098785939114998
0.16509864279939512
0.09766741587231698
0.519403913303756
0.5713616603138613
0.15861422210705955
0.3082661050183977
0.4015469130325917
0.4498345293723925
0.831684451548795
0.7315678827056704
0.38003071464394844
0.5351443860416853
0.547034170883975
0.9119500298931922
0.34440226911205596
0.39212874648355667
0.4002161006627999
0.22492833584903227
0.3504659235283999
0.24104782617901785
0.4269252629440167
0.3370199161878423
0.15392067104588192
0.13766790011627333
0.11621357729162445
0.18732264959405573
0.3175251694803101
0.4338411862066613
0.24837453236307214
0.3030348142377535
0.3195412197658601
0.6740830345185103
0.5226091110483844
0.7940902729213872
0.5486392018229407
0.4330421748129426
0.9160582364885255
0.3118892748417213
0.44131014321492307
0.5415810800969002
0.2887370507215045
0.19615104833065602
0.08636778902295603
0.12126712904729228
0.12508150392181727
0.09056544364995668
0.19048057386821696
0.19113787918187844
0.22996500626431027
0.1494158300859256
0.10735281031462635
0.11823299094798163
0.21703410318244595
0.35389915703567615
0.3651659127440662
0.3324778782924022
0.23793430674529048
0.609107011707779
0.6053916274247191
0.9088612914346139
0.5397830957794325
0.28209324388088525
0.4053657061390235
0.33369669852407985
0.3287252330029017
0.456361107253916
0.39190401257899243
0.33049639262107305
0.22372565644414358
0.18948893539715977
0.15742907676300433
0.25731196267334805
0.09836649289899296
0.25778159469265327
0.1522216193393482
0.1634443029798757
0.10071793380690236
0.17052395254333716
0.18000597912334135
0.402139909934619
0.38017995130666393
0.34180133202229424
0.4985924677426294
0.46541883582895605
0.21590801766149695
0.14791198835322172
0.38135378014117893
0.5484512031796767
0.3287843479354046
0.3906034911227526
0.2724503870206874
0.2793926610967276
0.13262403568099682
0.08400363762365207
0.22813248075166287
0.3047479154966078
0.22693382454001715
0.11447472077354569
0.13162781580084731
0.19109860509806825
0.17633091878646576
0.13188139904306664
0.3229792197693002
0.4143472486902015
0.5163605942330983
0.3902900617456798
0.44820967249125404
0.2228022036472988
0.4161164524454624
0.5196527223426842
0.4265826816487122
0.5340013422879668
0.34108332446917644
0.5055463905836405
0.16247821149086733
0.41742674615771347
0.3310903263045141
0.2287471257881235
0.17008401820146277
0.25936805144335984
0.2510738233292172
0.3188716045519839
0.5088348382079741
0.5800751717285166
0.3591288828221894
0.5143856744106503
0.5703633198698663
0.22848379330046448
0.6423993297870179
0.34116002622938724
0.44248464458495895
0.8310127792899601
0.6339948536327068
0.7317091080205158
0.6338775774851615
0.4190303603280369
0.5758132913177105
0.27859976798457203
0.42757125577624217
0.17328791987982747
0.14796582183529935
0.22590317921013733
0.3778891433015072
0.3324404890482564
0.2022564274922488
0.2691335741088226
0.4566273635377531
0.4176203614106674
0.36620193625748165
0.31571671566998144
0.25932509134728643
0.6288935931222174
0.46856679433179804
0.7631622470401662
0.45099398568355814
0.39733215341672545
0.5478019217268312
0.2506489218456204
0.3442834197330749
0.36227621267255194
0.5180545938343272
0.42258819068716863
0.3781266134019443
0.2858795064773967
0.312943852520981
0.10173477311843081
0.08630423656598543
0.24071837097393836
0.29388873908402563
0.2594231215059014
0.5393506326802671
0.2519961952112104
0.13226537344707576
0.46969369680736034
0.45587716096426395
0.3414870370698397
0.7390158000654418
0.581986208660993
0.6358737095106215
0.5339660876935064
0.4422776714321767
0.6568988585760671
0.6598602445107201
0.7255799887674409
0.18750516904586403
0.33453021087445317
0.501632434011924
0.3009305946025761
0.3161166745308151
0.19840899862486575
0.18300575354852402
0.231297881997245
0.13684438535508453
0.2888376871719281
0.2626397865848746
0.49479835486014423
0.42555820972853065
0.4326265906775253
0.2503591124259409
0.332809907445439
0.6645664641389287
0.7202866194154255
0.6500967866885837
0.4898124917018338
0.8004231187051868
0.267403528920862
0.5220852893604343
0.5149263403464795
0.20223263567035377
0.3101074531480362
0.27128904831037
0.2695603678967192
0.3172053114361755
0.3088302474709569
0.2999092755000639
0.23856784071186857
0.24593605095404078
0.1335659162949565
0.29766938779606633
0.31472806835267975
0.35386375998395614
0.43076856612087877
0.2429196821473572
0.3696661398804637
0.538872020810779
0.15519509992204453
0.3793458522671702
0.17989919726627415
0.2096763941524076
0.3788458720688254
0.274279590072788
0.46745618092746855
0.5170385614466401
0.5522984768127871
0.13999335221469308
0.3642259586398219
0.19962870699099827
0.1453031977919905
0.20857562841024216
0.25291646065715123
0.08720668145496703
0.2302830110137318
0.3555536354603183
0.25970802874022025
0.3050441732311901
0.40243038349222
0.7446017380852699
0.5862486512779163
0.7350384705489645
0.2737612230650894
0.799536206519395
0.6365569575725577
0.621567973491975
0.34806111303551346
0.46907527114639674
0.5376843395644587
0.22559852013204212
0.39669968544887996
0.46857044109387724
0.32979834064006414
0.2788409060510187
0.22748640720200605
0.3086361083509736
0.1443523272248747
0.19511819047935902
0.1369077980370342
0.31440851140176207
0.1707339743688982
0.2019066000732141
0.14669178117938722
0.37149522616321645
0.4583129146744807
0.6362649401632946
0.8207103214788112
0.8430898172549336
0.6273390374540426
0.43140264185510296
0.4677534059975291
0.6388489114921954
0.2991919996419971
0.3633278891084706
0.36531519960523146
0.216125374726257
0.17200662934306724
0.2097623857317854
0.27645051194539194
0.24015733527424848
0.22650064062039973
0.09142656459781033
0.20251022113787906
0.4278233862471543
0.3818656125886358
0.28457057201993374
0.5034665014142081
0.488218582848663
0.49903446753680897
0.41907136434786163
0.4741390408946238
0.46005922399606797
0.5078643569471765
0.6371544607503529
0.3597983945325483
0.7791074437292068
0.5293528739854175
0.41596896003536854
0.404096401231248
0.31736185933031436
0.32419561426346793
0.2449489223091562
0.21833886769343158
0.11820601705192345
0.15469728812309103
0.16290776033570645
0.14607373487491515
0.4195296740758434
0.32121936812800284
0.2471002435831714
0.4257472760146654
0.5750476194153814
0.3277382274804634
0.2518443857017994
0.55289780491861
0.1848613868358899
0.22281491413869264
0.6199305698398248
0.47812485144111855
0.39756614018033226
0.488355583636094
0.18031103091679998
0.30069538600658613
0.37122017515058636
0.40746947882053297
0.2486968343707751
0.1945861322851644
0.32786772847944096
0.349677706546682
0.1829610416615106
0.26234674206000147
0.6908886680779353
0.41861825088933274
0.3090065204432584
0.27369920468464776
0.32994111328794984
0.5249924396250037
0.5808453953934423
0.4066068532806752
0.4433533122721209
0.3772470026546958
0.5983413609538485
0.3556528638820481
0.42832180987422397
0.3309239693374201
0.2778271935360498
0.2771528556876608
0.11166166689722866
0.2316790294767685
0.20280278522023146
0.26020650624270936
0.16341628652198237
0.27457259244878945
0.21244418621689345
0.15173134617118514
0.2783302368551678
0.48094909103596395
0.34784489462915597
0.5749930488403597
0.6631960945262866
0.31597890552832153
0.45014300532575174
0.5397675724715933
0.36840121086830957
0.48279658040925705
0.4558444643802017
0.3867692373423937
0.38352295437239275
0.45071299900124506
0.45314727610489325
0.20294725515679282
0.16918978046118158
0.16260646666150702
0.16382435401949527
0.08129630295670733
0.1521321955653195
0.2098595129361684
0.24334929985700832
0.18062422441698275
0.21822159154588625
0.3932858166262482
0.3022728929013686
0.30174407398446584
0.10637410247728034
0.16456273207950142
0.3478997875516271
0.4851714223970601
0.5661177184993291
0.634369981576843
0.6892625762904888
0.5091731811087806
0.5013555307583841
0.3070711932395431
0.3670398804983722
0.42947250183608987
0.10781038800481384
0.3580904547167381
0.18677629186607309
0.20098199785665075
0.11170341819785633
0.07891944106600934
0.2795178640860584
0.10750118161249825
0.2646068804732031
0.12456371119615083
0.20379036130113262
0.19107497301267878
0.38132532839936206
0.36851079021167366
0.7889575322935997
0.22423848917483322
0.7469577119439734
0.6608506673662126
0.2837596480440446
0.6010847605561862
0.30578516393971417
0.5235667689117364
0.17733677593057862
0.5517345660344745
0.24205796853457384
0.2697222465706908
0.18723102687135257
0.10036204004786745
0.2824128664174391
0.17257099093852385
0.2899756434461381
0.17421006412247184
0.2602591122299577
0.2175649378171934
0.12385102814417717
0.24482029620556417
0.40586574078712073
0.7468650875416516
0.4322968795953841
0.8222728762657396
0.29582296513821915
0.7920297191418408
0.3348026099612383
0.6291528059791753
0.508331412004131
0.536288049481879
0.15398760323960475
0.3526041276439071
0.2803193116713982
0.10065438134993222
0.33455739404674395
0.2709749933292201
0.22640351341601678
0.17933541995164223
0.2811208807529892
0.17600523951441485
0.38522695366611304
0.19527916653388244
0.29445730795347896
0.44597061992096027
0.4693912818075768
0.3767266619613793
0.7056207081200012
0.2658639163788128
0.2855709569170437
0.40246241934037025
0.3461147173757945
0.7017938908238147
0.39407717479084453
0.47598271861475333
0.5136594412844574
0.3155986627741078
0.13552212987779538
0.16845172518891968
0.16945805178326576
0.21516913344242114
0.0823385632510241
0.2230364369974177
0.27993724345578147
0.18126068051691505
0.3833397465580096
0.31721744951381914
0.3193866237450321
0.3968617571076127
0.19473381693613712
0.3737004441547581
0.44496934388987985
0.20386357147007983
0.6431143121421469
0.5378257064016703
0.27694912668156746
0.4200190076453386
0.3929092575235319
0.1493864053549377
0.3722931303842078
0.4062729511383759
0.26502776502552833
0.20772537634053467
0.28386999459316786
0.13019688179117767
0.2684357568271542
0.2723809777287687
0.21869808853499179
0.21467398808262447
0.3370637749426789
0.3588917716043777
0.1556457714568159
0.36492030725706404
0.33991283960457075
0.22679398398822204
0.34519401594637994
0.5747436227884518
0.3063466696903435
0.6741578098787028
0.7028099232115028
0.37677869603071074
0.3688041649947201
0.552893865227899
0.5345549598103796
0.4443340389683315
0.3394767413742946
0.2185362098610202
0.2519353908511017
0.21769444075637065
0.11003701403469789
0.1513720934860813
0.33736025673493414
0.14008234201503184
0.39340774051277105
0.321210435929308
0.45625783038838613
0.41491337970363273
0.5776753743438562
0.3782155758352718
0.4665214311307954
0.24371160886203402
0.38466973180082603
0.4165326376565483
0.4023014070379008
0.5244308117682623
0.21159654293728544
0.15619922874217915
0.11618660183353087
0.16143570010154415
0.1197607893671444
0.05972659906090806
0.17787602633208172
0.22902345881295885
0.26571279002815074
0.1420269922408261
0.18171398374706604
0.0979374707630632
0.39313854760627703
0.352929010187283
0.18604616186548048
0.22525816039863486
0.280343656410857
0.39913816317933065
0.18265238675323298
0.40840437855504497
0.3885056309509076
0.2818439015894938
0.4038119121626953
0.34707666363420053
0.2993908497861488
0.21882526781418193
0.08802015290418988
0.4855488832246064
0.26583471391467267
0.16955199031436996
0.06430237596278647
0.15938574239197095
0.21592720303144144
0.21239141032228687
0.16055126884456275
0.26713523537091344
0.09295182356510347
0.1341455351343155
0.2046468774674569
0.1394563755968357
0.2490090387867652
0.21305214162196928
0.37642027044541326
0.11914814632835752
0.17851220890361222
0.4091765631696873
0.21124366076690984
0.2000856943878928
0.43599981820464906
0.4553505853890346
0.12972594148419825
0.1967307375081143
0.17761472545814538
0.12128099352562262
0.20250239057913005
0.22616880949933585
0.17910256488165432
0.07006022856431696
0.10312796739791626
0.10587774844928091
0.24184673891286287
0.2157001543736504
0.20521699435256224
0.2695927436315136
0.31330758096739714
0.4089514839936049
0.5593879457746235
0.5500837700636726
0.48687192653647504
0.7230717323777779
0.361808947381577
0.5515430213325218
0.4414227772355999
0.3068237210167535
0.42221454184127405
0.48680174536656884
0.15857609063287711
0.08469000415893384
0.2544606212468131
0.14770930783396113
0.14983490062767438
0.15865187739229858
0.24314165982632643
0.08572924895904908
0.24906521835043677
0.1642267610026215
0.2141169263817826
0.20171767826390638
0.22376288951742582
0.6630232859549815
0.19792172055261517
0.24743513596907815
0.47689457351893805
0.5781224285944387
0.5261007978905522
0.42309038811631916
0.21729977088830366
0.41340130470471226
0.21005749000171003
0.213469769433226
0.2138093525810634
0.24284958253050817
0.36669978830949906
0.11891242751239346
0.10617892613520909
0.2068739602921889
0.2184374672751202
0.14795887614463787
0.32747224262323316
0.19755673371436205
0.1997259079455759
0.08330456059697627
0.3316047154922174
0.4241512937232859
0.37296846482947504
0.39671588811062475
0.23098160831460487
0.5834017367261402
0.4369709257557278
0.43859113350243406
0.14606896710107614
0.34253527412290324
0.28518627179454964
0.431375217814456
0.23135652007101815
0.24969522944415956
0.12025279607841226
0.23652307423317928
0.1479068420753065
0.3280158960411753
0.14084244409427096
0.25013134769479894
0.1868502220773786
0.28894665619543014
0.3193864561677312
0.22220898056244368
0.1385107895182439
0.3375259591899344
0.18133013127594383
0.3853107827617944
0.36376204259731215
0.11904646239720494
0.3508022763464359
0.4896962889359302
0.4702121225212762
0.4043681567379902
0.2652085578238635
0.12676173067342753
0.27956289803997625
0.2529631931836515
0.2596891185544644
0.2258409321117529
0.17493854109311568
0.1558160206137225
0.10552685494092977
0.2156876089072275
0.35609903123687
0.298051149131875
0.4692184732362717
0.19498740017835736
0.5455281095974093
0.680995377370716
0.5965544435287033
0.33276821910209936
0.49669380389343765
0.73478204518944
0.19839806017061407
0.5151753888462439
0.7080526503319728
0.5492264674885938
0.5555258682922589
0.28869442716010674
0.09466773990330792
0.23425910472277656
0.24581927245080962
0.18917141840265816
0.22803830909268116
0.244172903409166
0.1135509532483156
0.06838244370029477
0.2674559451350949
0.3525632385277154
0.09541765889556017
0.21123230445196398
0.18483894091610073
0.525573233503218
0.3478996916946775
0.14605625660968138
0.4504479534173996
0.14997108795906633
0.45329697033014504
0.33245082575926094
0.46461129024194214
0.1273718342603448
0.21820837993020598
0.13115956069578857
0.21892524843116093
0.27786453738489836
0.13384503377657195
0.20257289976805015
0.2321683155484507
0.06253561765900566
0.1034438497369808
0.2618711276500309
0.23595960886219147
0.18830411215969017
0.3491087284095766
0.16015797928434272
0.21343219266158792
0.22145062281287473
0.24139313350459443
0.23551986484653104
0.275246376458518
0.332822553684636
0.350655681162004
0.1321382685331346
0.11758475588688193
0.22335624260624531
0.28887279473968996
0.36616956052268734
0.153004077362094
0.25547118356025633
0.1657024937867418
0.14684014365400733
0.21787798521580262
0.21752278913034057
0.12465674099518341
0.18476831847064365
0.3144004733956614
0.18989833602597397
0.14140258340884593
0.1333123330527363
0.2753854183589397
0.23441939894095615
0.2528221130081049
0.3734122231230718
0.2594183684555433
0.5802155620731814
0.5749336206802826
0.4228179595484046
0.5422919828637353
0.5880080953327188
0.3721827537158557
0.2819309918978592
0.1497409045308383
0.1586778944269647
0.08988859513912337
0.215722863501688
0.15579000357905634
0.14710031400066512
0.1293274535321383
0.1347794932398661
0.15925027611408357
0.2189545674680475
0.24247530955458554
0.27480956381690763
0.37919841801342663
0.39939930063909507
0.5422768059568083
0.2233706102182534
0.6729385710134778
0.42062256650410856
0.723511972092041
0.5134831683121568
0.49224067181140035
0.6543396552468983
0.4570837850598361
0.3522180918761094
0.15819971696774426
0.375363005307433
0.19490192346123614
0.210118518814522
0.1774094921999404
0.20273685128143842
0.22305581914940062
0.10563553347330937
0.22965601593160323
0.22608803124615862
0.3063895969240067
0.19393780992346066
0.14228124066563233
0.2296920781850206
0.45151316805140995
0.3632238209698078
0.1952712792876638
0.43789731778958463
0.23856027316348657
0.25098633342136945
0.13408297371643277
0.31271722237742167
0.36365596496432945
0.1853973890287838
0.18974223381797894
0.23242540008774268
0.168384966494929
0.2335616882985264
0.22965601593160323
0.11353284015958597
0.21836695808620016
0.201409446154875
0.12382560716138859
0.3501247607972646
0.23460072523084785
0.2697468143557896
0.5525138694442374
0.49194254152854866
0.49412839595353186
0.5336660785746126
0.4658868236889017
0.45968465716596046
0.5684803356699988
0.5685860994533793
0.4704229954995168
0.5238393889705648
0.4889707225971842
0.24079586751418958
0.12809576349849908
0.27217349980558964
0.15823536814273823
0.17020344078393201
0.2315314309851267
0.26024970838553496
0.17081270890048836
0.1433015978800438
0.4673748983364527
0.1322018209901056
0.3929536398846528
0.30375358586869466
0.12888438273624317
0.4680952175227878
0.3112802146234949
0.5510350061977138
0.3470787586618566
0.497937152558106
0.14994566697627865
0.5338940760448099
0.38481798376416093
0.21023529274008357
0.20898881776664022
0.34769614205053406
0.3319925160312791
0.11325047832149193
0.09192227376218028
0.1959802906040014
0.14668404144601227
0.15542021453509874
0.24962198125026924
0.10141701083357832
0.15633406882855538
0.23833445084999452
0.09634552476732991
0.22695866453804983
0.3806086017918326
0.3308360122267604
0.41269071713972144
0.21518861930222877
0.5273201489874604
0.4797826764513711
0.3042636644863945
0.4031362876518715
0.6243330725563143
0.20962277587218991
0.3546121824954141
0.35519418642744527
0.15675066986934497
0.12708143052961904
0.08050825249027271
0.11260907263435588
0.1648959657121004
0.21073365777561226
0.18198400527834047
0.1543230780290082
0.17287851113984085
0.2608189195022788
0.3029074756016511
0.1853307716732548
0.12391458060114731
0.4432650816414737
0.6784394157912215
0.611448127323738
0.7241872446484577
0.6657044204131396
0.53022910068073
0.6299304445500483
0.1592243256939768
0.44484247289823553
0.24872893444024166
0.5854975034660799
0.3482119919676172
0.18738751847590138
0.31636929191687885
0.21889234294375678
0.1696692664619162
0.09554654305070422
0.20588880304108487
0.0981729409165529
0.3454875361817941
0.11877954207792875
0.1519309920737564
0.28525076807628214
0.3575621178751406
0.7274376809089713
0.4723943463825406
0.5759216097178033
0.44778965036682983
0.5132380428530474
0.7536115425959001
0.8628564259608178
0.29696408972820837
0.5591613156310642
0.4863159123440574
0.4899683538072333
0.4104334459330955
0.10186187803237197
0.32767036425155793
0.2199219940303543
0.3226544199072231
0.27754892038656864
0.276262144999124
0.2164641628341902
0.41890963250248064
0.2269798944268471
0.5855597856723147
0.23652588230434762
0.25780689694666875
0.7100627870219811
0.4599570506747089
0.730161515088062
0.5392900161728071
0.48790232334897443
0.44714217825203995
0.2662816431122002
0.2851569527576631
0.3284670565852638
0.4021491590069878
0.289545984301253
0.2940769862185155
0.07630107983882341
0.10324460576095038
0.11452906003973545
0.12655699619328117
0.1959097814150813
0.16611876634139555
0.2314934314067602
0.16740130498061914
0.3086705750684688
0.30346855355463437
0.2060549145534613
0.14370481570177202
0.5460539411219866
0.19879114881165547
0.4553483420473612
0.38082012935859366
0.14022214105978684
0.3505011781228604
0.526792472368444
0.3090364110391642
0.2383680716084359
0.1273845447517386
0.31416598263273754
0.14872657156195915
0.1010611170745434
0.1085879669362986
0.09768388752084295
0.05865891778380305
0.059942677414607876
0.21344363168282512
0.1650260508854302
0.1358843916523952
0.2569354844256088
0.22465709433953795
0.27140970563405437
0.13526504941608483
0.18578595110352125
0.5038301404066964
0.31420772765936233
0.49955758787489535
0.39303984279704446
0.664535360953902
0.45512095009172093
0.3746858299225268
0.1765301627624953
0.4119534290677428
0.16024116500550525
0.10333629503408881
0.19735826928003578
0.18115021023744146
0.26356334818411803
0.2093091254446659
0.23802935888574317
0.18370628177550352
0.2837948762258598
0.21846504008906747
0.46826900683761874
0.38918870796138205
0.2998463245238181
0.3465216969610138
0.36710609211359346
0.47358188966172615
0.44384358823760073
0.18178295849419357
0.43239760105380015
0.30682483864487303
0.2276036833495514
0.20253590681163197
0.26641504392527815
0.3080551165670535
0.3580161576014158
0.2203975545238362
0.2195442783316101
0.07101351541887492
0.21921914796755035
0.20466572908023814
0.055392321495517614
0.21092823865510696
0.09648534017266491
0.35168184745302994
0.350326176178338
0.6128300949578591
0.22794119999764936
0.28279286220110167
0.34996219561523473
0.3270243714193333
0.38112714999761954
0.14897966963032647
0.5229315492952296
0.5533762474618734
0.5217954810558588
0.277885831609822
0.1793920307818346
0.34350654616673004
0.1603144708888915
0.17144773075539127
0.1355440854831057
0.2041937593471791
0.22446600292780658
0.2551086533892076
0.23084255848270047
0.08279614094121196
0.27368557480451006
0.12279605735846628
0.10488697498416964
0.10059082889296118
0.23197213980062403
0.300583021573601
0.12550339202541058
0.33234160082145386
0.10464547564768203
0.3761834613927456
0.295010446442577
0.21734448277531795
0.298212893189609
0.1154621038240663
0.16609702365402088
0.34972134617877
0.1285920414341793
0.15857382628830102
0.08993943710469963
0.13388974566358539
0.24539214227439182
0.17274776533499395
0.07064491116844579
0.10744684234630845
0.22161354103155403
0.26732703380606654
0.3245776990538727
0.12110556200305043
0.13610174871715525
0.16544495245974064
0.30793762230489524
0.27502281702344816
0.5947447184570132
0.4786163743910631
0.3778051093188618
0.3845484878027466
0.21891479039067507
0.36690574483733013
0.5490197995279934
0.3117089203184795
0.22376063856183515
0.22030324316482464
0.11827846940684378
0.2674413535747355
0.27780620434602105
0.15716890641634562
0.10268310001032102
0.2570095476735645
0.2140658975620605
0.2733684772039278
0.4513327861061902
0.27537045837473456
0.2634223298062779
0.25947381522674035
0.14153132167338006
0.2840428293559775
0.4783514815846779
0.483410999237645
0.513906223445679
0.21291344134268336
0.5604557813227681
0.27982934487745936
0.6559813366742973
0.46309418762155974
0.45337296948687716
0.1991604003670131
0.2125133342088097
0.15011829002190327
0.19044531927375735
0.10569890090122448
0.1263127033026587
0.14197495817149475
0.19136587665207577
0.11891935748326377
0.09441353007542556
0.0781822325651512
0.29658271050244045
0.32081911262798535
0.2722359784213165
0.3286203537107128
0.3568305745560053
0.11454694844369043
0.39854529531691274
0.5517777681773001
0.3113978879154524
0.1627451318101444
0.3731950949730343
0.24624744128423273
0.34386714717842204
0.5218102101243645
0.11504265760806123
0.22179851404603368
0.14335386100878403
0.07256419536895592
0.19509617787000114
0.18259914423943072
0.22953298483604728
0.26869501862724865
0.2943794012183
0.15573150246995102
0.312481099062513
0.0800888062742672
0.47338981007156594
0.30908237183019194
0.3275284494082736
0.489852564718409
0.30940778168571237
0.7207801837378678
0.3539394132932867
0.3560008948586449
0.5893734604594307
0.532812027476562
0.21814929674157138
0.18016548166726687
0.17131113252755803
0.12798777657773072
0.22734740706905376
0.13406577963307875
0.14350996321677906
0.1489215064272743
0.2630146455264178
0.23406672851857474
0.2997796690715853
0.10813569874349062
0.23514926340346412
0.1665294231838456
0.28156289527608197
0.1807403398235976
0.3500781229893382
0.32430701443896526
0.3781315818333348
0.3208382206484794
0.46916311533878396
0.43417095990681087
0.33262709873156154
0.30400814971777557
0.26550305404448976
0.26556357195316826
0.16286663700816484
0.27759264124095734
0.3427686863104035
0.1836837660936421
0.13221304990055838
0.3364286442112314
0.17233683762653126
0.294165926340331
0.19653267986576348
0.5301656998955678
0.09681581294891213
0.198108732241778
0.18649010448474912
0.4323421016089726
0.46704976797239295
0.17124845055280172
0.48810458411356433
0.7037197044973414
0.4193534011035428
0.3302972463706855
0.14867223229576934
0.19638210801056596
0.1350149633933558
0.15139444942958802
0.14103834492352443
0.23622931697412158
0.20686419413326498
0.06585305591286757
0.07350477173211985
0.2553981303179116
0.22539662488469261
0.40990193113578294
0.1118904557423224
0.3917138290059179
0.35613308273647776
0.1183855168447114
0.292985135606347
0.48274074394089794
0.40637971034220555
0.4408587037242375
0.4768036788941968
0.4670583660949569
0.22986381113925294
0.4079578347086004
0.29763012996331306
0.25337511677274543
0.3747127445793126
0.2800591673423043
0.20532121531584596
0.24142585436053768
0.18916985905533013
0.17845505018576976
0.13817647111028222
0.1863557863163788
0.2143828338021559
0.18208113248272254
0.24908723619030065
0.34549165310940794
0.24612033590570018
0.1202031171140684
0.3118079572874512
0.16529984629095915
0.639734632583835
0.22262425676778133
0.38713787371118985
0.5306641118836845
0.2755725319380885
0.2293661776140555
0.3686575698102873
0.41212620923921167
0.28119211066841093
0.35659048688814926
0.194529368196494
0.22955545291008478
0.07173801342833903
0.1788922599432318
0.2465707398441097
0.19154126797921162
0.27843781051540095
0.3745908206927906
0.24026731513904262
0.36263878688382817
0.4444636453968109
0.24436368005631331
0.36340946220761244
0.23537958804623724
0.29318596364936333
0.3867281521170202
0.37767955915136175
0.5722736501946497
0.19612288221106866
0.476183807373313
0.5115883235438623
0.18234446424482292
0.19579252832774804
0.2514546400453537
0.14028587221378283
0.137395960070307
0.10697318968112522
0.10167483106995909
0.14471953453018666
0.21298763674243137
0.17544511672854823
0.3348522845627663
0.335778383483111
0.3270243714193333
0.23951267982891947
0.29415789708180473
0.25832292722369893
0.2127615143563775
0.35667689117380136
0.3606009341380809
0.44790103020214783
0.2915468904654154
0.333347734047608
0.28727681244831055
0.2097233164413449
0.11604678642819585
0.20719763367657845
0.18625905731095332
0.1839018621715175
0.13125593988916792
0.09926038917120056
0.1564062645551913
0.1493737167276767
0.12181753616979099
0.08985903318948668
0.24918249449798302
0.2897628264083156
0.20301149848574318
0.27703557954011543
0.14728095582429487
0.2172035564690149
0.20027834097137517
0.19239597135389472
0.4698267869194328
0.27338070460243785
0.19229190321523107
0.3491493697050845
0.519530235422394
0.2809688824395249
0.20408740827565056
0.16330439343148448
0.29291052836220605
0.093916365065005
0.06537005723989149
0.12493796057091552
0.11067646546848793
0.17077472372258887
0.13513144100967203
0.21446962029871217
0.1869698684366509
0.2238314202275241
0.13411330509865613
0.20571055867500454
0.32613297619561865
0.324154972967961
0.18810316063403096
0.14028587221378283
0.21476194519328415
0.10564960446781577
0.5646088045967071
0.3732318587126061
0.2716118719488481
0.2685576807136771
0.18641948094514932
0.21188564896981218
0.181979980795629
0.37548492919395576
0.17218343934339675
0.1275671294929663
0.13717562704446293
0.14027803135695688
0.06976788726225244
0.1510328028150605
0.3706858869620726
0.29091039324281115
0.2415718604966854
0.21192364854817783
0.20565066741291887
0.2283136817688761
0.2515952083624685
0.28317285798476327
0.12325363504865378
0.33684254781864403
0.23688357740045957
0.3121304666932015
0.21466176955447527
0.21639941136460156
0.13784674766432975
0.25839201624400543
0.21804966673605847
0.058824154171926483
0.14976151726673842
0.13742240920568363
0.1798783739162733
0.19618093057415617
0.15155081457176867
0.2679396898086137
0.1212127897811025
0.20740780035608533
0.2123871032054811
0.2545971750533966
0.406519489361379
0.3101750872861573
0.4260020595098004
0.2284330307548034
0.2849488559405682
0.32558790462408466
0.41457539997500836
0.3872364655503418
0.221300090418964
0.3514120872315157
0.4064498083569286
0.23411144040558818
0.20633055784359772
0.22856746387256424
0.24430811768263683
0.14920457871517015
0.14489468029286148
0.0902212949640865
0.09762954825465318
0.1821192426608878
0.2169608729597688
0.39283964114955505
0.163846709963002
0.1678619076640063
0.35853750896732073
0.3879415574395453
0.105281000217387
0.44526348062498017
0.15961253788868338
0.3837172087811578
0.20420675473772093
0.468185500859291
0.446358420460022
0.5026569317838149
0.4130988897049287
0.38836461257306654
0.5632070731431797
0.21464466904573884
0.1729823176300855
0.2779193848014859
0.19654130507435563
0.20732569956587027
0.12921735347061714
0.13411330509865613
0.1849060087466218
0.20652329582819032
0.16667664249338074
0.10872554338518971
0.3702422020734858
0.38162176481559107
0.4874497775089633
0.32614025335089336
0.17670125136087364
0.5770824567182763
0.2919686222017748
0.25838999505422
0.174193574316327
0.6329881775295874
0.4898088934566026
0.11637725920444218
0.16726351586669225
0.18723715117788287
0.19464061601451554
0.11440226841862536
0.16016989851070484
0.21717717198772965
0.23832055685608347
0.2201859670172784
0.1388621184806173
0.27640145074662775
0.4101925955573753
0.22651887898475237
0.1639596791838821
0.1571672709101346
0.29601134322360173
0.3297398973548694
0.332919680889018
0.40683802007018827
0.4633511349898168
0.35584515069090666
0.2688600362368014
0.37364180608098496
0.39692650857720135
0.38337581544044463
0.23857678969864585
0.24182931672236097
0.2127614775670351
0.1794618247819922
0.08704144506684368
0.07519526708753604
0.13932223993579362
0.13818208681693497
0.22065047100099816
0.1553738073738391
0.2578087405230373
0.2806265719028338
0.274791920140614
0.3903190020541999
0.2520185511547171
0.2382920018414024
0.4016209901223638
0.2959859829367885
0.4943774703078199
0.6336578813925765
0.25869663134425697
0.6336026266902828
0.37958853577462154
0.5140582961376645
0.1843187909163923
0.3413462409676408
0.2867243398055371
0.19234424041249226
0.156336361307039
0.16389341619528416
0.19951604601232736
0.13976935880593425
0.29516957411895123
0.24850963634963194
0.3079896563742266
0.5301766967641586
0.2724295275766332
0.5040644070273598
0.6048392888544649
0.6512747736179351
0.5846548030107812
0.6616582288281878
0.9205659845407791
0.504492667705234
0.5355172898497533
0.6493747946996262
0.3942530890121629
0.321778684747123
0.3650401162485236
0.1715153708720779
0.37486584058235206
0.17688022502759862
0.17591891945679639
0.12896519175753846
0.09485839727421921
0.3128125291103826
0.3346014064696752
0.27624271622109836
0.4111554379220531
0.32767036425155793
0.11609762839377213
0.3617664605906728
0.3601800495857557
0.528865178439327
0.16822335360100404
0.27220596814156245
0.423220297455981
0.1840733363694552
0.36123985347801435
0.5930790167192279
0.23900220579223547
0.39030361526837526
0.22085860727832457
0.18738751847590138
0.2756699074274924
0.25450382338963956
0.1833319376510043
0.274003614311684
0.10067254716129237
0.25363978053311365
0.27122758639139316
0.2606755569574731
0.165523405726029
0.38152522124779714
0.3338585771980505
0.2126273786953354
0.2051381376204815
0.2162535921424707
0.4645526418110329
0.2744167281158533
0.2458869946268643
0.2168079401311496
0.3518382511772575
0.11660604804953592
0.18331070688580908
0.43370631183306574
0.13564892149890548
0.09386697894547935
0.14991015374457597
0.17512034950196412
0.2051572597219495
0.06270085404712909
0.22149954229645538
0.17229008831225365
0.31919509824224246
0.3120049562119485
0.2227993329910329
0.2639948507542897
0.2728406425406759
0.10404808255215865
0.12762604408822711
0.32191970171504714
0.4511167753920587
0.39266567309720624
0.403081918077876
0.11449610647811413
0.14227831197408183
0.28761844830670225
0.10460734417349962
0.19661757816405653
0.1623838404643727
0.08316474519164108
0.1600656328226498
0.2173902896697121
0.1856396077245425
0.13957179269790462
0.18716412284541592
0.14698583596578255
0.3550784118892289
0.272700814171759
0.43966820754309355
0.12148448611205236
0.24895700471743382
0.18962467868977775
0.32163521264649436
0.2109953948193227
0.17466451462330643
0.20524991733801592
0.21032918633265987
0.31927801750705853
0.21643313029581254
0.14195076788938513
0.5048602410679554
0.32010844815668876
0.17998584581828853
0.1431007477904753
0.05236722454372021
0.12652083957998514
0.07915419775006219
0.21235076902677982
0.14751658655531888
0.07833475846188043
0.2959463583318785
0.18770047414708607
0.11112379935849734
0.10306347487365046
0.22434951067391828
0.3130025270022134
0.34218247950181857
0.3285728203686444
0.2934835592334166
0.3373628885119615
0.5267205253380557
0.2477342040881387
0.1261516270865103
0.1802093469856465
0.37615782624680205
0.14684281033403973
0.29960763048142
0.10491100992410973
0.23655832882763977
0.2790024936591084
0.3017616191433189
0.144195835620325
0.296356326840819
0.28986327565139375
0.24783827222680235
0.1543235159795267
0.2718109840532754
0.18960075688309766
0.2503291814289497
0.23300677342260878
0.4215540126906229
0.20100094563671364
0.4747031144059861
0.25452759016698967
0.5607153509011868
0.3494608096315776
0.33512812275499065
0.45619854207188604
0.2424725632772166
0.1956741177217907
0.3302648706358921
0.28986078377721053
0.20592944433659185
0.1504066592275154
0.12027675126018329
0.16347418613130016
0.1709438797135098
0.19729381087719983
0.2256197246221735
0.2541667307686798
0.08929120204360085
0.36118369736437683
0.10526828972599314
0.42493627683933044
0.3171203223094362
0.1858221772809814
0.444505918235547
0.3450905664837955
0.440364328754026
0.545790137161049
0.3909107188071071
0.7805331144424743
0.2344739336097377
0.37918520758629526
0.08802015290418988
0.15810123248169614
0.2529917483907192
0.18544290830682925
0.28347685461169275
0.15890604644794865
0.16758015252867559
0.2789696059632063
0.2965515906207153
0.2557734677998836
0.4828592319248171
0.1642831012688305
0.4537600643414344
0.5310441076673461
0.3157553460932517
0.5409619976209187
0.6469281418886662
0.6152511733267979
0.2696276539431885
0.6728979297179699
0.4091178407135954
0.14670449167078106
0.49066236066226077
0.3155314749720305
0.20006333844438606
0.2357663681418524
0.11847771338287333
0.2366640926110203
0.23925668012932472
0.2653470183685831
0.13798550994507378
0.18191110638356048
0.3919253266135423
0.3094986443848457
0.37889879801658755
0.3139995913820359
0.4440250732087969
0.31358331882738216
0.32536903553100904
0.4468104028096489
0.3081766812443691
0.21788234433306633
0.3509212452298057
0.6417666973592111
0.4297035901485692
0.6085627589295692
0.4592872805304572
0.3605134829495447
0.1983642867378523
0.2643154988600551
0.15380889132834655
0.18334204329018206
0.1517968564127143
0.14050710494166574
0.21338395045962044
0.2713929886912473
0.3169260679006712
0.2295482968567158
0.31253197988927367
0.20886202614553012
0.24414632299155326
0.24827610722199098
0.41278627200823503
0.4892760875611638
0.2734351874679497
0.6510467761477386
0.340598520478757
0.3869590261631334
0.30803118694223336
0.6529467550660476
0.4741084227156222
0.37849332612422326
0.1569318007566449
0.2928627504681386
0.09044785676046432
0.3022899559849165
0.17293522942384532
0.365669942617737
0.17900403966076622
0.3478082069533358
0.3858863830123707
0.36782304402298294
0.3385854344780074
0.382719079794294
0.18402898149671193
0.12950719681455428
0.3361822698055819
0.28918006318201966
0.2273691310544598
0.15213183224319726
0.30601544527501695
0.3328928515020768
0.1494938811899231
0.17257099093852385
0.19904694142214424
0.1893876814399527
0.20824599818052067
0.1591267365136173
0.24061260719055783
0.15882122281392771
0.05005391510999273
0.14895034803505228
0.161166407805653
0.11008066582860183
0.15966687715487404
0.3615155311703452
0.21082247487172637
0.0915616635301062
0.2180795802434992
0.27882662980083744
0.14070247325457244
0.07225914357549738
0.2586412046098424
0.18192462388045402
0.24162958482740696
0.19169351141791702
0.13349340487043085
0.20669768731988827
0.3797468354430367
0.21222884514025697
0.17631804361906878
0.09740777778890898
0.08323117767666209
0.16092798202790815
0.11289418722746372
0.13026572653027252
0.09883562624456668
0.17597285939250357
0.22495956725024888
0.3095865554931516
0.27036748491492785
0.07176343441112717
0.09768012636371083
0.13923281616176497
0.19026904630145583
0.13648536385700197
0.08758799619679025
0.1930855258617074
0.32317458471595645
0.145013388372311
0.11327925691736573
0.16770489099052405
0.22484947814589407
0.13058106602454567
0.07734288887706309
0.06384863777321954
0.14573968568995832
0.08648062322925573
0.1436263383235673
0.07377461039725478
0.1436263383235673
0.0704415433061401
0.2634745100609731
0.25717811797157175
0.06920862564091174
0.2254969928417786
0.28655482045935293
0.1525122466049391
0.2145947017239533
0.20209612125833543
0.10567502545060435
0.16278858590416728
0.23132720103413157
0.3112603143116819
0.23962448847299855
0.2843141548283118
0.27439686622033427
0.24262853417988042
0.2787228238019847
0.1250163732838448
0.2537231847509747
0.13433982701373767
0.12938490977992656
0.10172660554343889
0.08180039729221235
0.15931551236544006
0.16656796396100026
0.23553594558829558
0.16867757827791388
0.12061851775087647
0.13952929654264035
0.09668766764069348
0.2237335704805393
0.33822930139527074
0.15318239138953657
0.10637410247728034
0.36323796960230126
0.2560401616973609
0.1624938129322164
0.19065105629239137
0.09977457587186223
0.20197357166222726
0.1687426589472137
0.1551907248136019
0.13139387355299725
0.1375281729890642
0.13453147276104838
0.10373185428069806
0.1573562540143453
0.1558742704580645
0.21833170349173964
0.17686863918085274
0.2326758767309087
0.11539855136709616
0.30699859362035725
0.14718749034375717
0.36114806564982715
0.19420608124554486
0.2671370359142357
0.21963756295651213
0.329977966907158
0.20270445414092456
0.20940078627899886
0.25149869841201294
0.23384372505420759
0.2245837989745424
0.36017626474273073
0.14397489262992005
0.1808441698708251
0.04795668402996515
0.08291819446756375
0.08772472232157454
0.1274101043790002
0.1297074191856778
0.16455774426144507
0.2075085429924722
0.175276762543771
0.3254849440532242
0.27986689466690573
0.28192058763905387
0.4135251817889921
0.34484617367307113
0.29039277787433726
0.5045210424303238
0.2627046921510763
0.29123468604942526
0.26722931499153557
0.241073843213684
0.21574788092356972
0.26469149520684365
0.12727393912410162
0.11039364903770034
0.06212789434387031
0.04544000673393197
0.1139625864756726
0.04669834538194855
0.15925623945279369
0.13013394715440507
0.35257268760530397
0.3376679483302368
0.13972436646315345
0.32334214705781067
0.17019700912587243
0.162237082030496
0.289475475112332
0.2513292113139055
0.3266340919939196
0.3832894111547926
0.14006851514902274
0.15917782375916412
0.497213461787704
0.3632112579506853
0.2738629612850495
0.12925500117721794
0.2858777382330092
0.23533138882174454
0.12961946207501812
0.12105726230015851
0.13037136071052993
0.08616396308856888
0.16375759126741987
0.1268070269613091
0.12533815563728787
0.4570405625814484
0.2647972589902242
0.2240560798862905
0.19752132718306514
0.2821425194646203
0.2861262886386174
0.22323209212170128
0.19726115683640733
0.2769096596950086
0.410517725921436
0.2061069486227927
0.3574110786370508
0.16657413507085903
0.10196356196352545
0.2852801783715738
0.20677012149649415
0.053371353363854644
0.16504430105602919
0.20048577545995871
0.07065762165983991
0.0699346355864966
0.13834151477572418
0.09858954195734251
0.30604860416120233
0.2530819264038808
0.2139996502342364
0.26336026266902784
0.19911076898448565
0.18302983887419194
0.158324791916766
0.13099385769529762
0.21898947014813971
0.22598396310749588
0.2826061965485416
0.3930296390413858
0.2890232381028285
0.35980839106034135
0.404026439711409
0.19878307009016613
0.1469058951154661
0.11833331067289282
0.10200092932797725
0.08328052796535737
0.15350217313189404
0.11975985738114678
0.1853619432702196
0.16360079458442453
0.2182259397083591
0.1143660422411652
0.29178727264872306
0.18919990068520304
0.2315314309851267
0.23218675911458092
0.1677090885509895
0.25521791738287813
0.109475462377442
0.11262766424318083
0.24403747932270828
0.39331230829049035
0.45124499309837096
0.27551465570611106
0.2613990995809425
0.06830618075193017
0.3079016719229271
0.13253077458779441
0.12306946900618414
0.21069685056378773
0.19656974985959266
0.09493069803388504
0.22746933095557664
0.2176266116025362
0.1825980474870432
0.22187327163029236
0.3447321749379725
0.3064665995232304
0.38568589436634226
0.29659137714338096
0.4753812335514341
0.2949410290750415
0.22901384561316693
0.46070688811154986
0.3933716352466809
0.17907018914686001
0.23320516697628163
0.16515413478140165
0.17010341827024789
0.151726015887406
0.10648379173820693
0.12802008084868088
0.11126350011624893
0.10639836608074778
0.14029444332793164
0.10629260229736724
0.08317810764687336
0.11616413644167987
0.09657431361242365
0.21716418835577575
0.26056670765500556
0.13528665972430565
0.31475301934026356
0.7673889417729483
0.4016503218559626
0.2631010498120699
0.2681250249517563
0.22873180885748484
0.3126971097766445
0.4507279561066222
0.39511961585152555
0.18309738535591272
0.10382422460031025
0.1086423062024884
0.11715470710028235
0.09709186265101862
0.07578516324628387
0.15996413911758992
0.11383646433778213
0.2084935412796473
0.08428190702149237
0.16527353882920634
0.07169988195415669
0.3809996975849992
0.36983578911841103
0.27671540528624355
0.2542878126755081
0.29921804121484386
0.10632383084504884
0.12137580757967187
0.18432878490514365
0.22335507841188892
0.11124222068122272
0.12153882537824215
0.24547774122605895
0.23216639420938903
0.11876752280255372
0.3144939150406872
0.3367902630594408
0.20672225342376893
0.18058495701386715
0.10883226492252174
0.08727760345143401
0.08030254907724156
0.08850718034432054
0.14355400807759483
0.1702811471506484
0.1924501581226922
0.30935456747905987
0.4611275906741506
0.4314598004060988
0.2921192652280642
0.42887214160778486
0.20967128237201352
0.3229964161125182
0.39707089471637674
0.28231879243692093
0.22641360912489172
0.14898015480417848
0.21018789217144396
0.13176593103041778
0.21131642100190814
0.20450028228302505
0.17066749178161025
0.16045183466367952
0.16529139845336258
0.06812332671349751
0.1328040573314041
0.1426077954157181
0.12691109509997275
0.3832880579313994
0.09563373724926007
0.17897306194247709
0.2803819069425834
0.17054166223458822
0.28643020693826327
0.1710229678287574
0.22026021548101055
0.36350282974035414
0.11753583276891362
0.2869681875785819
0.17776202759698395
0.31582350738891973
0.44618214748772134
0.26063262808971055
0.2081883113960606
0.13062577791156
0.08801149813902795
0.22108156185963143
0.09583710511156522
0.19801580286615653
0.05841741844731501
0.1452531045393907
0.2762197475953136
0.19304639722054107
0.09042243577767574
0.2582399044206351
0.1764153788937332
0.11812880549113171
0.2641811033827273
0.13061348283196728
0.3899981013312373
0.37047535009724764
0.40268153194639467
0.5456862660387947
0.42921328897913286
0.31199627971276644
0.3495388607355751
0.3938739361472318
0.1853619432702196
0.1283420320065943
0.1308801806611356
0.04477906118143843
0.17707803518639198
0.1547324150856201
0.12014941316069334
0.1633601873962015
0.09621672733371404
0.22449334506315746
0.12367307948087443
0.1613082101644283
0.15529648859698247
0.1401941217325672
0.24912523576866716
0.20927928529551681
0.15615626539658492
0.07863981025533905
0.23756858340173606
0.08843959912019538
0.13710977268898217
0.0807878833009431
0.11119625171341678
0.1355945822327157
0.11939217208154439
0.15776950916018398
0.10018314904101697
0.18754050200889938
0.1799596565072882
0.05796188393597229
0.14877438862185383
0.08817173048253546
0.12926206535763146
0.21311402351163636
0.26081348981622626
0.1943265764834247
0.2389942541150035
0.12381506797473796
0.24465373482524685
0.35575411269742324
0.20071113621703415
0.2911380362825001
0.38466973180082603
0.3955156175746308
0.17913817532180834
0.10482044448045975
0.4346771769307176
0.21534651191086757
0.2029177484753935
0.2190675692810197
0.23042944321250752
0.16261286559813357
0.1287516241678162
0.1627277472121004
0.0731039352679788
0.06968347591140361
0.16744730035573344
0.17482753392790798
0.2030343304387026
0.4540445534099871
0.11784375527732364
0.24537569400543358
0.2004937791522741
0.2998457902377771
0.2342313630965672
0.43147141760263974
0.7302890223355062
0.4425430896525161
0.4129414181052633
0.46213332181276096
0.337315959794763
0.2967883608586626
0.17979051873389457
0.3024217387128585
0.22915545087352657
0.06243581685228016
0.13590646164389714
0.14793431564736426
0.04489345560398539
0.04664750341637208
0.07201764079044566
0.1312655540262475
0.22313467214363816
0.30407262608616126
0.2175200825584665
0.2627877471059945
0.385918758747165
0.3598738497429463
0.1596849902436037
0.3319925160312791
0.20482280735874228
0.10857301748846085
0.42097511244870983
0.1719113251363476
0.32505683111501893
0.29445873275951806
0.34241019323713434
0.30794888260945374
0.16790056064285208
0.11732966289427259
0.07107576017648604
0.12419331867064805
0.11859550420571117
0.08402661861842985
0.11786053416904753
0.21851478191475093
0.33563744761740133
0.19321245308173998
0.31657448736863386
0.2371198816329061
0.27614923840639355
0.17171208116031805
0.3087085746468353
0.11735596704178819
0.41601938395292354
0.386615976152416
0.261919694485282
0.168183763003365
0.09400679435081437
0.21232006878052928
0.2844077859616083
0.21071591810295362
0.10713130643409147
0.22962331961747465
0.09690502470545352
0.15768782131593675
0.0699346355864966
0.1869698684366509
0.19609982564862227
0.11167437738862251
0.23409386212330147
0.15720425570088103
0.2703052564204995
0.04865576105664094
0.1827639058973066
0.2434329747473697
0.08317745568303518
0.08871922993086577
0.19156722277743046
0.3210283371541707
0.20397355178019433
0.25114243562936356
0.23532203767049364
0.3767448093546886
0.24152922664652143
0.12883635566524468
0.09552694660552698
0.06296109642544989
0.12124712680437327
0.20303174721049216
0.15539810774614424
0.15359048586380436
0.0932314543757735
0.3818425125979379
0.0982139670022632
0.30669201192379114
0.17497601213836422
0.19887116734973423
0.22731347778648078
0.06990770266758764
0.2686047551919207
0.43235920265038047
0.36197282940017556
0.1575295326847344
0.27064952167060996
0.10006969874580354
0.11079776376135679
0.26052510927852063
0.45062422638970023
0.4084330582796899
0.1677928481011828
0.1325483890531645
0.09997577936342535
0.08049456631608161
0.1715062670417242
0.1480024982028258
0.21071671108834583
0.2854244779458897
0.3717052887117564
0.33703826364384387
0.1879240611200706
0.18497380371664612
0.23099943688799995
0.25759466022649274
0.36398344256532855
0.2592682431869228
0.479111763943491
0.21227791677297844
0.23941925521479263
0.26183587305557043
0.2222676186362168
0.12394135080295861
0.21630228416021863
0.162448197515414
0.12982669652484305
0.09592480681295604
0.14480493589328522
0.10944796469713763
0.13047725409703365
0.2684149133797032
0.20309296851247477
0.1867097186287504
0.2768596653187961
0.1871145133167293
0.18828685488481542
0.23750773094593325
0.41832634898690907
0.25577208280842445
0.3009332183118828
0.3173266047358547
0.292129632108037
0.39669968544887996
0.11252598031202825
0.26829771423974447
0.2521277055341941
0.29476366428135536
0.31180001913367555
0.26518505952928506
0.06026043969946053
0.1367173173164811
0.1476091852833045
0.04681273980449552
0.13657048464804597
0.17475757068232609
0.15823536814273823
0.08982618101123543
0.23749736478861638
0.2359745044191788
0.153381635365567
0.2641352033100751
0.13532860187305587
0.3175379080965906
0.24267376676877972
0.3496169118395726
0.32790426405149614
0.1712049146758785
0.23987927383040164
0.35827863075248284
0.17042605186048818
0.26979700639986787
0.15577621435696537
0.10284611780889127
0.21696116127359905
0.20584816174557694
0.05597700409964654
0.1493492646057614
0.10462120050443022
0.09023940805281704
0.21298656413358025
0.42761480969456034
0.35882126241545675
0.38445586901110207
0.13288818752538684
0.18189984234106327
0.2706440294988675
0.21570723441448805
0.23217742381735126
0.211674594041283
0.16778154090590985
0.4131791274439027
0.22970745122354994
0.22918782660832088
0.4434699961118064
0.2530676961946364
0.2464894572530948
0.25268933339093563
0.06196364554627085
0.21592720303144144
0.24599300125286133
0.22978345038028208
0.22519341840715573
0.18236440943375148
0.09459147695494302
0.24613893801236916
0.3541324013522562
0.16176799544755266
0.16579167704811318
0.2660785616877184
0.2553191670423542
0.13001575090387776
0.2579226130704934
0.24053337861647822
0.2900748032181549
0.2403711045875557
0.3523268662645324
0.23373129697180844
0.0949092392397955
0.19570457121708837
0.09523862054229419
0.18196658930608972
0.13091771843851258
0.08656245104062868
0.11257570899909462
0.17164211344882682
0.13647347031424403
0.13019521734135245
0.092630335765176
0.3318512816408091
0.3219097020156747
0.2802848900289338
0.32470639713899635
0.3567632954594543
0.27870676464264293
0.3480391490379219
0.3600199186271024
0.23109338803213939
0.30549396802352635
0.4871165950760438
0.24695369304816345
0.14301844916648984
0.25206604036000124
0.39396412884352944
0.08504589791796885
0.05461698152047711
0.05830302402476805
0.17320207819304204
0.12166801135669851
0.12085274980941105
0.1564689877039432
0.26804068168055833
0.13663952671495003
0.1968440825793741
0.2577193167490095
0.2363470347562912
0.3142565130882969
0.2429041558304678
0.12728067450564948
0.3244394620365137
0.36468195358021643
0.31524658366270586
0.42841383187980303
0.32369170603824615
0.4291079889626618
0.1692849272704989
0.2858442518829362
0.1351960942806557
0.31511302675219394
0.18548726327780451
0.2283014668240013
0.21452420729004318
0.12035480236418081
0.12477769825737349
0.14730959331372484
0.10116160055700141
0.37741391973041777
0.38339371475418493
0.2962827125210948
0.2101135719613325
0.30794858307951123
0.09611673592223616
0.2851393292807436
0.23818785566556175
0.2012034915632447
0.23402322681924076
0.28968700267909314
0.47509674448288136
0.3237994433740109
0.26131509618370774
0.2041556710228546
0.27830891195389185
0.2314865037787102
0.22915759230453353
0.21649653856898451
0.22600998014216198
0.2506484463423055
0.1069396758618689
0.0814996708190131
0.1977430203270095
0.16992752659691307
0.44823284815241254
0.11823299094798163
0.1995156723608551
0.2354158142236974
0.28118758944438565
0.5860370674385436
0.33632220712532757
0.4161333826880222
0.3879139868676904
0.6005267620342797
0.49944901448015105
0.2574128717134514
0.4988584647911933
0.21287329407391287
0.37076078973516996
0.2497407608936958
0.12001732592492256
0.06465826972182148
0.19410184629444002
0.219553289843176
0.06085783279498358
0.10032839847542219
0.10500586665250643
0.16466608964435123
0.11279290063130444
0.21526494482516906
0.29797183237722985
0.28803021837253584
0.40255203200196243
0.11345384618379799
0.438602409678788
0.2576969608055019
0.36559014455180694
0.31785557216429583
0.3434401892735225
0.3888649506134398
0.3680227115695571
0.41909303927352193
0.14082926487568256
0.15704047928902537
0.13503307648208546
0.24095532641993825
0.1547751957235972
0.2010177695570846
0.10050952936272209
0.06558613559359129
0.21491117064375342
0.1979034989835721
0.08432139990850482
0.22900193912873312
0.28573848809955565
0.3087519219706114
0.2935950552244295
0.5401003871295742
0.5804639910139533
0.18146768563366344
0.5612917720468243
0.39780069247542377
0.44623493325268837
0.2825710135057002
0.2779738015663759
0.1503142712267074
0.5795502783304869
0.27506424281173786
0.2424936276839329
0.2004477758815922
0.07025088593522852
0.07096267345329854
0.060578201984313185
0.07602144902815303
0.3381431719013253
0.20816516189383213
0.39880430119526633
0.12040648497637446
0.1931244959710803
0.16146007293914263
0.32602769017738203
0.1150299471166665
0.271535289836352
0.5001080053570645
0.2919467641500007
0.5809392145850418
0.17747659133591362
0.18304378656653286
0.19362482671436215
0.3391082373397779
0.38246857044109306
0.22557146998590424
0.46853480125498287
0.22871780675123699
0.2725532697714582
0.302777651531007
0.22922020234311516
0.18875595947499854
0.23045048026529563
0.2012034915632447
0.48054267808088835
0.3426647770620796
0.18568357641010771
0.18512956818169166
0.33431931926564956
0.32699986365348727
0.33462428709256903
0.19496928708962682
0.4293192363810859
0.19719719700341554
0.606611976745209
0.215111041757377
0.3862271568669795
0.37655432342891454
0.128757277822302
0.24924319209875778
0.49151077893463413
0.2292881265100571
0.19239524982147574
0.2585526180666829
0.3368350571663061
0.37153842830604294
0.2321188150300659
0.13210013705895213
0.2639566249874694
0.3245188759480063
0.29516552212328007
0.18906442016365013
0.29084484591363546
0.23833671372841672
0.25113857479880497
0.1295810367743585
0.26029440947794874
0.4831030796978619
0.1916614997317375
0.6044173467878021
0.8509958093921439
0.3809258931419743
0.29476366428135536
0.2189093988208096
0.3797468354430367
0.35040257767789984
0.32850635497561415
0.12465427663980078
0.21759731355198772
0.32592238364671416
0.11396226583956175
0.11721615163645317
0.21032170823865895
0.3159869301463689
0.18895243452139393
0.3154933658239266
0.19381004941090704
0.13288818752538684
0.5197615282456435
0.5195057674860664
0.4353047911176382
0.185351236974002
0.31504027276866986
0.3219032305576838
0.33769666685819055
0.2968147066182216
0.24233237493477583
0.23705189315008207
0.11891126351387754
0.10687797840727542
0.08048139662529781
0.041817516686611524
0.08946848591512259
0.10620153550596297
0.241543180541754
0.3239517664904232
0.29062590417425843
0.5272801679145344
0.3761758312175832
0.14558190411776112
0.2048060968895009
0.20286659377590344
0.33878583935066725
0.12575760185329293
0.2284330307548034
0.36289597339700624
0.3464468997599423
0.20234364468210247
0.31707982257463313
0.12591012775002267
0.34280932760591143
0.4005270661424796
0.40234155614118355
0.23480373785921596
0.15042920190257777
0.112754769157122
0.35691185714702023
0.22577582683016942
0.10629783952891544
0.2624598457090053
0.34376755058097064
0.3924323494205909
0.2700460039186331
0.2174339065493466
0.1471145066649896
0.3812153518605155
0.34398792517562937
0.33022978630827104
0.37735107079335956
0.2632849512403677
0.31221468853913203
0.31764244562785543
0.570916317449344
0.3307181309230108
0.25073640345296516
0.3193546529978832
0.35867802019836026
0.2991064634699291
0.31503170448696705
0.29576186978874097
0.11119846300395286
0.21000561627856681
0.08667112957300863
0.1568567020003555
0.3024118798714384
0.23183113416787177
0.4612388822086758
0.22179331553321635
0.4535289482949421
0.5109721748571407
0.4958343783735597
0.33840356989859544
0.45432904247853984
0.44649414610964633
0.1767393828350552
0.3882174359175552
0.3658134274399516
0.30975193037158255
0.23483619538433753
0.197704363487856
0.46873588835079355
0.3123605181980879
0.30770210044823215
0.10591652478709196
0.34419147189700516
0.18258754928487292
0.2595751198193657
0.21594138772648058
0.11677128443765954
0.4815180691730694
0.2774596148657143
0.3185806548082217
0.10953901483441303
0.23217601735796542
0.2438056318535964
0.47130877047571357
0.4521401739514876
0.49958996360968966
0.27673176961680823
0.41372951493540433
0.48326998085980405
0.4095563139931729
0.16361553049801192
0.16467387987276214
0.36568392450077436
0.27405295917688033
0.06267543306434085
0.10391479004396022
0.25782837869969216
0.16208612596818958
0.2747656283751666
0.2366018698761979
0.27580247980299755
0.2648095411584633
0.31411843663998024
0.19022672330129375
0.21688612445291683
0.20407761991885706
0.2671240622245938
0.21735706475989622
0.3411107417919569
0.1713860455631784
0.37093310409711405
0.4300661890605516
0.46522090967455465
0.3905002522906962
0.28250984492167486
0.34629356492385094
0.4779966962681608
0.500064803214238
0.17486375859933687
0.10639952346006804
0.14667979253547037
0.286212824254057
0.18718631498433821
0.10591652478709196
0.12231305868549021
0.3818777671923984
0.4173861048622065
0.29138161314802696
0.16010159128439333
0.16830682047907994
0.3786277988406034
0.31761312659096885
0.39483018585553376
0.3075258274759315
0.4147979141836141
0.4334199842931452
0.1281090427612032
0.10801375586711989
0.2958565567096205
0.13409119586812573
0.27254976689648747
0.309285394489234
0.14798489317930402
0.1142165153774017
0.1084068360489978
0.22238892230153315
0.23736918450022285
0.08116919804276633
0.13179083359941668
0.11983451286363964
0.2751345967409835
0.3570765502401376
0.1784898529601046
0.2724618097858278
0.5024841232125099
0.15455957535233958
0.4137014096725865
0.26951046210344765
0.1773995910215356
0.3373155193786671
0.12179240862046149
0.3009324549123235
0.11122951018982886
0.29031839979262913
0.11847771338287333
0.08218603735429489
0.11034493654310702
0.17817178715898818
0.15020958442371593
0.18086913855254244
0.26988378623579623
0.20354624465129453
0.17371574046382054
0.16292307868966188
0.17004095387036106
0.22850009858532444
0.2161149058824315
0.3761178554456288
0.18360936402321434
0.27554030865890555
0.37027011683904254
0.629005330569851
0.5270541519388974
0.42172502657477107
0.3542029105411772
0.40746947882053297
0.1617317692700925
0.3045554077983356
0.5186642132669405
0.31883181405797634
0.2945090076467785
0.27346956409037854
0.2796474705145369
0.24155535729971492
0.23631154666641815
0.09621841985338872
0.29924891670302356
0.2930003998877383
0.4954134938212344
0.3611602673560243
0.5946342938609739
0.3355937301546846
0.6152360882946623
0.5179504903443195
0.3320674117759913
0.1315154544548235
0.11250055932923966
0.44762758586058776
0.39529960686049925
0.41427990242690593
0.2767692147752173
0.2590476175649171
0.23746708965042534
0.22974899555017875
0.1809159926013763
0.12259999419253681
0.08652031491968525
0.09698104933703484
0.25254501028371507
0.27843781051540095
0.22390948470185862
0.23863834990078864
0.2272863704846193
0.16693183016697186
0.22168088996545432
0.2967559851238683
0.2184561438409778
0.27903090394284946
0.19670141847122774
0.22617349043549506
0.19270817576988483
0.17703732924693577
0.27327905342990005
0.2860833131855887
0.4326672319730332
0.4828592319248171
0.231115743975647
0.19611582394784763
0.15193258826716774
0.2236896904733772
0.19214998600372726
0.20097120628467455
0.08882658713187755
0.12813198967595923
0.21899882259483827
0.3373222571565676
0.2916847635387873
0.2655203698103418
0.1966652350313177
0.33021052599858125
0.2670888076301342
0.2082824073061702
0.1484966709573504
0.6039659567114516
0.5094983467337226
0.49598637037374577
0.32825757507864983
0.38709544717250166
0.09700647031982346
0.17980372657562735
0.2215763431069862
0.11938073832752487
0.4068345789951174
0.06572595099892649
0.09485824567896471
0.1894413962932554
0.19280230588766414
0.1745069075481811
0.07811868010818061
0.3360548007925496
0.16059064468010326
0.16545633789550795
0.2502320542245668
0.3074920418098786
0.2507824417160684
0.13820286700983386
0.25067776537919206
0.23478684738673278
0.2632460568339773
0.3831469325929642
0.1191735673111461
0.1894889771655623
0.3589666047435947
0.20165803569493476
0.34204007545242304
0.20967128237201352
0.20361099612088226
0.10389667695523058
0.20666243272542867
0.12293533334514205
0.19178499386324319
0.20422613508197252
0.09225274653842748
0.43239760105380015
0.4763159833481072
0.3233889768576009
0.4342116012023188
0.3961456044674117
0.19045912799585873
0.25803229995810717
0.18737990291176027
0.4653734825247323
0.12977411713383047
0.43608316133026626
0.43900912886446125
0.17142227174063857
0.37630982456026724
0.2699110051349665
0.36315721259774414
0.20148000733978588
0.22503996198211343
0.1497909594528995
0.19299175510837682
0.19174650123741663
0.2329459541193237
0.10637817011123953
0.236194161157283
0.3307181309230108
0.2127933265319144
0.09576084216320123
0.22010411327301546
0.11406394977071523
0.23923767594572604
0.3677779987036942
0.36141398984072454
0.2705771605247469
0.6137728431330178
0.7599922259905803
0.3468148873298785
0.10220506130001304
0.33850135028211453
0.2242928558542156
0.16082611483359294
0.279752895931807
0.2411197593542076
0.16026975900187806
0.2637170738612795
0.28499683774634005
0.25929754225443974
0.23478684738673278
0.2705316399405461
0.2757025163539182
0.38893719800694415
0.2489186231660049
0.3547985097806292
0.17225878652253374
0.3562448697455384
0.2808733540640545
0.3322721661931335
0.14099748103482682
0.3702812788415539
0.3275816402084686
0.3457581635538595
0.11934714164191271
0.09775638931207571
0.20051328616963715
0.24702685647993836
0.21429498860297724
0.21358272243750406
0.19599776158595306
0.08068619936979025
0.19359360056126343
0.1665870729653807
0.2271614794730156
0.2547630362465975
0.07763568143520462
0.19702700352441474
0.24470214014793548
0.1873204506453803
0.32984398608356685
0.27666514663655456
0.26024941630486387
0.3171203223094362
0.5937814115499075
0.48295675465502946
0.17942825695929476
0.2747769016448707
0.3951267982891943
0.09516344906767785
0.11154040039928696
0.09870967616663404
0.16966530213382927
0.24843666402411638
0.2881888023290989
0.1821712767302192
0.33278610619086646
0.14778469094799943
0.3860110247304029
0.11788980768034056
0.23802985015778055
0.1348338325060559
0.20380847438986227
0.39629760278087683
0.27976224997055543
0.29009756733266095
0.0844485048224459
0.38359182615457615
0.12061505785301209
0.1095841868164481
0.2898275327685916
0.1738621726541498
0.3737258532313663
0.1742479135825168
0.22354938347184292
0.0946423189205193
0.19354772358625041
0.11640739784109037
0.22263301679018213
0.17024443664808803
0.18064454201383412
0.19676181678007307
0.18078118144188282
0.16788792469867245
0.2899570808170815
0.3597378818714213
0.19708256595075208
0.2653965870960462
0.3445041774677751
0.1413183182713925
0.2700568198314303
0.46500084046692797
0.4442910702573608
0.18198220247022312
0.5421955233657935
0.4211435582032822
0.2767672224061954
0.21022314676590353
0.18573161183733145
0.4092971011362158
0.16272065471982636
0.14135054933951455
0.20011773907901725
0.18152590687533815
0.1948238382833976
0.1938048127187107
0.19584982689928465
0.27808091448369543
0.3723958679885508
0.3018065997517674
0.241263975686567
0.2246050602702057
0.5785867565075995
0.396966733621345
0.4345128767214095
0.33945580907137773
0.2912521102088506
0.38799080577399503
0.42756394769843215
0.24673649467994177
0.2356370994564402
0.2818957373033987
0.08507131890075709
0.1875828199407144
0.30172376549876784
0.14122046416618564
0.22948978269322082
0.18949517575060046
0.13431450859021926
0.21300825972825582
0.22605245967851315
0.259119124878972
0.19812096452864564
0.33512812275499065
0.3417526539227164
0.3071672354948797
0.2840088487088186
0.27503186707694355
0.32518837930046923
0.3857910271774754
0.41480339744520567
0.48978269322158224
0.6097007152037801
0.4072257809853271
0.13823930440230622
0.3175028777081554
0.13862061914412882
0.31919509824224246
0.10511576382926338
0.17352683350154458
0.20705103849214654
0.12534257401154025
0.15168507669517894
0.23500712667139279
0.35870739188663675
0.31647376811704014
0.2472398804294874
0.3882144554369885
0.22620925900725178
0.28759365217710264
0.4441687186016604
0.10826193133915805
0.2209675481993286
0.12196785851346265
0.17821668746101163
0.30565516049596014
0.22845393541925882
0.2531151914971158
0.25522733578721063
0.2072970154257111
0.07313616748169073
0.29651889202284887
0.2180811916933395
0.2241595127820875
0.26982266651943776
0.2979651790728814
0.23219876994418337
0.1489215064272743
0.07075930559099275
0.19028054939309413
0.1992904855403429
0.3013746560221626
0.16176799544755266
0.29627961184314183
0.34630837689549354
0.21520173074658075
0.2618225672808999
0.3430601934898609
0.2858708280487619
0.19600182521274895
0.21552526652515772
0.19626782226131276
0.06339581055496978
0.19566299925385972
0.17436031236374921
0.1287031667699555
0.19217279440230495
0.1337795922517548
0.15418881498586784
0.11253981961437466
0.15009390650602802
0.1163584820014642
0.08484253005566315
0.20654923821211257
0.32307745751157346
0.11415292321047396
0.49889646436955887
0.12819801620096194
0.478673178487543
0.1460639475186503
0.1863600193114193
0.15133485633907734
0.3610775564609071
0.18186979739614142
0.26785328552296167
0.40160711971313706
0.18767115511019952
0.1925087961964644
0.09738778506164694
0.21500725476844953
0.3002548926426748
0.10583477744933979
0.23471724197520116
0.23080943899616913
0.22973821409982245
0.2101561390693739
0.22218596253959863
0.15428101556843726
0.18690896260478085
0.34406186546852663
0.3472401471101403
0.40964558337755164
0.4784866819869484
0.5222000059760942
0.2688162827586818
0.24164750201816382
0.47363365784461076
0.08908783418129479
0.3213939193022744
0.3743469729197449
0.27605119042477144
0.19481370159747544
0.34852478505983486
0.33055833220738823
0.37079929059826205
0.3748278410039856
0.27222897941530355
0.12830075978682923
0.16619681744539308
0.2019677590162395
0.21112565740248807
0.233737961270827
0.4777292953730491
0.20904687354003332
0.2448432770387869
0.3745225000995977
0.19735521978794773
0.2813323540847623
0.2515918350859245
0.16516571062991706
0.12944091290568702
0.28583023130437185
0.27882456051381904
0.18801386101730996
0.5680217738799835
0.35430867432455687
0.2773629199821281
0.3354474662883743
0.1577435373855833
0.2646561163449548
0.170021094904554
0.12861374299592687
0.23932134455019313
0.07162361900579207
0.2750248412321245
0.20945283471733775
0.24522234432858123
0.200044979545652
0.08503318742657483
0.18273748222643985
0.08540179167700385
0.10195085147213069
0.21202868716738132
0.32708342333779666
0.31738180588859555
0.4600372031105618
0.2578022913426003
0.31125454639736877
0.0819826694919891
0.18975280672913789
0.1589423536056744
0.3727468272272181
0.14236264825274916
0.19414705169207325
0.24413530911133094
0.20611742342420097
0.20024391970228317
0.15579203582981163
0.1460075985446998
0.21688504738651543
0.2836323628395675
0.22326446589035617
0.1911656729285893
0.13753376445523122
0.2922515559945599
0.30834649818020143
0.365327946412441
0.2529798567255193
0.2919264256304992
0.47303334112606854
0.5019533922496685
0.45086814923990753
0.5684450810755384
0.2645825914056664
0.11724157261924177
0.2057641040386776
0.2211292888564036
0.2152769423033211
0.2066866909263343
0.1007993387824016
0.11414944754688064
0.16005262236315862
0.16623893914620066
0.129164435733568
0.4192476373201623
0.3727213210994444
0.32805653733668233
0.2860205248552368
0.29173774623076354
0.4613542208177099
0.37930038020007084
0.4616941690501893
0.16118837660819277
0.4360640788776564
0.28491254662562593
0.486442894361218
0.34501189670371873
0.5142351060612596
0.15278390343747747
0.20655718798715703
0.16776352906429626
0.09424240066214468
0.08965978921345713
0.12861374299592687
0.15316264869484192
0.13570485281702674
0.20409573540474577
0.12617577609311947
0.2581217237321358
0.3962119899027894
0.11155998296607608
0.1089924637044659
0.20612179913479042
0.3620646851057908
0.356262585675655
0.26311027157565076
0.22045195892279457
0.33135632335307796
0.3636179653859629
0.16077177556740316
0.2729015953391252
0.3421177690413433
0.2937313690759055
0.12047015314317235
0.23445963378286913
0.22347887428292199
0.2079336928197292
0.2201945390597305
0.16019921754759142
0.17444045907128525
0.17040224238407745
0.14421819156383262
0.3051367347820442
0.21112953048036479
0.20552116447374158
0.1403746669565157
0.12821072669235578
0.3266387883389385
0.28289917063194014
0.12666482948882943
0.23345085205659197
0.18063458625745
0.4867745988707478
0.43331749270115355
0.5609117762631627
0.46363589914976117
0.261117420162077
0.25991711602466167
0.2395990841145715
0.17333968408828207
0.22089255627079052
0.1905510830571379
0.12369543542438115
0.19265786231652574
0.22248753133397592
0.18406491357316554
0.3237892013083933
0.21211688363060197
0.17462828844584624
0.09587523658574766
0.29818118978701286
0.16010159128439333
0.20429752778557217
0.1469078595330871
0.4822902537877117
0.19772247657658565
0.19133102695549026
0.3747491302431571
0.13675217690919553
0.14812883963386964
0.3872640082948105
0.22458382255024673
0.15416658642445938
0.06303132682337587
0.12194184147879741
0.1457879337783964
0.12881033863057945
0.17405195025375525
0.16459707308055974
0.18409423261005212
0.2640569125065603
0.2161149058824315
0.16281833656167868
0.42778761826586537
0.28228368714279034
0.08401634811504619
0.3292867326219371
0.5265045146239242
0.25281119487018633
0.2944896836882733
0.18841234896936992
0.49117227256319146
0.49156254574488706
0.361740849993854
0.2566295298671425
0.292579515335414
0.33230631281223194
0.30530954335334926
0.1394340196533281
0.16245036445351194
0.1791272836743158
0.2471112581152596
0.28409729122564426
0.0927992976683737
0.4176299526352513
0.19165750368574422
0.41556141184602624
0.37683636018459665
0.4400787436656921
0.36576641752410766
0.24815047664279247
0.24750005077614612
0.20033160976647027
0.362651446207159
0.4242544838029771
0.37235926901974237
0.3307388628401788
0.3366318506887683
0.26074272142105986
0.3050580058637209
0.2578022913426003
0.4021687475698786
0.37117695187015887
0.30498461596694965
0.14916128569147838
0.338989045828205
0.38583833758154307
0.11166166689722866
0.5003672182140224
0.3466321538562814
0.39382763018707556
0.10730196834905006
0.2681630245301228
0.2705437578872294
0.398772391519763
0.11969469745830373
0.2623760610968871
0.11613575986795457
0.5382554974726729
0.18578595110352125
0.32243852093257747
0.5691196851902572
0.17984074273521772
0.2949291049719741
0.21577956672982632
0.18660104009637082
0.30491467029201375
0.12114369347723197
0.17520790728520616
0.1326339776975045
0.25379617316527936
0.27524711829004084
0.19938947849935393
0.46299858904521457
0.44467106604102236
0.4111390805943271
0.27753400316718513
0.22411073661155528
0.3281497652351222
0.2612370450797102
0.2882647706676274
0.5241715989113053
0.21531572421616996
0.3149622216646723
0.3639684332066399
0.2634608654616861
0.49704304405694083
0.5327261015125413
0.24325878164378423
0.18133013127594383
0.16698456500178988
0.3775982765603468
0.25243360419057403
0.28104962703635517
0.1831233270602124
0.3057782084276307
0.4943046689258326
0.45863465909499446
0.3393971709976055
0.3667064093643321
0.36703558292467336
0.4673161289332096
0.363849247760909
0.14019672007699824
0.5797727567287323
0.6631440187961659
0.23383997550418803
0.27406344316997017
0.12069882627843835
0.2054734767730867
0.3890268292874105
0.4843981278825288
0.2007292493057638
0.15260277255017757
0.2494756848668468
0.18284926194397522
0.330748330099219
0.3339901664807798
0.306009879914145
0.3041376526569519
0.4362954020869795
0.5914663312580195
0.19942510691720516
0.5641011816443449
0.14221768820866132
0.5169842636718606
0.3130979949104552
0.5805503952996053
0.16809624868706285
0.17864595654417184
0.33733687147729535
0.255695416695886
0.39705759434820004
0.42070246684235457
0.23536337324198223
0.2795276976754638
0.1548392061630096
0.4431526862139724
0.3557696461744498
0.17924995503934368
0.24404828887887015
0.20385526347152258
0.2759529380951892
0.08707957654102594
0.19098682538053288
0.1158434185658898
0.3426324013272862
0.5059434877730874
0.4053795020103933
0.3423221122081042
0.3432410247548272
0.24506585272403156
0.2960049964056516
0.3119702626781003
0.3332989457205708
0.6122204755252458
0.5201382286762529
0.3170743467601658
0.5145784163941747
0.26008904676075373
0.21268029357434579
0.3218991661986427
0.12362183058219112
0.12070562329666204
0.2541791796913685
0.1899763871299715
0.09621841985338872
0.15164277884748734
0.3691853124742435
0.20728559078723813
0.17969965843696456
0.18977960443115316
0.2541667307686798
0.14293038316836204
0.10378116223288246
0.19072092336857305
0.36973589750291774
0.15356276625286694
0.4027145971839923
0.47474834751803563
0.18287373666619688
0.3981077461442077
0.2371965606095581
0.08949456990590601
0.14779726494462078
0.1280818616599356
0.24802350196569678
0.13945130580890785
0.09714049485894323
0.10364309371301035
0.1679329363776464
0.2702646151249925
0.4455224865033338
0.32099308255971104
0.14637183703002216
0.08350133904526011
0.2537991839077069
0.290286330784916
0.19599455672610722
0.329438341383938
0.32463149278169623
0.3760459671056746
0.5225657776356619
0.4152748384597509
0.12016498563988597
0.2963674763063383
0.21429284060310103
0.1352269179419024
0.08933435025408051
0.1601673455951268
0.11265376010309214
0.2235710891260204
0.12303455693476273
0.10588933108997287
0.0861277369111089
0.07585621264002959
0.45902276752926807
0.20191820604159258
0.1662493981683464
0.22598349254366426
0.26183587305557043
0.11510867887909536
0.33317492547630295
0.33268630859589354
0.2168317851867261
0.4473793809467544
0.26435903197059657
0.26920408329774353
0.29252170907676955
0.2208325902436593
0.4288368870133253
0.4394089946861356
0.0575658155239099
0.1802214868803119
0.08341077360161016
0.16125451506074878
0.1167384345456286
0.2062038277098539
0.2256414963383683
0.1566485657230291
0.20527227328152356
0.08007609578287309
0.2698517495098672
0.12633879389168975
0.19497165778581302
0.10845862306591354
0.17531530898210698
0.28961649349017304
0.27448482333099306
0.37183531411167664
0.1731973544361775
0.1169381008408241
0.13518639038699287
0.17397591081047925
0.1850848562946782
0.22668164340951238
0.28477355762117595
0.16718380897782031
0.17559605163011122
0.15578692703158073
0.0472194755291069
0.10026965160215119
0.13966891990228758
0.2144234750976629
0.39370112757592685
0.3235408476260417
0.2891628175359878
0.3142791381596342
0.15756468983752778
0.2512594947175246
0.2507950415267374
0.27026288201934406
0.17258150941935746
0.21761064800211644
0.35888502019398666
0.0913630121408402
0.09659973459521223
0.18747875180205076
0.11380453649053583
0.29027519764980264
0.10594194576988054
0.20788871128007932
0.1248732091013269
0.13565849476725758
0.06341392364369967
0.07281330800238746
0.06066073415674104
0.12683304399597523
0.22226724513061447
0.24441328805126095
0.2689333390936182
0.09686665491448843
0.4017799282844421
0.3903313604354769
0.3292779122578469
0.15854386565361445
0.38280036238530896
0.38779655136523
0.21414624541866825
0.3254283891279539
0.1916183656745785
0.13760377983260036
0.44303076232744953
0.24721811902658997
0.1898463019566426
0.11849582647160384
0.2546065163219772
0.10739795260775822
0.15092491888392365
0.15914223419755646
0.18723808700911493
0.3006236628691081
0.16252368046131455
0.20775830263443015
0.23000784437424102
0.36772191984951014
0.2815784459532579
0.32480523369608133
0.3089551284481492
0.3138503730952192
0.06249015611847013
0.3511001518894447
0.298923706427654
0.2075216575795113
0.3891808956308065
0.18591274272463135
0.4632453712064362
0.3797677861915891
0.10979188628984902
0.07105764708775605
0.12399020699281887
0.1297660572594509
0.17492547630362382
0.14798948374440368
0.06170943571838869
0.19461054184808818
0.27040273950938837
0.21320863322651806
0.1726996635917844
0.17701921615820523
0.23467365268588616
0.0935541032904052
0.21434793431774166
0.2546065163219772
0.10647578640843292
0.2679359829317205
0.696185392043777
0.20954225849136554
0.1908526897194908
0.12433402681715326
0.5569188231736284
0.2441852905810636
0.3251495045384044
0.14951473510551683
0.07011576647379651
0.13678782650540117
0.13805848083903752
0.10651606100849179
0.16127021058606178
0.1410287007636453
0.29732435306554217
0.22824744512342404
0.06364143041029294
0.2622802090983704
0.2522818779568688
0.2720528321273229
0.36077278022023457
0.35053117375234016
0.18526370384273375
0.23997631691563542
0.2937146426328305
0.18794705842603593
0.19922285564346268
0.22106151717496975
0.28717139405611963
0.07419113826740162
0.18235997657929148
0.13766919136690522
0.11698295717695593
0.1412229551724103
0.05584989918570546
0.1552259794080624
0.052163856681414426
0.11690187466336394
0.09353650616923213
0.07678407851179941
0.27486998840297194
0.10198898294631314
0.19957625923893677
0.23063555695833396
0.31161705620598706
0.1167026306873344
0.3163464898984366
0.187062479247397
0.2553981303179107
0.22153754187482103
0.24758677223179773
0.20071812652467264
0.12666482948882943
0.19160872089094255
0.07462592556756437
0.07484328263232425
0.14073634108493868
0.08716018296871839
0.13520136975469463
0.13516869276589008
0.1395394169631112
0.16635057563578914
0.4143993281575169
0.33155168875032903
0.2281424034892125
0.20822379996760437
0.3112508955866084
0.44687504158626074
0.37649741992204566
0.229930878969774
0.25655680768664324
0.374225049033223
0.1466979056242
0.30703762906640114
0.22340520140482445
0.10594345598171939
0.2732720709925487
0.28115539081973573
0.22598262886369247
0.11431885032170537
0.16280571721699574
0.20884568270051757
0.11902793359622292
0.1641101372120211
0.08585604058015903
0.12845725139137804
0.2971567028235167
0.15801858608044436
0.09746404801001095
0.11655520608395964
0.2774987657253307
0.11678399492905339
0.5662936881669317
0.5595541538860318
0.5277678634606241
0.46782846848625614
0.4161164524454624
0.49293644964790156
0.35685404043678354
0.10789936144457259
0.20607155196524407
0.155338775542693
0.1456719843093599
0.04772789518487122
0.17959388484772057
0.13021520534237394
0.16516622494255206
0.05310443304457836
0.07047802824839633
0.143068372055681
0.3165699348179346
0.3401304704713343
0.13581193929747487
0.21273822713374854
0.22608803124615862
0.41932534727078113
0.21241219153660884
0.201241763140281
0.2177591922259593
0.5387410132476538
0.28032288960729945
0.3014213504989843
0.2582754329502748
0.16676919220804098
0.36715346361491463
0.42493627683933044
0.09579897363738367
0.06822991780356555
0.16072569614384688
0.16742406909127616
0.19166434961345324
0.1635945879152205
0.14766572639646142
0.23765498768738902
0.26896409366875174
0.15631275700113373
0.21520150917721542
0.34632815722935195
0.5435459689498188
0.33075456170683815
0.5341600730933729
0.3304423572908472
0.47012571823562327
0.249315233660498
0.38448660718245004
0.1783414716354953
0.2736932093350596
0.4093403032790414
0.28084705433535445
0.3003496916860276
0.24874270894468556
0.1094246204118657
0.15066464774988597
0.1938658999478207
0.12938271339322738
0.12385192702893086
0.19432332466437388
0.2522609933710607
0.22348632777957514
0.32898540334956033
0.3711418819024664
0.5305223139067686
0.24355843609387565
0.45926160203243827
0.3567540408343864
0.24544470503754529
0.19203755472536288
0.3933441988686824
0.3002625970784718
0.37479402717032745
0.4957013867887835
0.22405870254222301
0.1541967243584166
0.3035026324106688
0.2519091649284229
0.45855573721132187
0.18859748429268222
0.18380104224118743
0.11949204635175335
0.08227501079405361
0.22721290678587291
0.11344113569240323
0.2308251167100552
0.3067854809922685
0.20956461443487223
0.2684948815193965
0.32268894869404346
0.3302001191663035
0.11956759254436346
0.3592284109909481
0.5074572671646862
0.3150482752826062
0.4375513025446051
0.5913114389561053
0.5179733112433123
0.08015235873123779
0.1521321955653195
0.23795335972901013
0.17363106570143003
0.16277929279359946
0.18695511442220167
0.19318985641365255
0.2044257164028142
0.21830042770121358
0.24119756339914397
0.1676248644156899
0.3868238506405532
0.41189952996869167
0.2323581366006266
0.24701288576838495
0.3154170944338442
0.5704412237435179
0.3060904128436208
0.20156118665935666
0.22838831886778907
0.1901489512558382
0.34454980133030283
0.5242602735228892
0.6234595249323954
0.35154217240484453
0.37604382751170345
0.16907800074364618
0.2465300985486018
0.16559842564807814
0.1896941686553648
0.17820110619587473
0.2181175798218657
0.2313906769775777
0.07081014755656923
0.2779193848014859
0.23118737004066378
0.3271698276234496
0.2238175165767924
0.1823013619035481
0.2890270656266752
0.6373612131161692
0.5014424361200932
0.34475467922585523
0.28442083016726855
0.2900542080214644
0.4577835525966787
0.5000216010714124
0.1703354864168391
0.18602179786076395
0.1794811403966489
0.12953033667971567
0.13885495869425132
0.11405867997504755
0.07466215174502433
0.15233510266232958
0.1412877066419989
0.10420105268625388
0.18101633019048327
0.16758015252867559
0.3875576997566555
0.28853254848613513
0.2828311838523589
0.2935297534752501
0.3211996648935085
0.2701749249086844
0.26234699705496345
0.13831556735067108
0.2413882082686813
0.08995214759609439
0.17254253207678893
0.06571324050753238
0.22791638520615923
0.25649112195964857
0.15122759226033541
0.19926978895224084
0.20473495485376
0.16233419878031535
0.1529863025022351
0.07232556329885549
0.1853243075142802
0.14177334266391278
0.2605089212424929
0.2013631453361742
0.09184601081381627
0.1701000162633485
0.24029031839979242
0.12892672620502538
0.45176864086156626
0.14130020518266284
0.11040332824921172
0.23488595593210448
0.38998967277209123
0.16440398128507572
0.11043550198675697
0.15445721369005028
0.3032600215462532
0.20977535051067628
0.21737982944131556
0.20518173975810178
0.06165859375281231
0.15380766750634348
0.08766734945315813
0.10813569874349062
0.16968036313672566
0.13362349004375976
0.22425866861048263
0.12416522324409085
0.26288503909793837
0.20331324625171313
0.15527361935066686
0.14171478782483604
0.22484947814589407
0.2733939948790715
0.19555797603265648
0.1586159895557227
0.14902550725781913
0.36983578911841103
0.17035871615521353
0.28222504906901724
0.2049384012474457
0.2540080969219857
0.1268278472873997
0.07375898156000202
0.15542021453509874
