0.18594313705412369
0.18445844942142015
0.2962689161047745
0.19904155089901093
0.19057623833397075
0.23347756691896823
0.1616186716377111
0.4708595387840672
0.10656622341997361
0.3236820492973614
0.3607966457023063
0.2831885138907146
0.14096312420882662
0.2887253740571742
0.16737585613384717
0.33160377358490517
0.32042753825918746
0.41718340787964503
0.46660716414560066
0.560764427819489
0.3563729318686097
0.5338050314465409
0.37096436058700194
0.12305432510825015
0.19406195527251685
0.31865828092243137
0.2935534591194965
0.11824202203705325
0.3081743798403752
0.25168299037909164
0.1633106686079497
0.18306828691880586
0.24375120591689087
0.23485804501014085
0.17170108384023208
0.2626462242992089
0.13289867111691087
0.1933150159285423
0.27127882599580755
0.1578766215751546
0.2529990263660939
0.23755483335138108
0.2519965906949287
0.38712840407096877
0.2711309132336754
0.5033542976939206
0.24245561822585796
0.19439466459043883
0.2949899561104798
0.2885774614680052
0.2695460416616405
0.23204726915249768
0.28271026209764955
0.3152017275183593
0.1696391767563737
0.12046717124418213
0.3743499933567483
0.3241489211469084
0.48086267107179526
0.2230359642587038
0.13749123432184304
0.3706689484565968
0.26181259015711805
0.3148379248724837
0.3485153249565876
0.2715339015216014
0.2775057505564835
0.437114355968053
0.2341987494649529
0.20832146988913902
0.6078714372866966
0.4355197039633363
0.23773656131181456
0.37626316952238437
0.4519431122243509
0.10545599796978722
0.18008495187272178
0.11150055875413507
0.3612808698293227
0.28482179789967854
0.2871340832481264
0.3893900857105392
0.34027248990791514
0.28491382708737684
0.19247935292781776
0.2723127436888532
0.3596042100484856
0.34052976024918036
0.4314989517819705
0.41277388138978616
0.3575933871147344
0.30752594283749407
0.3312139004208316
0.5804430073482758
0.3513283835179576
0.24914106037095443
0.4847588589020032
0.38464360587002083
0.09184031640708476
0.226180347063404
0.3196576909969528
0.16821086762565293
0.4307127882599577
0.46686143561259924
0.44818139065457147
0.44212305507414473
0.4106708595387842
0.09664820939830852
0.3341928719842653
0.22484296995228792
0.2406561128596715
0.21231310673873952
0.20061151090638793
0.4369863731656179
0.2982706640438558
0.47097484276729534
0.26703831997500144
0.4615710953400013
0.4934610495647583
0.3654219294879365
0.20963963171903194
0.14861583972632877
0.265934546224008
0.37552623820754677
0.34746929209644684
0.5492628071792798
0.39758620854588594
0.27964934343528364
0.5136720931367483
0.44011430384936717
0.2308255984121194
0.2612574170991318
0.31177672955974794
0.2749509497072666
0.24028682927861805
0.3560578096594019
0.3056084541600054
0.38603706647121816
0.3555645462541234
0.2597427097259401
0.27022089323341175
0.2518039234157352
0.4836308809237954
0.13893237925249058
0.17579189301178608
0.3682104492794388
0.15874007938964357
0.3389170459817299
0.3800860499669997
0.24795656519280487
0.3541588060169393
0.3072628770560029
0.29681562360910607
0.5231358058980666
0.3864955954976413
0.34178661749577505
0.19161316338284762
0.3738036151074886
0.4566061627635735
0.5492432523123987
0.5257198201770793
0.6352235077866195
0.6727987421383642
0.38958222069279236
0.6073375262054511
0.15598667575118655
0.18611966672622943
0.2724115122083896
0.280122058834735
0.14448350650342254
0.4925489219315514
0.28029788819346124
0.3260609407047084
0.10738347270969414
0.23024989092178097
0.5391509433962263
0.5877358490566037
0.20172119723102513
0.42837723214148804
0.25790868103491754
0.35073171650874035
0.4128122066949845
0.1795481269718095
0.3913250791620648
0.40690704738359745
0.4931040501536662
0.3118127547711876
0.4149781583879118
0.23811011908446483
0.24805074846805905
0.26557106155688104
0.42747907700221405
0.1953542030631345
0.16449726388577968
0.4063660670595218
0.3173480083857444
0.09250336771761271
0.24036342298673793
0.20275397460246958
0.6370934823326828
0.28574925495948716
0.40120293608837465
0.419395680748745
0.18633940659249412
0.2411191339428863
0.36021645882201314
0.33219215873294566
0.3906371479943623
0.41535639412997877
0.12181640356211669
0.13523162775186964
0.3631532387915276
0.15697354281801945
0.363119226791994
0.4349123163521744
0.33377415254873566
0.2818502375488029
0.47080577132376233
0.09432290387208486
0.3181341719077572
0.29788812119263786
0.21882419379858944
0.5319429748467975
0.2101255862456921
0.3153862458580287
0.28102703603521895
0.4742077608746416
0.268613615509172
0.32800046457219245
0.14164626368627972
0.5207509222663711
0.5583103422898342
0.42411469734286383
0.4705752084827489
0.5333857442348012
0.6394261229760055
0.6887796235619393
0.32724206567197106
0.1360642968395088
0.5150943396226408
0.5286395936886983
0.19361844449086751
0.25930605796010425
0.31746972055227873
0.23071185832799165
0.2781175816869081
0.43904612159329115
0.5427898980524982
0.5069706498951783
0.3031487441512446
0.30948637316561844
0.3060272536687629
0.26009272267156297
0.18695467821803516
0.20930222261715828
0.2788604631258018
0.24426283533987725
0.4413344466681421
0.16437504581926135
0.19911585053134404
0.3413868487363664
0.4752431489988213
0.3543863563822256
0.46214632130138494
0.2987093855632263
0.17883737539890468
0.18982147261403362
0.20332690847403947
0.21396353811634722
0.34056603773584937
0.3718029449735566
0.18686678227152884
0.5592081954502165
0.3995507291000184
0.10206364242755096
0.230344579019487
0.3210689268887149
0.1689110060637516
0.17559412713214848
0.24438938272968275
0.308165832199612
0.3788784067085957
0.3481420396996513
0.32654768628879327
0.5505765199161422
0.21771212682196567
0.39750063416983056
0.2251234929882187
0.34256061056261117
0.32012815321276317
0.24520951606464952
0.19760526496154374
0.09899510264161923
0.13924915325196086
0.40408805031446493
0.12870905323202372
0.35943763059776873
0.3051413733997556
0.32467795919457915
0.2439290486178366
0.26342942352840326
0.1133509345044461
0.40078804163533555
0.5192872117400414
0.6965203823950976
0.31620432228238093
0.41755723922305427
0.3140346413308371
0.410585206525388
0.7030617003658283
0.45690163413073465
0.4512578616352199
0.43365690219273145
0.4066037735849055
0.28522841065810534
0.35099580712788264
0.19205902484702428
0.15067562629772782
0.25082877082322086
0.2417857448712823
0.44575923955787394
0.3665693751903507
0.33468152545117813
0.19049950330632479
0.32863924238969583
0.11170101612708566
0.28027076696576886
0.30139221499823027
0.18645619643963549
0.316311027902949
0.3627996995872755
0.2745007952497234
0.2764031258106164
0.09975067273966269
0.35429769392033494
0.14138062995472894
0.2934225770656672
0.12527369775752456
0.19760152523801933
0.140759171719793
0.20288295323944855
0.14892266125498782
0.3095317449335615
0.14792887796941873
0.13645845695039968
0.12808636804571286
0.12826215993872442
0.10269585414224051
0.220418243552746
0.3302935010482183
0.23420749254508255
0.08289683361391667
0.1993260992205248
0.24433514027430014
0.38452342764205866
0.1790220690458778
0.32320754226170406
0.1191179389262476
0.41991614255765247
0.41436058700209605
0.4985324947589093
0.13852401169328746
0.1819589610917158
0.26009089646713607
0.19875031708491528
0.261622691236423
0.29163015799886527
0.28892325195723034
0.35987789668130993
0.29351544386875683
0.30385410553858655
0.3694729572488516
0.5842243186582805
0.13507742977267698
0.26551681910149844
0.535905335174923
0.4986581125863434
0.5521784176107722
0.6592984609478304
0.5126849382877661
0.2808133350967904
0.41779871420992026
0.3656892246212529
0.42222425504233296
0.2790696325602246
0.2485435205140496
0.10113845455239569
0.22002698961066514
0.2669659228261949
0.15566372126193737
0.25616462644293675
0.48968927854095806
0.15260974000686992
0.3114737064372113
0.2883701845155115
0.14124878603497054
0.3530922431865824
0.30098098708138477
0.22608361462271653
0.26370515696305663
0.39161426428481483
0.35284717226869206
0.7241090146750521
0.17731225627351735
0.14926364385839117
0.22399421950554407
0.2528783269971775
0.35519897293680713
0.29104267128748273
0.2792096641539913
0.1621578203685249
0.3212788259958074
0.08579575562273667
0.3359587941983576
0.3551874307902803
0.20807405885053043
0.34764691180967333
0.2524443873541113
0.1831267809634236
0.1444476586858606
0.2548218029350105
0.260534591194969
0.2089651736118098
0.3227370800458937
0.3257861635220123
0.4365615092467864
0.18889935087251647
0.23059084604687044
0.3465290670546146
0.3026457798114016
0.50440251572327
0.31621742788536894
0.12713623384426018
0.241560770435836
0.22287078241706224
0.10439841046237469
0.2085003001886731
0.2993710691823894
0.2825339452402823
0.3899895178197063
0.2666830318922405
0.2606712863115225
0.15510630116868962
0.18457866512824947
0.10286023139852159
0.10727700271044263
0.2698314654134029
0.15021967132938507
0.2897413283815836
0.16117919190518162
0.2933973454962669
0.3343633043830763
0.3600685462328452
0.3222029234056747
0.27064102229995946
0.5623202820183842
0.22088251356930969
0.38233752620545014
0.4664176978450933
0.3606394129979031
0.23920970186861765
0.298339692353135
0.3407232704402515
0.11766847792183775
0.26067633298464593
0.2552043674309364
0.281344538543876
0.2536700904242071
0.2569203717756412
0.10351310343196103
0.29171689986984156
0.5472457835579798
0.2828964732463226
0.3593489615319341
0.21927512588719195
0.5627087933938737
0.35227848320329697
0.31126834381551394
0.3317085953878407
0.35789343835463017
0.3788908343916298
0.19833753810921967
0.32843250925070944
0.08383744128699121
0.17214296162952644
0.1860590337299363
0.2981708135837763
0.09936517779168133
0.1598570450289202
0.38946540880503105
0.32237299001103115
0.5176624737945491
0.2633275997204142
0.23324255814840494
0.18895431100104373
0.35860202218796056
0.32334107706812126
0.3345841740258448
0.2537733275110023
0.12801516232565724
0.20294814681680445
0.17713230619600157
0.33620940713500774
0.3581257617015022
0.14909349926062157
0.22806240365929525
0.09102306711736424
0.19082521811529526
0.17775252629123756
0.2834651101927396
0.24396461715802598
0.35893454971588545
0.5196169257494113
0.1828942231202872
0.3402482592842476
0.33005114590391565
0.22650785414568628
0.5101948884001408
0.610139430320616
0.2772923393153473
0.3152736849257026
0.2694780490276387
0.29229786341111935
0.4218029350104823
0.42976939203354275
0.23640461727267165
0.34419259499541177
0.3247224591524247
0.19562541534005184
0.30890985324947545
0.19240621453861262
0.2985849056603777
0.11022071552683685
0.3382760914286661
0.18453753968912315
0.4842279260797751
0.24905316442444808
0.22450952283168524
0.4261361693948354
0.08377576209531415
0.22621591560359341
0.1544446959592609
0.5236373165618441
0.42113151584065184
0.3672669589057186
0.298621426433047
0.3884677633532228
0.13063652797193162
0.23356801288070483
0.45098548437516583
0.4180817610062892
0.11065246986857592
0.33448637316561886
0.2213219933018391
0.16403134792604526
0.24218221266544365
0.19925115037417482
0.2303126392853348
0.1077689676576755
0.11971931104509828
0.1526868389964668
0.22422141536783202
0.28235872498463643
0.10221784040674355
0.1287016396712539
0.24025611804431798
0.14900560331411525
0.4546321217630185
0.36852564490075945
0.1561717133262182
0.5271925516611117
0.48868193434990453
0.17842248172370287
0.3466906535826815
0.3015671856047524
0.46952386221763465
0.42442348008385733
0.18686678227152884
0.25268097918249943
0.2830553914723765
0.27862467490728887
0.2015593973168599
0.29788812119263786
0.35649895178197016
0.2223745132631547
0.2015014573647604
0.31289853921858085
0.4327233896733943
0.28762943406921315
0.2708497111089132
0.19684104947611764
0.12171463289584972
0.3993843154025556
0.46063080406320295
0.35885041845774196
0.4032075035956345
0.567594339622641
0.4541497916983274
0.35883001506669604
0.2760588403052522
0.4053396593577248
0.45774015928053324
0.09773376317182418
0.29998427672956
0.20944712733137366
0.3541194968553453
0.34693474163091925
0.19831742670258412
0.46273467437479443
0.16272945666167943
0.19438519578066824
0.254670965610915
0.15299355753150762
0.21261704165592707
0.30224078253534925
0.3107221165934822
0.34357694612747913
0.49582692476332463
0.6543173050377888
0.4452739761801435
0.26751205137929956
0.2628975335660263
0.4881138115009166
0.5680348931718419
0.4213823765169477
0.3516785346137152
0.23632895839629847
0.30558740922239847
0.09492427599093577
0.11002025815388626
0.3639239085754716
0.21943785325334186
0.5711891151728758
0.13783757360022295
0.2937631027253664
0.12988823494908386
0.24053105556701024
0.13089903833390118
0.107861486445191
0.3453304830791698
0.41399371069182406
0.3195368804177768
0.38769581667278286
0.23645767529015374
0.2529799158345992
0.4698542003334444
0.3552556803835283
0.3353572830024049
0.14352529104947287
0.16777462662347045
0.2207355539331484
0.12147879026713289
0.1633945483512655
0.22827533408054995
0.3528585124326375
0.4351939203354298
0.17581499389555683
0.2549910706343595
0.3099835817300893
0.373844332641724
0.2311528289818598
0.10166118570185845
0.10226101584091744
0.26922183754640827
0.3721135614108107
0.11384128407827866
0.32706567699503764
0.3236480659728715
0.11419902339000527
0.19512096050498606
0.18319846881172627
0.23184641551555032
0.19341622091414304
0.2228722112523589
0.1611760319260858
0.15099201092786266
0.2814736168181545
0.1942431636341092
0.15901255682381168
0.29479561794247455
0.16450380656385424
0.33740566037735803
0.0885435636119479
0.15886801544952428
0.3383385744234803
0.19283484063598802
0.19415799033102749
0.29428688740991416
0.1869493346014844
0.3183846737959822
0.16548169848664532
0.33010570046023824
0.32177477096809953
0.17018059973586128
0.22608431200489337
0.09419337756956316
0.40534266074202685
0.14003142717586325
0.08644184515555348
0.29647106330997086
0.18995694907795085
0.2165803980663265
0.1519764863060147
0.34883864617653043
0.2786279530250189
0.09010096320179273
0.20594391521229
0.08306645139102849
0.15422481727362541
0.25964575902662057
0.281083223616795
0.3025917444778212
0.3690303983228507
0.3113903867863949
0.22663911812925916
0.42491291946143034
0.5485324947589091
0.15106776021494425
0.3377337452683812
0.2558089410410442
0.42243186582809195
0.29618436962439976
0.1551605436240722
0.10877125452242703
0.10954224441839039
0.2743835316095605
0.1737483122555243
0.35210709247880084
0.2689340937906487
0.410161609764623
0.24173204034182233
0.24036218646039112
0.25932914046121536
0.20294029218364207
0.22026724194376868
0.2751226583638035
0.28159302080866155
0.19310314116472632
0.11708252560090603
0.23275048894907924
0.2409057227017512
0.5378876086727746
0.3524290996617697
0.24153806099819414
0.31570682962894064
0.13173133362419823
0.174478601372941
0.12331801294776804
0.25428420032902205
0.3381429700984143
0.33467555485527717
0.16848059831149265
0.3282064815624887
0.38006723303868256
0.2979481862186795
0.21529031599849383
0.2631900291686916
0.20575181999097047
0.3285968926067869
0.18099125369448882
0.32035186936998084
0.42658893105945256
0.3842291861212999
0.42948955927001775
0.3700213336539074
0.3471770665090101
0.15033377783398763
0.24486342066774222
0.5010542011196765
0.3294506402749381
0.20455785374421762
0.08571865663314034
0.23463233781232076
0.2380538812000317
0.3988216445950275
0.5671907756813415
0.5264675052410901
0.12486952355013015
0.3012133729060598
0.23201740207896054
0.3014379724573892
0.33963095052271863
0.26569480216306446
0.249092822365277
0.42319234209942314
0.21561503430494725
0.7017959314087796
0.4219190689971819
0.7479939634257832
0.4108352124805566
0.29362779098633746
0.4504370778489615
0.32541657419139564
0.4223895312129923
0.24921122592630368
0.2463832778908943
0.23649522371828482
0.3090081372027011
0.4079795454880057
0.40942946611839004
0.22850748692869596
0.4799623610432505
0.0865204861249417
0.21507133559498312
0.24939766565989993
0.16587342856228382
0.10092257738152616
0.16130650603333005
0.17634124267744788
0.17392410414853587
0.4424004192872112
0.3022128451783487
0.5438344291663286
0.21819027677952477
0.24015369984072657
0.4440251572327046
0.31933043068874767
0.3862032093748133
0.23845619272296922
0.3096303533263405
0.13817242790726433
0.21376692653735813
0.3397524576549836
0.12699745566298645
0.46901512946835877
0.3917118915508622
0.3894686392884516
0.4818134171907757
0.2869169433241369
0.24034995467708944
0.18915525651737256
0.32145100233761237
0.40828805030181936
0.3297559360944833
0.3299693473356184
0.3244906210320959
0.3389894111375233
0.20694083753648518
0.19259559073402463
0.1376011042549754
0.2704335171966523
0.21249481896427394
0.42431865828092186
0.20170919141320376
0.13316235895642875
0.21885322778441926
0.28240482436830777
0.20782996551318436
0.5355345911949687
0.28208589828253894
0.11846176190331796
0.30676100628930797
0.2897448721289737
0.49229531822219375
0.20501729522499607
0.13060568837609265
0.33311414640636555
0.3559688201990418
0.3735408090674429
0.1271824932380181
0.26648386964394827
0.23438164971145578
0.28018208111208404
0.40582284048234296
0.24563703813130044
0.09014413863596664
0.17889161785428837
0.1919958994485529
0.12824018595209838
0.2978020185144086
0.35340670859538775
0.43474842767295613
0.3946284285394146
0.3471698113207551
0.29096245258661224
0.22447391696171434
0.14604781111967
0.1559741804548231
0.2644698805771259
0.3147405660377353
0.1506618099807158
0.37404936742155476
0.3954866125131754
0.5220633670262653
0.6582940251572327
0.3643088322065884
0.33989075580599665
0.23076868874781617
0.26185458702487224
0.26876223310474395
0.08403789865994148
0.16958638299146417
0.10227951959842062
0.2193867558872587
0.30484784627655453
0.183900294076955
0.3501565853168255
0.19246137096400073
0.11182561794212297
0.13796568526755018
0.1739961750754171
0.18407366194048372
0.40463953976899314
0.2117541491698744
0.43108334615622956
0.2278511257798961
0.3378816578575502
0.29568144686554493
0.1598827266942193
0.26127070098876765
0.37257521882870814
0.2525722038838236
0.3188995422475755
0.21973951207641382
0.11843946781780004
0.36352201257861677
0.33516992705612475
0.11793061448646518
0.11930297650127815
0.3144970323532978
0.3630341666048429
0.2849480486966202
0.36889399738657314
0.2721410072001081
0.09106932651112193
0.26281258630814897
0.32644308429517577
0.5026069779950192
0.27475232667892824
0.5909853249475884
0.4439609274442469
0.59044090605767
0.654956944838712
0.3680526357832614
0.16647213833628088
0.26957396609428164
0.2801388648688846
0.0993343381958428
0.23378491323613906
0.09184031640708476
0.28988469601677114
0.3051436714548925
0.2275354987875424
0.4436582809224315
0.14551663296401227
0.24532282381965204
0.2947564925482671
0.2777654514973703
0.21550978500663065
0.16948055184527755
0.2749550063382005
0.38734769268482294
0.334370327564113
0.22365498070996762
0.3380484867059025
0.3747754907203881
0.1756931774919948
0.4346164911738365
0.31987016925828454
0.2707741830631896
0.11137720037078137
0.24755703971714016
0.31588050314465427
0.27429133284221885
0.1643275185838592
0.2663751827001086
0.2814181928702859
0.3921383647798738
0.3735849056603769
0.13674276794795634
0.2965946847144595
0.3294549266247377
0.10880209411826598
0.08263469704928933
0.47297515596490286
0.220684747689671
0.5098546948642816
0.36943634354685806
0.5196662299458014
0.33253124799321715
0.10855537735155749
0.11877870337202327
0.298646260164756
0.2082191268555163
0.09014413863596664
0.1896158877488611
0.16663282293765103
0.15021967132938507
0.3912997903563943
0.3711619904204927
0.35230607966456956
0.3697833016269269
0.4757597446249504
0.38014114959039613
0.3240764828684773
0.11356681167531564
0.26095498582417
0.36210691823899327
0.22399552741650217
0.2549849139028469
0.33472618928861886
0.29575422083925407
0.10374440040074982
0.28254312251932084
0.19385451001874807
0.0937061119553146
0.3367098983327001
0.265625858133276
0.3129337344844408
0.32205029432533483
0.28422431865828035
0.21174116926220649
0.25903243684713007
0.27658901360413335
0.15044145000572115
0.17647782858972916
0.27633198873023873
0.28133640505458296
0.2749999999999997
0.2140159063186826
0.18483116671876523
0.3624854852756271
0.49737945492662444
0.2047652690721464
0.3015821679754275
0.31260396330141055
0.4304149048300442
0.6979995082867844
0.2623807187433541
0.1664875581341998
0.11948801407630978
0.33443036411028193
0.3214140562634419
0.314622641509434
0.2757948659183719
0.2913384964658196
0.22670562585447146
0.10010532809180553
0.6356918238993704
0.4053518806187613
0.2570077475832315
0.16077463775624914
0.2724934568790516
0.16895056589891014
0.2633337129165579
0.17411828178055364
0.29312267597919606
0.33253124799321715
0.12607226778783148
0.453668763102725
0.1565426807269963
0.49593716953219963
0.24391653969068214
0.5739517819706493
0.2416479309313265
0.37303621266541753
0.25603669185090555
0.09056047317978654
0.18590429849613363
0.13769447299063392
0.2237261682639894
0.28725153056833663
0.32163762476130753
0.4283542976939203
0.21837747909389135
0.43350954722305546
0.22395178197064938
0.19278148782570398
0.20785876080347773
0.20800041912337705
0.14900560331411525
0.25002157989138085
0.22795877407286588
0.25146802315721045
0.36319246747683626
0.31576568539343147
0.15357619253242247
0.19934800667536626
0.28216796227054397
0.3312498147824313
0.29037330075227163
0.24096310024552722
0.20530161397231794
0.12068113455259129
0.11822004805042612
0.09734518426425892
0.22518442793810498
0.4348726073216758
0.24946105230802612
0.3980083857442344
0.2370701874760652
0.07366037466028269
0.12736128524010593
0.21012553329783606
0.2782142467132963
0.14913963107652037
0.2617400419287215
0.3939656118554736
0.12753714859016135
0.3853445764480628
0.36603773584905624
0.10869415553283122
0.4319047603724121
0.2849923806652892
0.2388788315073444
0.1926036451247571
0.17798497510697803
0.20954166908066654
0.17687736651482697
0.14835311547346186
0.27908566874399826
0.3729909985529071
0.24897978132470946
0.36181777986337404
0.14318249685809994
0.12503198390463272
0.1912164720573772
0.21977800982933957
0.23400195252377218
0.25995226179117925
0.2511494422393958
0.1547587183634013
0.16762949563887364
0.2941831492810109
0.1640666498608771
0.47285326224220126
0.22694733387821683
0.3257530658047082
0.2181631555518335
0.4135635993155012
0.16166963827007502
0.07148618315366771
0.259591194968553
0.0820950041221154
0.24170935923569256
0.4413711660792039
0.3935290138062042
0.5009799395141635
0.1299649230985064
0.13858947350445872
0.19635382116229774
0.2632877636844043
0.11479210613669678
0.3638156651584504
0.2579935035496419
0.2987421383647798
0.48840736943483043
0.30129794413650735
0.2976987378000712
0.15342628098297212
0.1424793292860526
0.11830794399693245
0.06809382761143158
0.18318990636189394
0.30148863202684106
0.2478511530398328
0.15061720075102644
0.25193313176180265
0.3098800570362008
0.28230750348203076
0.20935642755389175
0.15554098183173898
0.12553257486065766
0.3131098592859168
0.440976732508088
0.30701037546212057
0.3301361676218195
0.2092273781585621
0.1122431236880253
0.2525497529875698
0.25942319105488304
0.29865796845487363
0.3121326418339374
0.23663271160986393
0.44951596250966586
0.3960201264670451
0.6213312368972742
0.38910871790628665
0.3276523807620308
0.19375405062932616
0.231708595387841
0.15949994005474075
0.22012455702883962
0.3322327044025159
0.23321543692071361
0.16733190816059404
0.3416358285176908
0.38437551505289075
0.20408441325568755
0.14455614359662794
0.10233285571948614
0.15626692391415242
0.2645663178262966
0.3088050314465411
0.3539049684419681
0.3945814837055265
0.2992139692553766
0.35225366876310293
0.12744912243354473
0.36644293812225925
0.17044444458685815
0.155730358027151
0.2542452830188675
0.07011382113885399
0.13654023689206662
0.14960719437549602
0.08722979682922737
0.257428370632949
0.1735652453791385
0.19963935703841937
0.19414516780988464
0.18198333893390864
0.2574947589098532
0.2694444444444444
0.2850818496167928
0.14289683503195602
0.30999183092666754
0.3075471698113208
0.18417390109990628
0.1993681447615031
0.3141413469514052
0.19846904721030736
0.221893316954127
0.18507525776799016
0.14078028206902865
0.0902911110481788
0.13316302807388597
0.20193920335429807
0.09165349821902011
0.11978044359810283
0.21259969483171734
0.2576245418432209
0.15078549623086018
0.1437680950169591
0.21592042546893883
0.26212821714947176
0.3876608658277205
0.20649014344839337
0.08647422673118389
0.2709611391616627
0.23297393823954934
0.40613207547169805
0.3105671330577423
0.23485907086957933
0.17697205461253296
0.23657846915448133
0.17628797999588788
0.07000588255341922
0.24366133855713035
0.14497736981135992
0.09044492895456412
0.23988469601677131
0.23084224749584817
0.1018054800404508
0.2515500099794576
0.3081761006289304
0.29748239955332084
0.34567172088709847
0.38398108148177384
0.31495306883885
0.18143512350533475
0.18704055566860572
0.5447620659080797
0.10095341697736458
0.23148005955160136
0.5794025157232702
0.32188169419896545
0.49612159329140415
0.24331970758289193
0.1491813952071268
0.3422697313362192
0.2529874213836472
0.13297537937228285
0.18813158476119218
0.18039829167525823
0.1414914448674689
0.1038270868100864
0.22851464485695464
0.23895998400876706
0.28296163816374587
0.2503868930339265
0.24493180728351635
0.2329215661184643
0.23747379454926615
0.2706307339822113
0.08368324330779865
0.24506724190389312
0.19473041482622594
0.28824440790712136
0.33745451262275034
0.6819481826445283
0.4443270732727118
0.3101583598819955
0.46592465588119747
0.30338004393859475
0.2876601541067976
0.38072565418567017
0.2747722864789323
0.2641431495313326
0.20871619383048529
0.1774770578002987
0.34863731656184527
0.3466085006184992
0.4561624249960677
0.25415112932179
0.4668754470891014
0.19621692852252434
0.6201975083150679
0.41025196466090624
0.37239082129402373
0.38871000311354437
0.34347551942088567
0.3878037936833294
0.6750332750938841
0.2446605950066001
0.353978111963358
0.266894184734008
0.37226034162063
0.26107308498905213
0.09176321741748841
0.2933106643214012
0.28182278656263776
0.240705577325509
0.25447728946104736
0.21547421646644127
0.2658551456304325
0.10886377330994283
0.38767889621099
0.1721312041726476
0.5283542976939201
0.4437987666003424
0.40823289544633606
0.1242835712291984
0.23066604151769576
0.36988008131436395
0.3260366251243885
0.2343214791231394
0.4001048218029353
0.3670335429769389
0.11766847792183775
0.3081264093604172
0.39544051312950407
0.21327296403149346
0.1958340697349963
0.28532494758909854
0.17331078150123425
0.20832493988840334
0.27552410901467483
0.19980102541955927
0.3053983228511533
0.3029025964292595
0.20202602507528727
0.29528283217698376
0.2806079664570227
0.1141988084977818
0.26327358014485946
0.2192781618599652
0.22348981203681945
0.23114230972619898
0.19985962732336315
0.1629985784269671
0.3838234684444222
0.3847206444276177
0.3070394186974528
0.2999336570422338
0.45916998097582995
0.23802222313795854
0.34589562092005505
0.2428619924121599
0.17236390052417416
0.2219121222406951
0.2638267548804538
0.20639952596418024
0.08554903885602862
0.3972746331236893
0.18588889459874
0.5477890963726217
0.4676503027548321
0.28548461458362057
0.28726415094339613
0.181458764977072
0.20045967322755084
0.09759190103096697
0.24339552051499827
0.47667714884696005
0.366498238109972
0.33958818123037293
0.2946853554678884
0.3582043152794146
0.4485202745556884
0.21636230325823316
0.236307256877564
0.5416666666666669
0.12700964270101525
0.2025111238575286
0.314046121593291
0.22800175989002236
0.18801530344034498
0.5462788259958072
0.35915195459889643
0.27869863424802355
0.2866920670497075
0.22697663448231642
0.12626252715571581
0.26294560934563327
0.12503914132724175
0.26334947156116406
0.18328459445959994
0.345516868529231
0.3942496761485905
0.5067085953878406
0.28550867209906305
0.5307883035874462
0.31071867743151904
0.5742459753490271
0.23240484159652164
0.35651864409279804
0.23795353386604348
0.20649014344839337
0.23483592116837937
0.1633106686079497
0.20181189891074333
0.17552820517226927
0.14942310906001866
0.5926624737945494
0.35445816104602024
0.2509090554263927
0.09113100570279899
0.23416187559651042
0.14208811187668507
0.14244809317808096
0.43141171840851616
0.365245486853747
0.19174500730260602
0.24325372300674006
0.30965820412970413
0.2905620251618568
0.5409887788895446
0.5431865828092237
0.11108422421031498
0.41032494758909865
0.16926561898372344
0.2465011274883344
0.19647780273997106
0.1941737256957911
0.0968363309329234
0.10966560280174409
0.3881027253668764
0.5878046293561521
0.28671800246549717
0.3355150564308517
0.17510985535764845
0.2911949685534591
0.28778825995807134
0.20560602713058862
0.22646390617243423
0.46769960695122104
0.3551134343521135
0.33650879218143204
0.11991976841804886
0.23596169561544647
0.10522470100099832
0.13568936741847312
0.2752160242464382
0.17207983623105613
0.16489706436538404
0.1325910353041398
0.2881830278968893
0.3141509433962265
0.2710251675533272
0.3720649895178201
0.4290356394129976
0.40129513485571633
0.2704992455404963
0.2914371048585986
0.2750188074608803
0.20549615981819014
0.35083650511747433
0.3995507291000184
0.24959782555304277
0.29827489446774835
0.23125423525700506
0.268030441906479
0.39858490566037735
0.37110003855123724
0.2640252738247599
0.1406774623826816
0.34491614255765213
0.25427949381290677
0.15719463570094783
0.23357906392178465
0.3351153039832285
0.23884215364189962
0.2157587647879551
0.2778293230821795
0.22678770595778577
0.3299250272310402
0.24083650190207379
0.24218059123273827
0.3166666666666671
0.37678266880890043
0.43553677461729573
0.2639588537051216
0.10186318505460072
0.23293836969936002
0.3295145800169153
0.32155907118339516
0.30772505843230924
0.26221853137574536
0.2095342702548375
0.23904650087442314
0.09330519720941398
0.26648918148548917
0.15610911041797504
0.26175230048371717
0.11380327673850552
0.19893693606252533
0.2616080660429243
0.13683201472304884
0.254356485279549
0.12283458524198541
0.0820487447283576
0.33193247790036856
0.20704614424889625
0.1371545470346178
0.35062893081760954
0.26217576208339854
0.3526205450733749
0.2022972373522035
0.25010282874080847
0.11005109774972525
0.19488728739019143
0.2695566026055511
0.2120382134629924
0.22970163254213946
0.40461215932914013
0.08137027361991037
0.15482985544378003
0.17847625696150413
0.19293227777458574
0.35570284440513644
0.31347608064472565
0.09470839882006624
0.2623296734376322
0.45906708595387824
0.21634440756782067
0.2045138066238311
0.2693396226415089
0.07467808132295359
0.17276222039596917
0.295819745016558
0.17226799636135026
0.3702745148854809
0.37879863562428706
0.2380158942221397
0.18236313499882234
0.21867538508347348
0.2423377878589905
0.18687711015428954
0.19460028017609549
0.17158263787291356
0.15956047128894965
0.241560770435836
0.19516636432274223
0.22374213836477952
0.16753480754116765
0.2519539012126104
0.170429794814486
0.44685356643513024
0.14944938087931972
0.13136395421747177
0.1482496755087698
0.0887529319843257
0.07820921504646303
0.16078366014590534
0.19541289673067697
0.07543365142099705
0.14675296303965354
0.13092950413239696
0.5265010609060464
0.31810487959565564
0.4875691980962076
0.6311844863731656
0.4700733752620544
0.43417275340633055
0.2931914767799404
0.25298036422892367
0.13959543056301812
0.1151858904568371
0.09441542265960037
0.10633492645118471
0.12314222105475646
0.33722532953422446
0.08510186471637017
0.1349422518731726
0.08629184548216064
0.05887278845571688
0.11358370157273526
0.21456909806704438
0.25687019977273845
0.23719849535310453
0.20560602713058862
0.09524809174724017
0.23933994830155794
0.3141119827900713
0.7001048218029354
0.4126381325580145
0.11117674299783079
0.12827729889028466
0.16058589426626665
0.21975363420924585
0.26433386596929126
0.15958130373781573
0.3176100628930821
0.1043149329237623
0.13749123432184304
0.37750785288150057
0.24371135203739164
0.212723088986109
0.11085876253055772
0.11298703456351801
0.1372030535760087
0.20130689572297755
0.2751339066373134
0.20130369148512173
0.3522291790069069
0.4469818743121695
0.3875325579506812
0.11794603428438413
0.2428619924121599
0.4549266247379453
0.4966747596709351
0.22489889356249226
0.1544011492487061
0.279592761964379
0.1939212241019088
0.24797635702439555
0.22843380456853934
0.19841890179229466
0.19117753399861698
0.2782909173442769
0.401138941825336
0.2980325154327632
0.15342478505180523
0.23755012405646234
0.08534858148307824
0.40690753358494874
0.3378930817610067
0.17775252629123756
0.32066731281520555
0.3437897337325352
0.44219077568134135
0.3209900085009019
0.22627299081812854
0.19451372961754226
0.6811867773179502
0.24379028889374044
0.43112143609082876
0.228065479693434
0.2614486841135096
0.13182194577221326
0.1113001013811845
0.3381027253668765
0.2690852811380779
0.28147615178073243
0.6289243291450318
0.3466635323549891
0.2902505821681568
0.27300055009943236
0.14758288588519283
0.21458315349653215
0.22235921611294754
0.22901164662850373
0.20416860206292917
0.4131551362683435
0.39618497019994003
0.35903315810866443
0.3084503805211259
0.1266119607150053
0.23185958858278313
0.3204593210926252
0.14328076226572012
0.1972353075216191
0.270729620552678
0.1314044400263109
0.0946312998304699
0.12135380962453976
0.16148682771795267
0.3690716656697153
0.32018438356993295
0.25827756784275996
0.2024057222629709
0.3879602508741448
0.5665614253161126
0.5852122271757165
0.6217505241090151
0.25225453876026893
0.2619388409540597
0.5243343898735114
0.3956168718297062
0.2686925132485172
0.15878402736289565
0.16361830442072078
0.30058973313930276
0.3055693287657969
0.09711388729547012
0.2412614081036438
0.2825623495084806
0.2774840172803577
0.279882249114806
0.2168173260434122
0.3687034876017052
0.3765782464989071
0.5552410901467503
0.26143383776629403
0.27085273664110093
0.21326915873317054
0.39947589098532454
0.15089536616399257
0.3120447569592952
0.41286608015712783
0.27736347639572606
0.3797409205922738
0.2643098221462737
0.27603301280363046
0.25447431564641754
0.2523943611828768
0.15712774079721215
0.28285817468681856
0.2528520563518844
0.09473923841590476
0.36257861635220073
0.2766424014094372
0.35225366876310293
0.1059185919073648
0.40695683699930163
0.36869678060101524
0.2385243434158421
0.13524988768594368
0.292316191857564
0.2164936607258921
0.11028239471851371
0.1835110150370579
0.3043591087263523
0.43066044225411937
0.4642909222497763
0.5128930817610056
0.1667605845083062
0.1280922613152541
0.2808133350967904
0.4480083857442342
0.19147586750322565
0.2856133342892232
0.347611343269484
0.284521059197816
0.09964273415422793
0.26904600434912174
0.14630280295905929
0.2568572463771698
0.273206724581075
0.3952423272649948
0.20441240046758702
0.18527304451142615
0.17542404021335226
0.16210602327268936
0.33033811580994993
0.3128003472461904
0.13641895219165204
0.47339457091710013
0.3624209656438528
0.44496674208338655
0.23705536772639435
0.3424395053537857
0.2925005893922484
0.14322644483135308
0.28731656184486387
0.4794025157232706
0.2010186058771978
0.24248275810925582
0.2688557829121877
0.2703728852301869
0.1354696275522084
0.2653413098117621
0.32786939512746116
0.3774156541141589
0.24096147844811353
0.13145659062154844
0.1456409927042951
0.10846359798827172
0.23162233371235882
0.33159032356159746
0.14875993388883782
0.16959079962231657
0.20062451773602247
0.09600366184528372
0.23182802588354853
0.37446490590723047
0.23131695098229563
0.1807580139893696
0.5246593468752655
0.2827928804837482
0.17703518001100327
0.24276729559748386
0.21492258916764898
0.4485202745556884
0.34931865828092257
0.09911846102497326
0.3005218821509957
0.3180613709089526
0.07005214194717692
0.11569303958838174
0.2598824191692907
0.11898913758235266
0.3382772773775127
0.10314302828189893
0.14533594754749404
0.4239299322381586
0.11327383551484922
0.24812613636016786
0.15496055368989003
0.22572370613057
0.24511081443718752
0.3242662473794544
0.3102201257861635
0.2701135800560112
0.08430003522456891
0.10588775231152628
0.30052410901467536
0.11727516662548801
0.19089635519567397
0.4707071629309834
0.2674356560019224
0.5553131639354424
0.24547140460433325
0.11552512601106142
0.4472812593585949
0.18846077016913917
0.4626995139054371
0.1347884339667871
0.31088998606594154
0.2660856425487872
0.16456791381304564
0.3167190775681337
0.25506200169707066
0.5265010609060476
0.16977197509100064
0.3035336677823625
0.09029833661515921
0.11709937473247645
0.19112085506026688
0.17381578468899891
0.19194566762834464
0.18522933671685513
0.14640038707966124
0.4073512705704186
0.18852400253266619
0.2071156095219692
0.5338050314465409
0.17743561465687105
0.18748177533750665
0.19387320220620652
0.18519005992789894
0.19215371294473027
0.2398872589328653
0.24049177877805403
0.09154734024661888
0.29698996605336386
0.1781398744842408
0.2718029350104817
0.3815414311664842
0.492017939152923
0.3093345281480036
0.093455365122391
0.19288950848223896
0.08765423265300205
0.07729944696922701
0.06656726761742529
0.2550241906918031
0.14465312428053417
0.20183617648144492
0.23608899028031902
0.19575505106944807
0.2562339086364635
0.055973866446896864
0.09117007051323771
0.23604372445975194
0.27013769201831533
0.10238745818385538
0.3393950104857683
0.18062737642655535
0.11513963106307917
0.4849194168348403
0.46082600669184826
0.2715989956312663
0.2750946298483572
0.3532947166599053
0.14301023361820223
0.234521706856731
0.20960540733521624
0.20706723137643326
0.1969074384876565
0.28447929663350113
0.3984814967913583
0.4107442348008384
0.33974422447005875
0.0943537434679233
0.23917465668568133
0.23354297693920317
0.2801362683438152
0.22870331865925017
0.3077594853873361
0.2823899371069182
0.3619810335059386
0.2399686226159403
0.16271737096903474
0.4062368972746335
0.3921787377264209
0.4711818005008938
0.3138446040319031
0.1484342796618274
0.27431865828092233
0.3324581962547004
0.29410459570309855
0.2195179734755098
0.2380538812000317
0.24269127895959508
0.28365696984078204
0.21924800465950062
0.43079874040513133
0.08801620652310946
0.30440410850904864
0.11905505954223186
0.3223794549266245
0.16687691398687599
0.33584905660377357
0.22950002273075334
0.28923427387254547
0.2660677676869209
0.31356800772987703
0.5185349004076875
0.5085951401922305
0.24824062948592293
0.26679151680300683
0.11018987593099897
0.25855910169784907
0.15165876982579254
0.254015219798934
0.22591182785689434
0.27481969232566494
0.1646529733161591
0.30071089448750016
0.4452283333259673
0.3189733823194106
0.1046401243152659
0.15844221217476492
0.38831236897274624
0.17245184704456198
0.27161909533212525
0.34787451978396666
0.1375445974397576
0.47026342516347747
0.47260068042766
0.22695043332393686
0.4408230962142888
0.1134280334940419
0.32014510678097674
0.10405279635913496
0.4656959738440492
0.23229479431797354
0.26184449925105885
0.21979139336812134
0.20094005229928547
0.12694372074113605
0.27778655378983275
0.22914078676974853
0.28589992604114495
0.341555568678307
0.23666014266981494
0.17533079425229509
0.25815677229565603
0.25220972806382874
0.4622761453483713
0.10129265253158824
0.12931042535087547
0.312042803080239
0.5012264604961115
0.3683122336596243
0.19020682823875293
0.44564989517819686
0.29994758909853236
0.17028076237464193
0.18591601582643238
0.14157280855054388
0.26275947113417814
0.16254790106198372
0.21504041953451755
0.23664249455260059
0.29651123577162203
0.29506534789777555
0.27814598427988996
0.28282016236878676
0.4150427252071868
0.4123309944057625
0.29545094994719023
0.16273934495566075
0.2786180137973175
0.11784649027777586
0.1431729609843522
0.3306339409882868
0.3436058700209641
0.29022425752861436
0.3120447569592952
0.4474842767295601
0.2457156135470963
0.2807504874580329
0.2403160870767208
0.22966606400195014
0.37765285141866417
0.2527333106928063
0.21362645513209805
0.2881337237004994
0.3064687026445497
0.2509650447047125
0.28422431865828035
0.172084189703678
0.6105345911949689
0.5145385935212885
0.3010102795339245
0.3783371600962064
0.2148814870011408
0.1964913884139248
0.3107189088965565
0.4647906593642377
0.1799449764841899
0.22572997807781106
0.19640349246741848
0.12731727851378632
0.285126167720737
0.21987693195281488
0.106178303379119
0.15074345154796814
0.12916309339041046
0.06886481750739429
0.21504041953451755
0.24760087757910437
0.2961792341558364
0.3204772765320411
0.44408289688062935
0.12962454710956595
0.08906475278161878
0.287429657188443
0.23401467505241066
0.14124267309148827
0.14083128028906713
0.19175000016021554
0.2559103654001097
0.19237086801705042
0.21291328157281547
0.2965154370867214
0.07904188413410283
0.113056161193205
0.24096147844811353
0.07276602638096583
0.06738451690714582
0.1551144037652939
0.1109800637143337
0.11672976398496929
0.10204719389334199
0.22941242580055152
0.1386437159598424
0.20295409031982728
0.1398267275318077
0.24470649895178148
0.09308932003854445
0.29429550063554083
0.13753174562448395
0.25438619943347485
0.36322401480177546
0.07908814352786052
0.18502054291754383
0.2871969439690975
0.45220125786163484
0.2056139901850587
0.09450794144711587
0.22568238750075503
0.3124468561455858
0.4160901467505238
0.11350233788966026
0.12180045634916474
0.1603429791731125
0.1772982295985161
0.10262672558529816
0.057207450280437284
0.07688697920603015
0.14998594676632004
0.3101688023861334
0.09566442629106006
0.19895178197065
0.20258967743544096
0.08477804896006577
0.2427593544112808
0.22105847727615244
0.31476418669399436
0.4254512118992998
0.3074979807371203
0.21973618675795048
0.09154734024661888
0.38693855547712747
0.517138364779874
0.21989368417111838
0.38348803951787896
0.24079183246638378
0.17013146130987739
0.0690035956886676
0.14284325740000436
0.2131420409920022
0.0652257451984501
0.23962264150943366
0.32402267034996673
0.4591194968553459
0.10362104201739579
0.2697529865503309
0.1922799637416709
0.21469170858227846
0.18476632975321233
0.3066991995629043
0.23578385291449963
0.14210885762385667
0.23091013256692067
0.2161401696252875
0.20061877510905693
0.3093345281480036
0.14508487862227323
0.32324887830077964
0.07642051848782941
0.1419374584613092
0.17918071121761966
0.16718516378205595
0.12064848832191605
0.11836012213251268
0.07552459203518871
0.20495785980109354
0.2797027061178872
0.32861246893631524
0.1944262272896745
0.1120475822854457
0.16098321289651893
0.187257337887491
0.17473407200454683
0.23413876966481112
0.14121151637889684
0.3233180303202295
0.15830660603630733
0.1035853729571952
0.22244308949359864
0.07387625183115233
0.061324536324878456
0.32320754226170406
0.3057311125058142
0.22147445018183534
0.1438943458138997
0.17686338066921115
0.16951862113442479
0.2370545762409308
0.24538784067085992
0.22530863208080665
0.09321267842189848
0.14346815868424387
0.3740042997225077
0.2787629730583019
0.17592073773426484
0.2975731283907552
0.11530924884019188
0.5752620545073374
0.11248483754091715
0.12070310853921842
0.16647492268216224
0.27442348008385775
0.22588697998770918
0.10011348307021238
0.09519131006588236
0.24682158613104296
0.11178166996886979
0.050576937175157474
0.18745455467304895
0.12164440744721508
0.11008463188571076
0.11897676693302227
0.06721842509038187
0.07328324539928849
0.15738448429479018
0.2433599519748089
0.17033722266420173
0.1766669967244302
0.1646875760928279
0.18659867787931028
0.07446220415208396
0.4073512705704186
0.12182378185716809
0.1942629981767532
0.2926935172172903
0.30513626834381563
0.2897619556468231
0.206404238718184
0.219989294942983
0.21996247053750737
0.15287358573337131
0.2377882599580715
0.0595050001704063
0.12265264922851885
0.10981385092359155
0.07873279408265385
0.08220468396963668
0.20522632994290502
0.1586302094565112
0.11094544602904231
0.1074000616590329
0.07524861384596605
0.11570942026460045
0.13967878837158068
0.16945852299086495
0.24804941203579933
0.30851917724997796
0.22453878481857198
0.35701168605669287
0.4348532494758905
0.4038259958071273
0.4093234384260001
0.3541027384697106
0.29612124422592945
0.41922460357935887
0.12415302443957378
0.20047086251988902
0.14229980638786419
0.10655567261849679
0.05154838444407057
0.17556724663366022
0.08268095644304702
0.11121034631658193
0.2006970849183952
0.15283801719318196
0.12313828613516309
0.14641936175272738
0.1895702306079661
0.18223270440251532
0.17873287271558272
0.13619476911088177
0.10642369746213258
0.20721722141828125
0.16197747765485856
0.22887007964026662
0.20234846479774368
0.27877358490566057
0.1532369047875601
0.11039033330394847
0.239532397554314
0.06286651611680402
0.11485839927424364
0.18900747305094065
0.2061901493010757
0.12050638568051522
0.09793113658519063
0.2846008590050308
0.21865388411847592
0.3349581217532031
0.24836042952730272
0.08845181581432836
0.30173611111111076
0.2722779088050318
0.12096067550487047
0.3403152592002619
0.13615637184442714
0.3259993465276698
0.3395085637363227
0.2996459938612472
0.3383279542800905
0.23430861939808525
0.29776395882689954
0.42958746314210255
0.19854416817296455
0.168078352864324
0.16358782600205682
0.12274733732622485
0.10683051587750782
0.197641509433962
0.13321163422444704
0.40823289544633606
0.1725822106729987
0.15620378967831536
0.14002391774630654
0.11504171485234743
0.16618827813381506
0.1825192382788858
0.3988236511301294
0.13407834635171037
0.17419453707982296
0.2621045726545405
0.4067596202137437
0.29276831816111626
0.3060796645702306
0.3461141726015766
0.3465591964221103
0.4880403949647081
0.1659983770632024
0.1538864591299068
0.11079600268949594
0.13448637316561843
0.12018697420559274
0.1689654810269701
0.17572015593233759
0.08761529177720871
0.3102999446109665
0.40094339622641473
0.3318665458980255
0.18577921176224066
0.14237933625060356
0.060911890928584046
0.3077133860036658
0.10850754596152491
0.08251231978240729
0.13196364550294243
0.05407723130282848
0.08007501059469288
0.20412785214607207
0.23002895202713436
0.07752422481819785
0.1710846783102646
0.26390074499587535
0.06943779773965564
0.1640843655844052
0.15549680747710506
0.12232017611068856
0.19066705086309488
0.10852453775571852
0.28059338030220815
0.180889857909128
0.3484414247460767
0.24889057243951915
0.0755415900064318
0.1749388180103634
0.2367400419287211
0.1138006713942678
0.29202875521527344
0.13834538245523378
0.10547513580707187
0.28166723422957235
0.1792985415844882
0.2383123689727467
0.19040880503144664
0.15170267995266107
0.05881110926403981
0.19455435895314332
0.13259843951571312
0.051502125050312764
0.10170460384378119
0.18427672955974841
0.12029280292002344
0.19381551362683447
0.2052522331273943
0.14114839098042542
0.06871265618098203
0.13236277878197708
0.138957430833436
0.1291408075737639
0.11298085935438389
0.19190581475827245
0.22274633123689683
0.3203907165131795
0.307667872636962
0.35627212311085005
0.1672024645745755
0.07064636700411163
0.12953926811540126
0.06543853217363746
0.12568266835511116
0.0653286622405051
0.07908549994892423
0.13071278825995755
0.0870766411156208
0.11478746534069321
0.1042158227544855
0.13464083254142942
0.08765423265300205
0.20643980725837338
0.07532571283556229
0.1175710546516289
0.04516458810549881
0.11987275989394434
0.12505729603614693
0.10606843344598664
0.13600367100506627
0.3417473407068189
0.361014153853781
0.270429207048365
0.13436811906839047
0.2052370350912608
0.20223618633483637
0.1083757020417665
0.2281798208908128
0.23454006222506438
0.18060127137490248
0.059026986434909334
0.1229960119744067
0.12706041227290596
0.08758831069312265
0.05811721835767332
0.10281921252559455
0.280836702634847
0.2548218029350105
0.23677080242963985
0.10989190711899356
0.2146226415094343
0.05329082160894638
0.15279370461119868
0.21343333210293494
0.30923591975522463
0.12920552872313917
0.1824152611859929
0.12924925336870385
0.29273108631060313
0.1889045169450759
0.0692348926574564
0.407442348008386
0.2349685585708893
0.18183387628464123
0.13951115437198253
0.1282387159415883
0.10976451502400754
0.06860278624784966
0.20995807127882624
0.23343479762662142
0.26632438344099846
0.17899206736359485
0.3320754716981127
0.11165475673332778
0.10510503625921666
0.10607468182688153
0.14105102015533183
0.16295036906744545
0.2575471698113209
0.3884184591568328
0.20569254376297105
0.14330856712281087
0.06871061952820173
0.1913925832501153
0.1067220309667411
0.23281441535142972
0.15751930371177073
0.12313828613516309
0.1529577550202493
0.14064921958010232
0.17124824655496335
0.16558898614609263
0.245755814349894
0.2299263225488701
0.21821299406101283
0.22625577505707686
0.053090364235996126
0.12894941642437968
0.15212796611417218
0.1375473149241786
0.15315813405488518
0.19804295225044946
0.4321802935010478
0.18894008548526528
0.2701869962147054
0.2121493636537626
0.10223326020466281
0.2080928760585746
0.2107590603920059
0.1627559670377399
0.098501669108203
0.15760420157854094
0.20744234800838562
0.15950386750152565
0.12052114053689951
0.2687133074180327
0.2603773584905658
0.12291120921438436
0.3372158786303378
0.440780326921942
0.11905625973457074
0.13193208280370783
0.07161322241567654
0.11943325390651448
0.20854306948101992
0.1547587183634013
0.12703986442222992
0.2047110234093901
0.23429018347354968
0.12268076733560097
0.11599749083729337
0.13779252469313263
0.0521343367650023
0.08645880693326463
0.32751572327044004
0.08869467763155668
0.09953490562844725
0.0848352002195594
0.11028922338866182
0.059558216010918284
0.05080385708040632
0.18031973809734583
0.10900021409284176
0.19207689192765748
0.17060670716976795
0.06302071409599658
0.11065460898203376
0.0963074795331379
0.1099170813302335
0.17861635220125766
0.2600466232878916
0.3605870020964364
0.36386496935484036
0.2915094339622645
0.18596491372865717
0.410161609764623
0.3618963334412864
0.4648200855543007
0.3972746331236893
0.2072851153039835
0.16581001245803878
0.11354919687201666
0.1326740262050264
0.20351153039832262
0.1346102003192067
0.09339402703736138
0.19546138676487534
0.16091207581614128
0.3023658574978343
0.2564969707452273
0.13453878406708616
0.11394199785623739
0.09706654617644747
0.11501796225904791
0.06807541056881432
0.19014675052410906
0.3068134171907757
0.38228511530398346
0.289415632806627
0.20041690393520512
0.18153805110630322
0.21348717036672912
0.2353289293672972
0.17578179154368112
0.0845249085522318
0.04550382365972248
0.043252533163511166
0.06458154669520502
0.04368428750525033
0.218418879833014
0.27284627179169263
0.12284202542393086
0.05091617272938114
0.12093323319575812
0.17636268343815467
0.07159124842905007
0.19857782436431037
0.22502435232188256
0.23345536990449464
0.08508644491845091
0.21980186134314217
0.1566772390042111
0.16971263378840587
0.12904828878624805
0.3017416819040133
0.11679173891970539
0.18722993186401773
0.20402128785721615
0.053198302821430885
0.1318914573145039
0.07378864709169736
0.10848404757719465
0.25692416738591733
0.35948299386615545
0.2534508264447341
0.19111214386996417
0.1708540319589308
0.19948477859209826
0.1370978059814167
0.05605096543649309
0.11637423317380305
0.11857163183645032
0.1798484166298727
0.19428721174004193
0.17869010342323594
0.29397576966971933
0.10837033977652694
0.2175727603376064
0.1290532234572781
0.2649144873294908
0.17941797066155268
0.14037262327807623
0.05048441838764198
0.09804323810540509
0.13857474731490899
0.13121618891873804
0.10679357500466025
0.2232987054482479
0.1379526880409996
0.15015516417907881
0.28916911182468014
0.21830039301787127
0.163883308950267
0.11306839824659297
0.3053770341334927
0.2930912250993371
0.20821823426783526
0.2977180602870569
0.18365858022406423
0.35202184225295036
0.2839319073634743
0.365798609429076
0.30112326124214117
0.308087132571461
0.23791235320482612
0.31682389937106925
0.08820358231866388
0.22488093915734308
0.2057415493234993
0.08578644378975175
0.09921097981248876
0.1416882657675
0.25089847737568555
0.17335355450563908
0.13679947247680915
0.20176486486736323
0.05686821472621362
0.17411737212522066
0.18299055974635894
0.18215441610329475
0.21361634842475888
0.3044222341248226
0.35916029818045797
0.38691564800630596
0.46058700209643605
0.4667412873762036
0.26929294987589286
0.24652098194772368
0.14008114102750183
0.14076963858960137
0.1664046121593289
0.12313273337729917
0.12577035810916762
0.07961175354771277
0.15258903741185745
0.17579189301178608
0.34465915443377626
0.08155531119494147
0.08466577047180164
0.19313417190775709
0.07840318428325677
0.1587595123743344
0.15657271391305252
0.09879504387262401
0.13265802488612022
0.3123165618448632
0.3279611877832363
0.10863247634115328
0.39394052915246264
0.19203412263531175
0.18723245295361524
0.2004547028436235
0.1691822183406689
0.33191556243091963
0.12733534979559924
0.06345246843773565
0.18380604414022275
0.2335397871328285
0.35267295597484266
0.31742041635588875
0.3259580715464762
0.1753304392926306
0.28330834446723663
0.2060500725964405
0.23642408663790607
0.06110865915400882
0.3423683397289981
0.15420067344155525
0.09315099923022141
0.25349239592251616
0.25128774039040885
0.18171967182684862
0.09938834151153877
0.2093129167432546
0.20467134725011346
0.06974374598879178
0.23064503071029022
0.1617400419287208
0.15398322851153026
0.15157437207562177
0.10766597115284222
0.05191845959413267
0.11507536909577729
0.14174993134247868
0.09530977093891724
0.1149513506150963
0.3181865828092239
0.23663749787904123
0.17552858562052068
0.22874801888018778
0.24858852738262746
0.44236279073875917
0.40194052622711013
0.38161448005507637
0.22746573665007802
0.39868972746331177
0.1932899701172024
0.2434486373165612
0.0840504988462604
0.1311056391375543
0.3046456693833683
0.07587617582121228
0.1700008691511498
0.06506497440098742
0.0949405992998929
0.17543963720491002
0.1246364521453564
0.1972873109263709
0.22851235814645174
0.1108580057618543
0.11616685225807201
0.048782250310770714
0.10311676384715728
0.05077739454810785
0.17277859461777964
0.2604615177409307
0.2230921612705131
0.10916294145899173
0.1765301768232386
0.1530159658929124
0.24418379693992587
0.13170068167077337
0.19011698127808432
0.3557489437888068
0.10404682667635114
0.10635409527213077
0.178701769260446
0.15717714937299962
0.1691284085998559
0.2823215590162761
0.24094960775570493
0.15753920050282136
0.39142601513659514
0.10602448547273369
0.18365813155105376
0.12281816927345987
0.09898062480201597
0.07479945047651511
0.0687722987198788
0.16453046893700315
0.2646563810394898
0.22358531392436562
0.24924408248649355
0.4083612033233754
0.22077264363617732
0.502453646485443
0.3540041300769305
0.1317111439090601
0.15880881657072335
0.08803550508717702
0.11368884264568249
0.05228853474419487
0.08998823348097754
0.0988297537084636
0.10672765304478082
0.15885506525144932
0.3507509665327818
0.07207467613483248
0.1079718928402534
0.13356506801927706
0.14618114562061824
0.1288016779766658
0.15931561399031977
0.2600060287833754
0.15673804032236283
0.40791404612159354
0.15276315502724275
0.3779659695222502
0.20788971554739996
0.27022430801780406
0.3952717424549803
0.2237261682639894
0.2733228511530396
0.11776743656658813
0.07831528833675087
0.09435629857407637
0.1908793517419592
0.12540855684630528
0.08104645786360597
0.21445433283731066
0.24954887796773717
0.2420335429769388
0.0783812102966303
0.12388976809557088
0.1464827674733371
0.07463761860748963
0.16786899599826927
0.2821917909015112
0.1046065752067904
0.04191101074453597
0.2100358766194609
0.36800652185156135
0.274766972961912
0.3552066171944797
0.2897841489179299
0.21235317384976937
0.22523142174336244
0.20361635220125812
0.13360490586318033
0.11211070768391601
0.08974176138251698
0.21252620545073345
0.12489325352016303
0.06480941065463021
0.2951936557748148
0.319238231921406
0.1363485040003055
0.18439769449689766
0.06220835613954595
0.11962571069286553
0.10273521049606486
0.46184486373165634
0.24677000079065445
0.2436813420847007
0.23755012405646234
0.2116629151003155
0.3140677310013995
0.19563768579021537
0.16924368361173256
0.09806990231395041
0.15828000384213675
0.09868517393949164
0.21473092913933672
0.1538336433099978
0.08977126365944423
0.17315633772008115
0.23128060787721205
0.06736909710922655
0.17368196076376866
0.26119206835943204
0.26531604977224044
0.355607966457023
0.2194791656574458
0.2555631757085214
0.3755993680955517
0.254560796631047
0.3582935951628216
0.3537205709072848
0.3266896052771237
0.35539832285115314
0.3735408090674429
0.21835075331005938
0.2255045447998082
0.15469686585037212
0.173610044663701
0.19499809672064924
0.056174323819847126
0.0855886779101135
0.19264932436094656
0.06465521267543763
0.17073620159206335
0.22525238466309686
0.21723428929233426
0.2754438174339924
0.12429658651094684
0.17898322851153073
0.1481429698882017
0.10688346326867884
0.16697131732032416
0.31640461215932947
0.1779694961127712
0.2510612047418355
0.34993834997820034
0.17414357276653936
0.13390947450172816
0.16750324484193194
0.35977272105450725
0.3118972746331235
0.42296184518106844
0.2277309553345478
0.16205603123276988
0.07871082009602738
0.1018130887545479
0.07517300824916516
0.17141932372434943
0.16459947651228132
0.4100719750172308
0.13134583867621705
0.21145787289869855
0.13075243043477777
0.15770599153835838
0.05230395454211403
0.1990571386912099
0.24931865828092184
0.22945492662473801
0.16802935010482226
0.20862944194557606
0.31095433816525503
0.4218029350104823
0.4449717175718887
0.23404099444522716
0.31948661382756777
0.3020385070722255
0.11411091255127549
0.1639805938916176
0.05864149148692798
0.18730664208387993
0.230398322851153
0.08547193986643227
0.34869573808714965
0.516658673966039
0.23245110390265494
0.22475263128030376
0.1312237519022509
0.15742939523633231
0.16346999563518935
0.13010144624805794
0.23161528448690424
0.0933822961990102
0.2164046121593287
0.27422994031864745
0.396593291404612
0.2379913559723326
0.30819552064811956
0.28927893735912297
0.5617227094660829
0.20371317644197734
0.1399838938497493
0.13060767957490427
0.061439266607619406
0.1631475858530034
0.1589622641509437
0.06968206679711483
0.25718441408438686
0.06855642154900916
0.2276848559508775
0.09025806102106305
0.1254716981132076
0.10303122526246446
0.11399371069182393
0.28438155136268356
0.17140479517196783
0.10442038444900117
0.10824698139317214
0.5506546389598298
0.27735886086636913
0.26231651423388075
0.34423480083857483
0.14319996643072305
0.3516375286502331
0.13708115388934744
0.1412946109514961
0.12477443898386859
0.17221955798867933
0.08613802757577532
0.20807127882599524
0.28095148142346615
0.13590447196298325
0.3495255269932278
0.12737094241768374
0.09229353783476993
0.16915255122998998
0.09873826756534188
0.04198810973413231
0.19312453725784665
0.2570273069285621
0.24002045731058194
0.11827567396339501
0.18087146747578028
0.2262578616352201
0.21593291404612125
0.1064200172320102
0.18442118859765308
0.24099891195209497
0.10784832636273103
0.07553261912131484
0.09164262837016976
0.17012578616352203
0.13142013584703077
0.10805097112363318
0.17685102385234117
0.1353620474091497
0.5083857442348007
0.26802480783626415
0.11978044359810283
0.10880507972922775
0.1105158514230832
0.07999364688561027
0.09451747850548733
0.0554495933176422
0.08960991746275813
0.22929833437936034
0.20405285055645186
0.10076837940233359
0.3806426109711257
0.17869245924648072
0.3483730424014533
0.2151919229760461
0.11726947700393806
0.13390947450172816
0.11453364821291229
0.12296466579552438
0.15111377967341064
0.10160304161079829
0.14511620893131674
0.17851300580536666
0.449761878314685
0.3661425576519917
0.07452388334376102
0.17165025006061072
0.11982158394181965
0.21324064938478116
0.18029350104821765
0.0941920237731872
0.06985168457422666
0.36215932914046095
0.27426624737945454
0.17903225776200812
0.11610597574806074
0.10436248415756536
0.1933962264150947
0.17355077129119703
0.15636453281841814
0.04160261478615084
0.0617688764070165
0.13400880578678295
0.06561432406664935
0.18396226415094308
0.21001048218029394
0.10778661788867493
0.13932197192127002
0.28497179490402674
0.20137209697780242
0.5003668763102725
0.46184486373165634
0.3480083857442346
0.34659329140461215
0.05742332745130683
0.165856102902446
0.15591993799943943
0.37777777777777755
0.17010777296876542
0.1774770578002987
0.19523088984652065
0.1685217432594642
0.25800885970648707
0.10576845997263372
0.17606427393675872
0.08545898845646784
0.08906400925229693
0.07569534648746491
0.11419401056487377
0.14867649799104113
0.14785842156668785
0.3114381378970219
0.08361474497343403
0.1301362683438157
0.11382413439470888
0.1173406140843168
0.2054505863552329
0.2572576105757985
0.26652247065869433
0.2800076564174181
0.34311810338734505
0.5806603773584905
0.3971453019177829
0.11618817732158894
0.24240953310819083
0.12971134009677557
0.09768441981848247
0.256530215493675
0.12153770182664697
0.1354094325004526
0.05008350364174135
0.05574256947810797
0.19406131698924847
0.15621702851116104
0.13305248902329636
0.24877719537292434
0.1819817888738091
0.12264032657251411
0.10834930462824191
0.05724223516196297
0.1497368444350474
0.06300529429807732
0.31123214040471264
0.49722795227498623
0.3784492676135583
0.39554507337526157
0.0900207802526126
0.2605932982665824
0.3654759137433797
0.19153658891908043
0.16538524646383396
0.20976947445661112
0.299855508640572
0.1750846520784351
0.20046547486235766
0.1966470125786159
0.15442111441957054
0.09560661841312273
0.16674889633020776
0.2774685534591199
0.21241616740396754
0.13749625509853575
0.1572542175783824
0.08246887310346065
0.14094085676599957
0.34617859014675045
0.33233955803213805
0.22016976795134802
0.19065409430416788
0.1111937047755425
0.19687027969109924
0.5751781970649894
0.20228910098389666
0.3655314511928061
0.3497245258303183
0.09600434757106185
0.08648961136179889
0.1583974822934225
0.15600740573353442
0.1154910499944762
0.161967310115796
0.06431597712121397
0.16849652945179688
0.2653932629762072
0.18227696303497987
0.12809403057745142
0.03814858005223763
0.127463312368973
0.1675576519916137
0.11438322202886024
0.18997588669749205
0.2525010668034449
0.16169570818262963
0.22890125263790367
0.1687723621442594
0.1526601744922362
0.25717287336952355
0.3322457339077304
0.20930600834692942
0.3337401053608281
0.11124292939297217
0.09279433575188994
0.08798126263179366
0.12856394129979007
0.13341161634376186
0.23328092243186554
0.10055296280274184
0.2700820173567766
0.11886512532027842
0.15974842767295544
0.05192453039835644
0.14811005939556404
0.17887840670859523
0.20131027253668737
0.2663359059111524
0.39308944456228573
0.44347607091464597
0.14579740126665064
0.17780676874662124
0.3294358192327801
0.3724318658280921
0.2061638652304442
0.22372030895517417
0.17507920137927374
0.11530601216587956
0.13424806465186864
0.07504443702286463
0.16136854002294632
0.09347412361733382
0.12144383145218747
0.21263102725366892
0.07993623241341957
0.10587233251360711
0.12121503144326602
0.2098261482514118
0.3691232626092042
0.4437491616257491
0.27121827452924874
0.4105991543524957
0.20397875346908792
0.3437111801546228
0.40241627168722643
0.23226619395150408
0.3774633123689722
0.3785220393222621
0.35924225591136705
0.24369942778975634
0.2778784508514736
0.0868905612750038
0.17002297639911002
0.11002756953438379
0.12220946611171805
0.11221874429706521
0.1130891513602118
0.10750255359555688
0.13922013868630279
0.2027582982229621
0.2073669339761622
0.15903887918398216
0.06931199164705273
0.1603773584905661
0.1706911279006037
0.05931996259537521
0.11319673652525343
0.7143081761006284
0.3473144418195901
0.4118616623219095
0.4175855427687203
0.3334283732414521
0.4596955379419154
0.6548406351156473
0.3586785141103664
0.18712608993561405
0.22740825964885142
0.1289336263763501
0.1988727411565266
0.2053781418473865
0.25332496104948116
0.2948977573431381
0.4120362912510507
0.18208719360036885
0.14494513176193066
0.23862683438155102
0.18104241450228786
0.14618820849451586
0.22628705268397212
0.39724544350175384
0.12309827308150331
0.2988469601677153
0.21727919650501368
0.1366781968166644
0.2640572696672652
0.3430293501048211
0.4292452830188675
0.4472383654495596
0.43828968796085427
0.2996216014592627
0.1415564218477405
0.11748915836033651
0.10954263864667532
0.14917445755369013
0.23390985324947627
0.1198900710340387
0.43249475890985317
0.15956047128894965
0.04559634244723798
0.1911280446998043
0.1480342175754512
0.125097905864513
0.5150943396226408
0.11683580883419753
0.24956626285380704
0.21208800054889795
0.5004192872117403
0.19831522930392184
0.3145519987680467
0.26339287795222566
0.07363339001392401
0.17556364673359537
0.1868046392536531
0.1188788556369718
0.2381394197847253
0.2848007177346418
0.16516827664230027
0.08392225017554714
0.16381829970620673
0.17176815457610645
0.2715965670859533
0.19842756520575142
0.17738086568220104
0.21051045692895395
0.13891492823675972
0.22205816586248073
0.33445102853282344
0.37096415236673014
0.4450024965190131
0.23461625521085522
0.47650600361511575
0.16298726400652838
0.36815443444073037
0.09219497175922758
0.3291097046055062
0.2453674301912661
0.15910176752858796
0.11691961257881055
0.2954502715288934
0.18050314465408754
0.08765580789949352
0.07016293929832923
0.10894643859965533
0.18919187058562398
0.14641267289219165
0.11260655393707035
0.0982330866992468
0.04942045233121328
0.09285032909216402
0.25580547999016323
0.20517208748752133
0.25105696801556165
0.07978203443422702
0.2972056958361753
0.2330291888764002
0.1912068319676702
0.26359627583055584
0.31682389937106925
0.11428670444428814
0.12310325249251236
0.06921947285953713
0.3247667416179311
0.31850104821802927
0.12986626096245674
0.05293616625680356
0.105474454492924
0.2055064497244258
0.14675296303965354
0.13166965443252135
0.22657232704402547
0.09888399616384697
0.16723983415333546
0.07794173056410084
0.10563856436205532
0.10360734694382168
0.20178197064989487
0.2674686240589164
0.21035224197663097
0.3687460847974053
0.31215932914046113
0.2234007851877136
0.14208379752677627
0.3108136540396903
0.20054728440972466
0.14121151637889684
0.16201420339698738
0.138293573914344
0.14327712936042197
0.054863640996710476
0.10106376295154819
0.14229980638786419
0.10015869386535568
0.21284739492426516
0.31845580448006955
0.29202875521527344
0.43244234800838544
0.18933133942734723
0.18326369797993788
0.10215706382647435
0.12863598294161432
0.14474653869325382
0.2309114093781845
0.13382157855522295
0.2125206136692348
0.14676655144431572
0.07298190355183547
0.13329420287618715
0.17788457718206874
0.19519531350620717
0.1688620423867308
0.11087976241373787
0.07671118731301836
0.13917969776051256
0.20099580712788204
0.2073814456880817
0.1938304329138597
0.2120501514534244
0.10433536292987362
0.21487292474828673
0.5549187303643255
0.14779876305606235
0.1307011375335297
0.22454540246188767
0.4747008028385365
0.5243804892571828
0.2565203118448293
0.12823103949652784
0.3436009446387369
0.14181588146339133
0.47520964360587
0.1689799571575795
0.384883754268854
0.12120851023162707
0.23464360587002134
0.2376310272536683
0.0865555333216783
0.17275639969915946
0.12153812003102417
0.2178683483393543
0.21390139265479027
0.28147615178073243
0.30238263645707814
0.14525154188101955
0.23752620545073394
0.17588146094530865
0.09172399205324484
0.2058943241227388
0.19335963203076303
0.1481553102106702
0.2701884876955036
0.139023413147526
0.19363715980879073
0.2853567185351446
0.2482293062024012
0.2777487866175404
0.18433565001296057
0.13349068269842404
0.2769799157182487
0.05327540181102712
0.08668737724143726
0.1713337851396569
0.17636268343815467
0.13006988354882223
0.18632908680762508
0.3295073375262055
0.12525367998092676
0.07116236739736331
0.17265373548520288
0.2524867897108583
0.22527087330382942
0.268763102725367
0.11557138540481823
0.27327714640145734
0.1633106686079497
0.35232778739968695
0.311750433771091
0.11564848439441511
0.35267295597484266
0.3305638605452831
0.28341901080906934
0.30948244073717257
0.29673335029928527
0.16482041540692796
0.14668465974044306
0.10036938356837075
0.10794443138485157
0.1870301154307836
0.09738870872852975
0.28365696984078204
0.275869597707778
0.21366022091679004
0.06686024377789115
0.180607966457023
0.23648983823203049
0.28870984071609523
0.3752489830816239
0.073012743147674
0.15809918806612502
0.24162301750513232
0.5527253668763097
0.36532447628372716
0.43804309221177323
0.12581013122320406
0.22773694892699425
0.2999494994158963
0.18846960167714902
0.17678197064989548
0.17665283822712338
0.15969629210573516
0.14489207445896496
0.2087996852350985
0.3134171907756814
0.27256172347017876
0.11390268797262125
0.17203233562761314
0.11496688418500992
0.15854297693920286
0.06541078277348109
0.1409590147850134
0.4130705573516053
0.32999298643522296
0.1527851290138688
0.30923466566480706
0.07025083524483512
0.16023863826602
0.10428409332792375
0.20443568651637634
0.07882600696323318
0.21482312790667837
0.17403691809747865
0.0904371147964325
0.1529577550202493
0.08772015461288148
0.15093283269042637
0.17403545186437328
0.07371434395300008
0.09252264246501184
0.09826359808039996
0.11806602760196515
0.1354075795686847
0.14386792452830235
0.12882786777593
0.17300537948048392
0.3123551793250211
0.19421235479302065
0.12028984356811105
0.17649506058383344
0.2251998590441278
0.27065635269632105
0.16695827766995097
0.3107150456469113
0.10740884663020148
0.12203566138929704
0.18469601677148814
0.11692700072223898
0.15456822253987018
0.18996906868891533
0.18630303746089463
0.19882572020766956
0.21102368843711114
0.3133375108115224
0.33979855703865497
0.3191444594887967
0.155861487141575
0.1785186268750648
0.3535737398276442
0.5639412997903559
0.3584415077519895
0.1898292989899962
0.0935210743802836
0.2168864286154529
0.17120547726261762
0.2790880503144648
0.10984795914574039
0.11662127907420192
0.14120710455129998
0.09213692592480252
0.17400129860578298
0.1625163383627491
0.09345975062551205
0.07466760655675628
0.13747750316910026
0.11437021717579375
0.05643646038447446
0.16966578273814717
0.13718785950991447
0.09866499780966256
0.12375734370175524
0.16329549844217237
0.10691187956058279
0.14938786879482524
0.15906600041167346
0.3359587941983576
0.25550908608327033
0.4963312368972741
0.2761158263612159
0.35020770695493647
0.4393689402745108
0.34080469777187256
0.2824637411157016
0.1669287211740041
0.1302123826647878
0.09093213649700511
0.13346645962649703
0.044887031742952214
0.06407614500279614
0.09153182778247654
0.11845481023021869
0.18304116569111456
0.17403686714597233
0.19401591219961478
0.16446312472231678
0.1893081761006285
0.09863990511462191
0.15289231300397765
0.05211891696708303
0.1455952919383253
0.1311056391375543
0.23820754716981127
0.16418438151355116
0.19046953271340264
0.16515648348457387
0.21042491834426147
0.18723279555618105
0.23694968553459098
0.16814393352096257
0.16690403521456837
0.1667414707378661
0.17839517543849812
0.09396053862098236
0.3098794549266243
0.1816647633857619
0.37885875262054475
0.15804309328145164
0.09112666004592272
0.057858477819179036
0.1448985357704404
0.1524898798083918
0.28917729709165857
0.04664161062725133
0.050571048247415366
0.06757102329211011
0.023275381217207767
0.07694114747350474
0.09150219963281657
0.078713930819318
0.05219295346166147
0.0625922333421868
0.10870483021108743
0.05016720337121197
0.09394829799985832
0.02420918657219726
0.075925840125758
0.042641259803791694
0.05816627359285822
0.050902735018019146
0.16304898783588104
0.05572839242757232
0.08671294311038547
0.059007212311484036
0.024544711417680595
0.04740708452827991
0.036833670111420865
0.02542724679420334
0.06669109891612343
0.24429529209447898
0.06148413811692236
0.05032948437143541
0.0913171736392631
0.16603544295019657
0.05284743783695053
0.06677246257707797
0.09257339685724265
0.07152303268901469
0.11380449600023078
0.17620336923633131
0.09007411793024235
0.16077202468914523
0.17150332637636115
0.1554483251907381
0.13039106156493505
0.21097841313154106
0.09072994701156883
0.2928864399018723
0.36826467849697736
0.2535768520907036
0.20858233943172938
0.07307151700999445
0.13079285217992467
0.10020034395664879
0.12310261373496052
0.20554871536684943
0.2702302993718434
0.18058137382727338
0.18888202027448223
0.08035255560829667
0.21388921528525923
0.21898200148724387
0.15066833296934082
0.22122792693189966
0.2324947577044051
0.23422431805555669
0.1385602494616434
0.17168934339122288
0.30058258654898073
0.13375565657954974
0.1029481273371305
0.20800041911509318
0.17403545186084438
0.20927672955739413
0.1991396492162632
0.19500039292764762
0.19558397389982174
0.10151981821424497
0.15781761281962628
0.18091410662521937
0.09279614552358902
0.2386098820005281
0.24137637290114833
0.21632708068806145
0.3141212003339281
0.3777687527366912
0.2078160215886926
0.12475764738170436
0.13509083513223344
0.12573401157860523
0.23360328249366255
0.18520991911295584
0.22808121249803384
0.27010647765093554
0.18856980995525405
0.07415380819369882
0.16504106719343248
0.18583257524508423
0.0936091830287763
0.15280244865299367
0.2085536117274281
0.07561868899602815
0.21299107588504518
0.06778543165304644
0.14973344517243772
0.1240211805198154
0.11430867843091416
0.28092243186582805
0.2634917457219215
0.22672001872823783
0.07228801264546897
0.19457721248840157
0.19029604249218912
0.15096439044261586
0.24099891195209497
0.2253337873836581
0.21333323022381628
0.269129979035639
0.2505859135397659
0.25783634783183157
0.31878291028794786
0.3622450991239591
0.34284111636093734
0.2737117277688396
0.3392336262136294
0.31983752390912845
0.13512368916643488
0.46735555165620346
0.26917430125474207
0.27203246304234113
0.3732820708652433
0.1318084326137951
0.23074740520077075
0.2022987527984467
0.14613529745960935
0.07654387687118344
0.2231210169674517
0.2062762969866605
0.10189337598695669
0.20691012422060961
0.13191637119922986
0.08029088776556251
0.13708115388934744
0.06591963610481649
0.20560325117248626
0.16674574006028386
0.224319674237844
0.29451154656492723
0.36876977150859963
0.3574282603617147
0.17242987305793595
0.2242654317824603
0.16941943689010894
0.3310640541107664
0.1379307140543725
0.21284214449243782
0.19772025656475203
0.1469187357593526
0.09341141714913806
0.13779105779250322
0.06495510446785506
0.045133748509660385
0.20747383717235984
0.36823899371069146
0.1092546615068254
0.1423593241536024
0.12621857918246268
0.21365303983228548
0.10525748467139068
0.11564491487730215
0.27003635711674234
0.33434427777889547
0.28122365018685014
0.5251048218029354
0.13990382652140348
0.30315972615540876
0.3292362416244491
0.4272490878624682
0.30820496293832955
0.35321526293469874
0.21606161604737514
0.065827117317301
0.0955648678385324
0.1616244391503893
0.060615225620592704
0.09141178436612891
0.18079114122000906
0.19114370656919877
0.2818068672703933
0.2090310708242372
0.12945629639922684
0.18857442348008344
0.26713013603855307
0.07996707200925811
0.3362521764273545
0.3869857172589772
0.19943590262187152
0.48053997538609894
0.4648166692206163
0.3330872487937211
0.2622544679464124
0.3564404345438719
0.28660272901248746
0.0849014073434198
0.12920552872313917
0.15215828041583893
0.11750792925315857
0.06486720852134917
0.14075374111198397
0.14679811414355143
0.20569286791439884
0.3342243186582813
0.5006289308176102
0.1185373490694383
0.11542479110362636
0.26959587939450724
0.2527540954765768
0.15749786918433056
0.11804425615741455
0.3452959296345833
0.37632700335592556
0.274873678582479
0.17728612410238712
0.3533517758379171
0.3203022139368015
0.17495903983899583
0.16212140618257542
0.41084905660377385
0.26136727126467224
0.3356957118919386
0.3317679375052466
0.1256472555301748
0.09907531289972199
0.12811299619623173
0.22221401312767816
0.378705532468093
0.16476612967073917
0.09209297795154958
0.058255996538946614
0.14265765765820992
0.3625980605127329
0.24694655881727445
0.2538272272505775
0.41981547985364953
0.16710435005097052
0.24551535257758642
0.4602053691000108
0.43451788278105746
0.16104436946870263
0.204819511527529
0.15028009453845045
0.5680366055935824
0.383490566037736
0.3221874998066931
0.18880806682578422
0.21792452830188663
0.20445076658071276
0.26136154506097636
0.1705382797252523
0.2966968637741993
0.17951442233511541
0.11868150176958271
0.2688055061853743
0.3179134583197847
0.34871396801535004
0.37961016526047575
0.3486125019154617
0.26711512362865464
0.44792862419901347
0.35123933436878646
0.36792097971754234
0.5110062893081757
0.216751404083533
0.4782014007821947
0.3922799494011308
0.4010482180293502
0.31499499191594676
0.2861849738293267
0.17973058626300412
0.13907765560290966
0.18843829000175785
0.3099754827010674
0.2429723498198674
0.08820124409814045
0.11126926178534662
0.270807959439189
0.4286013792143118
0.38039008612883296
0.09557190750354456
0.3725890985324942
0.27181478412620425
0.2361764082613354
0.7970516388333801
0.8256973769357057
0.5543755673939661
0.6381027253668766
0.4305216104506123
0.4034659843253092
0.5889386258731119
0.3488061093426321
0.5863669980690691
0.4160197486227592
0.505712788259958
0.4445266346481353
0.4223397462728402
0.17190249737890018
0.5042071874716452
0.3624697526356936
0.14971081799805022
0.31051335585210166
0.3110062893081763
0.20785876080347773
0.27207856242601247
0.1951837320713226
0.32190709822733776
0.31401214440722924
0.1838211603466014
0.1803581058247457
0.13925619500879488
0.2778780040679041
0.1376679558231113
0.23028634433001216
0.4088797006584942
0.17029839635516789
0.46451781970649914
0.33503100979532935
0.3624697526356936
0.20289752289129528
0.23705450733752642
0.1257882540339889
0.09706762790171232
0.33452897250306096
0.36549605714519917
0.3219601677148848
0.11762675041151113
0.30481674655275437
0.3278588166678757
0.18778968970984092
0.4740399622884929
0.43230003746007417
0.5932956234291856
0.6981449236942543
0.4945827081853848
0.19461326953892183
0.3624480868715441
0.4488749771882619
0.510693100037168
0.2135871500093205
0.4501040326534561
0.20793506256239827
0.17997681335757612
0.2761006289308178
0.16546484896036406
0.1623585248665717
0.16229539946810137
0.25068707125379364
0.4362467819332242
0.31933962264150983
0.18693300078574734
0.2790880503144659
0.09330519720941398
0.15377395841206007
0.15234760344224246
0.2867798616117717
0.16994681256914473
0.710639412997903
0.6024633123689731
0.18659497462090924
0.5014229961890442
0.5494143294817847
0.3333483586535964
0.21089466653046454
0.11416047389520682
0.14778356969193698
0.22250983830601503
0.1891177388235068
0.14479952711041308
0.17180424735546732
0.2501931456502051
0.512348550119062
0.41054243723304124
0.2876310272536681
0.23548218029350082
0.2405004846114042
0.2586991184559409
0.2695383975540923
0.5051707962072757
0.14226305560304933
0.5650260906241822
0.4714785746287379
0.5208872114867394
0.47864513854970064
0.373449857352504
0.75293501048218
0.33204519062917737
0.5521087948996077
0.46898151605734867
0.31204625894942795
0.21713568089955532
0.18548238681746737
0.1224632730331068
0.17065785582799328
0.2744296309932319
0.34473494115569664
0.21984467166871785
0.13931507521184114
0.20291852177963793
0.35817610062893024
0.3479035639413002
0.25392444060103203
0.4137115119046702
0.1456091517515281
0.39610641662202767
0.45057537599997455
0.33734834034373784
0.3483227140732681
0.3502706556379829
0.5532494758909849
0.2750159527432364
0.1054714177677065
0.27881523058287544
0.25800885970648707
0.10976006319923408
0.1389962919198347
0.10870188058823314
0.07984371362590408
0.2831967169867628
0.4729258517685128
0.2676100628930822
0.27250236177725645
0.13305248902329636
0.2901991614255765
0.22561017413418646
0.33393732214638605
0.2611120929799947
0.3085926546818823
0.3134267764483356
0.25066446711767826
0.31709353578711186
0.3617392262854616
0.12548631546689976
0.37761613365156843
0.16278160860543348
0.22611647402013083
0.17863083617223416
0.15062648564655198
0.18354297693920332
0.1288073755794095
0.09044492895456412
0.09967400333768292
0.1732370186490708
0.12005661721641166
0.19006775887537247
0.21652880510250402
0.24423453468875175
0.24617400419287164
0.45306474271820585
0.5311090723575275
0.12885545757763942
0.14379674922126076
0.13161645581135412
0.21324064938478116
0.15629963518712303
0.32672955974842727
0.22614263328156153
0.2329009433962266
0.21214979403966186
0.08359865874625351
0.15391285401702637
0.13352429987042264
0.1329912074052739
0.08391865492650157
0.11794980704245295
0.1866451917996657
0.11485839927424364
0.12143529698947524
0.24413470095373063
0.08725595414539715
0.28927075132380203
0.1240630681800834
0.09795631165645391
0.11703448876462853
0.24275528679159183
0.5063047927242343
0.3040023465200295
0.2314492734927245
0.32925797653183325
0.5127864942639357
0.32152884753710764
0.3641509433962264
0.1493791610867655
0.2562864305273002
0.1436204612412646
0.1858285480179688
0.22845911949685535
0.14707193624602682
0.15641585596923452
0.21120545073375274
0.14860263076822505
0.10691223453244324
0.24718029350104812
0.20715829177019576
0.11763583296788702
0.11265073134014154
0.2635225168166821
0.3711784075034777
0.2906861474176044
0.24197209488833013
0.3707151086975844
0.4059621248371432
0.19321534168274962
0.1993471475001325
0.30467005193228247
0.15324658273302535
0.46087097575126956
0.17632476218747864
0.16622890086030487
0.14349038405309536
0.1446722563526826
0.10135541803725087
0.11221577465103619
0.17239293367910022
0.1614619697998097
0.19092970070210086
0.28883647798742174
0.11690823796768683
0.2062762969866605
0.06699868522411714
0.13102372710317964
0.14472059297711215
0.09486994051147021
0.2069622201924024
0.3349498820754711
0.12645655806410017
0.5781970649895176
0.5682651991614258
0.3024224844434954
0.29493433524921286
0.45916998097582995
0.41255259397332206
0.09994342021365338
0.26123335415036397
0.33949285302073984
0.17397692740666357
0.17949416611934893
0.15214748059306382
0.2124842767295595
0.17795365455875156
0.5406303742506354
0.07009377540155894
0.1669224911760014
0.16358000132697922
0.18835189104733852
0.13011815803496468
0.28265723270440213
0.3047484276729561
0.3280662638943947
0.3144934754992786
0.434292225272994
0.2071865727622823
0.3507967128822988
0.1896234229322504
0.25194293410622787
0.31559292694096724
0.20587071061534565
0.19884382403903333
0.1475641271307464
0.11999669569551169
0.13752620545073424
0.17330425030925015
0.07510708628928574
0.1169455568260909
0.09279634387807859
0.32495455549660524
0.16928085910702928
0.2634958071278821
0.24351342596796136
0.09013729314179349
0.3561398973684279
0.24314654073367378
0.09674381214540792
0.2513034889975096
0.17499972168053332
0.21005483165911448
0.14553250779352772
0.15593670751341351
0.10373669050179025
0.12055656921226415
0.10653844842884318
0.13609930371369905
0.12706756756113813
0.1286414775194858
0.14404220975205467
0.0609272727192225
0.04999715277339343
0.12034231151350017
0.18131063361467198
0.3119914088083311
0.17623942297178768
0.09102284480284033
0.14037947453210936
0.1359618448526412
0.22731606088150977
0.2332236401814639
0.16810609239732652
0.20959841681210015
0.3892479035639417
0.2512877694843149
0.2083520733351597
0.11770222950538847
0.13849259986929832
0.16313253726901275
0.11014085241340867
0.11694859597437944
0.09699814823760368
0.09520240017732962
0.11389926230002508
0.14342997215109068
0.18195402216115736
0.20184242708210923
0.14423075795238824
0.18226153622587588
0.13688749923430776
0.2050360367315445
0.07589625423185244
0.20617489679388473
0.21571803689002952
0.12492037669870941
0.23108676501502107
0.17370061536181516
0.2747071651254467
0.19844044272971686
0.27807652003395344
0.1705689345174966
0.16349079499984903
0.07583302419143838
0.20178197064989487
0.07492479808966165
0.11613128371788263
0.058857368657797615
0.09683436125401311
0.06025267132978975
0.18861996862356203
0.15614067311721072
0.13850062491075155
0.18741930805942977
0.27055854338329194
0.12394540921985152
0.1675576519916137
0.15594917318013002
0.08928308156099402
0.19489142680005
0.09060673257354433
0.10938804643919771
0.2997202098520428
0.38644629130125124
0.11651199307789323
0.3048971504729446
0.45931789356499897
0.1912520405975666
0.1508294442041123
0.11349668259790671
0.05880238821244255
0.1036121692661289
0.11650943396226453
0.16516905790497496
0.1793744121007792
0.1450884584037459
0.147075913682525
0.1776881932372889
0.11559775561504322
0.06266980985870188
0.05381429324823311
0.08575585382240992
0.20323967723006744
0.3370265024349258
0.1114697191582972
0.3496419752869897
0.3003496051471149
0.5253946756979444
0.33948839297528205
0.15381790638531323
0.1572217569286402
0.16400653881260538
0.22109264408592977
0.28217432744995313
0.16037975579127414
0.12228464117062152
0.04218856710708257
0.135535887445724
0.2882323320932783
0.18794416635996625
0.10685949696453965
0.22152618778560118
0.06852558195317063
0.1877882599580717
0.15152985179254214
0.15833192026635218
0.0765130372753449
0.23083982582819487
0.33632075471698103
0.18655914645875885
0.33366847551529966
0.130004316257242
0.1487856301228942
0.29578410920540765
0.6760098366970473
0.30386623505752636
0.4346657953702265
0.2658037008342217
0.25174722676501554
0.20773045292643844
0.1398099287505845
0.11832991641877762
0.29692617349981093
0.28245092375197917
0.18837147983334138
0.13786587025995076
0.17914220494535477
0.12687298285503368
0.17804856403804056
0.18317610062893025
0.2798693582664051
0.5279441447238941
0.5819867341821854
0.21068658377462585
0.08770781056472433
0.23785650143749748
0.443513500892012
0.2752898627306072
0.33067128622120556
0.2462521794340967
0.15080657694643848
0.20251572327043996
0.11141632830073823
0.16043585505157795
0.05275112868177245
0.178234669948204
0.16838700042052174
0.22497101669696987
0.30243127496178634
0.17473407200454683
0.05029938081261088
0.15419287211740013
0.17271259995257526
0.17105041590371173
0.3122641509433966
0.11418360359208525
0.3344130968564587
0.32477976787779383
0.28476173275508954
0.5079664570230609
0.29290692845842653
0.37407433717028127
0.4672065649873251
0.11225612885217842
0.09378321094491095
0.14705061573743375
0.22006255815085451
0.1684254732601021
0.07554656602181518
0.05481738160295267
0.254350104821803
0.2120501514534244
0.13568750214144962
0.25357148203142804
0.3851142511872098
0.45024592142932196
0.34261061944258264
0.3988216445950275
0.1915301099586093
0.33191556243092074
0.3807750097599508
0.3063874051901491
0.3024022213737607
0.4078501765198951
0.41399371069182406
0.4451257861635217
0.11908709933040862
0.390041928721174
0.26666666666666616
0.13907299213994445
0.1075972416932629
0.20382599580712796
0.058487293507735405
0.24098532494758945
0.3002132518159376
0.21906431539823343
0.1529830929839167
0.17385717338809387
0.2031599838379252
0.32180848983455884
0.3151176777945989
0.13314995503277016
0.18851483126851432
0.39445511069871836
0.5175461495010508
0.27788409892890203
0.36861266435277484
0.3234050802643316
0.24391653969068214
0.2507582083341713
0.36713836477987444
0.2667640514193314
0.22488922001936884
0.21512954050236424
0.13939310900164767
0.19909105587246648
0.04926625435202082
0.1340909574960439
0.17729542534772813
0.2501891116911436
0.2632013489234725
0.27811894259797487
0.23347189780219946
0.09026749701932066
0.3041176340773302
0.20633830027826341
0.3463907689036016
0.19934800667536626
0.24238241188049955
0.4759300370190029
0.6405660377358484
0.2712428520608341
0.3377358490566034
0.1850521056167795
0.30291905010188536
0.16958638299146417
0.13999777418486473
0.14794629705808696
0.18596088312212353
0.07288938476431997
0.19080724002753818
0.12148482935681101
0.196099050349147
0.2698314654134029
0.22284442066542567
0.04945129192705182
0.2705321255894323
0.3173020578072257
0.441026036704477
0.4465408805031441
0.371745429922631
0.5479035639412996
0.3442227978605826
0.2696806717148498
0.3729901132817462
0.11419902339000527
0.3119755346781126
0.1998834480876443
0.34309526320277745
0.28590837752730064
0.2464366624999251
0.10866136386791042
0.18122171226419964
0.06963580740335702
0.10259654355900381
0.09295054185727115
0.3389586886909372
0.2930492026191829
0.5000431597827628
0.19725926272804262
0.18453583283485764
0.10124639313783045
0.17281646285135285
0.13384355254184896
0.19033867215851133
0.342351257152013
0.5226737859255637
0.5816820231601872
0.5446540880503139
0.33030943205690927
0.3693467064519109
0.337083055373467
0.4236216553789679
0.20235147980758722
0.13011225484267674
0.27372347101692535
0.14540935537719588
0.1370978059814167
0.24025934900625104
0.18960676503866308
0.18499197752425958
0.27196016771488496
0.4604025858855687
0.29437380536544056
0.5799266247379455
0.5234533690275232
0.3996362676847109
0.20207278101704826
0.20180909317753037
0.47834931337136266
0.2920685010116476
0.44924791207959897
0.5036505290796981
0.7555868096697724
0.599403076258679
0.3544843522582668
0.59107800086486
0.40349754702454493
0.5804583040941097
0.4439370647513554
0.1544553917040887
0.17217452432876215
0.20781599151113095
0.28236513272292263
0.20222221400080198
0.27442348008385775
0.47426624737945505
0.5029442758501854
0.22275222189808402
0.14086765663056036
0.21166261568429412
0.18944177542635002
0.3554156632635329
0.409639123300161
0.35229066105725226
0.3200142075470786
0.3158760577555538
0.15291813596525525
0.4953354297693913
0.43027722301381494
0.4031369618451656
0.4337002096436058
0.26994047523275744
0.10949637535971618
0.21398021233062398
0.17448755102259886
0.08139164646445708
0.12570689035091392
0.2522355386759214
0.14446247440013577
0.42830188679245257
0.4835953878406712
0.36943634354685806
0.2663575771599395
0.15199294809010028
0.561490493112306
0.4329402711834806
0.5339098532494764
0.491299790356394
0.2251234929882187
0.2919463863193244
0.17848416091538083
0.2990602859111654
0.3960606095972132
0.23510805065090382
0.12281261125535939
0.16837959425469862
0.20382599580712796
0.12713455251993594
0.14653207166972715
0.0554495933176422
0.21949685534591223
0.1805026629821235
0.07567840994157403
0.16669069232958691
0.2104843120156118
0.11195642791123454
0.2722700047967251
0.4996400323102448
0.5109014675052412
0.4758347993554963
0.40515350639739517
0.3108363905742867
0.19891539315839343
0.4323711745404529
0.3479382300564986
0.6857966457023058
0.5159006229380607
0.2618859726143087
0.4157448111000659
0.2146638753540181
0.27366434821604485
0.35482180293501014
0.24904558933305562
0.13158023191932247
0.3040589791343217
0.30490571266601957
0.28120624039286296
0.12358170078728593
0.3253144654088048
0.20332784400448697
0.271520442053355
0.24344281203567775
0.3071140940159434
0.4845387840670861
0.42180731810424765
0.4650966818563268
0.15638886282061076
0.23600892337295537
0.416145214530419
0.40176159856660104
0.38942058316558514
0.23531942278290258
0.306319677068438
0.23497449215109192
0.189597134306668
0.09046690294119059
0.1910504289113442
0.0808922598844134
0.25884803931244676
0.0862429297623951
0.09167069862997292
0.19244817487465338
0.31948661382756777
0.18537359127259878
0.1472682663657947
0.28240482436830777
0.25073454778635784
0.26527017273138337
0.42337513439702107
0.4593849690926235
0.28234375416355556
0.1682762546928329
0.47901869572495664
0.5761512171966813
0.601757716934393
0.22543744557951292
0.3928857199276301
0.34288636758654506
0.22369588600093546
0.29703273534571073
0.3377337452683812
0.24426235051783826
0.17851192066660476
0.3903039832285116
0.12320418537484967
0.6303531859560664
0.254129155335164
0.1080002646264643
0.3885256055788599
0.13816138935652722
0.24061953208054015
0.6208595387840667
0.2190147247060595
0.2693951546614073
0.38901312404976357
0.4331051518186517
0.41094634404408403
0.30176875834135797
0.23546031422702918
0.9481690007673341
0.4745421641673118
0.37619869547888624
0.1795696485465806
0.16099160757778277
0.09174779761956926
0.1757085885348661
0.20016028818112655
0.14661043877183036
0.08524064289764348
0.2227657672052367
0.32214249309267645
0.1637931275714692
0.2196540880503144
0.15280099681489667
0.3020868112787402
0.4205979877378124
0.15516942646146636
0.40435454230280415
0.14569396064008444
0.2191577328768963
0.6200970344399114
0.5589929545804007
0.4605314022671617
0.29732959541464965
0.15999107584033403
0.22398278401806798
0.1927148846960163
0.2382871811506695
0.0602451504705306
0.08783002454601384
0.15973831398989538
0.12032955076656816
0.32788259958071314
0.3371593291404616
0.16842313486668523
0.1675712596439432
0.06862476023447614
0.1560859593114468
0.2153433869640971
0.30983395765252947
0.48170859538784017
0.1407364956090437
0.35066317179984835
0.15584789756991393
0.1870421487605672
0.5381181055911294
0.2930890336239012
0.3135722503083775
0.23274334416137293
0.29994758909853236
0.23100401157518596
0.21135572740122313
0.2098879640302919
0.20032294993072003
0.08728067488035202
0.13129457009317855
0.2426520021706389
0.242330810434672
0.23742818923948014
0.48474715945403546
0.31367895592894446
0.3137500930093232
0.12443776920838999
0.14517739740978905
0.3626554142140188
0.5072990061566797
0.47816068843269105
0.5206733650250076
0.39534613606154617
0.5623257874841425
0.6093505631783833
0.4448881885054753
0.33957285318671404
0.4801362683438157
0.4242662473794552
0.32266547428284686
0.4074947589098527
0.3448335495484756
0.1783220720727635
0.11126926178534662
0.3443355726808225
0.2672381271405618
0.06652100822366748
0.28775235287413936
0.27137115993787336
0.2619622984937841
0.19464905114315098
0.41933219029307794
0.40973546238978664
0.24199951471735073
0.1794864477801316
0.32809359431987334
0.44869359093107064
0.21832891873873636
0.8917190775681346
0.38042946083112467
0.1632494005711558
0.3555031446540875
0.2789832285115304
0.4406184486373168
0.1381826550890838
0.23360328249366255
0.2554182138926681
0.38925663049545567
0.34427019725473795
0.38317009013134845
0.12714148662077476
0.22544876860787674
0.3074367897016398
0.3061232931236581
0.17715585928202138
0.40391319691935007
0.2120709449320934
0.39530875566325996
0.6134428114787153
0.610435255498953
0.7519382991369462
0.6364941903449604
0.2502324806336751
0.5904872451656494
0.4442510669636604
0.41777539136256153
0.5092630445076077
0.2334692862437864
0.39952830188679234
0.21866638030241314
0.25847658155523806
0.3595290932498257
0.4601677148846963
0.4763626834381548
0.5616463470928537
0.10699797776171277
0.16826074962358004
0.28116532788519794
0.2334692862437853
0.18117551973527193
0.3968562636821954
0.45850446999137906
0.35290254015029976
0.7365759522946168
0.45655874696165677
0.7119376403980836
0.5789491286603279
0.3563729318686097
0.3915029218630106
0.4725807223937859
0.18800942957610564
0.2495133094275478
0.10891003270370074
0.22980849218200156
0.2598552357334
0.15652070674036916
0.25217317507719395
0.2242925530101516
0.36447990937597446
0.4712821906839581
0.2734592261749573
0.32836876302710233
0.46498787614979664
0.3053059897034124
0.6024054826989669
0.4085046840734697
0.2836609204272289
0.36161384513925277
0.5188342854541117
0.44484891171651914
0.2524220919382093
0.3739093564360692
0.6337309898062887
0.15404378121336082
0.3380680715096919
0.327490021598508
0.32064138472092035
0.32096436058700206
0.32248427672956004
0.33647798742138313
0.27622528310967065
0.32861774280842676
0.09712930709338928
0.1103094128648959
0.33689557392975944
0.13305743624525435
0.1734626504293804
0.40096415355334986
0.6701781970649893
0.41160916072802606
0.751189456918312
0.7168763102725368
0.6558700209643606
0.27810106875043566
0.5543450886433073
0.3590644132104202
0.41563437556386174
0.3660989498595865
0.36455522810429314
0.29989827793291873
0.2095342702548375
0.20462581170872213
0.1905755779829627
0.1353377836324489
0.23082876888384574
0.36928843095769015
0.2349842958070815
0.2887236756161161
0.20670411729222016
0.2009597060313892
0.2941601672044027
0.24646185069937818
0.3478511530398325
0.1297267598946956
0.27199400646248617
0.44293503097665815
0.34864283093497134
0.31295745440201517
0.2485435205140496
0.0855952982497863
0.20914301631275553
0.101629688147439
0.18008351897814315
0.06713780014043765
0.08536893804384876
0.18905357243461204
0.13651205724631973
0.21716136613814513
0.26590386123263543
0.3651822021229708
0.1251779195085144
0.12531669768978812
0.31968840938980825
0.39879454926624724
0.2955185601055169
0.35925249694779965
0.2891010946581772
0.5180648736942612
0.5897802629644402
0.35283941475182945
0.41337757407939574
0.335197922743437
0.29432967006599575
0.3980083857442344
0.32777429759769344
0.10289631151519077
0.08056844412810911
0.2024633123689722
0.16055592346836484
0.0907205066286528
0.1763135056238256
0.14707841777195346
0.3886218701076827
0.32453966104356613
0.2393369599704236
0.20932085901370237
0.27603301280363046
0.12676615869419797
0.3128179121214218
0.1360180374457509
0.5780862712338527
0.5791817569548751
0.5189759711963475
0.35498361858501704
0.45004870464376395
0.3144826066230396
0.3591810706978334
0.22232765341371183
0.2595436377609147
0.21539679032728304
0.11466026221693729
0.22735410888964883
0.11083678854393167
0.2112191773328096
0.11046323077128141
0.15386950485867035
0.2794025157232702
0.217959973347989
0.7024633123689727
0.1295571421175829
0.2847457695348961
0.4461057689631127
0.4558464110653541
0.49109673424674893
0.13850062491075155
0.5911549505779025
0.29760123146074957
0.4723502137131632
0.6556079664570231
0.41489168144850186
0.16497641793811313
0.40335429769391984
0.17067388586371093
0.12608658753859753
0.12156009401765022
0.2588470310451099
0.30948244073717257
0.2229559748427667
0.16269539698240867
0.2741623077786949
0.39792549599085436
0.21287771303262612
0.13384355254184896
0.24475890985324925
0.3144868166707104
0.14681369814812473
0.40899949435172644
0.366853253212319
0.29352851335643065
0.22806800719616652
0.20243110708398382
0.46309135866664053
0.455931081129248
0.6158870545073373
0.6765552643696069
0.5128382607991411
0.27384345977202473
0.24098145524538322
0.41194427255942634
0.28715268077035083
0.28852733002757464
0.11779184383438968
0.30789075821574047
0.40074194787903084
0.12946462333006814
0.3366637989490287
0.28650459122436206
0.22366848692116983
0.14115096031089897
0.09518856331755407
0.192139031068535
0.29379038139145014
0.32923051572379725
0.3729035639412996
0.5200733752620542
0.5192717963746845
0.42493557971578755
0.12977301928845245
0.5127358490566035
0.4114243643148983
0.4335429769392036
0.18655914645875885
0.10861705654323435
0.2594624678438392
0.186724928676252
0.06897275609282906
0.254350104821803
0.10345142424028396
0.3093075222491254
0.4315421597751214
0.31421564359056847
0.2102456410586227
0.16014913592009886
0.2712788259958065
0.27366434821604485
0.41188725663825654
0.32407278567658465
0.41346499092272226
0.18963162402019126
0.34914079049762137
0.4437065678330008
0.18454414149764764
0.24596241393580084
0.3824857814538063
0.32038476896684176
0.2803954806229632
0.298957353501298
0.31090146750524084
0.14809218481219988
0.1554700891671865
0.08035256695723947
0.3371420949117063
0.289734626371991
0.4335523165154012
0.3983228511530398
0.23570157012098086
0.13259568218459927
0.24559776134234423
0.23264865606366694
0.3065053722743548
0.583385744234801
0.6484800838574422
0.5419411340159389
0.4670093482017672
0.49022084595700044
0.5766247379454921
0.6303924627450226
0.3458266015274371
0.6577044025157228
0.5012988755920904
0.375639352938608
0.3336908011644391
0.3203446171295092
0.17390131195901998
0.26844863731656166
0.32885898991826323
0.277426090931844
0.11771464635801747
0.2371532517167879
0.24841591881228103
0.23387960133384506
0.3768830041564284
0.2735989449536172
0.2793757664519441
0.5820820123290492
0.20677949009721444
0.4251863294222256
0.3220103363832569
0.151175698800379
0.4448129530411039
0.4726176015084652
0.4708591048151963
0.14250977236975784
0.2601397670976456
0.1907540810349165
0.1511853293372625
0.1549412905462683
0.16770955779495625
0.09600434757106185
0.1805161220421257
0.11520961188259912
0.13456869410052236
0.07757700333177349
0.26431979684434975
0.2314465408805034
0.15657084746403926
0.18008495187272178
0.32806269585208947
0.40810570111290373
0.7221174004192867
0.25872878928718573
0.33633383930480065
0.45718569842385265
0.5862814594843766
0.2332968006037886
0.2839453318877135
0.23100401157518596
0.1538864591299068
0.23017422266910884
0.16072700063775092
0.05358379776941225
0.061632932283263595
0.13227927249529617
0.08072264210730166
0.13014309443851463
0.2659104064547898
0.2683782989368687
0.13501817855837064
0.20807127882599524
0.07069977345978573
0.2604615177409307
0.48342764559948553
0.41586254009574
0.4206936865085324
0.15618713312413715
0.3842443004909891
0.5768876872584079
0.38201531923799587
0.11617275752366998
0.47968052667388034
0.3293646821524014
0.26362683438155143
0.16188235947722898
0.14379776848364095
0.17945995068547171
0.1124988524650681
0.12369421830328495
0.35099580712788264
0.45729642151302735
0.09910267968539463
0.19732999561932513
0.18086602686230704
0.11876939771608794
0.3137840670859534
0.404454926624738
0.4763449314720409
0.6059748427672953
0.5310554993117859
0.23538534474278175
0.37823585637242313
0.35774837722341796
0.13194721079506774
0.2009281433321535
0.12325209098788882
0.15954944463462709
0.12732392871534795
0.2102725366876305
0.2090670859538779
0.16269050282560313
0.09839581406539687
0.12328390321322522
0.1452612955166115
0.08468553017255027
0.21263042510273153
0.2245686050594204
0.055619211094753936
0.1702306079664575
0.05005266404590281
0.20455974842767305
0.3637840670859533
0.29768259514382456
0.544018826701012
0.20708284996788495
0.46048218029350063
0.5225258733363947
0.47284137831304796
0.29695917485422735
0.2885461964094486
0.16170656758421742
0.2085003001886731
0.21814328586204657
0.1937654918109105
0.12911380088695623
0.14308534216698576
0.0976865541333672
0.1337076525199577
0.23912729569228824
0.3962578263827711
0.17014704975772163
0.16535848922773794
0.1184863729294544
0.14327799470801683
0.19989517819706495
0.2048284544059371
0.40438365913516044
0.514100326698559
0.2921759068215116
0.199958132575384
0.11567085953878396
0.2501352557986354
0.29671265387228046
0.22888343992632237
0.15326483967545326
0.09860187241119193
0.12183659934174826
0.13733006395579275
0.09595490357314614
0.14515897822366353
0.2155510177909458
0.155693191421886
0.19596436058700195
0.16912797588528522
0.12796377841889606
0.21205538357385492
0.15807478660772611
0.06853534237686269
0.038904150150281196
0.19207011702191878
0.23149739410711323
0.2221102415466106
0.40557631950039497
0.30001603503037966
0.11916492947536422
0.13702978060268753
0.29955379509390556
0.22595017146600205
0.09157817984245743
0.23878406708595423
0.17937709516239952
0.1573375262054503
0.13235133051932896
0.10973934834327738
0.1210370973402967
0.14161730663719246
0.06166377187910202
0.18484143226440355
0.07699684913916251
0.12975425655646958
0.0605227068330772
0.38669281228319924
0.13815045392063724
0.1849667728572239
0.14878586344785052
0.2841105015641334
0.33030208400243677
0.3129979035639417
0.21961326127947325
0.18230615078330523
0.19729843292008944
0.3247763404679892
0.24206543667722993
0.36100427352729664
0.10582607311984932
0.19297693920335388
0.18301717699798992
0.34164110726299945
0.2759048112707028
0.25506346748075825
0.11227154865009846
0.1781741178882646
0.15649284069545744
0.15957222974439836
0.07273389573362667
0.055650050690592465
0.06844896834146434
0.10620848292690811
0.1543221346992754
0.1347193861193418
0.18233601377113104
0.28957334806401347
0.49133363047538076
0.4309224318658275
0.36238584346315367
0.2641033690509366
0.09209297795154958
0.09639248346471843
0.12343217771169435
0.033908135624442434
0.1445105996177556
0.0819143480558294
0.08004300526081394
0.10129778542840608
0.2528520563518844
0.2955450733752619
0.06587801190616692
0.09131717363786972
0.08435813465903101
0.06809738455544079
0.2477463312368973
0.2279175589139372
0.3349056603773586
0.27800040025156453
0.27308047378413325
0.16467305577879124
0.2519319701604172
0.15941857637166576
0.12780070621956893
0.1912383946669048
0.07239595123090374
0.14450190114124428
0.1328840661470162
0.053799674940281886
0.14819559798025767
0.08399444216111743
0.13288419132024779
0.1932389937106915
0.25026810087332885
0.31225860342102696
0.17536687631027198
0.12564644787048757
0.24475890985324925
0.06726115852379179
0.2538851638120759
0.46627082516039314
0.2815725858949697
0.2540716610156109
0.4174093266338853
0.3400977155706634
0.17631926869082187
0.33647798742138313
0.21966308549108202
0.056482719778232264
0.09758647460816801
0.10507050302180586
0.1717957719379381
0.07728402717130774
0.14919449827476253
0.0646841280446448
0.10140590807953523
0.14553575424922444
0.08985163131564934
0.1522577533348341
0.16028794246241004
0.05853870037292487
0.08263838077653372
0.1223202097108109
0.042712840236337236
0.1189451896090995
0.08551819926019007
0.22817417466801468
0.11500085288180655
0.24493005593009126
0.11034407391019165
0.1762337375405042
0.21412261193924964
0.13175602381233406
0.21388923102431917
0.1167504244715105
0.16606226370629007
0.06666907542472005
0.19240041928721205
0.06704263319737008
0.19006767708169428
0.11912098150211216
0.2087141466504049
0.3640621861403983
0.15754721166094013
0.16595778121546037
0.10892287506114737
0.07895253394891859
0.2577130345281502
0.23035836722738706
0.3450626506507115
0.577358490566037
0.23094427030495873
0.20988995565673008
0.18449975838016075
0.27650347501944084
0.3004192872117398
0.16023627355254547
0.17075471698113162
0.142550051390533
0.08244639782252788
0.1108315712296853
0.04686076587661694
0.07930246977045766
0.12689649039175313
0.1719325552325066
0.06141705511239396
0.21604667626587945
0.11822982758904772
0.1574282990718167
0.08005123328024223
0.05952752977111615
0.18427672955974841
0.11415486052452865
0.2833465617948638
0.23656409988244725
0.1380688705690125
0.39029345185652936
0.38697655715017837
0.24511982081831007
0.13820764875028513
0.1780205436471674
0.2230521844662999
0.0783812102966303
0.0790583787212326
0.1464827674733371
0.15226626426518414
0.051070370708573606
0.08869118485129623
0.20078616352201217
0.13025199417301273
0.14874119977666042
0.21431692394778276
0.17691176823279645
0.19671026444771894
0.25304105436332747
0.15814387867015736
0.22636268343815558
0.18424503818028504
0.20771412366775055
0.28927355066150057
0.1641676540863826
0.27129364059982536
0.2728987270161297
0.41121593291404585
0.16680453248155933
0.10093799717944542
0.19292592066297265
0.1309488143795576
0.1377329481747349
0.2119587402786524
0.13373957716717605
0.13754604418600486
0.09861278388693029
0.11083678854393167
0.145582034994577
0.14415929338700664
0.34129979035639446
0.3091866155588346
0.1968881178300308
0.22173803545732357
0.534430154897452
0.2421093846504831
0.138762761475379
0.22665209981932824
0.3454903435741751
0.3884334068115183
0.3984159524476561
0.31663114476465226
0.14025848187354673
0.09222581135506612
0.2685010482180294
0.18384434207979244
0.1295852259108228
0.16270384808549748
0.09304683734577271
0.09380694890841457
0.32222222222222235
0.1484393745037882
0.16912797588528522
0.1158035434944504
0.18395395672939174
0.188057265521693
0.11184794300046717
0.07054557548059315
0.29646120304046325
0.3471583459756848
0.4033018867924532
0.3583766086580522
0.70820547693942
0.5196169257494113
0.38064670188291155
0.22460016775865604
0.24399881283618066
0.09910267968539463
0.12513012438576115
0.13405782797326096
0.12234719759817761
0.14060243936808292
0.10934773806752004
0.05651355937407079
0.18860714056707742
0.10994945706205023
0.16223918405159987
0.14376310272536688
0.16336477987421416
0.1487421383647803
0.07893055996229212
0.09899280975226227
0.2224003202012518
0.3569623818603039
0.2783542976939197
0.2528948256442312
0.5167190775681342
0.3956710100478587
0.2344624373044697
0.27997243346116135
0.30055416459911344
0.3303961698178897
0.19815140028340375
0.10539309080984902
0.11961700065642873
0.13746050560131234
0.12337859131093122
0.10112688835001883
0.19943321021123755
0.23386249055008504
0.13140751786789392
0.16712449245110791
0.12822233845449071
0.18513725744274045
0.12555641755816946
0.21912997903563916
0.23177233162980548
0.1259951687982357
0.09598824204736446
0.26421500017229765
0.16889304660960358
0.6094984757675511
0.411149426792205
0.5974803380989244
0.37129999103552036
0.4853773584905656
0.1676345299119079
0.13351021776547428
0.19827044025157267
0.1573909958347325
0.14816561844863735
0.048325646678946156
0.19203412263531175
0.3825019555900882
0.29486319816883416
0.17521062897221715
0.19440644636397433
0.057222870078356566
0.13741079533766118
0.2025145924665325
0.34167808097954533
0.23321543692071361
0.27014306273730937
0.29893032445787404
0.24230684202967995
0.18065449765424665
0.2855865275933372
0.5119254711126431
0.07928860090081088
0.15465201274283427
0.12980480227130795
0.14404697662265667
0.15151179550507102
0.0671085551572495
0.11036192450828049
0.07878049729140044
0.047261680622517566
0.15708755409427083
0.08821666389605971
0.0689110769011521
0.12755113383394717
0.0823155196057582
0.1038957058927824
0.1487476350714188
0.11200140983513453
0.08824750349189825
0.09257640565733209
0.42585384389305
0.25360628835593085
0.22848237976460245
0.0980853345643831
0.13492027788654656
0.1274697701508722
0.22893081761006281
0.16881594300305944
0.17330117258759098
0.16817055163166564
0.04406978245323169
0.05341876148895659
0.07705140787204863
0.19093291404612187
0.24384171907756813
0.17933700209643577
0.2690135026972787
0.05740694391601759
0.1646800945438504
0.25553620731096166
0.21117001148040845
0.2261782443462892
0.15233218364432355
0.1132275761210924
0.2689457601843045
0.3991658054689005
0.3273517234474949
0.2558515793738346
0.14968205563035392
0.16550041750055342
0.12125315350513312
0.21635220125786206
0.07308547951965022
0.1454473793491574
0.04991388586462951
0.07578827987470639
0.14840563113252972
0.15649284069545744
0.134141592163025
0.263087191934611
0.1907082745725731
0.1990110393075396
0.0807534817031401
0.24712097117746729
0.2889509368495842
0.4143081761006283
0.621174004192872
0.2560515106371039
0.303570625244729
0.36398104758190303
0.8015299838870008
0.3797514301388335
0.27132076182751663
0.23977877402209904
0.3789832285115301
0.12830610791197758
0.17507829265841274
0.19470227154231232
0.124309690938374
0.13415969187671722
0.14026069006443156
0.16047460917491002
0.285864189910443
0.3675127095095976
0.23851785096211794
0.14490422889763696
0.1439613545041904
0.11147942287626106
0.10374657697507757
0.2359366343732472
0.3360062829103606
0.11665989365876095
0.3655660361363947
0.3427103389190519
0.22457414315490917
0.45527751295855645
0.5448380151191444
0.19246933990698292
0.4071047495649609
0.23223270439001956
0.14511620892621874
0.15592243186270371
0.1124677240773303
0.11570885539627365
0.20485893599819116
0.3880503144652138
0.20146021163181327
0.2290505083508093
0.15418329890873284
0.14579544623570348
0.1459774839634287
0.17162800540698606
0.23646292588425483
0.2563325170292424
0.22127188851728755
0.20853835112953847
0.28887328664634215
0.36802935010482163
0.4134653721448503
0.2814538585174892
0.36026576301840313
0.22187458081287456
0.12817612159470204
0.10747599149720963
0.10094351705707508
0.053045203716306555
0.1163091264188284
0.1298742138364781
0.14030398322851134
0.18513725744274045
0.18814211703178937
0.23976630704235619
0.11413834870635729
0.1319307341034601
0.14658137586611608
0.0714373137398719
0.1032910407095652
0.20824368443459562
0.18716359230024945
0.4247597211442357
0.3228232877790243
0.38031714746168493
0.4561772721666444
0.4506896591968278
0.09409160690329597
0.1633369685428675
0.15835006206368465
0.1025724831299148
0.18389044146346384
0.10758175652198657
0.0712474651460302
0.18365994454510914
0.063790483176652
0.28709833557631853
0.1418743330628389
0.1783292506796528
0.11714509173677431
0.07325443599521418
0.07917227381518332
0.12137967720564095
0.04616687497025044
0.17732148606815157
0.2723090593443672
0.43195122499690586
0.2688516055690457
0.2859150348629699
0.3147204923216516
0.36603773584905624
0.42830188679245257
0.2128588436431108
0.08414583724537635
0.07957368204737444
0.150104821802935
0.09253611478051539
0.1067093844042544
0.1106879208945282
0.15817610062893087
0.22510482180293528
0.31781970649895186
0.3773250149691853
0.21083883089204888
0.09017463171535703
0.14230972929716604
0.07220652005459131
0.18014425936301387
0.24547921804786796
0.15494357380253965
0.25011459207229275
0.30231975811416295
0.34044547606980663
0.14986258879254813
0.48076521899445007
0.37932051941027667
0.35344543195060485
0.12437276430583852
0.14178920813143486
0.08342489637959223
0.07241367793677221
0.06606731065692023
0.10424059788942615
0.135691823899371
0.115827250631469
0.2072406831792205
0.2771370228740735
0.30712628833945954
0.1519843722286404
0.2578041273542299
0.1695560979201311
0.19380829308470984
0.1333161768628132
0.4164517933012751
0.41213377762020453
0.3133109455026198
0.40228796381018717
0.325555608760164
0.20616755140521978
0.2959237867300476
0.302924982617363
0.19199897994154003
0.1979070443076326
0.19785115303983183
0.11539155075057206
0.034201111784908304
0.06087736218522003
0.07568036818770511
0.2549790356394126
0.2174315060778922
0.2054209111397333
0.23684486373165659
0.21572319624776576
0.2549552960765026
0.27110341332241905
0.2167410556490572
0.31053459119496885
0.2532835746876077
0.3858979407096156
0.12052114053689951
0.13702032431050273
0.12075243750568801
0.10507050302180586
0.10496973411466298
0.2642295597484272
0.1751408316247607
0.07730723170026141
0.10072435655653082
0.06996443006912427
0.0569550019217001
0.06498784430914607
0.08616424631874708
0.04806354023111169
0.18173374085600372
0.10354143571342785
0.0548690499710467
0.07365680585430992
0.038056062205871946
0.0999594290918463
0.13977004804062515
0.17608117691641034
0.2198936842549428
0.3552941480182024
0.4293181566138961
0.3543492594751682
0.15535608545440502
0.27798742138989607
0.2116626156866359
0.2947723011165224
0.05216517636107057
0.12852172350123425
0.1328474010816502
0.0980161168777639
0.1418117697345495
0.12253668763105109
0.07249504161985358
0.1574999237138695
0.2672653078726224
0.18130540711884757
0.2231273981711408
0.13736086707218612
0.13468050159879683
0.08535050354570123
0.16663861078660885
0.3393605870020968
0.26790224470538787
0.1951509752297093
0.5466457023060792
0.467553903930785
0.4395702306079664
0.2864456218566638
0.1352718616725697
0.2921800330442508
0.18001595148597457
0.05927370320161751
0.2205450733752616
0.1366543314070761
0.061109656808222314
0.0984598402646329
0.12264921870756092
0.3481483079060578
0.36229031658264843
0.29248121749303646
0.16759842610681389
0.12933877288227294
0.14639945476925725
0.14802460434464534
0.11710948765822646
0.2936539821337881
0.3575047400577456
0.27835460812624224
0.1425714525025846
0.2880340395379648
0.4687933602369722
0.3602737438482207
0.35789916177978554
0.15011599532515013
0.20273885560082794
0.14921252126286236
0.16498969416936052
0.0776121207673232
0.12343217771424389
0.060120827410685834
0.12510482180371585
0.1843976944972645
0.14487278949031346
0.375217368509742
0.08100019846986256
0.1488955400273084
0.2080188679245405
0.12085357537210788
0.18484888152111992
0.15907600414609813
0.11949453927476242
0.22274664303172698
0.16260750103590238
0.2859354945813344
0.31961445309522324
0.4214290406740089
0.3252165011528313
0.4027259206466238
0.3376662368543515
0.30199397325789207
0.2423284643093205
0.32628406708595364
0.09459206188163945
0.1324705818673167
0.11324696485638813
0.2199862588778266
0.27336645113429037
0.1008166506422595
0.10333627729649243
0.12189514444687075
0.10408349073360185
0.12857118105831108
0.1373121869448822
0.17543963720491002
0.2374118259054493
0.38031714746168604
0.23725649984677247
0.2855865275933372
0.12167762538084403
0.11930297650127815
0.3139691226086205
0.18719071352794076
0.33064514959921426
0.11472618417681758
0.25183438155136245
0.16767009845209724
0.05927370320161751
0.06761395684965837
0.1412946109514961
0.10435446248912175
0.13110401466155722
0.13388897015629833
0.21417633017748358
0.19824930734404264
0.2720649895178193
0.5804507337526207
0.32293375879685843
0.29474048601669783
0.10681294018668168
0.2850324892375522
0.3789369337753001
0.12724417242969494
0.2709862363067555
0.2812936357622372
0.2768228085624251
0.25107832519587453
0.17830509196868125
0.14170506411394895
0.1764661002212244
0.06391506237531333
0.09532315398564119
0.18916858004810266
0.09521328405250883
0.14654238557968668
0.08971978739589051
0.05529539533844964
0.130764262932
0.2826194838249748
0.26319376279466616
0.25830468488482505
0.25819821789518366
0.2882133467108487
0.1302664528218694
0.27727831278243337
0.28882103121520236
0.22486209879167757
0.49911764168242445
0.14415969074711826
0.29245642106464614
0.1418420836738855
0.21560000271817462
0.11835189197018561
0.13942867754183702
0.11217383308238633
0.15838574423480073
0.16208012535686658
0.13891492823675972
0.21016771488469607
0.22048938063312473
0.1741791413067287
0.30927672955974855
0.17484086711206143
0.09299391140323507
0.26806691576995484
0.27148846960167744
0.14621053848581997
0.20965949944753512
0.33679696553698046
0.08823208369397897
0.1947713573454805
0.3147204923216516
0.27393266666348737
0.38411101456296926
0.17225408116492438
0.20283746394658644
0.136547625786508
0.19246492682626323
0.10428695983486402
0.1440668618502497
0.12167863672549208
0.0820417137673168
0.2764675052410898
0.3313735039341296
0.21906431539823343
0.1897274633123693
0.10410911713391784
0.15451935148483334
0.09536404358535294
0.09301527464653733
0.24456928234124303
0.16093820340098153
0.27368070172457853
0.08982032287966235
0.09586488366401032
0.14940113507339153
0.17729542534772813
0.32584339667366585
0.4840686001525504
0.187257337887491
0.17577694993737492
0.14058266394259897
0.05560379129683478
0.0902323245302027
0.10400241151335006
0.10608223212996673
0.124167658791815
0.13463461606040156
0.33082839337702924
0.09058494680541644
0.06269178384532835
0.1340670859538787
0.04423940023034352
0.07559266466863146
0.1596421656525387
0.14832390585729588
0.07497524236952689
0.10406821615705422
0.09461588003255063
0.16920763060064012
0.23985019147858075
0.44457397419382577
0.3483986554537299
0.24709027932267502
0.180844346248089
0.08388595725035071
0.16068237603352592
0.11078507431603186
0.16448260093798944
0.10251564711637372
0.23304507531992813
0.23350051034387337
0.35518744232979216
0.1857782119958043
0.1869967922198781
0.07775655979203215
0.06568197710873577
0.09212505571413392
0.14665952996198794
0.19164919900419386
0.218171069023735
0.2035277226960403
0.1436744940013264
0.13578273211041855
0.38286163522012534
0.4370221572007113
0.34649983217050345
0.13384355254184896
0.20288259958071303
0.16512799230938324
0.08817111122563535
0.15298742138364757
0.05645188018239372
0.09363115701540278
0.1390505343752173
0.2517819706498947
0.3576033364133678
0.25054663675080974
0.2717560835689913
0.10040094626760612
0.1639364529952362
0.07713277155512371
0.09040098098131116
0.17626250209262245
0.056189743617766394
0.2912891922694307
0.16076980165538382
0.18111555852500524
0.373362966366496
0.26771481491412635
0.45468034693452075
0.08138569341782964
0.10116823442828309
0.19647722261233594
0.16132075471698107
0.1178030051067764
0.14645774192264321
0.12207122992948641
0.21594215705694572
0.10525539594080714
0.09245710832385493
0.39374331236690363
0.14545114411045276
0.43417275340633055
0.19549843531536948
0.16201420339698738
0.4273584905660376
0.07079229224730121
0.16434697491839792
0.2284211650953266
0.18516982022520534
0.17485055492822846
0.1414245779279821
0.1452070530612278
0.19196433674931826
0.3924528301886791
0.2894580300699649
0.29100172937556845
0.06724573872587251
0.1253715103477953
0.05054609757931894
0.08413839479276629
0.15301585989412878
0.28314241450704325
0.39638364779874213
0.12006586292705027
0.18374707861763603
0.2644853038701037
0.2633733022690979
0.18014274236382857
0.18185503105686934
0.14793437131602355
0.10712318480405733
0.3576795918928973
0.532648766881998
0.5034591194968551
0.15046638809609356
0.4508311106233451
0.17506675145311268
0.30006533922676865
0.17397907397420764
0.14497062803687732
0.19593487645205107
0.09204944678554487
0.13665622283003726
0.16302134155051376
0.11655002506681461
0.3230903989406865
0.2736373165618449
0.1650735950182821
0.12945629639922684
0.0966449850586011
0.18784067085953834
0.1738407758231946
0.2524374855144694
0.4424618844738845
0.28624211936526867
0.4602725366876308
0.19370069211236252
0.40235542068014923
0.240022865071324
0.20413833575993715
0.21538901691269147
0.30958857380718136
0.32170988144177876
0.28448521316767317
0.2145465316046534
0.15482910206485206
0.1154279450557685
0.09267323502245343
0.1955202654202755
0.1921420515731245
0.17584218415635353
0.1260929834451698
0.06945977172628211
0.11849807228048212
0.11712338466701884
0.16540458861140822
0.1247023741052356
0.3073401348011913
0.32748447149634324
0.6981656184486367
0.3970097827680178
0.6383647798742133
0.2668740675785182
0.5299215027948261
0.13874734167745895
0.4694968553459114
0.2186146073295197
0.19822347447465768
0.06354498722525125
0.10444384784064033
0.19921383647798763
0.1987805423891849
0.24543628962715394
0.2566738158279575
0.3407193382454602
0.16025653842194051
0.04908121677698972
0.06304336763135192
0.1624737945492659
0.1589967742811449
0.30759958071278853
0.31476418669399436
0.4026673719134116
0.40194052622711013
0.34846524116879496
0.2722157623413414
0.5113831249523583
1.0
0.4694142088875103
0.5530957420794645
0.47327098114323984
0.20986891754375855
0.12192670714610537
0.10406415065295695
0.12682475153916992
0.0904221731240444
0.12773424380540768
0.18075178277586282
0.13740581925848389
0.3387843705978934
0.11072691861079931
0.16305290424974947
0.17054321531143468
0.12283204021559611
0.22198046372212346
0.257461814477071
0.23285833628073735
0.4493264656575114
0.394419542158529
0.370766462932682
0.20662139624872836
0.4754403657843792
0.24871406997445292
0.291404612159329
0.15214788340170066
0.19638364779874168
0.1974633065401267
0.0767551352862713
0.09424626622857056
0.16409842425848617
0.21863662247476875
0.2427305557485513
0.20707057342593826
0.07978023564447471
0.10944661911442312
0.07243639474509776
0.10848249109668265
0.11692872117400425
0.21087404795808268
0.2824911759479366
0.12488494334804907
0.1388398604649748
0.20256844962912085
0.22773694892699536
0.40863571229901663
0.42200460758187547
0.3629829841438508
0.291037735849057
0.2489827712068608
0.2209643605870024
0.13743683929124004
0.2021704449214074
0.16162515577702488
0.16876984361938915
0.31781484992700576
0.2681206937195475
0.3531376095040806
0.16941943689010894
0.3017909861004033
0.14564358336026512
0.42845911949685467
0.1642555185939299
0.24262650292972446
0.19236027892814705
0.43862683438155137
0.3408832513497849
0.41126725715907353
0.19663561623614736
0.3682037386371193
0.11435165932962456
0.10871815183041866
0.03817941964807617
0.0434425715605377
0.07152833432057008
0.11645651187210489
0.03261287259922505
0.13691775337376524
0.13928435480046375
0.11881228659213054
0.1355161381210207
0.12695830570307748
0.1857782119958043
0.12032955076656816
0.19428721174004193
0.0734714058167475
0.07775655979203215
0.12264150943396278
0.046518929688244004
0.22332782200424914
0.29774804199646016
0.2531317157372475
0.07125488618487892
0.08587433973625765
0.22531446540880518
0.14973529250472703
0.08385286108491048
0.06918543672385814
0.07114232407644899
0.10230414729257581
0.08415516608775184
0.12347494700404114
0.070756236937244
0.17940251572327046
0.2949161425576523
0.13856024964312855
0.07802962651060673
0.12301396999191441
0.06091427739550198
0.07568985352271165
0.1817695848963038
0.18111500664363153
0.2686672080343613
0.06934283124289116
0.26977359324246447
0.2678213086731232
0.31853475843377743
0.08363698391404095
0.2383123689727467
0.15663583435683232
0.10669490973904937
0.04684534607869767
0.13192371556190652
0.14764150943396215
0.07444777001364782
0.07479945047651511
0.059026986434909334
0.24090030355931596
0.2379683426153392
0.08318980977438252
0.18728673118486217
0.046737407493262904
0.09629779536701231
0.05565275922331713
0.054308528271617286
0.3522012578616352
0.252255827447499
0.23181160841876164
0.21181082768948448
0.1907510438649199
0.20094005229928547
0.3196189021405483
0.1909978917573055
0.3352347180552292
0.21330845579502375
0.2221068305266902
0.19699536054749311
0.13594296060329095
0.18799328661017914
0.1481132075471696
0.19711740041928677
0.28399217120377723
0.244469275051991
0.5842547272161049
0.1680780054919583
0.1798797950840902
0.07294139793286318
0.03524965804341773
0.061746902420390014
0.16229342650698356
0.31713836477987456
0.09950395597295464
0.3633251384826219
0.4212100686015715
0.18767889562639065
0.10904881088497341
0.0696974865950341
0.3891509433962268
0.2396669662099763
0.08289683361391667
0.17744979394519086
0.13083005085818777
0.05552826420509798
0.11115739080827966
0.04117086044441168
0.127797369203878
0.082557598059693
0.2581565485573826
0.07720236232963364
0.07371549686597255
0.11209831523990045
0.10146474345978547
0.09336741799676604
0.2166479782926861
0.2226381581209596
0.1705840581813118
0.46938392453772654
0.3135122915045996
0.24584186434403804
0.328596473097349
0.42777777777777737
0.39117949415464826
0.16908982709071185
0.29940696221216856
0.1673976745307972
0.06506497440098742
0.11766073094602002
0.07721658900542723
0.22505201632672805
0.17700361731176864
0.37160713177161797
0.3301999647537324
0.18747379454926635
0.08890338437331062
0.17924528301886833
0.19558397390006196
0.14275808864142758
0.2205529037699126
0.5192717963746845
0.8491168702207385
0.40103529063372856
0.24184569681096524
0.6164765798809316
0.37865770272633453
0.454314617854933
0.18437010584800664
0.2860136432557488
0.28561537771963114
0.16245368312951683
0.11900794711106985
0.22261416666298364
0.2084088381386052
0.205154761176896
0.17631325371808318
0.21219648545966532
0.37679550347145
0.2749550063382005
0.4269916142557656
0.47563758256993827
0.21141940288486746
0.14992614667957888
0.17268085671289418
0.4437884384147053
0.6473736448913067
0.16155322280003856
0.42867661718791233
0.5624161943550884
0.11520131025475604
0.18527652584577342
0.22132653759266635
0.19669811320754704
0.1157044612356113
0.05205723777540596
0.13963338141712928
0.14535135671454003
0.13129707498535753
0.21818658280922423
0.2496742619619249
0.21072028275996307
0.19332153281643702
0.15475372520869732
0.4370323967969239
0.15163829273795704
0.4949229830914382
0.36834381551362694
0.1234938048407796
0.24965558358830528
0.3632823691902751
0.4712495090912682
0.2594908080720238
0.2955215529404577
0.31350732944739956
0.12004312680140254
0.2387210461421232
0.12596432920239672
0.19715641826898098
0.0564210405865553
0.0820417137673168
0.1132539270728437
0.17073620159206335
0.1576048422964643
0.23422431865828053
0.15184209806788398
0.20618448637316533
0.09948520690931612
0.09646188099323029
0.1317814414011501
0.17748262713320048
0.242401530127386
0.3260923764549904
0.4216494875233864
0.38259958071278777
0.1855610741672873
0.35257430838163384
0.199160632174975
0.18736897274633085
0.16821162679837032
0.1323515911353743
0.23151017947103417
0.09387152560502207
0.08336930526083974
0.1756215475395586
0.09918198895128896
0.06480128656146975
0.07657934339325952
0.25137144931888744
0.08625834956031427
0.33396226415094366
0.17809916160756573
0.05201097838164827
0.19910901467505213
0.0998023207373895
0.11473086499847024
0.11059569812061985
0.12959644306029217
0.21727919650501368
0.36123409416196406
0.14778356969193698
0.25455756595921886
0.11015559495851036
0.21666666666666634
0.24003949077469477
0.14853249475890937
0.1423390831768204
0.06178713026245605
0.06732829502351424
0.1466882388409979
0.1245869486050469
0.12413420526046212
0.16920440682277638
0.23257139061999857
0.3823540430009192
0.12189350255171356
0.2891631855539734
0.2594812966655755
0.12877358490565993
0.046737407493262904
0.18684080201840564
0.1366906583390766
0.1777909321806981
0.2707512160459918
0.297986416049093
0.15798115130400633
0.17226799636135026
0.30254997405839495
0.2831885138907146
0.2266245701264446
0.0513479270711202
0.2605998158919437
0.31361410711354837
0.28573863965545454
0.12335169737629931
0.05341876148895659
0.12937774282131448
0.21184486373165612
0.19032725855264626
0.2010971594551102
0.10990131873744208
0.11912650090377894
0.10824907892872485
0.049133834096794275
0.09334549518925864
0.334331755717503
0.2119649661190793
0.22073488723599147
0.09572610548273702
0.16609014675052464
0.18543308262107738
0.10091808824072257
0.1569845613043108
0.23133778539084388
0.25431104497727197
0.10863959825250631
0.12226864402026523
0.05724223516196297
0.11728049182284357
0.11655810620015286
0.05589676745730053
0.18373681873652434
0.23381647593537472
0.09905368107424978
0.09021878423210698
0.09101305411312761
0.0724531163654905
0.08973275392606235
0.1084577895390082
0.08181744775956881
0.11651279416343566
0.2065713382295764
0.05224227535043706
0.22835002801494786
0.11900794711106985
0.4378212639391567
0.2397245315667154
0.3416142557651987
0.1808700209643606
0.16335216526832078
0.14473128530019885
0.11530601216587956
0.1240534414585567
0.10699016888924652
0.1227006886987822
0.20875613330154497
0.06852558195317063
0.3802385938837737
0.20353232037038618
0.20970609631920265
0.07053649707097927
0.10836466072981407
0.12237945492662515
0.07389851702482972
0.10615248518521592
0.4052935010482175
0.23630992917496563
0.32342297906449496
0.3414331263951704
0.3662997903563939
0.3654427036393049
0.3963312368972744
0.3336955989708233
0.3600192420364552
0.1376011042549754
0.15304022559314664
0.10875742861937486
0.09877383610553114
0.09161550714247813
0.1656708595387838
0.06493313048122858
0.040970403071461416
0.17196016771488418
0.08846727015818155
0.2203550539471943
0.1972519763015717
0.16475347815657887
0.1624532129642777
0.30366876310272556
0.10041372405019065
0.19889927673825347
0.21355351529622194
0.3523770915960759
0.2585198249088929
0.3579617142050131
0.39803097928087544
0.057392487855468285
0.11403273984671647
0.1318914573145039
0.06132939667448703
0.17321802935010447
0.12279063832649895
0.10249539676929013
0.2915850174477676
0.07042221709723911
0.06603182981255233
0.11246772407838972
0.1572199186653464
0.08457787452529575
0.13939310900164767
0.2947594591921251
0.18652547075240603
0.17135140910496216
0.12630355736013008
0.07225717304963045
0.25450733752620514
0.11938764429875345
0.06809382761143147
0.21437159172057524
0.2218245212902098
0.21009328613571088
0.5482704402515727
0.28217432744995313
0.2801189557136137
0.15642473741032875
0.18444363406751596
0.19512708753378605
0.12039778215354582
0.32515892752243886
0.407075471698113
0.32032936394287215
0.262211740041929
0.3021488469601676
0.13053446888003126
0.063837963385717
0.21184486373165612
0.0626352191480151
0.0858929280995347
0.14424153550548915
0.18159841530279075
0.19323923839320595
0.29416719275850156
0.20473251732928915
0.2488317428713238
0.19003103634574134
0.36421366398969385
0.06644390923407126
0.13316302807388597
0.08727611071181013
0.09758217723464661
0.09123599247311713
0.1303174990584987
0.2131420409920022
0.2884696016771487
0.13460155575247323
0.0993663675249123
0.23170177508660683
0.07374469911844442
0.06640538758520237
0.16448260093798944
0.14351738684550275
0.21476548201182422
0.38369495131190834
0.15482870977013055
0.14869311133537944
0.3417473407068189
0.2874927691474355
0.11230238824593634
0.17723803576300348
0.2574593516070791
0.05472486281543718
0.16442949495913106
0.12073684925097826
0.15491378505594922
0.2212788259958067
0.17854291295763233
0.1751830214508325
0.1781280185045943
0.11189727463312417
0.1532494758909852
0.08793368006964816
0.07265808779553107
0.04800183092264186
0.08576446980312528
0.35056353210519065
0.3317085953878407
0.18908919946635772
0.17203233562761314
0.3566561844863734
0.29127077560972103
0.20486347731861054
0.14898362932748918
0.07000912139194393
0.21957136442478745
0.09998956318231467
0.04760091617674123
0.11912997903563949
0.09681728477672774
0.2496911521284946
0.24844384560691518
0.15390580233181955
0.19947597950358437
0.15476939203354306
0.09957466872927599
0.0877475886468655
0.08266128739980351
0.14512568937815284
0.16512799230938324
0.11602448238909813
0.09606338848391284
0.23236148346414612
0.17442821975393405
0.11715962459050182
0.35891990137094343
0.2513034889975096
0.07137824456823295
0.10767253446971915
0.14528301886792477
0.11072486560911722
0.13510819452226042
0.1705974842767295
0.16372085110199824
0.06212636581667972
0.12435082896632944
0.3110610632353276
0.25648744620132824
0.07767519610895716
0.10063614489106637
0.05324296959594481
0.14638415908055813
0.08289683361391667
0.24430162730679336
0.0951615381945402
0.15598667575118655
0.37628962684500555
0.25511398923509915
0.39813138584557367
0.30471698113207596
0.1796492981657355
0.08119388058481881
0.09710211471663673
0.13489628132179476
0.07675975404205297
0.11543432004291886
0.14096069747770837
0.10546072166110915
0.05574256947810797
0.1666666666666665
0.1260357149564073
0.24478772729280385
0.2697589098532497
0.2710251675533272
0.2936415322177646
0.2721591640702869
0.28892005956089595
0.05012976303549904
0.16908657645590783
0.24638329712146584
0.31509433962264144
0.11857163183645032
0.11459434025705809
0.2547054785483878
0.0994542634714182
0.2301886792452831
0.1942629981767532
0.1092700647527357
0.11433643142735435
0.042265666096678804
0.1278825995807127
0.1424470955432696
0.13739020776835492
0.1675712596439432
0.3520768145955205
0.1753159561006655
0.1220771902605126
0.049713428491679146
0.13844618346184198
0.1371545470346178
0.09834937081730928
0.14470596534314734
0.15628930817610098
0.174997217731082
0.08005959079677372
0.1332737128768904
0.17855018957429944
0.3033339445549245
0.12727992155703094
0.06710696054459922
0.16684042815798986
0.14037524372901644
0.09917389211409235
0.14357381988635373
0.039351324289939635
0.11735893819850719
0.20196139986248035
0.1633054058436318
0.10536347918227161
0.24365828092243216
0.12616943856084467
0.11724121503388739
0.12783018867924498
0.10987122064457565
0.19982990796682518
0.19977536455000866
0.23020126007156236
0.36048236903886693
0.39056917770727534
0.26537983648791824
0.38048048353811664
0.3982299942383526
0.4664176978450933
0.16829876357215928
0.1884924398334305
0.1097053660128253
0.15568022414087596
0.06346788823565491
0.07941398766807452
0.1967237435942828
0.17026455283099687
0.24913410435636907
0.40351153039832305
0.2791401391108336
0.24308205009697822
0.12765961874471454
0.1676173590276146
0.31633572403531907
0.1644129979035635
0.2532263526567011
0.1414914448674689
0.15792704188446388
0.19950782186656338
0.4149425898477225
0.11956511306590559
0.12167762538084403
0.347220089327402
0.1939424059652533
0.21422931755981775
0.10569142431445744
0.11673061677745805
0.07745830285831844
0.0625599399255695
0.0646694426417109
0.25188679245283013
0.17937214817435904
0.19415992538202745
0.0653645233797234
0.09414992588092941
0.0798177730965995
0.11773842097823257
0.09630161248863782
0.15144606419858356
0.11233164657856373
0.259365795059969
0.08499392613093541
0.15619109694097208
0.2165832421528809
0.17979897065662928
0.3527253668763104
0.11663792101331985
0.17073620159206335
0.2386098820005357
0.06731488713073731
0.09493243376509279
0.13721357855210323
0.11663186022861821
0.04629023335360447
0.09086901109853447
0.20037225412711007
0.16364948789156694
0.0920395171294411
0.0875697459459192
0.13338574423480026
0.05047260473420715
0.10695069632739536
0.3106176471749363
0.25392444060103203
0.19986090313470226
0.11881809851722856
0.06050728703515793
0.15205550930901912
0.23146741017868738
0.17167721182839446
0.13727237740148635
0.28422431865828035
0.06943779773965564
0.05034240336125039
0.0674494882659146
0.06051635916930743
0.07216958688754715
0.16650943396226434
0.1917190775681336
0.12809355838778075
0.30005620503646446
0.15443860150169805
0.11681354986998083
0.2602010584739301
0.1614797896762327
0.23715318463370977
0.1252729507078466
0.2569118651982664
0.07247305022050007
0.16173015224049347
0.1555402408117558
0.1837982426961222
0.15157477351012005
0.11444634742733056
0.11958143211623937
0.2164936607258921
0.24070308677375696
0.08561065189673997
0.2722084682666759
0.12011991744642826
0.10464264523675651
0.0663834135985759
0.12725679621768687
0.08706093501408718
0.10911091971997947
0.0905219347816265
0.09326071237619837
0.056714016747021055
0.1426990691523173
0.15083857442348006
0.14022113453186555
0.19159217652774005
0.25796994986350846
0.22868740617617186
0.15049983440471518
0.1223098370955337
0.11898082588337854
0.21170395120638133
0.1800651991375956
0.38829510866050526
0.12760294033993025
0.14906775193312202
0.13639127329265227
0.08479539981115818
0.06636564416152874
0.14701093452669536
0.367400419287212
0.3494758909853247
0.37985892144871997
0.1792461042237399
0.12525367998092676
0.044285659624101324
0.03534217683093323
0.05161689458558582
0.07851305421638914
0.10791495093416693
0.12267589511270348
0.17759375991515705
0.23250675249471423
0.23657194002061174
0.35764167160285093
0.34842439482935117
0.24630835462288578
0.289810066377744
0.12540554167728296
0.17286051254174423
0.08686316913444904
0.049867626470871715
0.10965112355744161
0.11133094097702348
0.1573909958347325
0.15623622494137884
0.34270281820992543
0.11338577099260211
0.1359809736423645
0.09806246530174628
0.09336536519217932
0.04977107970896199
0.11097445051144389
0.14113596747092125
0.12364333163372743
0.12313145378513685
0.24499255185964805
0.1382130599515391
0.08277347523056264
0.30298742138364815
0.32242316054042913
0.24775241496345154
0.21964482397870785
0.14143804978952726
0.12863464838032213
0.0767289218411036
0.10461368907928115
0.12085357537210463
0.12413420526046212
0.25031446540880453
0.24059317957325607
0.27687289832779294
0.12958536749907154
0.1423548967759279
0.035897289556026425
0.10375830323235322
0.12391826915642075
0.10219820486371017
0.1865670791380371
0.10981980078093677
0.20694013329894415
0.14054561846292318
0.40868252677441547
0.30948244073717257
0.2684120451446818
0.4779584099005248
0.1680431267776181
0.06527200459220779
0.13927549363824648
0.06517484433411978
0.12556789429257517
0.13241372910443738
0.127892057301584
0.06710696054459922
0.41770515181222334
0.1997224718416469
0.21808176100628873
0.18419991273742542
0.15200117326001528
0.05896530724323237
0.11755542934553581
0.10266246551888333
0.4137880678305466
0.4868094915653492
0.1419238200488261
0.2759932720285045
0.3417473407068189
0.463755271240058
0.20957632292263614
0.29434605244558193
0.240456565791809
0.057571844961360065
0.053067177702933024
0.07188401972246257
0.1086171446461666
0.09588875344061658
0.043745966696927395
0.155025486009633
0.35196879432778777
0.4314989517819705
0.15703386550069975
0.12217579865329156
0.16881594300305944
0.13153246161982454
0.15461099183221588
0.23720248883009976
0.16174181692112144
0.09424642864094401
0.1612740263902008
0.2085027825893491
0.23434284543950643
0.09013729314179349
0.18720803369110095
0.16881594300305944
0.12038013488357459
0.2519539012126104
0.08516065495185943
0.06245006999243715
0.0835876237457423
0.10608660697036174
0.11996981979351484
0.12753701838005105
0.17873640721973386
0.3191016901964499
0.18856786377812124
0.24513837898427074
0.31126303854633014
0.24528837703798495
0.15966014710645005
0.28878406708595405
0.17454148206563605
0.1643546398115505
0.2377358490566038
0.20298306147598885
0.23176100628930765
0.13994112455740249
0.1425853936942826
0.083696108656509
0.11319570577141207
0.18701081690554303
0.13009246071945232
0.06948458534607138
0.13045073375262106
0.12018171149336843
0.19596436058700195
0.10497753765672999
0.09806246530174628
0.08152641044117497
0.13476919877704616
0.13866694608225064
0.0599213347142262
0.2075213626035934
0.33679696553698046
0.26050161145684114
0.313575416903071
0.2357785641033257
0.2549552960765026
0.38437551505289075
0.3344796683066709
0.2545327218863695
0.20522067042815967
0.12060107377822123
0.132489628670342
0.13866694608225064
0.12073771229387131
0.13844419932527882
0.12247162383162954
0.1026809680406815
0.05273570888385319
0.14165339416819117
0.3471015425823952
0.10037442041404715
0.07965570152096572
0.14281589061263733
0.06454852190618646
0.16818658280922438
0.17868121110864535
0.14238086637754477
0.15966014710645005
0.16526229319622338
0.28433730057850415
0.165293855895458
0.14881877215179753
0.1466087379481394
0.325738245019011
0.2913384964658196
0.08292982552831028
0.12599833525247808
0.13709956703743806
0.09952738321469706
0.13579664570230646
0.03856491459605753
0.1630996194278602
0.21436058700209668
0.1519720915086891
0.15215828041583893
0.13326924284093908
0.04194185034037451
0.11665206319954675
0.11728699035851088
0.15814393568323207
0.05560379129683467
0.08847109056172746
0.13687769117974982
0.14891284345572817
0.4366441262503565
0.4496888102725368
0.3471896915887046
0.5958412133676483
0.22643068833177923
0.09705909892913264
0.08128231939194991
0.1983085074392285
0.09253762888399508
0.1245014100203544
0.10486902651272341
0.13929958517220709
0.2890776469692809
0.3690251572327043
0.12441875358197597
0.15461215932914094
0.07051107009174229
0.04790329084571179
0.11788633356740155
0.1347193861193418
0.08413004829957577
0.14950030124492672
0.22489889356249226
0.1381814972523045
0.19019682559213869
0.2576849863870276
0.24358914331735904
0.34621406704738333
0.12332754375820447
0.17996624699674124
0.07593943753668997
0.1175300153678922
0.08023238145622595
0.08959715273670621
0.10409127188064857
0.172574094617702
0.21624820536454348
0.125840970819043
0.1903862017875507
0.062311403391710825
0.28739416075465657
0.13377674318439547
0.041818491957020476
0.10834177341643826
0.09982777172925902
0.12335838335404235
0.19357381715978222
0.11127839721894231
0.14907062848849567
0.1380868091545985
0.3446540880503145
0.1590916631756667
0.32534830371785084
0.2279624831010662
0.2778825995807122
0.10791536498517473
0.056544398969909336
0.08062255693253052
0.1725723718021279
0.3696709576574377
0.3359587941983576
0.26252605738241314
0.1705654009529436
0.12459659628292283
0.16142760260947306
0.12096860518361927
0.1650466991647369
0.2275465577998645
0.12813852070901202
0.30302043627420533
0.2718903076090415
0.4030398322851156
0.46798159685424967
0.2557132812228216
0.1676634295899345
0.2378728197421598
0.09631205780366876
0.10400287870309818
0.14035345958675732
0.09545499790540003
0.10209114186659493
0.08848924414480804
0.17851902625385094
0.10646396520526315
0.14888125229308366
0.21224156242110537
0.21483015545593995
0.3684900763605701
0.16516760509851738
0.24119876097926327
0.3624737945492663
0.1969338198257663
0.06929657184913347
0.10821369848978325
0.21494068836360294
0.2698637316561841
0.20325738284769396
0.12641150334205473
0.2107757054935786
0.3289823842960939
0.2758408888385226
0.08258843765553153
0.0727119217470002
0.10940703250821668
0.10032142123150575
0.19524181956129089
0.20150625064406874
0.13688742658365496
0.1651750070417762
0.14682693390120052
0.19596847998525613
0.18082270391924368
0.23108248654756952
0.17385717338809387
0.13827618535001052
0.16099160757778277
0.4321817219152606
0.4542888655332651
0.24723692285543694
0.26781970649895204
0.28674004192872093
0.07874890797363696
0.2531781816108667
0.3868660277667057
0.46612187266675537
0.1818159691982705
0.13208037885845697
0.2388028768529434
0.13714566642110942
0.11129396225214493
0.15191323514826166
0.2716457023060796
0.2800558303151423
0.12898660959457117
0.15623536121491674
0.20366876310272583
0.1283918918923894
0.17710067343124422
0.11779199354627662
0.2046510638774975
0.24821802935010476
0.2802842527194431
0.26308918261017505
0.269129979035639
0.2311252558399163
0.15288971509597069
0.2664046121593286
0.24916271880341861
0.2682018206429739
0.28226652433014365
0.08220468396963668
0.195020964360587
0.16792452830188678
0.09638884321621287
0.17917144967960583
0.1100850632005089
0.3371503315666285
0.3470822596586668
0.2117805685843949
0.08167730829060121
0.15651800398996374
0.04831022688102689
0.13035394784194027
0.10956229731959538
0.12155734251408772
0.20188269523423177
0.23257139061999857
0.14001824278388741
0.512911555040434
0.3152515723270436
0.24935156627622854
0.09586488366401032
0.47017819706498987
0.46551157630936585
0.1674922557511515
0.19103584593246262
0.12576427823735611
0.11640323477992218
0.1329552032273949
0.09310378133636743
0.26182002433302665
0.2322269988955759
0.3055031446540877
0.16116105559746574
0.1316480185105898
0.06261979935009584
0.10894597163745807
0.20989516018127113
0.18292900219328279
0.3478904097246279
0.49353500585934224
0.33180417002332924
0.36201660204612796
0.461999768518093
0.5243343898735114
0.31298568139091487
0.7255765199161422
0.12973441704269834
0.17978759631674854
0.13566202905428704
0.14019774031148108
0.12069576187592723
0.10514899976062386
0.059566679362083375
0.15577359119506973
0.224238310554769
0.07526090419567104
0.16598532494758914
0.10494597495749462
0.12972366565008459
0.10194751853013767
0.17126252101121034
0.18904027217106445
0.3377830494647712
0.32713637521515854
0.3729331111379435
0.22255253655292118
0.35059846310612097
0.11853198660531586
0.2738469601677148
0.24740845748273546
0.280122058834735
0.4251048218029347
0.14068945804066488
0.13698211468136098
0.15991438408316944
0.1745368552189878
0.06260437955217658
0.1415185660951602
0.4152898286834908
0.1750854591823108
0.15790506789783676
0.1529844031936767
0.17279874213836474
0.15825918414240944
0.2763658051074122
0.08146279240742586
0.10528460589908231
0.14053130228770416
0.24888758337442216
0.15209584489491315
0.20217158243566444
0.32399423209867223
0.4413711660792039
0.2111351772130022
0.1381837786352135
0.14261402069951262
0.09724467634407241
0.05589676745730053
0.08481958837818696
0.21944444444444453
0.2775333214767467
0.2881027253668767
0.23922396088207132
0.11140811219621954
0.10169561010731842
0.14241643491773415
0.1955404428809341
0.19351897082896255
0.182819960212432
0.3117453719128698
0.23419493285033746
0.16404210735279479
0.124931202741807
0.37397469227687363
0.12291120921438436
0.10703528885755144
0.240303983228511
0.28689727463312414
0.1727742156142328
0.07473352851663569
0.09683436125401311
0.14002666314209608
0.1039668429731608
0.14853249475890937
0.0874388380779602
0.21611391064946597
0.17936866646516375
0.1317814414011501
0.33016378585142375
0.31057154779126495
0.31574610641789685
0.2969471967610171
0.27554236432448953
0.1156141672990384
0.07231638998772368
0.18546242070683816
0.40964287735952515
0.23692204620055615
0.2739373174786571
0.2060500725964405
0.17709830540947466
0.1764199593386513
0.21872216105946235
0.3223268906273598
0.2185534591194973
0.14881877215179753
0.06138621551655542
0.13363100549099072
0.20609154090829673
0.2545628280457399
0.26388888888888906
0.20085501465437716
0.16958903675604384
0.09833359015346808
0.06553414115683512
0.19266247379454962
0.16955789792338097
0.2285639412997908
0.3602164588220142
0.2867681051825758
0.276350020763398
0.14479952711041308
0.19540202505647933
0.2939203354297696
0.20675301706478486
0.1308369853448811
0.39778625647084676
0.09508144013274998
0.08308364343469558
0.1584818434377677
0.16466699847267274
0.16551418727970188
0.17845071419029065
0.33663522012578634
0.16218999528999897
0.18265334047489357
0.18758594405421983
0.14379036086857808
0.07884266401578623
0.05453982524040608
0.21017450397824394
0.2719699300307231
0.43081761006289315
0.29901419432260784
0.18438928893283746
0.18541880000652983
0.17378422198976431
0.12281261125535939
0.34022972061556833
0.38061459007892506
0.2809711485929678
0.2625669636770012
0.20349629298414496
0.1598958078401861
0.17199680047635596
0.20188679245283034
0.17914220494535477
0.1521637730135583
0.26155876184653426
0.35454720860638683
0.14379674922126076
0.14487278949019552
0.20860605492416315
0.09297193741660859
0.18841719077568128
0.11621446065882703
0.059967594107984
0.19152089112715456
0.2312859852633541
0.2294144841460608
0.3436009446387369
0.5226415094339615
0.3229081572152787
0.15044145000572115
0.30898939877327664
0.24745033409657208
0.07014466073469253
0.17181240294167263
0.17248855603300947
0.05635936139487823
0.11024779056665886
0.12218113075099626
0.23040471958746356
0.13230537347799587
0.23488895356639936
0.2526675833544384
0.12850913570373915
0.0642542979295369
0.05464776382584084
0.2270855639631551
0.207898117406132
0.12491578294388696
0.1758269191251293
0.29158031891319774
0.35518000252979687
0.3664045275315617
0.425328603582982
0.4696495992557584
0.4066117076245747
0.21623754838572415
0.30078616352201293
0.25208220908964973
0.3335429769392029
0.14221564144653578
0.3035183420896078
0.22788763699248715
0.2952544521109161
0.2516900428196248
0.19194858405061926
0.15145084412580204
0.12359953020557894
0.18741503906190146
0.14600885747684725
0.1577819334774486
0.226808967661129
0.19597279955220528
0.09102306711736424
0.3419287211740041
0.09136230267158779
0.23005731794403206
0.2567269506003594
0.15179751139030453
0.0862891891561528
0.10801568442438356
0.1941330923528945
0.14437270462814178
0.09365313100202925
0.10750255359555688
0.11277006474198435
0.3239549553097161
0.37860692407531404
0.24770428266107242
0.3056603773584909
0.163405396842342
0.0737066340540405
0.3057305252340974
0.31751922637963376
0.2202129525649439
0.14619842285807966
0.3090906142445323
0.41979032036254227
0.13948749197758334
0.08002875120093518
0.12112061428512076
0.23984495148932372
0.19549843531536948
0.11285142842505934
0.10574566676984078
0.17721687176981574
0.16735624095144205
0.14601436407059074
0.12764956410724768
0.09050353680711937
0.17914143442866348
0.15945376566838154
0.10507960404779536
0.2736382899619736
0.17049266247379402
0.20510545698050597
0.1605635132524391
0.11662417367456879
0.18646847074525816
0.127702681106172
0.23461009108825487
0.20951148391818877
0.2572934094093765
0.5001899073556304
0.33145682200032717
0.48948325581826496
0.4170859538784065
0.32161074039114634
0.23196871557458643
0.07688697920603015
0.15468758128302257
0.11400446963803622
0.10574566676984078
0.06456269388792203
0.07345991728733232
0.1445571624978418
0.1572217569286402
0.10288220538514807
0.11116382670685591
0.15251177151644355
0.146869749917519
0.24931865828092184
0.2676888334642517
0.22636268343815558
0.3010021189581705
0.2161019422472666
0.3080478557825059
0.2694507633720692
0.28522841065810534
0.26269275836349404
0.2557378039606654
0.13968450880332497
0.23450756473417886
0.15125207782442368
0.1736102789048399
0.07761212076470375
0.12050621416115966
0.09972475422228895
0.22573632500427024
0.29127077560972103
0.28504273679432623
0.28406708595387825
0.12473887044367922
0.15707547169811273
0.10362034158961046
0.11615073318603875
0.06164835208118275
0.10533884835446566
0.15554098183173898
0.22201463175934855
0.06585795691313952
0.25511398923509915
0.13193181570534562
0.13457553180609116
0.30277707002819404
0.2627745321762482
0.15956047128894965
0.13424806465186864
0.10090594945537155
0.083149565394575
0.04837190607270396
0.14618820849451586
0.1669933131713875
0.1622636803433318
0.3875325579506812
0.22556669848216743
0.047708854762176
0.06965753760592035
0.10363021100989009
0.04977510768335621
0.09947623745804467
0.21434229050717127
0.21386211586583517
0.28242303275779257
0.21358984597789485
0.41031867962312096
0.4470411486640017
0.34405989449658864
0.42026897002447866
0.29730430422895426
0.1399266371044871
0.16534608421116118
0.16598762359635766
0.1553088235874676
0.23365258669005257
0.12755113383394717
0.2808176100628926
0.1802306383103338
0.13843611574678225
0.25066446711767826
0.12176889364992906
0.23118448637316583
0.05332166120478492
0.0924006137643203
0.14638779905349167
0.31130913793000037
0.1550359786439743
0.16383933648540822
0.0869830800625193
0.19011980611864118
0.25478852995806595
0.22557568188018698
0.15456387661485604
0.22198724865635977
0.12404315450644142
0.05273570888385319
0.21504192872117403
0.13428734144082483
0.07304153154639728
0.1790235370904368
0.0858265952185752
0.21111163635199817
0.12314222105475646
0.1885555652319019
0.0779637045507273
0.14456020813081386
0.0933241444870536
0.06581169751938172
0.11700097626188553
0.12928081606793956
0.09657419436829608
0.24036342298673793
0.19061025680383756
0.22676286827745765
0.07407670920410259
0.3166105670521605
0.18879781132450782
0.14298311239051092
0.18925411863279623
0.1919117342222111
0.11690823796768683
0.10418847017584654
0.08038084307963932
0.11065460898203376
0.12758096635330418
0.27189416489132917
0.20295409031982728
0.22860482821312886
0.27101677148847
0.29350788110696013
0.06619719246736308
0.11146824581278465
0.06884939770947503
0.18479212806801354
0.2877358490566036
0.2777902988779974
0.359740215474016
0.35691100295318795
0.3908040501129576
0.33846960167714857
0.2223745132631547
0.216257999992155
0.13823834986714353
0.22703049559977662
0.19190581475827245
0.15746630648509488
0.1437365323177234
0.12123048421825311
0.1939843495003791
0.19039839563302394
0.17933657963416968
0.4611105550133621
0.23259714419788322
0.12474632207848878
0.414401770654123
0.45738993710691817
0.20039875141378657
0.31887196279657476
0.22540915481436263
0.4239517819706498
0.4545597484276733
0.3221920337943168
0.28829163093759913
0.3705450733752622
0.29680293501048216
0.2579595555100981
0.24700049770901022
0.12513734456938796
0.169793558657117
0.09730081278202374
0.21906427120440672
0.22737768529136604
0.12670447950252114
0.29673335029928527
0.31609790874647237
0.34998111927054715
0.19177343607119807
0.1841194968553463
0.16398575719162622
0.053121203831834655
0.2322486949343022
0.20947559940084687
0.25431506235309614
0.2579102513137081
0.17745253250355178
0.10787030034935752
0.24273055574855018
0.21760832887779571
0.15497069503023095
0.14061182509342507
0.4150419287211734
0.09863990511462191
0.08279798160855145
0.12915456527099783
0.2348851915997913
0.1787879433280589
0.05918118441410191
0.21093814985241754
0.24574304416748785
0.2206583084994677
0.16958638299146417
0.18176986981460022
0.13594296060329095
0.20429769392033545
0.17507829265841274
0.29530061404580993
0.08527148249348201
0.11006651754764418
0.3167488652031735
0.2753618247535765
0.44732704402515694
0.22602831158241968
0.180368067299657
0.15364721987761876
0.1287861522216206
0.17119138393083272
0.1121462765050758
0.2019006842151857
0.11274294351429305
0.18490462790422535
0.19427536651365196
0.2593400730090048
0.5325861795506135
0.3525681341719072
0.07527945344180448
0.20835953394221626
0.11179370054508457
0.17548869305574785
0.26882702675030823
0.24423216668303582
0.2931920801473125
0.3091866155588346
0.21390114023325962
0.36201845996805815
0.28540196647849597
0.3925793344475551
0.2514500028967998
0.22324926842633677
0.35012481898095027
0.16423408261015543
0.07339311533242085
0.09131717363786972
0.13479459785389003
0.16744177953613454
0.2031395524808265
0.23283602753377175
0.33108577352484253
0.17220608702799675
0.18258010482035597
0.15168695894836579
0.06972345956579977
0.10731317740014487
0.14717302622279096
0.12516569292595053
0.2230851581953599
0.29102179582839655
0.4692348008385739
0.19974784194918674
0.29552935315893064
0.2419596523380916
0.29516506900491235
0.3706689484565968
0.10826240119109215
0.10453593961618873
0.10551410354373067
0.14222125280995185
0.18375673994383274
0.07895253394891859
0.12191167780367443
0.144692821489845
0.1041183931083403
0.20503129423274766
0.12950505482903818
0.2360749437789914
0.13317610062893043
0.13642557651991608
0.044285659624101324
0.16378854040606722
0.10206364242755096
0.12943862956411586
0.24896005074836308
0.30943583012616466
0.16543948891921761
0.29116370726579055
0.21200665076375672
0.2238857345947767
0.1505589068836094
0.20204402515723247
0.10996444413591347
0.15539832285115268
0.05338334039646199
0.08046868256119966
0.18794549266247382
0.13708115388934744
0.1932584074179667
0.14540419229363016
0.054030971909070684
0.16803225348065368
0.08125980254469824
0.14503861922851533
0.17360007548758705
0.17356417952116854
0.08528104209734287
0.15418378576462022
0.12892137953751862
0.2621332894928523
0.29591194968553497
0.32598567083442337
0.19527698923019096
0.0879398944791462
0.07890858597566563
0.14881975335457281
0.1549469324317206
0.1544329352977202
0.04915831576658595
0.054431886654971305
0.11933856580880847
0.1532292711352639
0.1065321823728993
0.11645855170805197
0.14592882548589822
0.12050638568051522
0.2090670859538779
0.10387103478333935
0.1183841588741613
0.2412380747501396
0.39019916142557615
0.21796401427968834
0.283335465694929
0.26955788202755726
0.27108839737483803
0.3820061216324831
0.21316355009452415
0.167358397741841
0.10783400130209975
0.20539832285115253
0.31876310272536684
0.14228156340641498
0.2058943241227388
0.10870188058823314
0.21067683117252475
0.14113891610183818
0.4231288474238084
0.12568677283985033
0.3261530398322854
0.0738325950649503
0.056636917757424826
0.16196428513965466
0.09563497868307036
0.12047064562097029
0.1506334476440021
0.0783634130256556
0.3611635220125783
0.1472974428409826
0.1419374584613092
0.2019138291673288
0.13988588301101268
0.2453354297693922
0.27143921342389543
0.08789594650589325
0.08979838488713583
0.11835703764647
0.05931996259537521
0.09264611379476169
0.20122380972374487
0.09086243470046709
0.2546794201299316
0.1708443158845814
0.06636143961194943
0.08676080738566828
0.09888593670430997
0.14021118542600094
0.18342944762675445
0.40047169811320726
0.24712097117746729
0.21685150078820145
0.20241090146750554
0.2561844863731652
0.1040836359549735
0.30953539140094716
0.3382568171997129
0.2043053521503342
0.4075471698113205
0.41124630208519275
0.15814387867015736
0.32402015881628554
0.19996633294393126
0.1380971899695641
0.13768581907256452
0.1866618032777817
0.1351839657260634
0.18814525014184216
0.1120920340496932
0.06571917873186622
0.1748819845937147
0.11526521768961856
0.2570273069285621
0.10968102259966304
0.31602230114750895
0.3123441420057195
0.2437599469499093
0.4127747321732684
0.38838730742784694
0.2503714373957932
0.16909284005966652
0.073012743147674
0.05606638523441237
0.23567405874202413
0.14241089894983927
0.04781679334761076
0.09651873426165972
0.28897189503912113
0.08497080635801774
0.21404612159329134
0.16130174346469292
0.09420248066769107
0.17612394588245328
0.14528310458025526
0.21572327044025139
0.1532580305066089
0.07069977345978573
0.26882702675030823
0.15046857123341245
0.14447896206906224
0.1480387479025511
0.14810740134801234
0.1689551290067578
0.0612165977394437
0.10154187647763112
0.1886847773652443
0.13180583200676613
0.17759371539514016
0.048803660414443124
0.10784381385378841
0.17667714884696
0.14720940500737345
0.16107411150886844
0.1849151224052067
0.27387775945717996
0.10333627729649243
0.22667714884695983
0.07989741537385693
0.11243215553820143
0.13281232435603943
0.1469187357593526
0.16633720122898232
0.11390604722953886
0.15008887404572882
0.2490749699742025
0.189011222565644
0.28014595456843117
0.18144101325730516
0.33066037735849024
0.27388481094392053
0.1381499345530688
0.1612740263902008
0.2223126215204571
0.23630992917496563
0.10206916787996846
0.23957849693798539
0.1997025300626037
0.23464360587002134
0.31195452930139417
0.28240482436830777
0.20430890953872644
0.18041040660502172
0.1657493972818779
0.060075532693418775
0.13010144624805794
0.13676103702764422
0.15071266228263738
0.22447391696171434
0.21376092314727987
0.23287208172057547
0.2227386701699085
0.21679754290387399
0.2166114910927596
0.174997217731082
0.10993288143667779
0.21829446813599765
0.39265862004633384
0.07571120778354365
0.23722742837076596
0.16841703779607178
0.1283376494370057
0.21579121496376855
0.2624122814425898
0.15946522094831697
0.3033806650500565
0.2534800375589892
0.48758205810073013
0.44606918238993665
0.08536893804384876
0.08279798160855145
0.18364037299706795
0.08046050554267435
0.2375460196063487
0.27615280397784003
0.18332897042466714
0.31633525825223746
0.4069192596635739
0.27170976735664476
0.18306911332427134
0.12765549073919757
0.08761028467974911
0.15056058706935851
0.15172955974842728
0.1241146531012006
0.09986036036074727
0.3073906903179684
0.16265144900915554
0.0850401855246931
0.05278151587678888
0.12340840356303029
0.06099978687508994
0.13262792682135505
0.11772886814780631
0.19596889753117985
0.10103639050852424
0.09430050868395391
0.2654612159329136
0.4060272536687625
0.1620167544438137
0.18230615078330523
0.33265541304025836
0.1862685917864236
0.42047247846283603
0.21610029277537451
0.2669615308385357
0.10121218240153602
0.26170620110004583
0.16579372909674095
0.32449179214647533
0.6172431865828091
0.2629674236984806
0.20985438711654072
0.10949637535971618
0.07930411773494216
0.20000000000000046
0.12043507708078094
0.27628962855770905
0.2511759605148092
0.2788604631258018
0.22802991115324464
0.329746465453275
0.33659974875142146
0.24598953516349215
0.34125618363188265
0.12775302576103087
0.3774156541141589
0.1727742156142328
0.2117805685843949
0.12140627611126469
0.254015219798934
0.19246181555877537
0.15061720075102644
0.19209058754625888
0.1472916323572506
0.31012952559717727
0.21404072894269857
0.2303981778700273
0.23704303083608158
0.20694013329894415
0.22085338430001586
0.1559741804548231
0.29868972746331207
0.24800010783941037
0.5160177194129753
0.7371715228824561
0.3759433962264153
0.17172670548588861
0.360919465756075
0.44648846960167743
0.3328836494880098
0.44093291404612106
0.25721452417121715
0.36480174908624113
0.283132715333132
0.3175576519916143
0.16728230594728424
0.20494592857042537
0.08396079967034524
0.3938270347010212
0.180317700731479
0.22945725343840653
0.1387437515595522
0.23287208172057547
0.2699685534591196
0.28689641305961505
0.5921433986384321
0.194893142192377
0.5538027242806738
0.18335094441129318
0.3950733752620541
0.22033920336188562
0.2643142267007187
0.18190207412806375
0.165059791731534
0.42431414936858064
0.27212466180968387
0.35780922431865825
0.24442700818048665
0.1038060795924269
0.3089119699791107
0.3290069025074322
0.22084815709330893
0.19154724142296733
0.47242648386000996
0.2886071847534705
0.3957647844188752
0.2908311879554832
0.2264048698207892
0.221756750446006
0.27768862787249315
0.28905119959721437
0.27992441128935186
0.28059018165289906
0.1651125355113207
0.29536473294420096
0.43439449233146693
0.09037543560475554
0.123911310586683
0.14037947453210936
0.20389738978601293
0.15525667792605136
0.2090990702815228
0.16318846238825213
0.18356923591668922
0.2777487866175404
0.23406690554519338
0.2742690133992619
0.36741127153912123
0.3202629371478453
0.22153858593282805
0.18925192683250766
0.2410546332924126
0.193777406951003
0.3356629690200207
0.3173481492102477
0.199282084715486
0.25300659707045914
0.21257618264734893
0.3561619222536983
0.21147764729317953
0.38851516448711454
0.143490132670871
0.10872728582778964
0.09745463068840905
0.14247402434830958
0.27814465408804984
0.2177273312562291
0.21688915991760732
0.1977224385173821
0.10843201896820377
0.3352347180552292
0.16388199226023756
0.3646082172530138
0.4792946556309975
0.35896226415094307
0.29411406782073235
0.34758935287904646
0.14118286407509134
0.25439175087635485
0.1376011042549754
0.33742138364779917
0.24142819106506178
0.38746552305169146
0.36478442298831554
0.29804386717479814
0.144312052547403
0.209423838713798
0.46286779570504616
0.3352347180552292
0.1900667351873777
0.15248233179129045
0.22772682236733016
0.2503657527169901
0.4654316139173026
0.22627240263164464
0.16311732530787337
0.10390142328680688
0.3718029350104825
0.2090713197348704
0.2689203354297691
0.2661933563071523
0.31227722498709054
0.15838849560361937
0.2445793563746242
0.2799250184071529
0.22073967218254267
0.18236313499882234
0.2690188488588215
0.2869225639680622
0.4651467505241087
0.19543623366520493
0.19237771230686054
0.1608765072759519
0.2801464438853931
0.14173553591669383
0.29171907756813437
0.13256906131751375
0.1770744955989464
0.5634171907756818
0.19729843292008944
0.2119119626660507
0.2386954205852282
0.1840117562592166
0.12459492001555439
0.24622618996564108
0.2764119044910825
0.15096128812387175
0.3648322851153037
0.25251047619861366
0.3822195328736182
0.6841943332977125
0.5406449999803881
0.26617090000647087
0.5426100628930818
0.2926204055719473
0.10740884663020148
0.23994729200735307
0.22445324623387838
0.12955810468313148
0.16112757959639357
0.27873019694725815
0.19532676712272087
0.4897815582822701
0.20416342068626145
0.2873668752754255
0.30047578276732434
0.2502324224391613
0.15958100733386277
0.34355345911949636
0.41603773584905607
0.27064948153221297
0.15414751618471031
0.2819351751474326
0.5735064124031843
0.3370580651341615
0.18460346164900235
0.5647302654458453
0.6141823744245581
0.5199685534591199
0.25235336904279
0.2350715819021154
0.2527237484748451
0.2043056948470189
0.19272344397704272
0.22014982716647355
0.23874025701608725
0.5045791458506008
0.17214296162952644
0.2215237543782243
0.25791404612159297
0.0639304821732326
0.09415853269443814
0.1897225933694281
0.199875382354401
0.2620545073375258
0.18908304146341015
0.2050500585684352
0.14440640751382566
0.3937446729608259
0.36393872646700165
0.3139282105311381
0.3436502488351269
0.18694586757089973
0.186819616773958
0.16807137342816802
0.07305900254143169
0.28128930817610004
0.23519905548924402
0.2339480291347786
0.2831539998651555
0.5300398400488675
0.15806659260100164
0.24809871623218938
0.16453346765657972
0.18621749887620212
0.17082055363149973
0.2579843714334519
0.32449179214647533
0.27871508092291764
0.15231676384640458
0.21239229653982325
0.26370515696305663
0.09956563516463171
0.179189951358897
0.2888239824499532
0.1633685312421032
0.1596190388547025
0.2627358490566032
0.07185625830372981
0.20911949685534564
0.20581761006289334
0.14443091170090117
0.20184341844527556
0.20749927605495025
0.2351028000281312
0.49639464924993665
0.28906552611798786
0.39933688263828554
0.08807788571478642
0.23916588280103857
0.2154386479262519
0.163486760525417
0.1593333770285575
0.29392967028604794
0.27475232667892824
0.38357113740080984
0.2222042184778934
0.17948352276503438
0.1834388403577995
0.35455157390650005
0.10285005212143307
0.45907137258305103
0.11819275105109263
0.3121069182389934
0.15071266228263738
0.1941737256957911
0.3092243186582808
0.2706800381786002
0.27147927043829007
0.3479120485647439
0.14109115096118588
0.5300046140650405
0.4654299491295025
0.276367557270427
0.21024865128187575
0.22364164354555174
0.2938835709023777
0.2596503433814828
0.27736347639572606
0.4152042900987983
0.5758237096334928
0.09510931356596687
0.2510179582182829
0.2703976443491293
0.22916003622834732
0.12375734370175524
0.1834374948736866
0.13464647493794643
0.14355462820378956
0.21076638214363447
0.0679858890259967
0.3730116647158559
0.4803419223423569
0.3119592183746016
0.2019717826199036
0.20986405987818108
0.116066597361032
0.1653945582940371
0.11228707166127845
0.14284750625205228
0.1957067790231268
0.3537267613384223
0.3379011317978203
0.16051997230638743
0.2679462542583518
0.39161426428481483
0.23446126064293474
0.25529912821449535
0.2694444444444444
0.2007436683545056
0.0986412259662387
0.23480083857442346
0.19968982596531615
0.21851107860035565
0.2922425746029143
0.38603563271855756
0.5090432132675105
0.5249336818612339
0.335326859179869
0.2972462903615142
0.2092273781585621
0.1625855270492763
0.27022430801780406
0.17132233144940803
0.442819706498952
0.4024937188311612
0.19262715343326034
0.22849230217570532
0.3587060549092116
0.3890101095135077
0.3884867195645491
0.3570397265315943
0.11931874738174976
0.22915786839198227
0.10973808921260803
0.2090990702815228
0.16472572730922197
0.2623969331851571
0.1718904600356441
0.18615680009001595
0.3145285259602583
0.29479206108845646
0.25825538068843507
0.11173772199561663
0.19652652680872487
0.12158446374177902
0.13685371493219173
0.23690473268506965
0.13010797481534858
0.31253384782830484
0.382539914732281
0.5043139701960181
0.6046121593291406
0.5908121853359145
0.8906861919066396
0.5913628937310887
0.2249473574502444
0.22339761326947777
0.2182344822983296
0.18648585621220762
0.19273120340746622
0.1670929297518722
0.23554290336958858
0.31327886385916665
0.3392621753564568
0.17560994930359566
0.1485340626014942
0.07788539929015863
0.24661959034050268
0.24233012525461262
0.23397183181134545
0.2673178256350549
0.23940307370002933
0.32642973577407614
0.3264923884915647
0.2665862087183856
0.11500085288180655
0.4645441383822908
0.13774505481270818
0.3479709625302663
0.3127996996278476
0.3607095007859091
0.13043607059898105
0.09706762790171232
0.2648846960167717
0.2636788422912848
0.44950635848347914
0.1306353504943833
0.2808764604952618
0.21824856260120215
0.19546779636444062
0.3407232704402515
0.13008600082872146
0.23986335015475724
0.212723088986109
0.29182440996242265
0.38191823899371036
0.3848516048476227
0.15904771520241356
0.2906482377163658
0.2035478473686861
0.1065199640262158
0.24087015416156188
0.1837191963834068
0.1037135608049114
0.23182802588354853
0.09947311637711609
0.334266630998139
0.3176100628930821
0.16771767204531815
0.3048595158451001
0.21946497448103425
0.24905411877047898
0.309096367513794
0.42445982671759075
0.31640461215932947
0.18723279555618105
0.22308462887879404
0.10949637535971618
0.2090310708242372
0.17513267341299188
0.3960556950072345
0.29508651542699993
0.28165385360402195
0.1406994363693087
0.11728298297385553
0.6073593798649131
0.5989517819706498
0.4956550863040928
0.18439722707569794
0.21756168582917562
0.11905505954223186
0.29381551362683417
0.24716374046981404
0.20878733091086404
0.07914982271953758
0.28468242995323106
0.17940238245365353
0.2488577348256991
0.12114258827174788
0.37034084306684273
0.12573303223360824
0.22163327403053404
0.37138364779874167
0.15341156949867119
0.47452529858324727
0.40652212375248065
0.29938040277286865
0.3979341690600157
0.1704569160421773
0.09874838587491107
0.2632330395836223
0.2406923114606161
0.20185146557396122
0.19384854403138063
0.07705273020251883
0.19416866089308385
0.11143008618284665
0.17772955939418103
0.08352904532860608
0.2577416541043435
0.2551844233176973
0.4125775153877104
0.13531580964582288
0.23533735364025704
0.26963529509145145
0.2736459414708251
0.14454518569509942
0.2093241966037843
0.39732399707966626
0.41197423936028277
0.40223359569917655
0.3177693380507076
0.1894597126934524
0.3664287875670968
0.2135871500093205
0.24884032077139467
0.4042553512581212
0.23200799236354153
0.3423480083857438
0.2464366624999251
0.16657858048226734
0.35482180293501014
0.21984467166871785
0.32733275915993837
0.27520220850995186
0.6239551579864586
0.1629718442086094
0.23478846812683066
0.2650211929500589
0.27928417756594537
0.30983755358850584
0.299053471111564
0.4388002862172825
0.1384389457190747
0.4313042850508762
0.41672101685718543
0.41991614255765247
0.28444304550885446
0.2785621296211932
0.14119908954662067
0.1406115404228024
0.18445146953108163
0.18135926980624512
0.18729305726248807
0.13968863298449033
0.31354168219141887
0.38677230601784207
0.4604969706936303
0.24094129124194058
0.25423865491268155
0.306653100179233
0.10915674947040817
0.3573624222172907
0.37520493452443476
0.26005161967817986
0.1181002322635768
0.5073401808484151
0.3915384904032
0.43584909608357514
0.43526308820925774
0.48252281620728654
0.16502267733187104
0.4100628930817611
0.23028145362101668
0.3270440251572326
0.1745793426513122
0.2775690675525905
0.2960963413185829
0.35913176650144335
0.19378117185701746
0.32139732915001124
0.4540396803322408
0.2583406932412314
0.1883030636380185
0.12883348359101338
0.18659867787931028
0.0900207802526126
0.21241345528119895
0.29255465921233564
0.29277365293163116
0.19345571712471754
0.30451692222252863
0.5295073375262048
0.3667666552718395
0.30718376642547196
0.1540156722649519
0.3196345085245474
0.3618972746331234
0.2115972455858143
0.2209712146668844
0.27166366797297337
0.30524227984767155
0.3698113207547171
0.338670524999783
0.15852033952337885
0.645335429769392
0.43676463201859017
0.3400977155706634
0.14406796149817808
0.11042117289978744
0.20488545130523655
0.41918183428701317
0.3094785994185114
0.5558451173063901
0.19473041482622594
0.4670834417149747
0.7060796645702304
0.5928251612133751
0.5841194968553461
0.5613207547169808
0.37220642375934043
0.1158026823736078
0.2694316919335253
0.20205314630297858
0.2378880641367332
0.20077844860147018
0.34367090526701555
0.36206455935172843
0.3673480083857443
0.11151597855205403
0.15316485273196268
0.2869669822468227
0.4344192743882785
0.1583445476303662
0.15162050772266594
0.2969325245079364
0.24156003498482131
0.31704224045344664
0.25240690578498737
0.1816369734544285
0.1365577303729247
0.40501896713492364
0.24083650190207379
0.24821347583420902
0.25729340940937545
0.41952398862578427
0.25224909228881104
0.11700542661130912
0.2169155790780164
0.260960397277764
0.3933962264150941
0.3261070400883787
0.31481269108899324
0.16533227537758544
0.4309186764446203
0.4950973282018639
0.4665282573975119
0.34457519782273094
0.38869464108317164
0.130898664536558
0.24530529845703658
0.31033398526543865
0.7352201257861638
0.6090054338036563
0.3098825810925366
0.5150223143719778
0.3964469489493164
0.43321016217663005
0.2570549960616961
