0.09251971143822614
0.07280607652542856
0.18750382214793399
0.15824653670432334
0.16484470280616217
0.05400765246915545
0.17519824941098283
0.1375664700115968
0.26824902334122314
0.18097703544839563
0.07126896683126661
0.09037566569627324
0.0911374168847642
0.08271677749284408
0.07929735828834276
0.10660432730322074
0.09973688480471332
0.0656171311994464
0.13726031499833935
0.13609974200875374
0.14374697007536227
0.15466293450096913
0.17468291451210036
0.07905609947367076
0.06436659517279543
0.16356417366348464
0.12971944509599906
0.11032234051887056
0.04475444854972709
0.10689341872274996
0.15511580456362348
0.08659564161912064
0.11821003093042444
0.15575741111198296
0.11030251539783216
0.2699828120638742
0.21367171621276576
0.154424782178097
0.13968699001526344
0.059711458445315474
0.04746976310602416
0.13218751159707895
0.10939204932792408
0.07916221625210952
0.06910684691779638
0.09098694751419797
0.09712514152857513
0.13491795331345194
0.07987227713357475
0.1322880109825886
0.08598384094287453
0.04623385851102595
0.04454769871041513
0.06642183170961964
0.053088764294435584
0.1824368561801205
0.15109211097585645
0.20167738923506903
0.2554391738038223
0.1865043847682829
0.2396909109606144
0.09494907569889963
0.09453004792033587
0.16278446670597552
0.0765380426782607
0.16411350381268505
0.15239857815380953
0.1929749820040839
0.09811910046093357
0.05224798161456693
0.1804880198616148
0.16937340343270518
0.13680578770187699
0.0923412091061677
0.07097282999421277
0.0958160248859569
0.055023023902220546
0.18957939233534293
0.19132381943479151
0.14957883244434417
0.06293924552743162
0.0721602883607448
0.12215997707691721
0.11146138909792219
0.14574831954483575
0.26137561634177936
0.19198010817104286
0.17522768690453627
0.2858410063830923
0.26556498850974625
0.1832716933495287
0.25050315112162275
0.09015644548157828
0.11001191855515131
0.10883637659760331
0.0814157879131027
0.05220203720583091
0.15233540962492176
0.10936301939458494
0.1835060726293306
0.19893488717769037
0.18915060586478757
0.22189071449154604
0.1418549991012054
0.07881650622420025
0.11783846810293724
0.10779270427798467
0.2843757068687527
0.3879846043102049
0.34777145896242084
0.2949551512238409
0.2603605520689506
0.1238816343469092
0.18576855874666431
0.29066762242058164
0.20986623351762165
0.05862138999442336
0.1618457485834019
0.13133121563284905
0.08166163936755692
0.16193331332953567
0.17152577372511535
0.09306703145458822
0.15994790054154973
0.17318248134300937
0.05590218093160459
0.13388648140847784
0.20100150639389971
0.06096211538927246
0.144030333081452
0.17012971695881435
0.18689478999470915
0.20073075121925069
0.1292838441964401
0.12898046358214235
0.2048946381297139
0.10075805226533521
0.10443841659999212
0.14847360432059825
0.12224683521648781
0.14470155154582387
0.1264753993475134
0.15332884792596668
0.09685846961989346
0.07095318806709235
0.16313848775543172
0.10926897603798101
0.13104800775753817
0.19413962695752332
0.051301526794605715
0.09558975781192403
0.12910367980990523
0.13588310384263486
0.13361092200105476
0.06334815076518202
0.16098764426934314
0.13601351392877392
0.10558247645911129
0.07054070759756886
0.14306112081381622
0.14040049505497204
0.2679240122880049
0.14557118847079983
0.14209526254956692
0.1365457617625277
0.13390787350449285
0.15370715870194337
0.12198188758923062
0.105526050445149
0.16153381417014642
0.08631972238410505
0.19636480168280396
0.20469758013919556
0.09999705096878328
0.18331196434673525
0.2164998680275489
0.4887829790068943
0.42573427534550307
0.18985608021972816
0.4277151797388029
0.18982999414658103
0.11745611630100039
0.08447034731659844
0.1512685284482378
0.1348508866981865
0.1257829894576123
0.19446865138737582
0.09662412157893094
0.05776131066288579
0.05320362531627549
0.12945642630950951
0.05687458357428111
0.08923003683821668
0.10391790904722363
0.0951614665646478
0.15363320556954135
0.16302096340585534
0.1465289539244156
0.24345669919932442
0.14641903980000442
0.07769199517255768
0.17263513155361287
0.19144442174133966
0.23472240193972888
0.1825286459184069
0.13189554061193834
0.2917392199846105
0.2804460133864656
0.37244658601051295
0.2241523404652102
0.07168246650989052
0.18225641481359514
0.12853139293502955
0.0931969663943879
0.09342267045023708
0.117835541177947
0.07689040033649976
0.09918579374001832
0.09851041604250396
0.12536978107510466
0.15211749242467085
0.14627335675669487
0.14513482787806128
0.09038643530631152
0.2170232139471395
0.11221230678640419
0.17287725656280448
0.14288095642728135
0.26030658877187546
0.06081661384382906
0.0680206971336319
0.12855726847742482
0.18694214821649166
0.16861033405499293
0.18433694231023479
0.12649120217030796
0.11887670139777573
0.05423278007196174
0.18623890921431327
0.09886778079759838
0.12668235349335383
0.09379884387665216
0.04922483951973885
0.1432627924980168
0.18760145924620422
0.08159352308960995
0.1417677769222018
0.21853322954428142
0.14599248944233673
0.19573356432099623
0.19060358120619966
0.18058598032743076
0.23450861140963788
0.18477447524919538
0.18889548607443737
0.17536264705914745
0.08455149539684081
0.2869009927960225
0.42896164658795755
0.42837011494609273
0.1993066063375003
0.0860026496141955
0.0652046507299229
0.13490186038433194
0.1645323786250215
0.1441281382245149
0.17264326952740522
0.07020024752748587
0.16441562466263476
0.16326189373263916
0.05585921214121569
0.24825549793597834
0.1313315474972377
0.11046619812383356
0.2176838714322169
0.10589617641387396
0.16725613813494675
0.16270441126027277
0.08641683839152221
0.2566291078432811
0.24427436059408522
0.2896494455900623
0.23126043992577275
0.1542375740134447
0.0659248547243291
0.15793246290912702
0.0956703066730683
0.13235317607705205
0.14015215005732892
0.1527403885501387
0.1850989259531491
0.16985750591347346
0.14052822149723704
0.05695728351000583
0.14451793604195726
0.14494902553347105
0.15970442818461106
0.07258757136198922
0.20132416716341814
0.07718622627322641
0.16314128250899482
0.14206491773532914
0.12857626481913295
0.13855407728441124
0.24083317607774093
0.12336607519289418
0.11426661268350002
0.14210162918129585
0.04370691603054649
0.08528652497650241
0.07529036888441097
0.11591628119650073
0.14522698994070274
0.04540685915377814
0.08354911708660764
0.16293282014367333
0.10336364799833642
0.18369892639489865
0.23687647124668063
0.1302521660428843
0.2533217253731869
0.261257660838575
0.1632818342068321
0.3471873707578783
0.3706806456508073
0.3711427503145722
0.1296170770659988
0.20554806289099822
0.1895471603040401
0.32765929843490793
0.18475818043056783
0.10873450622636886
0.07708733940815315
0.04265938351136588
0.038993019694234084
0.12964576759158375
0.08359760288818607
0.11551716548415432
0.07700944892914481
0.10108481532414897
0.15162153853426175
0.0971031403730783
0.20294988247904133
0.24197544750240876
0.17122102803641104
0.3422331790169704
0.4252833333682226
0.20847531291935315
0.12389553100020244
0.1241427726363447
0.10513337975595004
0.10660084860362687
0.15314816222243588
0.11433020011404167
0.09662954891042731
0.09433489100929425
0.1402374533676199
0.10681444443062124
0.09398164539290528
0.06553969906188846
0.15640780615291608
0.13555358759203093
0.1017266988383547
0.05046993299648407
0.09298768646054685
0.17978287376415797
0.16269526275522087
0.22916786791212884
0.17318309867967802
0.28105948201142894
0.2553804116290343
0.23524356156194676
0.16992681021769987
0.13301492358044634
0.07966765639940758
0.18428688308218275
0.21728419122973391
0.0929652410597626
0.24429997448840501
0.1641668258142233
0.1360790494034373
0.0643207640095153
0.07632198147993889
0.1851145421622059
0.07232812296550417
0.0748684788730463
0.04634871953286585
0.11470112679220178
0.11206224842471996
0.1249916926348729
0.206240542962495
0.2335197253364125
0.15121105318934153
0.27929661676778617
0.25012404624056633
0.2006132883072737
0.16422545926607715
0.15438184273794237
0.14107329112250427
0.06877293415675363
0.07509108738040804
0.0972463560325212
0.12946008470082185
0.09638169257103879
0.13791482422764464
0.17336150658118765
0.10029723981797638
0.11018190686169149
0.1256536937461032
0.12499765769407625
0.07620351814747181
0.08160968502346952
0.08249609390471199
0.14746386212567159
0.06270492904287799
0.17955698076367785
0.09723408655387943
0.15545366846611808
0.23000601531048656
0.19754852065727535
0.18898736200835303
0.21537493637285726
0.17332327631657843
0.28161772267191576
0.12834035180318779
0.24552305680833236
0.1795141192602696
0.5374318346981882
0.07766442852731632
0.1310930097412341
0.1133022033202836
0.04491984842117652
0.15013423387442645
0.10628639015051225
0.1322589649042911
0.039838396814976244
0.08786488731755855
0.12275737966014284
0.16050339668830388
0.15401780367020737
0.08050571195653504
0.14639729322517
0.27776224255943355
0.2054715352807126
0.26606896991392487
0.15436908554515513
0.22836450177021014
0.24439188494366157
0.12962679051999945
0.047832723935038214
0.12965157071133526
0.10666876347260082
0.07804392375747367
0.09276950035344392
0.11132878172865333
0.07735066080664366
0.08418761283174163
0.12863432902626337
0.07124988541953954
0.09897061989690126
0.12412266441746907
0.10978457653608742
0.26021289151753335
0.28088023430411724
0.23672013095981
0.24492462285068667
0.08225384347022985
0.19599393922859074
0.18300827668424266
0.0888862675278072
0.13672963616629719
0.16447495039525972
0.3352871299018793
0.22437804452105936
0.1668450762677602
0.2532369923080342
0.24595048537578962
0.15815223325236466
0.06288035602070288
0.06735871540410157
0.10428487822832688
0.1259177482011698
0.05049749964172575
0.10839537326347971
0.09403821216141334
0.13012307730818193
0.07142459431797646
0.0990904125942057
0.04253992804865247
0.13874376481519318
0.13532358884855805
0.09259859175351924
0.19050995876808038
0.1554131559928078
0.20272950301890663
0.0899993100646168
0.34797598641812466
0.18908628507683212
0.2884194444036369
0.09864175799749154
0.08336688600703974
0.1728870504705403
0.08552087301746494
0.07521764018204333
0.09389743909996368
0.14146723784776666
0.08779162472472243
0.16533597634694416
0.18269160141616836
0.18445599620861597
0.29780110671783955
0.5059388014258828
0.6212220821004593
0.4310477249936201
0.4317530501681488
0.2599347161992837
0.48339234035051504
0.331583828377133
0.1846936647999165
0.20133390136768944
0.09474527150718687
0.11258154577414399
0.04760759633223191
0.043716104912293816
0.07556512176002196
0.12292626125068595
0.10523719754657353
0.1271096722700524
0.13832984077762386
0.07631665168448826
0.14449618780391063
0.16339615093972296
0.17632615939300098
0.16391863122271538
0.1796380531414724
0.2913783334297894
0.26332638837258915
0.38362964299873553
0.21941342055037397
0.3921939131539679
0.16526717478910644
0.12888377845351243
0.2744340468040718
0.23467010759280887
0.1684537014101497
0.11717802232836255
0.13045440626812851
0.1430124428905111
0.04859080667918215
0.14379236214653263
0.1311065217813626
0.13084252204289804
0.09798980499005755
0.12167454834161213
0.1418379937507915
0.07862008695299855
0.14495814582497815
0.05775671622201196
0.1705829932917421
0.21652392355041053
0.23905921758164242
0.19967512980614222
0.3055935950373048
0.2067121387860942
0.07793550053885863
0.13186521835953807
0.20285641779506752
0.0919765973947139
0.2038539930306596
0.1555536809352739
0.10366264377473661
0.09164624595020977
0.1253202276926717
0.09205837526362642
0.09240585684160538
0.11062320037307605
0.09913110219608888
0.08793708212945771
0.07628269762569836
0.07119543850157449
0.147232394322746
0.09349678737712068
0.183205770445564
0.21017855769876262
0.16096428728827253
0.04924321728323319
0.13321972874152727
0.19711771532664393
0.1638158610993052
0.1470590845300579
0.05555597904355818
0.1507419333540776
0.15041906429969137
0.10099592468792173
0.1789205306883187
0.19062449501256032
0.17295177094504247
0.10799265287004861
0.1676712366454872
0.10845079883552776
0.15933349884726702
0.13074373483365012
0.17987101702634
0.17732205384274097
0.17893052337561627
0.18408513375440275
0.11745685432380737
0.12530347321258706
0.07743011204276269
0.18598014201971877
0.18791743516575773
0.13513800996608363
0.21589689093804673
0.21826901167046278
0.2037458309572011
0.07621258521125882
0.23729635233799964
0.12229735351472286
0.14345298080834973
0.156871519113086
0.16619412084441212
0.13340990567818237
0.09570289134894047
0.16982268513757687
0.12865856779611312
0.11008715324043426
0.06987288207548305
0.156871519113086
0.1688248485142293
0.19489028903191594
0.09427333228537611
0.10165659876924987
0.27537224007672456
0.2943811569343468
0.17162247503214625
0.15365902590410552
0.22133620693317732
0.24946893968628647
0.2492815451776021
0.12680653306151934
0.22118511482220143
0.33264052263799404
0.22535385383991322
0.12437268252491344
0.186540523864788
0.10178228048713917
0.043817182611512885
0.06818367634314855
0.15029895256423423
0.09942263660156082
0.14907963743738142
0.16976392296278853
0.21178702723163825
0.11641798741682881
0.08877750269015122
0.04925240616498053
0.14804166186078221
0.07989923577060734
0.07716515321211108
0.135642391869489
0.08920952807438573
0.07414172756959986
0.14478710055155047
0.08778354375779279
0.07795387830235298
0.1116250718239236
0.12275071917921203
0.16545373495938703
0.10694022994180945
0.16002409249166294
0.06891448597684402
0.1323005231312815
0.04428122113974632
0.12651903947260124
0.11070571657316274
0.14873094575732723
0.15474618740649462
0.18777150245308957
0.15669674725567248
0.646457375387462
0.6620440422500041
0.32454356180656285
0.3291463200617224
0.5347830693424025
0.1548418463220307
0.29226794365335873
0.33009542704780676
0.14981106706988875
0.17255785625869782
0.16986322278715793
0.2003265865522103
0.24398054972014482
0.16101163084140396
0.26068137778924455
0.15848186454876126
0.15291449783781488
0.2571052659151813
0.11248276930817086
0.22581402767664385
0.1392027363317443
0.13016705102536366
0.11535703797675574
0.2499750297863284
0.18713955099578422
0.16021912915499475
0.14944210435736463
0.22016717838727176
0.14046315742346904
0.06161145211496168
0.14809512573170372
0.3539257620688579
0.35959512861570836
0.15142923929644478
0.09384912778017021
0.17624207963011032
0.11787064959224185
0.06768608085610439
0.09740534568484965
0.11707381365490839
0.09955672041817844
0.09630316355545963
0.10799348237065201
0.06288690332974282
0.14207224809390187
0.052790125637651585
0.12838997197923152
0.1486647556436444
0.12299928647789837
0.17292601735825183
0.16378590986121683
0.20490440862892792
0.18881227708859544
0.19522618908834158
0.17075562432490068
0.19347062576562712
0.1572941073500748
0.209545915294325
0.07544464206857121
0.0872821768129934
0.11955585347838978
0.09126915863757216
0.08941642345891425
0.13286291293850797
0.06484975961118371
0.09932222745470298
0.11237149110797653
0.08764467509669324
0.07398933320872238
0.16826465258965495
0.12023418219593536
0.20705531588735374
0.2250444388946833
0.16887977313165062
0.16380394042888768
0.14693995407686203
0.17342522368886965
0.19870064404183493
0.06880175208214369
0.06591184877265018
0.20850711314668205
0.07568881895166851
0.19082593449673305
0.2765523333311013
0.2063057078521807
0.19022909145372224
0.17956251560870243
0.15649003096064337
0.1369011767125499
0.13035245889583733
0.12939670228060715
0.04826460137715679
0.09953548862948541
0.06649534276359702
0.12880693846737706
0.2078829749673769
0.12359838919041147
0.14169975511303465
0.20917593236812265
0.23315497933143692
0.15866978566549378
0.13053265965981908
0.1547325545436556
0.3316726641625707
0.15407979644940006
0.07454020873326885
0.08949670874689804
0.10657744299409697
0.08279758716214168
0.09222807556915125
0.15339969957985158
0.10120999361226349
0.07481359183555598
0.0953693679319362
0.07534693565291903
0.09776747352533366
0.04482336516283097
0.05941990381825492
0.17757929220960444
0.1622042489558081
0.2284238005025905
0.12363880092704516
0.11994708981189513
0.16186694035535487
0.12727024222928493
0.05622676741110357
0.14908528855434533
0.12094916092817573
0.13419986987365415
0.08955409304989302
0.1493244827221773
0.07263584649038689
0.12306287390844034
0.18548280471860237
0.142750812522455
0.14654783158852158
0.05193555963516209
0.17084132708406743
0.16203942119838002
0.16202568555192753
0.10262019904080007
0.17918150797091342
0.2115976335984607
0.10958885871246586
0.15651635839574152
0.362139888032863
0.39468879350158403
0.4228394699992939
0.5170372037593803
0.4531911145214013
0.278600116993027
0.04294883328640287
0.12636376795494408
0.10770978101796962
0.12182865743279785
0.08267637265819561
0.06358091808798866
0.10905820150851263
0.11430712050652968
0.10055049854016494
0.09927125376855724
0.07223576338496834
0.04582954771414938
0.07192873711406086
0.13866653365949883
0.1844147892692592
0.1896696096722539
0.06449676098358169
0.3761398479491903
0.2745831753057204
0.542110443507514
0.5328789149661104
0.2807151778960588
0.0664126428278723
0.1309083523925205
0.12220038191156601
0.0654340269217959
0.06061905288626411
0.16757599320366207
0.06673425368902448
0.21790858118199946
0.06679398142038104
0.1776836847457316
0.22801226844190758
0.19874106851906082
0.2256026795551701
0.22863691680418924
0.15502615566075306
0.16753168366729457
0.19226719414802979
0.13041872527911422
0.27110045403004385
0.28531973968356533
0.20441289082880132
0.20725419047758945
0.27926466656712773
0.07591854099534864
0.1337422090245197
0.2376839647754599
0.20854557636671414
0.28287190303970805
0.18690778745721356
0.13082054043453192
0.05086964935248714
0.18106095106579878
0.07401357610951159
0.1532076802162446
0.13960890896997818
0.05240466155661236
0.0891870751134307
0.13198819895014052
0.07763279087645511
0.103470624725557
0.12790611653470257
0.04017838543962245
0.10089205645955468
0.18054678203640318
0.07579819675673438
0.1805459111181698
0.17569207058681724
0.10561464212515159
0.18911732500105524
0.14019983602497824
0.2520143817625847
0.14457285210705598
0.10283030418097337
0.14864716590733817
0.14463635714325188
0.16942604045775728
0.05245932589475239
0.11497667232454929
0.047433007579035145
0.17988311212809602
0.09067652991864054
0.16770724684520566
0.1788573695112456
0.15386671155923146
0.14199606413611113
0.1525460601106902
0.22031408382424214
0.28671424114746713
0.25256993243643405
0.11678149812513731
0.16609213572815373
0.11577606575531947
0.181393743525393
0.12477206837635707
0.2392872490282535
0.08997753006856113
0.12566711672442563
0.12986921952789157
0.10472568527281366
0.18122951422876446
0.22506080493012595
0.11628372151965133
0.07671261906404564
0.10540716251760554
0.16094065054190115
0.12500936049884087
0.14449618780391063
0.06879912339291398
0.17227831575059357
0.16851522674854172
0.16464919402432665
0.17672724067517723
0.1291215286170481
0.18824582293570313
0.23344742988938005
0.2047756777765138
0.07828927248612567
0.14321862777196093
0.1989757838693519
0.12119834201227794
0.16309030882284908
0.17036680252013384
0.20300287200449296
0.2435545239529312
0.11396191280075961
0.11848833344544875
0.06606234821417016
0.04338071072852112
0.04810379594658085
0.11439491657706147
0.12724306404095548
0.16104229637001985
0.15902513552026537
0.17543167648942184
0.19601592454936748
0.15402973611046877
0.08697445328811068
0.21861358620248908
0.34652367897581693
0.24827180962623693
0.09687398455667633
0.13403530771985675
0.05079154385763593
0.09724083072835205
0.10671030635412368
0.14525446123360766
0.09976641062091558
0.09877426032863752
0.06189171235565418
0.06817911798623733
0.12044782045698468
0.095061883105419
0.06213455472279007
0.04999525182987167
0.05994061426171744
0.0779619426245687
0.10209346792910927
0.03967299694352681
0.1348004289638759
0.06021560124139988
0.10915073966887492
0.0991812703826697
0.08658756065219102
0.09049103632997745
0.06181939701252997
0.12643710268016087
0.065334617626968
0.11815604295514963
0.0897018636161453
0.25186937168544593
0.04566414784269962
0.06853068372227147
0.05133090287404298
0.046466252257281154
0.05450634775847033
0.09697366395359532
0.06338522235097604
0.03616284411609711
0.09603821592820244
0.07524167548832958
0.12030026176760934
0.18658246581356816
0.29101714138595197
0.5599473632765235
0.38708245578133216
0.5893141753916489
0.42108853352927533
0.47513625479278926
0.17252274784440327
0.044423648806827906
0.14133772090905067
0.0945689312216257
0.09193678541589648
0.0677750696397503
0.040366757515440055
0.11533822326038787
0.1422324320915617
0.054473611213270046
0.05339330522166075
0.14671428409093334
0.0366452604078249
0.09355222129074468
0.1296645025101895
0.10568802983196338
0.14125947694846694
0.15623393221783133
0.1812372375901632
0.17424453879038046
0.1816401886858842
0.1246737554821641
0.06280600674209738
0.05879483517970758
0.14620029087276504
0.0677973851097851
0.09389275475667805
0.16800105771914609
0.1596127572681465
0.19634259647422106
0.183235151532958
0.11412161323873823
0.0673456207860214
0.05487299706471368
0.10592331981055807
0.07860143744947459
0.12298923183147
0.09482379965235349
0.11024229842656587
0.09638430004385445
0.08777546279086317
0.05950849186507353
0.07808638344210186
0.09722690198692858
0.09984034641696844
0.2633279957691231
0.18712747097028562
0.30415690380405647
0.1021030171572963
0.18324725932080932
0.11282646027306484
0.23590075068678282
0.0967614980167366
0.09709800643723118
0.0423653392954557
0.06283452485742243
0.06960944913280194
0.11281086431315542
0.06034866103131688
0.11654376819272333
0.10196653791671999
0.0991183327101203
0.11505633823507803
0.053740312600783983
0.10707063512719348
0.13169166201960847
0.13114601230279097
0.0637570560029321
0.20829721908007787
0.24021977053370722
0.12830959291045127
0.2225990494334819
0.12805883868742468
0.18364544776106279
0.1860355955506365
0.19257376326195527
0.0717467886821209
0.11614773768118881
0.29838721527480955
0.39170865713740055
0.05831264356771745
0.10139654211125196
0.11544810843200669
0.10261901464551142
0.06385580067882526
0.11943144590318838
0.11054448264851768
0.10791156273729768
0.1781184805046502
0.11860302423927613
0.062899997947823
0.09787165350882239
0.1562207408068741
0.2504996094840515
0.20643066752507175
0.0873018187401135
0.17568080930081248
0.1523705180392166
0.18946394206049555
0.13451203796795327
0.046160347457048244
0.07623031915337798
0.1702634014484873
0.17541978228614238
0.0969963180011822
0.06987421395663979
0.1107033060053889
0.0655447227671413
0.11407640716171032
0.07737530506420277
0.11752758936331731
0.06156888703770819
0.1344940708951672
0.1210797234774703
0.03956273036256041
0.10445295256989198
0.09303900878765049
0.10102567965703874
0.1159659684576127
0.07011046908244582
0.08776125205268619
0.1357829377510024
0.11856610017669034
0.10320897102330474
0.03844168678940211
0.08421095384743922
0.060235243168519984
0.07789386851528612
0.07848808509868313
0.043447942789814974
0.08596880380307854
0.06731623465701593
0.056469796905040635
0.047500727085610005
0.10500901712822043
0.07055132612418731
0.10746527381646263
0.050113103392592624
0.09283764859093495
0.08764840835476219
0.10069069626283945
0.06832457539097292
0.15800114114138877
0.0963967668025963
0.10408250209340249
0.13319064704753278
0.10054208106242012
0.1351676925563015
0.1517953818942295
0.2237334271602771
0.12057399749293751
0.09951337877774882
0.08167387445435424
0.05837690510045991
0.03490396731673105
0.10342615258480611
0.09518802991478964
0.10945924108651249
0.09124676875205603
0.08205413820460535
0.14680421609932978
0.17666847850038922
0.25274027933142434
0.25760387418102343
0.5744296396409619
0.5780495944555625
0.3331663423234266
0.28012477374923794
0.1639349404088042
0.03590096098630212
0.08483363174088164
0.09868505637788284
0.07794759193907845
0.09560370181950037
0.09879974717171056
0.10469106551842652
0.06185997201201898
0.03369245232013097
0.043168525338684455
0.06593360204554104
0.050043307836346404
0.06395316988214438
0.03442575093261702
0.0465420571832315
0.07439729373383147
0.07759469373514051
0.034334256648404726
0.1593009485909113
0.09552511007648602
0.06289619689663639
0.09988293800230431
0.11532076802162443
0.0857893903518606
0.05614388389248185
0.08585177575542938
0.10275637111003486
0.05655868754126787
0.10087692488214374
0.12359334677825062
0.06030455295361602
0.07842049472970725
0.026133179689030672
0.07772187247691065
0.06746666946974526
0.049250505853421576
0.048946416693450345
0.10320752565800749
0.041680169348999756
0.16573871398980453
0.09259389677385842
0.15918673150093257
0.2127788991933631
0.20839184444887296
0.28116231581730816
0.24544292433459963
0.18510326296668878
0.1944881080048771
0.22314001121610935
0.1434108516817957
0.1564196884878776
0.16116995490003058
0.14950582146504657
0.10112521037154121
0.12001067724243675
0.08376584183364713
0.09022862473750831
0.06341134749768945
0.09010873368388543
0.08575048351843668
0.07880602225139163
0.07374022361823351
0.09620837067179855
0.16183077445815278
0.07843509557323151
0.048039473774350167
0.12803315617621255
0.14124957764686863
0.20289109899957386
0.2224442126603105
0.18511094123774857
0.1465868189394856
0.1453396704082286
0.19812296442870503
0.16925812484646705
0.06100498591964634
0.12585012294718642
0.17313471646973289
0.1893774599985156
0.17192343288625087
0.030378443056236066
0.04475085728878632
0.025076458288102923
0.05098090361493201
0.050304019137646996
0.08885622953458344
0.037129789566160566
0.1455274522025982
0.09986565691979997
0.07013471198323502
0.1625064331777599
0.1424332225123445
0.15088426183407216
0.09487050799041886
0.16084334868901634
0.1046889265748139
0.12727827882761306
0.08379900840368334
0.13584394744732903
0.14459960417353268
0.10155742079646747
0.13776853391707633
0.11991890819879239
0.08651883562702989
0.11592885605783905
0.0497660960134697
0.09404373909087128
0.12237222899619517
0.11025253044615167
0.07138831199796153
0.12877168549078682
0.16012860767093479
0.12547747268943757
0.16654471323475084
0.06683767747590025
0.09482379965235349
0.07695138886059102
0.05411254738983929
0.07366971990192919
0.030433576346719265
0.08540504733297677
0.06718580215538711
0.08204301625989006
0.0514135030553097
0.039630861619462165
0.07004349199852666
0.0867756468792894
0.0895615648659081
0.07369783199787222
0.07803237517980073
0.11131024959233728
0.06842594626494113
0.10087692488214374
0.09990684427809465
0.05697468326657165
0.0965257195623555
0.15473549676073498
0.14331251859835625
0.15858441920935493
0.1110713200238251
0.1573557691314692
0.13695813077638783
0.07352871809372698
0.150384093219339
0.0505204718460936
0.07518766360475584
0.09994195269238917
0.20583174465593543
0.12443880975110466
0.07846977675022934
0.11989523481657235
0.09794077307758858
0.07971744208915676
0.05104936858532063
0.08478682052182217
0.046924563890085105
0.06430112208239519
0.15417883202020086
0.08371073642520252
0.17284937495637984
0.08680422325306934
0.35069320679405086
0.289738066949621
0.2090470597487511
0.44661691631497347
0.30575146475373727
0.21475740914048835
0.15663057689765095
0.16977861350648568
0.04803487933347666
0.09056375240948077
0.13746634969512483
0.10137956009370806
0.0838561938299378
0.14775434888793518
0.12052718627387803
0.09617814079872895
0.17721274037934148
0.08794516309638767
0.13523318934427853
0.054177646781478385
0.05169664870973495
0.0797789606530886
0.10119520852311353
0.08324903444431847
0.17845606986021603
0.12095591300438581
0.187226349212791
0.14407322946089046
0.06039851972433132
0.09836677101780912
0.160855051493781
0.08347819026072045
0.22152239139510976
0.15824149441821758
0.20665280087561463
0.09701625150116014
0.09283923437143772
0.029510093731125894
0.08501136506932537
0.06042925482483013
0.08556120942354693
0.042079555200443056
0.05756782045045177
0.051366481377007576
0.09346123900045537
0.07430689097874933
0.09942954555709485
0.07069862485732027
0.06417672321063399
0.11675522811649833
0.12307139221306147
0.0843817189082485
0.11906829379609939
0.09221884782919604
0.0519723151621511
0.09851982037816413
0.18113240885265963
0.07403697062495909
0.12006851771596222
0.1357993859352735
0.12319489944322837
0.09841637268590005
0.10290746322101076
0.07292254701552926
0.027245034380441617
0.07735256872594891
0.02503051387936693
0.061637416005123104
0.10142727782550424
0.051968358859272146
0.05049749964172575
0.08623796831267173
0.08183652891664597
0.13252256115791763
0.19509329974965747
0.18945584828006454
0.12470554919743505
0.13746634969512483
0.06797416245386668
0.11303656541323813
0.050446960792116226
0.1642255879890113
0.1812959997649512
0.1577069970120185
0.22959745081257152
0.22801256288961438
0.10799692717481622
0.06800941768071282
0.0785024143630619
0.03932313809457945
0.08610127660824707
0.06491812906361846
0.0704157762705042
0.06451374263022192
0.11909650680308054
0.12720963897868498
0.141681360641697
0.09962385435349999
0.10787645432300284
0.10541736193310842
0.18006058934386399
0.21283331323846003
0.23744325777497002
0.1405052519996128
0.3062774445945134
0.08911542334420919
0.0543754015776692
0.0777992212678142
0.06509339720793211
0.05917870202417584
0.07931505564255473
0.09050843971735383
0.09322619030130297
0.07701576965832976
0.037051221857679825
0.09459241086512614
0.02683153470181771
0.061404262093136576
0.14655934764658068
0.1050914310069343
0.08711477984217855
0.10419063478137461
0.13400268991849917
0.12673880981583888
0.08878633296966854
0.14053026530434404
0.1120894640383728
0.10715177797478687
0.06105170515420442
0.08693367884457336
0.11362034641854375
0.05918112641307072
0.08037486312544836
0.11149973266729815
0.1059842480263373
0.027888256102745455
0.03451803428334882
0.11943412025679045
0.10715842654943954
0.10089465411114854
0.056679902045213934
0.06389305647663669
0.15404527496311202
0.0741429440116643
0.08853171804659545
0.055257651865579266
0.07609096999384549
0.04772988290201197
0.0891870751134307
0.11513219327725137
0.1562780038489222
0.06442552095415607
0.029882243441887377
0.10695550946552698
0.23741387668757605
0.0610601192101297
0.0768522310166435
0.057488703891916404
0.07583450406342773
0.026900451314921685
0.05411254738983929
0.08612250325623809
0.05131005536304528
0.08709773415435497
0.09356890404216486
0.0995461225130881
0.12497473500747644
0.13950022470347895
0.25281673986064285
0.2686622791496791
0.2979549397948918
0.4777891036642503
0.571124267309132
0.34674225874408654
0.3737274316522455
0.08548166682697789
0.07067323797533245
0.0850373871865024
0.0504460282297775
0.060789469818277986
0.05959527507984223
0.07224245668985264
0.11794086642083122
0.12153401119264833
0.06453064409477212
0.0658197722355069
0.08239896365436356
0.03396089199077315
0.02402433132804875
0.09118304468408306
0.09029415136926539
0.09564928047439795
0.13992276846967386
0.15176200089294395
0.061882524126504
0.1513805595513558
0.06549834909402627
0.0658475266004198
0.12321560582232795
0.07483884739005285
0.23513325977191987
0.11372663114100218
0.13167587476899953
0.11054448264851768
0.07816956396032718
0.06732349597680191
0.04578294999005016
0.05704670011587854
0.06324164719216463
0.05101252597027237
0.06682175855509358
0.05925557879544054
0.061065235263335814
0.05693760742463593
0.10652113234710808
0.07668847962449953
0.10434750891917165
0.04288451111417218
0.08634513164429855
0.13463246931403186
0.0806824893006163
0.06533754366345035
0.1432902637909214
0.09133496110878843
0.053851441479453026
0.17523937743908885
0.16969047024430367
0.03283646892361152
0.050166642699841335
0.10092789856828918
0.05083736295501003
0.046711335225118375
0.026137774129904274
0.06333480503590866
0.0402755391778367
0.06724431617921185
0.07034024548248723
0.05231125952566843
0.07804597860745308
0.10038099181868247
0.0878190561542781
0.14583571606256338
0.08691079932938044
0.08806785389780017
0.13643129794939987
0.11145078191118979
0.18838600057260357
0.19677095931731076
0.310949954743871
0.1450533563888778
0.20974957762839627
0.41673687767868606
0.23571372437365878
0.23477923976144233
0.08430872797800357
0.032769281745482826
0.06333308081956915
0.05072157376212501
0.07715968895085712
0.04670798885391169
0.03168242844483347
0.05964919588678076
0.1335185874377309
0.05864543717814341
0.05144220712772401
0.11648713829223814
0.23813157191087217
0.14860103853596213
0.1639696049088608
0.20635258647978683
0.12274988766278863
0.1437338481227079
0.16019884457376507
0.15989666035181327
0.13232768923397933
0.05273202700861518
0.06060189247476301
0.11481036898739144
0.09408765956869335
0.06118460297932816
0.07301961717715316
0.03932313809457945
0.07074345480392183
0.05122524936763779
0.07412848307723968
0.07798973980276903
0.1769035271995416
0.029666304720828252
0.12989562693649662
0.10009974876910833
0.10038665927345597
0.12003187305261741
0.08292688263301738
0.06227800358901764
0.04649114719994743
0.09923878326546962
0.10784757646255465
0.06789559474538594
0.05865079438082627
0.08857003324947985
0.08665526644752113
0.0818611193305928
0.06141534866604295
0.04537285164759168
0.1967486179097041
0.1253103025847946
0.08446974290155308
0.08792092019559845
0.11724649760029054
0.09774182539658509
0.14490544629040622
0.09302559507632356
0.07987641066551102
0.121088920902594
0.07355901706503504
0.12876212705851703
0.08049916464749479
0.21815844052691233
0.13960827066112502
0.30099961668977165
0.21503903755534567
0.2541675425435012
0.1862735434431805
0.20563636303814067
0.1057095350972901
0.03037384861536246
0.045117506595029354
0.051958954523611656
0.05110315997851709
0.1056748866890205
0.04113019538963488
0.12054403326582869
0.15442699534309742
0.12601580170862398
0.15238222084398156
0.22208412602382577
0.3937015761991607
0.2503036246013606
0.3568098992905618
0.308584466024122
0.09762727412310339
0.07772965292355101
0.18605682176512034
0.05113153248228245
0.03267943026387877
0.09911607888506173
0.0984545382887884
0.1497589968308791
0.16692165861074929
0.08879616126563628
0.06537847650199528
0.09997497038319912
0.03329131857009795
0.06286677299559641
0.070146611760911
0.05794861385318336
0.040337970995788196
0.09797609562389759
0.0938798998241623
0.0634492284644011
0.20995509774372267
0.20658961251507585
0.10619080532067648
0.17822496990339648
0.1100209811091098
0.20336320077756279
0.15006432319809546
0.25000458107992646
0.34450918800746083
0.3246766025050134
0.18550052090103927
0.25064807646249343
0.1332138502445975
0.09442875358472529
0.04521571623063019
0.051475759342459564
0.07624132921954176
0.030033859990716165
0.09720732764319612
0.10330122291234953
0.07679185817834726
0.04501274965038858
0.09556510371031056
0.1978261363346404
0.11935982820157136
0.19541704207759203
0.1981607439291327
0.2096583564011945
0.20184997658528475
0.18802918476958427
0.12280181505327091
0.08255501968607264
0.20541561393636387
0.08926236070593552
0.05147494367292429
0.05269278410891888
0.0697746724398822
0.11687170858292142
0.09900676542166258
0.09289417695724696
0.07788779243047786
0.09064065461062701
0.09922630997178057
0.027787178403526264
0.08043337714927312
0.1157079277757792
0.03391616252890731
0.25344125986102717
0.12232992210441578
0.21715724521779578
0.17332873775168262
0.08142233522214294
0.08116044286054068
0.1289361569258328
0.19472590812897703
0.21842477688532524
0.16787627508043107
0.343348588997894
0.17422119792687127
0.28822407931939426
0.32627419684587944
0.057389160952124076
0.08627359536721399
0.09290791260369945
0.10189102538353678
0.1040976495742591
0.12669430407980248
0.03563448341563331
0.0887197007364178
0.17433935791284544
0.0749483847985265
0.13467801346529762
0.14796781728045405
0.3667622859137481
0.19124723546826994
0.11335045771458678
0.19006488043328906
0.12110945137605071
0.12914045058085652
0.11277230806576921
0.04316017756658833
0.08582183542116328
0.0935452731786991
0.07640082290494515
0.25803785425385817
0.1913443316537143
0.05402126392532869
0.07438530058827976
0.036056030883591196
0.06664809463537288
0.0425182249061269
0.05749363511481981
0.09061405964615676
0.05467657779351199
0.044161599475181244
0.11911552603478441
0.11117202439713547
0.12920851373798653
0.09304526906822287
0.02832932242661094
0.08846645414346781
0.15361664849414733
0.11853930713159418
0.09247901008965598
0.05569141069472072
0.09064992570904522
0.09252603866298906
0.030228925837940915
0.042255376075623616
0.04703930849803107
0.07258652907133543
0.04910944081851584
0.02804446709244781
0.07105731848696738
0.08414743429654309
0.10465983310031263
0.0415623177862788
0.06707414131644134
0.08298385786721281
0.028150139232540602
0.09348941975398774
0.09793784737639734
0.06963717895004114
0.06182739083602065
0.13405562858212153
0.10024558424904705
0.15731435881877123
0.11283806613682765
0.1141683135446089
0.2613888440011163
0.14241925924082832
0.1413735405934243
0.07069862485732027
0.06525906168790523
0.0627153307351889
0.09194823892787843
0.05514090018477549
0.057554393833860566
0.07659485718638026
0.1097530519604529
0.05864424707178635
0.1490502563499874
0.16333243383204066
0.10201955959826393
0.6428435016379966
0.28725663682343955
0.6025201940479509
0.4389216679782295
0.24892999629204074
0.05800022158831293
0.15139429519780825
0.1552142995970913
0.19360393674588172
0.0406791794948449
0.06571080195678036
0.06040381808253677
0.0845653453155514
0.04454228971674069
0.036802424114157746
0.08837831088128578
0.069260496050335
0.07738978419591308
0.0945249134222906
0.07388404226719399
0.06913150859468058
0.07628212131689134
0.06009012186194066
0.05246392033562622
0.18011551999547967
0.1273868191852782
0.1591447865003408
0.11164813209736886
0.1759611645746133
0.11198672552601445
0.04016919655787543
0.2570428010789531
0.06706964787279718
0.08880433664849939
0.09267440661400933
0.04041291561564236
0.07288084766922696
0.08267485599669833
0.07839336946636363
0.04221497124097482
0.06840289385093866
0.05854913223887871
0.04625992711342003
0.04674031272163054
0.07636326228894785
0.07602464947852976
0.08903446030413656
0.08771583824471076
0.16263900926973293
0.09968449098756124
0.13290207155252173
0.1896322484107114
0.22145994623260978
0.07752013903426914
0.12847840340957825
0.1692350633896957
0.18570795810637367
0.1833499105387601
0.06507602668521625
0.0870855430359478
0.0409861545907539
0.06586338521695166
0.07476565415405981
0.06729093197006565
0.04001694823608497
0.07990186716810385
0.06783323283825815
0.07054628017927271
0.07544105549548885
0.11864083089715124
0.09621820339871576
0.15414652953825891
0.10036370027502631
0.13368113882964444
0.20646090111795024
0.09342267045023708
0.04454310426954163
0.2506713877836791
0.16154835481694485
0.19416421915919171
0.1215964721606691
0.3175788081086283
0.5713346245610327
0.2859814400402714
0.12614496862553207
0.09970476667137229
0.06843800226523318
0.09443256935991039
0.08588091845279183
0.07856789770744534
0.05258285181183444
0.08972984090141178
0.08046341691786985
0.10311761652851574
0.03211514170645647
0.08457128262050932
0.17952102509382353
0.238467647210656
0.14377128177366671
0.12424983927855265
0.1274292108056395
0.15314891804145658
0.11259811086175632
0.0764332857336196
0.1777849598213628
0.12227090418385038
0.07600149397422815
0.07806416889507138
0.10039836207822093
0.11118740848615716
0.07116438426962853
0.05541034571097204
0.08229742173062465
0.023891092542714407
0.09771062006992762
0.07776872110408198
0.0648640156202767
0.12867756263004723
0.054705020536443376
0.13945126187282686
0.2442197939227935
0.18278024734142942
0.16569464235871367
0.04229642268235183
0.07228424918654677
0.16162735180480936
0.09741594358993999
0.08488044295994143
0.10911597541747307
0.08104401733838763
0.10332324316368761
0.16721775991091622
0.2650155626516525
0.23747785726320428
0.24983501459848156
0.24197136902148703
0.14597225504805988
0.14292775634443367
0.3475075001464112
0.31039649777438233
0.1613584312921927
0.17240968566178724
0.12010741147676265
0.22371076507150472
0.13681077012054044
0.08582867420610081
0.10299628415250596
0.0535294785788957
0.09396102653050563
0.09410447283273221
0.06388004357961448
0.11520324367204807
0.05861933410835205
0.1947714666943313
0.23675734551385227
0.06167565115733238
0.06492753339927895
0.083628778368642
0.09593959346278766
0.0729468884747855
0.07457745812036638
0.075902393114945
0.10465543329758613
0.06549927963672543
0.08151271342031267
0.12543392340286555
0.10059531511702684
0.18919951227394913
0.3505926251473766
0.42421575952522433
0.3826691570001693
0.4221003515501829
0.2948340269970011
0.11014679844739665
0.03350266285028341
0.06206861535852265
0.11466982310587806
0.06076141270172941
0.0738915092856846
0.08936153572131994
0.03513368936041086
0.09179680057600706
0.13826739727637308
0.12345599031372718
0.12511706696504107
0.12454642946335437
0.09703965711069003
0.09514380273877333
0.09700262529141856
0.10859673346019527
0.1048805363031841
0.12058570029770245
0.10617582448988658
0.1675750319519325
0.08699010485853564
0.12772028260365093
0.0587620986345073
0.13097779092894848
0.08535925367887007
0.17107138396745092
0.2609937019703855
0.08774005624250585
0.12093255571388681
0.049502814676741703
0.05870179629511278
0.06407392348501996
0.022586271334612315
0.06841943022893252
0.07542628974552523
0.06016169307334517
0.06709217971726783
0.0486867759847895
0.075035884519099
0.13901549302581043
0.05131005536304528
0.07205416893759266
0.13899100645133577
0.05821212467514243
0.057467266446975286
0.1802429542108439
0.14039044873106343
0.158098500493519
0.12901171972844272
0.17315743855680085
0.1039697205180671
0.09536349073789115
0.05991228881711102
0.03548255844662201
0.09748188287233231
0.08792960860116106
0.05105010881992383
0.02502591943849333
0.07079373007594995
0.0654316816265368
0.052748918719083764
0.06976539201715837
0.042093806415870814
0.11271556348945931
0.06552400387876908
0.1606907911969883
0.15875754550047302
0.11307237929247861
0.16163913941303068
0.1039535585842075
0.09320538511723077
0.07121383354078326
0.2832780322947879
0.19234920467042413
0.1382922615440738
0.21257148260351474
0.41392820453510787
0.35195015050010625
0.13058319850942862
0.16112421600337418
0.03523106994454422
0.05162121674719517
0.062199104974908444
0.0470877942996095
0.08116285176533253
0.05088686025832809
0.0622308986901791
0.10269211181214462
0.08654199291915785
0.08074543888291484
0.09979186061539001
0.08754406917459566
0.13544826234914667
0.1939610635536428
0.2101473252806484
0.113030710302134
0.08604473540442262
0.15976943486262277
0.04610980860743871
0.09526592023967177
0.06649805745456266
0.02030742866130723
0.06277409448830731
0.06586338521695166
0.07708160790557188
0.03127649528434997
0.0836500868948152
0.07478602517418646
0.07484553751885839
0.08314847732514584
0.029534911079694942
0.11543829237120047
0.02928496612831953
0.06437167551841755
0.07969449586112062
0.0352255781778829
0.10082120139266336
0.10638258177345547
0.08983961856363146
0.16359540608159853
0.03644310500938677
0.04897387161962268
0.034472089874612796
0.07331620080833967
0.03783522059408709
0.040523282360587096
0.028114145018002672
0.04941511277537537
0.06496596299256789
0.08320316185593339
0.07192543808517854
0.0724336080128985
0.05767142188150974
0.04812215806661673
0.08018098749834711
0.07404887002462206
0.04022666674210717
0.08574860393223165
0.06011730807737747
0.09342349043833056
0.13583180776729503
0.08079264765834386
0.12886783501595314
0.08807296505247215
0.05351216300875486
0.085661279567682
0.06347498267280907
0.04858621223830864
0.16814944717280023
0.03995167976242474
0.05229751060738542
0.05398256303526582
0.11660230705806139
0.08192263271325553
0.03177974752268374
0.03197509315892399
0.04400382698849444
0.05095312314243179
0.12009225661441708
0.057927971462804165
0.17553399790570917
0.1777056725539721
0.32482254670792876
0.30470705843134627
0.2511063246896715
0.5257569302639884
0.18883528740622071
0.0965831297760091
0.05638252246219933
0.053963472929244395
0.06311205581671984
0.07330016067737372
0.08102128659781684
0.052094376957121165
0.05442006916593379
0.0942604045775733
0.051735158380904415
0.027538159708177218
0.0767083743926
0.062302587891460315
0.0437959911704001
0.07852669076808826
0.08212564343099737
0.09354051848597973
0.09641447471819298
0.09413736152899055
0.185251118874649
0.0764005491884193
0.13807497234689575
0.15634947165928822
0.17304167400671283
0.07747430787098869
0.17077459200929856
0.21249045061786373
0.1828531973968356
0.0719125247077786
0.06253883214154166
0.03185920578891499
0.06404931940731072
0.06346223925127287
0.02579319106438434
0.056875631157495415
0.04811448910991384
0.08838774326287227
0.047658779191031425
0.049089496378220285
0.07087891058545773
0.049425635943386705
0.08183698156310489
0.12190012789928982
0.08466429052291216
0.03732983209799113
0.17953313452130842
0.07712687894510517
0.12105288460754265
0.23527380565343325
0.16153381417014642
0.11399106715115252
0.07603389988217628
0.1256811650390078
0.07984823691102724
0.07214050931756115
0.059848143567784264
0.06744202408104155
0.04457461358445954
0.05450361391118344
0.039272505717756145
0.061856568137686356
0.032081438711077714
0.05525850567780637
0.034085290862534354
0.033038624322049966
0.0200823010585009
0.09455539404491713
0.16111251319860923
0.07595300817264972
0.27034781119555507
0.24879744269683382
0.09437945981241465
0.07880844430484216
0.08047163190108511
0.19288187264326676
0.2189828827611228
0.21645959389501765
0.4348705666814184
0.2321176940899235
0.38295629470590475
0.20332877443414582
0.08456177204389616
0.05483356093715732
0.04193213739843388
0.05382675995357958
0.07605093810780687
0.049905535070172806
0.04320893017333326
0.12486720762012822
0.02603210198981148
0.12564801807298037
0.18455323114273772
0.14805429932279807
0.12590146476538813
0.20441617655671313
0.13712176343052998
0.1540552229535415
0.22032909358584146
0.20147446216307843
0.1718940517988569
0.10505023832673852
0.057377058158826544
0.025522119052842015
0.05494249415531916
0.06781547447439912
0.09946967137253736
0.03622626091863285
0.04919547542912322
0.059358866410710746
0.022025749548033224
0.03982300502977093
0.06372520330790991
0.06425176805838265
0.06151232026919981
0.10626146726544429
0.11940473916939644
0.11932939926685124
0.06717409935062217
0.02745178421975357
0.06146673787625808
0.06118460780644661
0.060421389733684515
0.08590661866188556
0.08093371269324928
0.11787064959224185
0.24433120690651894
0.05184826525856387
0.18242312053366835
0.12010674798057146
0.06306719318364434
0.04466119005115516
0.0666216156659956
0.04956137817942248
0.041843246762206646
0.027498697968237375
0.05390813038831224
0.06406541895695296
0.09854487874098244
0.10393671771854429
0.29488328363032684
0.34273185027905256
0.4372640331418669
0.12098081708360674
0.14714632682368117
0.1890614019140326
0.17867551336186663
0.17486330879738646
0.2296572696155481
0.05890992088128545
0.16656138443683774
0.05277964948977462
0.04965403769593524
0.026424939285668095
0.07428630648436109
0.017711569567723857
0.02672611550151069
0.05613835445730584
0.01879585761389319
0.03634010828305208
0.06557643255984533
0.05410207359462596
0.09632808857033458
0.048016501569982314
0.25411455387918797
0.2559403845988045
0.3474205246698668
0.4859259645448064
0.08402772913725083
0.022246282709965984
0.04960818939848227
0.06276135106677079
0.0511972033351207
0.05781333591794378
0.05473299549883852
0.04477663775770321
0.06121977623812644
0.08145414644154439
0.03423070393738154
0.0426109386205322
0.023188143089053766
0.0790347003687539
0.07968951481809827
0.06870570355465777
0.05494012892795304
0.11169827695051511
0.061685483915876214
0.1136840635262257
0.17998854137591605
0.15995682937130717
0.20112823375593109
0.1702903419909154
0.2372882966217919
0.053059261795876375
0.14940027204874531
0.18404313143629436
0.2061964713314038
0.18433373170935377
0.16335331042083917
0.22176102157643543
0.037743331776615034
0.12858386537570485
0.08231303793968178
0.03440067621991395
0.04980713707948577
0.023307598551767335
0.044341927254269733
0.02561962027374113
0.06553276922416458
0.11041596295698984
0.05768439740644503
0.08134951947306117
0.08822744512270772
0.04312342203959932
0.19830152783258556
0.1478513739146272
0.22014169907715703
0.12216205197576552
0.11454215821584754
0.05501383502047354
0.14736492664693143
0.0896317816944975
0.06262170829706962
0.06878811743337165
0.04335398739436192
0.07088187333813231
0.05761021207081308
0.02868376090448758
0.040965286136624944
0.058352065427133316
0.0661346453565838
0.028912916720889553
0.0807514170339775
0.050113103392592624
0.05205690980350125
0.04677397578216387
0.07566725057593326
0.13497832091355041
0.16998323921041628
0.09884638748461033
0.1495497348356862
0.11531075196748325
0.030006293345474548
0.06946982752324356
0.10019941439721743
0.03483045626275334
0.08637491117372029
0.08244333122768865
0.03625929861375449
0.045132200302611794
0.10127197094977196
0.06936244342262621
0.061498239039637664
0.03762674697718915
0.03842611550832175
0.06461248091185728
0.0553064494679767
0.054223288098572034
0.06731453300780123
0.03864221795441346
0.07359833087815114
0.14235676198312602
0.18890634565917755
0.22272333299055375
0.21832810036011252
0.18479234916484238
0.07548392592281143
0.13066157185817764
0.13709469931179413
0.032611341320805225
0.05956706207286109
0.2205633367216972
0.07220623276948082
0.07481128074481116
0.08119463501344186
0.03378652273325332
0.034248973588535764
0.05322927175754351
0.05397333557579627
0.022770048969556256
0.052490153308432194
0.04371635849744368
0.07119429709106609
0.04019393019690689
0.06367912772358951
0.14268530215421607
0.16078448845133064
0.04990358950331076
0.1814753609284561
0.0603082561966684
0.06918403552111656
0.056196868481130265
0.07955686425201469
0.061066476002429614
0.03973561856410294
0.23194959044065064
0.17900684232181288
0.09292026983343933
0.04988059634266729
0.0282909223620842
0.03768154879338915
0.07760640245578093
0.06797341047515855
0.05668701290885099
0.05999730370386731
0.04947620990927075
0.04253581019190867
0.07074142702841173
0.05925314681251153
0.11804322120911762
0.06440487216610964
0.19423440825152008
0.14313917167994553
0.08066585832541313
0.08319254895623668
0.040166060292196715
0.045874994678473634
0.03091639328714687
0.05718655756689726
0.03843551984398224
0.07643101791967159
0.02356488724068885
0.08095790019015435
0.09082546778051913
0.07409891197567635
0.03503099164043385
0.05935662576765799
0.057459184135535954
0.10278973424806451
0.30034364532709795
0.12096243932011241
0.31366280728072843
0.5572270129717508
0.4603051293163105
0.4491134537972122
0.6013365754596509
0.3767346782645951
0.08195921456342731
0.1469788896887074
0.041111056936963146
0.11568478070744076
0.08787243439402001
0.1313054694623661
0.14996107005920264
0.13693055779994392
0.039273280587523746
0.06629150403057213
0.08041647423192846
0.12500183631796197
0.1352264547310895
0.07967353171475816
0.10096009670693691
0.0604382097487616
0.16273651458346117
0.12131322946716042
0.15867256247153697
0.22928914622908855
0.187038297741658
0.08584176882418099
0.04119835131356137
0.07755448717710355
0.17867551336186663
0.08466980050601078
0.09508656918874067
0.1138285001723529
0.050768295644451865
0.014215200062915066
0.023727447961164803
0.021468626342345323
0.034052554317334074
0.041068733828889044
0.05477775805197401
0.05077456328757632
0.026385655431427756
0.030335949854253343
0.05712875874768178
0.02936623382268425
0.0996383793653512
0.04068766849125334
0.027249628821315184
0.10204051651951616
0.1434550915483495
0.16898965830326942
0.1803515983998075
0.13087352995998353
0.14396583129689358
0.0871128235026241
0.12426038099388635
0.045788197746286854
0.08387235576379738
0.06171160134075506
0.06406433627079938
0.12048909068001945
0.0494059940162666
0.03520877291288798
0.05425067615719133
0.05480945602805699
0.05192534474193587
0.07377415709557517
0.04870707343158373
0.0487304790411133
0.11264708906876643
0.06642558624356758
0.0557394974590853
0.07506540724117078
0.07243907097001669
0.07729423479268135
0.04401474356907782
0.0488710675724718
0.09213427646476481
0.13438330711553947
0.06281979006471788
0.18201372250875075
0.25614431990127917
0.2188775262182066
0.1604679972627452
0.2547928872947809
0.14447880875045205
0.04538532389700449
0.05665640061268695
0.045941918566404415
0.040579708374549384
0.046419800819646743
0.03302691184185772
0.01905774074368834
0.11028191153354569
0.07211565342543162
0.042856944468930826
0.19504645112248642
0.084761262126069
0.127153665273292
0.08284607296372011
0.1270136824533004
0.12170150778100652
0.10414561332227382
0.10709236640375347
0.09218767073450244
0.14768248905247022
0.04667566498619253
0.0733346164090999
0.062322532421352966
0.022273849355207567
0.030949129832347152
0.045931320661314085
0.07455450926238787
0.019673395820750596
0.03244191629348001
0.07684736476971614
0.06586916980261384
0.05719708392871739
0.07575192374437878
0.07140342379120478
0.09184018915652349
0.1585759079053652
0.12517170763968757
0.23520533129733784
0.20706186965407367
0.2717016056764258
0.13640008923149738
0.28435555071972424
0.26819804965507765
0.096405935471828
0.060930490650258344
0.07263098832431411
0.04392589634973902
0.05297892754635672
0.07904864533327771
0.08242761436055575
0.055370166575658644
0.06866449661530069
0.06583793738449992
0.035597719250787245
0.02927956602713274
0.10395601472675564
0.11504164769138087
0.06898080206890357
0.118993278353769
0.2374864037523534
0.18145733095593464
0.1909636518219242
0.28193226959161
0.12636090734659103
0.3613711225148914
0.4608423557755853
0.32417939479295854
0.36488174976534027
0.22608022927558868
0.060206698817933925
0.049971868982542605
0.04265571839596828
0.028533172796566284
0.03897156697662403
0.02480998071743417
0.04402369774506217
0.06298017112706068
0.040977818151628896
0.0775895955913984
0.06107175577852202
0.10613534013731289
0.1159837986436483
0.24890994336992847
0.42779666097695257
0.15049091081473265
0.3526352513711972
0.2026106588950042
0.08264520724984217
0.0739527204994557
0.06480477996218997
0.06001103935031978
0.09368264961650476
0.08018489381357215
0.17534632956765722
0.03983382819970379
0.06361922425700699
0.0720718073775911
0.06121737172527952
0.03595222187042432
0.07483362959263112
0.05942040655286861
0.04258238265278267
0.05152701454898689
0.07800058146452975
0.019558534798910596
0.10918012075626891
0.08888255526023772
0.06955861124156039
0.0632739710598838
0.1091160308096193
0.1224464462553243
0.117961731732787
0.2050457302406895
0.2048534311903568
0.12544893061732268
0.09354109225169693
0.0768097349615446
0.03783364236171767
0.041469602618302306
0.036057274440511135
0.04978854794271539
0.04085492412306565
0.0753638249092971
0.020178784316846457
0.04098209898414892
0.06838337946079819
0.05113778260933444
0.04674839368856049
0.07260066695068389
0.12332845785025252
0.16583601885284824
0.29958135455034246
0.21111780346990622
0.21959513176016032
0.1534411406347965
0.12343278100157187
0.1531936648830661
0.14701063345688445
0.11015974118624963
0.18919951227394913
0.14287269666290045
0.22582599917392132
0.0855340452992983
0.0500535091628249
0.04213416157167754
0.05649158767086197
0.07520089318505671
0.06061318329391361
0.05409097572935649
0.021593872105914944
0.032259219983532164
0.11295204010960327
0.07485927316531087
0.038838637225615154
0.14558991703882634
0.10501900590862462
0.060902477736635145
0.07184912444532005
0.11466530698452862
0.11810538909842794
0.05146184905484411
0.18887024044042536
0.13747337535496135
0.15458234813978566
0.11746690282785206
0.17658326910700073
0.4340309752920192
0.22600460956501117
0.02531177980659757
0.05856652892424302
0.05178027214606461
0.08506149073372155
0.04411249465738066
0.08272636467089461
0.08599260852762829
0.10097179951170185
0.1041118831807965
0.09346446350940182
0.14963325568041078
0.043077477630863614
0.20484494131127784
0.1329295235474997
0.1777942076792259
0.10840377715722595
0.150410604394131
0.15092728321842835
0.17270203170219323
0.08220146499790947
0.11782429733540119
0.1222253235592248
0.10209706008032196
0.07198758825912453
0.08488393085396148
0.07419578220957232
0.043801497477978145
0.05794011200361475
0.024447019888419862
0.05573438286983182
0.07418407940480738
0.10728913443931062
0.10225493690552773
0.07525349395437864
0.12964576759158375
0.1509618929544496
0.03594460817460107
0.03409879155363287
0.06828370568807764
0.09814123771955671
0.08870982010661153
0.09312768294693706
0.03581366660970358
0.05638673491477469
0.08276328001210577
0.11721838842398781
0.10597940276563293
0.10239455862261443
0.03994120406796079
0.07143360294009461
0.08568145423328645
0.0630490569631495
0.06796576442223679
0.09613338295516621
0.028234217500527438
0.06648615541445634
0.1488911836334855
0.11698492585511017
0.22302981214075235
0.11538247011294231
0.38844242658824224
0.38076947751419005
0.4174290428162253
0.11866429999513818
0.20994998560825404
0.24556272127631432
0.20686340978716353
0.35254803114666244
0.13599866596713944
0.2722373724914578
0.09241911600843492
0.05329051246973198
0.08628443288081178
0.07594442064617683
0.07763406624950482
0.04548048997728387
0.02676905030593677
0.12417848531712067
0.0904457014120566
0.08930112766230526
0.1652397928953055
0.10042796008365579
0.3854005718675038
0.5059261653273773
0.5130174534584048
0.15222485280042897
0.37425390104961503
0.25721920972529794
0.09638977353796842
0.09863155648039404
0.05330690644873934
0.0897971096205308
0.23174645337941385
0.1243062818934571
0.10657783254049492
0.06413756920380685
0.08922943759787404
0.0747809224478182
0.10000620280131335
0.0720657546139678
0.06703174969608036
0.039630861619462165
0.0721505378546901
0.09029415136926539
0.10577191461856006
0.10682688331011694
0.1881564836714604
0.05338740295121958
0.17794529979020185
0.12514349463270608
0.1460584033105378
0.24355045687994015
0.07322619864341975
0.15536719013970696
0.07843215940758771
0.10792097417611857
0.13127469847659035
0.09529010766608594
0.02277923785130346
0.05513191324752307
0.12196259273551795
0.054563955501537635
0.057765044319629345
0.08957457515120745
0.03379066195573181
0.021469822202327772
0.05491834417787961
0.14702660827207434
0.08630694422000544
0.09673723024489135
0.14099641083337877
0.08825969017268723
0.058900731999538124
0.127153665273292
0.13627916148745586
0.1493220416155491
0.11123561182767742
0.11713864496296839
0.15206624511532857
0.12933344341044312
0.09190139030070708
0.017357797620456722
0.03269887509114897
0.05040363660941619
0.0894964941059222
0.07927017378913187
0.08401520472689976
0.06902162342306177
0.041360268234361
0.04459598461993784
0.05519388971022712
0.11154658129446918
0.04958759791746399
0.03128814234920866
0.13990561694206205
0.0674126999275569
0.09647273003690421
0.10141214858667237
0.09340239587598395
0.11747896106949468
0.09468055412730818
0.11184901082498411
0.07447564033064293
0.0686223460488324
0.12934572859446172
0.2100770483350212
0.3777560970899091
0.12424067840930972
0.10454200514884021
0.028723044758727917
0.03475623876482254
0.02550833573022121
0.020059328854132887
0.09485684065167255
0.07564784653448543
0.1277895395787093
0.2280804093412816
0.15790209380716824
0.08935268610975176
0.2020521516633122
0.3253012508672947
0.12476732120629103
0.13652221337310766
0.17807163187747888
0.23285329324959123
0.2607594588345298
0.1312995506744562
0.17917878136152227
0.15867630022862966
0.05162039843983789
0.07783101498308519
0.024603230878122218
0.04797868064553405
0.03602984164743084
0.05859626776572764
0.06076649990519902
0.06079607075374262
0.03351985082457196
0.06130363884767361
0.08926899474678533
0.038465402585574286
0.022333577086564367
0.11289327819186962
0.044678836889345507
0.09433641983474372
0.07750767595804374
0.10585187604181018
0.06316896757111143
0.14077350050026163
0.18177526810864342
0.17594571587009106
0.20411714367836567
0.25591821212030774
0.33995387169279223
0.3915920583144493
0.20885117992891378
0.07859638018410514
0.06324279061568075
0.049631595008012175
0.07537944111835387
0.05475848234191155
0.06316756563574508
0.038837127064342454
0.0268897982275121
0.1025253044615181
0.07630048975062866
0.10942337005723779
0.14430182646441186
0.2861920905260398
0.38862476682963376
0.45389767711200296
0.3582615878632047
0.469984639359059
0.18712287022511737
0.12419684975310102
0.18205081364099096
0.09857971557592865
0.055280962624903986
0.027276089460875425
0.027354657169356103
0.02112983357768144
0.036114956664951826
0.02925992410001257
0.04730904832305163
0.06531003537405067
0.11558519780817082
0.06466421200078815
0.11748074073614596
0.08618375985067413
0.12731570696683756
0.5066768521102966
0.5103641785782477
0.4637119360050634
0.5347064094842149
0.2578574794720203
0.16505766089982488
0.29970178196295005
0.18083667568636108
0.3891378119904224
0.21463856262089054
0.13454040512122345
0.10717180918571599
0.09626855903402236
0.12014569951871053
0.08996561631146657
0.08186881682248555
0.0879944059646727
0.11495091486890482
0.07802177727471041
0.07537230100213792
0.09386903264189471
0.07378618404280038
0.07759344445938764
0.08250477359266342
0.05721127598993534
0.09580771149248865
0.09265110532384613
0.08438999374426888
0.0926051390625595
0.11975184893185407
0.11761039269547227
0.23814863819085463
0.23828773400144265
0.053046297842537816
0.16756324978212553
0.04446959321556393
0.07532024319681001
0.05048841985013848
0.07568633626396835
0.033631307194744144
0.0497771486504032
0.029580742242975338
0.07655242320518271
0.08457738825295329
0.050454260817950715
0.07165243631544638
0.1453816249738487
0.2554546281186777
0.14482220896584497
0.2165973762688954
0.2446710052739048
0.17362284496197655
0.46570492573930006
0.14947094494079374
0.2242649765490556
0.08968503923069417
0.07321855699495204
0.08083966933664567
0.10633076746941637
0.04274831505833786
0.08742342554097905
0.08159612809757029
0.04177183167556067
0.06675524175842404
0.06443564303563167
0.06785871968133086
0.059625790277250866
0.07379715411729341
0.03606912550167137
0.08423383165369838
0.10993749759452405
0.0863950874821878
0.13294732201230153
0.027061256745497645
0.09374906842869976
0.11076704709993736
0.06626392882388842
0.10152634749012052
0.03773214199784582
0.08756535765068987
0.1019737216864206
0.11098996946383095
0.07209137174764059
0.46006913502959024
0.4064514299034837
0.16046617937310204
0.08517080419712102
0.09897815507321987
0.04005433553603553
0.044202889105691374
0.056110438473284466
0.05632559933354439
0.05784239035372038
0.026656945948620944
0.11028191153354569
0.08881454597664969
0.20273938974741834
0.1357846953915763
0.10536437240765678
0.045305781454559074
0.12602455620031672
0.07475506416437816
0.14516827939428617
0.11099775898144512
0.06694006123060053
0.08109180120756265
0.07230685607674349
0.09257980637863382
0.03383500853483175
0.06643826701102404
0.031086623322188332
0.03853896753624633
0.05711281794887378
0.06356418662356406
0.03212184354572645
0.03262286349537038
0.03049736550858323
0.040526389065266503
0.03176596420006294
0.06564103192641826
0.12335243534159496
0.08477640990390799
0.057158007919693485
0.1026482604757034
0.09909284586704759
0.04449715986080561
0.056644861530600985
0.12069512537680462
0.14688606239056096
0.05918767372211096
0.08320316185593339
0.2187126984607785
0.12914604890175838
0.04524304322116828
0.11441996376096554
0.06528477618956675
0.021681166482513326
0.029737877659936688
0.026968365935992774
0.061563469442349326
0.15989187759838974
0.12319501303113245
0.21451131906391824
0.08530174393147834
0.22659380873547716
0.17381351769183156
0.08559902791602142
0.21186272065997494
0.15897686240882425
0.07081569457725127
0.21625025336735473
0.3741799852158449
0.22804572173284665
0.40654610627139254
0.2534198405777189
0.07569176529949488
0.06016893955512533
0.09803079492382415
0.14932021258350323
0.10595864988552636
0.043645521799833886
0.03200979389683628
0.06127588574910427
0.04729517435282739
0.04552631461649186
0.04168995648703649
0.08960528753839679
0.09598345101216606
0.2779529106775192
0.7225984633691295
0.5177288594708161
0.482988926584848
0.5160000676947099
0.19637382889233532
0.11774196138954937
0.09403370751709675
0.10606383414361605
0.07584795560256322
0.06998706598456438
0.10830557227678426
0.08446974290155308
0.0761618534100784
0.04731964622814196
0.15588585158772694
0.10086085189961035
0.044181568932475664
0.06761659467213926
0.055236281330588104
0.0642268445434569
0.0787213098565614
0.11809728078036161
0.12198003094642229
0.05901099858050452
0.0476351629774736
0.07124126966485496
0.12206667082995291
0.12079489274353702
0.18947863260419237
0.16647554986008625
0.1712710571788385
0.12939446855863673
0.14466689546365988
0.07269477227174752
0.05912585960234442
0.25360671975352733
0.23047503704027117
0.03696234273664234
0.06917129209958002
0.08306261597442002
0.06440334356774553
0.05387743899832963
0.023165170884685754
0.05384373409321423
0.022172771655988376
0.08905102969636439
0.0923468323999584
0.0807242430727342
0.056588392033208514
0.05976383691763586
0.0628933011186956
0.17978587641481678
0.1714372499291914
0.16916404287687203
0.19071945099088788
0.05555597904355818
0.10362223894008815
0.08586517431226438
0.02798933380196465
0.03172001979132694
0.053288548277019974
0.16204940138495139
0.12400831612199084
0.06060882587750407
0.07959336575046629
0.01643431500486335
0.07856514776599123
0.028199260035523407
0.054589809120080476
0.08271542407843187
0.09274555828268956
0.05222728926692585
0.07943965547318574
0.04136967257002149
0.054869180708378026
0.13700452493783818
0.06295073238269407
0.11963577758601832
0.08586517431226438
0.12814784697003992
0.18651634317646854
0.08100993070689591
0.04585158906894405
0.036965492954929215
0.03893394963398239
0.026660642411110127
0.01877288540952521
0.0752076628187266
0.03576635963104024
0.03340671728755552
0.029802606036890333
0.02394350915948666
0.04249288410141284
0.032799713396622826
0.07619392752041663
0.1884319868677356
0.3832842350961029
0.2271335148695516
0.28048112180076046
0.050593982900071305
0.17773926509341667
0.10305604996486813
0.08580063961098264
0.06685542220965708
0.046027582551597314
0.06486977705766125
0.10896899755775764
0.1282497943423311
0.04345449009885523
0.10966490869827086
0.07211565342543162
0.038311864213909044
0.0448503343421047
0.055011264041664114
0.018042369310622985
0.025698187982221805
0.039074476067897
0.06712713084189297
0.09294304933155759
0.03602041644901553
0.07642513686087858
0.15202379517032882
0.19058042338146913
0.07787627830192857
0.12161541368911225
0.07092699883093231
0.06908424976116767
0.1952547047807233
0.10632829881051786
0.18177526810864342
0.2289668140617881
0.21251340512112338
0.12312144672474318
0.052542446977185644
0.05876538372565442
0.036776480497258256
0.07719880712785185
0.05844133116593127
0.05134020450369
0.07257128586328988
0.019779067960843357
0.030006293345474548
0.07597725107343893
0.08752615199117743
0.09315558574364344
0.21592161125883255
0.29302223480798517
0.17616507906838633
0.16899419456975442
0.10141781703047525
0.24988614828634795
0.20108929427556493
0.3511243302614381
0.12122891689078122
0.2121907120025989
0.16231883349819723
0.10304330583080809
0.018566135570213256
0.037285581413831766
0.0545701786188071
0.026915987463672325
0.04305928838184572
0.08616775148408237
0.09150687666555976
0.030079804399452126
0.03618122187959146
0.07184787697234059
0.2935375289675103
0.44701855415669
0.44033435677454424
0.2947489363711279
0.15923848375468316
0.05571178201073411
0.06490092948735664
0.03246124415677551
0.027348109860316046
0.03137470491995081
0.024696449699093178
0.03027130211881539
0.0349037044925414
0.023008959894983395
0.08023974967313544
0.07517881780982552
0.0880910352907884
0.024906463975779763
0.026027507548937876
0.06987323350310734
0.06766179442427919
0.03766666890744526
0.07675818766003957
0.15833701258977212
0.053722797134992284
0.09395740249211607
0.02322030417516895
0.07570544402424666
0.04707163236574992
0.07032650983603508
0.03140300337104863
0.08868326979554132
0.1751197837119416
0.22777802530605185
0.170086447246333
0.07433415110693233
0.044894301538099736
0.026578300231923074
0.02383595925223121
0.039375953410020245
0.02018797319859366
0.04492451144964597
0.06018486970584956
0.046600568573898576
0.04615387666821029
0.06220874278269579
0.0773859029692931
0.1043899307984137
0.06110034367763067
0.10591556979407558
0.06189171235565418
0.09893144401785145
0.10102137366382569
0.11840127241926227
0.058749004016427124
0.04948212820866033
0.08076926446277632
0.1032538464408606
0.04069152568395137
0.044920560915810405
0.03787027621927059
0.04240414949266343
0.056165058343661534
0.058008054833693506
0.057434600864555645
0.0187545076460308
0.07146949508601312
0.01877288540952521
0.04543028809740683
0.031165191030669014
0.044377660673503044
0.07060340806516005
0.09437777989857953
0.04125333617633555
0.05661902188622587
0.08119463501344186
0.03174203810002851
0.05660341108723565
0.07406476596955773
0.05397277812375026
0.060752709377804213
0.050158934555873086
0.04101234382691393
0.05782707156439593
0.03552393062314809
0.04727933125026373
0.03931004347649927
0.03813458110284979
0.018658024387685206
0.05660627846468935
0.024133381121648298
0.03830385914473667
0.0677118824713452
0.023910772614286382
0.05895873471940138
0.13052984823668753
0.09050843971735383
0.03971894135226251
0.14579015144524926
0.045039303883890255
0.12970776040005155
0.11262635953870465
0.11015988454785168
0.11632587936327268
0.06635281946011565
0.09218591139431864
0.09218299313324943
0.08314069701970526
0.05991939415187991
0.03287337347019248
0.0778119488819318
0.038832089916575226
0.02027067313431844
0.039404166417001396
0.04213142375851245
0.051879536650528336
0.016700792575532072
0.028906369411849497
0.08984486344482538
0.11258812927409542
0.09205755239127757
0.05116668577591709
0.0768168529917291
0.059868000813993204
0.05754269102909594
0.07450327278473441
0.06231533131299683
0.04757399595030914
0.20040839711477706
0.16591066315222505
0.1278213332939803
0.09767160856799538
0.08990251554140553
0.09636762609102195
0.06500419325717711
0.0571402892417784
0.02679477917482892
0.03382339850093209
0.0693047357951637
0.049343846100387466
0.04188365159685545
0.11225301071634518
0.06268393674950119
0.06981147330604562
0.09175810303834943
0.1819752942908714
0.27430085965344136
0.23969684719502543
0.16876291336074242
0.11767741409548932
0.19243206549795822
0.29770386802015525
0.10296684601411314
0.0991438960930667
0.05545080472813938
0.01458275533280298
0.015262732582095607
0.0706945784012407
0.054441447766392974
0.046938121644891515
0.0753331080783299
0.07086718279443514
0.07413014439379059
0.12732294222209156
0.13159779372371427
0.12538254251901074
0.03857952001561018
0.020060954898733167
0.03613459859207193
0.15929857846004716
0.2007601370952529
0.22307590603928218
0.04358684314906491
0.017242936598616754
0.03877247932890444
0.06345868660985987
0.01735320317958312
0.05277050858223302
0.030206654383377444
0.060478051329699675
0.03128142298503322
0.08877814848929819
0.06390536769444481
0.02050958405974558
0.03334544494100772
0.06413764059270191
0.031047074944070673
0.023910772614286382
0.02842841585192538
0.029907658606976983
0.022974507421558318
0.026785041282871198
0.024606544301065913
0.028194198309825905
0.08487118743242494
0.039964774380504914
0.09476749044967163
0.04357028711455094
0.05906863228286061
0.04871810053365782
0.08289462633993595
0.050868051587007426
0.049555804202193014
0.03017000005658041
0.033226996397867255
0.0414553603495789
0.039930809213983016
0.05811000220598469
0.03271035596412219
0.049046454769766296
0.042349228740796455
0.06797771429268316
0.05464040158745058
0.018501813397982854
0.05272547969957525
0.19667053686441915
0.09849771719861024
0.11098998284703807
0.0653605158678182
0.06583319239776819
0.10498792235121443
0.10120175583215346
0.29143100586152654
0.25588790445091514
0.10264071079945267
0.10830557227678426
0.10450852786061608
0.06002368563925819
0.0833341670264109
0.04413016040332372
0.05056589665643593
0.06578425467526555
0.038602779023379934
0.04846131453152043
0.03325317891589028
0.02908314675593105
0.03789810860287468
0.016406748359621737
0.04957308098418743
0.08847131169373577
0.1102285627801134
0.11987483656770122
0.11317502845920031
0.0627952410031819
0.17371472068287788
0.1360360249010718
0.15124320308683234
0.12907023375226714
0.0564610838956572
0.10322171444484125
0.04610999730111065
0.020197162080340867
0.037509533490483776
0.07292769629639799
0.05415016473248093
0.0642550985624246
0.07773748868596775
0.07708160790557188
0.08631078745828517
0.039556333121089575
0.04348564809360749
0.025338341417898043
0.058161303135508095
0.057714529188098274
0.05869119839002246
0.05919308276036389
0.13658399202713695
0.12706888203256972
0.051705837591482284
0.0783045695492048
0.09471106443570933
0.10432482224426042
0.184129697779446
0.19583963802500312
0.2834246595466497
0.2912841004245565
0.2788260632164356
0.09042176059582407
0.09188577409164995
0.07149403978448496
0.0752490346384149
0.027911228307113435
0.04122585080122577
0.030647953616504558
0.019076118507182716
0.06274592799120493
0.054907746272789285
0.07017515269777223
0.04153617001887649
0.05982473795825469
0.07218933172716713
0.07172754577417476
0.07608107549249205
0.09066900223196633
0.10481702927825334
0.08859164045076715
0.16445385492724401
0.24021349596114291
0.17639317174108626
0.06834296969971405
0.09908771723641494
0.06871943920110993
0.044309841182500004
0.08451492341672515
0.04403109956190945
0.03723709561225333
0.0679224367890128
0.02658207470262945
0.06004432382433618
0.059830364113398586
0.20213377319279133
0.16342163778279567
0.1512535879997501
0.3283760892226173
0.29786352337128624
0.2837271150772272
0.43183498881544896
0.21359941012280365
0.29957867243682573
0.6926886505920401
0.4347883446878647
0.9862885316248197
0.7210566127855824
0.4901319146157045
0.31362346489500487
0.17878331235362308
0.25975481006040213
0.22674854196353775
0.09786917553076463
0.19154358977802916
0.0631931613905862
0.10313251049408659
0.1310324985363378
0.0962868816309778
0.25549679638230594
0.1845883003419821
0.35308168806123896
0.7901957944955118
0.8970192886838729
0.7099623538684396
0.480063904779927
0.3759994142920102
0.38746803354340675
0.27134012854706197
0.3220279440735329
0.13933065822203436
0.0555284123983165
0.1294476759667529
0.12954962333904407
0.15620177145613093
0.06809679451682754
0.10907728695039005
0.10369039506879463
0.07196054649947338
0.03948027351154094
0.04015464634266668
0.061942945620704466
0.07123306250189024
0.1300078936714984
0.17515157742721257
0.16701072680012743
0.059433687140875754
0.059750703561154105
0.16618574972082767
0.08825117855092168
0.04711203720039871
0.07698389171588875
0.20640555923947237
0.22667998228948616
0.09413720937793249
0.06197293538419521
0.05482127965137309
0.07405914332550997
0.07787457213791471
0.1059430410869802
0.02685450690618569
0.034746569075579915
0.07021662466441628
0.02711179559510724
0.0398149240628413
0.048981315249082336
0.06792907405503074
0.08409328577218501
0.11294822077767885
0.08575164080202487
0.1358140764789703
0.17183229599681962
0.16066780661754243
0.05074559944890022
0.14127357115253225
0.13406733138688648
0.10367072474166657
0.15048636647206484
0.15569355253739392
0.0900062714469749
0.0333142907744658
0.12145058593168385
0.0967990299904955
0.07349647180115668
0.0782382421925889
0.05864880676966148
0.053177544851781944
0.051389241782813296
0.038480993382840674
0.06950096223061197
0.060189602754200315
0.0725928915006728
0.13218551218580593
0.0982684516110062
0.11211034634408543
0.058205577366102504
0.07975983370951775
0.08510923772645898
0.12511528162572527
0.1039796682875233
0.07348023229214855
0.1216104717218668
0.09751947210605134
0.05763596147961754
0.07953016290956652
0.061393664188046246
0.05951063605889879
0.09988562100149347
0.05354785729595357
0.07132258964904274
0.055530255174744025
0.03985872104457822
0.03681688533190674
0.06783323283825815
0.04369674053333705
0.0395640401232281
0.06002542235412713
0.0552200044438366
0.041827789713244565
0.1655786646318433
0.1738795484403063
0.15446301244270624
0.0866522083876287
0.14571162212797892
0.11455171896482887
0.28402537920328685
0.1920658339513142
0.12450345748654268
0.20383897543878463
0.20383430983582473
0.14894295813892688
0.08264520724984217
0.037936298293306144
0.06303130646384188
0.03833610711469826
0.032639025429229966
0.10224815219129786
0.13657124860560038
0.13570818694922376
0.02581156882787875
0.14396583129689358
0.25344764279380266
0.06310309228116458
0.0319910918028693
0.09103729929044661
0.08749606790147314
0.0750437659443391
0.0319359585123861
0.0520091031598226
0.06514875538758391
0.11706894272157004
0.05069998651720438
0.0888952278973472
0.05299498112525141
0.08902554285329166
0.07950885557284466
0.024777819631318983
0.04961713694861904
0.06194776550010105
0.05802079825523002
0.07743889249474441
0.19777790224493041
0.34646794611409043
0.15268705355231293
0.2541170248710903
0.1548398098446139
0.27460231879448804
0.1745812095501568
0.09831644025414345
0.7083633265267129
0.48515086804779795
0.6571080195678036
0.5407736040310835
0.14548297026250975
0.29565025609155904
0.4164560103643292
0.24781859370187767
0.12172529886073107
0.06724086384138031
0.06543967019705481
0.09025870047450457
0.07435786466489508
0.12789675217719476
0.089028012664973
0.20213730678057878
0.38606382638984116
0.45226307825652584
0.2529912334079709
0.07854196673417366
0.2568378390233368
0.7411573965570316
0.5429499150165059
0.808342793720834
0.25327314759801406
0.40747090362639554
0.38204227938475854
0.23554817763805408
0.08072077866119791
0.20430686309331397
0.08579575422966698
0.07295883605324525
0.10884156334239375
0.09925148721125908
0.0976914891222875
0.08345214548345078
0.1261476987263296
0.057108193292490166
0.10908368835158534
0.10850435574620608
0.060831975218260906
0.10230178553269875
0.16242419040232017
0.19867239028679912
0.1626052165602784
0.17534890140848233
0.22582016166388594
0.17613380258329858
0.157699841512952
0.19108669628330632
0.30699169821003586
0.12954598085070185
0.06126181029437804
0.0938138120491838
0.04518297968542991
0.08737244708340217
0.10426942787388638
0.09586790740119656
0.11955769654073307
0.06483353839763899
0.054488720816254686
0.0986944412405216
0.06613713766806822
0.039911895665998155
0.06235552276477902
0.03697784781662278
0.04617817065951855
0.04754220223503816
0.0930205226895446
0.1357642380777997
0.0969958460576991
0.053410375155587435
0.16184145351228185
0.12069524386534541
0.11959735894391564
0.14039044873106343
0.16812410670814154
0.05001967779087147
0.08165008985811832
0.12018320850978992
0.08274910136056325
0.05276476355381546
0.04179562862712938
0.14093628673982705
0.07921347309070577
0.04425945587419975
0.028508505620681312
0.06601351684999694
0.027295573230051176
0.06965793493438037
0.06091355494399268
0.13989728162660084
0.03850600896163247
0.044181241402301355
0.16945148447799044
0.1847553693538939
0.15809729066655542
0.06590521279720901
0.08189251886601047
0.11152601659647274
0.15094166260946282
0.1026765646431888
0.16857705112135832
0.17192066020744756
0.3522235952816409
0.24907816838301158
0.057982968858740457
0.05584756245145037
0.04410267369382061
0.06729112739827134
0.036697667169516654
0.08056210800168724
0.04602481872191069
0.10837649085588925
0.059592020322697274
0.07849868300377347
0.10911695162808396
0.08228658001543013
0.05033209977027631
0.109758001492321
0.1523342877678193
0.1614213171080242
0.08875325978936201
0.12355037754259339
0.0962157581413706
0.12694996534561848
0.08380555571272327
0.1616902285766394
0.10513322767530132
0.0862775453400457
0.12000705146097441
0.10011551626471249
0.03899874640293732
0.07958020135469912
0.07768321802951768
0.10858028520583148
0.08131103096846191
0.14673791105046152
0.0769301930504107
0.08383024807664721
0.1029304538028835
0.04695059128730736
0.06308986990998443
0.05394327918102561
0.05389744801774515
0.07965385465861483
0.11972947484036069
0.04680671232736415
0.10286489864182197
0.09169837375681261
0.09413450819586469
0.11082823567784515
0.08184455166797062
0.08150313643107909
0.1123205174218311
0.047960538728021855
0.07803220749580374
0.0699918489936738
0.056052320022540625
0.056669995572371616
0.0401471089341717
0.13327697752715797
0.12358222725655188
0.27674046216450454
0.41014411467421924
0.3287368168598437
0.21461817598345
0.5173119166884267
0.41195692360304204
0.3200717497322028
0.8134327135723933
0.7461268525365328
0.18801370942941523
0.2046731520370849
0.4487595894043323
0.28798156351998255
0.11318172676736897
0.05634858240109456
0.061518515740370906
0.08544031083791283
0.058085990290989015
0.08193240425302718
0.04842389766025782
0.2449354350604512
0.2817867869699724
0.14833422896235335
0.13365441840535222
0.2612713196515399
0.41562461451059113
0.5595058013367376
0.7858559445285062
0.5506565505863443
0.4504409554016478
0.06721467460522028
0.06936328881594403
0.10331091839559592
0.029450365999769093
0.09953771652960186
0.14574488401815744
0.12121883842272974
0.08057381080645187
0.1209943877739811
0.10578165227008264
0.04872507387610061
0.0729665765466423
0.09379095159660947
0.06987218028408211
0.059322549345690936
0.05133625225736166
0.06668614416777022
0.04076039719362131
0.21859569438050955
0.21637701811344015
0.1603251082058977
0.09479826103263848
0.10320897102330474
0.06665160602777523
0.24573666572165306
0.24851992772252476
0.2587383722229281
0.052146903915347875
0.13438909374035915
0.06946042318758308
0.08707598170208053
0.11916969047024405
0.07260662714712529
0.06998311867472616
0.06662406752667113
0.03665526599331186
0.05231125952566843
0.07354065110588506
0.037972463602860045
0.10477781721104114
0.11624854298380001
0.27010880703620527
0.15951863745193698
0.27216125375289824
0.4996341397042512
0.615755294812424
0.5882155262263301
0.81369969583725
0.5454006200221807
0.3271751959541387
0.17000998671711454
0.09829688173338771
0.06295892372918331
0.10876689608231517
0.13534568389740514
0.11587227120327066
0.06751925333023374
0.07744157469835256
0.04702167830191099
0.06654214789331682
0.06987323350310734
0.0670091530637783
0.042303861877202045
0.040278769633416936
0.09769211558519775
0.07123572638847703
0.1129988887367743
0.10943839307176816
0.05397601572622589
0.05823952866265425
0.07406875867603233
0.03647526609550196
0.0382166428668098
0.0696485099007906
0.08954986206114317
0.10769465540411771
0.06764024969282394
0.056599092375916336
0.08496039138317994
0.11925293873763276
0.1045969477346498
0.031885419662776505
0.09537100968106818
0.048441732986628815
0.03848156451943386
0.04577867765699127
0.08605720497715622
0.07033829608425048
0.08031092477421277
0.05158889287947601
0.13039326585476912
0.0699868710779098
0.16708040344639277
0.12084277946736936
0.11272948866990797
0.06415677235893517
0.1380930962260179
0.18060145774472036
0.17701127583144205
0.1597897626449217
0.15117520968631507
0.02715774000384323
0.03724713216226641
0.0704442751351534
0.060008772014908236
0.04629164943438388
0.03404600700829382
0.04992673088035313
0.0658067049663857
0.07772187247691065
0.04455257774003818
0.05000518610883427
0.05981531721395384
0.06430330507267504
0.11138370231082247
0.05948399756983446
0.10874511296325955
0.11058741209288069
0.04129387811563629
0.09587481223740715
0.0669508110129167
0.08466652473228918
0.09328184564644924
0.10280118153414
0.09581778653219292
0.03456397869208453
0.04592937291599647
0.057059121006118055
0.036056222921905426
0.07722215378708526
0.07179622400643647
0.05225302327535349
0.01954475147628982
0.06970840574567928
0.01959069588502581
0.06121549558549159
0.11587900868211123
0.1323617987101703
0.12090069051963873
0.06578332794437353
0.2129738591199734
0.2152858440041383
0.2688953450834928
0.2760106503805623
0.31440569614606456
0.29403123209589965
0.19095500434954069
0.19229799832844666
0.21381697557445037
0.3148288537857912
0.1388550190242539
0.07762483289506546
0.046488001764787686
0.024979975029757333
0.05523723849040729
0.0639974629558015
0.06331441556145068
0.05045556634435873
0.05506352375777934
0.06039041439276913
0.0624351390059788
0.14702149226542874
0.14228412448036878
0.2938099619801285
0.48738656953307646
0.5378019388528414
0.45064046237336286
0.1935116826797717
0.07626109150586624
0.04768753960343259
0.07794819890760309
0.11584232148518918
0.12817472069841035
0.08860778627756728
0.0853731310405444
0.06735180642980704
0.08834452263078255
0.06592072896029973
0.05494389066221697
0.063186953767215
0.10512062059058026
0.057394660535312794
0.07259975590620021
0.05891375439691866
0.11199945135712353
0.04288569149614351
0.04777299620368167
0.09842617720426373
0.133950024203323
0.12082037958660972
0.11731868196441926
0.10516140361754224
0.32817463333379204
0.2586044219846577
0.22228261667964297
0.14528774893649823
0.05339985253070099
0.03317236924659301
0.058415844322858235
0.06792307885557701
0.07362900500947547
0.0875982796412148
0.041285660044054394
0.06588478601167094
0.028912916720889553
0.023615426090298448
0.03562090222630495
0.045172826392578906
0.2337807026190069
0.14844811747752554
0.09562361773413497
0.09217992334172481
0.09701487089295209
0.15214996107005901
0.17988570757003686
0.05592353431344606
0.16494542463016534
0.13339813664303693
0.0892785226397951
0.16256137576356916
0.03342455735543219
0.0430855082145688
0.06538357022159001
0.07465096336023211
0.03168242844483347
0.022549515807623495
0.0706077521381496
0.07466109550172988
0.025855323399183193
0.0504460282297775
0.03198446710792079
0.07130361055446556
0.09907521786080498
0.038150244875314494
0.10944463016150159
0.11667876758727987
0.05668005435976911
0.062258361661897535
0.11893435319922271
0.031085986950770306
0.029643332516460237
0.12285271665176958
0.06911246276814882
0.041492395529471864
0.07942901898758833
0.059390660125981716
0.09530696047697221
0.0325699913529427
0.04426635641982202
0.08596712168455557
0.0823314648353894
0.0693512789379182
0.040962421366864656
0.06416700301539617
0.02972478304185658
0.07623207023866778
0.07936842191566561
0.052451970956357
0.061244883903939264
0.05091817262430764
0.10555844298631419
0.13873763026678856
0.09206645623055637
0.13498015015854997
0.17596736670106344
0.08443802344887927
0.17389196574165203
0.16665618305677932
0.050499394625955756
0.10713394485651605
0.1371802970427935
0.053153305152480304
0.05389624766965061
0.10694715811432169
0.02012365102636329
0.02698146055407289
0.0558574871429477
0.03217032934730488
0.01868099659205322
0.0713078991053459
0.06171125060342823
0.05293178595171864
0.16092503433284402
0.10179099584524608
0.07328451369935111
0.09823734342721155
0.10072454841793735
0.10231740174175587
0.06275513186173066
0.08384238594514788
0.03214270835169805
0.093314554319998
0.08594622360023321
0.08303095297556946
0.07289507572262463
0.06785409347461188
0.03144435333891102
0.15102435779067774
0.13695993888733826
0.09285397905318683
0.05537405409676202
0.04231951047171999
0.035499687722358876
0.031269947975309915
0.06453555846101841
0.025698187982221805
0.1105627601238755
0.07201757727786509
0.06658716750107815
0.07273313199739609
0.054102066428210395
0.1398988972838461
0.3145539216406395
0.18191746901443367
0.19199164861568227
0.19862000247016764
0.20941825798427693
0.22930640450989936
0.08573701187954022
0.10751759935775186
0.03305736334324543
0.06276453619739082
0.08109180120756265
0.028853990939529048
0.08883371773589341
0.0357155708135082
0.12414978478353476
0.33065475753257617
0.241296686791737
0.24721416484940587
0.09737812735276041
0.3860479788586912
0.2602521032850109
0.3432623183520839
0.7668611414347332
0.18727859888963916
0.21114758490724175
0.17013182540586855
0.11613827640283361
0.37290906553486547
0.3268393929845232
0.3730503074912519
0.3475967071275572
0.31550880698094597
0.23731952903990614
0.12057399749293751
0.0460317031125875
0.11354388588932529
0.08929794829077829
0.04659065112904204
0.08262180164031259
0.18897689134387616
0.35079549294119455
0.49365960071129233
0.37078004033475154
0.2555438320694323
0.33938133818258764
0.40807266801813813
0.4738113339915912
0.6353920819063922
0.7096473881792742
0.6168412392942653
0.2143485720742156
0.12538381512321367
0.21675897224956292
0.1029868798168458
0.17316529482478382
0.11662316652440012
0.11006373502268534
0.08017935387690524
0.11679345838110755
0.09475761018153127
0.10926661477214054
0.06461541157022087
0.05313235756305706
0.04708169930704626
0.08523152710288896
0.10402455000163452
0.10725565953195927
0.08421582583872278
0.07714215115221625
0.03752739305555607
0.08514356949538468
0.12669430407980248
0.10556573260437234
0.08836313786495133
0.1037005013084814
0.13438330711553947
0.072500276985391
0.23103357332853683
0.16475907919594546
0.1068950305466337
0.07588331177425506
0.11559557675668578
0.13494733440084591
0.1134469893911031
0.13947202185952906
0.08494936402023259
0.11183910916543006
0.09179680057600706
0.1331808280019913
0.13784427734653207
0.04825366762521649
0.09613111912042716
0.09389288723325608
0.22984824668360965
0.10129341815871439
0.16977258872464784
0.15118410007630478
0.0721602883607448
0.19291621982929558
0.2857766257439151
0.21217121683388337
0.15253633176581932
0.18962831578054762
0.07165489986464883
0.12616856721968786
0.1906270639593429
0.11013549828546042
0.1360919166112173
0.12095610265939935
0.06703162068221397
0.13648981197322432
0.04074809610794877
0.08903609363190296
0.08168241372583718
0.06547963770960533
0.08941589907760077
0.18308443498479016
0.11072664806534047
0.1284256077781796
0.1967330017006473
0.24408338352602402
0.21412771207613168
0.1374280167507863
0.27340092491798584
0.36423809550327124
0.3414344932247678
0.33641358513942654
0.09335903855153008
0.2052203843575806
0.14443112193528757
0.23532781948259884
0.16199957721016342
0.13566378306079413
0.18297512152139098
0.19332922381683454
0.1055730721234508
0.043201527534450536
0.27623758580322266
0.1820614115460813
0.2727887059100054
0.29513046095437834
0.32957494321809383
0.3831608478109527
0.3787161384014919
0.15506237948396348
0.15624549558657108
0.1744068994115547
0.0692474128468828
0.1832425170090669
0.14471877102196573
0.16782212835481955
0.18346702966404696
0.10164240204230122
0.15428182062264373
0.09708095702212564
0.09260429410478634
0.03738037094760098
0.14340364777084005
0.0489411350744224
0.08301064788811063
0.05944480570927601
0.17966534941458162
0.15134034866021753
0.20964145054124064
0.34399377120947083
0.33729288122543793
0.18024450991215926
0.426254706971048
0.36742936948033333
0.5025460967521503
0.29436511050562403
0.48942855439015476
0.2805916930324332
0.8582169259893171
0.7441279777772293
0.476558253664303
0.40193248648868224
0.34673575658391315
0.20242014062311972
0.24412714940786204
0.3631054242034945
0.3065549708169949
0.31949827288699284
0.14406698811740362
0.1654982027211265
0.08669250484393805
0.4039458800370207
0.7323434618999756
0.28769929306389086
0.43384287155708656
0.8746035522069715
0.6379795707723279
0.461696284202862
0.31332706399440524
0.40518983117137997
0.37924603365600495
0.18589567218668585
0.52451970956357
0.5426127406228165
0.24508585396126098
0.21476713863638155
0.15725981583311752
0.2598372239391163
0.08153754218376007
0.11493801019819201
0.10018692293094471
0.08561261300777903
0.2713412312793605
0.21931521091477313
0.20091727251221436
0.26973459514787496
0.31844536077310354
0.2456429684673107
0.32432007810138513
0.17020384580530906
0.4405983312520486
0.3562644478222586
0.3929809186530197
0.3926205898799493
0.3448633446936901
0.676370702606648
0.53948635862118
0.2692526129563913
0.4687849725612932
0.3396940083886672
0.11564395998295884
0.06721278696475183
0.04036416023194855
0.09675192078858819
0.04790666024609356
0.08870695731488161
0.052752552117358936
0.11876126987882381
0.0457198590267146
0.15046054854490143
0.12007110048559633
0.22509950411774635
0.08889324202239182
0.18174455799915756
0.21713383960826588
0.4044266561505332
0.8699005450191719
0.7914616842308949
0.7101271651158989
0.3732228045193824
0.27540456928614004
1.0
0.4521113311430228
0.20336373638810898
0.13106553844832947
0.11067342466181809
0.05700741981177193
0.04350032126213536
0.053738430082787746
0.04168671665803968
0.08922376295514634
0.14157330798437748
0.12479632710596679
0.2416608351577644
0.16541285993046284
0.14609745706688587
0.1943835871452678
0.22252562686861946
0.1487810506262442
0.34438677188319583
0.49938903223761555
0.38593889959757177
0.6099588520095314
0.7713563778995464
0.5814230522031318
0.8560011114430711
0.5803227449308671
0.6096722539701188
0.12949714268925078
0.09912220630947668
0.06869867199909212
0.06627235339871351
0.03131111455357664
0.07620953550427079
0.03851781908265258
0.1151240701598391
0.1222280682894876
0.19663292738464233
0.26401286046063066
0.1924638954642515
0.21639170865713733
0.24717335695490106
0.19976150250323446
0.3148853709165778
0.5448825898545244
0.2755565955688584
0.6274625023872132
0.5295656253666445
0.645355612917242
0.5780415373396527
0.7634134941751928
0.47243052555492515
0.23563632090023642
0.06220027605776789
0.053851563619803866
0.046237096440879186
0.08998286583744501
0.10610979712359134
0.04499310772326848
0.08500579672921107
0.06737304703162598
0.16025914119081533
0.06449216654270819
0.07562449677943814
0.23247581620603358
0.067643952981997
0.07878376967899996
0.1628910312784256
0.15043116745750743
0.14562114945694055
0.15431937790171424
0.10556624700680169
0.044954419030157663
0.057662150715777565
0.026261824033491445
0.12268093835214197
0.08379208211680401
0.07914939116258128
0.09393176014480557
0.0546004070251708
0.07564160949596747
0.09175713593160062
0.11198383514806642
0.08502087661712052
0.02370272046689683
0.06970662984237035
0.0327627344364429
0.05683040039568986
0.0663019654254963
0.035348921507265166
0.1676023580115819
0.16808906498537093
0.29070053662663753
0.42264694216332915
0.4003996002226209
0.19383946045713862
0.4684281663253246
0.10161524880138736
0.06676945759049618
0.1518361862285759
0.08999008793419735
0.09145953636674384
0.08251528903299317
0.03580907216883007
0.07284999959064903
0.30289847556723537
0.1481799070553125
0.37172789055281646
0.37581348885722293
0.21697683235633877
0.597398858204904
0.5251757206183836
0.569300863536897
0.5113231341906406
0.5288778556258018
0.41923274834541824
0.2484695023066357
0.18632404412613585
0.09664836447972015
0.16070706349250205
0.08291512168327574
0.07500597236288736
0.07731062514498728
0.13053086679734666
0.04908700629353077
0.14414187387096702
0.11226954373568535
0.04922266936314477
0.08254185409117462
0.09100575618551895
0.11176520822126779
0.11083289143424632
0.06310296452806462
0.1257641807862913
0.28241101203155494
0.24350806525957885
0.280369026457669
0.20004113352235148
0.09267032359740661
0.05952813379219395
0.19644276875360372
0.10280061454677572
0.3203509125962119
0.23664062276107142
0.17776925998451407
0.17402703373170444
0.11184576400892583
0.09396102653050563
0.11206913940472833
0.047143557803998475
0.05330205786858157
0.055257651865579266
0.11287395906431803
0.05211415572990941
0.2365912062405428
0.1855163286055153
0.15313120034893607
0.19372970505048961
0.38648555795279504
0.3797441351952483
0.5080952979189023
0.3594984595734795
0.4469372801246269
0.4732651890188281
0.33291967557153157
0.5135089142307794
0.4674541887982317
0.2519439977114494
0.1489564634159436
0.11735180175372055
0.12701663820169262
0.04083539048454731
0.0738209094266373
0.04432257110760884
0.07199156927833586
0.06848237227890343
0.12752860983384995
0.09717966896198833
0.08115019924048737
0.07870861789569181
0.10565292141766852
0.10130350373363749
0.0706518938667388
0.1299112431455534
0.12488449754477146
0.11157454062871663
0.11282529759122052
0.0804702686863758
0.12776730428195304
0.07611150751203975
0.15124270354351957
0.11318117967270022
0.17944248525350817
0.10634997758105388
0.13463680652594054
0.1378707525965535
0.05303975053349789
0.030176287657797715
0.08605907562815779
0.0894053227583501
0.07808419898815346
0.07768264431182126
0.07211268296141708
0.08375114125985131
0.11114153685241479
0.14578474237641795
0.11121441601749676
0.18271683754556625
0.17754445293235593
0.11510169292419341
0.12360010005818685
0.3163461679716763
0.16712278677716064
0.4907746477424868
0.467471218122628
0.3785993723789881
0.14691453168649113
0.10493135558270637
0.0538100915115905
0.1405568701469035
0.11751657841213632
0.09776567445791946
0.09930872385049477
0.09393808608762556
0.09760397232301572
0.10100564018096411
0.21534752289664438
0.1957741688853531
0.057577035698256895
0.17395072791644006
0.14052170928188443
0.1333311929290465
0.12468168196542324
0.08657428668257386
0.11003626372978072
0.12285162186982385
0.07569549773041648
0.06215071665664966
0.08690546583759219
0.11902278503327401
0.08112384263040322
0.12378252119110918
0.06994944864192305
0.0791694742346621
0.12219594247183078
0.1568970059561587
0.07135569497291822
0.14061181273271306
0.060673006641906654
0.02489268065315895
0.1085484646470564
0.11690814917493493
0.2741108548427374
0.19256136096883392
0.3300776083944784
0.30022002450902696
0.28717300432277765
0.4309638104966187
0.20818789930538809
0.7719404461078251
0.6191646221890741
0.8548574282734208
0.4004842354569435
0.4923930647449672
0.4732146134741742
0.20287973320142563
0.1387025578758364
0.12016439932616556
0.1378234765028859
0.08256066276249562
0.10043090512836979
0.09789395226590263
0.2995401859822829
0.22232789934709615
0.2920252747629238
0.42471830882460826
0.20942515082105165
0.26544136769167526
0.6485728136798331
0.9286921008946534
0.4697789314936491
0.8979788694072314
0.44004767422060587
0.15449115620134182
0.0770361721013133
0.11878132025196343
0.09958251030778721
0.06812255121772925
0.10970898032936205
0.13378406299170054
0.07985221409230553
0.06762153126808507
0.07699378048095233
0.029601982548597847
0.11799607563502847
0.0959297548232164
0.02367974826252885
0.042416995414218485
0.09728898242538747
0.04422713200648058
0.06744506799460147
0.2575827795152563
0.2181956210689233
0.33080930915841306
0.2671282215639905
0.19011421259612102
0.12496419732101689
0.4559797858118738
0.331762812280626
0.2960575549428647
0.22032477585143473
0.21816847418869698
0.23941066040434966
0.3132611536843135
0.30134598617378855
0.14738474846951014
0.20064150131425487
0.3193675156636037
0.19684763247277326
0.15205502758844275
0.04772988290201197
0.0618678828141084
0.048829830820741375
0.07575236559345393
0.1601442238799919
0.28467072590660053
0.34636619735935603
0.5243454515083855
0.373279413090172
0.30083823686045386
0.3762802816063703
0.12974802324679993
0.10375520635777545
0.23865685710959159
0.07735200654791147
0.17763148721834016
0.053134708703171614
0.13398707370944238
0.1180578944684804
0.05673635703908593
0.0943246064052291
0.10905820150851263
0.03206460285684687
0.024920247298400568
0.06700491043839217
0.027254223262188786
0.0713988118707574
0.04291207775941386
0.05256179697357384
0.1826181486976832
0.061714935011572596
0.131785188232399
0.0688660742543744
0.129958514490822
0.10995326531175216
0.18225948140881407
0.11851115759088109
0.11421937450558786
0.1564127559377755
0.19177035742092793
0.11097116079251029
0.18370908334707212
0.06005393665881162
0.12616238927002676
0.12705472968424283
0.05939064030235258
0.08051529678262744
0.04294379999373057
0.12063874483994641
0.026799373615702525
0.024796197394813396
0.08162022919645728
0.10356578682632404
0.14812521134214873
0.10737797437481197
0.13253740105915893
0.17703161198367087
0.08065540953602922
0.21040020975751508
0.17446271359634363
0.22868477778518492
0.2726113751398023
0.2515146630727593
0.13896786805346795
0.0640878557458313
0.0476397574183471
0.07297630656046988
0.09920698955019897
0.07767040821909675
0.088321067560827
0.08968003568739698
0.10007198366411534
0.0856705228869464
0.04191597546457429
0.06154505025869746
0.08435381674551999
0.10006866763754148
0.2170027046287653
0.1927724200663838
0.4271813987554549
0.1263471240239702
0.33765985408171134
0.44617070896882016
0.4334557950968272
0.2411764580181649
0.3955179395954348
0.3036935682673324
0.3449088211634679
0.5592945273780507
0.43048690476755397
0.48990025120829545
0.28538552634048836
0.07861353964395862
0.046394663941601876
0.13206798783622956
0.09379798019080798
0.0955534009055456
0.11003626372978072
0.06751372570588396
0.1943149307925883
0.24165343186877825
0.46781477472188193
0.26135589233768247
0.15798656713656367
0.11759471415976429
0.1855551626407471
0.2783777398829741
0.16084218610295115
0.4259118766143822
0.28579658690750703
0.39915128052770016
0.4460194273649475
0.43086216302994235
0.15042334781566755
0.06200301660933521
0.11164027854881152
0.09658324772485828
0.05070890851523763
0.0927293491998189
0.08021617528172759
0.03709050571192003
0.12216205197576552
0.3537695999782868
0.19351301488368491
0.10383377406625618
0.08489240901337282
0.4704184197001018
0.7866196826214475
0.5018747823434567
0.4038059174792319
0.3817683350674948
0.10101208662178134
0.10737870457024418
0.0429304555229082
0.15491062068961006
0.10797117771684826
0.13444502397541083
0.0920502942966968
0.11593968680603063
0.1539275168573986
0.12217118226946845
0.13513128979822506
0.07278526913619064
0.11557008991361306
0.050466658080755476
0.10300507627872237
0.04837151918793744
0.0456871200470678
0.12036973941169944
0.1345832748459222
0.16455367233692297
0.1628156159021156
0.21564758340312146
0.1807983530708483
0.05637378951905866
0.13133983778395625
0.19567801936018644
0.17941591572877208
0.2573510719312406
0.08219914166955844
0.06255476500313667
0.12009418249757585
0.13829161051301464
0.05593645308767759
0.07590439170525015
0.09040183237922278
0.05392429232217183
0.09109606146523463
0.052348503770871926
0.07512025044790525
0.06001198283449324
0.11493881388550167
0.09378443096178979
0.0393008472327651
0.06170626347551385
0.08072077866119791
0.0795432575276467
0.1307955003645959
0.2031255823046604
0.1526887937819657
0.07278053787868065
0.26869249303550846
0.24824433833333232
0.1653489285235091
0.07752013903426914
0.056879178015154616
0.07714899127825149
0.037127676699553004
0.08175188989570253
0.07380347096933829
0.08011789119934766
0.02719449553083202
0.05959713110685091
0.03432754129701618
0.19619771797441696
0.24817101374182648
0.11239380709085028
0.3475560330007457
0.4285333048817225
0.3931858696249213
0.5038654960119596
0.7394434063603886
0.7311093220786464
0.6806000167132665
0.36771551291777016
0.139496966407444
0.11478591003292407
0.04790164054814241
0.1009744077628499
0.08487255942907433
0.18684902528242556
0.10051353953816537
0.05794861385318336
0.09400957852340809
0.04324933500798173
0.07888177931031697
0.08874685722608328
0.02193845517143484
0.08164154095022878
0.03501882833857095
0.07848673324268843
0.049739416897581816
0.11123679687385209
0.07794900700429622
0.16534442149598755
0.15830332536334057
0.12907188609463424
0.06881876532003409
0.17398010900383404
0.18478565172347244
0.10478924678498279
0.10051746073830174
0.13645443474045538
0.11345468193857061
0.059145975281889536
0.10694715811432169
0.13584540258723052
0.038367230974731034
0.06275816864078987
0.0349233464196615
0.03062831168938439
0.052385444861300395
0.022894098873143427
0.13189450169579817
0.046711335225118375
0.12841545882230423
0.1481932490467974
0.2416153721849244
0.09984638906505185
0.2250332328245847
0.19388918831010032
0.13470433619012265
0.2734738261711474
0.172569048784651
0.17896109362607723
0.20428670065079102
0.1851030103069942
0.2257751993604014
0.1355769932015608
0.04547968188059075
0.06630049424485045
0.035404761371953176
0.07643504237532828
0.06581299061069706
0.07581741301593034
0.10422940753037252
0.09032415318594568
0.11783810669892765
0.05078079618650198
0.04129374101098403
0.09117722115070333
0.06990441789180765
0.17650170146447489
0.14873897280460519
0.173045825833506
0.2160022725405044
0.3582833773874122
0.25596462749959376
0.3297292532796638
0.5610612448766735
0.6263180069342835
0.37603288269609675
0.20612484335127246
0.20477940900482294
0.11312545604946535
0.11655733617477733
0.12216656138443678
0.10887620954571464
0.02766312849993909
0.08998286583744501
0.20154279409021708
0.12655491927798992
0.20458195986294608
0.1823899466038801
0.6576766444374323
0.7048721689952746
0.567375380612694
0.5650485056989575
0.3391753545096202
0.23868428537677486
0.34519763215074895
0.23144070060200653
0.2360582294112541
0.22750351219028286
0.14688631867951
0.05851479896615589
0.11062661344275829
0.12551600534735793
0.15967689000857563
0.11844247935861904
0.04644520279121141
0.11466517658422282
0.09296285518950868
0.10568377135637773
0.07297717445173263
0.11718018411111175
0.10022438843886672
0.09847279869986234
0.1983570874425797
0.10418732875441936
0.24189449251516762
0.13675420335203234
0.20427704722849466
0.09974748270980366
0.17575726983003095
0.06968847917074837
0.07719120111733555
0.26717772075697516
0.2625758305104377
0.06988604012831331
0.07427216705126333
0.022384115936173933
0.11840209707051182
0.08278564090702124
0.05548003314766496
0.10854826915551653
0.07726301129447202
0.022374927054426758
0.06678271305132866
0.10981006337916013
0.04453420874981106
0.12077576084718246
0.03313510758039553
0.07137221584565608
0.0936260828479967
0.22502957251201205
0.25780799532274845
0.23597653506100014
0.3473332918405891
0.36926150636835037
0.23528409090951455
0.2509160009176913
0.2164810230808718
0.19622146355387501
0.11141070136200767
0.06779931254053952
0.07824407269438016
0.07209838694716268
0.03675659295087729
0.04128078349755644
0.08557682563260405
0.05617949488362389
0.16720967448113094
0.37989551773072144
0.21440004438539395
0.45066180899354896
0.4379061445473878
0.15898830541969222
0.09530263038706246
0.052532836948730094
0.17276079387698126
0.08830936475606203
0.14333147979988553
0.177354666992751
0.18539466145642036
0.16042204771747912
0.17356641894801425
0.2623366959492912
0.060756886112472194
0.14370756466598444
0.03521685387981793
0.0736143144657783
0.05275637153946052
0.06105389960482438
0.06233236360076708
0.10697103204075514
0.04579354789514049
0.046322211458399855
0.038231054544611766
0.09288004021129592
0.0625912274632489
0.04549415353037668
0.15290521630756676
0.12718545898856265
0.057205383317180294
0.17521386562003996
0.2101473252806484
0.14081111784290296
0.15727930860225073
0.11577398465819543
0.21696949507874924
0.06253034028968123
0.09815305128740923
0.1107375102884337
0.18341237537498825
0.15040178637011342
0.06028401329587919
0.08338431725039668
0.1091573013087414
0.07694079095550102
0.12400831612199084
0.11401539248617229
0.0740904569666881
0.09769080921365701
0.10514022123958808
0.03691372836783877
0.09666433406310583
0.04664334111847368
0.07579787129850815
0.04471812074358604
0.036828613350317785
0.030217637625660106
0.09772912450847457
0.11164027854881152
0.07040740398861074
0.07944697908039587
0.045835939515501474
0.08128236814191678
0.09833526843220958
0.04441667732398533
0.07867778287906416
0.07631737450603031
0.060615407794223114
0.04063613438851168
0.04076847816055094
0.07237309386158598
0.030248567765061088
0.019953656714040122
0.05119654478412246
0.05005068237575483
0.03437337246029664
0.05855468637291404
0.04457526535565682
0.3616245531339821
0.1881995652355692
0.2871574247328416
0.20011796148007704
0.24310780911437338
0.5856091433943965
0.14027507071026118
0.09548470524183722
0.09341326611457658
0.08907539228388209
0.13589225121440157
0.027741233994790303
0.05273951438342359
0.04957673211397024
0.05912843502492588
0.21152819612587076
0.2827002325596776
0.1947966094225147
0.16650350629539376
0.15899522087176413
0.696520895952246
0.23907498959766355
0.21617763198457654
0.23712389150372679
0.10962473025395335
0.16608501288390323
0.07231502834742433
0.18983063729743366
0.1278213332939803
0.06527781593209347
0.05322962249565934
0.13541743179915072
0.05598785648567643
0.10912606889062716
0.07945249446189959
0.10333245533046374
0.09146413644710984
0.03091599263844714
0.06585538223105804
0.06550118669709683
0.08000268346287143
0.0727095260044279
0.2800496420108966
0.2012564813852368
0.17307006873429523
0.2259513841411673
0.27766609303426726
0.16694328590336105
0.4674243694954573
0.34979417775264865
0.4672474328274895
0.26327437681240046
0.13301825217243604
0.42129541214320354
0.13904111699314944
0.09936045771931189
0.07671188523402941
0.07050507323991562
0.05716698901229102
0.03659291022487588
0.07473917654701512
0.044999746134928915
0.07045837767475648
0.04284733028003985
0.09204573375741822
0.025554280138957202
0.11596227749794638
0.07899393216318817
0.17334841562486206
0.19710652659123104
0.2529696609190794
0.17171376482291906
0.10264216382096586
0.13570456357931543
0.23429948142380724
0.3369216718297087
0.25053150199258234
0.1973828561773019
0.05843347186896797
0.05511524749919583
0.06336487453484012
0.06680101569380949
0.062040402351541506
0.05994323549927616
0.10159905612513186
0.057840807210848395
0.07379060099014269
0.06462621655830943
0.05571018601364471
0.05282415340436704
0.10923397967573314
0.08373356809297959
0.0669200695158521
0.11401539248617229
0.06295073238269407
0.132815858030164
0.14204286700650784
0.16058147773358913
0.04287991667329868
0.040573507354752
0.12630389885337623
0.06234084098271179
0.037871976121075776
0.13895973154387425
0.15991178990737626
0.09189042301412666
0.075225629028885
0.0865294143850838
0.04741103297679924
0.0675510470455044
0.027610002221918336
0.036364351183841286
0.08566453087919082
0.0642294678516243
0.0643928713285982
0.10088966830367994
0.09726757291867576
0.13005508176727568
0.22557156184377078
0.08662744590898777
0.15354244894811256
0.11576737197930523
0.13093097970988898
0.08882598849172967
0.12270052975884793
0.08900005601021864
0.08929794829077829
0.052348503770871926
0.09383646121929379
0.06372650520794924
0.12392942662807954
0.10644008093281554
0.06049302203329143
0.035847169300337836
0.04118060747396791
0.07217811826165975
0.07079400600313288
0.07208467258193584
0.15388344522630776
0.08586422704152459
0.10298071131612573
0.11875839922702333
0.034977478370708755
0.060422856617955656
0.12131450985000958
0.09344689604786045
0.09295537824773385
0.11026060455937066
0.15243820432818686
0.09640770565338436
0.0872321437926507
0.09736733564410766
0.039015991898601936
0.12890952094136993
0.10399724265100956
0.10956207489239167
0.07116493268129301
0.0523163192787064
0.05956275226113427
0.04210991867088801
0.08885939658001307
0.1198160743929132
0.12217118226946845
0.024866679734134645
0.022158988333367602
0.07703475927840085
0.027636191458078527
0.12168514624670246
0.15262432103275736
0.18048031540886905
0.15618084785113337
0.22642511385875805
0.40682237662571946
0.36516141779101063
0.06276006233336134
0.03856718054322748
0.03180682731659454
0.06166585864086505
0.026381279496205015
0.0717564806171196
0.06862332497351488
0.06186535162138719
0.17891247924604778
0.24604096457615804
0.27772103562007683
0.1841915904692294
0.1358832459568628
0.6176523006242245
0.3432623183520839
0.6025657145407985
0.611117599126448
0.8245514544210105
0.41309557818599896
0.2184016281006835
0.29309122400025706
0.09731944658457237
0.24490307508653825
0.09528410927756803
0.3944410982650456
0.14412761020479814
0.3277787151069618
0.23941231766447085
0.12850849912355117
0.09248791772295546
0.10273892303120442
0.11238505927313262
0.09955672041817844
0.13798482322804576
0.12733226799171046
0.07704972206551153
0.15665823304465748
0.2074907284819744
0.26088936551541747
0.2790616558493862
0.21595183352385597
0.1462301816101651
0.2368437517778813
0.2488725007712532
0.14071898378886225
0.07917731397761685
0.059050180232269586
0.07875303272594032
0.04155212326082873
0.04973027048563548
0.09564928047439795
0.06614425253130948
0.06186102598735013
0.11062522496010364
0.048404115643987174
0.08743515451039252
0.04257342753455031
0.04790253100810796
0.10233056607001206
0.022181960537735582
0.13396306797314553
0.11286744722422165
0.07093354613997224
0.10572329034182114
0.10242610262264407
0.23695846983296842
0.13057920064440723
0.15487059965517452
0.27130039994803484
0.23861850127073164
0.13241304609818175
0.06585856262965678
0.09689857719896157
0.11302568841956621
0.05245355634095841
0.06910305843248866
0.08969950482366403
0.06441223742610208
0.05864880676966148
0.024529719824144643
0.028971842502250062
0.05972259077482042
0.10406781154970532
0.08832527842664382
0.059266241430591705
0.07942693593949002
0.05387580652059308
0.07585603656949286
0.11424278011511743
0.11539316584619745
0.08808701146552864
0.10041006488298587
0.1050794839841876
0.096207782409647
0.18081121182294924
0.12221245208043048
0.04927773633756972
0.1435413024636039
0.16869151327290607
0.14959502541580155
0.07714867398136656
0.07897116920147426
0.062358073551262695
0.03916844670846182
0.033063910652285367
0.08195854328568702
0.08758553621967828
0.021102266932439856
0.05705610445153903
0.05550122895784529
0.17656564469451003
0.09166232656079125
0.1477327088889444
0.20550125167193875
0.15278684174064142
0.20414961301313042
0.2465823251125979
0.050070216640481
0.16747404583137088
0.06901355794796456
0.11035974940613368
0.03630482862711327
0.03504119798238245
0.031715164990033747
0.05823548847114005
0.04816747863536514
0.06793518021054933
0.09173989164054468
0.0209460559427375
0.06289552510531331
0.05974258851158619
0.0208863282113807
0.13956016512171107
0.11638760610215317
0.11263230090927488
0.06180323507867071
0.10013074583890336
0.08160968502346952
0.05832342892882345
0.04311423315785231
0.154959642473053
0.12204903703486043
0.08004030080551308
0.07332977465696862
0.06038686320446882
0.06410453817916803
0.03969633470986273
0.07161401605381071
0.0288605382485691
0.05925691014426073
0.05789635550825091
0.05101831510465317
0.028389131997685044
0.04527425054571613
0.07128055351909515
0.08688162257474204
0.12738141727831226
0.09380205795415139
0.26303942535685837
0.24578237117254997
0.16353213789349147
0.18984289889647987
0.2710455114442343
0.181898660343113
0.23204321287876992
0.19456234864171784
0.4304451864483769
0.4391884943661775
0.08016319194304565
0.05314006780678852
0.06626579198928086
0.12940944570214366
0.04526149577348782
0.03350912766700913
0.027511511951110335
0.07544105549548885
0.10541934156983132
0.10386466794798029
0.09118563083521437
0.13022766401473604
0.14636188685343224
0.3146972842033703
0.3545957103004197
0.19586560888239563
0.3481989893682852
0.6531167113927738
0.1652245449604089
0.04440986548420706
0.09817899275644089
0.0554135513764766
0.12366695449858667
0.12142311463877922
0.13583213015648943
0.10464897765691814
0.14239544005523627
0.135309649873497
0.05484680782855333
0.03284106336448502
0.11206913940472833
0.07647448313152796
0.046544819965761895
0.06379923391031689
0.14057711393151506
0.06366161587736828
0.10973070930485629
0.21073584933378378
0.26402324652745207
0.18458846095475615
0.07741173427926834
0.2832780322947882
0.16751626977714412
0.1134779602822595
0.17928425502952683
0.2422074024747608
0.1320091036955693
0.12717934693327354
0.05028785720378741
0.09646132334536432
0.02884389980445404
0.06307873109740228
0.04241346796148613
0.09716405275293122
0.053317978508960695
0.06848731471551756
0.025742652214774744
0.06756181046260516
0.04255096145132718
0.06262117342987038
0.07548875458175336
0.08687297098433869
0.11906829379609939
0.13300370888313165
0.1680092695358995
0.20095250759788932
0.14883627100021177
0.09474610911865768
0.06652750384971254
0.07969384563556793
0.1481389469886012
0.07648546192588859
0.06544637217023397
0.05262325664648324
0.04712753047032673
0.0469584988287338
0.06933754329146574
0.06632943671840091
0.06195464842546942
0.07597186052795117
0.02334435407875612
0.05785866675774862
0.10762321729741434
0.14115888035870458
0.09466404275740753
0.13293968889516306
0.30610685901485196
0.4328127984016671
0.2621061623661979
0.37055321143544534
0.4475293191567833
0.306279457109363
0.3259582211172284
0.40221108047323834
0.2977332491075492
0.20858796798707543
0.32074108030883874
0.17485481293348681
0.062277646041633244
0.08817173361035266
0.060545831780823074
0.060778985692809595
0.050943286272290375
0.09654625317683012
0.07933709390877705
0.033653168465890435
0.09944029028514335
0.08423383165369838
0.04848875466493062
0.05201538053757395
0.1363138888589417
0.1545238341159612
0.18341143805732238
0.06810339706935695
0.17487603189486506
0.14378288791158386
0.20580625781286238
0.18661292478136307
0.11205165051962963
0.05203801225036933
0.07943324343394341
0.04363722142060949
0.08575048351843668
0.10179445123276439
0.047416660399647044
0.06433031779274744
0.026197501861261043
0.05851402382458387
0.03676314025991721
0.06528477618956675
0.07678182237914645
0.05159060197952852
0.02839823903971495
0.09935681245414331
0.07413479061345767
0.0658961799722981
0.10405080094708777
0.049172683767483225
0.08935125134216275
0.07687195543930343
0.1068162854050266
0.13150974717574276
0.06236966591557823
0.06798394248890295
0.055541511414295024
0.05502358517263491
0.07412208564247975
0.08684615159394274
0.13041605630023248
0.02880254983659165
0.07348987982245149
0.020436073005768003
0.04191512403832345
0.05039783480398842
0.045592187698424935
0.05214647959762826
0.105471875971279
0.030833292702722358
0.05324926442277976
0.029703060247817038
0.049429188230968944
0.07621454070015113
0.12108593338680507
0.28785794270191123
0.09853237897520241
0.1080960722513331
0.09646805139619276
0.07497978312672735
0.12131450985000958
0.04143550291964395
0.038901774799780464
0.03533806838376401
0.06872527234580607
0.061041212834245906
0.030811636342505933
0.05366779137722533
0.05775381304233848
0.1056343997055939
0.17392075537966337
0.05777509398550631
0.050699655040164195
0.09078165500341878
0.38715705494224706
0.23035397395630836
0.5062150327931552
0.18762139528041955
0.06489205242146341
0.08579004170589231
0.13643107931424547
0.06661232217353502
0.10268690044218531
0.0744893172021026
0.07408329576661925
0.0577485272729944
0.04504330966638457
0.11301450494583141
0.0823479899682178
0.07187863788515066
0.0718236952993411
0.0664938181648958
0.049678406227071654
0.062187897097632616
0.020895517093127904
0.04985394829854557
0.037010828538220776
0.09562074892391774
0.05266427969814032
0.050128091077068684
0.08635061003362943
0.09957709588543077
0.10434313554004458
0.08724195470326214
0.07125665129871597
0.06536694149468715
0.0704478784319232
0.09739946899361811
0.06476206824798553
0.09077702324860004
0.028196083641276567
0.08095958631428946
0.029312302572333027
0.06822827890588636
0.039128041873813024
0.05528404970946677
0.02053255626411356
0.06242276061606611
0.053520243975684494
0.053000123356537046
0.11172744877061991
0.2512023388916187
0.27129275308037654
0.2570309921547881
0.07567963006992151
0.23966196039846255
0.11918618124677217
0.24489284059895888
0.3030767944002049
0.4318506452635107
0.35046957909407706
0.27004584577785584
0.20928125761100685
0.07017089546247648
0.1705800822534271
0.11965121624642602
0.07012704871481022
0.059426842596247365
0.05010689526688803
0.024653769727731815
0.07445167545650869
0.05221287158644197
0.20048074842778918
0.06987288207548305
0.19269838325911953
0.1003440583479062
0.1095176871039776
0.3084245923178956
0.2779201741323189
0.5368166322208573
0.3487597879652735
0.21955746134925527
0.37128825925349046
0.24969460158422477
0.22848075471361876
0.1667376709612021
0.07030500447212695
0.22370759941825416
0.09785242855225189
0.03881288416355324
0.06414307291650888
0.08333945439320704
0.07235092770783433
0.054722315080750795
0.06356963548302796
0.030340230091621876
0.059847641081673
0.05703729578021806
0.0885922665210539
0.11276464560091856
0.08518955337334556
0.11879556806194841
0.13143420031478023
0.09851506784049062
0.07283226576158859
0.07513748604683686
0.28057469406942737
0.22762713300835416
0.1882162090341567
0.08227652224958017
0.04433203830304189
0.041200394528134614
0.06942750951212712
0.03720180996560106
0.051866147511876355
0.030778899797305685
0.03561081386886743
0.03807751617294653
0.03786741103277323
0.08765378143719116
0.08428499004175058
0.048559601123705914
0.1299947553286956
0.12896828311615796
0.17659920643787175
0.32687928780244074
0.14361522379363958
0.14506216218327464
0.05741990028129574
0.12408483892241275
0.11922845264503239
0.18014858768206599
0.16224236458991334
0.09409055030993076
0.04920500763520207
0.0761618534100784
0.07849868300377347
0.060488686967578434
0.0705043044458855
0.05714479566708862
0.06017490510266295
0.05277756734964117
0.03743751309104328
0.07283571564983629
0.05771426581222085
0.08728434632362311
0.11868318883353857
0.124835975202014
0.06402812801447443
0.08129028598069674
0.22922046799682683
0.19767913558123446
0.27103983265769493
0.30368480714506296
0.4187686386273143
0.13567333792805092
0.1950050524490432
0.5456897622589829
0.23881868510938228
0.06978720501955545
0.10884156334239375
0.1114060354129558
0.06117110818115037
0.04439683231200541
0.06162661158248479
0.044412994245864666
0.08171081889139767
0.08265322932167347
0.1558519780817086
0.1086839478517821
0.1389530281895823
0.5238769652366722
0.3283054434546495
0.20191648751292532
0.5459722765364383
0.6845511180923438
0.3378281049299691
0.3878894639331656
0.1186054911519562
0.2038852254487735
0.09453070095701646
0.03022682650740731
0.07616025157120634
0.09636929550969166
0.07073000850173466
0.06202953849346355
0.08139168160531625
0.026905045755795286
0.06557081509782856
0.04152808905194654
0.03959673795573838
0.041739095130360386
0.10731458864001003
0.06519534458022329
0.066841477989937
0.2174160229272864
0.2237111785509185
0.17363451429707027
0.24280081841892856
0.17784719096200063
0.09985301016990197
0.14567107883221742
0.3221048611009091
0.30301692054289237
0.1934196520794817
0.13919315987392028
0.07664279962290146
0.17304167400671283
0.12326369126339416
0.0875386960457903
0.052671588298738234
0.07336495014999524
0.08401521940327021
0.07390321209044956
0.07432358295366892
0.04237659057956969
0.0991438960930667
0.060831179168037465
0.03142053608323121
0.0437032878423773
0.15525635044513686
0.2364591536772153
0.21723585854075153
0.5325615901044499
0.5071175684212083
0.518781630858829
0.5142480326798936
0.49893043999313935
0.3679916543907573
0.4493585302165429
0.38909374035933025
0.4502357832263357
0.2919517873989276
0.09710860434232149
0.06310152329243127
0.0623917918422153
0.04373016082077732
0.06602725249644942
0.10911045268157038
0.023688937144276022
0.06557704663486047
0.04443723714665388
0.1997156976305428
0.19284276711081072
0.12724306404095548
0.1130324343722808
0.36154361240920985
0.6391463071581509
0.4218749595341375
0.4761144095665698
0.7574052590159446
0.2521796706700977
0.7786085673751842
0.35153156966967375
0.5576488916536835
0.5651629558463298
0.17299448221362007
0.08471563166929123
0.07887008192939718
0.021851160794836455
0.05372078090267696
0.07718059741575783
0.022549515807623495
0.06384328471052556
0.0806609869590983
0.06811032373181555
0.07971950605861311
0.10825094407548026
0.10246975852161122
0.20552647786652187
0.09206800066604882
0.21134342331055056
0.20231508805303322
0.5768159139400557
0.40362468220794556
0.5071527472924349
0.45911184641642533
0.5155262826496212
0.393811083144216
0.3357891574841455
0.18345559930238362
0.20367810641628376
0.09916292751223275
0.022985987690615415
0.05652946165455741
0.04342711628043619
0.04325807082765353
0.05430409776786963
0.03389778476541297
0.048253646273421276
0.025802379946131545
0.10396544893573859
0.09653643650579848
0.11058913961716947
0.07372269979103645
0.185850068311028
0.293787740990179
0.11816901926896413
0.28300354284651197
0.27402558858756815
0.24132726390744305
0.47684035786164564
0.3229506002926421
0.4028115678616322
0.18459352757610784
0.1054602200955262
0.053657193472135004
0.06637187642314636
0.07036896505144473
0.06665909223325737
0.062229143100586005
0.06705742598037553
0.11575029265395853
0.19730639564808375
0.05958051226451434
0.22210633015527892
0.10059817855910883
0.1554200219928615
0.40717780493105626
0.4587616495895032
0.4553861456826882
0.29739841852648696
0.39637393941379084
0.3631013998473575
0.26730698617838733
0.16908001858931376
0.16338907035246356
0.026629379303379358
0.07542529052758955
0.08884216125380355
0.07651293755302592
0.07969624627897612
0.0778536440919232
0.021910888526193256
0.25090563091953483
0.18298505530423867
0.21422315584453702
0.1563665992135593
0.09318162966686087
0.5047377003422907
0.5215588999580448
0.3839186578651352
0.6805394367645536
0.5828172146196878
0.1542066371876422
0.11487473157242312
0.04866891217403336
0.18059768313219568
0.177939435030092
0.10272073152944661
0.08839128438941636
0.07995356215391146
0.028232839168265387
0.11969855004333685
0.07585758048619068
0.08410336322774262
0.08964169763922943
0.02441945324317828
0.03997132168954516
0.08605720497715622
0.13774201208307038
0.026542084926780975
0.05644555400425142
0.048011907129108806
0.1375163369563343
0.04451553762429995
0.0772255101274666
0.09939775184182419
0.10351352261382708
0.14282796690183003
0.2281902945129004
0.2840588427476403
0.05086505491161363
0.044623099386037965
0.08612004274299218
0.09465233970314803
0.06555911229306394
0.08057763217816671
0.056730585948318916
0.09363478950603897
0.08752885176473456
0.0572604812028336
0.055564728608909424
0.06944742846308455
0.10763761366808171
0.08213916578505673
0.07757906481562979
0.15920725133656927
0.09709976569344662
0.07704877345025396
0.39362216549186446
0.2665752986291946
0.3747823225964606
0.3462625873843581
0.30491104419304377
0.15400565808303587
0.44043505732764154
0.24311589008130302
0.42009078756004625
0.43681659974364967
0.34689453884166344
0.34074568162471064
0.06524572699074109
0.07548309073371325
0.09507719880712777
0.07724813020311919
0.07996062934289187
0.057738508713010055
0.10952804481104372
0.14321811050226946
0.1018199380758371
0.1205723662122221
0.07624341377145816
0.3263163044560039
0.17307814970122484
0.17654759335235562
0.6083138076081129
0.4143780890303132
0.4532325303636071
0.29095521430537885
0.22709341405436004
0.42284581519745407
0.20250457594474597
0.6994053817072394
0.33924262472050853
0.2430991170983236
0.0887308839300142
0.06847311067952803
0.04723325170434478
0.06960828274172493
0.061321344433157406
0.04833226320679003
0.030658703949525593
0.08209075817896024
0.036594721558215366
0.09748070407348372
0.16738777041914313
0.09555977572998385
0.42701003364134477
0.4050496535344796
0.4668014764630017
0.3617565798479239
0.36785369560880693
0.3012154996968401
0.4036939807918036
0.6029965982080475
0.29945187281855695
0.5348145533442193
0.7997091272347983
0.24373216731012598
0.04846972882353828
0.1166530816561228
0.058231447695724296
0.06624414039173235
0.09613637207060266
0.03945705822246752
0.07721363901368951
0.06993596127514255
0.12820422619966346
0.11164027854881152
0.20046676418911072
0.17198649055707002
0.2246739690210986
0.20337816299142608
0.3431293682891113
0.5165998118160906
0.24476460115347268
0.44413700652384747
0.33894807690111983
0.2694414089254456
0.4314922532225108
0.2512838488454131
0.1285040345291892
0.17261586896669004
0.06943747415157599
0.050005023361246466
0.07129348662787319
0.07794979361708955
0.0820163299675979
0.08419578609099591
0.11754320557237442
0.1617545733585743
0.24396439160892616
0.08459743980557684
0.10447074046771097
0.13717267169822397
0.3388814620029082
0.605673330316401
0.232804913506131
0.710890100042602
0.7285798947720322
0.7101408823140549
0.619699845893602
0.4086936191288905
0.2325581362884261
0.1120004611724666
0.08256462813433668
0.08868288527740444
0.07261087563381101
0.052712385081495075
0.10165751939384668
0.12709593662359994
0.1672679344787398
0.23353786745427188
0.31426011076669913
0.22410871124815623
0.3438027941414103
0.5771472225914013
0.7661727330329882
0.7330676930004054
0.40464988791165296
0.37149821169412356
0.34131613133786093
0.599638612625054
0.6590352546253955
0.31583651148205566
0.11874791881903778
0.1026013020547699
0.1067862314236401
0.13787550976464627
0.14474028933249067
0.09334634803526866
0.07971950605861311
0.08703375903668607
0.07904074338224798
0.09969002952799258
0.09249896886190212
0.16285800752247692
0.31811403181315695
0.29241527228922726
0.21072874481531392
0.13524306253617044
0.09038643530631152
0.5256494540850042
0.5140503915321536
0.2769345180970487
0.8566056029733662
0.1932724860586514
0.12514547482736618
0.07578954108702042
0.09173828655218264
0.10844559357141806
0.046986761131140954
0.061984002353050245
0.03180682731659454
0.021841971913089286
0.028120692327042732
0.07318352429812398
0.05974116016264392
0.03974272250077515
0.07992375795395401
0.05825287660441872
0.032014064007237275
0.05149522083371591
0.1064983482523178
0.20560884958352302
0.2689892010075923
0.20516484464291207
0.33766928844047467
0.3249029811839013
0.20191758310758587
0.15990445343874907
0.11439416785743478
0.07640709649745955
0.08013086807532648
0.05711627425942012
0.03336508686812815
0.057302048718574465
0.11342358378157354
0.0562191185777648
0.05461698983786657
0.021189561309038242
0.051707178935521785
0.047314439664558575
0.033099640544225366
0.047190956343797864
0.046845996181604364
0.026843967064231703
0.09742694028652274
0.07130270544746692
0.0853533070549067
0.08542390141430807
0.17174714636188682
0.07755287557946942
0.14126082773099574
0.20497836008276663
0.2184791924710884
0.07682824028832116
0.16101163084140396
0.054352215623043675
0.01844300433337608
0.012782609334371448
0.00409147378324505
0.0027720924160900477
0.0012728628745091528
0.00024985861657126615
0.00012492930828563324
0.00010986642733972179
6.392927786320384e-05
3.602149283862504e-05
1.9888482414205476e-05
1.0828486000351742e-05
6.634791946172297e-06
9.760102209815084e-07
1.2430301508878422e-06
6.215150754439228e-07
4.146744966357678e-07
1.0729143294894702e-07
7.768938443049035e-08
2.1732243646542247e-08
2.43808924376897e-08
1.0574693359718503e-08
6.095223109422418e-09
3.0476115547112118e-09
1.0992887218818718e-09
4.1910715995682286e-10
3.5618929175590284e-10
5.957093633920359e-11
9.52378610847254e-11
5.0619445390108456e-11
1.7176386279404247e-11
1.1130915367371915e-11
5.952366317795337e-12
1.9052409488917523e-12
9.526204744458761e-13
5.367620712313811e-13
2.3815511861146903e-13
1.0232108397383391e-13
5.953877965286718e-14
3.704518529438496e-14
1.6773814725980697e-14
3.63592140742208e-15
3.197533874182313e-15
2.5212033652588113e-15
4.544901759277616e-16
3.2383566568109796e-16
1.1362254398194024e-16
1.69844289663268e-16
7.878760516433796e-17
3.617693876404784e-17
2.413723248963764e-17
7.267917438094154e-18
3.633958719047077e-18
2.0475848054175648e-18
1.5085770306023517e-18
7.095773598903827e-19
1.9516197962538518e-19
1.7739433997259554e-19
5.678060498511041e-20
3.532904176176547e-20
1.766452088088277e-20
9.61762758353735e-21
5.54357312414359e-21
2.4044068958843354e-21
1.1040325550551725e-21
3.0883375709638397e-22
2.4994931706757387e-22
1.5027543099277082e-22
2.708972549007895e-23
2.382348384098942e-23
1.3862452388942992e-23
4.8255274546309965e-24
5.754764673623475e-24
2.8773823368117375e-24
6.031909318288737e-25
4.332016371544677e-25
2.935067011577557e-25
9.306048375386503e-26
0.0
0.0
0.014704508015953336
0.06117798094087318
0.07137431109768522
0.03928999234256416
0.08517431441207433
0.05925657205332367
0.05132215783824035
0.0936668492272774
0.060079579998508666
0.029380296289688038
0.029394656160797353
0.08790040764048493
0.09402269142409653
0.08791650661624334
0.06019531549080038
0.06783615536956199
0.06783667292625227
0.07490936754258276
0.08157048567084647
0.06783712578835595
0.051726244652274406
0.09995933034197498
0.09403415899489265
0.051726266234155875
0.04190932391640642
0.06783718947208922
0.029409015812792462
0.08792187261396162
0.06783719035658568
0.06019715250604352
0.05172626929319485
0.0601971525614039
0.19231278597884724
0.03981418627246148
0.08275718232741743
0.2538484820858271
0.07959077520619899
0.08369845967868475
0.07159520738248973
0.013020645435779342
0.01813773027380703
0.030993374564792616
0.023340561223226055
0.025847838599212126
0.020830603487746624
0.010195064298516006
0.07982249074054429
0.043515380072927545
0.03426947503208706
0.030071074961792302
0.06522794886349557
0.049622055214588394
0.15618563239257924
0.1399836979873473
0.14586828458521253
0.11755938179505285
0.05625157739182089
0.18952711139839276
0.15878405207112323
0.14041142184994787
0.032536451934565336
0.24840387242731826
0.11044459200400145
0.176412281697002
0.07195212144573428
0.0660705248612907
0.07167410008932888
0.027505539177974683
0.059079269294729266
0.05734667125595419
0.03485132602022069
0.05426590569491905
0.05400662047126373
0.03828211595721036
0.08657577958916583
0.03188539502507521
0.11452927722436468
0.08454615583483906
0.04130182197791398
0.13757140597704637
0.09608830747186956
0.12979580764769208
0.10318362961227122
0.10420295790314417
0.11242246479412228
0.08586158457928977
0.15685959324137302
0.13122354982901177
0.283655819978731
0.32749646310012154
0.1756217440359559
0.09765112865965672
0.02179889902989928
0.025476174644106023
0.05584578433818275
0.038869450932061296
0.024212703403866324
0.029711688423776462
0.08058939779619467
0.05722868748756263
0.0549025115853114
0.05240466155661236
0.14610607131365325
0.12939670228060715
0.17102253397821737
0.16419898649651588
0.13557899982007185
0.13959795854271367
0.10547060132627027
0.21114435726553332
0.2031996004172111
0.22678192966177702
0.07641963157626581
0.05814010732532744
0.049833574664365485
0.0587344298612683
0.04211799963781796
0.03458943365861843
0.060289991332579194
0.05192944276083054
0.04598720137926905
0.050181080602520314
0.07837204244886105
0.07186015404376064
0.025765624419142756
0.12686753536748394
0.10371786636169926
0.08441928309614659
0.05971919518378054
0.029482532607374493
0.082843824090792
0.04754220223503816
0.03247465283868029
0.06421136322373386
0.056693148977849286
0.05516068026242241
0.08069134516848585
0.04190789449764467
0.047658779191031425
0.04328973984263053
0.06455024900471558
0.04875036341533114
0.06968093445277466
0.0619353322266456
0.06288647387271831
0.06794612560720094
0.08308991383090897
0.06679790219035997
0.05281475790406947
0.09552435080194135
0.058805196347736136
0.1492128775400606
0.05423600205891913
0.06090321532247389
0.05272547969957525
0.10082120139266336
0.06697767857324216
0.0943089485418391
0.20459520206842827
0.18441039502871995
0.0351394076179833
0.03832139981145089
0.08079826566114852
0.043513861100588636
0.03731311421928209
0.0606978216729373
0.01982501236957935
0.047745812147760636
0.029207545627692087
0.024915652857526966
0.0351061227151695
0.08503257942188545
0.08565468919476125
0.3904874865909787
0.45095500867712107
0.22290313626872393
0.37124770171930016
0.3993231041884899
0.06132966140974526
0.02530618033178286
0.03931659078553953
0.06896739735499767
0.04514081116983465
0.04780223816172293
0.07046386630055852
0.05536332403267023
0.03148570330677341
0.04076354608339186
0.024107031263773532
0.052372745292668686
0.06984233883702327
0.07819776409924911
0.07453981871869071
0.09221371448184806
0.06788049479663885
0.10536035129854575
0.10217718840248845
0.054646279750585655
0.08579593766090053
0.07063493399070991
0.06948632377231025
0.1943116915870296
0.1408402948202945
0.08859460336560813
0.27005392275521956
0.12491610917523838
0.04025649093447366
0.08898731258868244
0.05992862547160559
0.033672810393010545
0.05464379154808386
0.06612213718029714
0.04143111744878969
0.047677226612271056
0.01857991889283403
0.021653599837271713
0.052456433801527036
0.054365688658403695
0.055307455318996675
0.09690498572133327
0.04297458213237074
0.07577956147761816
0.11267733322485009
0.16856136056173882
0.08050571195653504
0.11651336856264141
0.15383858478742263
0.09826590331533382
0.15424637427658733
0.08595724523167078
0.0952608307864225
0.1445592472410613
0.07579787129850815
0.07666994755475906
0.05618516567636532
0.06913150859468058
0.059612705603201616
0.0640733057610538
0.07636326228894785
0.0519931598685128
0.03744806459964211
0.07217811826165975
0.06842855254072953
0.04808175323196793
0.07390867395494376
0.04973027048563548
0.10481599519088311
0.112549752058873
0.05745263682649602
0.08964767915875776
0.07563785046238992
0.12943493254521637
0.1642372167611251
0.21787734876388554
0.0924543426431838
0.08137533698250701
0.22840364059688087
0.35356623052742137
0.11400166505624285
0.08941841306063694
0.05764801627198017
0.042303861877202045
0.07145236455459558
0.048639224035496836
0.047134530329835576
0.06973200264718168
0.056669995572371616
0.11477506175584164
0.06143959156683217
0.0853631547892893
0.11218308647649208
0.19036158840537293
0.0532863252520002
0.09156543628091218
0.12070568879278235
0.23002453320797372
0.2899178798607333
0.13612388793151245
0.09794593792877154
0.06432565591701439
0.05052100817014577
0.08134483297814492
0.08937156443346593
0.04931006020528888
0.030340230091621876
0.04810317690285505
0.0409370731296438
0.03416632817895112
0.082344270357796
0.02072552278080474
0.060601538995503024
0.09152660128333796
0.28421653052633267
0.3505751347857371
0.31627699521182473
0.36431054109179345
0.35844542982054106
0.3819968039751321
0.28444837261606715
0.17908676398065881
0.1600752237556938
0.2152458462487694
0.1095430275491854
0.11518026063267414
0.1465181407072239
0.039270759622259066
0.052396989572450356
0.08610127660824707
0.021745488654743697
0.03523106994454422
0.027570718367677962
0.07202195617108959
0.06746367361370233
0.0767874719043351
0.0633625370846932
0.06056684713842013
0.11160406046627767
0.06789628414369639
0.054421232740949656
0.0904875130055309
0.09345552180987564
0.15613367867822778
0.10937985387776952
0.09090938602118477
0.1333044488200626
0.16099710414125967
0.197630523374106
0.20958502452727834
0.03804656487427254
0.0989130681673202
0.07151608166227753
0.053710182997586634
0.045516984596250046
0.02454809758763902
0.06571133262804513
0.029960486167298604
0.08852854941337196
0.08687190461364001
0.036976060150724084
0.12974688193210032
0.11486302876765815
0.4398348782888451
0.44972808944109677
0.5349176250400038
0.21856227037516665
0.21423451427440354
0.35957882974750793
0.3944704793524393
0.35609294338688685
0.19059216615604507
0.35506995426871707
0.14911496338728694
0.08260007227371546
0.021722516450375682
0.03606535540744077
0.07370850674925013
0.023528131713700096
0.03769771072724873
0.06978008256085554
0.08396835609972843
0.05707778506153635
0.04809329329973318
0.04118060747396791
0.06551982488871916
0.08554183716683667
0.5718031108327428
0.20612040091226858
0.39639274808511055
0.5132049583991746
0.22820560913483515
0.13025004889629396
0.168243564964238
0.18414363297596548
0.22981486398744042
0.22670447033244687
0.043683943826178635
0.05802079825523002
0.07239499933892551
0.04190571970266328
0.04833828529436472
0.06624395881998295
0.01909449627067713
0.05546943524257463
0.027112406734874014
0.05693425454499324
0.04364217316181172
0.06638527748557271
0.02695558460540488
0.08857943758514035
0.1323015905737443
0.08893912202874578
0.11401816554647413
0.19918908198792426
0.17494968488783763
0.055294095913762865
0.10811525655302502
0.10866476230424732
0.10907689161766429
0.18462669121936537
0.06009069218580031
0.10725644820665943
0.06018774822644631
0.06735961020232736
0.05511529814493053
0.07270350075656308
0.06717985632648273
0.06376098157991282
0.060480278611755235
0.03661107872586787
0.02141009447097097
0.08957350997935681
0.09240254956043752
0.06800941768071282
0.15677112272367014
0.13945783308311796
0.32402725833101487
0.5153817475096396
0.14539567588591157
0.5241580569996995
0.2937521117656561
0.200902529518878
0.08964216615163365
0.18803477325587328
0.1569847033039151
0.12898853539815353
0.1595465537765961
0.17422472244424111
0.04001694823608497
0.06816475253399956
0.05451562378444851
0.04514707568463286
0.06021653861409402
0.03911187993995376
0.06950096223061197
0.09474848922831436
0.04867684137813848
0.09094915602826459
0.07268611031909429
0.1234422546672747
0.1448559552131452
0.05714106114494993
0.13049797593358714
0.1261476987263296
0.07066805580059807
0.1072658525423196
0.11916729131430684
0.08571225325382745
0.032014064007237275
0.06777704710437477
0.13420776504406556
0.09511619818534699
0.0750205225847876
0.06525539510217276
0.05138529004832855
0.0396674878154922
0.050808021665627534
0.0727622629313511
0.04826285978117775
0.09208377381655847
0.02378542040262161
0.04965489228681812
0.09114095082833377
0.11285207125251252
0.11223369449297928
0.0754888779581312
0.11380764202083121
0.10266022158486819
0.10911597541747307
0.11959969423471221
0.2763410960168374
0.22605201626860752
0.2944098460596825
0.19555439854211545
0.035990557793190624
0.15383527542094597
0.07619392752041663
0.05842858774439476
0.07099955651220012
0.022944637722753024
0.05322435607084142
0.040259377243977115
0.04523485452643858
0.04436456605542287
0.10310913618043088
0.04996913894126195
0.23046401326386345
0.2690674475791957
0.28612224162763245
0.2548857094033394
0.3711076419002748
0.3556179213947835
0.284606741199721
0.12812867254159846
0.030994960995627548
0.09569851968004947
0.06504349944753984
0.03820681164382255
0.048601992744067214
0.10077139704510837
0.057109687252793764
0.04670496773290531
0.060093902467847564
0.056300436347815806
0.061200805041794426
0.061474265491594335
0.11412948637258123
0.08520251639237153
0.15775494389426412
0.08497757702721373
0.351119493592435
0.36567754048935613
0.4087316314825951
0.32243066446696406
0.1976486696746794
0.04244176683530506
0.05773092203922958
0.03792397780128161
0.0376492249256703
0.019030174098446723
0.05119977084651092
0.0787213098565614
0.08856677967798118
0.09916292751223275
0.08718529516547968
0.03306159652641782
0.0757229977176091
0.08053279010717887
0.04333517872304127
0.055541511414295024
0.05764200578608405
0.057121390057558716
0.09680883619616694
0.03613527747085544
0.04974401133845564
0.10482896504034482
0.08862645926344215
0.043172955810132536
0.09019793763464042
0.09659193156778567
0.17488671440691636
0.19976587600460896
0.11964552539799267
0.03610771082561408
0.07316593539025966
0.03575853331922054
0.02209007172026363
0.06440525244496655
0.09280324178579015
0.048827310748704375
0.04336662762946421
0.05083815071811828
0.05668701290885099
0.020399317478779218
0.055974515190596874
0.07583610156311738
0.060588223401184374
0.18887804854495388
0.054494663201756735
0.19479200453349702
0.09640974729159985
0.10170254317798559
0.15061043560102136
0.11228480443161583
0.15073212537212816
0.11304951897345465
0.049440778240798136
0.07932557129532392
0.12054151771132672
0.03284784945396357
0.09199476007127279
0.059390660125981716
0.0790336340377024
0.04521066311517449
0.06029418316924904
0.06354110048857373
0.031152127514157323
0.07128799434540846
0.0238819036609672
0.06874861032070706
0.10597159466110437
0.10973360284994167
0.10943189528587706
0.08446974290155308
0.15720377640712696
0.12564192442270655
0.08941452524677157
0.10583315591536138
0.12168177344243483
0.10666397506005534
0.13573277658629657
0.20465396424321627
0.20324636055543166
0.09627650850626528
0.21890273044524933
0.05774293289939112
0.05765260369117406
0.07492657105569984
0.04221497124097482
0.07778642887573267
0.03169552306291358
0.03164969189963319
0.04437905998134369
0.03868059771482925
0.12104976117426514
0.055711052621840826
0.16882483054584102
0.2842326394499857
0.19841198102596747
0.3428104359555911
0.38792457234745986
0.2887410293666294
0.18662449687777072
0.10394003588342837
0.19558186983502007
0.04980833351068601
0.10451654000043392
0.06262170829706962
0.07327467383430099
0.039199769533546036
0.0934117876335656
0.09377026423888041
0.039715976636982835
0.07216250205260295
0.057103271904609065
0.06013251348230197
0.04114828360624874
0.09325130376500804
0.07677699633136055
0.08646346206155434
0.13808445378548062
0.17912179929779198
0.1040990159889428
0.08121133688173439
0.19583588579179945
0.12737789737429944
0.212933109074094
0.26873327335960634
0.1701285967718687
0.2827482822216368
0.1162563974336452
0.23144602194409963
0.08935059310929147
0.08903938534765178
0.10621263092947052
0.08501136506932537
0.04279680085991629
0.05021915242644105
0.029767382420047412
0.039925490526264706
0.089364115818993
0.14977506106611443
0.13519996803048676
0.04820946808667343
0.08965832808549291
0.0829753684345958
0.0773590964184248
0.12627179783645898
0.20226101864817272
0.13223600068202135
0.16723136750112333
0.442781991603442
0.3951745484341262
0.1670087589937616
0.10089851602510595
0.16264798524631047
0.2687549578717366
0.1617451690229138
0.10423639242674847
0.08271831348827492
0.21336553647396272
0.16789457874207211
0.041439198415719636
0.03809250928300857
0.06009370486984238
0.05924731466040798
0.047350307643310434
0.19908624818204507
0.5006831102819105
0.35439394621927744
0.31754967647116117
0.38544580813382306
0.3561514574107116
0.3061538237764424
0.058206971427624876
0.45884356922285846
0.4390182183652374
0.31312938756059194
0.14820747370055387
0.14027746875272223
0.4166404576419483
0.13003374917610494
0.1482223005927873
0.11090533044288751
0.04549415353037668
0.13485657686917818
0.08507162038381767
0.04534253698154777
0.13481511950757274
0.14282584803572945
0.10809909461916543
0.25682911736605146
0.11065251399975644
0.11226516274638954
0.12052286480936035
0.2667802735379234
0.20740100261696315
0.23218514039321095
0.16285623110858188
0.11945565343583123
0.17054148871293656
0.10164240204230122
0.06066499729500015
0.17791717471463603
0.09657154492009333
0.1184628466023757
0.05690266286713116
0.12065343538364358
0.09389687914826879
0.07482089451400094
0.07581076926713087
0.0868885871933958
0.06632857655932642
0.09950727562250426
0.12745040661582016
0.2861571006742957
0.10164740988750254
0.3678710367567986
0.21901036572988103
0.27389187177297175
0.3891308639950929
0.291938167665614
0.350974298557075
0.10811638263752996
0.10433056335768442
0.21178292251343417
0.09667159577513161
0.06780605080792783
0.057686194940784426
0.10020152354071439
0.08553187045878723
0.09497778348494496
0.04433182951022259
0.08506485847940735
0.08226278660312768
0.10593351059922727
0.06614069269946825
0.07210646791409232
0.11964947591650905
0.13011425386329525
0.0798599397157922
0.11877176555914042
0.1756789181255641
0.16863275109811807
0.13709372888859284
0.16945542154515125
0.06586592894296847
0.12551098998429694
0.07537262166913072
0.07480300578264575
0.08207051881710832
0.15092821934680056
0.25013651989484625
0.24640816271110605
0.07067323797533245
0.04009775790538224
0.04340287337964697
0.04579911466606151
0.07014794643215454
0.07010673949279746
0.0679639786462307
0.08791686517962455
0.08131929045532515
0.13892793782860327
0.21674850101809232
0.1895963941615779
0.15922292607650768
0.17228742929820248
0.1152064498688345
0.1734877063280372
0.24285660448155283
0.2448928925106486
0.22390976356715275
0.12157420674975514
0.02476863074957178
0.09992116826691357
0.04355529948171789
0.029073621848133974
0.06641185059711512
0.07404756286585168
0.07249732512058045
0.021543333256305346
0.06644852545519753
0.028154733673414208
0.08700158462918862
0.10164590475230288
0.09037566569627324
0.04970062292306914
0.07315699361495881
0.058880545569653074
0.11143729966792038
0.028177705877782188
0.07441848954401213
0.0968225718426194
0.058775981630744746
0.025223480396058078
0.08933138497016521
0.04924541246985087
0.049340520925866035
0.09385788368027496
0.07502026831004188
0.07244359381562972
0.05052949550323367
0.06575487358787153
0.06974961268503638
0.04399278396551807
0.05907850224275108
0.04797151620360981
0.029799543506162596
0.08068845479347873
0.10697321457090632
0.11938037295299665
0.1835219722498562
0.22047567980490937
0.14411281928068406
0.15736066902287557
0.2908727652010397
0.22103464654886062
0.10807978288380539
0.06602722448366062
0.06891781726059483
0.17101671701849017
0.18871732953254983
0.05629376312640598
0.07295608829589093
0.06408553208097971
0.038851731843695336
0.052088703518772234
0.06228984446992412
0.058332989197970864
0.06523230050267867
0.06649517357693595
0.09507148073928731
0.11709033550972006
0.11442318197533702
0.12441402445987479
0.1576016717691343
0.39363554107274173
0.40331654820552726
0.5259791095998616
0.43250429698403176
0.26088936551541747
0.07759344445938764
0.08179554726285361
0.043210716416197864
0.17274650458902693
0.22931938711051686
0.10667832264409328
0.10034258867940045
0.3419214471383618
0.30485963321162374
0.08397932699304289
0.10939154444459714
0.09337667921927109
0.031168686886495087
0.05822336672879467
0.12994247556366761
0.08630933905531667
0.1509306605363354
0.08472893825835016
0.10276565644553537
0.19539488241762368
0.22134242188303374
0.07274837679256548
0.2597912538729929
0.21255747675221426
0.0998534617607066
0.06626102627904372
0.2511554902644474
0.21290912708813098
0.11218684586580793
0.11489468857218368
0.04530118701368525
0.08499561016703151
0.0663322879601211
0.02292166551838501
0.05787515969807026
0.06557858706350717
0.0450655764845517
0.07261201591440815
0.06132269696816406
0.058993838819945514
0.1025828772957255
0.0466561242194426
0.09930347339374612
0.13096938892316282
0.1700183476247108
0.1799306232605955
0.14987689741951155
0.16151207357601002
0.1509968017848054
0.14526819688005982
0.1251614969607849
0.12867032725303235
0.12880249230250349
0.12698505971705998
0.11003626372978072
0.09086101276608224
0.05750423301991014
0.06819224336517021
0.0718073775910447
0.06691542653993632
0.0354995096151864
0.04399348221926813
0.03174135422619397
0.04530190060813629
0.08962700709553259
0.03808791484213506
0.07950425367287128
0.10867650289137692
0.1681865715443697
0.15046157808027677
0.1269997870984336
0.15364839652715537
0.10118879780208284
0.12643662559388705
0.05363550275839373
0.18596759266060434
0.11699027429170447
0.08829046240516221
0.13565369600093083
0.3778554744311083
0.1084790118425089
0.06881447629656073
0.034196595116215055
0.037051221857679825
0.053858553668850555
0.05129124669172463
0.08288404753859942
0.03813152784928913
0.08333181828664707
0.13738393581641062
0.061289841253809506
0.11991468400553379
0.14032599073497845
0.34750481115305987
0.5499091857347653
0.37625687599683977
0.3639393756580521
0.27910563969972496
0.13651922257642748
0.11657443144109948
0.11740682522660162
0.14959695330993125
0.1150970848629565
0.09690724414560596
0.07011574007735459
0.14824422273294316
0.03811188592216903
0.05259901374569403
0.05031210010457695
0.08743811608467622
0.06644163144060038
0.08647685854601148
0.05440813812286948
0.09436953180553304
0.1401867087050888
0.0852218772410644
0.07516915438046458
0.08033975471115384
0.10110032172290692
0.0963960028486194
0.10781108900449976
0.1057572240748629
0.11298327252771719
0.038023592669904696
0.15175026938667588
0.13665440148101424
0.13507447309007004
0.11416086048176312
0.07057953913116845
0.10005305142848436
0.07947369027207991
0.10337447520039064
0.09604677469113135
0.11833963223428368
0.08302339130964716
0.07843509557323151
0.053537346020542054
0.06396720932135212
0.0860578300225028
0.14827816035724667
0.1066357620530742
0.14732854384791239
0.10720002219269713
0.13106822609874721
0.24894595348973836
0.14915538482607518
0.037812248389719236
0.13522075422494886
0.19831526347903805
0.08932493723349107
0.07758726316600865
0.07564220501309472
0.07407750939109424
0.0814632239685858
0.05768439740644503
0.024979975029757333
0.057996538017577044
0.07105943053257484
0.03299727435418744
0.09616185891367571
0.10433050447923307
0.14563182131798103
0.2854015840814929
0.46148955952627735
0.6486109611264465
0.6103297144637455
0.3959507443090736
0.6126238813078589
0.3531709415828385
0.13621021726933563
0.15948582333628572
0.18679026310763752
0.09592915842297302
0.167639710311344
0.1703158288339881
0.2807509805937914
0.20873633865833938
0.13833169542162288
0.08394600622018202
0.11679345838110755
0.03828088135882617
0.06713667325230079
0.09195559408721744
0.09630980149797419
0.11303725569302639
0.2018395020623006
0.12418829977628257
0.13133187454217507
0.18203712811828032
0.23257196573120026
0.21481657178870478
0.09817482917288693
0.12996619113104843
0.26486652181653264
0.1321238093012898
0.18552692651060565
0.1597897626449217
0.0995979174090763
0.07442980916736247
0.0681574871069882
0.1166843166127183
0.080985371483059
0.058654457481762935
0.06225161420531489
0.06200834268328322
0.03286749138108367
0.05288354640054411
0.051366481377007576
0.031439758898037413
0.1058894389681361
0.06671435717475135
0.07934651541099665
0.12496481225515904
0.20853458443958667
0.08832974625940242
0.1522918961474583
0.18239779054222766
0.17766561044199583
0.17326027236268005
0.0862215127485042
0.119576163133735
0.032592963557310874
0.056266140256066924
0.06741490502563478
0.06776747807436354
0.08966827240554981
0.042564023198889814
0.0656193104577013
0.05248707937065184
0.057765044319629345
0.02005013997238568
0.03789006837567996
0.1046286006821984
0.05114103091188154
0.07968439764431827
0.04966590584360443
0.11166708163137848
0.09365270850896851
0.0980463717585656
0.07777930669877171
0.08741990024595427
0.1560135740623758
0.08423767810936718
0.06422109453116587
0.06803907489712657
0.16806488258669064
0.29134679690080845
0.32078558141113384
0.13884561168988319
0.07298704906022642
0.08226704470332427
0.07345823722717088
0.05846675480059637
0.0745235291448682
0.06361922425700699
0.06207801969418314
0.09756429675104616
0.11615628730428743
0.042360744854582195
0.1237140356123281
0.08072177315485685
0.08952790381373267
0.14758407089036538
0.14731088075502213
0.13825693549272688
0.16445429757973629
0.06421190564941852
0.1523850097692114
0.13720537241253009
0.08818445548740428
0.10261901464551142
0.23992743595243252
0.1536574403549852
0.08866883502589903
0.030320588164501706
0.025398069149254843
0.031623502663472955
0.0695435779882509
0.08624832262205703
0.04068766849125334
0.08684173856622479
0.051998728396128804
0.07902904057748301
0.1286892716120726
0.07378641759135901
0.11492017541525673
0.06479217026039942
0.09441953003023769
0.0965890658529293
0.08497313480471615
0.08376548016042065
0.0710309472428668
0.13061226211540175
0.09789284931900305
0.0899303257823758
0.04900599312625175
0.072483006329054
0.04545543897980154
0.04723325170434478
0.04586773323077245
0.058989298291996416
0.055395249906942674
0.07489239176741913
0.0712055912089856
0.105159551790138
0.08645133333979854
0.0697955276179638
0.04224729510869366
0.07229992783765596
0.07800248322430524
0.05982473795825469
0.038255926721050326
0.09638303115614415
0.07583610156311738
0.07909986723947474
0.0817957746237478
0.16382756390407013
0.10715325974956484
0.11085484273772965
0.05922789491524386
0.026803968056576127
0.07690982960594427
0.07669984978992579
0.045187832848136454
0.057196893772291646
0.03257458579381621
0.0930727403611275
0.09936683756665816
0.14989999073857072
0.05480708518116158
0.2956073666834414
0.7624457910011424
0.40058161167426576
0.41380207357132526
0.5258827765426248
0.25902988066666793
0.09048258671232683
0.12976065203535617
0.1361225778966079
0.09577326830094494
0.07476446850003865
0.13017671869952335
0.13180726335675624
0.08185533758796694
0.07076502740375493
0.05497120670031453
0.09840470110408202
0.09060311448998574
0.06852659956421628
0.06395277228198212
0.0489214931473023
0.10422517923634886
0.04361962165394826
0.08225972402136317
0.13995384218363977
0.15281119349688232
0.07247730478102314
0.2523982312585387
0.22007923424092893
0.10429863300810038
0.1834904564202735
0.19170738243689153
0.08811218707388005
0.3079578675206767
0.1822521738377065
0.15339407827684834
0.10368685021716277
0.08974453144510863
0.05027557844040335
0.0701934229799708
0.04436025131002304
0.029868823840737815
0.03506738721854281
0.052709432661185246
0.04524245683044547
0.03449777133205784
0.06686512693004286
0.120315552878612
0.1376511906812336
0.13316625403522667
0.1239667493644302
0.25960106261797783
0.5128831540605143
0.23513997572164727
0.2906127805771315
0.0999428723233974
0.07940112717753665
0.15855365075589067
0.07556512176002196
0.07904344122551245
0.0388505920271525
0.1064512600057172
0.08911474680404632
0.035110717156043005
0.09032537185000432
0.06519724118916234
0.07904344122551245
0.08678800013662276
0.11260848351034806
0.08867267189045132
0.124835975202014
0.056470540470487565
0.14438920518954315
0.11499786813472994
0.2099719410615386
0.11372663114100218
0.09342053337090094
0.10198717490870314
0.09015936597608423
0.04409284906392871
0.1091346620377311
0.15135229818087584
0.10094326577832453
0.05745567487046911
0.0664093862286237
0.11153096508541205
0.037325237657117614
0.09988562100149347
0.08267931892816406
0.10197384514250098
0.05760921324213436
0.03210595282470926
0.030801131616607174
0.08353268792166094
0.09633748882479498
0.15781740873049227
0.2756386713872278
0.15085549064443293
0.3837190192928656
0.12208348289327038
0.29438405386148137
0.3607152900093426
0.2603222049809325
0.24611531313321802
0.2343005483682534
0.06795452052674658
0.10391016541203225
0.0973979708027064
0.05765798193380328
0.04839116111505786
0.0991183327101203
0.09667159577513161
0.07630151604280763
0.09885060333109208
0.08956824492074457
0.06990085286084802
0.0981791063416391
0.06849651628905794
0.10061523495453788
0.07351766761133732
0.09289063811638625
0.14754194317095684
0.13256919477442988
0.09375952268374503
0.025255641482173262
0.06235356157760606
0.03453641204684317
0.10400395231991674
0.11581221492280465
0.06534214421976396
0.07542125134051193
0.10000570541250473
0.030700053917387983
0.055211395978038154
0.11154658129446918
0.030424387464972058
0.06093650441092169
0.06237357054012418
0.06420158694033332
0.06431641579382066
0.0601999233379544
0.07434791867151636
0.0776395234387623
0.04453420874981106
0.051572598806148034
0.10773830314788177
0.1423312751400533
0.06401742001742014
0.06877738360341576
0.03130566588582243
0.04817872483512479
0.027107201154233637
0.055061696418933374
0.07174546324993294
0.17297920393509567
0.09365032574878591
0.04877671638792584
0.07036770430873635
0.057770833961727865
0.037575006580884335
0.09530804967073668
0.0647412260727768
0.03360733730260997
0.06568142086938636
0.02918388842910034
0.12154095509097783
0.1178381109147157
0.15531962483997555
0.22768932421242463
0.33335623977447665
0.7405356172231924
0.42670292191852355
0.5349433492550044
0.2458011211554102
0.08436771776189704
0.14229774666583572
0.2724061865129677
0.1914956948035728
0.2755094175065576
0.19559877716220606
0.13731332623859277
0.14074889223114265
0.10415595481188736
0.05747929955625623
0.02878417207309724
0.07094262769313968
0.045608977351466774
0.09058189243583899
0.028614177760774073
0.08716967895642257
0.10556650400753875
0.11462297447870705
0.11416086048176312
0.11199623337949206
0.16265703249061164
0.17190875652603807
0.2008344228819907
0.10099878925191184
0.1159230803132024
0.17044610756712392
0.2460328992545038
0.18867909926794058
0.18906662681076228
0.18108048314065975
0.09062779529260924
0.058055324084605155
0.06043328380603014
0.044509965849021525
0.06104098915935689
0.03982300502977093
0.08148537885965829
0.0762383326164916
0.036105760242089564
0.0623598348936717
0.07131689223740276
0.078471748182279
0.17543447282983923
0.09103209246354914
0.15221843398494922
0.19261681652268842
0.16221257684651158
0.19500227703427275
0.14664176152529484
0.061420306104770055
0.09366690661221376
0.14471429496736005
0.13164717703157444
0.10387902264746048
0.04331044929997392
0.10645569714187264
0.06666083805690906
0.06745093019216614
0.06912846774636329
0.025356719181392453
0.06564136433399725
0.0726757330220901
0.08544020214188107
0.07877069530343309
0.06237895843531526
0.0978003394204095
0.09363414092409901
0.09445714737287901
0.13932511642255868
0.16923689993941168
0.20327619329554897
0.2970515286831013
0.09511930573394095
0.0926640648439198
0.19237469151349681
0.12468123875899713
0.032592963557310874
0.14777032623158604
0.16427853112405805
0.42844631168907343
0.06019176988501937
0.07237309386158598
0.052352283084291976
0.02739205648839677
0.04640091211058154
0.031522458833762194
0.027791772844399865
0.0707516143827719
0.10173073412508245
0.08727374841853312
0.13355169045620485
0.2239573386611037
0.08697129618721465
0.14455394326453766
0.18922889336134316
0.1179961995308158
0.08106826023917686
0.04858621223830864
0.13035245889583733
0.14016489347886546
0.10854374393474364
0.11189057600084779
0.1479741192311728
0.09371831574438826
0.02418513675862471
0.053980886690594046
0.02757583412334074
0.04720036067945836
0.07726900241425627
0.070088818450201
0.07650380817046125
0.023036526540224977
0.08202940442980773
0.04863995885857994
0.10314230729679294
0.048090012623960024
0.032776741192254655
0.07872885825188003
0.08124634876565372
0.037018485312479546
0.05910624962550225
0.03614114590111186
0.04435084697436255
0.07341558455671054
0.22443638978157388
0.30546866536484824
0.11900839997431772
0.17696228937432962
0.06122140545972924
0.05728167701301393
0.06412816486814635
0.06587074592165233
0.0556454541024817
0.05044139557545266
0.08638039693849063
0.07100596410493876
0.12003028745135298
0.09474848922831436
0.047703693665851615
0.15082781213732702
0.09528472891099275
0.023013554335856997
0.023335165197008918
0.044235212973410536
0.08006346314877107
0.07660370026475913
0.04436450844428624
0.025958590935833904
0.11224463065412335
0.22400141029219456
0.11595239255970508
0.07613668828537923
0.07931505564255473
0.07212587952129292
0.0625865998827751
0.07094262769313968
0.04651384417625035
0.06871943920110993
0.11674575076023562
0.05058450964347675
0.11614354388275092
0.11314323474392933
0.2482701884796752
0.4104758771294573
0.4157070308593744
0.4708991673259351
0.31627721259431457
0.18887025059098678
0.13136398348619086
0.25010920425762556
0.3079944158030799
0.44470278531745666
0.14744939095641024
0.4126057875966724
0.3736354477294994
0.18234140104216837
0.15351618163388217
0.12005741523055846
0.05243739440709916
0.04067843106587119
0.08028485351398931
0.08968388861460692
0.05280534473304605
0.02852688338417569
0.09269733072821018
0.11172574824341973
0.034017240228126376
0.1656211896402285
0.14129545954813907
0.120884096694292
0.12242581682980073
0.04430419334411449
0.11261770798137243
0.06520025913342993
0.12341478337437008
0.08193302532726728
0.1521487248427851
0.13414232325365602
0.04958277136034786
0.04372292976949741
0.05575867181522314
0.06821564897469978
0.09468055412730818
0.08641351038414535
0.07725021425321549
0.03126517014484065
0.10421234963398408
0.10790800458417778
0.08263186598898611
0.15486771165400817
0.13105122640671787
0.055763431094161216
0.20558739223599148
0.27125931164600586
0.15688007190879402
0.36572532244028727
0.23403353810886024
0.31594062023845815
0.3661764921919746
0.4080036422206212
0.38136561467406366
0.581539862790321
0.5464864297532194
0.3361936825677315
0.05886685557914807
0.058788287870667325
0.09493603379881208
0.0954482273076371
0.07334441381532082
0.03172461423220055
0.07499077641888749
0.03730685989362328
0.06507602668521625
0.06589866548816875
0.09773388074264848
0.10656574018933235
0.06998117361157011
0.1973955995988384
0.08718411001741318
0.2498514089682571
0.17588987968444686
0.047589218568737574
0.05679188363855639
0.055101129397071756
0.07165489986464883
0.27567126904237965
0.26145160404488876
0.510009771594017
0.1295734543571587
0.11637848716781003
0.0886546722704233
0.06567401823801731
0.07918450626041817
0.08800577310985691
0.09533875419224319
0.10230591925490258
0.1399737421558193
0.17906303712300367
0.1189402888283177
0.1087213290727557
0.18424996151183085
0.07996164896411564
0.16357901447668832
0.13232111569954202
0.11787120464813752
0.2578778040575279
0.13736913099120307
0.16009195429391118
0.21831436471366036
0.20402929240321582
0.09482467682713841
0.06269048405854112
0.06179350272005334
0.14866830221386498
0.06317498492750542
0.15639633370630102
0.12093507038043742
0.043371521846773786
0.11993034323086721
0.04262262798437719
0.1608469532875588
0.18692247800091075
0.05193555963516209
0.13705210862762235
0.06997763902012413
0.10416680913245413
0.1358448735780256
0.10772431786105882
0.09176726017681555
0.09380205795415139
0.1433452063767307
0.08247645197759189
0.1354036248381833
0.10862007687741464
0.13149505663204591
0.04664957691040267
0.09028355346417508
0.11744950831803207
0.0944182288433487
0.09061208852197422
0.09323624556209201
0.09124676875205603
0.10855521699936799
0.11094422789589967
0.11727494941016947
0.09755343277585135
0.07858735040779827
0.09565618507522564
0.1730115631440518
0.2617508744354185
0.27417400184278323
0.19907093136291842
0.3562202550952591
0.13229350960681432
0.0861027026364064
0.1323914063416613
0.12078621269886097
0.1704159665017863
0.09888905239749016
0.07114379927079138
0.03790413720719096
0.07493374654192551
0.03493612840284623
0.09961427415897155
0.08412617060671693
0.06481181218751952
0.1570419121211674
0.08796815576721528
0.16177226719160856
0.17125603996790717
0.30001860840393973
0.3942089785062224
0.18382817379356634
0.5078205849898529
0.30524592686468616
0.11000469783657889
0.06718193806002
0.14543638260051986
0.039599485889549105
0.19676070590631256
0.27747379398393424
0.2642348455572571
0.25702870105186726
0.14457767822252793
0.14741960599961784
0.08798058228730682
0.06311235172128893
0.12231346682140683
0.10794611508571927
0.12652252578017487
0.05761631955249743
0.05599913421960344
0.15002492041102697
0.12973729362386735
0.048967550830817365
0.16219051330935594
0.15499303456832428
0.09633055790635138
0.08116699016958062
0.1760102922819492
0.08423113080032693
0.11034528708368908
0.0415429343790814
0.20320750193801504
0.10806677075144627
0.19141778437219953
0.14747961744075913
0.08306570979119697
0.14251296440481262
0.08818516825629794
0.057498467989776154
0.1327065445667645
0.09145992092919739
0.10269370032490399
0.11875839922702333
0.09560370181950037
0.13629881974667493
0.12604088523881163
0.1968679760837947
0.139873456586913
0.14584529114799258
0.12271621333777923
0.09295472775465351
0.22698593122381794
0.24582686455771863
0.21022406895322568
0.22094546200501997
0.3643548647735435
0.11090061380693089
0.1951785635586371
0.045038938886548606
0.06074462841087426
0.03202784732985809
0.0444038499096634
0.10484542788888958
0.10907922026345616
0.08849877009249495
0.09614960849701053
0.03295592438632493
0.08741365402275926
0.030024671108968958
0.12672974906968024
0.18214619478680358
0.21898295568150047
0.2728932532718533
0.1815695085949997
0.14446344580300674
0.1910484350626465
0.1378575494144842
0.11264513254005845
0.12573984542679326
0.3171100762439215
0.11161734658321232
0.1964585550559358
0.36023573627366745
0.3596129597689916
0.10868151670091755
0.10043090512836979
0.09397352226228158
0.1096928725684718
0.13828153120012965
0.11086040251692168
0.1116295987182534
0.060313810877000724
0.07779266458268183
0.13072026567931294
0.09541393464074349
0.27835287535688474
0.26518555597301435
0.14753668533300848
0.23871025206748187
0.30224847200033894
0.29388878747246033
0.3361637114189584
0.2537203801912707
0.21238056544624492
0.1534271708727562
0.12030026176760934
0.04906403408916292
0.09761460896882529
0.04131321233540159
0.0499921111456298
0.06485784057811335
0.04987085295811047
0.05446051659519019
0.03544151689894219
0.0339896735828847
0.07119331865103147
0.0960215130961423
0.14815413318446904
0.13494009064894116
0.17744707731633122
0.2084289994107212
0.32284950604534013
0.1484098872129163
0.02653289604503377
0.10663595701792172
0.06118170608624069
0.0753773383878069
0.07411115029639365
0.1496525686415654
0.07798075129588936
0.032827280041864186
0.06764221154121886
0.022760860087809053
0.08083152280538626
0.0880910352907884
0.08874691607118428
0.09851205635625844
0.07533910812319768
0.0865895152356183
0.09812745825559273
0.09683611236273311
0.03888275311326769
0.21662675735628942
0.15135337811819163
0.27715667499516716
0.2832015585545645
0.07774712846304103
0.10837649085588925
0.07498076822022733
0.09216847115511739
0.05369802524813895
0.11418959615695365
0.08650304703722657
0.2104163680035587
0.0663043336585372
0.07470193704637786
0.07659831395381317
0.08962448366550224
0.045738272822342475
0.06968102896103594
0.0293446938596763
0.10530181722025529
0.07094280867620938
0.03850600896163247
0.15923848375468316
0.18767236896656528
0.11067089176325078
0.6317374506030479
0.5664578307145244
0.3520836886454142
0.666624732227116
0.2225902340797571
0.05055832040731639
0.06410426199312029
0.027459414113997008
0.06492773272795864
0.022342765968311543
0.06429520937845291
0.06460778598682586
0.07866824948521804
0.11354545605377103
0.04433182951022259
0.07730111972857082
0.0725532582481212
0.11046206876980351
0.0326389079660469
0.047854281773773176
0.1205065299466732
0.10202383282041978
0.04921612205410484
0.09765311433244284
0.1007238022722294
0.23001713549106317
0.21617420961754258
0.22841006485613805
0.18550494738863213
0.229292383704448
0.3130425267575149
0.2145227581437602
0.14291747253072767
0.05296471439084835
0.06825569674258904
0.15263474901206095
0.04791205292644343
0.08782766122886988
0.08484286380692292
0.07374668580267021
0.02804906153332141
0.08415575060841314
0.08278152421139325
0.0740904569666881
0.09352547604263982
0.02730016767092478
0.14996245557479881
0.0758883604372117
0.08269253459205486
0.0644941970662748
0.11926882388611651
0.0752338021159026
0.12209472174024999
0.07926914528136163
0.10777111593333619
0.08535375045362914
0.08267425760934742
0.10124648410669924
0.10985770032590017
0.09270839167731106
0.10399724265100956
0.16390746911589957
0.06742418849450214
0.0926319311480926
0.09929498820404228
0.02821905584564458
0.06523787647607156
0.06034058006438724
0.05914386696814389
0.047834639846652746
0.1566774254693281
0.14291940133670789
0.1814870962943293
0.2008786437897965
0.23257196573120026
0.13542243350950398
0.1591581448028681
0.07837128920947649
0.12147511345983605
0.11685717548878952
0.16164337994946804
0.11035987897458556
0.28952451591760603
0.19524959469787148
0.14185976854320664
0.10097887225443493
0.09105360033263202
0.04480978307014664
0.04625019105895937
0.04128078349755644
0.05137070677237308
0.1208382256834106
0.05680111654916001
0.07808638344210186
0.1509661814674265
0.09140043419918899
0.1501120058110212
0.3060205247751133
0.2694093453002461
0.21010226298859916
0.3332405185804789
0.30467223870293897
0.26007143029074553
0.25685315898039335
0.17402362283200454
0.16096098251131502
0.19505991526983063
0.04235155597283487
0.08092560326944975
0.07132261412190717
0.14718455730046548
0.15634948507913
0.12365030629783598
0.12334180488019841
0.0976914891222875
0.12381190227850318
0.10420295790314417
0.11708655707644458
0.05513488942631593
0.15636510128818712
0.15072918993254109
0.09393841384798707
0.13503547766302829
0.11856986400609891
0.20177703722607251
0.11172311546183049
0.046544819965761895
0.038255926721050326
0.06126989126130766
0.100990023971907
0.19397393897548115
0.1136731299984437
0.05632433950030535
0.10086085189961035
0.12160832072394998
0.08509109344570989
0.03181190860879893
0.12043220424792758
0.07643209151116698
0.07933591750590632
0.11730896243651867
0.1056984619000749
0.10545181321371139
0.10161271400569459
0.1835562438103078
0.25997855180620194
0.14493854136520337
0.10248259599572995
0.07619291736613669
0.0617770809530507
0.03947543598596187
0.05095857745895611
0.050578772013258305
0.04901539746191223
0.05980397842450282
0.0642033995534293
0.1391782109855883
0.15636510128818712
0.11421565659534216
0.08120643842740057
0.05385816416350494
0.08861775336412663
0.08551239441724678
0.09842058807295022
0.03719199887178338
0.07823466835871969
0.09516720834830324
0.10858669491166564
0.07647256958786014
0.14767455539847454
0.16747240944008657
0.05531247367725754
0.10835745030923571
0.0771338478009057
0.1034001223463509
0.06524106040510479
0.10074999150838976
0.18298505530423867
0.1999190137990732
0.24000960121656054
0.2713751669590907
0.26218213336075546
0.09204573375741822
0.06773942976173312
0.09818653197765187
0.09811631514906219
0.03759630966865995
0.09414119091704054
0.11112963277677448
0.10237559799892074
0.1610367190073582
0.21231797833957752
0.046766813652363265
0.29271022256524304
0.1749125291942765
0.059190181774574795
0.10407477308815359
0.1217091695551344
0.05768833995193792
0.16584419526568114
0.12010588530234081
0.13528442308243804
0.13819433895709943
0.10008094009778769
0.15216919656615416
0.09860445939910757
0.05778428286725364
0.12408324720619607
0.1817220255321648
0.1299713497191657
0.13797606817836874
0.09272101455186549
0.15116246626477853
0.05766942184541373
0.1554060256363999
0.14903991154573762
0.18265737677082103
0.07501343614324961
0.1780660013270419
0.18265146088122336
0.11665137953138127
0.07350645953670908
0.14346882719480197
0.06854377834035165
0.1045434691700786
0.06568260428984696
0.04881593428198845
0.09490855548457736
0.13232361347691413
0.055261934827647685
0.05076397721239457
0.15550797300869107
0.07431850491368146
0.0760208052640961
0.08255501968607264
0.1538130979443499
0.11914352848138234
0.2000592542297977
0.1700751808889638
0.17927445417407753
0.12295191183603198
0.1610539991747848
0.18206599372590695
0.2154808949479218
0.10562631873866428
0.06318275089373226
0.17585921720232212
0.17300046706735572
0.12581832923191544
0.07233467027454443
0.05327713637025319
0.14551713052415333
0.050304533125034634
0.13191714852837508
0.08495280720375945
0.058343070855943556
0.058369260092103914
0.07701969580737579
0.15576223076965565
0.11574073912502682
0.12443592306535996
0.10147278177552436
0.1612807429646805
0.16260258270292624
0.1791540366780088
0.07617139337201734
0.12807138644082147
0.1971911680451291
0.06018717544414587
0.10135836428352742
0.10925957170232084
0.11908710246742005
0.13596916423181848
0.152179342157453
0.06887114379235447
0.15728645762255264
0.13235668921485033
0.05870317285314666
0.08682082681664875
0.11191392196689921
0.0685175891041913
0.059986445424997904
0.041216729077056036
0.08567349786608192
0.05948884993795343
0.09503141494462469
0.06551892156384553
0.117949177852514
0.10879405777512335
0.14380573225015061
0.11677363589496602
0.19080078153692437
0.1622729271880698
0.15251722466248457
0.13201329805354173
0.061439948031890484
0.1622211796845787
0.10213201135511862
0.09289071485738998
0.04567793116532046
0.11794086642083122
0.11392680438646477
0.07967833392726104
0.14271357778614532
0.14374354012384885
0.10428467813797854
0.1723092507354297
0.15436106507041505
0.18345550968841323
0.13629086429222081
0.12827704321286268
0.17768551796726165
0.26571308245547975
0.21559738224155692
0.09350212040104697
0.06220413498765586
0.1339257266259868
0.1598486102839982
0.1566069333641165
0.17286212918258584
0.0885392601486843
0.07479290298131683
0.28273420399288934
0.29987806848731446
0.2485052371788276
0.24606460611185083
0.21124769880890523
0.145240559938943
0.24823525917077996
0.14124371728328067
0.2562307582079871
0.22175375710655018
0.0733226819017653
0.23676749276490686
0.1234610127526058
0.2159755081989098
0.07210974951113494
0.16464518043030107
0.365236297395367
0.19520281385804011
0.1611411468978499
0.215127694736715
0.09739776927988082
0.1066229277173204
0.10689791469700284
0.14447152676993635
0.284204260745586
0.30465911644507854
0.3249954794428135
0.22410821617764623
0.18033530227291086
0.06574644890120043
0.11224463065412335
