0.26115058642239575
0.20650703001429505
0.2069261917802243
0.04566409266456618
0.08676483177810126
0.03614403822334925
0.047817448810716916
0.08313091083365302
0.08749829564194278
0.0623396141022145
0.091602131366974
0.08950896718719667
0.17738207345261542
0.045494109680332934
0.06033521830862043
0.06591984114777737
0.107191484746747
0.10461579074641625
0.10383833880399208
0.09476472036608026
0.06101558023448349
0.03454401714807088
0.07146106742378737
0.05913381540257933
0.052429528664215234
0.06877745975949713
0.08650800445167374
0.07017935588493175
0.06152623609901694
0.08252718089204703
0.05048753462704978
0.07083634671236175
0.23979201589652924
0.08747114858258805
0.06419876382380896
0.05513828733483742
0.05765697638907999
0.07442408729257854
0.10316475729570516
0.05712537153570385
0.11863473733552558
0.15704237059065215
0.18670163657415598
0.15994514384902864
0.09089848738890959
0.20467855633648277
0.18730809845897833
0.06952948478114561
0.028234665127952918
0.07206184933678077
0.06378244871551135
0.03273422329661826
0.038386300454197296
0.02701309397834925
0.09660119155050577
0.14876749675759215
0.2405615957537883
0.0584100832646961
0.09780920978581877
0.045252863143638224
0.11057211310773189
0.04676830367926925
0.09403195615671256
0.10059070285078311
0.10405787175755514
0.03975773318864742
0.17766499526987167
0.1888098223823934
0.18065706435306256
0.11390576494716839
0.1896715840157705
0.09764555045552292
0.09376335555958769
0.10084333485305659
0.09455590836412324
0.10838113175241833
0.06196935145065416
0.03395212184877844
0.04709133877759113
0.12224912476307609
0.09378744512658688
0.12186456638986433
0.08101825896135893
0.07766791011681404
0.2334941721239276
0.03244089980803159
0.11512413782530088
0.06516577390484765
0.03395212184877835
0.20790172074308727
0.11916808796513638
0.09351866096418764
0.10173810957704428
0.11724169218115726
0.07560570208185054
0.05495465171775154
0.07823770927466135
0.08505105415453908
0.05887603939820886
0.09732600249169338
0.0666969962622015
0.08023454802821992
0.02818429105992807
0.1717166034421979
0.06810573996965635
0.11023954443929554
0.0921337661507405
0.08385180553918592
0.10343118033161217
0.16875108733642058
0.1629628242444998
0.11510200306144941
0.1015152938746778
0.3501639733504959
0.24882849856499173
0.30593755455882293
0.438035426255779
0.3642026553304368
0.23810187873679836
0.21146989731752894
0.05534063552557587
0.13226955056075165
0.07464272018780756
0.11145937040567862
0.12516924972163326
0.13651358902673805
0.06962063803362695
0.05391200264326403
0.09799854683633391
0.12589621377381532
0.0943086778464556
0.05179329409760975
0.0632789864823881
0.061789435751237104
0.035740401263662167
0.0955688826317844
0.11998116599606204
0.10339323559579046
0.16542917695326453
0.23439580492517517
0.1434007912312769
0.23794717231371665
0.1950649897905766
0.10227650140758075
0.18575852260081518
0.20743087064463647
0.08946493282781073
0.06037114022355745
0.028272445678971615
0.05405562811648157
0.06039691782399442
0.10923722284051035
0.12474801643329225
0.1533901504012212
0.13508773010468594
0.08975728778416142
0.08554050245201976
0.058051156184223476
0.09673829295437072
0.06655776432844804
0.21964933596174457
0.18141234392746022
0.16537717757870818
0.10278414247095696
0.2020209162187945
0.1583002442838881
0.20587520218317998
0.1312733998732092
0.057258272749047885
0.08144548743270406
0.05479960030218355
0.03469513935214559
0.04651705415835223
0.06995050827499184
0.0982285083174824
0.05199070443547312
0.07042440439400466
0.08063233416707415
0.09681074480972887
0.08084396367495938
0.0309548648012972
0.04876035345225419
0.07429104445956128
0.2591440485815373
0.0761212540905914
0.19987665702764001
0.1984331568565212
0.08726047933612226
0.2831192070827881
0.13365685826607418
0.04052593772602704
0.061866241048905944
0.10285934423422664
0.06634840568940258
0.08030717065587951
0.0585922654446256
0.08218550727577437
0.059804033013942444
0.057097384968052806
0.05453379787549557
0.06826565383979687
0.08863091050671994
0.07891134268785027
0.07852297081734365
0.17108980395514128
0.08441701704614873
0.1778683397706709
0.07175155956778645
0.08234366531695597
0.21201095796592748
0.1007859166008061
0.25823857795935135
0.21915931855149365
0.2647461689923812
0.14730117301732074
0.08122521897712613
0.06977996438307853
0.04827580080477137
0.11240475986644984
0.10067574980488583
0.12327711668521583
0.07163595161454571
0.09664721381792925
0.04164676073958092
0.11987567621753123
0.130908594641581
0.03841022686898151
0.11298725697997856
0.06641960549385086
0.05651319581197958
0.037377558474471176
0.10071339967392316
0.09972557014391312
0.05455703882769706
0.1903577378509735
0.14373755556644566
0.14032106190082602
0.10380370119426131
0.12006543235893122
0.03581596236569948
0.07387092441705023
0.09892787839403681
0.065188045145241
0.034783293971189136
0.047952765706449484
0.10515608422028666
0.12216419827069602
0.14442256656108182
0.046520451820989434
0.07790226122181876
0.16139123623777787
0.06860906560469927
0.20727768511427225
0.1658609037084343
0.07947492557972295
0.14814656279428165
0.0641942525943001
0.23891531721101994
0.1736727549634566
0.06500184034010481
0.14097807394074716
0.14457587909830324
0.12706009284007092
0.12168770357050028
0.1407413748822877
0.06999463902784969
0.09129336637789494
0.09636165586760252
0.12176823811952103
0.10045910323428842
0.08671190498374197
0.12944024974913892
0.13089632736923193
0.039594017467566474
0.1280902002176573
0.10936629076027687
0.10999503340917073
0.1225735836097294
0.12710595786884654
0.11841319887490871
0.1161857248843065
0.11304210228942464
0.09403668639433704
0.057363469963347784
0.07454102715983656
0.19522459248137627
0.15802772633552936
0.052376437228883355
0.09031400756933082
0.036886411311228426
0.11947300347242659
0.08961682642373314
0.08546278876454562
0.1039961678837444
0.09979397849670812
0.14278775541396202
0.04975698569158884
0.08908738711042456
0.06977313700560964
0.12927466619177608
0.10916694771487542
0.26075354855492416
0.200291955395833
0.05392543982064882
0.13655607499712802
0.15221029764940106
0.07604164423500254
0.12058038096082498
0.05773355062786226
0.10296967887317052
0.11544793590795638
0.09140737114975853
0.12160716902147864
0.11488525401167386
0.08212743499242264
0.08522074704486804
0.08607282226694388
0.12962035664905328
0.13521750780600192
0.09130168085892865
0.11373255915536934
0.11485032386451367
0.038233917630894336
0.062441420069464626
0.08504030384180869
0.0678682196143454
0.1404845475558599
0.10974936824279855
0.09109803994451401
0.13531939010070682
0.1304282599060164
0.16564966408132448
0.12714216076577758
0.07227419409871631
0.10568631633431173
0.16514478386350895
0.20042918440832633
0.16167310715935004
0.11575850769069253
0.035098131896344704
0.12059253052544833
0.132394486773393
0.06576395040306507
0.09709944484395264
0.0818181037871782
0.19646403233635668
0.2216310789053711
0.0842717709741492
0.12535647092534566
0.11429313577106129
0.2900436606454931
0.11811296520253656
0.2306309391319239
0.09999730932497616
0.14238669278254884
0.3286337625062224
0.32922523639722273
0.2578716259647521
0.21881688211625716
0.13586165568016415
0.07689458210370272
0.11587192877322187
0.07759045166216912
0.11535827412036628
0.07117057527978819
0.1105023656235378
0.10241519147528948
0.12418427459014614
0.0668323725639289
0.15510382182969432
0.1814227518759167
0.31598322061467393
0.26497977828226915
0.13651817191458607
0.12222058491542943
0.16275976915949644
0.21339945770160582
0.1299995368526742
0.27217090326833193
0.13667973937886244
0.13061385808815076
0.2745051951486252
0.11657651430492764
0.1658609037084343
0.050613344848012005
0.1597037924835206
0.048850252467140746
0.1563650372399629
0.15772691425732896
0.1578074488063497
0.16792226692920184
0.2652433273655277
0.07251347092183458
0.16010268345344414
0.12630741213323604
0.12092262535480185
0.04965623755553906
0.03827169818191303
0.06361538078733682
0.03042593708703584
0.11548668778358062
0.1487900761563576
0.14059103278363877
0.1523456185829309
0.12072539480063126
0.2655224081217329
0.08393579084647922
0.23319921239619915
0.1094858191595391
0.10074872082508006
0.092957526652305
0.09277447085892572
0.04624785824308399
0.06851686196166333
0.08907999944884543
0.04299426705924683
0.1047904414822198
0.0690066363699672
0.04497366424414758
0.08096016053255908
0.09251232207795104
0.11612875609964877
0.11796935193904627
0.1707222330282922
0.059402565302525405
0.17876947674771979
0.19433267699683257
0.2553393757450095
0.09719767180618685
0.20212310589846783
0.10601299663284645
0.07709661501737056
0.09707087895969693
0.06434633746072888
0.11834551978613436
0.09251232207795104
0.07454882046393176
0.0997605002910733
0.0792145661430367
0.04507219736527366
0.1819640814850946
0.08877805590518002
0.2974140895339882
0.1236195531204523
0.12066783026352296
0.06709909393762598
0.07105437842218858
0.07942055216936364
0.10432778710147278
0.15477548206923875
0.1720003984618884
0.27647461689923836
0.17129215490415833
0.2919270610392945
0.17954098704401217
0.12442847730961208
0.04842207288892916
0.06708362208484593
0.06733487160576296
0.06880647594256264
0.08093683892650717
0.0672630860283581
0.12523165928998675
0.15394179045334935
0.10545411427827384
0.07112039960580485
0.055059537869531106
0.11066241031111938
0.07934100942672648
0.09497507013005248
0.10060045006681209
0.06789120983065064
0.21258487562026376
0.12789411516116259
0.19995684659015112
0.30623262265177115
0.2811058433572667
0.26249488692582834
0.2162684034152384
0.12122789384246513
0.15308004757008503
0.23363072670947763
0.12657885970232854
0.09754853378607813
0.13055389093399547
0.12349973092346932
0.09897067346050585
0.12804993294314648
0.0831098023981527
0.12353153686622374
0.09724552969550049
0.08197688303655604
0.0837974230386154
0.06849108436122635
0.08696286586453747
0.05123695587272206
0.10682907927615319
0.09299348880165793
0.11998764544742463
0.21081014890017283
0.2523294222858432
0.12171244648994813
0.27486441580815124
0.19686630939793132
0.09350942115332175
0.1322377294922307
0.14219672973204397
0.09873827974530662
0.03713828165135292
0.11729857064886373
0.05976149318954972
0.0893967183156691
0.10236020102314244
0.10021459220416361
0.13038267271637724
0.04027406738590255
0.12349157044129602
0.07280312181297777
0.07490825002197608
0.07236471066581801
0.13993016952592494
0.06343354516034748
0.2449458308469065
0.11509245075591966
0.1507099759321168
0.15349885043373482
0.041608980188562225
0.0851434142435568
0.09382751112274873
0.1165334924331653
0.08110540660455862
0.10258984221109392
0.1234594636489585
0.10052896352860966
0.039871074841703436
0.12361779080185878
0.053821236659297216
0.09188266514692628
0.0395310498825354
0.08157019403495726
0.1322377294922307
0.2522472391062416
0.1763896364382539
0.09001538072615815
0.05735667634648672
0.3709014639157608
0.1548953296453464
0.18861654909863898
0.2365120264253705
0.15735503659931768
0.0853840453021949
0.24901623381058943
0.07981771078544418
0.1432976808295284
0.08430082018854912
0.08064061917415999
0.04840142556522988
0.05636962465716985
0.13188083212053742
0.10780163463807917
0.16015623151535527
0.12277622292959321
0.0664063062675612
0.06642845646978515
0.10629107548928374
0.0709241504760061
0.07356082158591415
0.10838824663977678
0.08804816884613793
0.06462992927593868
0.07818055357463517
0.11875129142199752
0.1752619053714634
0.28203199067100665
0.16850302990340998
0.1115189120875365
0.09863917835981305
0.04892187100141514
0.09574353336758883
0.10976859031541449
0.04707339238323991
0.09535930174882065
0.032969827522292945
0.13779461337466942
0.09490520983573036
0.1212044962763749
0.08767052905893909
0.08372300992491433
0.16053895635076143
0.13549278700422696
0.04852705032568839
0.09125883316289254
0.03445586252902733
0.16351802785711347
0.28704734183717184
0.17937889891946635
0.22399914877612098
0.2514634752979929
0.2157230811283714
0.21055855829392223
0.03915324437234866
0.10500002236518442
0.06664995849202521
0.03856134907305614
0.05714131961427213
0.06310592613618471
0.1343206917215992
0.1320708864147578
0.12125142090523885
0.06638371270514842
0.09609480123491417
0.11565371724921021
0.1182066251238729
0.1188229866807104
0.057751497022213466
0.10809277400517078
0.10703857767213566
0.34723054533002345
0.11112407382272993
0.07572481775842152
0.28905915589418757
0.20575558559458806
0.30023114459378525
0.1177462933383289
0.0433846660864398
0.03723902978740269
0.03454401714807088
0.050734456830888015
0.06526888430659578
0.03417880515489037
0.050178118606000334
0.09472568900700054
0.07613799094217336
0.08162829246375711
0.10578213013888256
0.08690620613592126
0.03616858084187374
0.08080393180109548
0.08121259214872063
0.053448437966519415
0.054862127531667734
0.270149758141164
0.2756443771206088
0.18121653107242064
0.2598621085830385
0.23362248325024962
0.23871262569649726
0.19483308098021987
0.1633240654142776
0.1743857546442942
0.16103073367006254
0.1285677485743508
0.08439227047345163
0.14679683937518692
0.15910452872185635
0.0711021491390498
0.1665097166338503
0.10788878228127921
0.31996404417430063
0.09413835945201289
0.1520845817995036
0.042339404174923226
0.07341460604470175
0.11223056282745768
0.06056908093535443
0.0499962625147071
0.14939158843367134
0.16240047941100927
0.10153652699483003
0.1115189120875365
0.12353999819797926
0.11947300347242659
0.09366712221484702
0.07065640279793806
0.06171046339607248
0.09222362204372728
0.03342319413451699
0.11029206488404977
0.11449325174145794
0.10278414247095696
0.10678693488124145
0.08072444400989227
0.09638244803410835
0.043346885535421105
0.13923617118008294
0.176235332002866
0.10357478972073353
0.14311245656928373
0.10873120949887609
0.04992686908508331
0.08096744297275565
0.21849023149355834
0.24484970680339885
0.04804426737874243
0.06624189945273531
0.1051299781094244
0.06828907345660137
0.05055499288737585
0.05610646223339976
0.1051378537467157
0.08409747568774974
0.07924034374347376
0.10402197824468433
0.08545274544880134
0.15684103421809983
0.13522698457753907
0.08073544456882226
0.14176868418799793
0.10196109956220005
0.04829374719912258
0.06177691400274455
0.12935536341066697
0.03715087516835915
0.06749166617653735
0.05008441713375064
0.07389307461927419
0.05373150468754114
0.05114722390096598
0.11422158121561982
0.10139109731658864
0.08666999852312918
0.055087552931095574
0.07220708633754107
0.08278444877095388
0.030778555563210106
0.06524453554220584
0.06931142555819375
0.07454882046393167
0.10303056245184487
0.08079343038279174
0.07788485367727663
0.08038247039395344
0.08125302074322148
0.06704753873675182
0.0818316369645565
0.06266880907444676
0.032428306291025354
0.04911471632427138
0.2603390594520253
0.12231341668094459
0.244784761748865
0.2593099905829982
0.07442768550678054
0.21607789033633845
0.06367067307949907
0.07008929558832305
0.06655175019020196
0.06405351775180941
0.05732472335571994
0.10221727591815763
0.10183203492851638
0.03605523918881773
0.11788374283023761
0.05365971911013628
0.051093384717912325
0.05285213136433148
0.22656537130255527
0.13771407882564868
0.04551205607468414
0.05256242987755927
0.10082925537410078
0.1232437251743531
0.210384276349137
0.20389643587299336
0.25750922049415825
0.08484252407092731
0.15226049008779677
0.20001002264239795
0.1179025797665198
0.08830961177573718
0.06334957836064874
0.0862250768881876
0.04561973444079143
0.07246083482853109
0.12439003509973477
0.07903412293997734
0.07654467994377223
0.05506540272887162
0.05708107113125584
0.0783166820221669
0.08410431784453959
0.08791918040358268
0.11221880387815462
0.051542044576692723
0.07724329804566805
0.07122923917997677
0.18136777705573373
0.11453388874946094
0.08428840932265348
0.238014022753283
0.26565747592493466
0.09740201588291038
0.05339052319486795
0.03606783270582397
0.07936245374056379
0.07202261562110136
0.06135606016048848
0.09068388852786687
0.1076033257076901
0.07672830050394659
0.07441993246174648
0.10956725394286217
0.10682907927615319
0.05378069099987945
0.08173418746692783
0.05557485738002371
0.10349802603727278
0.0903951884936431
0.07515824224294035
0.05502364508082867
0.21057721797021361
0.276048839779141
0.2149211365888602
0.21033401382285952
0.19550121291141845
0.19846423278020925
0.23081841243816995
0.2535342180950267
0.12788267576817572
0.09860780543476876
0.1224210255971238
0.08693078808295704
0.06776931154898909
0.03561446609359992
0.03864950369209977
0.06082033045627145
0.08738606548157965
0.06963201008271856
0.13199265174222813
0.1804246706378633
0.2840453543965271
0.17387209999143952
0.298722618518649
0.28391766240787025
0.2189950148495744
0.18304674070345045
0.3103330194332679
0.29599349370773076
0.26321023443753117
0.20610417616738647
0.14446174321076963
0.04604189817475292
0.1349759041589397
0.058218103275345164
0.057500247501296446
0.10279942309405765
0.08485986063874935
0.12291918785864454
0.2770659272789903
0.1063862257140095
0.23006184949482195
0.07632930657472027
0.27279342522044336
0.20534889659298874
0.42838020990276476
0.145294008667446
0.3202121361595193
0.22444823771824735
0.20758701631951681
0.2182176985721508
0.0972597318390634
0.24941549831756285
0.166809348514682
0.06471469803048535
0.13666712968837716
0.12413161821492509
0.08828828149687624
0.13320523665283696
0.07630744666169052
0.1544388322917558
0.12389723197914464
0.24408410096674527
0.111500948104106
0.10842290174184341
0.08197276938980037
0.13300280770792913
0.14801160537414407
0.16815372843180287
0.10313006778107221
0.11679520273433457
0.2140868719481754
0.40500824702583976
0.37145792312302117
0.08923766150609903
0.1697454988779357
0.23563877274635273
0.17239875032033375
0.13437189504128363
0.08322599925575232
0.09013856624099985
0.1034630958901117
0.09248024429637054
0.11460620134856901
0.12001998564430268
0.12635870741370897
0.24876319615621134
0.15466660139453697
0.02920436593743218
0.1001198527523332
0.09480237023511667
0.06972883660116162
0.09865482255053794
0.10448591730160117
0.0702697387913824
0.14755779526996401
0.1737925821465519
0.3090619420782279
0.2760465713551924
0.11474924548167569
0.25632030840376335
0.11794370367619281
0.16690785284570578
0.08068388936794821
0.11761819087152689
0.09453322231751832
0.129141340638644
0.05324695204005823
0.13564763290814114
0.09272509236452403
0.1972156108695384
0.09929739994527839
0.07029551639181947
0.1031982910303639
0.10301004168517909
0.08712195064905379
0.16180121564934502
0.05670451769344778
0.03268017663114984
0.06539777230878106
0.11056012827448204
0.15337672260041293
0.08037182553371801
0.2424850815898578
0.17431703135562346
0.12113688896498576
0.03596708456977419
0.06421343624738483
0.09058765518312532
0.1231487030220015
0.10342419024458516
0.10598438133910054
0.11076349664670711
0.11652634466945445
0.1575011386703394
0.12370516222926098
0.031244515692440387
0.053448437966519415
0.09648038972697508
0.25936151512163813
0.12112396172735415
0.05424584524658345
0.06958085314419421
0.06538978161420538
0.3187154777500022
0.30519647290471746
0.1320328694385404
0.18935514466926046
0.10931148799325749
0.22229545653094965
0.11905733695401613
0.07567320351177481
0.09969685320992445
0.06483066509916605
0.11475901035870203
0.08959582746729798
0.08458911002758583
0.044201969287045305
0.22023457784846628
0.13787030523267518
0.09676226064854813
0.046050447905220615
0.08602995074950055
0.04048815717500834
0.052008674821959165
0.02771833093069779
0.02829763271298408
0.09801054615837106
0.10559383486691722
0.12466569521668099
0.19852775943199857
0.11498169974480028
0.20731042339899244
0.21953638635463354
0.10399935526529709
0.07899913218003964
0.0965695480038943
0.1107645797972141
0.08506608144224567
0.12352922031033335
0.061735596568183455
0.07956352638861898
0.08256820978801899
0.07108342763658851
0.05626151364896776
0.07576035115497451
0.08872257378827932
0.0817021096853474
0.22874753873812162
0.16273058595750625
0.09224446696525078
0.25913877236537997
0.09859464464172343
0.12503252944492305
0.14594768245395576
0.1223764630809424
0.21312478082035657
0.08182007998943369
0.11449799596075921
0.26209968978834713
0.14448576910717237
0.13914757037118725
0.061998416024984515
0.03181122395772045
0.10123192811920453
0.09506591931837614
0.07313105243989429
0.09837910779362988
0.10481571555063271
0.07567148674822713
0.04524286015941591
0.17121821761835473
0.20304574371643588
0.19775704134919983
0.2123696057679735
0.31542676140741444
0.07061864020618988
0.03022444081493628
0.1689536755841089
0.21039650931696297
0.09777307825714172
0.08671697750507633
0.058509480010914126
0.09856735713881469
0.06673820753150739
0.04382509500566977
0.04459678996277205
0.07294257735818296
0.05945114276922415
0.05705892092903187
0.24945576559207366
0.1280865818506448
0.03474551342017043
0.23923609502682425
0.14889365934974894
0.10553258291065629
0.08798774393942348
0.09156778223670324
0.09277580047201624
0.10184729932676141
0.42813115315469596
0.36994761315737096
0.17630537810634753
0.21859286093191124
0.10649390408011646
0.07452843364283032
0.11779477542724863
0.05420154484213552
0.11223354164883159
0.03803242135879478
0.0834950177512614
0.12906689375893451
0.07619608937097322
0.09781435975807544
0.12804993294314648
0.03163491471963327
0.06393732089420971
0.060451415166220136
0.10315897611505832
0.12557387904286071
0.09604481591333751
0.14206035600855027
0.061791430327349114
0.04495509939587246
0.056471672793431904
0.15478740321806767
0.05605374419470057
0.08483260609819868
0.08826250389643918
0.03388279253509607
0.067170874629414
0.03840528391160253
0.03253681295875488
0.08757811831178844
0.046249622243718355
0.07944733260906556
0.03549796802670548
0.0448541595036062
0.24805239277459185
0.07601949403277848
0.0707898685893245
0.05971269229265116
0.07255371971577783
0.29226949747453185
0.023751373073737373
0.03482553819044667
0.04505533153426589
0.07049910110435756
0.10444801512407749
0.12147170899643263
0.17449863090028078
0.23435553765066522
0.12463469811310814
0.0542348832846386
0.05554209793263472
0.02483441553627265
0.0794070653345552
0.058445718039537874
0.07932653078553435
0.05018898805092495
0.03490573701311536
0.0388359973760317
0.09109782379520963
0.06213466292128702
0.047669760830258145
0.06196608106315286
0.06095310679549143
0.06672178568728808
0.07054190565876216
0.05858888441266618
0.050650817115494184
0.026435038879341347
0.07419039424792745
0.18710969995863042
0.17564585141446715
0.20451408860887793
0.21286704905401949
0.1993937064198489
0.09265632770000912
0.07921532445380706
0.04706989839804266
0.08659361356048295
0.08911908227035373
0.05472871992943717
0.07073354800049865
0.046493274468182466
0.08455703224600539
0.059206599437454356
0.05183633838653825
0.03616597341317299
0.03196422454193477
0.060763317236229124
0.01627082397204068
0.04950957778362939
0.07303893771310746
0.23109618791810108
0.291798647376081
0.2129487572104214
0.29663556202379976
0.30144716999718646
0.2590310989744262
0.12067430171636893
0.13105332062193212
0.06588928097656105
0.11795910696181929
0.055719106605201595
0.022693517645214656
0.03546247376062888
0.07353019422922301
0.0224920213731151
0.03605430625159317
0.04775583599495057
0.21087971661108834
0.4557047456344633
0.2553070635986183
0.1669903745667591
0.14107808339071806
0.1287602152638339
0.18313876156376005
0.2491738946705006
0.10809015646441614
0.18545018472904806
0.07875985535692137
0.15407271781221316
0.18419062183481127
0.10403524805399972
0.1351162335664188
0.1577846922751475
0.24341567441551049
0.17202944767628842
0.1225735836097294
0.07168535064641096
0.04317074413458194
0.058997018554489994
0.04861655442426532
0.05181297687845873
0.04670935457608275
0.23076695919291354
0.18059791029780398
0.06091570722123081
0.07099120496187664
0.04890717987903772
0.015452245366636133
0.054159484216519616
0.07386904305055585
0.0714594514321891
0.030614839842129166
0.06485579211188096
0.06476719130298494
0.09347307380214083
0.11159147333276256
0.08858285319963681
0.1142785250605817
0.07451123493577823
0.048383479170878665
0.07871887599836769
0.04698366041148384
0.07413359514857938
0.2391070760428947
0.11840883812130344
0.04917523916279455
0.06930057358102906
0.21517775884150436
0.0851675275512917
0.2291755842821676
0.06189622076883134
0.0535958005678405
0.0922120586288701
0.08705784749153567
0.1917215991781526
0.21372314014211152
0.08966018617867537
0.10435828315232142
0.1366986151176448
0.11633431077238052
0.07935964386610747
0.04477569195914568
0.058368275905596664
0.051773539470809114
0.06242348286331369
0.0687765048638034
0.035506774165076894
0.0709780590306238
0.0624142754911565
0.03343354776684629
0.05536750245183235
0.05513226607311022
0.06466924286374019
0.04351572317107054
0.016925686856364287
0.028086456420035866
0.017479801604638114
0.11580079150534119
0.12725255952955403
0.21766115914733347
0.06422693673173957
0.11345333579134402
0.204627038215989
0.03581596236569948
0.019507357842640093
0.04129571590014472
0.06120625725584377
0.033225303336004604
0.0520943172866134
0.0497613042670519
0.05913673914313294
0.12138232550033527
0.16008724314524103
0.024604506655517337
0.03510909179525412
0.0636503723996234
0.06955399442537204
0.08977047820310152
0.04499002954303317
0.041252027112429056
0.05407186780482563
0.043435256736419445
0.0355510745695249
0.06450817376569844
0.0375797497714466
0.10499957195445585
0.033459325367283355
0.03162911573625316
0.0243353107402491
0.025394148006970832
0.043818249638863195
0.03300380131376454
0.05504410853206551
0.01914214584945959
0.04545421649946498
0.034492969943037396
0.03834496300788589
0.0373001878324029
0.04522967202840198
0.055334173226236454
0.0809006078246726
0.07370944268470171
0.1118142208267675
0.042041083821157774
0.06929997943243889
0.0930142967211709
0.06874252961233643
0.04825785441042015
0.1357210938667867
0.13193591564029628
0.10517260978314011
0.09643400323498214
0.07369815964950921
0.047952765706449484
0.04822196162171772
0.0713008428088641
0.11802338159005137
0.07800301892249564
0.05724899798037943
0.10171864539153387
0.23316563894602085
0.028159104025915604
0.05134731632628785
0.03068833434057957
0.07529321119767154
0.052947191297688725
0.08125935996203462
0.14626210487978877
0.08167003190376697
0.03084152314824119
0.05494551469815283
0.2315868756757063
0.13234745828841787
0.041483045018499975
0.08678294813024015
0.061380990027017315
0.06221059209327801
0.024796634985253946
0.06181672824301602
0.07212567417173199
0.07376964690309591
0.06517192330301327
0.055280655003035487
0.07904465986396138
0.07552563728818298
0.07122677852923562
0.07497766513840863
0.05617360460317501
0.15078560533891763
0.0536689641099259
0.04978471701282262
0.05662540303161874
0.05556883882438448
0.048854461346990265
0.06900094170019694
0.06827326427531898
0.14238508266885738
0.14101300408790735
0.09832206146734046
0.04516235596570134
0.032034313916920756
0.056168195547327604
0.03745599196078914
0.04946393919701832
0.019419203223596547
0.05151691721816568
0.05927342807934342
0.07447992466398429
0.07111200678540794
0.04993121204655457
0.06396712749382995
0.042945482328115576
0.047059727327859964
0.026309414118882834
0.052408617699476905
0.046999400736238366
0.03977644915972942
0.0596750424236142
0.04432255465023015
0.1139285037059035
0.08576640166624162
0.07038424652889119
0.08522386781953613
0.05446806972347431
0.03321877594410108
0.059550889519822785
0.0507199283422491
0.04709567599847965
0.05578326216836246
0.046013016780123796
0.029737175439965135
0.09485489256056844
0.056761489136202624
0.06673230031675376
0.0544413551380926
0.02324058068482485
0.18527588944264886
0.0709106704128558
0.03588241980836545
0.05026588373652904
0.19916959164455136
0.07413655506487382
0.29280599026613696
0.20948387132175944
0.21603494853419408
0.0736846680034134
0.07730041566671778
0.07031438623456976
0.03321877594410108
0.02132082429153628
0.052956717851042404
0.07070933404030366
0.03084985188974051
0.02370099900571253
0.06994425582460567
0.036030052154805266
0.06423654062860094
0.08262519959299905
0.08455703224600539
0.035186424596565256
0.06080230510488838
0.03397841021162071
0.07405729239574074
0.034600648309144694
0.07499853912166525
0.07807550723396976
0.16715178494991847
0.15334334603564925
0.053585414861480773
0.18970978512113687
0.13341066799517032
0.06494439292077697
0.050575652057480616
0.07101275575721269
0.029360301158589605
0.05466053981304753
0.05903194870165071
0.037300940545221144
0.03271795718216846
0.09001498923322722
0.06972755745648794
0.020968205815362014
0.06422630284412555
0.05459638424988668
0.04923989954395874
0.14123547279456516
0.09233286045240079
0.019079178264428513
0.03672503528739708
0.11425056023486022
0.21470510768957787
0.14520462174719626
0.09204705662738775
0.22662422094466367
0.15706910226033244
0.09821188253092339
0.058428216762263584
0.052607561791900175
0.02785280403308739
0.06347767919634917
0.06076688862568664
0.06277668096175022
0.060434540497524385
0.05934003620607565
0.07298176525982375
0.07223949047169982
0.03312904397234501
0.05847779582111831
0.08778265843272329
0.06531975002140235
0.052172389062244764
0.031011369438901454
0.06684367568730307
0.06421971872401472
0.19617327283623012
0.08492233806995475
0.1991678072056268
0.06265274710596164
0.1252018053227234
0.05166766933715124
0.04107929666993376
0.07234033476989261
0.05354007610774071
0.09399880147247638
0.05882465915982492
0.05890181699864593
0.04391482697742585
0.17568964869067694
0.09969690382050354
0.058445718039537874
0.05058666155233333
0.06364272812686841
0.07824352964005778
0.09956339354507374
0.05565495104204074
0.0555130487182348
0.0631886362137788
0.16288112539466304
0.13961148396703138
0.18675684436124562
0.1031917675194924
0.2398339183289106
0.18868151125607133
0.18143193261889476
0.10437350416959144
0.08903347316154418
0.06755580800837914
0.04259483887675788
0.0881450639033171
0.05124586966884381
0.24642581970721733
0.09060449971333007
0.10481571555063271
0.08467455546416927
0.05379785211211118
0.04627177244594241
0.04895166322994683
0.08955441851118187
0.03807619762306122
0.0783018648378222
0.12406328265664136
0.055719106605201595
0.08528608741307699
0.05949544317367225
0.05413509423546346
0.06552666031096624
0.09669548839996595
0.07778943772696809
0.056220946553193284
0.07349254436018604
0.07059350444433853
0.06665763012412723
0.07069861785333785
0.04190818260781374
0.07473499003840633
0.0760429303689311
0.0531600623518418
0.08568876015818126
0.07368079370537094
0.06312394289101214
0.039304366576423375
0.04108005247430087
0.04791088741051857
0.05010375743069492
0.1271812576069203
0.11612156932114547
0.06838983032947021
0.18612205581646274
0.26269155038096065
0.09003762580530726
0.0759730700746096
0.032213777860432995
0.027117001864687542
0.03575042638954091
0.07236029229523104
0.050516583841449705
0.06276947444784992
0.058997018554489994
0.02548927842059625
0.07509408667977949
0.050865174414248635
0.04699256559673153
0.14540512825713942
0.05174676137857212
0.06906284726212937
0.05106851891504803
0.0585455463525048
0.048358778419894846
0.30334499483095206
0.2833184236207626
0.2566591572250965
0.10069481931031808
0.20391169070428702
0.18649205569119134
0.11728532077609653
0.09834624104466415
0.06884732005381865
0.04095572391218162
0.022026061243884818
0.03268038411356461
0.023612844386668982
0.05059106187962297
0.0593475450190234
0.05972882930275494
0.03311455232488453
0.03698568216223228
0.04849303131963095
0.032814885356357223
0.09246364943492479
0.09940507831138622
0.06032436414659809
0.032536812958754796
0.056500722007831836
0.267938444592358
0.1521769958175452
0.0576279338204785
0.12799083864601912
0.09581579944114306
0.09938713191703535
0.1962160773906349
0.05392674011429638
0.07161201951887686
0.0243432683730299
0.047044120797605594
0.06901810851086591
0.07164770077737401
0.03721233973632512
0.041671527683523876
0.05741922902896424
0.04082282269883768
0.050080845625450995
0.06035274006627979
0.21691621386819604
0.09357075592843125
0.041925660525617976
0.05337727934252208
0.0594161803204188
0.1404541217333356
0.13789662075638945
0.16818865857896306
0.10871319251540668
0.17845812184422066
0.19449922344504114
0.10054789829637921
0.04511080076482728
0.05289563609681459
0.08197072168478736
0.04399030161687011
0.031944581945164675
0.03262654493051096
0.04046841946325359
0.20214171804232609
0.09822357381600146
0.08723568187655178
0.03902865631869343
0.059550889519822785
0.04664832588375046
0.028875748511106778
0.02526259511448423
0.1006726691080935
0.10942199898657469
0.15858286810975947
0.06917618891518539
0.06782868259551948
0.1848963330295809
0.06882357043901112
0.06243865731685584
0.14446174321077052
0.052586304891570054
0.04188603240558978
0.06611230783725994
0.068069052513666
0.022164589930953296
0.05321816078064165
0.07816111634277897
0.053514298507303645
0.06891533259138782
0.06203842957654574
0.028265571103165445
0.04438900525690213
0.08680763633250586
0.04467258155739756
0.05600780663942546
0.11411694204263301
0.08997817733309725
0.12195901344536103
0.17732411340642665
0.41426247752760964
0.2812259224381476
0.2157337495818982
0.1885532001297493
0.2218706782349259
0.11483210056279024
0.0811078017072384
0.0469805789171105
0.08252851292906137
0.08980395514082666
0.0412408142190947
0.02676122363822485
0.04016403055802167
0.11333080232364841
0.12951223240374582
0.03745412501098809
0.09934365697465403
0.06261496655494293
0.13540973509579288
0.21108105298363974
0.06298017854812343
0.0626779341399741
0.15329270438834386
0.19144020047198784
0.23857982815473694
0.22247010726675323
0.19917094583287132
0.10658363605187253
0.13276831213067428
0.06700436172760922
0.08505105415453908
0.06260105703181375
0.07284864196914956
0.0654065966424906
0.08641357109936888
0.02562780710766473
0.027063468046374183
0.03341618628196445
0.04287393610505534
0.07661895746586339
0.24646711836618207
0.05984439281357381
0.12843815111004153
0.06367380715811485
0.2311341556898309
0.0863401032237008
0.040261473868896315
0.11764473563737235
0.09484669414617707
0.039946635943740746
0.07987367613526314
0.05382499140432738
0.07810939814833963
0.08617267304554571
0.048796895499478715
0.050163210450487966
0.05940564344782325
0.05432203092783838
0.026433792196063045
0.1055702327796936
0.0866267649586353
0.17222313308108136
0.0891767141538359
0.024569951679141923
0.061236485037035014
0.06805169392261579
0.038031897218613206
0.059375973705370316
0.050603731484649396
0.144156717332374
0.20516222926119382
0.12404113245441678
0.1909911115298624
0.25392543306273097
0.23529663556202443
0.07730745360882892
0.08763973922629682
0.06565554831315143
0.02661010143415014
0.03926671084046088
0.06556698555039264
0.05676216493743107
0.07394434278862977
0.07544694227716421
0.046090349581434924
0.06434400989580849
0.08044412891118435
0.15076067576702581
0.13772232546999025
0.04472413675827162
0.033003419211886494
0.06354608531082581
0.058157018005314025
0.0892210145582842
0.05945399378638083
0.1764272863072912
0.08897822319332932
0.22849071141169472
0.04135710984843782
0.0754408097965755
0.10658747562909093
0.07169346113898668
0.10966526838455637
0.08868764364111913
0.06184046344846896
0.08536927966084873
0.06501214182700651
0.0663774549038025
0.0769161840479496
0.05433918172128912
0.07162968626909336
0.0773050252546872
0.12000362355230336
0.08431216066201333
0.05568702882362117
0.02866039177889219
0.05037133776945008
0.18828699505393967
0.16689624313401602
0.14816727311999206
0.06513366995618766
0.24454241931341503
0.2525468709870733
0.10073854441157427
0.02502331829136597
0.05888275758862477
0.04653757487263039
0.07642716198769928
0.061380990027017315
0.025967832066832768
0.07015385277579124
0.04197661638749455
0.0426047401897871
0.08696822702599334
0.16343815856510244
0.03990372547654434
0.050756095260539945
0.033111097577993784
0.049732255052651976
0.12080182353127028
0.0453325921311719
0.2087622025254186
0.17849802910432502
0.11369698801580733
0.07442768550678054
0.21471561459706928
0.15239717378380468
0.15856047435205048
0.07996832183454668
0.0660802300556795
0.02551446545460872
0.062136269601415106
0.07844065074630498
0.08026952078684255
0.030136286195892738
0.12151063662665734
0.04783017758963664
0.08851983103674471
0.14088561670123495
0.17263076791370624
0.061197617825616585
0.11325080606323712
0.2465565218273232
0.14746168992380787
0.090440298550411
0.08667416583031361
0.1331670157707061
0.08675673865587329
0.2614521514981393
0.24255494188417903
0.28597722797705677
0.12714216076577758
0.04844249226389471
0.055782727345763554
0.08403450769054056
0.04817668983720664
0.07432084147899957
0.025955238549826534
0.06631935647500264
0.09184964628952386
0.10411238440928977
0.053569987138380105
0.061887665013864536
0.1288845133122162
0.04952891055185258
0.04769966121009491
0.055003852409896505
0.06286621941231015
0.13455092686317044
0.1115486687783578
0.060192206653978904
0.10124857436591754
0.20597143552792155
0.18164473764265948
0.2432154781268731
0.21275952635606735
0.22699106042395584
0.14559188726842504
0.08410794330387947
0.09100248266415516
0.026257482957975867
0.02701309397834925
0.04686982790599043
0.05070181289074304
0.08372570841537552
0.02878877987622683
0.1691783916683204
0.2931457584358832
0.0756314796822876
0.11769349060960152
0.13987196733558332
0.07917949187756552
0.1595601449787239
0.04784405611665761
0.08900201496556606
0.13156389201720847
0.17318954766933123
0.08625117712524623
0.04166453038334972
0.059953373773817945
0.09057443712011003
0.05348852090686666
0.052274477248647234
0.06405932981611268
0.07978007248936178
0.06980125271900908
0.06283345074701306
0.08404378774071862
0.09015842762883793
0.06675151122417429
0.06158184944438476
0.06656108209913544
0.04565213037400521
0.022177183447959443
0.031657439635545216
0.024255113753986358
0.06125104392070063
0.08459065373080282
0.19167548326726808
0.1885968667066179
0.13333589409560315
0.13862285111638714
0.1304604358118804
0.15585831663122204
0.2061467340124993
0.18159232152679736
0.06675509469100135
0.022265338067003076
0.08203906463158057
0.06194219623180445
0.08355449019775711
0.046104287088274264
0.05863818472902045
0.07778943772696809
0.024796634985253946
0.06848511177826765
0.08082836052995246
0.07083833844198087
0.06392216930415427
0.06984050706359891
0.036857936500741116
0.043053400048567496
0.1553873754345024
0.09013378647453105
0.0936352242949705
0.0734581198191777
0.04534146395253425
0.11137745056073957
0.04764508498383059
0.06091620259661868
0.07478544507114444
0.06993015461580158
0.07206089359260674
0.03761564256014903
0.08561580219009378
0.08840189249883042
0.057701276793528
0.04341439635904596
0.03427761321082281
0.06640073566768841
0.08997517335844578
0.03902865631869334
0.038054047420837255
0.060787396094909095
0.04077852229438966
0.11089289092353619
0.1624950445917625
0.13220297473400702
0.15804722984676398
0.10337123146300455
0.1079296156282137
0.1309462445106183
0.06158934063441973
0.07635730169337777
0.0574302968686291
0.0640269597456365
0.0654065966424906
0.0672405332844246
0.23097337556716038
0.11897358615685877
0.055334173226236454
0.09414488780536985
0.04503136112139817
0.07054190565876216
0.09148583306737804
0.042284736045621794
0.12202388113194385
0.107206978764175
0.15923410776523958
0.10483019020483522
0.12550304580120109
0.3158057596593033
0.09179580710647038
0.31448506121051284
0.291978007475081
0.18827349319638886
0.02810872995789076
0.06296868524237809
0.046028120221478376
0.05716885393902985
0.04396815141464606
0.07533738794299809
0.05493250151552759
0.12160461020977657
0.11457088268722782
0.04895194691504671
0.19378187852735945
0.06785386962953185
0.19220258143378607
0.07268963624150007
0.07630648519725258
0.025136659944421987
0.04554081577255025
0.03466995231813312
0.11400910945734052
0.1300479942048874
0.215349713209486
0.25117712524612656
0.07145561549331177
0.12875912552812954
0.21167669179408494
0.16266969532756606
0.04753389520590946
0.02832281974699655
0.05122009206840674
0.02970810661768107
0.027453867073567065
0.03955385315008033
0.127600376680079
0.10332337530146922
0.13491995548326344
0.1830160133887623
0.21186609799206552
0.20395374539529515
0.16990023578983932
0.14414834164395085
0.18191620641313425
0.23497509995029867
0.2063212823226532
0.10537551249170223
0.14001369745741
0.10045910323428842
0.045996608722166966
0.04863472869179569
0.07656966463247913
0.06678414390540127
0.08935308213862955
0.048132389432758625
0.05408313974459982
0.08864823217190296
0.037699644185253164
0.08113546777469303
0.033435787651523226
0.03686189399739797
0.1763868298362755
0.11230542860957116
0.1443179393303406
0.11901303654956874
0.047729429453586866
0.0840609111410963
0.18305502992438571
0.12486068993670504
0.06255989356488548
0.23653796763975682
0.15028679051451085
0.050214508441814916
0.06719083290700006
0.08572875179720467
0.03899751492519264
0.06332835680242174
0.0714321509437134
0.023071323155401304
0.03524671850578846
0.058853708374224836
0.09470862964851595
0.0453325921311719
0.08379619825619138
0.07168535064641096
0.09272901961273378
0.03390073892944728
0.1762930093889446
0.08725550760752865
0.04361374817906206
0.06491084651080271
0.06703095240146015
0.14483118383562799
0.08244573564948689
0.19875926698345023
0.1769910556634701
0.06413878211269602
0.06236309621481845
0.0719660070257859
0.07013973549876602
0.06059666123821967
0.04403460202131804
0.06039331673742029
0.08197072168478736
0.07429642301089412
0.02836060029801516
0.10080472562280611
0.08294266148846811
0.03361359661982783
0.06521412995300802
0.03818694863418129
0.024192146168955275
0.04029121784546153
0.06283933474217135
0.06690351853437217
0.06437626121724396
0.033344400704559594
0.08264298700116358
0.09515726875431706
0.14516352461007717
0.04992655581290288
0.08230630909930568
0.07034931638173046
0.08710726821333799
0.023864714726793388
0.07924599623651352
0.03478011225265685
0.056326426721432364
0.07727289978550271
0.05789649058160121
0.10191764403732595
0.051255567946343054
0.02735311893751729
0.04868614448835873
0.06406188989279721
0.18382452825700177
0.13916972057341095
0.08191119509193538
0.09455526067973676
0.09213152407984936
0.1560584073887772
0.1161999608671204
0.23435493536512284
0.148092895010759
0.18832865565868653
0.0303377824679923
0.04505351132362222
0.026811597706249694
0.02548927842059625
0.025942645032820302
0.07073354800049865
0.0384950158833586
0.0859943497988187
0.03926671084046088
0.08274951862379316
0.07297695309547128
0.11057380950222281
0.17129744167626954
0.06031500065596034
0.15701300417878972
0.1665478419655763
0.09027480523927746
0.09464086978854541
0.055965589575656935
0.06204825828966287
0.0911327539423707
0.06493377550091425
0.10465970550841454
0.18547106639501082
0.07535070893242292
0.07833394261940263
0.0440763445265868
0.09866449790257692
0.09986302542590542
0.05637561215581554
0.03955385315008033
0.0638211240366101
0.027907233685791115
0.10191819548310664
0.05988136581525358
0.09125930999058295
0.07544911786719848
0.1747205960980221
0.22916105923882032
0.11022172759181585
0.09241339500142243
0.07545033755010898
0.08617196745230638
0.07539948127835422
0.20357846074822408
0.22469139176816305
0.24834618499566555
0.26463652808250376
0.07342020414628267
0.1922100672299185
0.22032703360441008
0.07741615637576965
0.07593978584758974
0.07496088925262828
0.04980232404436929
0.04446636075390115
0.0755414069815545
0.06977621298859238
0.06431595206875601
0.07230331968228236
0.09147277200814868
0.11216862406235106
0.09459806523414063
0.04740143275936657
0.09879291156579037
0.0892101374221347
0.24655423337043078
0.23949081694423335
0.11432365793829107
0.12586351219062572
0.12757334456293118
0.13383152183742672
0.0804096060847367
0.0480316738617362
0.07716069507807476
0.06895211049530087
0.04370234898795799
0.07078986858932458
0.06716736636197326
0.06927575902804421
0.05060142965791768
0.07044434491979032
0.12000979564964834
0.20853297854961825
0.07228807644669859
0.22573834090543454
0.14202776489552454
0.12993308624600225
0.058975440140144414
0.1906589368032694
0.2157337495818982
0.10691524600756264
0.0888324976349354
0.07947768582627614
0.07117195480667891
0.07378500457578045
0.08896664053438487
0.07952786715808641
0.055713584721380396
0.03397841021162071
0.025413717318558942
0.05164950320304628
0.058092862442153156
0.05719468455790124
0.03043853060404207
0.06050002822574264
0.032944640488280566
0.14643498690288415
0.13787382041342258
0.05915959300301631
0.08520134583494647
0.056968496965867615
0.05356989523931304
0.1909474157284279
0.1622709355493859
0.20280797876894163
0.10514792450377526
0.23118739833918336
0.2335501921604569
0.07631671305771405
0.17283508715534002
0.08697119747542505
0.0746939474360073
0.041088625125525656
0.08518106326513145
0.025527058971614953
0.08312644465371127
0.054263932499038534
0.040810100754665436
0.09378582377111888
0.08605116562877507
0.05644262357903207
0.13193591564029628
0.053121327279599714
0.07149710130122607
0.07311604566981623
0.058403206052757374
0.044968183891066195
0.020716335475237522
0.10478051634048834
0.2451048426269129
0.14083059141078114
0.2209143052820825
0.15148548670821343
0.09810803869531745
0.04915127076465373
0.0722540878349457
0.019948130937857907
0.055890688505433654
0.0678100902755532
0.039471660363173455
0.07174043318209065
0.033936631718149715
0.059492791091022935
0.06856041151634158
0.04776589360984286
0.07166652571189248
0.18629612190737077
0.3049262893305052
0.08603295245690276
0.017013841475407833
0.017492395121644348
0.050163210450487966
0.12767064941455192
0.12214315995437677
0.09493642611793314
0.19849010956296126
0.09280162681886052
0.1738615761659139
0.19034955589825384
0.08874074132016273
0.0739066929195928
0.06332835680242174
0.03399047090120336
0.03991466440765348
0.05676216493743107
0.07501793241291901
0.055239001813043254
0.03361359661982783
0.023940275828830786
0.04813454826065678
0.05459231010362179
0.06273454430068912
0.02547273255760353
0.019784415216777047
0.06744768480495938
0.043786171857282764
0.10203267478442259
0.1336986206240828
0.1504122985501526
0.22473206828173717
0.10161248481658558
0.1921554339637409
0.04774011600940579
0.07505819968742948
0.0429347388830722
0.06430683739314638
0.04284759123987251
0.07430870644636596
0.05508563153025938
0.07017935588493175
0.07364314383633398
0.06984050706359891
0.06964086381110694
0.0417727703070757
0.059998239020531044
0.06898704064246158
0.039542839070425745
0.04171689639279878
0.062498782601387706
0.053101856900310995
0.2004540570960876
0.17616373722403178
0.08105187545205408
0.23148703022001593
0.1874839482920981
0.09755157948805797
0.034349398788227674
0.06312907415028023
0.07563940896664678
0.04554081577255025
0.05931849580462347
0.07211868864816853
0.053101856900310995
0.0801297575867377
0.043812845664651386
0.09493283265891714
0.07960840170710733
0.08915174576607725
0.07469214936391128
0.2833661501583768
0.25219394025878267
0.07359816323433735
0.16207577990445468
0.06522182457523121
0.1835887338412809
0.18561869463714592
0.06425212376575204
0.2285763205205034
0.20622758883700917
0.2606876500248246
0.12829397128142572
0.16801400784315948
0.05102159914050747
0.10876637274205958
0.07924625688296418
0.09638366473466982
0.09118798280756706
0.03126970272645277
0.042855989710704125
0.12438645924827874
0.18624316315764422
0.2586679222669292
0.0894807222351632
0.09684644484197515
0.07269696369917805
0.029657732549656222
0.07557648998829845
0.12237986728761656
0.09759379099895725
0.09339303620372895
0.06911156464653331
0.08750661885652981
0.0775614024477692
0.08975363286203453
0.0652431067061588
0.067694464528491
0.05257548401031975
0.041012162295337266
0.03659213407405305
0.033452079070666885
0.06020214059013185
0.058509873602698735
0.023512096250619206
0.07422309733755676
0.06899987967709821
0.029432086735994466
0.07725753126388404
0.060345362623120374
0.051344168755239075
0.0545544246430377
0.09072216947198405
0.15690532581268277
0.5608252718089206
0.11761757380945641
0.24281166529785356
0.10590293196241414
0.09905749529564169
0.11550979820545663
0.10521971008118049
0.09371052403304424
0.05345055449584096
0.04874458176305495
0.04842504040465586
0.048599335691055415
0.06231053325620281
0.07980973807965946
0.06891718034814015
0.04886077862065456
0.045024959690193975
0.042661928723308117
0.05962674428559208
0.2646657250369272
0.15545011920805324
0.050701499467055544
0.0524355791456212
0.023114955924366343
0.06028193862573498
0.1380306941405769
0.1695252256888832
0.20554747025083508
0.06611596428267306
0.08032276507738904
0.02299576205336399
0.054263932499038534
0.06788271387367589
0.07010405614685775
0.08072938960705428
0.04915127076465373
0.08389692663299382
0.08794372753076496
0.08299085276598282
0.03332645431020837
0.05983716992248937
0.06577346710367357
0.038297699645301275
0.046759076894870445
0.04335792393510831
0.07687697971064127
0.019368829155571612
0.06200933430390693
0.09246364943492479
0.23769369060868142
0.10669752411302291
0.150300635305153
0.137807051936438
0.08243716232273869
0.056405517445872286
0.08560910880917737
0.06772955572653235
0.03701298791630911
0.0294679795246969
0.06889730668733463
0.05376236192879553
0.02400324341386187
0.06459866669523265
0.10207754088392372
0.102743107660712
0.023222445359476013
0.03087738190026025
0.09519732899580488
0.01508703337345572
0.032814885356357223
0.03355184263190019
0.08217899019329679
0.19833285776261736
0.156633364044334
0.16312378724065638
0.1237531798255052
0.17870532118455876
0.17087834247893466
0.2906857289615621
0.15845172519851658
0.036104829625125005
0.060682782687208295
0.04476483939026681
0.06688394296181342
0.026955484315526607
0.06686616740967748
0.11475901035870203
0.08782428468900945
0.05856670819296432
0.06675386346886852
0.06742322662219938
0.09281606774652616
0.10115770617750353
0.13735167335505485
0.1323191715916062
0.07499798199373216
0.2097423165824848
0.06755162522138253
0.13739770439549137
0.3125200266471415
0.22141887980648253
0.10357915672319858
0.03736439303923201
0.041509478967781725
0.02945003313034568
0.029040650216351233
0.0373230907474451
0.07268213337899163
0.040548165487470464
0.030078156932638232
0.048562943114390814
0.2625758489608185
0.12580905935843428
0.04181958179891781
0.06644100294219879
0.055329353102612215
0.11079842679386727
0.06983431141739214
0.20061156161093008
0.16221560341447663
0.17499659128388556
0.1499998569431596
0.07098965536408158
0.19655193807348434
0.2344763394741959
0.1684680997562489
0.057500247501296446
0.11513329951508612
0.08366173747175101
0.11214793254002205
0.08596845463554417
0.0953294684016347
0.06441822349217333
0.10517079017207409
0.08090016514583677
0.10649773135861691
0.06158268744409849
0.05566345818891964
0.08734769616579485
0.05290597054738513
0.11838578706064518
0.22847651557214263
0.10059882382293178
0.24244925982725973
0.06677510487115836
0.08357635849361347
0.21597970338101463
0.08799007041733817
0.11065447035464361
0.25586850997531996
0.029934789923793094
0.035785110336324935
0.03707725072961256
0.07481659604036688
0.05461252307183746
0.077393701609034
0.06559539017747995
0.050632780699049314
0.14911679822919927
0.10166942820817398
0.050661829913449245
0.05169327018777427
0.06422630284412555
0.04461050727914218
0.05433918172128912
0.05498131762885183
0.04901485025489241
0.06996508476296229
0.13953834987485678
0.10472615611508651
0.14457456158298385
0.16714075416414081
0.12029774827856081
0.12680990773241774
0.07785189459176828
0.031697882304664436
0.038530908672061034
0.06219436803021487
0.08463574657047317
0.04034349450153383
0.08200141476254362
0.04959610324087296
0.030300001916973594
0.09046908114631665
0.058257376987719794
0.0693417451756488
0.07705590463659254
0.07890523493779215
0.09127247453101406
0.03910519329129994
0.02177419090376033
0.07897549825101112
0.08355841209926235
0.289052889821227
0.22861000479254626
0.22436925357208004
0.11923584406947964
0.1271295265816282
0.04503346796351615
0.055280655003035487
0.02390249527781209
0.06219881848444788
0.06946104853048056
0.05575118438678203
0.029270569186833524
0.02081708361128739
0.04048706565634355
0.07388066090232012
0.04493913467666628
0.06427147077576174
0.05731529834774429
0.034682545835139356
0.0586850440886911
0.04285591619145041
0.02475885443423525
0.09954864946619577
0.13174344895081316
0.05523516558929602
0.10846954029094337
0.1521769958175452
0.16674249065550353
0.15091066880755066
0.05640138975625262
0.08520165363068694
0.08120023970550472
0.06591318769231651
0.03827554944307731
0.06074352591252698
0.04361569993947869
0.04368019878573403
0.10968805576639373
0.08976115058642277
0.0190036171623912
0.04890220602503611
0.023184664808457316
0.20895322914267986
0.12814045177254643
0.08737987702508306
0.22040922858426984
0.09817161525641256
0.05692601971568784
0.19214964472219861
0.18467260762638918
0.23217190309048888
0.17427858732645976
0.13461062948224423
0.08505609976294683
0.08201352623919198
0.031352350931574555
0.07062751476757137
0.038142648229733275
0.0308319054953893
0.02502331829136597
0.08109829086399294
0.05351488857319138
0.022151996413947064
0.0735382244670834
0.0459449602163932
0.2296039992584349
0.08433570664283645
0.05267216678273583
0.04827346337614277
0.06069155409376839
0.1470180740779629
0.08303112004049329
0.12864960249936236
0.1316615920223211
0.14112661587192893
0.14634504094674355
0.12240881451090917
0.10478051634048834
0.13025421500838436
0.047024879321558515
0.07058471021316676
0.031944581945164675
0.06532252277916122
0.03119083338241361
0.06842815828788976
0.04949299283912476
0.05580354086223397
0.0411926054983966
0.07960580537932657
0.03770537453190511
0.04683789999410927
0.08258818002087864
0.06565319939194508
0.24728133276851083
0.029821448270737082
0.07070578784938956
0.301600890334732
0.0854785230492384
0.031647508236639504
0.04749003356826259
0.030186660263917583
0.08678294813024015
0.06920045928997019
0.09250064206831622
0.04467695788581416
0.055048261287836166
0.04599953878633226
0.06553377279342526
0.07666295693861835
0.029898692989126077
0.027673340089575234
0.06411161618060918
0.03085411666524742
0.11254493415190461
0.2949501626252894
0.15323556260969964
0.28803399348746217
0.19891432358022718
0.1297867042744078
0.0888536909272738
0.1877450726666412
0.057691739798228336
0.08094166537231867
0.09708999344007903
0.08365885436175348
0.07322899527692713
0.06042915458808032
0.02751182254041429
0.03388980940272469
0.057483384592125104
0.07169762862768606
0.06507191560884439
0.07556328715721995
0.06454735439660789
0.06607552015990081
0.04527501334586227
0.05847024661443078
0.07207842137365807
0.06995050827499184
0.051475207916646816
0.02997047856653094
0.019973317971870373
0.20000755249327404
0.12153298254643595
0.28819725606154245
0.23550415759283558
0.29250148204371634
0.13362885233915575
0.10766041971294547
0.19098768300293872
0.10677502858887711
0.05850511780142591
0.037367391151893116
0.03178306439600373
0.06958185035401186
0.054027562068067095
0.08556630425477277
0.09204093776855043
0.02619451537294479
0.03350591825372053
0.026786410672237228
0.0674084251428705
0.10161179809059294
0.03266243771921339
0.07687022704039853
0.07387726124496523
0.050568911677399006
0.10794688071007837
0.08896027679897847
0.13786757154198942
0.17751913250936366
0.21281254578758807
0.057010851487173504
0.06820755541099702
0.03725671467312471
0.024330674856023665
0.03375716777463755
0.041598079776677746
0.03655680529342721
0.037866892081066056
0.054378746459927484
0.1187884598057498
0.09080270402100481
0.033045388624330346
0.15881579629262868
0.140520882909075
0.32886615622142157
0.07050696391377842
0.11308963273692363
0.03236533870599428
0.17956510572724943
0.20600351330950203
0.1251244725214123
0.20552416910120194
0.13392058416453975
0.24522729218388883
0.12704391747281954
0.2731329230042029
0.058011379624663996
0.0711522740599184
0.03980510267099736
0.0359645742798371
0.07892385804043009
0.06870759946517571
0.08603261019870503
0.09591818410339238
0.0782784597872185
0.06199102352941548
0.07365058650866028
0.050498319256169474
0.06361911787862501
0.0734526153582742
0.08120023970550472
0.06062700718700695
0.07262659737233547
0.09179580710647038
0.1744411549207362
0.15178214523954844
0.15920202998365907
0.08096744297275565
0.049729458747219846
0.03295723400528671
0.10284261909962127
0.09849327968495869
0.09289660229554692
0.048398191859446694
0.03953590675572912
0.06813320807682686
0.08565345205913075
0.03750349364453342
0.10071339967392316
0.0895946857856927
0.21031216844057332
0.07506200889819906
0.26904081576142974
0.0961582515308912
0.1020032531461346
0.07344750870701247
0.0839492664289716
0.09071110299582737
0.2498501840595846
0.2115719013526026
0.0918675926838756
0.22767742487800746
0.192917928945488
0.2009336998070131
0.0743941548613094
0.03497516931170084
0.04241763725896583
0.06685630166565651
0.025350749733527772
0.04676056719279814
0.08526667237394064
0.11612875609964877
0.08505490833640206
0.12418427459014614
0.21969920850654617
0.12399163857255181
0.22488028742084462
0.09050366671318266
0.13285691293956994
0.05918720857031082
0.03621582380075411
0.03794329640971727
0.07738710716136973
0.05375854079765541
0.03188678505975776
0.11351435514649656
0.0322645905699445
0.059417369007386776
0.0592313481614237
0.04257268867453383
0.06343314724390396
0.08047256228062676
0.05524139773658564
0.05263786009244421
0.058563216230225756
0.09645896447274444
0.12778365551151205
0.19191383031667866
0.05084213519699531
0.08837428825407626
0.05496980589777502
0.0900816138541316
0.08959027998227323
0.10351500116003753
0.1120638249625089
0.11026453214622062
0.07272033084282793
0.09721059954833941
0.05389144201099944
0.09074974578533014
0.08017583174376144
0.043555899090401536
0.04341232793559181
0.08459925572609527
0.06761996357154001
0.02647157274708166
0.068069052513666
0.06527358475660576
0.07689327051657116
0.04800648682772374
0.0727959436342127
0.18586331304229747
0.11249036897525938
0.14675187928809202
0.042622686584138314
0.03492368340746658
0.07157240103929999
0.06695843919180074
0.07985031640945173
0.07480549101696728
0.2053423857276918
0.08987554291089012
0.0661285577996793
0.1701993471690937
0.10470861297527331
0.059953373773817945
0.04758545040678352
0.04926746762225334
0.03871855348755734
0.039560261172069476
0.05058666155233333
0.05757961793686638
0.059202298947023765
0.0973662697662042
0.10888342125494736
0.27557572125674157
0.13136717746768273
0.12083725708415408
0.07855136807527298
0.1476329081414261
0.08276067647750146
0.04904054772394274
0.08428151946233164
0.14743688714881598
0.18832464492297699
0.20657111823847255
0.22108552349970073
0.15192037356490198
0.04795611275969889
0.07816111634277897
0.061090497883018235
0.043392246156821995
0.04392385101019805
0.04745656240459833
0.060787396094909095
0.06917917760890759
0.07810380905141476
0.21761567024161663
0.13968101412719783
0.035192879322734814
0.11962466489884425
0.06025450385227658
0.0653462171079069
0.05074897755664902
0.030957530255847805
0.04535798315472369
0.13346460063350718
0.2261410136505383
0.25771055686671057
0.08265125211184447
0.05485736007910928
0.1350207485307978
0.15038064004904156
0.10050509374197443
0.05204497528239213
0.026257482957975867
0.062245522240438805
0.07036760523011666
0.04694101039585738
0.07707156341295066
0.11381555409879245
0.1021440946973279
0.05959781221044612
0.1549233786266356
0.09408441058128596
0.17057698695629211
0.11129301287331436
0.0351966713339409
0.025426310835565173
0.12113688896498576
0.05745934608302902
0.05201919768195514
0.09596781097508825
0.08899067666803574
0.046245015184057194
0.035192879322734814
0.13235168221898821
0.14927078661013976
0.05283210626296318
0.02769128648392645
0.018071696903930637
0.01882730792430402
0.026363253301936482
0.041656573449476
0.05345055449584096
0.07523953698423404
0.050543922941590866
0.023545669388795605
0.04875822800224898
0.03134253614696433
0.05255002884944362
0.05034365365354722
0.04480146955958275
0.07880318465884781
0.04450100748278285
0.0785446170863148
0.05732568941232908
0.16623257033796196
0.05509663690222755
0.06476845796300716
0.21937334132351663
0.1326773094494659
0.1404119862178468
0.06776448549183571
0.02872581229119566
0.08282971188135724
0.054990162859036316
0.07465114288160268
0.049238418407853514
0.09712353394401196
0.24279945291430383
0.18949604834701467
0.07502993111661864
0.17650258604536495
0.11477344609405868
0.12452594809521712
0.1712164512183207
0.1308957600860108
0.3610245941956066
0.15648811797233392
0.1801215649345089
0.11828840103644801
0.10842393630682311
0.11000770481979284
0.06556407690060492
0.023197258325463547
0.04833300081945777
0.052534941329753004
0.03342465515602061
0.061552949233798546
0.054931158924954634
0.05655010329354481
0.04827979433265631
0.07775450757980738
0.027504241141591997
0.07050244334859017
0.19990523220091566
0.08519514254710159
0.12362053274700001
0.10758353220198313
0.09795395095650888
0.15522861718581363
0.042568847401084665
0.09736256132963207
0.13224553715056225
0.08760442149614596
0.0938922355680692
0.08351649139975148
0.048365532776527456
0.07368079370537094
0.0750361889907022
0.07490797020803021
0.05445609942359372
0.05054563305584955
0.03315885272933254
0.04191437831063378
0.04981679479440304
0.06814871711060388
0.03845275106086927
0.0750361889907022
0.032671410916389
0.055175070627514824
0.3188564132107883
0.05593095740388982
0.09200025595981026
0.164128061359512
0.10080077396769965
0.45709590574544473
0.11245210700472025
0.1553551986107378
0.23195788031846584
0.08713454416606002
0.3247677703129939
0.31629654977967386
0.2348222331836477
0.11244950894206551
0.15288270701231482
0.12365514929650076
0.0390951069253654
0.07460833832719808
0.023889901760805857
0.07458084217449262
0.06945667163019328
0.15704594163468763
0.03771758343363921
0.07892385804043009
0.25879746031392303
0.15107288647020034
0.10884233855286621
0.07236159307018471
0.0607578042301131
0.1613420011354596
0.11123831556894342
0.11501965315009127
0.05590891874912902
0.20625904686101684
0.100894171130334
0.1777750655187264
0.043547297572389995
0.024047320723383638
0.07928473589589936
0.03474421946395442
0.037436178616636874
0.020936722022846476
0.06528487291012425
0.09588325395623133
0.06547458835394865
0.07430870644636596
0.05667501729423138
0.12209852528692772
0.0581316745007274
0.028238651511638617
0.03532175699885974
0.018085864610562663
0.04683356110742334
0.043800252147645144
0.1773403571350772
0.13406212445560084
0.1840702097217983
0.11809882755046178
0.03561446609359992
0.055338753431835336
0.04397658634559737
0.031119047805008748
0.073581029021488
0.02077930306026869
0.025340308823917183
0.060525639928088446
0.048101002415524376
0.10858222230265148
0.026647881985168837
0.08940077726464972
0.10269796014118386
0.06008452828787161
0.04327292735199591
0.042790816725493314
0.02697343070987782
0.11335237774684265
0.11474222471318676
0.06852276164730461
0.06120669474061785
0.03327261512715473
0.07962947301321384
0.025098879393403283
0.0635468868134035
0.20905744371201102
0.15854793796259928
0.04729212104305928
0.04054631591765963
0.06108209913534801
0.06197133547154176
0.03156403816920438
0.06213466292128702
0.05223017684419922
0.062070507358126165
0.08248437633764243
0.09352795137402649
0.052606797363239526
0.05433976199724325
0.08458179950346728
0.07449445784428353
0.04843745018644469
0.05385724349743975
0.11712643246045186
0.08999627163612417
0.12348821041403285
0.10808547863252581
0.19163783339823073
0.20940857158368567
0.11139336698451108
0.13352797026388838
0.062419269867240584
0.028319410286219086
0.051881896918245594
0.07443712010957976
0.029360301158589605
0.03951706146998867
0.05928430785035535
0.02181197145477903
0.0382617127567928
0.08252851292906137
0.1572839742377144
0.252161629997432
0.06638371270514842
0.0848131243157077
0.08475301772108561
0.04738940449441882
0.1360228532962103
0.16724554460562313
0.13516599460279785
0.10468185571063823
0.14152777255637883
0.09107795133242176
0.057854617126590534
0.06142802184147623
0.02263055006018349
0.06893757396184508
0.06088411905976034
0.06151014467939393
0.018122070971955572
0.06895813714579234
0.057844323698185554
0.032895740845779196
0.08375593098168092
0.04913360659978077
0.07635764198798424
0.24950106627589813
0.1572452853072528
0.15378916420740507
0.24291584624604054
0.09862208288770656
0.029922196406786863
0.0549320665313411
0.04229965148581643
0.15619381902234378
0.35125143555442434
0.07213566541164784
0.03780573805268275
0.1076033257076901
0.045117235398957393
0.07525447558768164
0.08362277230281165
0.06405351775180941
0.07534432742571626
0.038674479826870764
0.0800340650431652
0.07349451243178128
0.11775532916702328
0.09385730542090812
0.05175740130890731
0.09079367891618874
0.08915456395161224
0.04788055165766148
0.07237780841845466
0.11120039272286933
0.251519561681363
0.2591063987125
0.2480749870846645
0.1259836883455373
0.23078295697188794
0.2951248133610929
0.19432720081422644
0.18010809425362745
0.054880073926018944
0.058299332253576024
0.03361209688961041
0.03897956853084143
0.08241556332195038
0.08625584996372242
0.10354862095560632
0.11408522889068054
0.20346936856464826
0.2686229882590357
0.23457240627930212
0.3331050423765093
0.24504217349288107
0.23870440329779097
0.28557551082792404
0.254587315000842
0.4005788468296933
0.3570898645533132
0.25235052549204884
0.3012745246033696
0.22776828811182115
0.2548904203407243
0.06777673433786875
0.20517938056320628
0.1276563162143385
0.16797907769599932
0.1388151699340815
0.11745963974690524
0.12430442599092521
0.03992144890972828
0.16950603544217155
0.10419953205248982
0.14555688725280405
0.05935321271805952
0.11226549297461874
0.17935108295522642
0.1443030072465731
0.16682638283969478
0.1400239255740235
0.33985579686797474
0.11965539241406477
0.2005922313405716
0.20923678274748703
0.23350448776735314
0.1485047561178116
0.12340322573990256
0.1431631391934455
0.09956339354507374
0.08290501161943116
0.025111472910409518
0.054906288930904025
0.04469910808803813
0.047688560808531726
0.09006078246725445
0.11629997431726788
0.06373855200030838
0.09861455527602712
0.07778862033253534
0.14090036398888328
0.1983070801621809
0.14647718517250238
0.14749902653168154
0.13080861244281075
0.07756407586147235
0.25180232411932607
0.2373154198100679
0.14964285107269143
0.059391026201349756
0.16700393358510277
0.21646087010472062
0.13318865112390216
0.06049901488240182
0.05706637343157952
0.07405729239574074
0.05129237274710268
0.045164680278836904
0.041630824705826325
0.030744480686916213
0.044964910514726196
0.05251132844715888
0.054875261189522614
0.09706736706237211
0.06091620259661868
0.09901915556725895
0.06419876382380896
0.0221268093799346
0.07912519441298221
0.07189680563978608
0.07429807261403475
0.1559287050436803
0.19852775943199857
0.21462203578460745
0.0938237496681576
0.12450628670112147
0.2095282938104618
0.09000116767134882
0.14156350757904684
0.05478885093936925
0.06567592472650079
0.05198505139295676
0.02426352516284424
0.058244347400208916
0.05506540272887162
0.05046526091561978
0.2303418987682469
0.12627830287904104
0.08847052159881735
0.26847016522558015
0.037382339433583225
0.05373639059543144
0.07637903009496186
0.10421483749436171
0.06909554152423965
0.06258801386114321
0.09710580910685711
0.08474949893548797
0.09482943147204753
0.07052751479575278
0.029791014623018783
0.06355297893442319
0.0301907256313162
0.030562709580121063
0.04694101039585738
0.06258025853950863
0.048947926263854344
0.05359163130861477
0.03626966298380776
0.05789649058160121
0.09503076784459982
0.04957032564043589
0.07194528281979023
0.06905772546347966
0.0900816138541316
0.3128364556714805
0.1307083433238422
0.18252257719262968
0.2202781261127916
0.06505567952315847
0.12684511527439546
0.056721200596030405
0.11230431331307451
0.22707861580784267
0.0670165376206006
0.05786603508462781
0.08569471791798657
0.022378679720059087
0.03350591825372053
0.05345055449584096
0.06961460784937705
0.0294310492435442
0.06354608531082581
0.07477330886397521
0.05853416701582584
0.08013187627574281
0.056500722007831836
0.07027004963339085
0.08738534603483182
0.04972720399288687
0.1032855591192367
0.027567208726623077
0.09248024429637054
0.2474959335673315
0.17706733408091938
0.20592684184630566
0.23688040407499417
0.28559198698741556
0.16347059327112431
0.03271627690226704
0.06142895172651759
0.048889827835054495
0.07413205237368972
0.03734524094966916
0.05019704248305061
0.07312537051092913
0.14428641728715555
0.15687129089888321
0.08316868038972206
0.09352227468785942
0.03500997727730116
0.0403076017128314
0.2845646776817053
0.09797027888386024
0.07151467953051222
0.04241763725896583
0.04766562339683003
0.09567222828633352
0.17953934350564954
0.17918648790826475
0.2006361520980697
0.06916359539817915
0.17720063654643473
0.17484946376447044
0.04561973444079143
0.03736439303923201
0.026358231094025648
0.03763319357858119
0.060184643557955164
0.05439073692216317
0.07499853912166525
0.02921695945443841
0.07630648519725258
0.0442673385809892
0.048152557616398514
0.0661453227214553
0.07576406129612198
0.0870175802170252
0.08856262306309427
0.057139804724629935
0.10055841930490951
0.2427018234740175
0.15730149597553167
0.17660234059418914
0.2231824645839282
0.14829105652409919
0.06605299669764199
0.06095262231012146
0.07943115464352293
0.05008587764917683
0.05490301521583663
0.02323503887648225
0.050516583841449705
0.0759038124521483
0.0870459267245642
0.10161801215649338
0.19292051217943934
0.1745916877600997
0.15736450878673514
0.0444554558635741
0.0460724206259264
0.13934908147638575
0.25730788412160593
0.1003703305396012
0.2765556413375887
0.2349998140428321
0.08760480907913602
0.055292952937459686
0.0773580579469698
0.06467880524178293
0.09657488169665307
0.1096579122591858
0.08732129098536091
0.06322356636093952
0.08154267614074144
0.07344750870701247
0.07236029229523104
0.032052260311272056
0.06878853969899526
0.02696271991032441
0.09095810320656712
0.1595673346987248
0.0943227991565195
0.10687077836149163
0.15892770095722222
0.14665961738571218
0.11780363399729205
0.17463219433404045
0.05284239735811354
0.13961052440598498
0.16668666225105142
0.12449104448087744
0.11584864702678895
0.15282081842110445
0.11899666124475654
0.16518286360057888
0.12574852977866427
0.14439844639437874
0.05825503184912801
0.04857539347723866
0.08552769106013951
0.025753742277726976
0.07733534581387848
0.09183135688558582
0.3119167879462376
0.21967569549389454
0.08548069514596357
0.08642930721371148
0.03765153534885146
0.07496009580694817
0.08762619999815613
0.0553736942763645
0.12273857306055679
0.1309244326197472
0.21039650931696297
0.12981878205598746
0.09629750030444148
0.15007613210034815
0.0694408839722496
0.07911145574128847
0.1518795716951795
0.09409040544132027
0.03953590675572912
0.04015831663211759
0.056424817799971036
0.05903194870165071
0.08415375395942136
0.08131738259020285
0.08881604105823736
0.2870049516689027
0.22545646998386148
0.042074940317792506
0.0811146305966956
0.08210497272675354
0.09850194929014118
0.15558759232593702
0.09507807873091721
0.14615679160155873
0.10033598653730119
0.06702651192983328
0.32165498878926263
0.06602975282975314
0.10338654037554872
0.03105561293734698
0.07458439056225848
0.05908727367114646
0.022680924128208425
0.08475301772108561
0.032608598536159744
0.024708480366210404
0.09249392955044318
0.0684395291603522
0.10222418547329593
0.25295530939811484
0.14517944566143293
0.07017107675867702
0.20850497472679808
0.15880489684102378
0.11368889649858788
0.27762480963356206
0.14242535021709538
0.12592834442362522
0.08842360727822052
0.1449474472574995
0.17391764661228226
0.11629997431726788
0.08800616385583436
0.0227438917132395
0.0671297164929363
0.07619210684016792
0.02132082429153628
0.02991663938347729
0.05138224647344865
0.04639159539666194
0.057226272970237996
0.06687376673923685
0.04844255562131526
0.056286484051632474
0.07800621854326784
0.323877782309876
0.12613605704913422
0.14067079388742756
0.02509165311780876
0.03550023925632875
0.10112136495591663
0.15127939746352734
0.10184682991324243
0.2068746047684947
0.062237189484705566
0.083373386182057
0.08117884814691821
0.09229260454484312
0.08025268378275015
0.05243383404190219
0.06001753046887383
0.07777587610833735
0.02372618615081856
0.05771604749224027
0.0909930334307614
0.20026159044197694
0.10790503544367952
0.05947220705895449
0.08670764839735565
0.15422227925114348
0.12752645837589874
0.028983426877523227
0.050652984859013844
0.05654946627797524
0.16526265879333465
0.15899623949571567
0.11825992967396394
0.18794372227973005
0.1494183066016331
0.15272665011557526
0.09360296665168687
0.10342419024458516
0.08243989866169726
0.07128677213738789
0.05802245472577602
0.04214262053524325
0.05534773033838844
0.04714808982142951
0.1238028101189972
0.040022983114917615
0.028178879783089417
0.10653133962203555
0.05534173906016183
0.09769938794120184
0.028423229678243924
0.09233501863072029
0.15747948994221356
0.20923146423464808
0.08115260245030372
0.12022953721272142
0.026597502632693896
0.05359162590025897
0.07996990611491114
0.1374882265023509
0.10107397063760586
0.12629022566150463
0.07489030350995918
0.19613277619304512
0.1627046498063008
0.1516949975725405
0.21671945893289193
0.17860908783324525
0.17095462674051565
0.18804232001112292
0.1609612109355976
0.20809082616690944
0.09271347219973655
0.2884296497766489
0.30029447514082624
0.31305866104246294
0.12963766406205907
0.16444614506726313
0.15427058332623578
0.22815754146827624
0.15557729263069245
0.21970248852492724
0.2075252446366849
0.22358414124908674
0.10150480645047864
0.10600058334528449
0.13681173844052075
0.024695886849204172
0.1444653711154866
0.07481659604036688
0.022151996413947064
0.07198654959870675
0.167524985782909
0.09305299954303672
0.1970408212746139
0.2704990596127711
0.3913510163956353
0.3679907542162491
0.121927803222162
0.0896910281183236
0.2533503189222121
0.40116428387980485
0.1223764630809424
0.22980833511771576
0.2715818941747535
0.29449533430357056
0.29054403935837864
0.24723558160371842
0.1942733242308199
0.1997325552411821
0.10534932383679241
0.13566751110016362
0.2055644363757119
0.07097798965905974
0.07240927962765703
0.14788973546785386
0.23491927949381047
0.12020564918684187
0.18015964945450125
0.2453144235098775
0.4086140286583498
0.26840591636463396
0.27640225448293626
0.3606495926112174
0.24256346605103715
0.1601356767959016
0.22646555031799648
0.31353295411576826
0.2685779015189302
0.46072864105016104
0.31839333955391924
0.097516662453338
0.17199604461948376
0.08391547661439691
0.09387038780926293
0.08963495306020262
0.09271466484033922
0.0858900965307334
0.059579938734222716
0.12347807021321627
0.16411266158719331
0.12798386845028956
0.17567428892655107
0.10363774662591613
0.11473804752033609
0.31342821047332037
0.22682133378991542
0.18147044235626028
0.2544891749058762
0.23288755184410662
0.2130260900117325
0.2391335832103373
0.1835736678185899
0.20843340292786885
0.17691366516311213
0.16158572522410203
0.2662015238421366
0.2374158505134572
0.11072856649954603
0.07539948127835412
0.037478306610520956
0.12486088519818557
0.0755279574397752
0.10534433356547147
0.1519282370544369
0.0923739536822319
0.15247371529716414
0.07774720980625077
0.08266109238170147
0.3030134406300835
0.1900690098186344
0.34080661452274824
0.23111554976571194
0.31603300069641443
0.4326718646145009
0.40012483572627733
0.416482851287079
0.18839901441310253
0.14522222309004076
0.25553335313241893
0.12072539480063126
0.12301829236093723
0.15294067288759564
0.08565345205913075
0.08822559845233793
0.027592395760635543
0.07528655336926207
0.08564872083813459
0.06496654312300094
0.10022331049922763
0.05066371891603694
0.14328346365335534
0.23320995115393808
0.237651623005693
0.06595224856159213
0.30161310085525145
0.2692765044621453
0.2738651002975742
0.15382981023101894
0.3572655451600493
0.3367434295008996
0.1948081106824515
0.39596814821414955
0.2853107075622386
0.33429318717935
0.2888023285677598
0.05723753479328553
0.04375330942826491
0.06107157997718848
0.06184577745741594
0.04992655581290288
0.08949982871741756
0.049819953276619915
0.09294224853191647
0.10938523518925629
0.07949027934328239
0.4171689639279878
0.20444532444905456
0.30293084627154515
0.22826549372631827
0.5716976286276867
0.1249276887017368
0.12106147898082589
0.5127912162836751
0.25304770663764653
0.1732365446722891
0.15572248424018337
0.062476437867874456
0.050500003194956
0.07093928129605664
0.11539684859834556
0.10671159957606068
0.05567961694401535
0.07770932969232787
0.0278316725837538
0.0789141255015112
0.07331149564295364
0.1322648678424738
0.09331426661746221
0.19253819304262676
0.1419827962558593
0.1908682925642345
0.20421597723139262
0.2308384119137303
0.14299687019049054
0.4673829295437037
0.5214506861621808
0.5454156322232694
0.22254603151773786
0.21855119040910978
0.22745534875132342
0.2832588896135569
0.4431555517507069
0.3136610589470847
0.33712867049054085
0.1305119910127542
0.2636298462197431
0.06253002087836065
0.22082869617327294
0.058164264092291425
0.1862173855572069
0.11977423590001611
0.23739018007609375
0.6255902239184687
0.31871425180361407
0.17001247958401686
0.593096686264028
0.29109051637672584
0.38921598899892956
0.4915190402777807
0.5520600296892456
0.6173554209189195
0.5789226056363587
0.5643861195380963
0.26146098705213183
0.41272151356904374
0.30707924542148624
0.3275915104907679
0.18536672474278443
0.31637997582839783
0.13896094980640925
0.19861281675596773
0.09126521774410146
0.10634312087743845
0.22001874986494546
0.30479434756761026
0.33959410815761987
0.4267928425359792
0.3554142473605297
0.3726960535970703
0.170024140083422
0.25902446480749164
0.4453226509694059
0.263189300462221
0.28316818523165493
0.5332595163415386
0.3401354377667978
0.25610046034203326
0.30451079396280306
0.1565374163873578
0.2818092697417991
0.29701141678888354
0.178972209917867
0.1177462933383289
0.24939273250095906
0.1098871532332794
0.03561446609359992
0.1332487464524031
0.38149215871175207
0.32135521587271687
0.2986764110703664
0.12756301460803401
0.231260795837712
0.33657232279372606
0.2889411232988281
0.14969052573791505
0.17662841320466924
0.22522325621366326
0.3607824938245622
0.4901332653408752
0.21131292921698916
0.16493729223050826
0.3157289825009395
0.16342607018976202
0.15075427633656507
0.08816369143370793
0.08446079890126411
0.03155935361759596
0.06646516343464465
0.06556388622070913
0.04660590159017587
0.05575694974532648
0.14443269399637051
0.1014868600561269
0.13263871295000546
0.3141056372355403
0.26927281416536314
0.15168292505647843
0.3251206682439167
0.26916925742608516
0.31602640345665955
0.556373598150844
0.5909222534404652
0.5279342441874251
0.4634802157506209
0.48004400135108943
0.640227720229433
0.48626760698787486
0.24982324383925647
0.09856839989681405
0.1642548699848453
0.18877774460081287
0.1371457923123022
0.12426162143652132
0.09804025897229758
0.1928399776304186
0.1566247002554805
0.19788783456965417
0.06638371270514842
0.19546910351150107
0.09457801600351497
0.41207118218216426
0.22963078743470525
0.17934984970506632
0.16871439486045361
0.26213963107524907
0.351251708305675
0.35113063373089276
0.3837691714372582
0.4447584416126194
0.38559389450740955
0.27651742145364316
0.13151200406018607
0.07446897987709826
0.09173741907492709
0.11013475399781324
0.08900679292133548
0.08032107781576098
0.10932565029579992
0.06011564883594433
0.07797905730253551
0.20001002264239795
0.181182673322759
0.2852046515674424
0.06835761030978084
0.219155403757477
0.10208304885244733
0.41122067904517595
0.45421351635704826
0.2833915132000539
0.6178207928134278
0.49580515366835115
0.29419975378798513
0.2263514786041264
0.1746432429609744
0.27891022982595143
0.28003972589706116
0.32129258331866883
0.2854144417298816
0.16641242114345442
0.08784482434533855
0.07154821506698705
0.02995997695780556
0.09001025511467776
0.1637274205975521
0.20636730942565257
0.1795517770419783
0.4300145535484982
0.32036273563566775
0.3445338584025348
0.29669666998332583
0.40240180026724837
0.4764472072724944
0.3813178736065388
0.3197192490121158
0.17722064421825917
0.34577352674416595
0.5745655337727944
0.29300287501911226
0.2695563677701712
0.28975860101599665
0.1597029580350622
0.18637191098228026
0.14141866808060752
0.07774524291812517
0.0837488851149508
0.10583378186295216
0.11908227035356611
0.10408333519489064
0.11383388352998694
0.15046257024059595
0.3129916245065903
0.2156587285704092
0.5168950520087062
0.15787443110764787
0.3574180292783157
0.22032703360441008
0.20580836188936075
0.19630742704335954
0.2992465707260597
0.28546130703838607
0.25925263073301047
0.2801150256351349
0.14456078325094385
0.12815073741380587
0.14814330292384842
0.05942051169687662
0.07630169729365072
0.12233541648831425
0.08551936569341827
0.057767727400199975
0.03652119931804801
0.06060497372405686
0.13692617687010075
0.06962529878045626
0.08646708776473018
0.089686168804988
0.09345170318306856
0.33236035023444166
0.1427047960194767
0.3204709332598467
0.25217623020564967
0.23240352755019353
0.19419802449274526
0.17221050097514895
0.13372142795993494
0.2672818216936048
0.3603287389778273
0.051065426465784484
0.06940620240839046
0.06378244871551135
0.060787396094909095
0.0426877063237451
0.041759712708011515
0.06116598998133331
0.06438127605323671
0.10169229626888453
0.0623396141022145
0.037876845803045206
0.03925015834093339
0.0723749422347661
0.1305119910127542
0.14184795014864782
0.03984099545969979
0.15590713368433629
0.10313134155495826
0.13366474512785745
0.20803469928783702
0.3554491775076908
0.352591023531323
0.09179414545836273
0.06421434321473334
0.04523591308635461
0.1603845543750172
0.0900961366054946
0.04208429475360184
0.07679420910354214
0.07310526422179299
0.04560726637922232
0.027667956862672944
0.24427235031193006
0.14252435281641707
0.10795308620837231
0.13019324712987906
0.1232437251743531
0.08255380368885937
0.11172562001787184
0.04888803301815936
0.1742556408962323
0.2069611219273845
0.2557555603682089
0.3448086716327565
0.33627200943654656
0.1125956781595298
0.28474039954795227
0.24205166810384451
0.1387364053353465
0.09135752194105595
0.0674084251428705
0.10227887725647604
0.09829241707994414
0.07538278671400335
0.0870175802170252
0.07967566567364809
0.10468565104073838
0.06242606379984961
0.12401270358993062
0.0843733565118734
0.04323354388236509
0.36576491738721034
0.044812146694986635
0.16072930327472185
0.1447221984419144
0.11885896978810447
0.13687714971672543
0.2097395107826632
0.3797620066775111
0.3938510022444817
0.25479381909333093
0.30455595309449207
0.04612223348262548
0.14935703046970142
0.04935065055507882
0.09783775409890882
0.11038941601642674
0.06980125271900908
0.08256616279809832
0.07349302962619705
0.22262648745826566
0.1124676707068239
0.1979342070736909
0.06815611403768128
0.09288978143790405
0.13037287422681232
0.23478298090916885
0.09809385607294602
0.1907460793558765
0.12386601381209401
0.4048069106532875
0.23178368169691052
0.3360585566304258
0.18394090939289967
0.44755997557056243
0.10395948288637462
0.16623974521849738
0.11746759139537938
0.10481571555063271
0.09344697494978568
0.09578126683007895
0.024859602570285116
0.025980425583839
0.0613327183817763
0.0540365933915118
0.14797480643050984
0.21341348085458034
0.16930642328810738
0.28867391490454636
0.09287259076754333
0.11086828708818851
0.05196085116767791
0.1793907079439368
0.15108251616151544
0.09300558237685498
0.03930260362916332
0.05441651452260025
0.08445338584025348
0.035139040139681166
0.08058252074536022
0.04539962880743554
0.05245741688938486
0.042945482328115576
0.06837216217115667
0.054724695376208395
0.05805390458115
0.048972066319357535
0.05001997073417976
0.03662997022103979
0.0846674086122764
0.03659213407405305
0.05732299568422295
0.08171389435835985
0.06280829633447595
0.06490837421975446
0.026144141304919856
0.029737175439965135
0.07097000313470833
0.0317471716073013
0.08723568187655178
0.11593315842649608
0.13287110666520469
0.11154898329566773
0.14107808339071806
0.0464268238615104
0.07163818403287069
0.10574718716416738
0.06797897062546539
0.0863822580179317
0.03154927880399092
0.07655920455097216
0.07152207077402713
0.036440600809208135
0.06557791959877889
0.11923250050444494
0.05478305832877257
0.10653139759634296
0.08271493156475512
0.15708436479656446
0.1674280521153414
0.18422269961639182
0.13889300881030692
0.059941362894521705
0.17617369021990875
0.12229151423338083
0.1535738158018437
0.20703821862279392
0.14602126953226127
0.07680693826221673
0.10066818627605842
0.05163253367539948
0.03433145239387646
0.02477144795124148
0.023688405488706297
0.06987815693263588
0.056326426721432364
0.10335830544863027
0.08375593098168092
0.07760465713551933
0.0741567024222511
0.07555432021861995
0.12347807021321627
0.31187004108322974
0.2434295008988961
0.07759615364305276
0.09519183694264133
0.11599924650293733
0.1559942518256162
0.23773649516308532
0.23555346288845133
0.14258573912499797
0.0871476431997407
0.10598346651143489
0.06176313064715783
0.0619177962497801
0.0291036178013824
0.07041073056903714
0.06591266747340385
0.04720208093935056
0.06319322971344109
0.11844020203749708
0.05681526870456785
0.09939565425762857
0.07381405379018038
0.09367287416400781
0.16750284763991286
0.1380627719221574
0.05901322069116303
0.10337123146300455
0.3594726478897362
0.34730524265240326
0.21336119881741436
0.2992894443968846
0.1988709217818086
0.266730426357045
0.18361384791306573
0.28859555641620516
0.12072853504604035
0.037201249236384085
0.1400093134727422
0.04391482697742585
0.0720146196480585
0.08154172077744526
0.07247778992778432
0.18767968069465604
0.19343771602221863
0.35536341066689514
0.24227044809527937
0.4781238543362096
0.2182073876995784
0.16432668435921635
0.08989252439042264
0.0835705788532988
0.13675152495626675
0.5354187875749005
0.3235258536837885
0.3455229562581397
0.30074651668230523
0.278253552282455
0.14633943768109992
0.1478895505099598
0.12723823575725018
0.11089607400170673
0.09589145673411495
0.12780940846114766
0.09748707158973575
0.09405205559381145
0.1055702327796936
0.16737395963772794
0.17760689684107167
0.08312970894668344
0.2557144080130127
0.3100399861987289
0.2523670721548805
0.06566259767044902
0.3319921239619895
0.10647818628761953
0.48758992421677066
0.42706103929458183
0.1163640971375043
0.19701820014032811
0.35782435532746304
0.22815754146827802
0.2239029154313803
0.2442665190950553
0.054467306855940985
0.10231040103380805
0.09521958116017727
0.11411745596254019
0.12096567074736753
0.029834041787743314
0.0908740690009417
0.11551209147111739
0.10838113175241833
0.09005500685440229
0.09068591596181544
0.09582177482103679
0.1797791284992724
0.2584110949405023
0.11610780916229965
0.19942756808551457
0.31397732610921913
0.35709019035843614
0.18730809845897833
0.08826036741928088
0.19163783339823073
0.11740531184565633
0.14521672578056405
0.11888629321564788
0.1426247752760891
0.11560832481585896
0.10392983551140271
0.09347307380213994
0.03503516431131362
0.08372756274429388
0.05983327876695458
0.21869765137339356
0.13874254452245935
0.1263543816453013
0.22253996756107533
0.2351206158663628
0.23228018208779072
0.3118574100873598
0.1032416524170194
0.4024771000053221
0.07898653866303339
0.1535653463738883
0.4990726002821889
0.5707886161852533
0.4105248636337677
0.1120445208043697
0.12614520589469858
0.19206403561338906
0.09495791693430113
0.17952230117284465
0.11076465450687001
0.06650933746560693
0.09772288325683405
0.043220950365358855
0.09537712161706362
0.13839862249232546
0.2274428588523992
0.23994180622159386
0.12616315228904945
0.3284653487797409
0.6167708244157186
0.34763960497740815
0.5688518712797391
0.9181576919784241
0.91193296583756
0.5568443908319426
0.675589249999579
0.432349726418417
0.4618611420255121
0.5878216733031624
0.5540193476585917
0.2555763913176585
0.18586331304229747
0.24065796288437954
0.19360499957195487
0.16791841590493292
0.10617793620018484
0.179864737608082
0.10341520326369208
0.26436092800273997
0.269136783873502
0.19401970297702303
0.17276993841915786
0.18468838614373742
0.4766839956543934
0.221835380575383
0.12114963359986945
0.12101110491280115
0.2808478048183645
0.1975293142426151
0.5158107278132654
0.5844012671920119
0.5536750245183235
0.2867474889437314
0.3498020379306893
0.18107911900377058
0.24895566284569356
0.3598283650251442
0.2112686288125409
0.13560353801534633
0.14322034802821726
0.19239525056135653
0.2281946446505705
0.22159685358773454
0.5482835373683762
0.16472995374981247
0.28051184795591466
0.4232974775827722
0.5816218803734824
0.6497731358616562
0.49720561449661754
0.5023998524294686
0.21867681516956847
0.19409128409991594
0.6014320120876856
0.35638415335854357
0.36998011872655856
0.38542170933156994
0.46561049516402675
0.2062601355621453
0.24269466247282154
0.327010536299149
0.21651713504254694
0.054869953596115524
0.09398330803644522
0.1222805033845871
0.11230426287006545
0.0814926485472719
0.24254045633622853
0.3374647236837957
0.1987922102284207
0.39193513667496727
0.44979465332074653
0.3614920929664993
0.5561167708244162
0.6611483801866436
0.3119621730071896
1.0
0.6520061269023741
0.7031489541346486
0.4411994683058871
0.23044964986396654
0.4016488028865082
0.16602209414310018
0.1420457112898754
0.10078695067643001
0.06803017886761903
0.32266073110178933
0.15902201709612562
0.14803396366721597
0.16927149314094633
0.08948953184622371
0.15997578831229567
0.17505304817629597
0.3336527656793887
0.36538101872211287
0.36543911715091293
0.44265192902588246
0.6472159032060373
0.8146134748737272
0.7849112374914673
0.766044630286297
0.21351048732351224
0.2544646046277508
0.18443205655614212
0.6350026911777138
0.19430561164061674
0.42186678255936655
0.3817256008070806
0.17318270548923562
0.13330581724083315
0.09935123912833274
0.11560190540707176
0.2365299704742281
0.20441122118465058
0.1465532866475636
0.0996776871042588
0.12777956536642812
0.16149712441520636
0.24754788891814739
0.44328286365992003
0.5392089718346039
0.2810016223642188
0.35615960888748
0.3474576534373661
0.5691376579303258
0.24088344918603322
0.1478604831700698
0.2761908715310942
0.37931772588818924
0.32612790000856134
0.20395053528835425
0.1603896143040065
0.14410921566936422
0.15895774707413216
0.13453296413932514
0.11919948537108001
0.11065296509968617
0.07274438843333864
0.08527230224574209
0.09728491887307625
0.33796323496598496
0.3834003938019013
0.5830408355449025
0.3697964993108991
0.564466654087117
0.3061496705606893
0.2472329657916904
0.4577947093570758
0.1621289379381208
0.13599739015020734
0.3324201695060355
0.3990486903982973
0.2474620592465621
0.2750749088908282
0.16659724458350433
0.20379248352024712
0.15718566222333014
0.13007540430863157
0.15507981056332307
0.13786929084344068
0.09872820967387878
0.09207758876112139
0.09792490174210887
0.0853668793713078
0.2462924676303785
0.23750389482148074
0.45163085352281507
0.45130859491705666
0.37560634219088246
0.3455113560725722
0.5190223136832551
0.6854911655563046
0.6264938207753564
0.8081927917130387
0.16711597067258496
0.6322007334622342
0.5303098850876186
0.5054741595630697
0.3733984365351576
0.3044860928001708
0.20229779691182007
0.35887233192944334
0.18619384139386708
0.23391118328447338
0.24989298861398848
0.0591139688272128
0.1475552543556988
0.17390056126328426
0.2034606976569949
0.3358089184630011
0.10810274998142212
0.17971519303307854
0.09360761190725927
0.331422487088614
0.1395332160807052
0.33594987124046355
0.4220957109836487
0.3115738564825526
0.47491223557593515
0.2522545190006937
0.36256823882612244
0.37421939991726083
0.21244258953041362
0.16701307323160872
0.21711382842495378
0.1614264844203195
0.14290651694080225
0.18583347186560464
0.09577747441658939
0.14709084969387606
0.23330858851339373
0.16863289776830462
0.19909250746755303
0.3094137373380947
0.2969761018715927
0.3411795648563194
0.2545157646889474
0.31611071415947295
0.2374487436609407
0.25577201229353247
0.5279039688316521
0.6026991035439849
0.7749336529406734
0.6127471162251145
0.24365819610646097
0.23633606721116512
0.558159308473236
0.41370601832034926
0.17474294534515983
0.23109305980302414
0.13637519566039347
0.19054802243063032
0.37141511856861636
0.25317370662104377
0.4370460012751791
0.36241799885332115
0.36965079026721304
0.6108314752559726
0.45393298555600414
0.5038005253377008
0.5237076963809759
0.5208974630668382
0.46128619544108546
0.4611128726689292
0.5818410760974974
0.5436887404397384
0.37351479875408855
0.4416642557362856
0.32804449493748533
0.18491061020237864
0.13269563983289234
0.2394526742984877
0.13648954610430655
0.15519276017043415
0.10277529294249502
0.0483968858549167
0.12711080551793344
0.16192864141799507
0.17905935756106706
0.17277093159217985
0.10308704115050998
0.13265756111955404
0.14617564686036516
0.30256493470633083
0.46781097508774977
0.31640949938678403
0.2737016980759858
0.28399182401491563
0.3404641443757335
0.19756370713381238
0.20279256572579635
0.1664877208815282
0.16863934564965408
0.10029611567028623
0.24476179860941072
0.0891117263360367
0.141673018628378
0.06640165909949973
0.1404119862178468
0.08689629107327587
0.11788173995478633
0.05566971527747244
0.12134733123641077
0.04484551405916171
0.14969052573791505
0.14631366008066257
0.19246668948256176
0.3366242399050007
0.17646689565550794
0.16085476855071032
0.42817395770910077
0.5061596405960236
0.380474567325444
0.30215090853762533
0.2627253036543542
0.28378177547275535
0.4553020728893586
0.3092869857158793
0.24632528475609822
0.09445187347045014
0.20297919698655986
0.2085844819639939
0.21424750317567198
0.1319679934218768
0.097929104060331
0.10455394737265106
0.07392119833265921
0.05407656202472343
0.28259991699157566
0.24518058841748952
0.48427826851970535
0.41589580545127025
0.2126541281670887
0.2995432681161481
0.4111963540863927
0.24664403056688633
0.3428838104743351
0.5155861833422026
0.31741239786996345
0.5874592678325685
0.33847312598757145
0.5374539851040159
0.44482492937248536
0.18413000604347726
0.1204203060966604
0.1723064231005196
0.39075363184914963
0.15962543312752484
0.20580429757726285
0.1870821992447562
0.10840499438957155
0.2743988792215835
0.11072220151871655
0.2279371546547963
0.295594448679321
0.47071866313813276
0.334106857592479
0.7522472391062416
0.2238875453366404
0.33894239443169516
0.3235037034815648
0.21194691728786258
0.34387318983016946
0.5727298077905483
0.36927361345170157
0.34155320579083553
0.5341453963807677
0.1846077575114503
0.23388098645772276
0.2193673797192454
0.11812316761970497
0.11986584203225527
0.14184795014864782
0.13367767318415177
0.14757676250207802
0.15110864043724023
0.32515824167167
0.20636978186592023
0.20404766288751597
0.24735515334281197
0.5228813811855856
0.3401663006229873
0.20781924658708295
0.6261158513625755
0.3961128161200424
0.7365443879704501
0.5955881706037873
0.6960448591730167
0.4247375224011766
0.6331221641982716
0.37659315575421204
0.30243137111749985
0.21775291114175235
0.1781359103301717
0.3772140378815084
0.28156835887338405
0.2463954527292817
0.3357991819408294
0.48880824970711867
0.4146723929083411
0.15372240343458107
0.31686432645145773
0.5303912336272584
0.489965174223701
0.6607739063436356
0.4193544590771516
0.4648629329995987
0.38283959657646033
0.43681303693150003
0.4185280710225379
0.556176258900745
0.25688468874330805
0.4037545556454224
0.23454142777604356
0.4028254560836011
0.2790220155199914
0.2766888875527701
0.2614870816453003
0.36279413804034455
0.2950785876123838
0.17168167329503772
0.2423453610012144
0.18130362149257268
0.2453144235098775
0.32777561451484744
0.6135799156956719
0.2031963968954148
0.40937664852940875
0.44074859687421847
0.6171765164212609
0.4318779177222382
0.5303793544886775
0.40359989004280017
0.28253008627119575
0.29896898349690987
0.5453543646488387
0.2600212239075721
0.51044431127472
0.3815597979625038
0.4106737401688208
0.2031532690443449
0.27405907031794285
0.1124223263145567
0.19503253058234685
0.14512812497166838
0.1560318154454279
0.14827311012974745
0.18411248088591337
0.6424352665803307
0.3262724787595649
0.24504768720414558
0.49098252487001487
0.3434167352809437
0.28301463891867873
0.5644091867333757
0.524935055299967
0.7282935683014301
0.6213374576952446
0.39462928509070877
0.3267826407404083
0.1555677155778779
0.203530058337142
0.15955986046885115
0.4129926811235707
0.367650971146115
0.21800060362058193
0.1835144254258656
0.2936079348056481
0.2920988092986126
0.2133533388578001
0.31311832659305355
0.07558628907135313
0.38229677020150016
0.24615030657333453
0.12765161541692968
0.4433648577794831
0.21258787080430305
0.4202854880598134
0.4544161928501295
0.21549853665730864
0.4412188152443747
0.4968579001841161
0.33197611861567344
0.3993683806763157
0.4574522729218393
0.21592017127958166
0.07643005471077005
0.1626308811573115
0.20362975747254997
0.258803541790885
0.2827505164677241
0.14123728041237957
0.14544941650036747
0.1584321632257284
0.18347483814985419
0.2029790851510602
0.09315424529503469
0.195409084020155
0.16393364665984655
0.34146648784839145
0.2787331935257586
0.17374016061785857
0.14514028349672498
0.1412362932247962
0.6009331392860204
0.5626143594596372
0.28214927592935074
0.47221984419142243
0.12457507022556262
0.2936584241788072
0.22260953235123082
0.2362774856059469
0.37685129697799846
0.4445681020460584
0.2273349884427701
0.15309883500552354
0.16960576023790394
0.05458030270497241
0.18055845890473898
0.3464022693930589
0.3265749640267692
0.2381886734890866
0.27678892699114194
0.3299275079937283
0.2963254053527127
0.4188395940956348
0.299271382248505
0.18619384139386708
0.12249713991953544
0.34952014765976
0.34044476897204234
0.4544564601246403
0.5215820067335158
0.3924045901040772
0.20098806676289807
0.12535647092534566
0.12254671247770756
0.05568853220152006
0.04684788326315124
0.045147758467311054
0.13485510233540812
0.1010622168972989
0.2650848868028564
0.15037772289875692
0.34573874736659244
0.1668877367275036
0.30759384757471386
0.14140000894587643
0.3399292169633017
0.1952208777525293
0.5183631538395687
0.4147954975337885
0.6384532298040064
0.4085747039898976
0.396302521483257
0.34025456349276895
0.31213380872707097
0.2757099909578087
0.15097577835880469
0.2634192278058384
0.14834489570715265
0.08790274870343963
0.08712974457515428
0.05005923009973818
0.08762619999815605
0.1755842821676227
0.17455672932908078
0.4685902700342594
0.20061387464580327
0.21713843240190178
0.33583683180986673
0.3971027608468186
0.15254527149638455
0.30621211559164796
0.4969169144623938
0.7328241288151981
0.6594897697114976
0.2577999548552197
0.2018866711267676
0.4565665027234415
0.6364609194418293
0.33360892843643997
0.3742843165743867
0.4551747476516038
0.10409801157344292
0.3310372637501917
0.29171534569240287
0.11908429681084912
0.13244439031197497
0.18467072953098426
0.09941322324712816
0.4453157888107735
0.2334104377033051
0.21926347029054774
0.46984199370420193
0.3141516165262573
0.49142181812520896
0.5442171046999408
0.14059402385747855
0.3357274680920632
0.5057383043970113
0.6595779564807377
0.5792850111069524
0.3864089569178229
0.510084938988287
0.42583342403658153
0.295439184685539
0.20615772854268793
0.18596810348377982
0.145857672846201
0.05485736007910928
0.08490172512460371
0.16427330743151117
0.0941913519969593
0.13779852067534884
0.1939471706733707
0.2730140302083439
0.27107929200417075
0.39975173358445426
0.29419975378798513
0.2903367678139746
0.20331470160492723
0.34431140903759894
0.43747165701707613
0.5364921302418063
0.3315663770911017
0.2586479113696835
0.3465362744133522
0.27169880998621665
0.4452850011003685
0.297584564868294
0.13910250261627655
0.30102800823125814
0.21162991385686786
0.11727968708519765
0.14275635122035046
0.0748005716558688
0.07969642760196301
0.07736690604809274
0.13192975903679194
0.13677749873321904
0.3073735308179095
0.3685044088691038
0.23437991022688226
0.5304340381816631
0.3198932205190519
0.32899695363311754
0.39028656318693333
0.794996800659291
0.500339427930441
0.5530012764151706
0.19116499262915398
0.20121497346583483
0.39820307763357815
0.25255660575808303
0.2846108390657096
0.2327711668521531
0.0606755649359846
0.16731601800034118
0.10713170741635575
0.12548828154262998
0.0847291824178713
0.24212630777682162
0.19899704837473592
0.26477051547840946
0.375953173891045
0.263936850874895
0.39602793991402163
0.26338805464561993
0.4958111253479967
0.3857546442941535
0.4129409001043928
0.4043216628550377
0.5527488772045835
0.10136521838309212
0.20282940176519584
0.2766387883496022
0.20968567159960882
0.20383639096621242
0.130228437407947
0.18977966476762573
0.12116427326203968
0.18324629740604445
0.049971075480694634
0.1459308923873366
0.09198978983628515
0.11072886091779134
0.20245513294364953
0.3450986995929634
0.8170961390291938
0.6344914444607431
0.47330349402802774
0.4939336807754145
0.7757041349199568
0.5692484053807062
0.44639070676829373
0.38616662557326925
0.4973703654217778
0.2606115404185163
0.24123785242161763
0.24643386017814262
0.09723454480505148
0.23681184139580116
0.07063703688790732
0.18785433143045963
0.2683306166265602
0.12168715912123816
0.11003842414687232
0.12697108492929007
0.04367431697758291
0.14211112062323442
0.17973632394486766
0.256955740090746
0.24728191079530848
0.1813711966750429
0.11816497006939487
0.24905687380669034
0.37923719133916844
0.25357059249684505
0.3104396420633229
0.6038285996150937
0.5230090934377608
0.3597455856084619
0.37223057745927407
0.3522546659683206
0.5666038866535401
0.28236783518738184
0.5303056245184498
0.3061627398638869
0.24038927276021335
0.1388842940459864
0.10113782335479819
0.1360179930439219
0.13430967147724748
0.1319039814363546
0.22632242938972644
0.15958696336262437
0.3213231380911364
0.4121353377453253
0.36073314441812654
0.3568973978638301
0.3475738502949653
0.398555221566814
0.37839190459264394
0.19995986302481555
0.7141817888484916
0.3324523851800619
0.4395609718707528
0.400998089405296
0.349028709917578
0.23649516308535293
0.11737392158499221
0.16078346738088622
0.12226315887290037
0.2631195959250067
0.12633601974195305
0.13353980471931773
0.13891719525826288
0.09420062394953364
0.1947006402739647
0.20014974323104043
0.21258787080430305
0.11071130675265216
0.5733434354963878
0.6524345805418356
0.22646767546172558
0.16001005203544288
0.22870083796283133
0.4409089761618878
0.1856375031689797
0.09290237495491004
0.35838015805173334
0.28058385412207854
0.2510433108440527
0.2332361424169059
0.2625828970824716
0.2334560397226269
0.10557145306317124
0.2388507691706043
0.06776571501048832
0.1967159459513708
0.10660158244622338
0.20157249872100017
0.2864545895132122
0.2128681585677133
0.2906193390964524
0.3421912987895791
0.20455173847791525
0.23942856171630647
0.11349763619579142
0.40647204862597436
0.25323301914273083
0.21864464615313434
0.1740047942554823
0.19054202258773606
0.1937960000856979
0.1909604640376233
0.1811222007478851
0.15176662208806843
0.15840008544414788
0.18188727896358267
0.0757093912016424
0.12213617515596503
0.03999701001176568
0.036987159447278296
0.07645636289627299
0.05708748043121848
0.04024888035189008
0.1086379590788461
0.10210082015084343
0.126306723443859
0.17113748930153608
0.14111016117229772
0.14406131707769734
0.06405068143949037
0.4044725430642822
0.22495805319249398
0.2162719983265052
0.31645407071312387
0.18794841716744043
0.19033045274823365
0.2888451331221646
0.2997602944953345
0.13260590786113627
0.15041271783062207
0.06950638532226006
0.07644034787503455
0.12921768390394864
0.10070361426441321
0.09042726627522361
0.0895611661725523
0.11856861570071052
0.12970089119807401
0.060096263153698294
0.17944599711781029
0.34088330614166196
0.30039926558236424
0.20850497472679808
0.1060973309462116
0.0412408142190947
0.029897009372774484
0.02711384211439903
0.07232041026137
0.09805312341045531
0.24356791615184017
0.061179305616233484
0.17983364796355136
0.029934789923793094
0.1020309598565213
0.09612011565141125
0.061634242644972546
0.02833541326400278
0.05374629691123704
0.12869420933531336
0.13000499778469424
0.0992714782308237
0.11262380422846473
0.1433514972571081
0.17923165583876766
0.23393172396617562
0.13971459436877898
0.1921605532554283
0.289291478785249
0.3211477729958441
0.3335330879205553
0.15301583619429376
0.31474719286714886
0.2030838755925425
0.29651973782731905
0.27901194508272464
0.10624161259437442
0.10255266771262467
0.07676569410151753
0.11065447035464361
0.10203114509021684
0.055087552931095574
0.06431511309042519
0.06160846504453557
0.11873983391832876
0.08263236535117983
0.0631723767428567
0.09546737158545321
0.15420160581439807
0.2001332792802833
0.3947803593001924
0.18334834244672468
0.39414433695745293
0.12457507022556262
0.3511876995540806
0.11458772793251529
0.08991771142443547
0.22853016968411954
0.1896500314419144
0.2377212730994954
0.17138943583597296
0.13161679450166838
0.09295402717598118
0.06685031895828011
0.0981572954573081
0.07316211794588214
0.04596633707271561
0.05102159914050747
0.11268605802768268
0.05168561573150245
0.10377746721455863
0.25477270781611205
0.23580515953304046
0.2929444220633309
0.2681060477193327
0.29229221135564415
0.20903145838791662
0.14859614522806916
0.2343048391255043
0.616250369107522
0.48006644671326926
0.28734380049023506
0.35729725716094507
0.5233712867049056
0.18413463108813705
0.09772155724130877
0.13215719494320993
0.11153195988424346
0.06560889898749707
0.06791252001879342
0.07364660444863515
0.034783293971189136
0.0770162531328586
0.06370398159623283
0.03521147354940072
0.14399716151453631
0.15336871843164165
0.15075427633656507
0.5387761329494665
0.055615876094418794
0.08199080971957126
0.09504410448404096
0.07847020446577826
0.29428648982923533
0.15523631113801986
0.07590112699650871
0.25718708229807524
0.21478547489139052
0.10532727538576238
0.03670037644823694
0.037184929095719854
0.0560359345774332
0.0672754634315853
0.024418829475067214
0.04173098099002178
0.026458979230075425
0.0943086778464556
0.08859883272513944
0.08826855586265217
0.14894297532524106
0.07160673769738649
0.13723607760374976
0.22688614911835958
0.15623803624892485
0.1570488969674923
0.38639728789210614
0.19026285493002384
0.23753542614809298
0.05814426801773363
0.2090146391576062
0.3175477267892
0.23532374842780848
0.39325020286879636
0.24772274019999452
0.14714078410941817
0.15478740321806767
0.09531047244611643
0.05769765783915982
0.0866385150689054
0.09879956726771474
0.1539679821933059
0.19039465799161065
0.044946262195211494
0.0680706737741628
0.22439401180446897
0.18023698225581236
0.2653288412984954
0.2210171461472165
0.285728603774854
0.10121766414085866
0.36636869201170985
0.21571566010161786
0.30074856705397224
0.2589557992363525
0.3117785654952357
0.3311360328738983
0.2816967725365984
0.1175331214620503
0.1277016484716795
0.12118985881085305
0.06354818239765633
0.14009930656621866
0.10030693732290118
0.103187734549488
0.10718482856195041
0.16791841590493292
0.15698866305460957
0.2881526163965906
0.1452788121837933
0.30536145477722554
0.33690126936533765
0.1791174559898671
0.19119246244155672
0.13509408336419423
0.1300406566062633
0.11052070524661663
0.15110867957214866
0.29612190737094424
0.07000736103759608
0.2656432099452636
0.18515295528222417
0.10283283963246807
0.09515178285014791
0.11560832481585896
0.12111962869196632
0.07123505035239384
0.08401032804454996
0.10891219884718745
0.11774952607885467
0.04941696073242081
0.17188503971421007
0.20661182045577733
0.4081414262477528
0.27576429560078725
0.43832231783149866
0.1586027531763781
0.4070759350112647
0.3215240102512513
0.33313116202473386
0.3102046057700545
0.4000899055791163
0.39820307763357815
0.19120054559759433
0.13232530808619417
0.09945440798577339
0.12869605970067288
0.04815760903179844
0.13120979359387686
0.13409002411971058
0.056908016487706325
0.05495185950342381
0.06636200586311318
0.20653197500214054
0.1316977606328585
0.050210352303812884
0.05654489135794323
0.13984348237096478
0.42083841299259617
0.26241344574776404
0.1422431216277393
0.3207136602411083
0.3213416322306291
0.7255371971577783
0.5212196012629221
0.5807721941614591
0.13810050749024647
0.43621538477141825
0.27599151971107827
0.12557092127545952
0.10622949140105861
0.28049152432550545
0.12069072524624039
0.1567604996690791
0.1339958839026135
0.11588629689582626
0.07101728920405664
0.08601472383814403
0.10152617870205165
0.07017040191325503
0.06864495839340169
0.12538224852578303
0.18974722747540848
0.21642873326942233
0.10882394352652694
0.17495894141484827
0.13449786267160016
0.4709631741682585
0.3846417258796337
0.1910011937775784
0.23515339056730067
0.29354377924248704
0.3289897278888588
0.26544187357271215
0.15873359612008964
0.19316371379889288
0.23281397140655785
0.16115914733327685
0.0975682176542118
0.12840322096288045
0.04385062621566999
0.1357332420169507
0.12585744903678553
0.24671021813506355
0.2177196072528926
0.16151163025744922
0.2577827285848329
0.17190771946048777
0.17103437889978762
0.613338453995435
0.311088037008674
0.36678502415826475
0.14905686728566064
0.34005810496548666
0.39739436768532954
0.14270972788087055
0.1567278106572281
0.11290076686350065
0.19702777417950193
0.1324934668780054
0.1261026397100244
0.1817909425562882
0.21702100430967836
0.1332585114182234
0.13629849393523424
0.18877644335142035
0.14165089061414846
0.12973866299964287
0.06761459280641369
0.13658940610839324
0.37778756945679326
0.2275715456089226
0.266551952983607
0.2774501588977585
0.347172998724276
0.41688709300641474
0.15756934240367793
0.12412170361333805
0.25490685635924126
0.21879868286014928
0.33707592010114124
0.10855814109983905
0.15319731711147408
0.1963801788353734
0.09223344206074846
0.15743515110007705
0.09769250802690964
0.13517678280969123
0.12665867648317833
0.18726051892872772
0.26286276859857893
0.07983322855352575
0.15649345090317635
0.10103316768289976
0.16430235664591117
0.3360585566304258
0.17719766545027887
0.16910887397150948
0.1653025042236893
0.4783415861148376
0.3762520332163342
0.2540469603000624
0.1167796831987101
0.31914184894366737
0.19137604490882684
0.05997032798363605
0.1025775864993579
0.1747197041007272
0.06265086268009547
0.11844648799034077
0.0510574919292099
0.03526184761742565
0.10327359076843765
0.09950860386473964
0.1009167008520236
0.04548778342647909
0.07061906177203553
0.18530443068772576
0.2835784309719561
0.19415425168494665
0.48933643157480716
0.37331790198613685
0.3368167065944829
0.1585775661423653
0.25943307674118
0.2326570563691659
0.39390726953166527
0.24270618631127777
0.10440025598159233
0.19010980322320087
0.0711785581191749
0.08142279117146758
0.15493568503346175
0.1919943648656994
0.17653173145369716
0.14345811438915979
0.1727163770225158
0.14107808339071806
0.09645374675066554
0.19583485654850635
0.1306924342158138
0.19875376455597912
0.3961606025182728
0.641216079303984
0.4697950658434429
0.3857605581529023
0.24525542520371954
0.22582694695559838
0.18372681960379378
0.6238335758924752
0.23908186554690097
0.4774951116873166
0.4638463865356
0.33263659294172315
0.16629129005836843
0.2654315767107125
0.34891003025030426
0.1772016177920246
0.18476802190325886
0.09224446696525078
0.1344074270952508
0.3097454725672392
0.2590419713440479
0.24507425127446159
0.1865643776717634
0.21897297814654848
0.3766372742059755
0.19621909452678032
0.17783922108188746
0.22417278752413247
0.23459714129772746
0.5129794656288599
0.20670568715439666
0.2717191048398886
0.297454356808499
0.3415872896719231
0.12725748934788775
0.26616668451389974
0.08587349697056917
0.05067631243304317
0.13870761437529916
0.09877976487475344
0.04761608780053086
0.1516137317010528
0.10300175665475102
0.15184789217880726
0.11178137701086695
0.15011002785044156
0.1762691550380965
0.0882021052559802
0.25795702387123215
0.13978446560162258
0.1437506187532409
0.45710983648660286
0.22453659994471892
0.4419012917305221
0.19733855228597258
0.12160300021209314
0.28454097877138834
0.33499554045980334
0.16312065556561564
0.18434358270871856
0.13035930920388156
0.04089114971920754
0.04159638667155599
0.1210434271783334
0.09809385607294602
0.11844648799034077
0.12610221727591794
0.11886729078799814
0.08775767670213885
0.11950068432337589
0.058963838320296114
0.09752497087278635
0.1158649470685022
0.1797531134145306
0.12871706900601684
0.15798307428360295
0.22025173386633634
0.16536547180872002
0.33026261679941016
0.20874765467777892
0.46776197291544636
0.2598661724920036
0.32672866537757683
0.1504790739684684
0.19647641218011494
0.13087094477254455
0.09699532688131107
0.09577525987651489
0.056459356628925934
0.07429104445956128
0.08741195480666339
0.07795146372162158
0.11077818679907532
0.04521072605234214
0.13095312170561435
0.12829153659020961
0.07522208675271436
0.1931061782906728
0.2724509887852069
0.2666723739405874
0.13012930544066778
0.38128022373750237
0.2419891814317981
0.26208073836642143
0.2882458693605003
0.14026901824910556
0.20840934692803378
0.07908567814085149
0.07864745893342168
0.08581137933734463
0.09427660006487508
0.0695959353878176
0.039493269331516694
0.07222883642459778
0.036974565930272055
0.10754992310791829
0.03741533902548987
0.04226384307288583
0.07663969969505056
0.19142196729732092
0.41353480010273097
0.34339265181847034
0.16178022034288905
0.11155478728715948
0.047742022970593094
0.27118035659770406
0.5960829612980288
0.4543962694073177
0.334474788117456
0.3380190340744811
0.3656268525546452
0.07731160090120569
0.20085316525799232
0.17084334976317925
0.09278719711634884
0.1442366482806724
0.04568927969857865
0.0783895656707468
0.11320249119732635
0.17409185344912823
0.22231562257204787
0.236460605215296
0.22688614911835958
0.12282457136169679
0.28247694459723954
0.25702845395776774
0.4496147360396219
0.22870884961189844
0.14502481275217774
0.23900068199699334
0.3280988722808315
0.2371510392240968
0.30633739059969045
0.32619896089136174
0.18176455945016884
0.17109564939479
0.1339568158798627
0.08857865869378817
0.15301564313960944
0.12623755183891477
0.10463527026848825
0.05877444150023285
0.12507286494084915
0.10592083477857014
0.0703678122511184
0.09107795133242176
0.16626552281893472
0.16273790397682789
0.6392194765098561
0.4948445364585947
0.24568372912448966
0.12919609293440526
0.25058324927836595
0.2773444995443718
0.1747205757622855
0.15409849541264958
0.15366027620522016
0.09661746247174666
0.19781730575387674
0.19685814570670304
0.0821329498466033
0.04303204761026553
0.11928645255392738
0.07983322855352575
0.11554744807449308
0.03786870563771392
0.1047904414822198
0.07535690988075658
0.052514965915951735
0.12633503342522362
0.0970178857411332
0.10019471966284006
0.19079864484037928
0.14881150196028392
0.21542897398975916
0.23866251982541944
0.3148952766540718
0.48839410114771176
0.37085865936135687
0.27296155051810855
0.2650794681021183
0.20761279391995324
0.2045577545129512
0.07056522258898179
0.1542248095197328
0.10611330146805237
0.08029722536139254
0.07893101253822923
0.07913723334172555
0.10386785675742234
0.03980810725667227
0.17680378499766083
0.16899238078931597
0.24404645109770792
0.2676347875455903
0.15587045781309966
0.10758353220198313
0.11141551718673566
0.20718722931050437
0.24671759092536472
0.22936239561137264
0.5899961061267253
0.4911394572382506
0.31042317020990473
0.20944300355098397
0.3322855492600147
0.16631707801980852
0.1424800702686588
0.09875398727431611
0.1564728557176914
0.07297003943204479
0.15430419592394318
0.04539962880743554
0.10608773098848454
0.11644234713694976
0.11088085136447007
0.0828417563177714
0.07541074906381022
0.19371866728438675
0.36221213937162966
0.32492022888920374
0.43138731743513964
0.4232021723905728
0.2718697043160361
0.33360892843643997
0.3297595946467894
0.45540826509732113
0.5065402489365216
0.44229574322249227
0.3369711296596598
0.19422304747782226
0.18415517752224364
0.34440748592537523
0.1721292214827274
0.2674856604742747
0.11692308795965176
0.08616428665137192
0.13350302244834822
0.14902918296307752
0.11506393823805795
0.17079017207430872
0.10063575210622064
0.04917768390930255
0.087699578273339
0.11138501148846804
0.10955490019991952
0.114040104333483
0.21618554801034245
0.23398327916704942
0.13609084246427472
0.2588586635887976
0.4167023371286705
0.24078893816088304
0.07733678793521816
0.30860839184788547
0.21809683696532262
0.24683852926138564
0.10496846056026311
0.14412178718521385
0.18833004288525051
0.09514512321313023
0.0640686278338416
0.06139461507551036
0.16996695345389448
0.0793517506562139
0.2651600026511391
0.10136578979414906
0.06687146051426528
0.06523514346667061
0.1260166081671093
0.20383528807465098
0.15796962790673022
0.17981534165445703
0.19191423525379336
0.06631746055477263
0.187751255590239
0.23749537388527328
0.2567441422784607
0.16876014747318477
0.1743857546442942
0.16924335476731012
0.12327491461358048
0.14495199579237522
0.09723310884853081
0.0662401415503387
0.12564373933718198
0.1343347327239467
0.06697594371873854
0.19827605968932574
0.12128047011963886
0.18772224701838525
0.18816870275490655
0.26574855959891047
0.11921238836958466
0.12688100806309807
0.44810874127814243
0.12275333736231844
0.43794595629309696
0.17284172399656217
0.3430656066649669
0.36854721342350855
0.42603372998887157
0.08850723751973875
0.2840682618840186
0.3321094947752051
0.07180352379921577
0.09017004632878042
0.1287747438843341
0.07957545254915528
0.1376335442766279
0.05337257680051674
0.1040890872370532
0.10535305298619971
0.0616200787114513
0.1579115294779302
0.27740125410230787
0.13108591851777987
0.2133467360472572
0.2801970550055377
0.5307878536833521
0.3065144983757545
0.3605609918023217
0.2558437978709368
0.39237542429178235
0.21435415305696218
0.3272605487489739
0.27250975208966516
0.10802653624646326
0.1122726430612081
0.10293198973494234
0.083701983254072
0.11929873482264002
0.11984006443181794
0.1948463316496873
0.16468052716775292
0.07987362921975506
0.09902877188930498
0.12377628184033794
0.5305196472904719
0.23944079343392527
0.19820278985061002
0.19379211925780307
0.24215517315064336
0.12151503615208423
0.129908086796413
0.19235677033629323
0.18157741747853895
0.14608849921716513
0.16383756921551273
0.23262404484671695
0.18260336171785643
0.1532734857413271
0.16687962355563887
0.1373755541932668
0.15679308278400803
0.08947405111698023
0.1098203826733663
0.07764213251637696
0.09237650179172474
0.039480675814510466
0.04507219736527366
0.1196340725704681
0.09158781435281814
0.24782939410545032
0.19833692351177964
0.12596820004790577
0.05498329524917153
0.10195040972850988
0.18486085697157487
0.3202966490805633
0.10198230071639784
0.2146795532488631
0.1548032635371393
0.0983911982790218
0.09299821552800203
0.13915341649589233
0.13248009588220166
0.06423558644960889
0.12032360243129848
0.1001110017693314
0.11223354164883159
0.06542354990921803
0.08102847627215848
0.12140583264892721
0.0421127208688112
0.11172327858206782
0.07623628320396614
0.09020908621260568
0.13268066951184526
0.07092494752125776
0.06195095330039804
0.12708351835489662
0.09308972214639859
0.11897208122948046
0.12217091086462478
0.12040421726307085
0.1762691550380965
0.07615239524612252
0.1235520388947523
0.11730747097832023
0.08086645294657989
0.0998902118414497
0.13419227805838574
0.07924034374347376
0.12064075443322878
0.10709583119482888
0.11336375567034819
0.12186456638986433
0.04984514031063239
0.13966666100117883
0.11925152240676631
0.12327378279850319
0.046394516650927184
0.1648831435664758
0.14492653064116898
0.14839873489020614
0.128338271685874
0.27433438917900915
0.09001845956048497
0.42619651749861986
0.13363217001741082
0.21392672535986773
0.24154421773528162
0.134777421577633
0.11484879853145546
0.12435751742914634
0.13803621702173166
0.13670739696288797
0.10694732378914316
0.05773355062786226
0.1255533619235006
0.09712999844678233
0.11480638027634778
0.18444670841216793
0.17804588621866418
0.20330793464696714
0.25903910679185627
0.2116673324525736
0.098848740086498
0.40424621179693565
0.22168736375857936
0.2770714069463751
0.24049406320169564
0.19314822654502528
0.2871956699556046
0.3280056590501748
0.2345263411477439
0.1818067444145619
0.14022055790838261
0.11907948715624071
0.21050041778575812
0.14043636718101649
0.16253035456751652
0.08083855497057046
0.11524624912219719
0.08979112171013322
0.10414143362368979
0.09328535783762112
0.17626723178850814
0.21969824972887045
0.10098741287290601
0.2274635491868071
0.16581005298922707
0.08239938177171999
0.2210147177911026
0.5023653764657633
0.616250369107522
0.3511876995540806
0.41755842821676253
0.162719957582477
0.3420490602009682
0.2049131583769903
0.05874875683403239
0.19382152580237563
0.059353245650331066
0.1362644569432734
0.12197607388530463
0.12358286065469859
0.14629100829636854
0.14826410474737908
0.1604260919665742
0.16751164487425094
0.22089178163996456
0.3173957709100254
0.32373260388573905
0.26941186542248086
0.07965399506436324
0.14716594357627677
0.09825461968255524
0.2310188551167899
0.155339368196933
0.14300170555816347
0.2772056478676328
0.08864576620680706
0.09938713191703535
0.2011814057015671
0.13498330489043658
0.09390779839215212
0.15242701823474006
0.15200896127684874
0.12267467682851885
0.12239523565123299
0.11666689160801248
0.18136289701224215
0.145554393696967
0.10868336419096494
0.15845490988651034
0.054869953596115524
0.21505008132865344
0.22699106042395584
0.33208421288746237
0.12268604267462851
0.305641636842208
0.3570257089901522
0.4607214474055311
0.24336632572613376
0.2235175733896101
0.20524377380761236
0.18528939194147329
0.06567519118745525
0.1272204817479735
0.10292995854511727
0.13681962408038745
0.058989798232447446
0.11348804812524452
0.12239972423922359
0.10915670987731226
0.10450465409284601
0.1024917393376878
0.09808376966295326
0.1820671918868431
0.26400205224087314
0.37085865936135687
0.17039028509420298
0.4404342255497715
0.2507237694856543
0.1754013096817743
0.41136547098739557
0.5420377821848108
0.44180950180828565
0.3169561553365552
0.18355572142423904
0.161553441949648
0.24203098967676748
0.17141941417388987
0.16931146105930125
0.10700281941416995
0.172031504152042
0.07325718174166423
0.15405359130211457
0.044782546474130554
0.1268997039321692
0.08388281582229955
0.17519904117798146
0.2207035322947797
0.40404183243758995
0.18786285606853084
0.161121456577623
0.2518920996913624
0.14391213630240218
0.42320905510455104
0.4415771080930855
0.32097312226004054
0.41633225181093064
0.1866963404357018
0.27216208971279043
0.44598065234141
0.10265337568895593
0.06410100156167732
0.11021940626663924
0.10895684473987088
0.1624215350255343
0.15929659589546447
0.09728466404940458
0.1010622168972989
0.049681424589551444
0.15195616813629015
0.11596446388445483
0.07097706184707535
0.09136596588015097
0.5449442044412565
0.17542600478313758
0.306477111188333
0.24208685435666594
0.415316669300508
0.540749229400477
0.28704734183717184
0.2601733212110868
0.13682331053367197
0.18918487719520966
0.23890240160338883
0.2113688896498593
0.13331818625994798
0.08882961110605382
0.11940184522438847
0.15058642239534342
0.17137752031636216
0.17792643819947096
0.2040921154010788
0.10341929418386986
0.19752998219398532
0.062136412908706425
0.1405981976955819
0.14504272749876815
0.23920401724524373
0.29165411257513174
0.21051120573976528
0.2750749088908282
0.1579478902920545
0.28459392162158553
0.3089222214895854
0.28405195671113787
0.12360536941608273
0.34360065339744356
0.25697510824079994
0.1220893207713233
0.24339326541603665
0.2368521086703111
0.19861281675596773
0.1606131064171218
0.28222341830120606
0.16648368640241615
0.214060831297411
0.2579769026413911
0.23043418081940178
0.2150109652453855
0.2235175733896101
0.16899240470651225
0.4992739366547412
0.503236237433738
0.4508603715435326
0.29181157903714355
0.36860151520963486
0.4345577070700441
0.3102242256643092
0.2557572125674175
0.10530944205293656
0.20077848587993344
0.17671161448618422
0.11166856509327523
0.1379114702824599
0.13920396798253384
0.12550401874853861
0.09196981279012632
0.0812509965775632
0.038233917630894336
0.08322599925575232
0.12349113945723796
0.15722112832805404
0.14717333806555655
0.08126127362230665
0.24402876466056034
0.21559098772880786
0.19626269596380436
0.05623005343278766
0.2016950603544218
0.1305119910127542
0.11063404689967299
0.16818648548685552
0.23385439116486448
0.3144068793773873
0.11845928149396837
0.1674555288134629
0.090975566852958
0.13914573697558563
0.15670747367519935
0.07637389726836248
0.058505245584964616
0.04116820709334441
0.04225124955587968
0.1360228532962103
0.11447832354091335
0.17898803519883216
0.16561706202887047
0.09290848355624594
0.3335741020443484
0.38368981535586844
0.10429617136828032
0.18376750421265306
0.14364294038713396
0.17307887918146705
0.15407271781221316
0.191811962682629
0.09598778662143499
0.2773453684562762
0.11631071187823976
0.13484645324439856
0.04944214776643328
0.12711080551793344
0.12160686997139888
0.051444516970422786
0.16441128182605902
0.15263256907591874
0.10035219850141255
0.11345911344997048
0.11262380422846473
0.09468112640526344
0.07200093413707914
0.0505755642969933
0.05112967904526713
0.254207303984304
0.16003605230474985
0.1587208632599522
0.12185071726590738
0.07039776006478905
0.3413713625583027
0.411137745056074
0.15922041068398907
0.30100795961190446
0.24454315810180183
0.20504118677539593
0.10981257786180805
0.07969993731375087
0.18990046659115728
0.14887298431476167
0.16837021433337718
0.12674172242682294
0.09094873033175639
0.1222805033845871
0.35906328680944666
0.18416589883217988
0.20264731965379715
0.12271212032097732
0.2917795012555639
0.4593784778700455
0.2720266335129818
0.22264475800255676
0.46027737351254233
0.14199187210682193
0.1997948240605079
0.3854970090696437
0.323816454070713
0.28710566725931996
0.216974114610008
0.3394888691064537
0.15606789751418668
0.05732078355778429
0.07519326047485779
0.08531754269254609
0.11933909767999301
0.12310589846759673
0.07779379616296851
0.10920484847226836
0.12029942682158853
0.13384528442646598
0.0677296922814897
0.2257186109527022
0.04887543950115321
0.17446949311736756
0.05478179897707197
0.3267699683246304
0.30304140461989837
0.2826587305805028
0.1741809337130763
0.61410701386219
0.25592001713897455
0.37624030015682813
0.25169818077580636
0.3050458004134923
0.3646519989726914
0.33721427959934946
0.15930589176912557
0.09376991048510412
0.17415027620013768
0.16732240443685326
0.10780050557327268
0.1531474583163447
0.2192565337279653
0.08178229943841499
0.26433973050864007
0.19368136824668283
0.2276239380947097
0.35944329969605354
0.33103594481252147
0.5146559276763704
0.4205658896271463
0.5097007073695189
0.563564763290815
0.36844319225148586
0.23884856242033534
0.3843239011150955
0.29973653649520965
0.47249619910530916
0.43142710384384975
0.42132743505284664
0.10366983199523117
0.2632478843065676
0.3608739947194583
0.20516392187843435
0.2414862600031934
0.13075264372828962
0.27552900080391757
0.1626465514251157
0.17075590894483966
0.24805784900567548
0.2895625691383387
0.4732251888232567
0.45417554210028077
0.4144780374272334
0.16051255107727677
0.13250898593948343
0.43935139098778825
0.40654328586131594
0.3789915246982286
0.21448040813502198
0.19381426946002675
0.15825130538902393
0.39977350133948497
0.0753218252142224
0.19852775943199857
0.08605296091408134
0.20225151956168125
0.10860103064126728
0.1817909425562882
0.150674775885996
0.04523591308635461
0.0815791947910033
0.084653621315834
0.3859488074980871
0.535569387051048
0.520622389043367
0.47312884329222415
0.5269852169106168
0.30372357289552987
0.5454584367776731
0.38838799652684447
0.41215311634782564
0.5565420347120711
0.4378493946598766
0.1828558120445413
0.24889366897845958
0.1426916027270273
0.06243865731685584
0.13324288652187424
0.09382896251172103
0.1355395285331302
0.13984247923979087
0.07240927962765703
0.0474145915284313
0.09265723403532855
0.12496980691879
0.15414673942034576
0.2758605904339562
0.056721200596030405
0.22869887107745593
0.22677852923551062
0.19307616733258984
0.17740618290225257
0.1643323502998784
0.3870387809262907
0.3424792397911143
0.1944146624961869
0.2333813884889051
0.25299928574899105
0.15653957411248318
0.13384528442646598
0.12714360773788297
0.08601472383814403
0.040551124760039504
0.09653426421081819
0.0837974230386154
0.06885197076734494
0.07782284537736843
0.11434265226530957
0.041042271923282164
0.08836771020453704
0.1104141951750991
0.0496935659585175
0.2605357419962276
0.07759045166216912
0.10849881578367686
0.1424253499433682
0.21281454469376673
0.09934365697465403
0.16749005563574884
0.1638533083128208
0.12652195510350525
0.11231300510420164
0.061887665013864536
0.03145860548154618
0.10239967908000673
0.10074872082508006
0.0316852887876582
0.09314271038438524
0.09015842762883793
0.09258102796193537
0.06659347456096637
0.10288288637413208
0.1326028387482452
0.07444164376884448
0.23793932508209253
0.19692550112224128
0.03415361812087799
0.06253002087836065
0.0348084810052016
0.11642838798048133
0.08234366531695597
0.09834624104466415
0.22401672077003434
0.10997550458425266
0.24201335816971056
0.08058591532282379
0.26230630939131944
0.046786250073620465
0.09668664734092876
0.06109291303579462
0.09977741631709584
0.0316852887876582
0.026282669991988337
0.03840528391160253
0.08170229998164935
0.03268017663114984
0.10820832363967761
0.08996382552528435
0.08870309145112629
0.03442118436563254
0.0874932987848121
0.15512478354084674
0.1701796769671252
0.10615292258744301
0.13074784033534553
0.3391712532012971
0.30648060953685463
0.15057707471877285
0.20661758411094922
0.15923410776523958
0.09999131209529424
0.15782019084602147
0.12255032371537197
0.12396198955568877
0.07078529080012326
0.06467599949654378
0.10002390988389243
0.05063536228407098
0.034040276467821984
0.0509498135631026
0.06996040758613786
0.10590820619136415
0.06310118050597936
0.07132736050223118
0.06874268592685492
0.13117214372484043
0.16810780373229978
0.03733977792345247
0.029997757508824257
0.1617615115013872
0.12610402133801968
0.23439580492517517
0.14450922805006916
0.06533516622828722
0.1961558176826689
0.06072593900400943
0.10961080179040256
0.07368079370537094
0.06578610060528911
0.07894213258327254
0.0789894252395852
0.07755477070707568
0.023650624937687596
0.025539652488621098
0.046507858303983206
0.2488423683731124
0.10849881578367686
0.3193647804126364
0.09085331276508483
0.0774052061082
0.12443281716722097
0.1648542917195097
0.08872257378827932
0.07387215221898014
0.038728319009924406
0.07916154548321432
0.1823621882847271
0.08028367091467446
0.15933134830137013
0.2240543706390708
0.18085453255044723
0.1435296792334618
0.16491239014830883
0.09976400619841054
0.08320621057172704
0.09333954231516148
0.09275746939474401
0.0293932686925255
0.0888913407963111
0.11164278749283789
0.15632223268555812
0.04956794119805891
0.09115033293852974
0.05291795846015094
0.2097522329247961
0.20668480030421968
0.21549853665730864
0.23491927949381047
0.3018663317631157
0.10436543697051008
0.05663882057243809
0.31660770419881357
0.17113260850954518
0.04782714094599097
0.08008127144165765
0.08154123088360758
0.035372343266246976
0.08017214355025319
0.06088362943965038
0.07867477099563401
0.0647797481118072
0.2869617327283623
0.12857787169868404
0.03140823141352125
0.08512501831503531
0.12162677241369664
0.19866516374708348
0.1269678384567443
0.28369176319364814
0.13265131409982078
0.1853742909820479
0.30832840898785263
0.11802644138232571
0.15181484751002336
0.10465212632171701
0.229336973414191
0.05565075165050137
0.08266876460160057
0.1848321774664199
0.12003135390044267
0.07825858359336715
0.11689923807893213
0.05973909539813627
0.0819266541564104
0.03271795718216846
0.0814829949814966
0.08046632388776052
0.12083725708415408
0.05672666789567184
0.16804970530349972
0.19188845765335688
0.3751819193562201
0.18610782407242316
0.10421883856696919
0.10022395137644247
0.09975931369136083
0.13651169630653112
0.1762575225730939
0.08368392050635481
0.09721723756114911
0.09072069657093013
0.09469361122542004
0.047145177960644775
0.04452500438536719
0.03069040094416656
0.054578098279943484
0.08035484285896947
0.0668131931198012
0.08975575488373418
0.08197789843103531
0.1398562511790269
0.32185632516181495
0.049139903358283846
0.1709830703518226
0.06367380715811485
0.0467144644962156
0.07291620024899113
0.11618495702977295
0.205154136382507
0.10904544554876744
0.33007640184720866
0.3440202037496792
0.2679993151271302
0.1538774548501496
0.2308831560505127
0.07334464304424536
0.17759609622463846
0.08243514729934649
0.028499128985083638
0.07530939727855555
0.027340525420511054
0.0881450639033171
0.09815801163610617
0.12676710904751334
0.06800899652196087
0.021081547468418026
0.04622408325739527
0.06746951597431329
0.048988781154209224
0.14382330279941757
0.04499161063849889
0.0863213102329289
0.09987119910690273
0.3888208026726499
0.32084964329905424
0.16737395963772794
0.07821833412565378
0.12791741784361757
0.13036260856723428
0.1713038267271643
0.05349820156097524
0.07973011815177754
0.0973560670965959
0.10356788633159401
0.06233066905834456
0.06882619316690787
0.0560824823475504
0.28851094643038216
0.07090150074503794
0.14245355705847088
0.07326565312969514
0.10585566304254788
0.07040370503982085
0.1345021381667306
0.1465668974864654
0.08910680540704749
0.07282646827723506
0.09008487244502074
0.11365649098116636
0.33812382451596346
0.07734938145222439
0.21764974695857134
0.19054202258773606
0.16013045391491793
0.24164391433705137
0.040941523787232384
0.1048711582912424
0.09190137830665197
0.04915129873506281
0.06347253346381107
0.08501340428550203
0.06643713989972762
0.06421219898865133
0.33901018410325556
0.21494310233212163
0.14599391804714287
0.3345307530294049
0.23445650557134043
0.3456895813714585
0.06726197433023942
0.06238828324883092
0.11488964295165786
0.11814315496444883
0.1253642981598961
0.12305890844728702
0.04682269622913877
0.04129414226340666
0.08673832139347447
0.11561510144679407
0.07416215645737609
0.08911207723042595
0.08917666570136962
0.07618265095757404
0.03944617478397304
0.07027945608740896
0.07792915831561102
0.12165810990683815
0.04789314517466772
0.17574774711947694
0.16043416590927911
0.07871288562443392
0.1022896338704463
0.035488530923537674
0.1279428131153155
0.10710771269704575
0.08058243569092306
0.11814528903804489
0.11223567230289049
0.19916959164455136
0.1384384860252814
0.13870211753223646
0.20528447486366927
0.17759609622463846
0.1739149045458434
0.10697704181373349
0.1803428726871367
0.0846674086122764
0.049879656845680416
0.04775583599495057
0.06119189913323972
0.10653882260630315
0.13486529818761736
0.11724429167646092
0.06466880766614072
0.0524959792708872
0.03813608799633429
0.050788296013941664
0.08560741105142369
0.07635325249452478
0.16750284763991286
0.22857235492350894
0.07086372019401933
0.23147139483935664
0.2546905112784285
0.15127717379058775
0.03329725896445475
0.0810379414129169
0.06405932981611258
0.03600046706853952
0.04014608416367045
0.09416232246148849
0.12438625403939513
0.14402923929611683
0.05994095713306188
0.19461590084845026
0.18267716456742997
0.09511589006144529
0.08592757619494425
0.11453090161049526
0.15908275237278985
0.11840883812130344
0.07670660316498515
0.041204921430392276
0.06060000383394719
0.39367348685900216
0.1150969859514024
0.07158945358797786
0.09212914396199608
0.19094048625063217
0.1561340068963582
0.10743308839381012
0.0986776657290909
0.08090956856047117
0.0784607482236111
0.07225009868196566
0.036197877406402894
0.07738710716136973
0.057392569135189156
0.14271038438489866
0.12055488065641191
0.12003505867395797
0.11381731016180133
0.08423721905788363
0.10007335190029408
0.029015463182338767
0.041999379215755195
0.14233719949144374
0.13192514110557968
0.07248548678456196
0.21466484033901223
0.0686724482349364
0.1557376295729729
0.07229826005914594
0.09054793503393797
0.06864329362699573
0.06480879732620712
0.07725753126388404
0.028688031740176964
0.10538481294409709
0.06712487153806294
0.07920004272207412
0.2670122972786181
0.09062323477201173
0.04947820922630291
0.044614736357123264
0.08357635849361347
0.19389911048744635
0.05604001162672769
0.06588776336619694
0.07611279066325262
0.1001110017693314
0.2102291646121743
0.07505736135709168
0.1723728737071916
0.24334389179008653
0.23439773991952764
0.23634909468458565
0.0742474778548582
0.08994512893890598
0.06091246983273537
0.09596781097508825
0.08753531375738383
0.06646516343464465
0.028738405808201896
0.0963102474103247
0.07896413514535094
0.11979896018524344
0.05468266358815557
0.06181468584803189
0.04884119590392673
0.13743220790407562
0.1122248940605504
0.07194676265655452
0.14411315263797123
0.28585738174949615
0.42268558053591576
0.17300324154572347
0.339940192168322
0.11780013252138237
0.18318434600585493
0.223692662417379
0.15327361219866448
0.1319930550528343
0.16717822887150285
0.07846192809416654
0.06738264754243342
0.03310835620936142
0.03635748359696707
0.13226607311017868
0.09207839064518081
0.0704575442228745
0.09172402152906606
0.057854617126590534
0.13786929084344068
0.16078740170352185
0.08698617342034456
0.16831938670019944
0.25412018568014183
0.1402705247838369
0.08522955907220571
0.09980881122135785
0.10897050650058404
0.22311312391314675
0.15384071940827973
0.1356699886220183
0.1470980383274828
0.05152137037303113
0.08568876015818126
0.05181297687845873
0.04412320283021406
0.05163253367539948
0.06820755541099702
0.08826299118226187
0.08138724288452436
0.09660956394889195
0.17489940929714978
0.25708000915864154
0.40086465199897314
0.12366457901660863
0.13074784033534553
0.03495960320927623
0.21494310233212163
0.11034756863666827
0.07701875357460504
0.0290658372503637
0.12018700297009478
0.19126955392451178
0.11663176136971119
0.0860967657618659
0.07254991565285715
0.043879550605750044
0.07747423615805485
0.06235031268192103
0.07751904802671013
0.04895166322994683
0.023272819427500948
0.09889642619760018
0.07801316480359835
0.0708947033966344
0.07537503781203506
0.08385412207858924
0.09589421643718912
0.04028666090290878
0.08976115058642277
0.1328340935245481
0.19839686151285643
0.04835389145499869
0.09648555843585593
0.13009103067428807
0.29177667110252875
0.14535988886449164
0.08741184308201673
0.11991594349204115
0.09574361696104162
0.06524453554220584
0.06716178369260013
0.08878934029548345
0.053127634500747985
0.08311165458951414
0.024192146168955275
0.046604025479302445
0.17781024134187087
0.10775036982684483
0.08746052023663986
0.04722423114157452
0.04697257968466019
0.0869949436461179
0.06741518402022832
0.05439073692216317
0.05525949280829079
0.05554209793263472
0.13086671087161078
0.13904437675741613
0.18317369171092113
0.07058666281988238
0.13599006934337848
0.08849450230037284
0.07006108963452166
0.05798922942244003
0.03846060093700636
0.06983431141739214
0.07688125390078888
0.2532811566705641
0.2352740316120911
0.18862584387527287
0.07529556372457596
0.059118889735864204
0.13937796096695507
0.1446457393926245
0.07326565312969514
0.16207588282583413
0.04086596268519507
0.036974565930272055
0.09535930174882065
0.093484624818823
0.07282830884699014
0.1151551195049075
0.19567446764060464
0.19954430589599728
0.14333395859152334
0.1546580174651401
0.1153805395562096
0.11124903689752612
0.0888536909272738
0.08467455546416919
0.07310879800742896
0.09866449790257692
0.04469910808803813
0.09318342586652711
0.07605084329897367
0.08840820246383325
0.05384714160655143
0.09623878607991194
0.07361850872707985
0.04382509500566977
0.09410181645103381
0.11150008311936277
0.09511479071869498
0.11792654738464152
0.1979461937560617
0.2724365989625659
0.18301005071945572
0.24462802842222459
0.17463916955170647
0.0654505001988852
0.04177269590964317
0.06886497871442554
0.059163190140312204
0.05083471410408699
0.028272445678971615
0.05021476565136203
0.09365636503723994
0.06659347456096637
0.13344938839564358
0.03875025182814955
0.07433396540273719
0.13152790080613047
0.11171988699597692
0.09265429590300488
0.04226384307288583
0.059151315781608385
0.16042482164952712
0.11163067989988541
0.17836657820392093
0.17123160438018756
0.13123020444552666
0.09550600961924854
0.12821100204118885
0.17286929829850242
0.1685435419482982
0.11029853968257436
0.10495850133115728
0.08880383350561738
0.1258352328450737
0.0533366840118143
0.13392218421427746
0.087080856871725
0.04633759021484007
0.13252753901017145
0.07110361441951826
0.0802962644316807
0.08319277334311208
0.1902628720617511
0.11504543075052771
0.18086997085365472
0.33571612019518926
0.21706189538566922
0.07442369737449327
0.07300593222074722
0.16596062271501016
0.09165753680292439
0.12478257034786125
0.1649687526752845
0.07950252697588742
0.12370106729602076
0.025917457998807833
0.0773702759610392
0.08810069354653445
0.06371258842118983
0.059202298947023856
0.0400922449806168
0.030035538059842874
0.09575217801757445
0.0637455927355197
0.16082644912671812
0.16469315274763208
0.21577756456255756
0.061494143541389046
0.14842517384542148
0.1708329766287135
0.13222634005787556
0.2338573352411543
0.29145453290644574
0.21868248600254925
0.19516122313531725
0.03493441617526385
0.11685563062924917
0.046840089256674114
0.05043601046405497
0.040469119261992335
0.08582337157393834
0.09258102796193537
0.032403119257012884
0.059932921016127634
0.028410974366040093
0.07599274487017382
0.038082795426819714
0.09973450307896177
0.02774351796471026
0.08098113933095517
0.4400736238335761
0.08135231273736356
0.06129913383929103
0.07520460683707332
0.08149987158633684
0.20720563295751016
0.3154192288614825
0.06775312149348207
0.21321521853269268
0.13043097265561146
0.052834184969980255
0.07875242023816562
0.05231877765309525
0.08072357008847023
0.09913534800102772
0.05070181289074304
0.08685824786831416
0.1074822361099224
0.10716569148915012
0.13731140608054404
0.03594189753576172
0.08786104374878939
0.02958217144761891
0.10155406631528842
0.07542143857273037
0.16433447503652768
0.13654394951502255
0.1481522346605188
0.10018497898193393
0.06701183650744107
0.12935536341066697
0.1287747438843341
0.11044380198140981
0.07390438045300562
0.03479588748819537
0.09673829295437072
0.08301796122654213
0.09490996602106828
0.06963096691659276
0.06257200781741382
0.09124564404061937
0.09128591131513018
0.07230331968228236
0.14290855723749268
0.14109652988452365
0.04145617095130929
0.08535228148274986
0.04886077862065456
0.21133303475937132
0.10611249036897569
0.02514925346142822
0.05908727367114646
0.07873255170030809
0.10616591925964623
0.3635847852901211
0.10917834676211137
0.10534343471012171
0.10779157505287491
0.10335830544862938
0.10594127215135744
0.05160997118192715
0.08955441851118187
0.07556328715721995
0.08307138731500376
0.06675386346886852
0.04003840579756316
0.057509826575045546
0.1452358530947691
0.07212919935498531
0.07445253104817091
0.05801128115662735
0.03840845065642126
0.09214572821003185
0.07085705352759734
0.06271725388941336
0.05949470180869792
0.0627169018633284
0.13319286145820738
0.2092203222385009
0.18166252889307472
0.20571888441806144
0.25624755957118917
0.5283871761257776
0.2532317438575471
0.07241969149898447
0.045817144778654804
0.07352227538233858
0.08271458847663245
0.09205098953082862
0.07772446476937449
0.10166685612370181
0.22945613669890166
0.05790062861354401
0.0573025731534959
0.04079215436031431
0.027227183767455043
0.08395222961575019
0.2156268477836298
0.21001096948827744
0.14948246216478972
0.057489405133410026
0.3225006015539818
0.26133768653573874
0.23031847174746517
0.19692462441701383
0.10423885166615812
0.10283421897569357
0.08547763038242778
0.0943086778464556
0.09766376028192796
0.04513518179330852
0.03342319413451699
0.10538481294409709
0.09567367307326671
0.046158126271327905
0.1086379590788461
0.11325080606323712
0.12099802976480364
0.13932882458693618
0.11891105213594699
0.09312377233053284
0.09860780543476876
0.05324908614650331
0.12220266566982523
0.15175309602514842
0.19784265045800853
0.12878745258164864
0.11295744511512713
0.06814352052067506
0.11139326973799818
0.2264639622574378
0.23697291049384267
0.25324088939605327
0.15567162123029374
0.26046571355192194
0.15557724066507034
0.17936397609217536
0.08928331189730017
0.15185621800174093
0.15291506460114457
0.1251929429700649
0.3208899105735651
0.21559098772880786
0.1776359460554717
0.08474177593487753
0.127597514307056
0.2179230666068172
0.15347875121011686
0.21144583043033313
0.405904672809992
0.38676717167261776
0.2437590622296648
0.2649044785441954
0.11028585687331123
0.14007531183638344
0.136327963178794
0.05354763431046208
0.1575635647632914
0.12580905935843428
0.12260128120039138
0.13402697465575977
0.1608595154524443
0.11178137701086695
0.08798060323374014
0.17020976935555998
0.1789498275327684
0.2401763547641471
0.09409294558342582
0.319400021416679
0.11863648311176059
0.1500682415899538
0.1609581181166898
0.1369306135215782
0.13343144200129184
0.26801901916435844
0.33907472054704674
0.2985130376356844
0.23700881773820762
0.21043677659147292
0.10012020009747917
0.11512203666685708
0.14625252616201848
0.1202267284383736
0.11657449738685338
0.07009861633585017
0.16061345237319738
0.2196729732043492
0.19137774721538656
0.05352244727644961
0.13312360953145982
0.06125104392070063
0.12542412597946895
0.059315465099312445
0.29663556202379976
0.07645636289627299
0.09318595549114013
0.09525451130733835
0.11264811390988262
0.18990046659115728
0.15653957411248318
0.19426304525106544
0.2430532689449167
0.19941621014066518
0.15005986223323728
0.16588326886635488
0.17458244272447865
0.12378403729868569
0.1728271421987374
0.16779385326598747
0.1715606540535912
0.16394144336957509
0.12692890455200564
0.11015462100447238
0.11764931831964948
0.13868049341389854
0.04611745927679022
0.08377376883147694
0.17721793355706777
0.11340813301726244
0.05566971527747244
0.06748575794418163
0.12860087214841767
0.14957320148291595
0.333190651485318
0.2760465713551924
0.11558329908311836
0.092029110233036
0.16706892194374728
0.1136195023578722
0.08924038835674801
0.101297426766146
0.18396607736374856
0.2405450132772685
0.0955317872196859
0.13539080558171424
0.17530507633703363
0.1566762554563543
0.13222326855577476
0.0646785904940889
0.07403326845519081
0.1040252367660906
0.10692118045902531
0.1154865432958947
0.07273673630547899
0.03779314453567652
0.2296039992584349
0.3467287411028353
0.2808187556039645
0.21460035877305594
0.3225100487351133
0.1767054509959376
0.111868524654067
0.13867224977218545
0.1255246633692934
0.1104117241998293
0.04427880579388166
0.06126899031505185
0.06455318048132441
0.11593541467005483
0.2294016461161173
0.12334581809125622
0.15982369406198246
0.1078534802285924
0.1602001927523521
0.10236623337933683
0.16780442696019485
0.04147045150149383
0.23350992488594607
0.13453296413932514
0.1991367689633793
0.4193433967515507
0.10615075484545727
0.1022944478019316
0.1295066645957095
0.10360017615648012
0.182261792654739
0.1809208643753328
0.14439844639437874
0.058953905443745014
0.05870265592282799
0.10553590139960481
0.08189543658848934
0.13151200406018607
0.15323855559416694
0.1448413864139933
0.16455592327424676
0.2875181919356226
0.07079852571554768
0.13798677002053364
0.12389489941563128
0.3350740518791203
0.0887007231038689
0.062153467440552605
0.08312970894668352
0.07681056782320506
0.06911156464653331
0.14289923203458718
0.06417630619994888
0.05157045214048503
0.07743710697511468
0.1316239421532838
0.12011727986459349
0.07570881248359865
0.07240901107026602
0.08747611036982433
0.08709117699085918
0.09456530009909885
0.07395593565387969
0.14045225349235765
0.08470237330458771
0.23744827850489378
0.09375873411133355
0.20101423435603383
0.06577353529720709
0.0793139701051952
0.29862210776930115
0.12388608103884913
0.07041035358179529
0.21281254578758807
0.3185644488752198
0.08110224952007901
0.1603293754677968
0.1120036738989571
0.10518720534208675
0.13952610617861771
0.07668400009949858
0.0746461814948903
0.09220220650532555
0.07663680609933224
0.12687269925520042
0.03841022686898151
0.03744052605950225
0.14596353051964767
0.134096834950081
0.11373255915536934
0.19018063521958767
0.21883737196203604
0.14639157606369368
0.06126899031505185
0.07291646346603378
0.11465876674397205
0.08488180447654736
0.20751116904378195
0.32972348257854683
0.20960736364574065
0.36494230888796836
0.0941239461045137
0.15877264954165368
0.1242822176910726
0.058397567218857326
0.10831838634545464
0.07593089322388247
0.05789506817702319
0.13414947350398096
0.08239875227329137
0.08522742677392542
0.16259925447308998
0.11923713524011734
0.11072826483775992
0.06175354296253467
0.25489184765098083
0.2884598921325233
0.15512478354084674
0.08952560631785403
0.06753596658098528
0.08593637685396376
0.17222560930531194
0.17918937157138448
0.18369764391833182
0.1885532001297493
0.12854277371961761
0.15595515417887074
0.08031663326423509
0.0946713897293179
0.10068457711010047
0.13372142795993494
0.0809158877718816
0.1207431300015967
0.10242435658630349
0.06270470186314919
0.34400332614254814
0.1494183066016287
0.03723902978740269
0.07962880803035086
0.18658505264960218
0.11474222471318676
0.14069808452686722
0.10372906415866592
0.0783166820221669
0.06720924684530444
0.5059985714979821
0.24783294049037902
0.11502600014924769
0.22924159378784106
0.20269964397377435
0.3141250084558142
0.06613246318423141
0.10796908487384754
0.09853493524450652
0.13320414408048145
0.13787514792369016
0.09827349231490727
0.044341773378912736
0.09078870873926947
0.14216590548363858
0.08009513124199504
0.06318925451063202
0.13967126102217264
0.10329900640609291
0.15442499774747384
0.158976115058642
0.1957024227377793
0.1495359599951285
0.16481395457116366
0.2670128712102656
0.2421833004520793
0.2019932770246779
0.3754387466826478
0.31021908282830307
0.24449961475901028
0.07252137957326439
0.16098792911565774
0.11028341307350811
0.11128754036606849
0.141579737178649
0.11082873536037514
0.13139059335342837
0.08778125141372413
0.15839299903857684
0.06458907327002686
0.1288885263901551
0.15180762490429645
0.1477757359701483
0.15627747839715128
0.10331662255167294
0.14431194801874614
0.11746852519161016
0.17864138093658433
0.15888340055277395
0.33116483281470643
0.2143158413422232
0.17777752304984867
0.30913358109057426
0.2107230012569728
0.051570452140484946
0.12356687017936976
0.19445066861083535
0.14504272749876815
0.10690961382517482
0.08837428825407626
0.10098277193922965
0.06216631003261263
0.1366321376594475
0.11883236064083795
0.3037445137850624
0.2862525559822646
0.06175354296253467
0.10654115387265024
0.07345798469730137
0.3319493194075856
0.2900250118756243
0.456316412728204
0.19743591322992612
0.3487175635608212
0.2527235946847808
0.09588703848538548
0.2274314714052275
0.1635792434242621
0.16038822991928867
0.12089323932332134
0.30613817310161817
0.19525601410104368
0.07496126207092439
0.05728042295127194
0.046696518101864384
0.1841825136106771
0.2236041753563816
0.1638475399829129
0.10756924092287994
0.1989290202106077
0.22875753375568655
0.21749146821215307
0.15989845551098453
0.27619943925528945
0.09456471919973142
0.31475290514915716
0.1572221353859737
0.17337764691529514
0.3015170302915086
0.11363656903190014
0.17270634037520674
0.09252174786372483
0.13183802756613353
0.06151111157605648
0.038599129624074836
0.04086596268519507
0.04886803181836149
0.10775392518383847
0.09307368293732331
0.1044773346074504
0.27446280284222263
0.14242535021709538
0.15012977249686044
0.1876869742378412
0.39858790925120463
0.3568831086015381
0.14388771364712372
0.10687393141198502
0.08997412143390048
0.10677082101023656
0.21013896849911734
0.12214315995437677
0.1222508383204846
0.2145362032098958
0.3019142998075473
0.13360396028247787
0.15978940159232927
0.07573378416213211
0.09633089283323368
0.09151048155150701
0.10315376033409285
0.14977313586165616
0.13132274320098794
0.14412293468025014
0.23141602661140395
0.19921239619895614
0.13851553805324893
0.12588825036730678
0.11217600218675333
0.1098641288604731
0.10232812324156193
0.12120761064776828
0.09639373364918302
0.06458998968519289
0.10001771206342702
0.2644349986824132
0.2942166295349132
0.21309825874930993
0.15957920888480884
0.15080094304153574
0.058146317697940306
0.1280472045947706
0.04278017727014104
0.10880812151687362
0.13795907884598946
0.12837207113923035
0.04092893027022615
0.10274513440210778
0.2867037527166069
0.05828988885275003
0.07931767654478489
0.12653026281996396
0.11445560187242064
0.05678239172724782
0.098050813432881
0.06960191770219283
0.0992990989427048
0.11852581114630577
0.11343718223166246
0.17673122859637494
0.2720859738669314
0.12799034850590327
0.04927843204535233
0.09022685992613166
0.11367451594292564
0.09776948190291117
0.0722288364245977
0.0637704322029048
0.061577562182728446
0.11420255115144258
0.0974900407256253
0.11479445069375382
0.06290211220101256
0.08909394056453464
0.05127284866142449
0.08913894231129836
0.10240764378058734
0.11006489370349198
0.10357915672319858
0.12289187569557371
0.23968518396894972
0.11567145370216192
0.08959027998227323
0.3197928259566824
0.2592243814741896
0.08545548018020373
0.0474145915284313
0.06679647977522639
0.11989904463852896
0.2634431698863014
0.11157803251006776
0.1433112299825973
0.1265519231633608
0.13165172464882946
0.15334791658762156
0.08935391577162814
0.2935560288813374
0.06631192712774356
0.10486226798641572
0.07400382563039418
0.045248506603360834
0.08758791077828407
0.10630576815753459
0.11702765174214558
0.08981778842519554
0.05434168209548247
0.12917168420041683
0.15201050977724903
0.12944734245532175
0.12944876130697042
0.19015615746183442
0.14645713710510785
0.15056696415277485
0.14396508373295577
0.1421539251776392
0.17087578118311827
0.09789585252770887
0.08037455816270367
0.07101354833015379
0.11069363635238495
0.2320506719528087
0.2606903351804818
0.28617951994558005
0.11879153452732824
0.3649851076825731
0.2734402551463866
0.187846835591126
0.16980566732300323
0.20520503381559863
0.1438367726066346
0.19088483601749148
0.29663556202379976
0.3063936917498127
0.23535468345559227
0.15928210419280578
0.13248028310067758
0.15979155884395788
0.09170607513471431
0.09434601759958156
0.07814591344628279
0.07663969969505056
0.14737608081499917
0.059797385978252154
0.10977016856822072
0.05549025133396028
0.09040204473271381
0.1532975140611825
0.23643155600089685
0.1122461644412663
0.12393779938949834
0.11733963718942525
0.11945765860550954
0.08979691981610825
0.18890223584528185
0.19577948866967898
0.11654544817245335
0.30805122846057503
0.1843118327059293
0.14265472100446236
0.13392218421427746
0.0787439689063309
0.03715087516835915
0.05534668017915056
0.11661402698218694
0.09581633358073549
0.12523122372741674
0.042553493964029014
0.13195585857065764
0.1280472045947706
0.09658620033866525
0.12183497620366915
0.08607140785929049
0.12951554948721267
0.052225315024808636
0.17731640469707238
0.15063987394349423
0.12205595891352437
0.06489416197399751
0.1661366348167498
0.287427805455403
0.29839054875438775
0.23210057027808076
0.08038190029909707
0.1665857146496219
0.05981533237260337
0.12289187569557371
0.11099181392101849
0.062242068249448536
0.07434259966043534
0.12109408441058096
0.14109652988452365
0.03790648618873253
0.09594464470705667
0.06211247084955898
0.08924205271304682
0.14608967192381622
0.10556797918118534
0.051444516970422786
0.09320805095860525
0.14842517384542148
0.21087691647612775
0.14570499317311447
0.24581599494244585
0.13975551879012138
0.059101375310206566
0.05322020286830028
0.06975763484317708
0.12706009284007092
0.13489536960991894
0.06636200586311318
0.10692118045902531
0.13384984162314928
0.06749166617653735
0.11915086527634361
0.11242623043310271
0.09501438904122433
0.12321994361544972
0.08080393771316313
0.03687381779422219
0.1223603055040728
0.04299426705924683
0.13105919411772937
0.12653026281996396
0.11377790422975513
0.12370670449737456
0.2682553168884865
0.28783324878771666
0.2864613908671531
0.16054466571957415
0.1652405085910632
0.2881387839289445
0.11002934376730614
0.07766791011681404
0.08789312153036982
0.09660956394889195
0.11093634127621667
0.04658883973575709
0.10229469417347627
0.08072776681735977
0.1047754482761219
0.13872076068840933
0.21586336786234073
0.14886564252392992
0.13823941208000334
0.16959523121571748
0.16819640563003863
0.1673230031675376
0.12386806913166565
0.09661678704660662
0.04491982506109402
0.11486975043182757
0.12173615272665
0.061538186230320084
0.1068510904444025
0.14322403903775335
0.09194870075893646
0.12486881825682293
0.11355790841956576
0.13243906586478302
0.09299348880165793
0.1593613560482841
0.13179522301172875
0.09199886200452632
0.07048194347677773
0.044404740963943826
0.08603501451973013
0.274018803043432
0.09963838143795184
0.22935613830005233
0.09148033518513306
0.07788011101959472
0.13739194062956478
0.11362730475360763
0.10242253508379026
0.14342318424199874
0.10916069071819266
0.12710595786884654
0.04448030206598122
0.0665811230430118
0.13625487604483302
0.056997748459462406
0.12744480669017885
0.05918720857031082
0.08119944137668914
0.10618764736865002
0.0414578579844876
0.08383603275815048
0.10568318238680467
0.09227269910459925
0.23675199041177983
0.36794794966184435
0.10543038578751084
0.15809180008628096
0.25289417032139855
0.12541171376218235
0.1321133904507645
0.17604980727637648
0.18379429111612444
0.17870532118455876
0.19069428987244233
0.1309244326197472
0.06333279702429771
0.05018516526980042
0.07210861250318643
0.10723602382336693
0.06311746893322716
0.11275451503486922
0.12834840354706648
0.11834551978613436
0.06839982446772146
0.05793096096572563
0.06913078114111351
0.07166172921498278
0.10627369037595406
0.1464350729146494
0.2405274952312847
0.1588141306691104
0.1360228532962103
0.09385801172612104
0.20200823693699863
0.14504272749876815
0.13489536960991894
0.12944024974913892
0.15833092337498503
0.1601356767959016
0.07427656330270584
0.0645291811398889
0.1820209968546166
0.06512107643918143
0.15923410776523958
0.095395891322143
0.09116446960805107
0.12544936363121878
0.12060048715871884
0.08063233416707415
0.0837488851149508
0.10672277931808041
0.09490378344451801
0.07878146945256555
0.07496577555345778
0.10146639705466239
0.13417055866873132
0.06450841875823858
0.0760429303689311
0.04093572551512403
0.10504237650886064
0.15978654377496299
0.21181454279119172
0.25046232655605505
0.09052161310753441
0.17796909978397016
0.09124358243012863
0.09204093776855043
0.05759052578240793
0.046391429397893716
0.06575865871489965
0.11445937847787035
0.07833394261940263
0.09452097821696218
0.11162088494289435
0.05579534003793095
0.08445212504373444
0.15146756832426456
0.2757041349199559
0.3845561167708251
0.16376509557654115
0.10692577690266293
0.092957526652305
0.034506236597052264
0.05039347533821492
0.11683594031645261
0.18095076589518877
0.1313368742267402
0.24945576559207366
0.07719825924814967
0.11777785639685469
0.16454070713123933
0.13269411865422467
0.03867469072611215
0.06921938195000954
0.13992808834860043
0.03854875555604999
0.10537551249170223
0.13979967468538698
0.06498389394575359
0.14003495996740725
0.2208257334151627
0.19804822347755585
0.13755300972760717
0.08700239712774105
0.087021202513004
0.07403326845519081
0.057612675984631975
0.13761368298003193
0.24533087352710484
0.206192658689849
0.23557523056438698
0.24611781689457404
0.12190227246678205
0.15519276017043415
0.04471957888909948
0.11236846887623556
0.08081277737013348
0.051470258999287866
0.14664840339012059
0.16407785278388354
0.26463652808250376
0.08449897423263077
0.15466560262226486
0.1907535336448015
0.08875586031158038
0.22777948963518557
0.12842687249476967
0.20163329084509946
0.22074498022494318
0.07859590373254763
0.15447741265873133
0.08346868012750627
0.2555361240431477
0.09780125307033154
0.16749005563574884
0.1883703101597613
0.2352816849644043
0.11262233630944615
0.13226398992691288
0.10380370119426131
0.05911542299290596
0.10630576815753459
0.12228677463211252
0.04172232184161823
0.1369087333354403
0.1236045200484071
0.2656198260558973
0.1501647026440215
0.04897618763720299
0.06333282566544175
0.12984177340139136
0.28710566725931996
0.21342350826127895
0.09336828336065851
0.06606798992014418
0.11223056282745768
0.2477737881323686
0.2198290371706661
0.20651675781478857
0.0828401548669378
0.14450791930939605
0.12700925955243364
0.11908653576396984
0.09385801172612104
0.07615239524612252
0.08746339828289086
0.04063927937908305
0.09825424498084771
0.09658863787971264
0.07391522482149825
0.07965278535046641
0.12850801140436277
0.09396115783422064
0.13269962906365168
0.11368365792103322
0.23866413602328015
0.12250973343654141
0.24391945113756652
0.23993518084712306
0.4961499741693298
0.13665225303453093
0.4552795380930862
0.34684530434038224
0.1839574294703457
0.24841034055882655
0.2798891264209137
0.2771357875733116
0.1762048586919441
0.23485988305268501
0.11697814309789871
0.054485253250292194
0.1230774218818891
0.09609480123491417
0.12176649300233999
0.13704552329460956
0.06217419345972513
0.07075037854096332
0.15187627985489777
0.20247495733565488
0.24502534769266932
0.12049209167406473
0.24395530253047396
0.038712471277130844
0.0705483940834497
0.11429144150994107
0.21447204764673475
0.22102706978771502
0.12221634782142696
0.0999655344948569
0.1365937248661653
0.10582239741339339
0.09116768408953176
0.10391718780320201
0.0512777181485671
0.028574690087120953
0.048663994286134674
0.027642769828660478
0.03736439303923201
0.13273692320862945
0.0786226426536264
0.08764889511809072
0.05468884929106356
0.085194628925045
0.06854263956210041
0.08428644509886579
0.04624785824308399
0.148103117556831
0.11679513443771465
0.3135005564592074
0.21278143994521084
0.2735030522685944
0.15023185534709296
0.2207740294393432
0.1558746196298491
0.072475461676938
0.11694613269415813
0.12075351873467798
0.1332846786295022
0.09551381694691566
0.12800966566863653
0.06370969994681727
0.06758612112667997
0.1282435621742949
0.18666670642699493
0.1388124048167806
0.12085830917616028
0.04950511535146435
0.0845095709998767
0.1543262071834337
0.1049919585417744
0.13488707154569504
0.15393715853738116
0.23786490882629965
0.2597239205922319
0.2043258392636931
0.11170346981564726
0.20210145076781527
0.06081409362305298
0.08953111738942036
0.06837576247813346
0.13119763273574003
0.12498006654112792
0.10451907341088908
0.1431824519476373
0.17434295008988943
0.14194000626941647
0.10432194896871765
0.13500501877626075
0.11894441410022302
0.1616299974317268
0.09340740277862117
0.13809484970373792
0.10614376905742254
0.1361827171067948
0.1616299974317268
0.1795060262590429
0.2324596460313029
0.2007483672127036
0.30883486002910776
0.153280154153737
0.3376423251433955
0.22184202936120162
0.15551221415925529
0.1591362688651934
0.15957920888480884
0.10643632156128294
0.04754052669849345
0.0970526656454712
0.11730072774685107
0.0706908473494403
0.07474673247281514
0.16809348514682004
0.1508814775905574
0.06598889202942168
0.07955636615894106
0.06857170009888662
0.21156426027776512
0.24372913277972777
0.12627830287904104
0.2730502525468711
0.21229165883456824
0.2642246868779765
0.20769012672126436
0.1857072954460416
0.21981540536414626
0.07066222392191969
0.15406958493079043
0.13780947311319028
0.1823383157460968
0.10605516824852686
0.12491825171791622
0.19548839996575632
0.13258061452120545
0.20060383514412988
0.2693262563136722
0.24426128718022877
0.22567331500766125
0.10529149565858481
0.19581840498310904
0.15687129089888321
0.09066077770284481
0.13363603806405838
0.04815760903179844
0.17416704008733577
0.3814684730826871
0.17567725430405495
0.14070736551053492
0.4516872424339917
0.1509650692824298
0.18647980134016442
0.051885290065640605
0.08891091172714802
0.11143656668934183
0.2647379313832639
0.22994606626145012
0.11027657466967485
0.10713170741635575
0.15422997383869302
0.20198064894428458
0.20250834688810906
0.20657477955654535
0.13950627209327712
0.05298092604518202
0.148265184267629
0.10318280954849285
0.12962577611350626
0.08018373205089105
0.14355895063800692
0.12115472205410718
0.21534938408174475
0.17789563119973328
0.17190483148950766
0.0667834206840029
0.3084496190394665
0.13585420523870598
0.1812832698459266
0.35168742667443537
0.2041317800073647
0.27401574685114455
0.12829397128142572
0.17208754610508756
0.12568024741899328
0.14672610168765554
0.22620041317417924
0.17505056597387925
0.22600804725622817
0.12390823124107282
0.10873720337401842
0.20905090255964237
0.2811863779062875
0.3392225402130146
0.2576955809416329
0.45081953184880535
0.12765270302020018
0.20715831344639715
0.1531186366045757
0.2034975421448801
0.2042356163168682
0.057313095895322845
0.0942934108675814
0.14412178718521385
0.14202597835556938
0.10563660659100689
0.179650714836059
0.0940719088453409
0.08169198708673582
0.20206118349330532
0.15613775780850792
0.1827545299449919
0.1757397044452403
0.1694461438767499
0.3507405187911994
0.13370841346694798
0.17252328432108688
0.24838827646002296
0.22484535727368352
0.19828130256174356
0.23301598425619022
0.40565252341800667
0.3541648831435667
0.21870808923581966
0.17203314261582972
0.15634733869147252
0.19698655936991738
0.1531072514833776
0.19506035442171032
0.1537275776544174
0.16596062271501016
0.17808388054491808
0.15907371885733698
0.2514258254289565
0.13451817810637018
0.18306789947949673
0.2574498044748731
0.37248523242873055
0.13247108864596985
0.1285786709799759
0.12726401335768664
0.16598170553196584
0.15138725779464726
0.2784980633125807
0.19874529936961033
0.1439839218798074
0.2540934783560435
0.18519784079488952
0.21635733151362432
0.1933634521990539
0.10379584762167801
0.16818865857896306
0.10279908852159841
0.09340740277862117
0.18671935190483374
0.1008720209281103
0.1695252256888832
0.09080875541715351
0.25545558949412694
0.10778288402199906
0.17773974968900927
0.1947728068069183
0.14967492885427194
0.1344817414800593
0.1508247401571456
0.17148686561823137
0.31782381645407143
0.16040487271116982
0.3879522583108451
0.35317871794224276
0.3830579573666639
0.1635792434242621
0.15584903525553626
0.18263951469839268
0.1407434437675811
0.062060851806669114
0.2016585107482007
0.12071650284667772
0.13789662075638945
0.0856760866327058
0.1350497977451978
0.23144715508706382
0.08125337172415363
0.21586336786234073
0.1376061286123902
0.1043053022728301
0.16494143936270886
0.09992552374757183
0.11239012608459156
0.13795145945109086
0.1803092102635802
0.2834912833287561
0.14964876258495352
0.18116885097552665
0.24499031455366752
0.20965166405018895
0.11913467087887389
0.16583856405111097
0.2194566460818082
0.20898715470909765
0.21706189538566922
0.20846368014046235
0.11511460095814424
0.16621960479630504
0.2034598922758428
0.40726321439842345
0.2251085669721068
0.22255722621911103
0.0658011263575175
0.16151163025744922
0.2222255962366284
0.1500682415899538
0.20709459280710785
0.26194117355838975
0.23657363915564836
0.4930325091056257
0.20019352770053972
0.3670490540193484
0.3578955358486445
0.2378549675064922
0.499314203929252
0.21618554801034245
0.18565150422135143
0.164100204382223
0.2587675498911677
0.10999302106486766
0.13346809230118803
0.14985874497046486
0.13657687539849364
0.1511184290253917
0.14069315001175273
0.1283161214836494
0.13007377180532476
0.06114152506521478
0.26664273897680624
0.1685345893522704
0.2676140741374881
0.18307142138138546
0.2711214099177683
0.2212749221515872
0.07154377011235541
0.0970011104445974
0.150213487661953
0.2963666240215646
0.20116813659839564
0.23233734182720694
0.171739925786956
0.08337336117114745
0.13888226511110272
0.08844575748044421
0.14239180469786072
0.1635886809656805
0.3074406408870833
0.16026375255148562
0.2591243196066893
0.31087496863834807
0.24638230497726793
0.16702709222676881
0.3677207508291873
0.49426418970978525
0.3597294752161631
0.3736373003229952
0.06727456784724566
0.25510387901384346
0.2244713446057801
0.21419010495138238
0.376536340238842
0.2518776447193185
0.14870424880948646
0.28215501946636073
0.21450412542831526
0.060272572391785385
0.19239525056135653
0.20347053810116977
0.16574354827771148
0.08616063928018863
0.18053112203232155
0.3085030268890184
0.18222185748946534
0.11232367547791959
0.18216914988515573
0.15991021370186756
0.17426650418493178
0.16394144336957509
0.14749902653168154
0.16775104871158272
0.10341929418386986
0.09906060477095399
0.24385529557440547
0.19060249013754657
0.3405148911957866
0.3597455856084619
0.1808556446663014
0.1521128402543842
0.17559377637125742
0.19449105939100098
0.13048621341231775
0.15064429695408596
0.13914748715916458
0.06905025374512315
0.15015452254578185
0.40975978541806923
0.24997859772279804
0.21336180783256853
0.22348337353285092
0.2519120693372096
0.28398209641681665
0.29491751851434234
0.23979111377450585
0.26162143652084563
0.13061385808815076
0.288863790497517
0.37616275477400957
0.4144336957452278
0.1454555262166064
0.2712524612618784
0.22489512884170923
0.16714075416414081
0.1451840394330128
0.12311381968732284
0.0576279338204785
0.09969806021023758
0.09852409949236576
0.056355988602849905
0.05612930529673788
0.14778298330557407
0.10392756968789277
0.25600304854106354
0.346002296449851
0.37456618749595977
0.11541326207267086
0.23866413602328015
0.1644766519323104
0.15422227924914078
0.12162271451819204
0.297454356808499
0.2674252066626257
0.2213550137273408
0.19965525057060546
0.21206621402820214
0.07841983039775334
0.23966270011129237
0.23307079873298567
0.18589824318945855
0.21001096948827744
0.21736274780726608
0.22266929201267047
0.138554602349112
0.20214214685954823
0.35390805581713974
0.09265050461478626
0.08059850883983004
0.14822120251300352
0.10660158244622427
0.19512914535373674
0.2419741460491398
0.1498451913405373
0.09603115617335783
0.10780399086775502
0.10288903394084523
0.43412379077133845
0.23156018472596784
0.3745259202214489
0.4093973799474763
0.18402677322345268
0.19126979524286786
0.09477490856877273
0.18723279872090454
0.06549888194936816
0.06597743559560458
0.1813594191511354
0.14666948350516362
0.10827018847092656
0.06780349556150701
0.23529663556202443
0.15012634001875294
0.18608849755502196
0.20754739483890863
0.2927304305630736
0.11065746756959868
0.1553526961940076
0.16510434179445746
0.1310086787638777
0.2588071083879238
0.16683263002854998
0.17348325094130737
0.19030356570029583
0.5397226264874585
0.5444538186554367
0.46798626436014196
0.22734967562716726
0.13423902974709653
0.21478547489139052
0.22699255200753365
0.10760568240420683
0.06332020350729146
0.09782579560847941
0.18036657220906327
0.3196644122934681
0.22513141159933028
0.2669833760938939
0.10189962712620557
0.13283197505208819
0.16853666442356305
0.14224859868254808
0.17538530120965584
0.16002734351317033
0.14701089216070823
0.10350611627415092
0.191355597013162
0.3797620066775111
0.10753604171614205
0.2224298346601378
0.23161736298395627
0.11252885778413814
0.09774866085727141
0.12173518109772007
0.1123914105132655
0.13614192643772194
0.04432917986190651
0.11828840103644801
0.17541306395000447
0.10166632399963905
0.19034180162713427
0.2423797176217061
0.19897847914338823
0.20760208886225562
0.2703947483374939
0.19013783066518286
0.10678612492191857
0.1125192259076977
0.19171249394412634
0.19481307408142914
0.058786537385051
0.09861270030126143
0.13835147195638117
0.11378232832911314
0.17149832213989374
0.06869879757645535
0.14408685703805277
0.1177364659628495
0.14000002982024617
0.149319380600665
0.14282937174026594
0.10158952332239067
0.175070627514768
0.17300324154572347
0.28904696775512423
0.20267636886819718
0.19865593699169576
0.18504910631675967
0.1557884563369008
0.18093485146819616
0.12069948583164122
0.07616449762656129
0.14677765688852934
0.16132968882346185
0.1775499380180418
0.1180334356479489
0.3409948638679331
0.231260795837712
0.304211968153412
0.16178022034288905
0.2513483274940635
0.16116155793239997
0.13923617118008294
0.07745012958827417
0.22729225937625167
0.2341068856719449
0.2074149356990404
0.28235412886708966
0.2704752828865147
0.14946956460757302
0.24352099132875601
0.20051506408613795
0.2558976370539912
0.5721577035186078
0.30680878278235424
0.26911192220079955
0.2365094840098803
0.23253282294758384
0.3966790201736267
0.18461455869096025
0.22460852574013176
0.25055394558398864
0.20077483491189185
0.26701481037582386
0.2220212777110743
0.1569245074914485
0.1729391585928237
0.06112893154820855
0.13975577047798415
0.24492766030305627
0.20318907684446944
0.1845787082970512
0.2562280626658683
0.10654774326316993
0.14659721368546974
0.2676140741374881
0.23619765510092444
0.27193733413235216
0.2603681969843988
0.3364330785345889
0.45638928930114003
0.12553217751803564
0.42659018919613095
0.3092579365014793
0.43369574522729243
0.17266226005305002
0.2561804004353146
0.07962880803035077
0.25485158037647004
0.13622374367761866
0.2590796442000651
0.2692406472048626
0.24985843833717833
0.21880244181487585
0.2092433692491246
0.08056072828881133
0.27489084838626865
0.15299144676118934
0.2869820256656125
0.25214117294065835
0.21384236091805062
0.33177810118996737
0.3373553612784271
0.20281816023866303
0.19323537418822534
0.16255844003331574
0.32848215050081353
0.17657656299375268
0.11040621804868131
0.07610262326860825
0.22096811093884158
0.19114383075143138
0.11058367283164823
0.19525745648005882
0.180076080065064
0.22253996756107533
0.11336737311663192
0.27236537967639823
0.2813971406557658
0.2101415471333773
0.16879172766176476
0.24483709834748452
0.08328092796215561
0.2109434916728876
0.12815520206203404
0.19872567570980854
0.15026697188763669
0.19070809253543292
0.2813971406557658
0.40222064455592177
0.2531768114203553
0.29723482578546406
0.19173215045097014
0.10243566732862153
0.0793139701051952
0.14156194241360376
0.27373512541734496
0.20106353494611562
0.1636362075743562
0.1873093344506428
0.22093318079168048
0.17237481412251418
0.2200948572598229
0.29231798895608063
0.0808755662139669
0.11126764497754037
0.13861684168750177
0.25038191290581363
0.102743107660712
0.10739122379767722
0.1716518078890891
0.13759705621550727
0.1869255565683617
0.2224091365708169
0.2515636026651138
0.31336784825919106
0.20989531627465316
0.30722293134176115
0.19330622567739372
0.19695757890382182
0.2565276945467
0.19772744566175157
0.2327891402556503
0.21069864767358396
0.1334771186018423
0.15471715782313866
0.15876424109175488
0.08359576588731119
0.24385820175252312
0.08272681321388178
0.230477525507612
0.19341556581999492
0.11709452112386548
0.10519364755298424
0.1935041666288906
0.24073857423182046
0.2225877263865826
0.3193838390407055
0.21441395752835
0.3905522954765982
0.34014977305128663
0.12216110634872852
0.17760766701123384
