0.096135780186159
0.049712036144020956
0.10758042123610377
0.10030519546618386
0.1236635625479612
0.08312877818012405
0.06749364907245922
0.10086250487305404
0.12865029663806787
0.12815825655815682
0.08687559715152161
0.16982852973367404
0.09338214789515314
0.10389384659954791
0.2865559780974564
0.21990008760033108
0.125869225933941
0.15086670214863723
0.20802868331119562
0.2596851778831233
0.18547673660518701
0.13127975348863977
0.1025215145400924
0.0696398620429579
0.0593102831225973
0.06449180688991639
0.05036211661667352
0.09452953003729601
0.09807633569994383
0.08896722463637786
0.08474305137114929
0.040881844713619525
0.04820757074369381
0.07565891773551049
0.16650320692035697
0.1307617750726762
0.19367829257305108
0.09386589616556687
0.15206455950877493
0.3155338158342102
0.2778429605726982
0.30426478883660474
0.3490341718740071
0.38024443633710486
0.27058633940015814
0.2717588940621195
0.2212524141220012
0.18022619481940919
0.10360933186161712
0.11021160746133063
0.14807551988325496
0.07367524544158405
0.13466800437796475
0.18022619481940919
0.0712044469626449
0.1771660488117298
0.12508245840076088
0.05934852315040039
0.12543026741435356
0.1664538489602338
0.18327130676325534
0.19614774789133024
0.07329766570837921
0.09686322943605717
0.2898363643475083
0.17732088220629777
0.17569380774131055
0.2579591832208984
0.2880025009204546
0.38066644035603175
0.22193592482364477
0.12007035515912241
0.04620842572816075
0.13143910792604546
0.051575257984625394
0.13493953590096455
0.06755500102824888
0.20066022547655865
0.23750251464973973
0.24696966948198767
0.17739875957679763
0.043256667987105125
0.14361049890839064
0.24331947621857067
0.22129798059641484
0.09510026758455388
0.2528560585352597
0.08948166505923774
0.2592911465536321
0.22239446285761968
0.23381903170172644
0.20339625100512876
0.12410799593074504
0.19852310433975792
0.1364114588786904
0.13358172610631833
0.13589950303800133
0.10554164749724099
0.10770221447015298
0.09159026656343973
0.13571104981131712
0.17143074480944986
0.08428610058777745
0.27169550390329245
0.060514843998394706
0.08499906297266746
0.4246306092666925
0.4050779824881444
0.3772734143809151
0.25745824821707786
0.35309140266743994
0.412391677207081
0.1839309786052928
0.4777283505904734
0.4177439188369557
0.43211456951660643
0.5620360670429227
0.515705824263643
0.38486110647971083
0.25197054793072315
0.07218053507526453
0.11145386369275288
0.19680375700819788
0.12103698239058709
0.17198464593633153
0.14264200816528746
0.13987712745748745
0.1402951737085881
0.12284321413673273
0.17521492121092264
0.08450706403789637
0.10677749817051077
0.09532264958852664
0.1474517630365094
0.10711418513827554
0.202526450200657
0.15768470767972181
0.3353703028091949
0.37066106985826985
0.3457787295205622
0.13378171107302236
0.23852726254768272
0.13902824012093107
0.13379406001932725
0.06618775212298356
0.15346397906215295
0.1769134398011034
0.18342758117475422
0.14586801883774012
0.11432406359441201
0.23737086455961676
0.1653375957396926
0.1052623644621692
0.23395405999595942
0.19256173385012645
0.12043887956723205
0.1645964451972965
0.2091823307499512
0.07998554673276902
0.11124303860325899
0.1867748996716533
0.29688363009995394
0.22132898004798235
0.1333224229344409
0.38654492530908063
0.25701661106780516
0.11460455243455285
0.18205034658883695
0.10894710268580697
0.14022785639368004
0.23312659613279868
0.06365063056167088
0.14808237400601731
0.25414307613893367
0.27662298361644977
0.20946493650072115
0.10038901156582315
0.3637111747984273
0.2992356235724592
0.31108872367509494
0.2585858986930306
0.16901412807579255
0.25866472090478004
0.08081107670171658
0.28949288580810023
0.25821040066850365
0.4185287528626055
0.17642454944633806
0.19291964493432123
0.2581961675458329
0.25150492520977846
0.12081738581772751
0.11026792616631259
0.1322196084841653
0.13445547053818813
0.16199261571583679
0.18022536510122603
0.29719992703393056
0.2554300937426085
0.2221510243573207
0.1474715666523792
0.21516084247220754
0.1888842615356944
0.25857351331630823
0.32527224903534746
0.23153046333455035
0.17785666956035948
0.15733309011309773
0.08646575890389621
0.23593950844239323
0.15683718167993815
0.3417895263568332
0.1694625040089736
0.14398152930120325
0.1231002773659948
0.06252244545805714
0.09939975190057256
0.099211578343554
0.10671184927962317
0.11321464853657133
0.09197475343956808
0.2159181432149475
0.2563389273987604
0.18187543773808057
0.2069956220357537
0.16340857753478658
0.06438856999693478
0.15997628813674583
0.24327936420468663
0.11332111742808704
0.09640311009159763
0.14097186249610222
0.1969759965592411
0.09771659830958009
0.11015040008680967
0.20169406083390484
0.07066776373699839
0.14078660161630116
0.15966543806078143
0.0997046482993886
0.048660435379435915
0.11004522296460388
0.07485518210784897
0.06774220925317934
0.24005837285662274
0.21767757736815516
0.0770945453641148
0.22569523368268427
0.03954013664950334
0.051387418855649084
0.05600252071762972
0.040506166455666986
0.1181106492439973
0.18934695366654522
0.13995804450930363
0.15483128934728818
0.19748893758851416
0.41021541087786717
0.5055580792097649
0.3743253135627594
0.1671089214995169
0.15327377294781833
0.23445170680271316
0.07650709344061993
0.13346372550105057
0.07011309097697105
0.11205265929338223
0.04343109003544027
0.13374867402870033
0.06680532857200357
0.09663681296709979
0.07505514910665821
0.034226972715603377
0.051604917520274025
0.12408792411528703
0.11493232448135454
0.168430346297688
0.1545515894939258
0.1033624519648102
0.05761294427314809
0.12057696194704513
0.11341551236138787
0.20344813441816506
0.1776040670062012
0.308327252827436
0.290823077843659
0.15149492523890773
0.13316307916818723
0.09678083939117252
0.09090368285606759
0.12203156082063661
0.048771088130622565
0.09262502830179928
0.15675624031359942
0.26333537114654026
0.25123211498113546
0.18351246351796274
0.22687887632251102
0.07926814523967995
0.10881375936295418
0.1394269070647424
0.11941063838615794
0.1791013549249359
0.22381236127900436
0.13196616163814165
0.33565419103832167
0.16239077846765182
0.21465705946734812
0.1409968301459371
0.1534102635752246
0.170330866849561
0.12482858720609824
0.03899003634321575
0.11504125581847395
0.14508978452091104
0.04141852793926604
0.14520248084640658
0.2539090478838697
0.1075630264967137
0.1606605875250741
0.14956539481394107
0.21517385454478188
0.1981940897482679
0.15842843518821456
0.20287831039759713
0.21954363736789329
0.2631857956678304
0.17815706438337853
0.12089631082550775
0.11183296131014554
0.19804208919382454
0.2799641832826692
0.202576104831721
0.24781101787668797
0.10862496949635253
0.07953385666198542
0.0619702737122356
0.08348857881644879
0.12285662167092291
0.13521524990879252
0.04314933134197584
0.1292457275742009
0.16579030127931596
0.141964611455674
0.19545786209412716
0.13389921288774748
0.20020780906970773
0.37440715067493724
0.3112437571552946
0.31477376587437395
0.09109252623044295
0.11216031443630844
0.1503188665751538
0.24161815757715102
0.4725596355639598
0.3555622669949499
0.2949615999864997
0.07013108051135188
0.19580374190373026
0.06240772537464786
0.13091114058709566
0.05728002546383248
0.07202198731288945
0.07154373876744251
0.06064948210643528
0.060610742818119706
0.11861441584301484
0.22983060692581161
0.1775584619265328
0.11857305010537887
0.157049579380172
0.05287671480681806
0.2106895293688442
0.05401716666131676
0.12202905002512245
0.20935486353105962
0.13974437140698204
0.1921880842012367
0.36934056913535274
0.20635806190305728
0.3142603064574986
0.14975559637303934
0.10226801638049042
0.1271787895364398
0.06872659106326875
0.03152208925834521
0.03525203767658807
0.08278524525465884
0.14126231302444384
0.11593708521277088
0.17775858136084927
0.20830165358947342
0.07532329476514246
0.03524935426045989
0.14146620991915598
0.12704378085674833
0.09346531995562489
0.05292401001607819
0.14784550144163072
0.12081665838457889
0.11687508666687686
0.13863772852740625
0.1377623255330987
0.2409783427394123
0.26105214013429306
0.11180056388526213
0.07082525591630433
0.08964491745156425
0.06947218698785566
0.10093917927543962
0.11821218590385918
0.10486309967201565
0.13041625597425066
0.09851377666858004
0.09197842300868607
0.14959237054907176
0.09756135888526474
0.08756452630813377
0.06967528604501609
0.0570239792072529
0.14929691567515943
0.09915860626417666
0.058906850829274625
0.036753409000334046
0.059540978761283024
0.1849557345360712
0.21756156812092972
0.2582571901888632
0.08894585269445289
0.19913208172427774
0.15326392296043406
0.0983298495384344
0.032027242344484876
0.12172090893045821
0.10354214423836174
0.09756368478735924
0.05070759215091226
0.0608486829116493
0.08440796541553852
0.11140620951246413
0.10120301080246613
0.10323844344757364
0.06636123517345555
0.04107684638862359
0.08622851245975142
0.11612875731623581
0.07716168751803403
0.11650447137188594
0.10446540405976287
0.21432370853741933
0.22138867477861462
0.4492885868378003
0.5062021190299917
0.2827577689449397
0.1253984158935114
0.09348265728019489
0.06291422314272462
0.09526603305664895
0.03962063914720546
0.13676577893635256
0.13737166817810167
0.09677840537009853
0.1964549944925273
0.3604936307906248
0.41522254651660695
0.20767967894965728
0.053363958799293475
0.18968934667282283
0.1315494383325245
0.17480815650521855
0.045980335357264306
0.08165161730553816
0.10754746990913493
0.24195930949081634
0.20721866372323425
0.18049405597411902
0.2561980142461348
0.1690971300330942
0.1396583260698128
0.039081272491575676
0.12258764433976167
0.1491525124251781
0.04340023074996556
0.048488355254322005
0.09025631266072068
0.16594804981779632
0.06687798462482943
0.1801392454181446
0.0710246580820533
0.13983956490285607
0.1142001702444538
0.1478445710807931
0.15297437611542145
0.14512902673255568
0.055808975852566944
0.08975070258277779
0.09166899464957466
0.18179391028668965
0.20460209342996552
0.2618913386467271
0.27769547211690837
0.09857190909977485
0.12918759037913652
0.15551462711067482
0.0513740017750079
0.14127163229667603
0.04410194406749831
0.0992841103506468
0.16229291982336
0.04781847540510009
0.1932671434851281
0.1384792681529736
0.07886696677314986
0.26212635408028284
0.1551380728805166
0.33925474148670837
0.2276436940162973
0.3081727238819338
0.1357452253463994
0.12152820275221503
0.17937356950983244
0.3075543066914274
0.16969602911409076
0.2537335807136164
0.2398231206693155
0.23358978228666727
0.056646914466984444
0.039754809939762
0.06371657997830778
0.05468323975842304
0.08968678475491602
0.050687156852999814
0.20435060197008476
0.177401204533894
0.12885803019959788
0.07235831589778476
0.09049681689759967
0.11676607241547274
0.03424038979624455
0.06843632664336764
0.1071451340504797
0.18049981758482353
0.2005199574046547
0.1274573994365588
0.20054858217603377
0.17384299470661863
0.35274534841298905
0.10587418333940676
0.08521187915201757
0.07571525505012425
0.3191374651244983
0.24917583024559145
0.09492031372987332
0.0666810096599795
0.03629320313434221
0.06862511650996996
0.10710705835004938
0.2626594717013266
0.17735274138540572
0.19716057624189393
0.03398714239914263
0.10343984383831359
0.09417076976243113
0.06326562293366969
0.09219295832406728
0.11977144397042144
0.06246992746524867
0.17019170486872517
0.3014912440715079
0.44254529308217205
0.27176081671719937
0.2707584045044364
0.20533556529287839
0.12322084158990637
0.3259181352079012
0.25134987230937705
0.09280959791755619
0.09452609849616282
0.06524931770778598
0.07515276602524398
0.066365242809906
0.10634413751649827
0.049114020326135314
0.24192082826697206
0.12952785697336164
0.1368140227383102
0.2581694558087823
0.34750883484443545
0.26571775392977587
0.3546721689294869
0.24513488455559382
0.251309069481306
0.2143212170131646
0.38602578192132825
0.4539954596961967
0.37552932336671047
0.35960420446743935
0.37026500619047137
0.15793369149850192
0.14238704755319448
0.1430795535231849
0.07870995621313889
0.09156280321514482
0.13714297546839602
0.14135743347025423
0.1415460971118345
0.20017756413590596
0.14307974795734824
0.1815062668214317
0.2523257935060206
0.15091389961528812
0.117085383191532
0.15780850332853757
0.07235013260345204
0.16307364763321192
0.06766233767337816
0.234151402695189
0.11464895407872662
0.20787982557716211
0.20375146353063334
0.17636300822786466
0.18239483073356888
0.22852676771483058
0.184084129789791
0.15259029551258665
0.062159165193927765
0.09699389084754641
0.11331377506469359
0.11547913304266993
0.16267554699115389
0.20977776168608334
0.2539140798268842
0.15563479478711023
0.11956997486205177
0.15085735133163158
0.1756658153958416
0.13188338988211404
0.07298109306220306
0.1740059162275241
0.16062501488622324
0.13750898491248648
0.10642199737600817
0.16975095581068114
0.4081995622035767
0.10030609487332455
0.2240970448741344
0.056740834031472655
0.15318778102187983
0.08273715903849894
0.09948498262421215
0.07584632890751157
0.1610726012404241
0.1821274375894432
0.15347565561996826
0.1290502736376624
0.1865208645592403
0.18466355393480344
0.30356455212003697
0.11428669290141506
0.24796539164129586
0.0625504299490956
0.08908014476730518
0.08938606498972992
0.11516090231133351
0.05739827098288953
0.2028456767603072
0.1666908411311054
0.12294168938694439
0.1521494821858435
0.14770672031504936
0.09236878715837121
0.10974484267562186
0.09485841590546498
0.07648542500125324
0.07625811967082113
0.11620450422110148
0.06948227118605771
0.10034183295531574
0.12415971895354237
0.12109816991491314
0.1410054885628115
0.07086901994661578
0.11751160543890492
0.26277568924684414
0.16859749518229603
0.23918793878854874
0.1715991953945009
0.12026200218329873
0.08428102127801701
0.24950981276570527
0.28647670914661566
0.5751094491061673
0.09014936482796508
0.2468794726518427
0.22871246118805558
0.11823025525575404
0.055065640036453964
0.15963308344243302
0.1131559911659389
0.06989944810953617
0.0678951693643917
0.13902607671428804
0.09745471085618267
0.4052809193724934
0.13040660035560353
0.06206356512442004
0.077588922895596
0.11520170387400833
0.1777635899306828
0.10104927346967314
0.09464406881265519
0.26370990699291447
0.12075471842555602
0.20986866107260208
0.10709513767775221
0.2306335545784791
0.2567570008696129
0.14275456693770014
0.2028768749258976
0.09037082363587574
0.11694699958722721
0.03249616931289348
0.05057243676959053
0.03952671956886217
0.14155529699560457
0.2545909521198922
0.09145082165015775
0.11430010998205596
0.11902951633684208
0.13806555178772198
0.033730540731880386
0.07632001749522929
0.08709166332154439
0.2654211958684937
0.21005107624954467
0.11013528842917147
0.18850668180249017
0.09535519211673547
0.24997436387224975
0.2867718073690356
0.38366472090478004
0.21311512976413907
0.11192487739412314
0.10364944387550024
0.0973414314245849
0.06352779011170535
0.04986499625523332
0.04164661831016578
0.033435364957774785
0.051575257984625394
0.07852589709365153
0.11971040703758272
0.14594779625669396
0.06948227118605771
0.1090949155193361
0.056566411983137506
0.18618854666491785
0.1646197049787357
0.20064604441286166
0.2202207223641013
0.11247156302837578
0.1766991829292863
0.3399098719273139
0.2062667099698841
0.38571689164538625
0.1086485682296775
0.20609552733448983
0.07535075550768026
0.06433014704476553
0.10843897281574184
0.1390915724188256
0.11763482431962194
0.13307881422555196
0.10609091446313836
0.08334414059684125
0.3076401078650056
0.0437128487289046
0.09650620590822431
0.1103080381801957
0.04314933134197584
0.1442528797831564
0.10458043030692034
0.11101374807598831
0.21648453893037037
0.2204031375410439
0.20250073066439192
0.23585864163620052
0.20953020558881602
0.13597103740797328
0.1488002797477903
0.08082463403184496
0.10903829017921308
0.0941465909247719
0.10420498739109355
0.12943107034287055
0.13448558920102216
0.172160054784865
0.13511967361083155
0.1822390808899681
0.2613412223741205
0.2596078881536488
0.17193068280817916
0.12896411715434714
0.14804992500936215
0.04304199469684655
0.17762677854797612
0.15198442060536826
0.1390837023704296
0.19131464539001627
0.18628840086991164
0.2970985018540601
0.20752726086268075
0.20958603344594195
0.09959615241315602
0.09211207018104248
0.10516440366942012
0.10112540830815647
0.06709119884382556
0.12928294200770857
0.11413666756984556
0.1232711550414052
0.13670214032870018
0.13722747671283336
0.16806038172331952
0.10880978594433192
0.20031939733523627
0.097014392700305
0.05948236324771121
0.09223976918679061
0.13106530463334604
0.03418672147367986
0.09381758687433332
0.17793689358812667
0.14755522886026656
0.21064392557460832
0.18786166954969505
0.1794417929591809
0.1848777818314485
0.17593943816125596
0.05957796331721895
0.03627978605370113
0.13170480144269517
0.09021607907485535
0.11990714007567832
0.05137547735345546
0.12872472550508507
0.16546205727029356
0.10744788229835878
0.09458670877095074
0.11940448681515836
0.14940358068246914
0.2099403120098014
0.08338238062464433
0.31156269915834245
0.06240284206204281
0.2180399138242771
0.12153637822537076
0.11428032308954325
0.325083653766547
0.19766270371418834
0.46962787303903863
0.39224006501321257
0.23428326538478716
0.11834987798957228
0.03540767581202559
0.09912936578962687
0.06966346077628316
0.08362589555792328
0.1490788033564397
0.16499452754469213
0.19879514080765495
0.27971182586526866
0.08523378449494476
0.077093740300331
0.050265301982887256
0.10712331265961399
0.09860323428215781
0.13682207935732632
0.08670963007425482
0.08066047050587254
0.18678915487996617
0.266841649828523
0.09377197660107876
0.0803548959599171
0.1864671960295039
0.2325157805596331
0.1670046209811924
0.09030892581146759
0.04642339375295493
0.07812527319785229
0.08944235626975372
0.07047095172467355
0.08873407834077168
0.202833974339109
0.15804969910959665
0.11999955895914655
0.057398281732442685
0.11601605253557158
0.09293953616855055
0.0953839184143509
0.14084262642878503
0.13813389273987678
0.10768711104393375
0.07329766570837921
0.0941851884790177
0.2545909521198922
0.2076981498014939
0.3905240415416467
0.30769935429588513
0.2703492006148429
0.18365322936328207
0.11008528070986684
0.038252096907951845
0.04842224403395237
0.05779980202437516
0.08667432721865535
0.10760936773354139
0.14668139657269516
0.13794839848520493
0.20070369564337504
0.06114580445714573
0.14259820935658082
0.08703212850370337
0.04665118938931906
0.060878124262524085
0.05723726601519555
0.08174601223883635
0.21124248934978276
0.11242568174109308
0.2815122218168556
0.16331740970086173
0.3656968259759223
0.38920687071361476
0.2655546322248481
0.14080320453856143
0.1493903992090314
0.12178396952300416
0.06122213896562059
0.17074060561838794
0.04269315060017636
0.21252950695345665
0.18541493301456577
0.3890915724188266
0.31995257627349255
0.22295167114800887
0.21325533891277232
0.06931263859224103
0.06846876978143808
0.12613522962372417
0.1275039561565914
0.10946423886820715
0.10556822786883859
0.0915475064303292
0.15611595803539022
0.0809989158306929
0.20996383385362452
0.24617347765716582
0.14698897638843558
0.16267902510446236
0.07053373128280506
0.1542166124582456
0.12239537410944983
0.09552062055467904
0.10866614584413074
0.14802991608901908
0.15432323969354267
0.21357363390392672
0.10636463733430372
0.14853478741136972
0.05678644128759311
0.06831833297674109
0.04699699417000131
0.08521790195919286
0.07744176249620884
0.06322062777482405
0.09798560342725855
0.14469921553792905
0.23340021889821305
0.3424362625252121
0.1903928041702552
0.4278915564780181
0.20950504851460522
0.10081594393768871
0.10665784491677875
0.049052846824087
0.13371032469901498
0.13744983582634138
0.09145403556301808
0.045562993127385355
0.04714762137304205
0.13349278220497907
0.10320726289217548
0.07742744404030658
0.10856878401186702
0.11546576395143929
0.22291134622400618
0.13139273553142797
0.18984859540313806
0.19265697847031707
0.09875797884317773
0.1899208977155737
0.30575248204628336
0.3336378634592317
0.19985078554187388
0.3149332076191619
0.13984628955626066
0.09592510974405898
0.12907773698595665
0.09437133456787135
0.1432450592889774
0.12007479022254726
0.042719984761458704
0.07025342910941566
0.06109800442239187
0.07491699446973465
0.12539516940220524
0.15131305089201216
0.16556217298916256
0.13156481565654132
0.11925152670394525
0.31234038672017583
0.2080610160147911
0.11549220089401464
0.06284748569438343
0.1582108391871909
0.1608528309631386
0.26080831427186674
0.10435703587464139
0.2899221655210865
0.19700839109813964
0.13545672928721733
0.0772794337735554
0.048985475615762206
0.07740322942237163
0.09194921815828315
0.11523097611566135
0.05841164246922463
0.12388684914901098
0.15086128421662479
0.11834864026835212
0.16448779610652686
0.19816685843150533
0.12261664915061793
0.22231580444709
0.16936508313989915
0.4299069682597608
0.07697906810712589
0.12991759184836796
0.21181996643932163
0.3732824012017831
0.4018606348048172
0.2615447614442906
0.2997622619090661
0.20400970261253729
0.17489055089383443
0.16117007178473722
0.10593582866687218
0.03650787642460087
0.0681059443768134
0.10327846701833297
0.20648052421618665
0.10779364205742181
0.2014306037743403
0.16947624322947072
0.08030425179518269
0.06517840910176513
0.05597030382497456
0.11455673112002993
0.1160259416039844
0.09120577968731129
0.08098941412161437
0.11973436144286717
0.0949852488766194
0.1558578318049876
0.22249172983503826
0.07577967146128095
0.2465284373292667
0.1122427044811931
0.14628851463388184
0.10454296181637325
0.10908427581174754
0.09100944992383232
0.057168841565624136
0.1324790222546518
0.03682988635998872
0.0529241984794808
0.10220611403187053
0.24616637919690734
0.10288215979569573
0.061144318045850174
0.07997075209228975
0.09661212144916975
0.049157555740876116
0.14736351562073563
0.037903252811281644
0.05127987728394774
0.10488471716719502
0.25770704122583027
0.16832976480935893
0.24267768399643133
0.1391853291526148
0.21551092422819657
0.14842434886188627
0.047348877582659446
0.04910019569917148
0.12831833241398083
0.036360288537548066
0.09755241776517697
0.10798077694829465
0.05988388353964368
0.151567773126073
0.09350363498825551
0.18331420735004492
0.09957226193762088
0.047126670450622486
0.10092119664356124
0.15670586537061074
0.1891981799560141
0.07217367931895635
0.12731553206688767
0.08252477043857118
0.16480755311760195
0.31836008755928596
0.21874691145834543
0.3683887355079705
0.1290968698401674
0.10878542639729531
0.12547037942823763
0.10725146697287857
0.05880804344664559
0.08981330619595622
0.032147325216223294
0.07689737522567652
0.08585228245408195
0.12655340380309796
0.251317100246488
0.2549152867011384
0.16899074256102628
0.07382148021664943
0.06612966038400886
0.06646116832177563
0.17344707238853987
0.18609580908305476
0.10673707083032836
0.1307901029743868
0.36807051283502545
0.0960662973907177
0.1404136205608931
0.23553014967380226
0.17946115011570796
0.19669250048796283
0.11770925318663915
0.11414629697190794
0.11428716320630024
0.09429030129172104
0.0857903846296738
0.07189904583600758
0.0706293313523128
0.19223752940218788
0.21187165733374339
0.12477487858502138
0.1221377707741223
0.11821317584924411
0.29610543597227407
0.1605010586902913
0.19819346059939963
0.15499215231796715
0.08395598104169072
0.05417817162901073
0.17829435093809215
0.20416253122417108
0.21086305145702083
0.18494327307036937
0.16257302038590707
0.11323138501980894
0.0787017756398728
0.054205005790293075
0.05309627860459472
0.06329180277845244
0.03254983763545817
0.08827263628160194
0.08028493837259387
0.17777644553259228
0.03657496182780663
0.1010172494340749
0.22852061291499523
0.10520332930734817
0.18180736571213482
0.3052217038189055
0.17170085353961764
0.09345777424749184
0.0857723823623377
0.23393689976124396
0.10865903900248924
0.13479596475410868
0.11378320272810342
0.08705342329374129
0.16519203999373003
0.13902251362066886
0.06265463697866931
0.061402641812868974
0.06847455765520552
0.08103019367983716
0.07870625729424931
0.030389687652231143
0.11447968762410174
0.10784621129661713
0.15382221379964786
0.4589283940239107
0.09295353468196792
0.10041261029914812
0.10703696403893354
0.17035572296410617
0.04506797387366196
0.10475863032576248
0.12484322965518592
0.058659476563158675
0.14038426575764784
0.10831487875226067
0.21201203940167915
0.19639040365671848
0.056729081245888484
0.14480182768403546
0.07695546937380063
0.11446552353155817
0.14071392466841728
0.055480622047778407
0.04915616151659819
0.036306620214983376
0.15038352580689457
0.19249755462791324
0.2472199106860877
0.19071506749361608
0.07053257091306869
0.04541003301617298
0.13200510555021933
0.04886500769511068
0.17128785114921571
0.09482480082108503
0.03784958448871705
0.1413717621306094
0.11571798273100675
0.1283335333071806
0.2290168614310412
0.3191256707580213
0.14548418577686764
0.12509550312883855
0.07061021133841125
0.055126641047898925
0.08468575832178524
0.12604888726742058
0.11831981836448026
0.0703807711715927
0.1304234410524063
0.21511309740970502
0.25922143359829825
0.09878429769970243
0.06170028486029057
0.06449180688991639
0.1786292808396668
0.13261608879442743
0.1413127331237702
0.24825325392626643
0.05728356164903341
0.08818481137487404
0.10578881763189493
0.26630366017393464
0.27453484129879663
0.17207595185461286
0.3142038976437458
0.1215423398379902
0.1075497128388828
0.0708800597604312
0.07952647013622145
0.027652603201434176
0.11437431594308639
0.1255242842233738
0.09867839174588199
0.06826610630223044
0.2886351479174117
0.1573786939073336
0.08656663036314957
0.14569450718485302
0.14707144122465934
0.13903312358687397
0.10534474556413519
0.18387191497830366
0.06648028833567729
0.11086179742111801
0.13503010394634454
0.2953449741801573
0.18218222127130992
0.31831448376505006
0.13571098001483353
0.2011583363735871
0.12905873768697568
0.03515275127984351
0.09415359915139243
0.12185333819773822
0.03890953385936881
0.07858637114581192
0.064190666670967
0.17161558678557695
0.05413657867902313
0.11709221829854864
0.08117870471128438
0.13984569367730137
0.3119902273654262
0.38015288117361695
0.30045502879452385
0.3087209908524558
0.2918977603438782
0.23685842972158483
0.23719865291441042
0.4333956585187898
0.32539266782602505
0.15705193015319868
0.29485138045496967
0.0816749633832363
0.15804225622289475
0.06092974830005827
0.14944363371032487
0.11307804051999956
0.09636888916674925
0.14794326887997147
0.15593219784297616
0.16708908500875364
0.13959816338766481
0.27594855892010334
0.0968619904252351
0.18984509738148236
0.12265488917842121
0.14039045554008903
0.07913582553711089
0.11397540949905378
0.21800745833244653
0.11629366055337603
0.13348387518122232
0.3803308621205444
0.2924661703176828
0.21540752383152656
0.2560835461510408
0.16156879616133155
0.04722275702463254
0.10832749449920559
0.150601970083911
0.10977141451932629
0.08549065690714587
0.11097790881205413
0.09352937200219508
0.10897111987052034
0.16137063185415565
0.06844200176197587
0.14116108345396997
0.2364165536776568
0.27399671652681623
0.2740061524779967
0.16431739946989057
0.17349970285293287
0.22002638449486106
0.1758754127600551
0.20918845023799332
0.19490193853364624
0.2644502904658707
0.10461297775913772
0.26988998887556614
0.22130800859988634
0.06416915665532777
0.10830494448687823
0.052733595840899684
0.0703127946729371
0.08533570354668835
0.12908540144544448
0.12822814328743595
0.23576981054763643
0.16201805407681794
0.13063228677296626
0.18792478504517035
0.09856749566525276
0.24339657059467448
0.16077751708575216
0.09607998185666099
0.1705226758977671
0.2471858668826629
0.1917184694080627
0.4210049084553395
0.3859905144107997
0.12673774373641308
0.2305198776607726
0.24016326158336415
0.05573589469144958
0.10772299535576993
0.041237732777626324
0.05322557769860388
0.0665162578618295
0.12241466941844437
0.17675815075238174
0.1831156583477752
0.15507509782055828
0.29480596999696734
0.09981334284628739
0.12122446232057829
0.051549832682323514
0.0503281739144875
0.13462858053441634
0.056016487784222385
0.14237550343971997
0.16474017264405325
0.17569648192930698
0.14388149644358522
0.3080610958458511
0.17366307854087618
0.17282685081970758
0.30076705161378914
0.18091480689255168
0.05323897598412943
0.08596028016298839
0.17426218353753417
0.16349656858999226
0.16216709230207965
0.0639997647782114
0.09068397606970854
0.17999817584823072
0.09267177598850349
0.10283655600145984
0.03574981136837525
0.12034217435734883
0.09570976880767201
0.19845811448661527
0.09906748249960587
0.1849929489695798
0.1199500406624679
0.10257887458179685
0.23347965552896055
0.36196163593908737
0.19835157831586533
0.14641834091681918
0.17103142606772528
0.13515776820918604
0.1724039426730435
0.13271430587557753
0.10129768800949471
0.08861716246808002
0.06225345851213923
0.062159165193927765
0.1674277363536788
0.2204210896694469
0.1361297001852261
0.11225170456415148
0.11990490476362645
0.042083150597303866
0.0936687291403002
0.11350402220020483
0.10078159327505207
0.2795920389475869
0.10016975283020241
0.22952389638818
0.2201229108151371
0.11013528842917147
0.1473504908831683
0.13018593346119142
0.49913352790952387
0.12570462852704387
0.16451942494402652
0.18128648303538875
0.13807118752280198
0.059497898259006206
0.10644839819724737
0.16217229994931107
0.22265404543569628
0.1526484065146976
0.40490069614561625
0.22497974923169317
0.21131917252937002
0.16261410428455036
0.05145450425885494
0.11799103487120936
0.11278418200174731
0.09418254470126873
0.20266326158336462
0.23435789857716188
0.21122061173595605
0.1701107636820598
0.3304906968259771
0.1328649766018463
0.36736587915393626
0.15659833620277405
0.13273441552563542
0.09128816973219604
0.04369943164826352
0.059769163456234405
0.09863418319436197
0.07143336577568059
0.1121877777846027
0.14425493358186142
0.1793532081112552
0.2317443033922293
0.2339930682232767
0.31990967568670303
0.14956480826971266
0.17559210172799766
0.18427459178175246
0.268428971539721
0.08075740837915198
0.1421569772038599
0.1899208977155737
0.3272532582818432
0.13239975176698343
0.17772206067282798
0.23923750456037968
0.3523349142648679
0.24185660337020665
0.14702031092642284
0.09532264958852664
0.07882687938375872
0.0386680264078279
0.11656551234605429
0.09087742607405061
0.191280469854934
0.14620829060611468
0.05523772016156788
0.2606712878511504
0.2505408476874258
0.29056567432292346
0.10462639483977859
0.11077245422895421
0.057854451724689
0.056955507321731214
0.2776525976993891
0.2347520109102373
0.4299069682597608
0.13070919960619648
0.21326175306072911
0.05482219149978653
0.12642630635361332
0.06426236672309785
0.05748651438042876
0.08575827299151403
0.07667766843931748
0.03658837890844781
0.12373799141497747
0.182670698548207
0.14993870789729882
0.21608341879153348
0.12342498819238916
0.28034286503323314
0.38546710227859726
0.27590295512586743
0.30108077621110924
0.237463122191549
0.23483909126955732
0.15433671643110322
0.17714070349933655
0.2580757476454716
0.18851225151327755
0.14574577701704755
0.16599057389412478
0.1574061674698852
0.13540346999557765
0.16523208477669152
0.0385204385207751
0.07669140444167806
0.09275388987558886
0.11287137683056411
0.08703135074648888
0.17261036118205064
0.12644065193092713
0.1845478894437454
0.07596362138365041
0.11746131407743603
0.07066757138011588
0.0858106223901408
0.22835769503994724
0.08596028016298839
0.14830353885443345
0.08480001943914361
0.21528117851385878
0.30914162840262643
0.3225145245704868
0.1969396706226168
0.1934406253759561
0.18940609067410452
0.10227295435937249
0.1449247061618359
0.11884348777818314
0.13448558920102216
0.06261804552756486
0.10210046136121724
0.15174374852206574
0.15944879567535317
0.27748099535223275
0.23290627158502372
0.14616229919063897
0.12102133776887437
0.0651610073764705
0.06763396971030747
0.10092780498370038
0.19486416344705143
0.12017559359558813
0.2339733769836664
0.08321030049953042
0.35791959558189185
0.3578073695731494
0.4910160525355725
0.4234625305703012
0.2994889963750674
0.10204092289859383
0.13260571376526767
0.06930947977640368
0.04414219530942183
0.04157953290695992
0.14483765049252142
0.05841164246922463
0.10425087012738171
0.05880706445021148
0.28740257947676545
0.18949589542408016
0.04424371216817867
0.033676872409315696
0.08264276410519773
0.2646844217438902
0.20184239328712247
0.04316274842261701
0.10603097321113321
0.08106164897240264
0.17133317796171552
0.2145658518788773
0.1427544844368091
0.08646070286279336
0.16776770171839725
0.35821989968941603
0.13860751884428218
0.042304055261582645
0.11346680776669624
0.06864084990655199
0.11744875215208078
0.0720442123810273
0.0738223736738711
0.1804126496988028
0.34091200599763083
0.24147209047792853
0.15186807723359622
0.1293446573559647
0.05963532335892359
0.13131623448185684
0.12719519602523735
0.11847688454413156
0.16359828643837238
0.18930485979663828
0.2081787113600387
0.2992356235724592
0.27721412795030337
0.4446825975921209
0.30047909600285394
0.12739575609465578
0.07485518210784897
0.037581242875893796
0.1303993750129565
0.12539841518469053
0.125
0.0396072220527092
0.14146296971908115
0.1977836556001468
0.23728314553079743
0.13325216592677971
0.18398815926485673
0.17105983217803816
0.1115089306712532
0.1683777883959363
0.19305264055118218
0.239100693177673
0.24416182851012855
0.346765443016712
0.20081764676001898
0.33565733217886534
0.09259127350465655
0.23112542399792324
0.11874116367428085
0.14409428654399786
0.04577907914764352
0.13317188609390937
0.09717958432077049
0.13273441552563542
0.13371032469901498
0.1174954896125183
0.12303192629583026
0.12178396952300416
0.10318367328835958
0.09278942746420522
0.08058298633081684
0.14015287721895184
0.20811074651417433
0.14071924681875872
0.23844146137410455
0.21041040705572406
0.20673731955662922
0.16398759787750372
0.16793837482321877
0.2072339161184332
0.23423489760706956
0.2485862823786942
0.08095866458876937
0.04331033630966981
0.10789497577471646
0.07866637753988477
0.10586563264257552
0.11362083832257615
0.05839252245532309
0.1690283119492575
0.1832079964751739
0.20345814882953617
0.15573091650614201
0.2488941079897855
0.23553789675301018
0.2539044416249191
0.17462737240067258
0.11308532222069709
0.09406568839213347
0.14286017873397328
0.0605244507722802
0.1612973422784201
0.20313938052844918
0.21415804212511533
0.1046820761109669
0.1801430543517314
0.05081048438807915
0.16375153977419124
0.16684148121123693
0.16221498974640797
0.17995371214885159
0.12285805826109976
0.10404506666109631
0.11189269718258384
0.10869340582299541
0.20828949994908816
0.2512495263876926
0.12359055999663872
0.106680900367419
0.13534703394788025
0.1106655089263456
0.15345321765862077
0.1092665600586341
0.08457582567287253
0.10265250325661944
0.11922686199349103
0.11548617991073433
0.11935566596764621
0.5708500547245544
0.22211835767771326
0.2031472943140374
0.18837218653248586
0.11711860193438359
0.1547792776358996
0.14091350477346518
0.11638478472234731
0.09270172418510651
0.14111505629618623
0.11877242482623102
0.17126143996689916
0.10928060899256115
0.0980837856858428
0.14410798978475012
0.0991618774329067
0.14698897638843558
0.20616796163578208
0.22186245895658557
0.05683475359596076
0.12103790322545946
0.1283897956035104
0.06646821749631479
0.26482622135177475
0.31255281218185016
0.10737799807108547
0.13413457442711846
0.11999294124925652
0.09866476978223954
0.06248944584539225
0.11929312929014624
0.1154763871761433
0.11197316435431487
0.202526450200657
0.21338756173638554
0.10362203803138867
0.03590410779574859
0.0986483470752253
0.16435214798923958
0.13967003234307046
0.1561560700492743
0.14251185698650176
0.12531922655965025
0.061470844693472006
0.1201953568840102
0.19481755941576148
0.19145464226693698
0.24565374617067515
0.19581376751513246
0.3773964619841664
0.22081663642981078
0.054511159633309124
0.057982087780260066
0.055199480133764786
0.08718308567885683
0.05619372085664519
0.07351938338540573
0.08909110186860522
0.17598705606058
0.24952277667290967
0.16880467039348512
0.0811262189842619
0.16277455234008567
0.28292936987445444
0.11581624009450756
0.3915107550377974
0.14399033511007892
0.5393560744253936
0.2604071941330298
0.14285373664349205
0.2032876863626307
0.12385945005421843
0.31699243578504144
0.10421046533990254
0.2884118596890455
0.14783520387136337
0.14372674827568735
0.08728431659987519
0.1718807004742803
0.04871779542114056
0.08666915696839611
0.09253063336849807
0.19455705838120402
0.12176946395854397
0.11076224053165933
0.12259541962492931
0.1473032934165174
0.20491650835272163
0.1705537487683738
0.18789709188179854
0.08892002716972726
0.04247847730991779
0.06103108437373645
0.10140375709881017
0.07886696677314986
0.0940000669719785
0.1412684420707914
0.35045302450016447
0.18366288357002655
0.0872613562884586
0.07885782829596272
0.10446292883158383
0.11135095054117199
0.1189633271663172
0.08545101337090837
0.13800119951793488
0.09366894810367635
0.09845610363716079
0.11313187786512251
0.10055301575101418
0.1325972964072252
0.09143190647719544
0.28611820503466
0.3292795219713555
0.20664588678655577
0.18730396192143534
0.16076895164590033
0.20836373586282456
0.21287445768083654
0.27261824335051094
0.07204972304303799
0.2277163146768166
0.1531513113513873
0.06690071644633855
0.07392168238274478
0.10772128657901603
0.09654961741808381
0.09868661072601241
0.06663324844688966
0.10671347209700245
0.20415838222633595
0.2131186367724442
0.1068668982019611
0.08326766054123506
0.15968592727103997
0.1813865267821261
0.06051103369163902
0.18503672004554308
0.09188243633190357
0.12599902339973792
0.10018125500424675
0.12070798991024238
0.19038904182827834
0.11747449449333965
0.06475083117424606
0.16718602372637031
0.15819956220357573
0.07942400326880596
0.08043622281837022
0.031033707523006937
0.10120261102859392
0.054631067648067626
0.09145294982196525
0.28803356439255856
0.2780163682279781
0.14456584035078293
0.07813322589894632
0.06232425471211518
0.0950763385986114
0.08436740596188516
0.22810241995791894
0.05115932848474934
0.23072948775123583
0.13329696486291645
0.20057989999455833
0.26774769267374876
0.282119042103356
0.12772169286233093
0.30518059102517425
0.5397665085735146
0.2551118832981248
0.0952703552349545
0.042948075132358446
0.07468999097457191
0.1112707265134048
0.03640053977947159
0.1574242977015695
0.13431827896565135
0.10475477723100335
0.22233698527401738
0.06586406471091003
0.10661935200117602
0.06718559377712677
0.05268887567784175
0.10117199399509483
0.11294580569758134
0.12510937130328387
0.1443766754319731
0.09319094775613769
0.1426071454847829
0.2741587316553797
0.1457693764811553
0.3622096542608065
0.20196273064934775
0.09064936384571227
0.03574310282805462
0.0902921432522259
0.10714035407029186
0.10931069513875814
0.10012996956587965
0.06227388527733704
0.0660292558441871
0.07489309445235767
0.11636440460481215
0.13355799110114064
0.13198885190521473
0.09295745542351633
0.12363949112633511
0.11680119465814909
0.23317967586568092
0.11968272385777708
0.0452423959219971
0.18110574268493954
0.08034147887927592
0.3357394329049625
0.3580229055208669
0.2473966984598653
0.10234549113078122
0.08690046318252892
0.1156028240128452
0.03350245036098065
0.05543342458112781
0.05394670438163391
0.06008237504621172
0.06551008371103055
0.1145221623896682
0.20929097684324016
0.15976683616132278
0.13829506054988575
0.18782894816648288
0.15228262614815535
0.22956105545645883
0.22580326344087268
0.10548633796408691
0.10502141930752412
0.156523950676362
0.12348615969422715
0.2022604461174138
0.19633989902260157
0.23887620346890534
0.09397486832610108
0.2377325793506031
0.21612608385967558
0.04891867601767537
0.16116380882889494
0.15270643685527482
0.09801669006444233
0.15295512586647275
0.03888269969808646
0.11333491649129382
0.09002916763601632
0.09314420043495582
0.1943177672382348
0.33368076404602126
0.21865058768009013
0.2355256749769288
0.06468374577104029
0.16455520142067315
0.06475083117424614
0.17903863960825775
0.12624061288038924
0.09900557014081018
0.13417315073261965
0.12617297173630515
0.09544911168122361
0.21111378758941501
0.039781644101044254
0.038211845666028324
0.0827911966559726
0.08147447563590546
0.05399491925796738
0.07104768203886613
0.10669795693066188
0.07728186210180486
0.1542166124582456
0.07673228418680343
0.08591418027849002
0.1243305966289528
0.21846837124850882
0.16467386827406802
0.15244904638490395
0.16645535401529502
0.13253811887111208
0.2092226257730756
0.36332542867566675
0.2693208552993056
0.36963220793836615
0.3779642466253201
0.3867916904909909
0.20730879580847406
0.1436397739503815
0.050300635323714975
0.10092440269746238
0.038319182311157704
0.07381683784153577
0.13497692671867628
0.17071673108905994
0.15034981548735799
0.09089654608795215
0.14484902515068634
0.14474657982659728
0.09271942323510048
0.11725626086694242
0.18383335962903244
0.1961851544615807
0.08632549684523402
0.1099974399755975
0.17420001823445244
0.07449163171972946
0.22122282443467092
0.3554173077515056
0.3547878527462834
0.40432323969354356
0.16213771788511488
0.21729147208705282
0.04610108908303137
0.12145156120008777
0.04563947318299154
0.053120748715248474
0.10032834731849759
0.1429562632487389
0.1767603064574981
0.2606879782302164
0.2768009564344665
0.1480762309293824
0.13183350320306295
0.08554279333204125
0.0921504604230976
0.05898524288627101
0.0736516467082587
0.12968847386360516
0.025344865331154345
0.07736425214668953
0.06503320876228642
0.22153865267971737
0.12528119660206358
0.2570400922415792
0.07208997428496151
0.07942400326880586
0.048377403316863264
0.07334964844478814
0.09396644460836634
0.06298551115644874
0.11859623156598458
0.03897661926257458
0.12276116687813353
0.15950106201641925
0.22783623885945908
0.04314933134197584
0.10425027362276562
0.07551534577792349
0.09046426928334941
0.23702574201006285
0.36425719807794943
0.25731856906398415
0.28643218244864066
0.2904958679655079
0.21663871688590777
0.13546529849245711
0.12907921384934032
0.33046416955338304
0.1593698101552148
0.3461327982488152
0.040935513036184215
0.06734013001905673
0.039258377956039
0.07604147728539266
0.09630894533478226
0.09930746743430252
0.09727397876688346
0.16937395186726023
0.08471544716829467
0.0394596341656564
0.13199711055034583
0.14429040496169365
0.22911346224005888
0.13994881616150748
0.20549381072003597
0.145929534800888
0.11218837822847234
0.13503195208736218
0.21651858977965244
0.08299806084622595
0.22929587741700147
0.16055073413189422
0.18313222729416626
0.05549304553184457
0.1264774112569405
0.10981393651951883
0.11701933600875629
0.13489602334914325
0.0842768695126438
0.11800954484586745
0.14171256279946848
0.15560733143881503
0.2421336660572106
0.17440703636636096
0.08572172821638174
0.154948592658133
0.13147097904287675
0.19422655964976304
0.15730541043943105
0.14544616234232402
0.13964123634576703
0.06265776659422488
0.13682240120511405
0.1713561329020263
0.07147278857546806
0.17641081777219
0.12405264140776685
0.12147448040096337
0.10584527973790912
0.09674629954991396
0.06741716901685305
0.07684244852908678
0.08469696614142366
0.08758061771238654
0.12469316727018619
0.05299746853258852
0.13392281162107245
0.23762635022511025
0.05708967812814284
0.12157951408151815
0.10088617956258059
0.1728035635867029
0.11113754372480501
0.04646163378075802
0.038312473770837074
0.159915872533268
0.13763225100328394
0.15392730539947577
0.12976236491379398
0.12253638103713921
0.09680031750485782
0.040804499667637946
0.08689343391737285
0.07331613462050747
0.07343094305867416
0.031648482350822564
0.052434265250117615
0.11213133290503055
0.11966326446513444
0.1746102690114959
0.11186572044253752
0.05154553326578477
0.07200563505881913
0.14969445457862127
0.08952179486952244
0.21200132408820208
0.16509773804010233
0.11930805654667871
0.12908099600537534
0.16464821292563653
0.10846367990315123
0.050783650226796796
0.23700676965874506
0.11841915373889289
0.2876675710188799
0.11034773344884607
0.1469354250273626
0.10665784491677875
0.0885146358628335
0.12417913170375787
0.07599108473194532
0.13108606137195683
0.20407809135599428
0.11367509842796633
0.23628964955815918
0.14081941639527032
0.1243183303878559
0.1824294391431024
0.2017022296147903
0.1368870386785884
0.17456863319975038
0.19953062915634415
0.17700782109203933
0.13910755245389025
0.17185975067734086
0.3198208415700204
0.22874863188617375
0.079764544411706
0.3451781213055139
0.16589656911364903
0.08777111501073406
0.0954967061926513
0.09193724917913199
0.029477326168632183
0.09575273741676266
0.12659963161478627
0.11997596022582063
0.12789377298744428
0.2927775893371822
0.09625111695464811
0.08916578268580029
0.07523680556808697
0.10487027362628737
0.08943737531005226
0.2439327364831158
0.0401414453863339
0.1295189741690757
0.12269312920622355
0.08687559715152161
0.45954943451295277
0.2352302079706116
0.19906000483570346
0.1416531711580152
0.04886500769511068
0.11099963516964614
0.08458840736428383
0.08358361765956068
0.07470771968963476
0.07713540269836981
0.04661093814739554
0.10466038229770157
0.11882833548072312
0.0969652417936752
0.09687696111020525
0.1092150587383771
0.1632245629642492
0.1539097972717864
0.05111907724282592
0.2572748189745421
0.09545502194869661
0.08327992990498076
0.12346788877917873
0.14449504415080708
0.13957959404034212
0.22248244308853993
0.08366220633796347
0.10172823968203301
0.16209298613644682
0.09022341261694225
0.07170027260240336
0.07988078152548846
0.04769009467393241
0.07196086105740493
0.04939246667781642
0.12810818360087609
0.09233188778627405
0.050351473480831896
0.061991383516655556
0.07251166922258705
0.0985955175993342
0.06280899359608458
0.14128435150413735
0.11492715626061077
0.18042563626645308
0.07988611762387911
0.09499828512635751
0.11363600947811746
0.18823659327809483
0.1624912612420322
0.24516457269244876
0.18045220660604766
0.26293425100770335
0.1664538489602338
0.056872947313970995
0.07565694332230048
0.0741311515484617
0.0350588317153554
0.11045243865252707
0.13137813230626422
0.04608767200239029
0.1844555167362392
0.10796051532459097
0.031409385780959385
0.08876148020126425
0.03279082384115226
0.08390052904087206
0.15244723515524977
0.13522762680544934
0.21302822627488052
0.20137282373068943
0.23164785747674269
0.13876732737033468
0.2726010677544061
0.08769458689120568
0.07188919959654869
0.12504111759815653
0.06569908530943215
0.04985543624828256
0.061999772128892246
0.11890011505890338
0.10952519807270412
0.1196926371417333
0.14376145775920834
0.11660692570038113
0.1132857193280991
0.04783524675590159
0.16673694343168252
0.1630641109403084
0.10440999762519497
0.06900517579644166
0.12316002144106825
0.07456237796190443
0.13603139265254846
0.0937751317999941
0.20443678262882461
0.10199156592110802
0.08098202000502214
0.1749572213822163
0.07872049670559823
0.047135462143711
0.09629045620338277
0.07960894388785286
0.09819961570793774
0.08863550306858292
0.048377403316863264
0.10883724929262711
0.06265105805390425
0.09654173019238416
0.22225579168186865
0.0805066766846702
0.24143361227654186
0.09305710765882687
0.06094038027215616
0.23898605686208427
0.10535406126189552
0.29624298761733
0.2143660438029433
0.36875228018971323
0.2080348633337498
0.09629438776161753
0.2953061891631248
0.34279727065016585
0.3142038976437458
0.11986513696635197
0.0999190265843161
0.05545702331445307
0.0637702335964801
0.07693484262895127
0.04252291091703943
0.051846417115682254
0.11520170387400833
0.07202509236712576
0.10944144295511489
0.07216492650876491
0.08882563223642605
0.2242338562568411
0.16969171835096733
0.09938985747918716
0.14097132818915187
0.12278147939055219
0.054109639341376664
0.09410278457117807
0.17258906065275695
0.13296717092502708
0.10909428269328528
0.16817780813938357
0.2005113677425261
0.07563877499451797
0.06343339517840416
0.024955769992560634
0.09039385899157301
0.08465280039854774
0.15940514317385435
0.05123312242827575
0.23020284767859822
0.25179285711691324
0.22834107424160643
0.05290507846557926
0.10101240423203207
0.07126738882522517
0.07567701502232106
0.16369712865941072
0.1692812842028463
0.1108280546027642
0.10673099530170091
0.13355799110114064
0.1376917103958941
0.08526554747458226
0.1707121730010018
0.17477674854864503
0.3743615468807014
0.12455670895215935
0.13835439239501351
0.12428299992817209
0.10000126780551281
0.03538084165074325
0.061710687645657326
0.13762431963500105
0.06654842797734366
0.12155277955315894
0.13427679262095268
0.14153556529163971
0.12323614025491479
0.06403162306820054
0.11552755702221713
0.10113069046922885
0.042316046777405664
0.07915966580444438
0.1553814024876079
0.1241727829804909
0.25198946668211814
0.1038957833379621
0.2479010407611124
0.17324154737896066
0.11398480858698846
0.18226497988617907
0.1260671287851153
0.11342959333318857
0.08606083244393338
0.09435549025864506
0.10635768272923678
0.10465815135529093
0.1640260471732574
0.2529049616928137
0.2850615556739307
0.22212240058372934
0.15248241985676075
0.056780705283422675
0.0993141049488008
0.10773578500642397
0.13965832411330817
0.0930085077183354
0.0678250197761523
0.3380865788033572
0.24913577327463765
0.15817901653774133
0.3716855304861371
0.2364105542987223
0.35943694050329517
0.08204474519896769
0.2430796071589836
0.16229334924817962
0.07926031905029444
0.037138512790193624
0.07906701410368232
0.0615691100093174
0.10789341614507329
0.09432414079212405
0.24770428094817593
0.0858871031933519
0.19326888086238278
0.12245382745565843
0.17289403214775997
0.1651203371347886
0.15458981649713133
0.2141317266719925
0.14179326724648847
0.1711178512278968
0.1410496673700357
0.17491551454933596
0.4526189506620217
0.18792997592262561
0.2473695361203911
0.09787505241179893
0.18940861618375945
0.19341712795847252
0.1650592238140433
0.05429052657676265
0.05863515155318774
0.1640344050445566
0.10946332445832797
0.13027366669456014
0.1698164973039824
0.2096969782980503
0.23962326462692468
0.21072613225177314
0.2754205286947899
0.3162622406116507
0.08203202038778759
0.1337636096652062
0.21291456173314835
0.2837705729276665
0.31960960239268155
0.2356450167539107
0.2757961662680909
0.27646602630206607
0.21594430755750402
0.17037376163539839
0.23149156628099998
0.2100122244003348
0.11627981667521732
0.13750601691967004
0.18507313140632126
0.22530918198381386
0.1372274767124586
0.16821320080000332
0.07644181557832509
0.13338004075455479
0.3499400864390771
0.1527019328148545
0.13871737223745637
0.056995758563653416
0.1262406128803883
0.19568588106530374
0.20392947858476917
0.2671460124654925
0.2552155908086625
0.2064966474733267
0.2595066288311024
0.3589492096648312
0.20500219639687386
0.22591086219304188
0.1934034109424475
0.08940518500363145
0.17168814833018448
0.18331420735004492
0.05849847159546479
0.1621327601179463
0.2021904655372711
0.20465149483467668
0.15827127622341913
0.11381669082791805
0.14744358555974169
0.27021400170350374
0.1859803752203431
0.25581619902371083
0.14850875592849397
0.0710957428983822
0.11988979549666676
0.12738267999669284
0.11598008133123464
0.16069192388868347
0.22101719649922924
0.28520310097428
0.1683300662629788
0.11100254187887623
0.128217474647424
0.086712070682979
0.11860300164052942
0.12749742886192647
0.1211279976573038
0.22639558298750534
0.13651867228685616
0.23097675927279188
0.13059539022220518
0.1004760731415952
0.061710687645657326
0.07805083585406167
0.10894017095831617
0.13886776905964893
0.14562007831783674
0.10040772207143066
0.0964405191020124
0.13892355010904217
0.12214324154149862
0.10449557830352757
0.24762949236817655
0.36301053776178277
0.29372163626375414
0.17752417001094536
0.11656329806639934
0.0932015247994318
0.025341511060994026
0.07824530773006382
0.09801119892397207
0.038986262789285395
0.15217344833090146
0.16675156440192374
0.07931870548257697
0.0956353789878394
0.06393171100915901
0.05607900077323592
0.14346164117435714
0.11529113614192528
0.17071673108905994
0.17244154768605874
0.09658961550044985
0.2130526318348109
0.23669975597914455
0.22023501750190577
0.11483679320770285
0.0929132834400444
0.07172771310765015
0.1946369937978841
0.07006833723000779
0.029893255668508145
0.09133505561320227
0.061340743988460816
0.05163402851575458
0.11817900031416184
0.09114454644097737
0.23080452788685354
0.09649522056714807
0.04741763447583533
0.20043154147891662
0.14291392901801225
0.11008528070986684
0.18614659640833636
0.23007584695022032
0.20790056795925674
0.20712403301802362
0.2553356439255757
0.14625272368747746
0.14357469355111996
0.18553872866338153
0.23446895885801222
0.2176477873329979
0.16401802477048041
0.06871329743380092
0.04124410589093089
0.1034835202288266
0.11008290570096287
0.08947155084513445
0.18488964479456715
0.12477999555320914
0.1976720044189115
0.37465082442966025
0.19835086301964225
0.17397583221711058
0.08082861148081535
0.0663847117648994
0.12436855254686967
0.16532880666036132
0.09805800149293732
0.08796528364422557
0.24364726324250877
0.128398556441748
0.14631098244472646
0.17960427474825233
0.1899682917225891
0.21758068007161002
0.11485944663591474
0.14735712375375218
0.15309349248447662
0.09343706440282488
0.11762211263996106
0.08635444894217781
0.07557522522175054
0.1558207832344781
0.06464321956836303
0.251910509597514
0.23928310835461558
0.16325603714442016
0.20580507226485883
0.19555241174020566
0.2450942590854265
0.12964499322283707
0.1917183509668008
0.24051163524671063
0.18303111935135774
0.10807587857849181
0.265887111772464
0.22897651941374822
0.2214179722788342
0.17874289436710272
0.13690607859445003
0.15596569083313427
0.12660350279511406
0.10943535355358107
0.045658325421873064
0.05439643954989985
0.12278147939055219
0.07320327077507802
0.10789857716162023
0.14581813206858818
0.14703803356439335
0.1056408508808884
0.08444954212541592
0.18692992243036774
0.24202969326601617
0.08292856456134245
0.20536990727083598
0.06411962566369205
0.19281181772448486
0.17232319558145412
0.2883002163885206
0.13150745561483687
0.24655956578272586
0.30709757829366535
0.20620517606929067
0.0723692526173536
0.04816731950177029
0.11465766963896139
0.04100259843938998
0.1395127082383206
0.14641970271137453
0.06453004691771948
0.10994649856256887
0.24024093098406996
0.15428903684786574
0.0903831486358959
0.12713299050569152
0.1729108150536759
0.09644212341716665
0.17359186186895303
0.04278958586728471
0.1055357906158683
0.2060935327687658
0.04145877918118946
0.14227275254709534
0.11417884751997408
0.39036316434118723
0.2623113739995956
0.30141132649390057
0.16693981439255792
0.055379746014830304
0.075984657016893
0.07096067900969755
0.08041175048269458
0.06452192382163793
0.13838631153250208
0.21719798106708293
0.20166676957095822
0.14357328447488202
0.3130664218882699
0.2291788951859816
0.24883234901191967
0.2751497938967884
0.15977066436227544
0.12177182383187601
0.14108371117345953
0.13761897511356
0.05688171337820481
0.12734112489664676
0.2686860761908286
0.4111957314848612
0.2554300937426085
0.04400534108688193
0.0989034387305368
0.04919579576867921
0.06496731284454865
0.07997198913530922
0.11704878595578154
0.19398169914161048
0.11846564129300169
0.09071353090245003
0.248534038023453
0.16349656858999226
0.15365839595562117
0.192037577526451
0.11021041670737103
0.060859877788309216
0.13298747574087563
0.15016730115107743
0.20832524944812025
0.1761921571777539
0.2411281980290862
0.4641098139365213
0.49409978701951063
0.44194636993798014
0.3882503104418221
0.20320131403385044
0.08437662134752473
0.03975480993976191
0.04066717142336096
0.1507661437431598
0.04777822416317658
0.09675480663372653
0.148121493808665
0.16602474942920706
0.22137971732463174
0.22697008391098183
0.23230816890379014
0.130474974864153
0.2628242431820443
0.21805898546138228
0.31812838211168526
0.0532523930647706
0.07053373128280506
0.17115107969153268
0.15712762726004856
0.20854236018139616
0.11535060849406199
0.2513834983483223
0.284988598040334
0.12825383653711012
0.18661072601240453
0.11175207068000982
0.058182202302406075
0.11566245934368445
0.056767321273691565
0.096341425818455
0.19305912282228455
0.06385188677128827
0.3660221266888323
0.14584017195034935
0.2618111146189599
0.18751553500282717
0.32863772974921707
0.282606408061756
0.34713608172199995
0.44384947092056226
0.2818139546179369
0.13125615475531385
0.26154303869607864
0.12023045962544973
0.21871306045887312
0.14878200722984122
0.35976465252297374
0.27831995622035793
0.11777928563352695
0.11228277316177318
0.06762748916977006
0.13354952667462877
0.1086634456109641
0.11752318101909705
0.09106751190232952
0.1530463334549436
0.14492970537372243
0.30136248254992126
0.3694819408974836
0.3468485840524197
0.10370061627553838
0.3013495581310008
0.17787348932608715
0.22174895594213995
0.21591865330979973
0.34749475299212806
0.2962268907257811
0.091383736246952
0.3265194396015071
0.23741184729116524
0.2658599129830369
0.15016412201413293
0.16720444975262996
0.053383078813117914
0.07692483857397144
0.06227388527733704
0.14024201821373672
0.07990253809456284
0.0911642262825738
0.13868975575278283
0.23894726670524621
0.24502918642831137
0.08098549875005172
0.19725689805651858
0.22694410411461188
0.12772169286233093
0.2812304781912188
0.23839947070792822
0.11947910310954485
0.37015522047503835
0.2623245417997519
0.40938321369712055
0.18844792641056446
0.24325844992396659
0.2095852725423724
0.22794579084754069
0.06040012391498543
0.11759760988611426
0.10509356022733714
0.07939653992051103
0.22683327252827512
0.06240772537464786
0.16449288580809932
0.11677780337579248
0.05456726696760445
0.1446607786530191
0.3148903070323723
0.1665834585432865
0.1934616501876228
0.3672254871053439
0.23003552663812046
0.17969496346207697
0.22871990834178973
0.21837429582649223
0.12231072892819261
0.32795582551319363
0.183126170604322
0.15970947611961833
0.21131917252937002
0.2113735862823796
0.10966624595805631
0.10493302831977902
0.07848644134951395
0.05380511198168209
0.07122097717575292
0.1379058737686983
0.11414628717446514
0.17040113072651056
0.06756841810889005
0.14299932949541772
0.10758831822400211
0.051883850839372074
0.08346765866866661
0.23525696142794517
0.1145147832723149
0.07322965324292316
0.20553630062021203
0.240596843474417
0.1875194590444421
0.24808464064210234
0.28228586107261744
0.11197598962854477
0.060658621578691826
0.30596698498022934
0.048636917324210945
0.06338619771175363
0.13638084720460633
0.10386548392156432
0.15222509268867074
0.13868432136346628
0.07015133100477414
0.1077518163633163
0.08294439252366126
0.10457637433754269
0.048261239066258406
0.23235133163079244
0.07057384417251027
0.07471972209062919
0.0952813918091041
0.10148148311713563
0.09691999776700418
0.1499452754469177
0.07097349160254063
0.15291979194793903
0.40729817097620563
0.27092677743440313
0.10140629548590009
0.060685455739974074
0.042894406809793756
0.0803300882393184
0.038144760262822555
0.10438648599068015
0.08436740596188516
0.15341249835800566
0.11886681975953185
0.06990277082405404
0.20416818679314216
0.1607533746807739
0.10159254696541277
0.09430913804463291
0.09656113260481376
0.12466835225268424
0.09665167027231754
0.17771798613644693
0.2242842677336849
0.1340463894967664
0.10686659384064309
0.09332478785344851
0.1549921523179681
0.11101292522497112
0.2189313717772767
0.3481133644713459
0.30759759211966564
0.1026746220493001
0.10160373116743175
0.13475074310472543
0.036440791021395004
0.09521304073893955
0.1401860634804821
0.1369798854152009
0.12146944831652515
0.1662905739255257
0.3619522507400719
0.07788605576429236
0.19597120685451805
0.11618221641406748
0.11878847175837849
0.1025257643152666
0.18711417167955077
0.17420649398029994
0.1691358051952267
0.07558141495281334
0.23599963516964706
0.2821571593122497
0.43898212331266095
0.35447829259394503
0.19027739852775344
0.10160527876595234
0.14001716723167107
0.13266945545696102
0.0989127234041986
0.1624863188617299
0.14757209907816063
0.10690226196360504
0.15124733394127526
0.1061857177721541
0.0602662838176746
0.1486683692083186
0.05843138619225893
0.15107909074856574
0.12048170896965843
0.15486835666915139
0.12825705325157405
0.1316867550739713
0.1897083952411542
0.27075609371502635
0.15720746137800554
0.31152202289767666
0.17739167840627362
0.09781051787406822
0.1530263930769033
0.06368876630605146
0.1434806736620218
0.11354123663371345
0.08791017789192525
0.15624393708608997
0.09872702993097357
0.16681867931411898
0.10166983234457704
0.10515716062111291
0.13297700700474296
0.09728725172906316
0.162436318245578
0.17454660690721777
0.17219974750342862
0.1961875228018975
0.0460340036798256
0.2704753096178407
0.19886210500325804
0.22893447138615652
0.2345804085630809
0.18015956481444173
0.11346825098230384
0.19383303713407193
0.13270666989046867
0.10235572757111447
0.12326421866463383
0.0848309683513477
0.0782062022400415
0.03460265097355592
0.14327556900681598
0.16052248828097643
0.17274940034536107
0.11919783052696943
0.13172785359409622
0.19541299035189358
0.0998901653734485
0.274906960144883
0.27494986073167255
0.35898246825224106
0.26996306092667005
0.2264593371210804
0.30254298189711987
0.28265453799033663
0.19494739797070446
0.08147721379136177
0.34720254123743294
0.3684290454840858
0.14976042609586182
0.1212500792792036
0.11691117196996767
0.16263588885771177
0.07273253288148296
0.13434410496483246
0.18373307959432322
0.16018073293015467
0.17470533534007948
0.13601862962705663
0.12892192630426896
0.1943177672382348
0.1802853231307849
0.10250109819843693
0.1136080224969203
0.22361052604267134
0.1176058663754548
0.051561840903984225
0.1479531632100555
0.1319328759241466
0.120429797560628
0.11634528459091098
0.25867727758951736
0.22032530598075364
0.16096529237335297
0.1269384326966878
0.0990276075654902
0.06135612461006283
0.06175788511230794
0.11704685651265931
0.1179766136701665
0.08060492724548592
0.1941580007122148
0.11734383001502648
0.06284637668693738
0.16267902510446236
0.08853522437111111
0.11141551971206842
0.1816855161915327
0.0605781190948448
0.2090545594235354
0.1865001335266644
0.17645683151304023
0.18678341580420824
0.10506915850093645
0.30958452315445567
0.2910565652291861
0.16144939738465866
0.11667213756027928
0.11957541847592724
0.12928604921586803
0.11113884008723374
0.14027171255132578
0.2045786209412632
0.12575764989051896
0.15471264731700632
0.09967549208318954
0.10190967409524271
0.24917913170375883
0.24037759941627204
0.17164524774339585
0.06825268922158928
0.12779687623349267
0.10785207518792689
0.09462424075166659
0.09502479973797075
0.09128816973219595
0.16674564171457232
0.10596810290389488
0.5712787303903702
0.1261876434301253
0.30047909600285394
0.09596334977186224
0.04221013569709454
0.07572833524088501
0.12741474276378056
0.07942394353097493
0.15815395840933985
0.136484702819936
0.2560750966335894
0.2856579916094338
0.12302019682478446
0.07441112923588251
0.15789097207964908
0.16951174463014212
0.1905125741351401
0.12740639478634874
0.14660941074495157
0.252143378329078
0.1743635799892577
0.1554074729917705
0.1469170330207199
0.4222704757656186
0.3504185532880704
0.31156269915834245
0.1730495114744184
0.11468920532065023
0.17849846178249887
0.14398152930120325
0.0953388826342084
0.12413608685051292
0.0802828907726678
0.1502997160222526
0.09177606672742328
0.22617465038732182
0.18850842269608692
0.17930317580562277
0.20959855665897964
0.3488246711825916
0.21471961031948658
0.15063646539744158
0.1744240498532325
0.1048350362221791
0.4203739055012564
0.1495567487378968
0.073378014026513
0.1187926463703087
0.44642350612791104
0.07839600218630746
0.19666920407181837
0.12096382334959638
0.1389979011968514
0.06678620855810202
0.08219780144658924
0.11223093761401026
0.073875053431108
0.08991583280120266
0.0726913631197864
0.04955907603280859
0.07189904583600758
0.12924251707572595
0.08747406359957531
0.21115469572588969
0.17490783748884065
0.1084802257647933
0.12873109028950694
0.21918019622920296
0.1576121558643419
0.2193726039299967
0.22299536641119236
0.1700023747369398
0.1976157928660557
0.29682915999413945
0.19902688509302738
0.24805119281487498
0.18989027372547163
0.10617070123052148
0.17220087560275715
0.15523349372994832
0.12480905412010367
0.14156032442140268
0.09925627236620846
0.1625830219057163
0.058404552030976685
0.16937395186726023
0.17452957841399105
0.16311283859409337
0.12206859967328836
0.19336943534428147
0.154948592658133
0.21619443492984008
0.12488618660793263
0.09510026758455388
0.2349467308222033
0.36375087547616114
0.3578766949951023
0.4855059406928288
0.2589631616332167
0.18409980256538164
0.16020813625307628
0.16947325865866522
0.18506019700839202
0.17039583497799024
0.22145202480846451
0.2951933600875602
0.16997142582473657
0.09193383655323957
0.2764513812692925
0.16362689882290254
0.19297889879451732
0.23556712205923158
0.10508359640289995
0.28844399854067965
0.24410433883027222
0.36195731484859683
0.29520827203982825
0.3849416271433791
0.38162570008959423
0.15212286030949057
0.35340920828477246
0.1299310089290098
0.4062256563064767
0.10517649514606639
0.20378871569501048
0.17424658831082565
0.113344716161412
0.07500781453576695
0.09003614546238249
0.047959354751832266
0.09149228910218496
0.07922115264573894
0.16329035846620857
0.10173759397012938
0.2752873039036859
0.24776188175619088
0.06414706254539387
0.2176672215898352
0.12234921665371026
0.16352993536820784
0.22514873392925122
0.21715134991214088
0.3671853750914599
0.30623948625924335
0.20552136853003078
0.16259527261131151
0.10323101845309783
0.17755054672642803
0.15374934921625108
0.05569430174146197
0.08245397423859532
0.08857578672803985
0.16070559811216192
0.1497628602699751
0.2370686425968515
0.17220087560275715
0.1341047996624551
0.1688708500547252
0.14360100970367304
0.06420930831343989
0.1139505954023044
0.11809102517329483
0.07498391451839007
0.15298349249011467
0.0795966178721381
0.0741696217843416
0.16226489034475716
0.4998776372671944
0.19902022470119773
0.48160198729501563
0.25590200019728904
0.14269955774021967
0.11662310853422686
0.13541401992819557
0.10503014263524844
0.04134724969835987
0.08751221523478993
0.1891609655225055
0.16773352618331497
0.1372384336532777
0.3772677602237996
0.07628952052564511
0.05772028091827737
0.1647427573439132
0.24766480129902058
0.16755388794708978
0.17884057508502207
0.1456765297445437
0.27191262313024556
0.20370250541585927
0.10739031345185744
0.3193020242727617
0.11542714475591329
0.20729888775100144
0.1574396544935521
0.0767457012674446
0.16162772454497443
0.04584616455084938
0.11484374180650254
0.08521876975902651
0.21511309740970502
0.041123352165160436
0.125630827483772
0.17695463133179445
0.09527502927140602
0.15634160828010712
0.18249735733881475
0.12806585311255855
0.09170574618233984
0.2707761497219684
0.09598914917703023
0.19271031498520427
0.1751337720764779
0.17376060466173399
0.27129322027524405
0.27540245670110103
0.144738505234707
0.40892839327419334
0.3150310105800816
0.19876228936763743
0.058900984014699585
0.218610475666207
0.11770925318663915
0.10910467776368506
0.053104805177717804
0.1582907697920475
0.10924966008035696
0.08656015383719733
0.16253192265596575
0.1270304639004447
0.14400212984251087
0.303706991860942
0.19480754360034447
0.19378138556870472
0.07853688153303973
0.2701844975171836
0.1849639219620291
0.42679380638520026
0.3962753596601851
0.34958728566216823
0.16185091767659168
0.11032248021192302
0.16057819748018945
0.12420013349104911
0.08779910383590159
0.13820586387231634
0.18323604523896425
0.1690532652316678
0.18658133378113487
0.14179888886839107
0.1596770439028587
0.17438683541972483
0.06938653044871229
0.05753244178930115
0.12254146009177477
0.21800215149140986
0.2584015934388445
0.2135000696444321
0.2408134858598453
0.18503672004554308
0.15849627231169622
0.1789431016902689
0.17198756847478053
0.14804626763967427
0.34540313754104485
0.2216393033912102
0.41931033527716755
0.1520469555805967
0.12747856936855242
0.10232410769849727
0.04733546050201827
0.15679786227141274
0.1919148336021172
0.11145681749538784
0.28245746341977385
0.2837600555005126
0.12559071546988887
0.12246484559149318
0.149996423475667
0.2175614563331272
0.08895524465090171
0.17807106433704237
0.2629058737686983
0.09963385209941274
0.3054609325644814
0.13825682052208246
0.0963075100220899
0.12891131080028145
0.44076775047187755
0.20597519129283856
0.2703594979452338
0.1787792458796845
0.09576469550426242
0.13730342352393135
0.13273441552563542
0.13964140999868838
0.07886696677314986
0.11534606283851474
0.1336374028971614
0.27559151490266004
0.06453615788398749
0.10070511321944549
0.10082936101832961
0.20361326425827372
0.07913394162157136
0.19330690562660285
0.15731645175581885
0.09733010635707084
0.12506925928940074
0.10711418513827554
0.20380914254311885
0.21488507843852658
0.1538401425476252
0.36671421587366804
0.1408953824404966
0.08026581835869233
0.07609765532815517
0.15225418251469858
0.0437128487289046
0.08563071998344977
0.07900389744119019
0.155487334913233
0.11800322423901684
0.13618950730246798
0.04384701953531623
0.06206356512442004
0.12935737087472485
0.14446952216858466
0.09473800640724231
0.16031977955360113
0.12631277766371887
0.16649945275446967
0.16901200954641
0.20067874200253227
0.10493745383475321
0.1293918548226156
0.06468374577104029
0.1871513861130594
0.12758655172323022
0.1077459166799848
0.05117106843031036
0.14839022771210822
0.13260316724727464
0.10482010404618035
0.13864936961479501
0.14366383407895475
0.19659287996511415
0.19597960592873312
0.12059470768052899
0.04117869762280528
0.12342028723721077
0.1862314472517074
0.11925392192630418
0.0729156371527819
0.10433422707121699
0.1526090860782542
0.04995179122704478
0.13221375293577411
0.17644828762926967
0.1102090763586826
0.21325881692887277
0.33860817219992845
0.1920414196271334
0.1263240194903268
0.08118357902596653
0.06610005204416296
0.06929002774799349
0.11218503445363107
0.11115951288918406
0.07920429648244681
0.1538672017511857
0.06911885025409065
0.13448801660004953
0.22604319179203936
0.09719522177370564
0.10152097461054355
0.048945510178957714
0.10493745383475321
0.13400917506325874
0.2159181432149475
0.14355092153736138
0.20094634852038581
0.33016645408531703
0.14641930363744105
0.27203262083001006
0.16020813625307628
0.07325726030074256
0.10051585475927712
0.11588923946365531
0.062331245319041675
0.13904596862458973
0.11977447345675124
0.1303454908034156
0.15358410070516298
0.1444033751322845
0.11459056913053277
0.06684356859980665
0.0812740375723303
0.2002599391317593
0.22628602699744643
0.1442100418964386
0.23900948558920218
0.20519350661251182
0.07356585315548933
0.22505472455308323
0.08150861926229282
0.07605941530035208
0.04288098972915259
0.15555752769746345
0.19582234912048455
0.2121238442466757
0.10516307806542455
0.11283973389602797
0.12730386818110193
0.08560325663515486
0.08255482497442278
0.047174455534324394
0.06604052801594164
0.0668626886137082
0.17476804449131378
0.21918019622920296
0.17975345864654546
0.1936727573106864
0.2523510736195377
0.18776691229212505
0.10070809819734163
0.06535459980309834
0.09739735081447821
0.11492583129420682
0.332651149963081
0.3526231709778831
0.18499311411434202
0.4222704757656186
0.21830615559603625
0.1852601884535449
0.10801334884378057
0.1655417730755199
0.0440080245030102
0.09343476594407833
0.1511420683138104
0.09621203576724463
0.22400583728566265
0.13618950730246798
0.15681571876379058
0.1292176981457044
0.1389915647084647
0.1549518760625822
0.24211687856770203
0.42504112981701164
0.2886720175118581
0.2500981595210655
0.1061827761941529
0.12081936784387222
0.254510728092125
0.17689880968153246
0.21876614394477348
0.3623719334254144
0.08564332226850221
0.27404026485175476
0.1525489406566568
0.10549453687131789
0.08872037617724318
0.05154920060476412
0.13348447776460512
0.07885862425218917
0.18362701761161615
0.06939293955446775
0.2000676720244134
0.13947920466982872
0.07688348789950869
0.04644993317970166
0.1325737356907733
0.19148314617342146
0.18378083045019047
0.11467847165613713
0.2398698430245722
0.32931499519859575
0.18559026583713828
0.14245046532952238
0.11918068291275823
0.24251185698650174
0.231920349623501
0.10914468735558819
0.0667957685650528
0.09951915815929349
0.12389689464706972
0.09296165490364319
0.05833606878013955
0.18793323604523945
0.11841066498470527
0.08162107113239668
0.18700252837902592
0.15916117698775248
0.13352538742765055
0.17481941647381585
0.07502831494537597
0.1410799174298287
0.18063662896753024
0.120673952407722
0.17641263706054633
0.18318661133587277
0.06780992556043096
0.1335150570744992
0.08934433998949542
0.33085335513053743
0.529865147432811
0.16560399021815328
0.2030280919372498
0.15102173227215918
0.04278707016466447
0.08668790308359174
0.06265463697866931
0.03153013950672984
0.09825466336125321
0.12649618224623813
0.09076655053745854
0.1808646479387087
0.09189236339468343
0.0906671059211336
0.18320665616118348
0.1495185087100935
0.41193907333090213
0.4569159501493138
0.37905853120103766
0.3389871324800945
0.35312708824840516
0.39335548026973105
0.3300342141689436
0.283511714130046
0.14766386736164336
0.22284002784748394
0.15610562094685365
0.23377281691424798
0.1872630294135843
0.1863172484252856
0.15768032657685463
0.24370667639547644
0.11296713642820679
0.15508499905457968
0.24873760220350058
0.07233101258955049
0.18733376557121798
0.22056890342035765
0.23642329607800044
0.30408917725238777
0.2378325962336991
0.3346505876625763
0.5073455177612707
0.46075230211548807
0.2984891234077169
0.21137385439470494
0.2196570097918852
0.278363962641814
0.4291773075519896
0.37679585376911806
0.2927775893371822
0.13879976228234575
0.19335294465870634
0.1647855115745929
0.0641336454647527
0.12966198010177207
0.16385757671494602
0.12525024768985943
0.0440080245030102
0.14251275055148208
0.19211789968273904
0.5166517667017524
0.23807976636835307
0.1392827141358992
0.44445457862094245
0.1305347775578621
0.28950095768110495
0.44741882524626164
0.3732351050656186
0.25436553190722017
0.3519819784968545
0.446982560867758
0.8141244354977297
0.24789098023355022
0.4575884713608183
0.322282013863554
0.19923032504882
0.10572232529734041
0.06540826812566303
0.1315328768672851
0.05317189058092357
0.07409005386849274
0.08863323471551386
0.15731332073327267
0.26509485589201126
0.23862637059417652
0.12896449376593142
0.39030497863467134
0.39693542502736356
0.35779916384267246
0.37989524797345836
0.37316266756226973
0.18025847841400694
0.5484291066112853
0.475407588549703
0.4778365560014608
0.3446633142640438
0.35571333912071895
0.18739754133620043
0.07732263573501454
0.18878565579393575
0.20605151834829472
0.16363186413583636
0.09561918952163462
0.15635390445494704
0.21479387085005577
0.09814713189991968
0.1459978858710516
0.24408167155689442
0.2692440826887153
0.16882533820918996
0.1901287602454848
0.3520851157785669
0.3560065489510185
0.22209808148036408
0.41289413977418765
0.6235862823786961
0.58048783984401
0.6952754469171855
0.3037635732829179
0.5425864405504872
0.39128709699601905
0.24572619705159293
0.18769203867130585
0.18920836948944914
0.16072883963201628
0.1557825611090843
0.12310377060909852
0.10770221447015298
0.09203505996866676
0.05368173964528774
0.05794837128917711
0.20027928532135217
0.17352457206091906
0.07458555128421757
0.2352302079706116
0.32078547499515436
0.2783854652755827
0.27096065604108555
0.3685489703261763
0.37633877240145475
0.18867629718046072
0.3622515973837641
0.21308811942000885
0.11247538701485822
0.2432448168554747
0.43865849991907524
0.16324214226479355
0.21583285213622155
0.11638967007372003
0.05239369990373625
0.1690651714280426
0.12042221738602521
0.17890368478657517
0.15064658953028512
0.20136729971321565
0.08784162695768526
0.19200705131403223
0.2414150419178103
0.41014534196091024
0.19978502525725958
0.5951332206641567
0.7384907009884554
0.2397159331183887
0.6431655971429605
0.2152099734842328
0.2078574132928764
0.6886831663693764
0.21473687612826886
0.2939127534518538
0.3214540968111124
0.1980552151309804
0.12481370055750782
0.18799037131006188
0.054191588709651906
0.16357993742703483
0.2297962978925455
0.1259620726705526
0.18694017689949777
0.08925222489241919
0.23973538066023564
0.13032201475294083
0.3856256840569145
0.11707744567477663
0.3006377331503067
0.3395019116213623
0.5142064332547713
0.3028036601587918
0.51799194355947
0.38108099707172394
0.7745804450930344
0.30668913829558836
0.4140035985538047
0.40658634087263695
0.2938079525477431
0.12072376777436448
0.2038234523247613
0.23408427581174848
0.13312045468801303
0.11864166463390087
0.20225282743524356
0.2658108354615111
0.3750111893586895
0.1790971702157865
0.282625509923781
0.49508388896793
0.37525289809891194
0.4662809663550372
0.8105554981522451
0.6620447779492065
0.7220175118569888
0.7141446179856117
0.6321094817979674
0.7215357655183258
0.4465567896096511
0.749489989673149
0.6868306391975374
0.42922556108720383
0.5434080955741251
0.5009022738156698
0.4140835988812895
0.4086085504289915
0.30884983357295515
0.17264745177640387
0.31934955565816964
0.13831739212862257
0.2303099452930435
0.35902426465733345
0.33274227099656584
0.3936392143235288
0.49202517857807515
0.30022308536445647
0.6410420180968974
0.2866479140190774
0.5872856621670934
0.6351002868266004
0.64295547054195
0.6508865725637341
1.0
0.5515779137588827
0.9957354895522479
0.49013035198980226
0.3641255053677011
0.1813103775362736
0.3799783644766535
0.3743895692717199
0.31985225038758497
0.4448747949448232
0.3940934079658128
0.36831828546437195
0.46218839925825445
0.491656463973819
0.42443009364465345
0.4307982345350827
0.43889172618906747
0.5842856020974339
0.5316255631393108
0.5717398898525873
0.15711946368675161
0.4045193996130418
0.4028323445533878
0.15735100381313882
0.37181894138348554
0.2955520631562919
0.13585727184543428
0.12842423997161903
0.4388958217501074
0.10537372623149086
0.28652085102194014
0.21317325579972235
0.25627892002772257
0.2625143354106445
0.2167378464795451
0.22729591976928382
0.35213505183700855
0.31880827868116624
0.26060005347390885
0.2450401861608296
0.6170820403751562
0.6250133667317671
0.79743610723675
0.3610852865334857
0.5732017080403048
0.35301472866564326
0.8236312055302056
0.8458065188415184
0.43725942191724776
0.7716412787938516
0.7529447473992997
0.2504110262543846
0.3818487440633336
0.5194886862072033
0.4230880609266707
0.464713494162716
0.2222092123265205
0.311091105325919
0.24658735382084637
0.30813141004598377
0.32540095689503895
0.20635101981658907
0.22022429586407655
0.2174120265435389
0.19435761151045738
0.4271460408036431
0.6393644433785266
0.37887632809656113
0.18346510539010288
0.5842715115712797
0.5528575958115929
0.6695092796800975
0.601038405701125
0.39247053089368233
0.38482454433565355
0.5128146661802275
0.2855024200764905
0.28987926493429694
0.24446899381798073
0.15246560588535357
0.07708112828347362
0.12856836297914315
0.07686107444049942
0.09032294567090568
0.15409972861420368
0.2830151710480326
0.2510457825273053
0.4149037191836338
0.36903052773010986
0.4446617299078412
0.5482146114556751
0.3680458449413664
0.5220998949041885
0.4452078392835554
0.20313627804226755
0.7115050801465918
0.40921847949756013
0.757099500829919
0.21971811257966306
0.49524773731139343
0.4499814691420229
0.3181537262940006
0.3365207828914633
0.13006677859571922
0.13411176872840896
0.09229517510485023
0.1139128556662186
0.15384820315062467
0.20306782238653032
0.09608990306697078
0.12114791540685424
0.19609318071948
0.5809394467445593
0.40214024668117626
0.6496701707426273
0.4959621785260866
0.6217402136679934
0.3204471998242376
0.254544745071289
0.571632305903688
0.2744725795601758
0.5411025150143459
0.4952899557674294
0.3810411963841825
0.18656605471669177
0.18633810009004234
0.10921945477453501
0.1098425627351304
0.061065130296359835
0.15443722716527977
0.1667148747643453
0.16456361052068894
0.07251957063413081
0.26602324943381167
0.40257930608575515
0.18702001651643
0.506451268912312
0.49570429090967555
0.31352159212268393
0.11052991032188966
0.30477108148841026
0.43346752891758805
0.18284298580441763
0.16011099641155044
0.5414082451659998
0.1642122393934318
0.09927633393411507
0.18207170043947338
0.1324080679257556
0.121935812623505
0.07294257851787517
0.1338460672427945
0.06018957969940554
0.0929986512838301
0.08035767665180371
0.06539205547594704
0.1516487892895106
0.1940285456459805
0.24781101787668797
0.2429183560797338
0.42824323287467186
0.20101860082505096
0.10980695683710297
0.31252137677854913
0.3362337821506762
0.09414654375704068
0.3862148591905095
0.44836523697835856
0.14527380489495326
0.2389558335972739
0.2514391092260758
0.1867506419610379
0.18044965341116442
0.1686228839643304
0.10531642708414522
0.1433692083181324
0.12788913386542491
0.12684845501816314
0.13855800802626841
0.19074257894660637
0.42165724188252596
0.20745165997811066
0.13531233838124493
0.2659658883619125
0.29887538048873974
0.13648927794640892
0.321120162739134
0.15978613881837753
0.20476869893587096
0.26628415752503165
0.3005186104580067
0.24210648480424188
0.28373312659613387
0.13862010078621223
0.21065458069301937
0.18027491087728026
0.06433490167437009
0.05984564351184059
0.038507021440133925
0.11086960637456791
0.03406596774790941
0.08296677519884596
0.14478465437563473
0.10867347361443465
0.1317125122067027
0.1339785325425207
0.1388276800515117
0.07090239427586136
0.12599188252462667
0.09699344052080741
0.12057917266923447
0.2456058610099417
0.125895731534733
0.16892018952476057
0.21021661753209983
0.20934864805869147
0.13954443395826555
0.23637387065849697
0.07456993296378378
0.25605085700711055
0.1431859057460591
0.06588262219837004
0.15409295805393702
0.16852803203519873
0.13080873378154745
0.10747781355203034
0.14250795732534216
0.16706152382390724
0.087405948550051
0.08216065752024052
0.07384508153159038
0.13686938812709745
0.14813092136765854
0.2091282932904514
0.15470866350742127
0.1499563925050274
0.22273780239942986
0.3721186371946061
0.18385744182657865
0.34701817359053894
0.32969128212080967
0.4373081294434668
0.4710055423580955
0.27537361917291664
0.24063385775977825
0.29991111964309863
0.18738242541599698
0.2475163128326533
0.22048621492808698
0.11232166160754027
0.08887282970307665
0.30141952278057915
0.4932962422473563
0.21749310526296267
0.10771125201253716
0.16627408891492318
0.17614991596338891
0.23671356865936458
0.2290803204325736
0.1829429751641286
0.14321655212814358
0.29154159354709
0.3535014822294948
0.35535414049190084
0.2919137378821733
0.38995804450930455
0.20989962468297274
0.32679884863640524
0.16457756621063652
0.1565772461950532
0.15936701933600927
0.037791891041960006
0.03794618746933334
0.0614039246448166
0.051654418760408244
0.056677457208354376
0.20625315110620362
0.12734858393729545
0.17265596497628655
0.14678885030132827
0.26440489649889876
0.2893310561966989
0.33958409339657203
0.09360023796887189
0.3463492764757136
0.13301693747647658
0.26806974270636785
0.1928839512973403
0.16422506704781886
0.18294709466637282
0.11034638022930064
0.17210851198307253
0.15648257160010448
0.06455454443553081
0.08978154760933132
0.1220603265132987
0.10797026069201718
0.14737745427964308
0.1761957682856585
0.057838723576111216
0.09826554614943968
0.12579163298279022
0.0959049824683694
0.13176805496885008
0.19167279797024878
0.1192184102436904
0.09540887469312236
0.12080191917801043
0.18430092383285826
0.06988957352684765
0.16344120588833042
0.3903524395678227
0.277402818410718
0.2803721270601778
0.2311912622534045
0.17966765749630012
0.10327652003338811
0.14653720912541512
0.15070547133452686
0.07350533456244406
0.0967370148767785
0.10555126507223404
0.06576519981584068
0.12616437247979553
0.13865469650258383
0.14032818587298096
0.18510892167054457
0.228114739146304
0.19877345369769264
0.14219180777825866
0.22725727839817308
0.2502690623859921
0.219083797430035
0.13788031919972546
0.20613999250866394
0.2656698903545723
0.09155547487915887
0.30787606109234633
0.27152624438159395
0.13445850286755734
0.10001143183261796
0.08448346530457101
0.07041862024269274
0.13612732579350642
0.12314256047884536
0.1232385683965947
0.1764928610883135
0.0835041178715711
0.1569960943831813
0.10669174858466542
0.18488280131622384
0.14979884616347308
0.2093214155417734
0.4439985406785855
0.257970453079285
0.15589126196611705
0.11854408618958878
0.18678397426974266
0.22132076519216573
0.15203483944823987
0.12538596984064615
0.15155682306331605
0.14722029895869193
0.16648906360998564
0.2529463595506606
0.09631301477905645
0.09912936578962687
0.1062004752678587
0.13246628685820297
0.15105686793141215
0.1539456922240681
0.13656483719445517
0.11823403257784648
0.07206223514577899
0.07433525310926925
0.1664954446084915
0.1493398862687532
0.3474938103522812
0.21059782076212538
0.15451125713816874
0.14010564054408575
0.08739755728662585
0.15468968074337183
0.3444819614619145
0.23837435133155171
0.09208198530876402
0.1501115416694799
0.11392443143620445
0.20167565803552875
0.10721691159590455
0.12128878684472683
0.08234989984831889
0.09200221676944736
0.084648656429936
0.17439712026472923
0.15727355116543423
0.11886681975854317
0.1121877777846027
0.08115992079838677
0.10972019977402442
0.42227973367384336
0.33743730279495543
0.4692715933965719
0.3613231370850061
0.26992341796539715
0.44016782196278825
0.4081233052350323
0.4556444115604284
0.5413746512367356
0.49666695590806814
0.4689094423005419
0.3502488394134264
0.49400025687708077
0.32979391354298987
0.35503254620117564
0.13564834306550774
0.15600290526664193
0.0765182956339892
0.1134277632279054
0.2246635350893889
0.18460862723821303
0.2140493366103295
0.11083872058726496
0.2679678949288587
0.10951936148938075
0.23854013272371982
0.1259664755861691
0.2790168363592844
0.3361774899671664
0.14457216111376409
0.28347774534841425
0.11748101341666287
0.28155326523166824
0.19939715943695083
0.1318982228558416
0.11404323491716423
0.16349072360920436
0.1334063012404247
0.09499297541717555
0.11374344213238742
0.14182323969354313
0.06402808325820175
0.09655955682117764
0.12912458389304354
0.2244527544691722
0.14193584940051826
0.14133439736231257
0.10161560194390157
0.12795878103470995
0.08026231810349307
0.3166500027503854
0.42366045477758807
0.44459755068562706
0.12206591625716055
0.3901226279104817
0.34331033766799046
0.3927854797519171
0.37456327326067623
0.29325519883254364
0.3548317219992712
0.2256738739732578
0.18259759211966473
0.14096132798248834
0.04019757360092031
0.11078938234680073
0.09893817406289676
0.1127856426686794
0.10177474347471777
0.08579550007321908
0.057009175644295806
0.059088823143675896
0.29249620072843524
0.28100618742090083
0.1753874854604482
0.1617869830790167
0.19414214719714484
0.10395242029794297
0.2059650107180658
0.27014499501128786
0.15297085000250613
0.20244533407107287
0.3003949072787059
0.25108578288025624
0.14132639032547575
0.20590113097409724
0.1867462542931766
0.1974285004036759
0.12422807002370692
0.0754967444626374
0.06885061417527541
0.10826809514033048
0.10513358838919747
0.06697740869711749
0.12190920863626054
0.40911163808829054
0.26876035358011846
0.4203739055012564
0.2903116173678305
0.182825572926588
0.3594036443980209
0.1276098539780888
0.4058934684892379
0.3970020301468087
0.24681571436346858
0.22849762755942296
0.24027096316340907
0.23679012727331678
0.276671549505808
0.32432843612598633
0.13470156982080786
0.1689638454462739
0.15566956229930803
0.05637857285416128
0.1593946956232643
0.20336791039039787
0.16836920831813237
0.14836908510629743
0.23422108719445517
0.2740489484091001
0.22933143943213624
0.4061341405725395
0.3074656496452768
0.27600162132364636
0.2752887512838852
0.2183826781923188
0.11446111494975039
0.27463348294884493
0.19638580934468317
0.3081758584950824
0.4671899982627449
0.5101847045868776
0.32135255637769233
0.12070464776046332
0.14916759334921567
0.21912623130244482
0.15666339357698691
0.2407880335643931
0.05450018156439858
0.12942835083740786
0.16178658480516403
0.17252475398846417
0.37743936257095595
0.33649968447042317
0.3377764277951875
0.22327702163741064
0.37095347321037503
0.17517340485100616
0.6668896216373619
0.8011674571324353
0.6012404232032124
0.32889554635469453
0.6860357734530517
0.5656871374017524
0.544418095585554
0.3977106176569612
0.6308828894564044
0.20195795979791
0.13858186075840892
0.07420987302626503
0.17661916530468103
0.20453301714702735
0.14394735376612192
0.19725689805651858
0.2697920466982865
0.2747169481580042
0.29076545247914615
0.19683703466632033
0.23861611309335648
0.4543049981758498
0.22190688134134864
0.34352676101637997
0.27834916237871393
0.46427464409134894
0.6279535773494435
0.5534386151207434
0.2952703746815832
0.2656917131758902
0.5736820225647866
0.6056183874498373
0.7175757022984333
0.2313147840545827
0.29086597843044765
0.27941152175774453
0.1712889033151944
0.1622825283377087
0.14304971543097944
0.22450747902225549
0.18406943195259545
0.3370120394016791
0.1305884458804266
0.13527100702419126
0.2715850512881127
0.2301112486549921
0.45262370517923856
0.5594535092952062
0.351432336680355
0.5917493899478623
0.4800485771972834
0.38213259783630893
0.7478612557820711
0.40469467779555546
0.6206623220508248
0.15928758137187068
0.5420060134941415
0.1806341566719594
0.21852586238239596
0.29893128874680863
0.30090471573910904
0.16096529237335297
0.05772028091827737
0.06845394543120675
0.19306848104087285
0.22057289727838605
0.4173253924460948
0.1936092607670604
0.4057537498517962
0.37460609765994596
0.1384374380555062
0.21154383380671046
0.42197838605660487
0.4105221303119335
0.40214352131195485
0.3276926718545617
0.20297806757881798
0.6233005837389334
0.4510997081361762
0.24641523896878198
0.1351971432206389
0.16449346836461656
0.1534111638088297
0.1218805670679797
0.11574578315713052
0.047016114183902856
0.03452214848970889
0.09851510609838605
0.12046484770393803
0.17288398394746501
0.28610401329685153
0.3621239697307272
0.10692071562941688
0.16727925446414155
0.12645977194482833
0.43007838256124503
0.4041664281405972
0.19823630413123475
0.42384535263469814
0.26867443534453195
0.40176702415521687
0.5242239094461751
0.28226444930390376
0.3812905983541056
0.3127304140268652
0.1424249835526203
0.21937908553121524
0.16827800072966156
0.05770420195486742
0.10044175603880422
0.054702359772324585
0.055338646814192254
0.09470040771270737
0.03637370561818924
0.115811317077717
0.2949653411163817
0.4481194541276297
0.49000244600331094
0.3757535313706098
0.2714659573741573
0.5719627873039056
0.5207742762521765
0.4338110496659952
0.6973874733821414
0.7825155052900421
0.3401068072807098
0.6963936942401419
0.29168733313885414
0.4409423321832151
0.6561929952572073
0.3779171669238629
0.3541325492646396
0.11116376082359143
0.20831813206858862
0.17055819044144535
0.09586774970235452
0.09229464603524504
0.4618752280189724
0.2726524188855932
0.2558760160634382
0.19286358022489972
0.10081594393768871
0.4202223793704255
0.34914581517453197
0.37008709213623325
0.2539329046264393
0.22964851844182418
0.24729825980260264
0.3615549803021542
0.3874803807949188
0.14515939545672757
0.15390733203476561
0.4802991608901871
0.16292565487786584
0.11298016214423831
0.12059156236283734
0.07774873902281797
0.09557024088615909
0.10316809970889616
0.06217475169114307
0.09746276863348607
0.24297701568770605
0.1938094594510155
0.19712485429327367
0.21599257208196376
0.2379266543326344
0.31933174252819685
0.3257022984312301
0.2954133252503219
0.5843670193360101
0.7399671652681528
0.6354434915209132
0.5565485888132217
0.636945012058534
0.29995477808746196
0.5086453720738413
0.4742880758704262
0.43396094447346006
0.28274958586625537
0.3085839207743677
0.18574403317162205
0.16932567246260094
0.2124224735498002
0.13094524467000943
0.29017956904182113
0.20487094895507046
0.09118334629647534
0.25005217831486987
0.2837983669700476
0.31170900314693895
0.20185997824627727
0.6592962177756815
0.16325903724165503
0.23184928857015263
0.5004224873856247
0.20190734680033084
0.17273149617431527
0.2961405044991797
0.45303089304931277
0.30381009282990123
0.14518622961801028
0.3109290181776288
0.29378321833211013
0.21576252268046384
0.10092035509766284
0.08275739123367519
0.09824610446181695
0.1640368478657433
0.21260605863271134
0.29515977569018764
0.0995770323992539
0.21364492220997516
0.11369009436774599
0.19605568162642287
0.07963037360529436
0.24027096316340907
0.16379880801090205
0.10713538891967583
0.5094399854067873
0.5208946122938268
0.3415540707388462
0.08140142824992769
0.290384224664983
0.16506783444690534
0.317893348107613
0.2283105495731988
0.18819339025129012
0.10052206683881
0.1265520064092948
0.07355725177495749
0.11308594677620357
0.11048950492067246
0.13585939102411818
0.12339777655798968
0.1347534637334234
0.10348189637512464
0.21763467678136558
0.22726854543496805
0.15424132101415539
0.22668670059387724
0.12206216874747271
0.3032395227841394
0.3713060926669114
0.21718015831594634
0.15871523539673776
0.18718169202484633
0.5949882381787434
0.33444178631416555
0.20427238461735092
0.2777313172721733
0.08110709897036035
0.06072516415131171
0.11318937219216435
0.1368569865012777
0.10926779455196951
0.0775690364402584
0.062277057245464486
0.08248373997127167
0.24684333746031425
0.37062203575337593
0.28531802160929415
0.22411717039036622
0.405488467506043
0.6182962422473562
0.18067440791388298
0.3817680046471895
0.21251314027535934
0.4589414190741101
0.8817949653411191
0.8229190557895059
0.5007843483740084
0.22034871536979808
0.5062044357713104
0.3612357032458705
0.2305074980958911
0.2571180089945657
0.14824715409578662
0.16995831783224166
0.041445362100548284
0.1504469171835105
0.12652907392809687
0.21438311483757194
0.2092735671287532
0.4164795115301301
0.345730298231633
0.5920816371164789
0.49758299890551044
0.5454891663641324
0.350527379623263
0.8524346595004417
0.6629713654699196
0.8289251379399873
0.5380893831416712
0.26591312122718236
0.7077738808474228
0.488675976140022
0.1558528087277342
0.21317050946489347
0.376581350835173
0.29081210065687996
0.21469006690917466
0.17866649527317544
0.09724439070326604
0.1823135097569853
0.12403494235777242
0.308783290769793
0.298010665916567
0.38475921196643653
0.16640148098515947
0.256233039591272
0.23708817237917665
0.2608352296448971
0.453447343696838
0.7001094491061675
0.6888909157241901
0.5773519571668706
0.5900064376586712
0.4728527033969746
0.6974644290404984
0.6394183965389901
0.49953443257288166
0.2944345570694569
0.1598815562447317
0.2209448343062617
0.22611142226246028
0.09873073712010995
0.05584188962851477
0.22936049538704034
0.25255575442773553
0.18182485919889382
0.13204377860180416
0.3558603674160123
0.25291451053163594
0.3564754673845096
0.5391856906247986
0.6171641653010486
0.42430873115596485
0.3514640955382276
0.6996078073695755
0.7178493250638476
0.8030989846929176
0.6651374142196402
0.6505827265914695
0.5815309049582914
0.47236280452039364
0.13457331883085086
0.2227277546715133
0.23601640446821526
0.1355991385897681
0.13437118755425354
0.17409017570859955
0.1365996137234543
0.14538489602334917
0.25078031080093993
0.24539135643394705
0.23526681795170742
0.29641296289332225
0.4034065236284476
0.3260777389820502
0.3776210390546616
0.2842381266603909
0.37674221190922563
0.36207678391975734
0.586107816713389
0.3724116106065466
0.3168859120574425
0.37139713654924905
0.19959382511824414
0.35149032448555273
0.41547197999400304
0.2544710342218757
0.08110625247582218
0.24124407150675004
0.11152761369536368
0.19526413261786105
0.2169601473531782
0.26932988386229356
0.23374385686540594
0.4209686245895673
0.556506411828875
0.21144031852231576
0.11866066119043361
0.3646091346761132
0.49893391004529447
0.24261385639672384
0.17491848031882454
0.6038475293669524
0.5252096231428673
0.5226650857351348
0.19294006028050625
0.18162101205079076
0.36380830197678776
0.24633725687231772
0.2005656345317178
0.16986080920386007
0.1842344797678693
0.18700220872584533
0.16572418825246343
0.1574797665074362
0.13031358765922646
0.10331525449816024
0.23706362248144297
0.06177223927190827
0.1776040670062012
0.19687878314422438
0.334458226924481
0.20886325629246585
0.07806057517027844
0.09550278000378903
0.18749227880917588
0.25414994527544743
0.3045421379058747
0.14113427126437966
0.2764460639363073
0.3123302151159982
0.18440050220388748
0.11437592315905099
0.15806431581285368
0.12693559581895567
0.08955719296951037
0.05270229275848292
0.16988632368504042
0.07082053149132835
0.06342108611142981
0.09795834203331709
0.20007872525193376
0.19822778266704957
0.3266599781101799
0.21388455652056018
0.3931959139000381
0.23617612311959385
0.478155782561111
0.5015049252097784
0.4081542541472355
0.4922985828587324
0.5095572280752314
0.5635850086490842
0.17143003935212262
0.24075921504827366
0.22945048412188346
0.28937943496026
0.21749310526296267
0.1745570417622853
0.14137463094817856
0.17617488334861245
0.14363116457007977
0.11452221806036918
0.13988046509134294
0.13220919776070028
0.10977181868394664
0.14952759383620406
0.17391929803318915
0.14456584035078293
0.10905403145136167
0.25629580357141357
0.09332921293992046
0.13333894741186453
0.19005293818137223
0.6148083092753316
0.43916752983102236
0.2400708945478184
0.4321340018979601
0.3784123495191278
0.27301467850018313
0.36358568434288446
0.1872231761239436
0.29189512503174025
0.1742824082793371
0.19251026453824935
0.08601520685957813
0.058239562344110714
0.12033205902433836
0.15293551949273385
0.24876869755563777
0.16681078673609645
0.15355695774772177
0.20579581730069976
0.23206920735753356
0.2760652759881901
0.24876371986315243
0.26049699402163223
0.15032497150357557
0.5688188802373609
0.41456878928206004
0.4718376193140532
0.2799552435464442
0.2996095182979987
0.13835693557165898
0.18919253755580265
0.371362831978965
0.19380046090607586
0.1760242704940886
0.05482219149978653
0.055184452677097894
0.19988143013498802
0.1369798854152009
0.16592222282396024
0.34181457177340363
0.21553235741825325
0.4607807369573159
0.2129969548632285
0.45633354167620566
0.14718537463354334
0.1545781860668233
0.5306001459321427
0.37613801824673787
0.6857951013697492
0.5897743422389657
0.3736937802484935
0.27098795702661865
0.35928592177701413
0.4859570482011179
0.3680363372999441
0.4356125582570449
0.3894107989784758
0.2305074980958911
0.2736683692083186
0.19726118849431454
0.19011850166214053
0.08823072229627897
0.15615281841350453
0.3067254273625217
0.18290807112603616
0.1646976997244221
0.12214336238369401
0.1916356643675831
0.34439985406785917
0.257341779168779
0.25521658499967426
0.2434940384445704
0.209957297714392
0.47580870868853986
0.7115560014593231
0.601161958892495
0.4273650662025995
0.41598461302023515
0.5810289503645244
0.11146910596677077
0.2896087402403693
0.21160160525355812
0.12549783898749187
0.07750156888816401
0.035219836683049274
0.04297490929364079
0.1299235334326737
0.1587486790792873
0.3169463699379802
0.32100510762495493
0.21421411670009877
0.29076545247914615
0.35073944939913915
0.3499574792414734
0.22135240093820438
0.47809382728066585
0.3980812335343509
0.5210550603493622
0.3940780950325614
0.17165948480808468
0.6684604159066051
0.5304657556478592
0.2624415133106518
0.20729335292978787
0.2814697069367938
0.22505647829588962
0.22119542548486598
0.060739124062538764
0.13654660064434343
0.0723448988171436
0.22354979934330568
0.28143553140171246
0.3177217457604566
0.21698791487788183
0.12963369425248553
0.1676060418609567
0.45343852608537183
0.33595913969132224
0.28962847111785184
0.26839930288590647
0.3865463208503376
0.4366593831380418
0.5038462152683848
0.21100847341746734
0.48321780372127143
0.22094428422483428
0.13108487786414894
0.13578711155377166
0.19959738108532873
0.17923865160507532
0.060878124262524085
0.12844435684671987
0.07273129610857205
0.12115125709256361
0.03742023790819983
0.25013851857880054
0.34464286872003164
0.08851248098974339
0.23146109942928655
0.206551842525826
0.43168742869586146
0.42579513410355446
0.3676210677415103
0.354716606576728
0.4037497714608169
0.4713487470524082
0.2831196575719642
0.26930874470831395
0.28915568672259856
0.3587194454578633
0.3517880399536188
0.606621670923023
0.06889670909236507
0.17876687340386752
0.0725030927146644
0.09352178016816065
0.0747783743689484
0.06575372780741844
0.15971888461601122
0.11325032122811117
0.3452382996561637
0.0857485623776641
0.3191509817668711
0.1863119996032366
0.2528835616194318
0.35915649778825487
0.3827087244644546
0.29852329894279916
0.3133267871539747
0.42426477084797587
0.570389680521503
0.3677971085543682
0.4050244398763801
0.2922703122338305
0.1228199561891942
0.2617663252971284
0.16518127317310793
0.07030429111598652
0.10317979954388123
0.10169812550256392
0.09557024088615909
0.15397083821523316
0.1617869830790167
0.310516234950749
0.2396064782838872
0.4527844127192919
0.3496296028101392
0.3017334042972754
0.2122092922745719
0.5677454445099976
0.4216767460821387
0.3973530837880165
0.7083181320685905
0.52049349215499
0.4397629607671545
0.5688188802373609
0.4827084170356912
0.43205034658883784
0.42621732975022136
0.16108611712052986
0.2919813936869661
0.09378366818708563
0.11389199691096709
0.10513077466084576
0.08340618877156414
0.13750733181303512
0.10761022396336457
0.19121397018363448
0.2429031224001765
0.23289035260880606
0.2136108483374344
0.3435789857716171
0.20120280033150054
0.49369995276955664
0.560525282010931
0.5938982123312673
0.31126958957422046
0.6659978110178787
0.7065851878876346
0.5768146811169511
0.2577186673789453
0.24936720251755057
0.32106401520499095
0.22844013111684955
0.07587359102576915
0.16304989882672904
0.1605683915764819
0.12329141821287791
0.04457154188993896
0.16809558555271803
0.051320333452443315
0.2285743264125995
0.17840599423861705
0.11014717853427426
0.05939741599842258
0.23496651384418327
0.23152881219862512
0.3708500547245544
0.4630932002874043
0.1540415028411764
0.18160189203688867
0.42835619626411375
0.37361526812749685
0.4574053615398313
0.4712091570816371
0.2675388397089165
0.35130101759351134
0.2584012207563256
0.14508850041266627
0.18934703769004668
0.055855306709155936
0.17151587012039418
0.20033746807734495
0.13485666143426317
0.10257560588139346
0.20071291753761453
0.1780998136923254
0.18292810206894253
0.17427519211919995
0.2378837537458458
0.252016143717963
0.07622243512243936
0.297515569382766
0.11563379329396636
0.1333393152601094
0.10321462220056374
0.0993475922324361
0.14989915408230017
0.277359172937091
0.2818270095469294
0.32465871792609446
0.23186925023287006
0.10381145655466326
0.10457713735145553
0.11530825536725858
0.10710612694753702
0.13601983907965257
0.11644459677031041
0.17662171581093697
0.16469992900650388
0.13164416113653815
0.04919579576867921
0.1135099072946887
0.1173234239157464
0.39898759576796883
0.325829888777357
0.2822000598990393
0.19439044354741222
0.28844907412255316
0.21356291872851182
0.2233436933044843
0.13649284102557543
0.22094209173856275
0.18797010365024128
0.14052995322492345
0.22172564757387883
0.07141325192227628
0.04706711888919502
0.09856224317699272
0.09287768552440508
0.09037082363587574
0.1425586499003509
0.08060492724548592
0.18408641791224964
0.0797108760891413
0.1261277251601057
0.17621034266162977
0.1434765843172053
0.39438132050461394
0.14241835561818028
0.13817168833723406
0.11500615775031264
0.0559760604349264
0.05027380116243273
0.1263832918892227
0.17607620801934146
0.2278457702557637
0.19216179587505217
0.24428216455177978
0.2409296954078751
0.10485054163211274
0.08212359197204118
0.07457199730794545
0.14839312970367494
0.06690240897722315
0.1115489465082191
0.18459548789282212
0.11546880700474287
0.0750298675416244
0.12178396952300416
0.14313897131293812
0.21070840893111586
0.3109005524609818
0.30806547207928303
0.21909935541182468
0.22522895795701842
0.33071871579715556
0.197268366388723
0.16359446425768387
0.15153250876127916
0.36306766599659035
0.2717397934773427
0.36641391176614385
0.25395840119564356
0.07268032583317262
0.060685455739974165
0.19039584093396583
0.07391123277483708
0.0529241984794808
0.1548711183088369
0.15852267886841245
0.2584331348178492
0.1619497151290472
0.18655852496715045
0.05047505737205012
0.06106113399792662
0.29682890273943696
0.19573128329764122
0.11112026187010104
0.11686277238451767
0.10477398272683121
0.34657801926246146
0.18162101205079076
0.19067776526841776
0.3523839422323072
0.1508186696553994
0.2542490097284589
0.07830208262181934
0.15427080539673924
0.06753188910026232
0.08851437155441265
0.11134558505672525
0.11403845547138079
0.15783473184969055
0.08877422454488043
0.2388869902244042
0.14775166934969847
0.08560030223722379
0.1208936591940817
0.2054938471262345
0.18587194125977802
0.11523620944533487
0.2315392501817366
0.1887574155326043
0.4773329652161211
0.2946537842996857
0.5832396817124001
0.2730373445737114
0.18594732060585908
0.42125636980669734
0.5671028567657951
0.35785399261546574
0.08098549875005172
0.05589555795107946
0.11787269088164379
0.18026826568801463
0.1397962364257704
0.30159112512773556
0.07881269730217472
0.09154662656060472
0.0637848013680825
0.21530587101770293
0.1807877179831464
0.08565766227892842
0.1285010066717641
0.1605253557095954
0.056346680967857554
0.07527995930770441
0.1581888861785345
0.09596490251074764
0.07893268541195397
0.10450999598585356
0.16868843487778262
0.2943268879970822
0.11812344588375458
0.15338280022692938
0.08549821083755897
0.06347844615313446
0.14688982123312672
0.12329628643202138
0.14099372880123237
0.06338284608362671
0.10286836059734668
0.19406192316937765
0.07774873902281797
0.13931959139000408
0.17126143996689916
0.06135630977203222
0.12267400919232237
0.21074533695729872
0.1955182362051234
0.1692840788896675
0.23165260784744177
0.2771977650515221
0.2076847266943781
0.17447465171740065
0.3930591025173304
0.07172771310765015
0.289448292184834
0.259987230937615
0.16380333964886507
0.06500804726525813
0.09925254073771211
0.08444774718805469
0.08988165726612048
0.10561493255580248
0.07475925435504685
0.20704122582998957
0.09685346642288387
0.11789081249658832
0.17352457206091906
0.29138901436970605
0.07312308949433101
0.18375726344107224
0.27977927763590055
0.27348595403137604
0.2504107250882778
0.24286022181338693
0.24445760244279846
0.21877119906149567
0.1956570980000557
0.1691358051952267
0.29067858445822753
0.13958650761914498
0.2043707107374901
0.18442962260656243
0.08980514892427217
0.08552086659027021
0.13601983907965257
0.15224424748230717
0.14725120296709096
0.054916111064274645
0.1827957883377677
0.25421179529495025
0.192037577526451
0.18257401079154276
0.13470156982080786
0.21130733341308852
0.24371823354916983
0.11726304525818501
0.18804559055191114
0.14586377068367432
0.3646182062029023
0.3598595403137547
0.24165102925106377
0.1579313148267738
0.2592439457304023
0.0854473421260114
0.051803348355525136
0.11432273973738671
0.11022915205147729
0.10394812179011463
0.09863544214003732
0.0758248348999642
0.0405464176975905
0.09314772707118454
0.046882274086592034
0.18537343551592356
0.15174374852206574
0.23119126220673786
0.13575133062161357
0.32321302086946785
0.21894904779212568
0.19996063893505375
0.30805363006202163
0.19702206066750141
0.13736407160421338
0.398589265663408
0.49904555334581935
0.09558328248763533
0.26108502335350964
0.09691935046693956
0.04838199279202886
0.14141484733140244
0.06968705950960852
0.1438343670193367
0.04738912882458296
0.22604046912919526
0.18202718974637006
0.24412171649624445
0.2747172564757392
0.2124332255281156
0.20871135472922264
0.21398812690428792
0.2029320173220671
0.24920800181922098
0.17533858860697277
0.15546483303347491
0.2832018389978881
0.3576621920611573
0.40894198154439954
0.10203689827603415
0.3479549533022678
0.5449653411163826
0.24642862424999826
0.17730267600632457
0.09326219410158237
0.04706711888919502
0.10086250487305404
0.09856224317699272
0.08304394257172783
0.08649894289059645
0.1571877499954511
0.05145450425885494
0.1772685004712423
0.1864030495988638
0.11866912798219606
0.07751047486399085
0.2646537199022766
0.25230578078510385
0.21493193981364905
0.16971393074196678
0.1628260383855702
0.25194171485094674
0.5368993058334266
0.24288585231995816
0.24280346227507352
0.17019406474205814
0.22242565784026894
0.2317443033922293
0.19828529733673872
0.052662041516559496
0.1746625319226569
0.05445379959160449
0.07893776297312573
0.09461123487587729
0.17762449113494375
0.2624681094311046
0.19258482305727878
0.08298086033271188
0.21772047795494473
0.07567233481615167
0.1471381022832407
0.1706213529810214
0.09732117623353341
0.07121786404328598
0.26448297894323153
0.5027238700045084
0.1241462502627416
0.3155782561109094
0.3893618711912211
0.12893814496156325
0.18064589134181136
0.3611820503465896
0.2404688070047438
0.14926709280164663
0.09529781858324875
0.09792235821366785
0.0915778312118343
0.13468578375885182
0.11575801306293801
0.17504882858850035
0.15170753598094205
0.317439117825491
0.2842940532652322
0.23750303605416145
0.16416443935867842
0.15048597647126905
0.2808201152533597
0.27185143677786755
0.16095227702321885
0.3894862610974904
0.3689249012120803
0.3023075519883268
0.20122639906482645
0.484152007576351
0.25638486418647727
0.11661296478553206
0.07339143110715418
0.13400227305720827
0.17753557095950434
0.04184787451978317
0.12081738581772751
0.16626429754796826
0.06114580445714573
0.09971941765872579
0.12254220241472724
0.17753557095950434
0.23225753652983788
0.17219974750342862
0.19500909579782677
0.41313265077952965
0.230479808594189
0.12416166425330952
0.15653707984043275
0.40579665043858476
0.2527457994812422
0.31489419919737394
0.14112042528528893
0.15868322644784238
0.25778962601601224
0.21812793321426477
0.14465250304662136
0.1354605379700804
0.05148133842013728
0.09612488175184594
0.03742023790819983
0.07189125226981494
0.09884059051328885
0.1391695035440078
0.134083603930275
0.07537715904204616
0.11833956780265746
0.18290746375980108
0.25877633951216195
0.2964277826005991
0.10290900851770989
0.2171526949676511
0.4547900134134772
0.4252675711950681
0.5200838136448851
0.3698742546386347
0.3820643211592072
0.3703208278407343
0.2851606647256687
0.24579696723921624
0.22397727762083297
0.06956756312442311
0.13849872309376196
0.12805545421379094
0.09975857852878077
0.08668790308359174
0.09571120912659725
0.11364365440446232
0.24043141121894346
0.23458591754834035
0.4512283718482967
0.286984677125138
0.09693840763239249
0.40026450200656793
0.36181036523104315
0.20276774742590042
0.21564522512658432
0.23143277772120943
0.6190898180136021
0.38418737853587076
0.42884018362462084
0.5912558871280875
0.46741879331890857
0.2756310120894206
0.21943215287612713
0.2067619872471596
0.07340484818779534
0.17286104364588595
0.14319549199431383
0.17422687784892862
0.14056995923087287
0.17523274089942734
0.2668274882542523
0.12138163366435084
0.10804081219207579
0.14737871991576762
0.16201242407629504
0.06814372954511179
0.09124070633817999
0.1302035970665149
0.13490630829752784
0.20302486405867962
0.1995744877320548
0.1912192590293671
0.13835937348622945
0.1759356546030375
0.07158012522059734
0.16867676263944387
0.26512562635695713
0.14967165268150334
0.11603460367876678
0.09719522177370564
0.06986675806218606
0.05574797006402666
0.137667983006387
0.061705153868702414
0.1547853171352587
0.10451878989774985
0.060878124262524085
0.18245619561426196
0.22121775656864767
0.29332360452389744
0.3585202037969402
0.24390339721316137
0.4635344324401252
0.404074319032729
0.1793631277138904
0.3423466825774296
0.1384240209748644
0.2971316512988417
0.17961341059112843
0.06310053025538319
0.16913472312168432
0.05001887663025064
0.04348475835800486
0.08230765483976873
0.13580809923385617
0.11618346141280028
0.07007485094916795
0.18403391969845087
0.09637722690052228
0.09937426603283521
0.12651383044120806
0.08356311470488438
0.13536969842294938
0.17439775552433998
0.25386893586998566
0.31937185454207995
0.4288375404307188
0.34375995898337497
0.2953107986450751
0.29122134531895544
0.6254104341481229
0.45711651021873223
0.26356172655373444
0.19943693302979434
0.135277695243977
0.04952244464652765
0.06902325018458293
0.1359797270657685
0.1315674055385609
0.17750772921681726
0.09387576116804014
0.3212972312084981
0.20817218007522387
0.15112781447705925
0.24028618660603815
0.12438892335765171
0.3232988220430461
0.2777727106895302
0.09538974935481587
0.27314803608652855
0.13687265328673548
0.15263270937385476
0.13779341818473032
0.5057121170705194
0.49749179131703863
0.16134453974507007
0.12196656867796499
0.06169173678806123
0.047053701808553845
0.09557245206619791
0.09197475343956808
0.09554498871790272
0.09165748023546202
0.1100233828854585
0.19969901495804543
0.2046294081451838
0.06813193549581882
0.15561113056204876
0.10949725137798941
0.0977985625648521
0.12209345864504403
0.1670320843294876
0.2373828981637818
0.33673841663626475
0.26309887666499343
0.4296064761065635
0.4274077688424109
0.16026395652276262
0.25112299731376486
0.2931411893469549
0.31908974826705633
0.256116503131235
0.0967281503279241
0.12200061190843245
0.08906161956967906
0.13430689053132477
0.10430579682397118
0.06904285761333953
0.06008237504621172
0.15812412797661293
0.18510580080262698
0.10725624296348435
0.10391727555490506
0.16120985449097147
0.3889260866164291
0.07033233672096936
0.3185368569094509
0.21639948814033277
0.32926200360673885
0.3005746078073708
0.27187923010377074
0.2041762407304885
0.48069883762624505
0.2829392549453277
0.13632988242025357
0.2055740711540017
0.11864166463390087
0.16299921876619564
0.13381367831604876
0.1051581214478532
0.0827264423214711
0.047107370131118535
0.1426444510739291
0.15324903718703115
0.07614193263859233
0.19558658727528797
0.19048897540181517
0.5042941956725757
0.40566360142541846
0.08429951766841862
0.34084275811747633
0.23964517722116147
0.35731898736684353
0.33831641502362725
0.3721374015098044
0.3580028503494983
0.2543235490467492
0.4864068530154004
0.32398473613870693
0.18694017689949777
0.1358192790102341
0.06590668791863082
0.042532145632482386
0.11707570134759496
0.08275739123367519
0.15994763521851788
0.12358511477570353
0.14657188984979835
0.1280467270230733
0.10143167374770408
0.30781171021216297
0.10949679511252045
0.13267207875483197
0.24301025080896319
0.14723249721654155
0.04885159061446951
0.08221987016903862
0.2097650542763275
0.22268778659545282
0.4064550366836092
0.4502574310164846
0.2513361160092287
0.2147084569694067
0.14821434054527657
0.118877525992739
0.056117240801039005
0.05550422078110366
0.09402256054341071
0.09362144040457362
0.12269017094500848
0.10066504263985399
0.16975095581068114
0.09171870668571865
0.05488927690299229
0.09900537060305817
0.10593812647452165
0.10821927868275294
0.07384043657486113
0.2120850565635964
0.22733491426486796
0.2550809343859206
0.3325811478510514
0.33480567906293707
0.6690532652316696
0.28903728576826404
0.27754459786810204
0.3622570173486045
0.21431792257409138
0.10370980479582864
0.11819304082224638
0.13477636664925785
0.11018192510493297
0.07237731510869258
0.1158417783798225
0.14781200468662417
0.3619522507400719
0.11869659133049032
0.11331377506469359
0.14880236987715398
0.20446419663709667
0.22736983490171084
0.3801014435620139
0.08420559810393051
0.2966283426700176
0.2523510736195377
0.3797927213682125
0.4643767847316831
0.4729210544671391
0.426193123854903
0.29787396377623787
0.3185183363972304
0.24175510767710626
0.20449104677914134
0.13352679940972792
0.1706493980299162
0.12314572165998311
0.09249655705717091
0.12731553206688767
0.1341501348896771
0.08974934525385939
0.1474063711262331
0.20270886537759958
0.09906029729964856
0.16816457367608223
0.3611364465523538
0.2070582156676989
0.1279060079679032
0.18705522536138133
0.20693787962604765
0.06807826717325423
0.1979182935450088
0.30043712890740165
0.2617349505097945
0.34549434512951566
0.29984483668354883
0.05637857285416128
0.11429433276961946
0.08165161730553513
0.15345676760306465
0.10429123609763964
0.1390683521348142
0.09246909370887602
0.07905575663975228
0.2489351581622899
0.21017406277781933
0.13101839205406865
0.15547172652388525
0.12104119563010586
0.13104594935807276
0.08743582357177221
0.06712565444773175
0.06840027710864206
0.23772580125078951
0.3032374417754488
0.18169749210639638
0.1998061771894568
0.19593756316394823
0.19408062843170437
0.09722678130023256
0.10302892872733868
0.09134309642878577
0.09155625848514706
0.09612488175184594
0.08718178999462867
0.09626883332089818
0.05451307398144107
0.05550540035618952
0.09515730648063056
0.1637197455595141
0.11754396855104643
0.28696134732404455
0.2413728157345994
0.27585077305424505
0.12536993115244094
0.28027356320891805
0.38591768557515155
0.1925385399885732
0.4453235781369226
0.15365240750258308
0.36306401330662214
0.38399631218331964
0.39975633036503055
0.3267055819044158
0.16909183545160394
0.11701703212136745
0.10819974407016593
0.07839499210664383
0.12563592752389868
0.13402955125866522
0.11681197891087476
0.09625903577357034
0.10897895049623181
0.2358245255799662
0.207202967206229
0.19369840313405565
0.4552523028296548
0.24835306951544828
0.35120825569175296
0.465740593203729
0.30567439276260044
0.33595913969132224
0.6978292593943837
0.36518014227707896
0.4062143646003077
0.23031968745802894
0.2799888358663474
0.14816098772308411
0.27306252530657954
0.213648062770943
0.11652265444831246
0.11281344130626031
0.21845002761067167
0.22610361182050384
0.1978146056847783
0.16590194457984087
0.15478099838717085
0.17911306847527403
0.31197306713071077
0.48363055139586286
0.3578912070489743
0.3228269155883655
0.2323924786368345
0.08609742259866399
0.24573436290029202
0.2744978977800302
0.19480754360034447
0.5054219883302878
0.47149762860270134
0.4177449909134879
0.13859844302319974
0.34754559453367684
0.07773422757353546
0.07925922317903655
0.0693174910962884
0.10232155203603222
0.03316702334495162
0.09374425506611904
0.14264868343299844
0.17831083546151058
0.18062439851833548
0.13393474619624152
0.1299155873773493
0.048771088130622565
0.13391594310699803
0.19018685273230415
0.14636436698800237
0.13837258646438402
0.08793294393321241
0.08400434189431302
0.07221072801073197
0.358863408491253
0.25371918224894163
0.12115623818968997
0.08902233005410756
0.16425869685378292
0.1546566153748919
0.05791452210778443
0.07700266684045123
0.12050774829072666
0.06506170777784985
0.11022915205147729
0.11147798175904902
0.1438814770843493
0.06892765011507519
0.13320632198031598
0.09887611422333886
0.10380265153244117
0.04683902851829528
0.188505178351532
0.1388893745739599
0.05189726792001324
0.1586831269239478
0.06634746377054432
0.1863172484252856
0.22979912691353
0.15857337305466257
0.11223448160207762
0.3442138015336331
0.2775667965258109
0.052179026613477675
0.07410002264143939
0.15145020065669523
0.07939653992051103
0.0700882379761385
0.05417817162901073
0.2117384166362648
0.1292518736807867
0.14107322781863801
0.12269598727674581
0.13342128896081154
0.2068132068588111
0.17666909886902635
0.07806701676001443
0.05204485580706605
0.11646075662390411
0.20266326158336462
0.15106164046805115
0.18535761615661278
0.14087944835291275
0.20581033212186414
0.20292550786424798
0.2795406247555584
0.12281609357472299
0.22464429040496217
0.11630601206288418
0.11387616653528718
0.07027702784274092
0.09386805071493526
0.12599902339973792
0.04801035490678326
0.12360995534304385
0.19955858589182437
0.17134383001178383
0.1720742536112868
0.11484487083455898
0.199015822114874
0.09850660549637438
0.06751474978632536
0.1948689010385621
0.2143987142084169
0.178194035339334
0.30634949647661763
0.2938289724654129
0.33083631388846635
0.23724201361518232
0.13376361725521912
0.07423670718754737
0.1561152353257222
0.05590692064812199
0.07138616830902998
0.05950148326161277
0.1753775987940517
0.11424831087037045
0.10146716365897825
0.21034157702721026
0.07816261682952215
0.10692586069693095
0.31446196314482955
0.07120293176935917
0.16995493596365696
0.5433359316846049
0.282213367078233
0.15942175217828242
0.2828999507856055
0.2673831589989954
0.26933234344163987
0.21139745312802993
0.42851664431964914
0.1658278805681131
0.210836124859828
0.20348852242318666
0.1611274644460868
0.18408641791224964
0.12465613791048055
0.1612633057404207
0.04944194216268071
0.11587272729202669
0.1234030615134028
0.09614123956726876
0.18884838304584572
0.05259495611335364
0.1819996091501993
0.15246299085093198
0.403437118165182
0.21174241535355917
0.25652156632680634
0.19825791134077123
0.18737613623515578
0.14803065071393634
0.3002972951160626
0.33502197460902544
0.32138673191277467
0.12033779627057874
0.4055610748201716
0.31304558180043873
0.10552335672263531
0.11855927458901622
0.17809734164366198
0.06871732996215818
0.15760010254908743
0.15374934921625108
0.11152704108772118
0.17081424980293122
0.26057816415730695
0.1574396544935521
0.13755701655316907
0.07827733691293143
0.12959954060355974
0.20828617913337133
0.1805303099385383
0.24762224654474008
0.364999163849052
0.42994968080087725
0.4098293055967649
0.3783766269650142
0.3217626627986787
0.4618311198375549
0.16492275524115926
0.27829138217415195
0.08586931610343455
0.06895037741492967
0.15380725368965467
0.17461692812842103
0.14048448649369658
0.0693482904209092
0.18259988394406157
0.19412515522091106
0.16898541136246792
0.05357427895213336
0.13711224674968647
0.10795907160747376
0.12458791512279573
0.19114048177231818
0.23430207336802944
0.169297312875696
0.33068344245728554
0.27166132836821016
0.10430438490439067
0.21064229366162046
0.14333467248952983
0.2772379191056149
0.5000912075884727
0.44829499327591094
0.32969100947462987
0.07588700810641023
0.16294602275441258
0.13007827799369365
0.18314483765049344
0.13434402840803006
0.05286329772617689
0.21154279345730692
0.0975555933418866
0.10296009275752153
0.17591361696791727
0.24276326732870168
0.07972429316978247
0.34010976571995705
0.30722985144977316
0.68150310105801
0.5256910877377355
0.5525429912480726
0.18820139015357468
0.4235715818084787
0.662209237206129
0.6415396192489611
0.5142734519165707
0.3947824406434508
0.34530682306588073
0.15843605631318844
0.08011285824747995
0.08120269903986808
0.12254822215827843
0.14223356486858432
0.06177223927190827
0.08995837143604046
0.1495215743490959
0.11141224436789096
0.0588131627611571
0.06593153427066836
0.14380162455353176
0.18156365200908536
0.2464771367931894
0.31360532736381136
0.16429215245102424
0.3996123543789136
0.3060283737624797
0.3179072261601765
0.5301858149678722
0.5272482116386735
0.17938397042430967
0.19435494130922013
0.26803872164949977
0.30622947829259484
0.2301623495074795
0.08953902510094229
0.20950383071871598
0.09639635251504444
0.04276023600338213
0.15806275082086904
0.07846308758951331
0.2978587740770797
0.14694543514491012
0.24641523896878198
0.18049000251507943
0.2504903519441241
0.2256268826125197
0.31829504979618156
0.2645889980432545
0.36830851148020327
0.5985918874690324
0.6913991244071523
0.5494278150086646
0.5302005995148481
0.3011638646577758
0.3728060991977276
0.35688998149895257
0.2901844683827485
0.19135661709949278
0.06370429888423547
0.09894367231640183
0.11890011505890338
0.18756377692021658
0.04933460551755143
0.14416871541101414
0.2523841520805791
0.14463663655075878
0.09668991030012081
0.09649871016110535
0.23589260881939858
0.17040471059559312
0.2861638088288949
0.1247580907075913
0.15819855189538856
0.1665834585432865
0.48983794433281636
0.5708226924480133
0.38874197242732483
0.15567515318639155
0.2261702601896671
0.23910236605193097
0.2399000813249358
0.08860673564024385
0.04913843572697457
0.10100205095917549
0.10437712765800562
0.09281279716961018
0.15384446812316327
0.09572567376517267
0.10119375937832009
0.16448779610652686
0.21783990732583688
0.26006370925077565
0.29809992234957383
0.3226863529501561
0.15047361113617375
0.18945868099057156
0.21052205035624894
0.13448801660004953
0.10961503969756656
0.1905215035282366
0.18125809874623744
0.1515343225543645
0.18748851013223788
0.08094365530577617
0.12720023982983458
0.04600716951854326
0.11977447345675124
0.1198948094984025
0.11852797072382011
0.12149402721713275
0.04410194406749831
0.0876630077572712
0.10493433053630104
0.05502344770940392
0.24011051510787376
0.1774443633710326
0.09296150758931913
0.16901412807579255
0.10617070123052054
0.13302605975471127
0.3494252793976399
0.11976776707928717
0.21739328712148884
0.294542517948065
0.17934081407405672
0.2511413189258937
0.14681905998445233
0.1917247518110026
0.06626996818276018
0.0752327618410538
0.0405464176975905
0.1328894564027729
0.0975369771245274
0.10451878989774985
0.04726837509881251
0.10123856596553346
0.1893013498723103
0.0835735807636598
0.04348475835800486
0.1657413069596274
0.05753244178930115
0.10640668856377403
0.28060014593214266
0.30934385107115314
0.10765865506468089
0.1030565964047625
0.34917508085767474
0.14295899423157737
0.45326575688589593
0.2412467706307028
0.3263863553447655
0.160053636369846
0.06080620946574462
0.147533107040119
0.14128178421156604
0.19003101058008065
0.09079382946288812
0.19061228997537916
0.18519700839109876
0.12575233143047188
0.05455384988696327
0.09963385209941274
0.1245737478655959
0.11281943479538567
0.3506068144080347
0.08895524465090171
0.22715690213444317
0.19872478826178394
0.09202775611772769
0.20773964946260834
0.38267323415923266
0.30638643107353647
0.19158253929349592
0.34908207470332614
0.10517649514606639
0.22085917548340087
0.08320913370500489
0.05695852141270703
0.1293023685825028
0.08504761073677616
0.098499747267892
0.09022341261694225
0.18605984490455008
0.08741228037716813
0.15620001588015542
0.18105113639379228
0.1426801380706839
0.18387449835826378
0.2771731007695498
0.2547007837671933
0.23404265416900505
0.3162854703867345
0.29078193174623695
0.17154476472467578
0.1294077427840038
0.19538742205990398
0.5174449790998283
0.44132596697450205
0.3283517922136389
0.49134042049615284
0.20960394939530752
0.21023193119734118
0.1710142698322452
0.1663113033484318
0.11527981229408613
0.2559449007840786
0.27102334914264964
0.3373312659613294
0.19660104733306777
0.2623539287538761
0.27825864492376967
0.13888020171666404
0.24699233958017827
0.4325729458762451
0.20740123255107676
0.4449337057254234
0.6207285902522339
0.4582939254519685
0.1653789359829589
0.24707873791588278
0.5488249178846499
0.2898160439679995
0.36287599559268613
0.2846301417281832
0.1397791461196225
0.33638350101373776
0.10309511495713877
0.07208997428496151
0.17154982034714378
0.16301730234197565
0.22996717556795593
0.19739122032172496
0.19871430447877336
0.3506751654781983
0.39704493073359826
0.1659827046118112
0.4545687921280112
0.1821234526231283
0.2624030707848241
0.2625560308960372
0.26603587342611784
0.5937012205750685
0.6493861822273879
0.3000814929645047
0.5003572611853692
0.42169828529733766
0.30963034784450627
0.3357486191115567
0.08711710460306253
0.22992206358141257
0.09861910656642574
0.11762552074698981
0.11268530466302296
0.1658631774091314
0.10526701401429182
0.17795163400140046
0.16082536761191407
0.21539504067677911
0.1708946842520228
0.29731820864041975
0.23420105028004357
0.4354438273184203
0.6393453892924162
0.3368483194853205
0.2763798009468549
0.48136241163243665
0.36592195894208873
0.7652772710689548
0.4659411532731475
0.2823070052563342
0.301838325845771
0.2887638496777794
0.3432597592119678
0.11016952010071085
0.07351645345144635
0.12145985168205048
0.1333910981393657
0.10782601011896967
0.06309604587510352
0.23694166601106087
0.0647021270428334
0.0942641600764324
0.11660562435993836
0.11913591529646261
0.18953310985758784
0.15280606991273682
0.26317949653411266
0.28779393458561964
0.2934311442155558
0.18971683181093088
0.4004273045489191
0.39309773606033516
0.26697120877457214
0.11498776360390064
0.151480269215095
0.16928845802909234
0.1222482032060649
0.16337623254834102
0.05287671480681806
0.04866375148549328
0.1267228840847052
0.14399033511007892
0.2120576431959141
0.13543243980499692
0.1718350966800444
0.1074640818778832
0.12964499322283707
0.08372654087487216
0.12332698035801382
0.16069192388868347
0.05373540796785243
0.1789492885808101
0.1495943461337716
0.07330613329852935
0.28917365924845
0.3121579715432332
0.2921379058737692
0.1473032934165174
0.21660342800175372
0.09833592176652137
0.08759849810351053
0.14706321151321147
0.11956997486205177
0.16203028091937294
0.04451787356737437
0.10646425798199072
0.1868320554667548
0.2263772345859182
0.14416871541101414
0.12141258257655502
0.11011357403476842
0.07113007208375077
0.11961754566871952
0.0882579841695387
0.1363380648159235
0.13349278220497907
0.0912332430356062
0.09018963580040062
0.23292513932822406
0.19674855546808234
0.27288203045086296
0.08729152665139767
0.051857016678089736
0.06823932961461952
0.1387723458591763
0.13968442174388926
0.10905413244722083
0.11821317584924411
0.128398556441748
0.17930070206017357
0.137419826565426
0.18516304907522438
0.1046842014587462
0.1602490840003192
0.03375737489316273
0.12225643880226458
0.10355399529077625
0.24397782608017857
0.09163972903624246
0.15016730115107743
0.09977544449936539
0.14419098195874805
0.16518127317310793
0.10349663524907086
0.12408213982442332
0.09976823253826936
0.13427679262095268
0.08691958319643046
0.07684333587031547
0.11153987958345739
0.12528751161125357
0.04975053501742739
0.09854831036644894
0.09255998729738667
0.17953895571259948
0.21875760006100295
0.21274282249075638
0.12481370055750782
0.0701354354427892
0.12370077698146888
0.17357754268236736
0.13419303547646572
0.16752646176061434
0.23091183246338823
0.21680959456131912
0.16759682404298681
0.19217665851684357
0.11794646915984568
0.24019073913564093
0.18458359020098886
0.194117039266755
0.16456665092318554
0.13113152811030596
0.12150512540448159
0.05932940313649884
0.12016540579818387
0.10440625967604511
0.17767238234221103
0.09453652570114804
0.10255975456789566
0.16941530654232273
0.2508099845017597
0.17267497147834476
0.25747902225465275
0.24312475657459365
0.24019518423932945
0.24922473549799376
0.19021342575702324
0.2024478690580066
0.35347500912075935
0.18235663267803312
0.13195698810582465
0.42142466253192434
0.18928354704007433
0.18666677261884054
0.17706627463231933
0.15131388664460135
0.1338997464519624
0.15881797229343872
0.08191120337211341
0.14201021524990892
0.0764035755505799
0.18396570594673556
0.0796929224395353
0.10853783509966286
0.09489262899337511
0.1627097225262352
0.29336920831813335
0.2080658977447033
0.07670545002552118
0.22365874538466587
0.2453010781294355
0.18911893469536678
0.1973276176577899
0.18881931335701269
0.284420503155376
0.2097925176246227
0.18066501135571347
0.20187975430712896
0.060189023756251174
0.18287121488507907
0.10422340677908652
0.07147061196398091
0.07342085338193861
0.0661552480993509
0.1562261918676917
0.11435738229989888
0.315448014660632
0.22450747902225549
0.09500634802006575
0.14135743347025423
0.23642513379501454
0.21179143330597622
0.07755077638467267
0.10197012669861799
0.16827800072966156
0.21287445768083654
0.25071102919580196
0.10533750011375989
0.15603482474687777
0.155593546498051
0.1222151288586849
0.11766776419986313
0.11651799371933527
0.040076819875149855
0.10377651944295731
0.07865502951654915
0.0852582671674326
0.050075316408150335
0.04296149221299962
0.1486683692083186
0.07104344199495093
0.04335058755159323
0.06695828868321593
0.1341952472307999
0.125866472090478
0.12582199969143984
0.12871945255281772
0.14273987595768023
0.0958797300081999
0.1277481501371705
0.04669144063124257
0.08640334282108872
0.1597817603796381
0.22154323239693624
0.1521494821858435
0.2323066774632563
0.17361867473569628
0.11089961134165784
0.0899973923623364
0.1285386533375439
0.1167259604015896
0.12762924569772557
0.08208794805340967
0.21488903922686042
0.07716837610664175
0.11314301349872322
0.13981301234584478
0.14727771444715743
0.15281189014295826
0.17657881522414834
0.073510054308307
0.10707195141245474
0.14812924908290276
0.2037203646248459
0.18706715906964702
0.21375732646056014
0.3047882393766281
0.29618770196582966
0.2210371309614468
0.18838602858615613
0.11169343751529479
0.07751253635686958
0.1175749174632506
0.11958659675651533
0.18720357533746818
0.15213260418178323
0.09070534594893669
0.14258033236283485
0.0781813288960489
0.12701286156370503
0.09925627236620846
0.18451741456064752
0.08526222350430596
0.05376224212913468
0.14074498752825404
0.20077186877708356
0.11655445016348934
0.11534606283851474
0.0727876624783019
0.15667840202231553
0.29107451927925077
0.3232559214562574
0.2337652974140866
0.2567570008696129
0.2161331562437457
0.12535586268141813
0.07712066050707769
0.04932118843691026
0.10791885685558125
0.1215423398379902
0.07049549125500197
0.13249854951359305
0.2636670064061259
0.17307402095436156
0.5030522806895915
0.0612623902075441
0.2799692293860033
0.11619742663565646
0.1305323349058584
0.1774920114903245
0.21666243188511214
0.11572818822726719
0.308327252827436
0.27224417164718995
0.2488179355516532
0.37065575774230797
0.20846213615362896
0.3174024078803362
0.17922471177579893
0.130892299364731
0.17338562568405785
0.17019336008756017
0.09703799143362997
0.2037577526450211
0.1917183509668008
0.08389862099998609
0.18323604523896425
0.1866010885870075
0.13397784093140638
0.23887944868954608
0.21704472128712243
0.23645567311200402
0.18049000251508035
0.08865950446147117
0.147775013695325
0.1997979411547481
0.14610981451540025
0.16072754149146912
0.14539179601716826
0.2618111146189599
0.18789567478322408
0.15223769913180601
0.1786664952731745
0.13348964003097608
0.1889365195184242
0.12642630635361332
0.05592239211236171
0.14275456693770014
0.11191126652990653
0.12441462706034954
0.07705365602323247
0.09663681296709979
0.20390648900883787
0.10454589235593138
0.27043728830455355
0.3873130244436347
0.1373210292199156
0.4022254651587024
0.2242382388277313
0.3019343298220493
0.06574369514169204
0.1899934020019841
0.35809119792904825
0.27036969701472985
0.31617110543597304
0.14637964641173387
0.055479628451203404
0.08375190457148679
0.1381056638016051
0.06194884504101076
0.12498903526163262
0.07950639331369051
0.10350935972341985
0.0634593261392329
0.20818132068588197
0.08516384306243678
0.30290040131339047
0.14636873866164907
0.055753960536909626
0.18022536510122603
0.0858285931041131
0.2145658518788773
0.13583268230516368
0.21977372406883453
0.20112163761291
0.26325414673799497
0.2542288773125128
0.15443507189829483
0.2369442981471163
0.21808901948571888
0.08804687403669123
0.05476852317722184
0.08842445376989605
0.09796176336785287
0.10432878303991024
0.12583827702173686
0.2088101864148689
0.22286854836964226
0.19296683937760395
0.14145206176491104
0.15246753408335695
0.1555249413939304
0.15950383854569677
0.2685437111946893
0.3300771147557322
0.25813283071032506
0.18649814494170808
0.4223133763524082
0.1327502565184374
0.2625396222271002
0.5255381247719823
0.347546515870121
0.1596926284122994
0.13710961968798968
0.11899856742463792
0.05070314774294986
0.11163272632006992
0.08745690570355871
0.16855162349507496
0.13506105285854872
0.17926851514046035
0.19559906251943476
0.16778699394287702
0.05479535733850419
0.17812323634855778
0.1848777818314485
0.08271318013809023
0.21102798641583678
0.21540151455551004
0.2097774534841303
0.19893002094129578
0.1290027337937347
0.10233207405014032
0.49331384748845425
0.2332734789205827
0.3675920553438755
0.1485540262827579
0.15140207850229614
0.11542845288339938
0.10320726289217548
0.14705064289767253
0.07122205178326071
0.13632620944279614
0.10603097321113321
0.08886982461438818
0.25401437437856683
0.10853057456305075
0.15632973825966817
0.1406085822319734
0.16252809520912592
0.2559740970448752
0.3155338158342102
0.3197809739263362
0.24797246982908078
0.16102719019776038
0.08792212944153228
0.27003407746511976
0.28883203401729957
0.19722701295923228
0.16117182344753772
0.09662981477764637
0.17111196527099728
0.11012802666248638
0.10046016901440166
0.115811317077717
0.11558803047666721
0.042290638180941476
0.09999761565044434
0.16735330748666252
0.14186264612610902
0.11057016156381327
0.05415133746772839
0.29970813571689275
0.1236635625479612
0.07049549125500197
0.11274688715941639
0.16225493009603098
0.06452274080334632
0.28771433783290834
0.15107909074856574
0.15949722222851112
0.24239188038225254
0.17623230600827358
0.43414812112367906
0.22041551629097395
0.13901946906870546
0.15997628813674583
0.1161626437443135
0.04769772167932964
0.13950958428753513
0.1210155697259819
0.16800437796424722
0.14428035871153902
0.054205005790293075
0.20266237199195167
0.2157515505290046
0.19134882092509853
0.14688536905711724
0.16490331995622037
0.13822569063464668
0.08538804877102095
0.07626571821489421
0.08244790211163458
0.0940408734753828
0.03751415747268794
0.040036568633226334
0.12599183560872576
0.18464121020946422
0.2741776501694678
0.28055454213790676
0.18387347164291556
0.050287218243073806
0.08634776523726966
0.1120041132665181
0.11763681528765896
0.1359815400391962
0.15503293366052986
0.13850678394044294
0.10081378876567831
0.19574662775249335
0.202485446084956
0.24099297941331563
0.3072327617657795
0.25980481576067244
0.1953856196275396
0.43168742869586146
0.30884431053761685
0.13733905985480843
0.18553324140350216
0.11682252114259406
0.3666351403615748
0.28301576683034696
0.2388186391542397
0.10609990503054467
0.11192487739412314
0.10862893141062212
0.1271245048642299
0.12009536956782095
0.09953170164827925
0.08442233265847489
0.12456937162136947
0.12292907927455389
0.13984609368572248
0.14328795987576604
0.2458465330932442
0.0664548004156736
0.1549921523179681
0.1407664442854096
0.0675952522701724
0.14107660881921866
0.13464182043289852
0.1033720429819448
0.1959784534322952
0.2604923629837288
0.4121214885078447
0.36697373221452134
0.30553049910284696
0.17376268633725475
0.25443685868679344
0.06059132405400089
0.06307692586120198
0.11585506392857398
0.1215394020676341
0.1159601748117505
0.14007512772510564
0.1677998806887621
0.15520886908049245
0.10842529906820385
0.17310148430265676
0.12990163743480318
0.1466189301500838
0.14870887629902219
0.07237731510869258
0.07837293698243916
0.043511592519287205
0.11268211805391061
0.045215561760714756
0.06495208738386354
0.1377023401189382
0.37949859073683456
0.18915975139125765
0.2279277635899316
0.15703853435471524
0.1298670333122657
0.04720128969560665
0.05303771977451204
0.16339839474644377
0.07911861752459945
0.11785811092067172
0.15980922372793235
0.07567701502232106
0.08391709570476387
0.04576566206700235
0.09515730648063056
0.10386232061653643
0.08276075777182419
0.055983400703728176
0.08801213524704411
0.04818861345026095
0.04534973256712639
0.03296576713533413
0.055065640036453964
0.2417077456361741
0.20730879580847406
0.14279828090956492
0.16173163997910942
0.05293038312938266
0.03756782579525263
0.12557001753184693
0.07830074787628956
0.09679474155499435
0.15441444728201442
0.12039401678219655
0.13934913623200076
0.1919148336021172
0.0683837372542623
0.08012267534329215
0.0341196360704741
0.08153868108751203
0.07670949577300465
0.04199546240683597
0.11360075381767369
0.03534059040881973
0.0883064601032695
0.0893657353515541
0.2901366684550325
0.08166976986275093
0.23985718073814621
0.14750251556458338
0.13024370908039898
0.1681867931411898
0.09065651272141363
0.08206048470511478
0.12358511477570353
0.11413666756984556
0.11664573637382147
0.19313844172476036
0.05158867506526657
0.21763000715632752
0.12836330976864951
0.09966449096213538
0.09477251303440153
0.17784948456763902
0.27036265803508763
0.15560042828425302
0.15419058136897204
0.2352243706676399
0.11616996328736126
0.12081126914919704
0.2737118604731408
0.19804208919382454
0.1235157702246155
0.1233653605406213
0.14688353732050177
0.09460732190112484
0.0957559343593832
0.12771504687130472
0.10334448185244847
0.13995804450930363
0.05649964107906992
0.0830491652437307
0.16564881854330302
0.14338631024144236
0.17070143483403377
0.25916372170263513
0.25313257672321093
0.15607733413365918
0.11302542736925303
0.22879433720880601
0.0713520348496976
0.11784522753334954
0.166795847143215
0.20898339702750066
0.14742128708314414
0.12187096860845725
0.3648588782862048
0.16212329794480546
0.20080074150184035
0.11258955669500254
0.09099671570235367
0.09958210091725074
0.09127990050225719
0.15573695731484938
0.14478948041338685
0.06926228230975308
0.03932546335924477
0.052433951145659755
0.12507771102127518
0.08493184123775172
0.1866325970837583
0.16755100660962446
0.188982217402886
0.14188962316337622
0.19828645454677984
0.1617390151784545
0.27334914264866933
0.11265512190791183
0.1539320671928277
0.2451463335684146
0.2559282629128699
0.23329147274764392
0.18953751756574286
0.06222842001370776
0.12840703673467388
0.06961597061553085
0.09889551720987924
0.052259529097324606
0.0756961350362226
0.07785669660709742
0.16181186400687658
0.22972150351199416
0.08715213676665275
0.10550291899592809
0.16881380901531154
0.13170453068849491
0.13016905464172865
0.13804268515140503
0.13348964003097608
0.15797154323239726
0.16654508164515391
0.2216029810593622
0.4157697920466993
0.29933429592372085
0.3531215797154332
0.16050350430497604
0.056604147522440786
0.05370060741493942
0.11189070185904086
0.11476931293948628
0.12535551459790098
0.15074094817497355
0.10188381897578895
0.15112421613337818
0.18219624614534297
0.15291979194793903
0.0742416150413912
0.04390068785788091
0.14259820935658082
0.14182420609999338
0.17065724630441234
0.0980837856858428
0.11848658012990135
0.05066289650102634
0.18015361793987406
0.29057142857357837
0.2112558607280782
0.1710855866640821
0.10012195279544805
0.18326058161655842
0.13472061482430372
0.060151563734265334
0.03876194597231601
0.11476047172128738
0.07813322589894632
0.06617084824413891
0.047174455534324394
0.1116856486485482
0.0745298141882283
0.1687897386203596
0.09991166109678935
0.0699938430428374
0.13470784251793586
0.10494470249330458
0.12760829249983713
0.0931527077283346
0.15273288172707092
0.24379214281368936
0.22357635050758903
0.06158556477688138
0.1185867379373114
0.2803419142790826
0.4530651968164775
0.23860679265209997
0.09705916135816331
0.14978510160029984
0.11028445171017882
0.14388856809081435
0.15302733296634452
0.12243827469623847
0.11240333488527401
0.13650118324625662
0.135497752403589
0.07343997339584017
0.10693862901396438
0.15392730539947577
0.11279694796354785
0.12415971895354237
0.19631308514715745
0.058860732772776155
0.15228618432617258
0.041257522971572064
0.11683214357035325
0.08588710244574697
0.21416906484005882
0.3121918040568964
0.17150861010155313
0.15829873957171434
0.18459548789282212
0.20188799708135743
0.12484322965518592
0.17452572053994925
0.09653366925651856
0.17143074480944986
0.07093525157473753
0.09238904096854625
0.14675974167168604
0.20951726065152593
0.10114417103223265
0.202485446084956
0.2347683327252839
0.06375796720680016
0.2325293444838533
0.09831511148175223
0.16799330151980824
0.22767341409002703
0.17006427256134815
0.26469662048906517
0.3228070731567678
0.2851602003874904
0.3110657203179579
0.1739030477841176
0.17814549320405962
0.1955837751717423
0.06814372954511179
0.04871741980805797
0.1472110909532069
0.05254128779078904
0.130892299364731
0.23256945649773733
0.13970298339002238
0.1605232707836
0.27133043470875173
0.193552268676481
0.1654925858112499
0.04941510800139836
0.172017511856987
0.1513883155116176
0.1692356804086104
0.17486279175258157
0.06998349262429916
0.1484124338828062
0.1905286080831259
0.2546310641337763
0.22505472455308323
0.25070008677317274
0.2059228165879279
0.15361903019437742
0.0934037865015341
0.0460340036798256
0.11780306942825781
0.12396127801602726
0.1222121996411386
0.09963702761384113
0.16147780867436665
0.16017092181956766
0.22298691243030316
0.0988550938996783
0.1182715658518403
0.23301435998442074
0.34182765221695843
0.5103882810305364
0.3732351050656186
0.13651689925704216
0.35899211025162076
0.15266875317126272
0.45016014810241045
0.4063114574800549
0.31433512789298496
0.2525082086829632
0.06489841906129885
0.1663113033484318
0.12308382383557477
0.09700054617753222
0.13951691122248122
0.11199322846428769
0.1321690857468162
0.19978803267707873
0.20056548704852345
0.27520726425240716
0.1514958044509311
0.14951419485784812
0.17152132403958822
0.16291477573672883
0.2516417365924852
0.07033233672096936
0.19089289047468574
0.14739579029864489
0.1358966734880586
0.16423082280340937
0.20795247328886513
0.08470203008765351
0.2849027968667558
0.2543001565464653
0.21971908062750847
0.1168940413947616
0.1582907697920475
0.10450878628129191
0.11735878747218922
0.11060129638656058
0.1264137922013535
0.10386454935684857
0.11507142935556558
0.17351343452708
0.16255032334409553
0.06713036880832986
0.07414741391019737
0.14825347118647586
0.25015332156754316
0.19190076614374338
0.23563552837010865
0.19581367334252586
0.3139365195184251
0.23865649668254563
0.3859336787552079
0.11848623914209828
0.21443382348645754
0.17842047885644596
0.1041467157217238
0.099994051141674
0.08058967430589668
0.11160608609128361
0.08318553497167963
0.04811365117920569
0.08483744630445052
0.18794747072327325
0.08189101954032374
0.24857415003733613
0.04848932943715824
0.14952759383620406
0.04924068595306322
0.1449042687484227
0.10140375709881017
0.17754190475189954
0.2391262189699792
0.22700804440040967
0.11765298409528503
0.14965234880740452
0.25440268315171116
0.2401944441870598
0.18280493715455423
0.33664720904779394
0.1466668949350735
0.10022711287190686
0.1012299018149438
0.09014716130264289
0.13749543962057725
0.12638112873388344
0.15769792046698292
0.17821767768531324
0.1805910251732953
0.18563083903665908
0.24697867814514607
0.13854689595432604
0.14131462491230207
0.08026581835869223
0.2788186085056518
0.13164416113653815
0.05099832351705537
0.07418565393800046
0.1074640818778832
0.13472061482430372
0.22278212511011208
0.40085735133163153
0.12232984894209474
0.16875454200921408
0.3207314848595415
0.08922681070295614
0.048596666082287514
0.07509116944110199
0.10956676547345301
0.10637141124537819
0.14599222265291908
0.07665213573130002
0.13427567733786644
0.20899800411406452
0.11501650265897612
0.06259068119101913
0.14357142288021787
0.10595359772166425
0.07661389570349691
0.05545279428992106
0.11036382091970347
0.06663324844688966
0.15615813591251176
0.19700222579959797
0.494086058050659
0.37878373646557606
0.33818438905353887
0.20570254565961202
0.12498569809001918
0.09578725856738948
0.10042922010219747
0.13822599984325637
0.09115085299072155
0.1358192790102341
0.11872002721480128
0.20047984539077063
0.19231654043607213
0.19661185332775324
0.07054701001122793
0.22518518005625646
0.15399496108028146
0.17624323441877698
0.3252282085691017
0.47933856591030655
0.3956638570598623
0.2774380947654432
0.1860857885224438
0.13611749382032598
0.12127824817750969
0.2892794823714143
0.37649554966159393
0.23080080262677904
0.18603773526204756
0.13021330284541535
0.0669009286415113
0.16924281488320347
0.07877257183984866
0.12396127801602726
0.09529781858324875
0.14223857701201306
0.18421511967261645
0.14719402959892827
0.1233505790913388
0.14367394948546375
0.06770258891530168
0.17060427113021823
0.10647935741771263
0.21804890747183478
0.3268423932871225
0.1418481939430779
0.08616449187754005
0.24620754121819796
0.1499582690298289
0.38051805910251824
0.18770432486942978
0.3336378634592317
0.16910238586155119
0.10754647192276787
0.16895352812751768
0.037701996601664255
0.04881339549064829
0.06206466864553681
0.06997024430951204
0.08260975167101252
0.10895160584197403
0.07187530099470295
0.13840353537658728
0.11323422108719497
0.17105983217803722
0.15108537030281005
0.050045710791532985
0.14360295262687064
0.1255506034560048
0.05680556130149467
0.15728748631886186
0.11646075662390411
0.23681123907611687
0.2019929267088749
0.26403640574113196
0.14836523641615623
0.2299799343305369
0.1016611139145228
0.09637722690052228
0.1439711784020434
0.13152134257570297
0.07867817690654745
0.14287668734038692
0.106490967316058
0.08502623617105293
0.11558165964791582
0.19386398604627608
0.13795147756293324
0.18148442116464883
0.09377766826548849
0.09271626384352998
0.1938637756135894
0.16002893051429207
0.2673564568699931
0.14945229703343976
0.4045525334216995
0.15114988694854162
0.3835312458950156
0.4837194454578633
0.09501976510070664
0.06834660878607737
0.1261666220666995
0.05728356164903341
0.13088288945640345
0.0705366139093192
0.07282569104187327
0.040264659004126076
0.1577891280554547
0.15257813716605004
0.15390460384453253
0.05466118653209255
0.0965095054042007
0.10061491357542159
0.03936571460116829
0.15920407757454108
0.11811986101629773
0.25194171485094674
0.07347193359100111
0.1097813074292922
0.2047798062123935
0.19023861363866465
0.32055318448854087
0.28955802258125096
0.3050231720708682
0.33132523467942493
0.21626278600000373
0.050340886565638496
0.10855450254360585
0.03450873140906772
0.06992304684286144
0.1299029767975511
0.11034079535200218
0.06563900772400916
0.10602910883056882
0.10644111738990934
0.041190437568366295
0.11741890604190776
0.11205265929338223
0.10326218958876589
0.09000556890269107
0.15299831335080133
0.19671128596904974
0.15010222418972555
0.13460489786688754
0.1327028989608814
0.2697159891433959
0.11036890535419523
0.18714807209799292
0.19924336952908064
0.29511313652257365
0.2223810049712752
0.10317594041308711
0.12128183880343181
0.06636556825226801
0.11530825536725858
0.11052686751954334
0.1459275065089281
0.1355871843660178
0.1961232566371723
0.05450018156439858
0.11757059405040038
0.180229501480522
0.0878108867034382
0.17130222904951134
0.08436547163794456
0.09538020862813341
0.09430913804463291
0.21811379479193477
0.18578631996101397
0.1926553882886148
0.2695872873830291
0.11140202056356538
0.18788467303128625
0.05062264525910293
0.13405435039935126
0.08153362363890868
0.08324140868179482
0.05835428242752
0.15221128192790995
0.10898578137705629
0.05667374862826678
0.054191588709651906
0.22651509824671992
0.2105071141919016
0.07140570317226229
0.08444710555547141
0.21839657059467446
0.21122632579275752
0.15310426867351912
0.2517512871142914
0.29073127694406387
0.09554270946602805
0.4653855654887164
0.21339274964704213
0.0693260556728822
0.14083724048538548
0.1403930981175751
0.16241354421513193
0.07881980960631846
0.032536420554817
0.11501647318171539
0.06489589202081204
0.0674499834122363
0.08140136434603754
0.14792122324899437
0.15827298571064644
0.11688401034302795
0.11137806883280868
0.25294185970883787
0.147749620901838
0.12162922496198329
0.17882281471509928
0.2150177409872282
0.17388512249810686
0.14994747962870467
0.13959619938289802
0.07685303791257388
0.5005928493250655
0.19955088899872986
0.13253993636552075
0.24126117243407455
0.28283473184969055
0.04101601552003115
0.09847499408450198
0.0921030670464619
0.0859451291906941
0.08984469212840658
0.14051238463462828
0.09883135185709417
0.1256868536905431
0.09645539272931104
0.22158153076596837
0.10062570815245697
0.15298349249011467
0.058552139918029385
0.10735887805718336
0.2037203646248459
0.11971039240533109
0.17571141919007752
0.20177665848180656
0.22252267874724152
0.17600646370452885
0.3873130244436347
0.2655546322248481
0.14808237400601731
0.051763097113601615
0.06364578377833191
0.07938395980343188
0.09031943012455647
0.08991007135596553
0.04751323454534306
0.09889551720987924
0.16824645389086068
0.06171857094934358
0.18799961848704538
0.0710793847758011
0.10632008964064665
0.14768820903780747
0.10647935741771263
0.18607601226998408
0.147775013695325
0.07431582048595735
0.15062396021671093
0.076672284573897
0.13687732790170445
0.11179472128234225
0.08282790022149951
0.17144689517257194
0.21484613864007088
0.1794960551258099
0.040023151552585165
0.0631382377299394
0.06863090738891627
0.06893300422016005
0.09712967145656899
0.09851510609838605
0.10837062174557728
0.1164917055361083
0.1527497910594552
0.2084093396570604
0.09881987666758607
0.1210654559189854
0.057371436821607176
0.2969719080627521
0.1705122839739919
0.09632122192289931
0.269231837187446
0.2596078881536488
0.29382611891889876
0.2830171470266331
0.2554729943293981
0.16026702825867636
0.24143029486032958
0.08139389917888354
0.09628839000818873
0.1344354145312461
0.04486336339388425
0.10843897281574184
0.06900413017068137
0.160167271437645
0.18062439851833548
0.1957314848595406
0.13218280402356994
0.11875998441055857
0.12354805751863548
0.17312345192208217
0.14109609073834192
0.07159354230123852
0.16879296777086256
0.20566837012452974
0.1422412004898917
0.13160436502908665
0.24107510026653337
0.22641261346427757
0.2505797507315215
0.14036002205125253
0.41864283108354766
0.12545086635729055
0.1427185453982321
0.12120740993641553
0.10411214065448102
0.09795330712587204
0.07450120110796948
0.0893185606209374
0.16666877967585375
0.2223641006931784
0.20936939106051367
0.22396023349142674
0.11988156529251981
0.12091304312073507
0.10963368639317844
0.13844273875451288
0.1410427029963201
0.12902601497875546
0.06481791657745192
0.2742612185333832
0.20865756607981953
0.33981554795686947
0.2092146464994928
0.13733905985480843
0.28360999635169776
0.12594691528033983
0.14444627571907312
0.08134483377230627
0.08714120413966846
0.10401929391786943
0.09350426398483107
0.10604668535998943
0.157616755863343
0.22389816245258254
0.10317159501274532
0.11066664046215159
0.15450879750702026
0.31964377962358353
0.23915083695185357
0.14490447092454595
0.3443079388184579
0.3722187639496555
0.3985315578256119
0.25552708444633976
0.19550214214331288
0.4767420649398043
0.2174136780744853
0.4178675665815405
0.24508440482945357
0.1390469324169997
0.08397510105559228
0.13359981629466777
0.044652044373786
0.11565608490659841
0.0954076719764286
0.10345684689811196
0.10045655303872558
0.05502344770940392
0.18223276176577954
0.18803379402212764
0.2668613553813923
0.17288062357191858
0.07099261161644217
0.3663959116159989
0.35000912075884827
0.24182608624147112
0.3658491030546844
0.4031067437615146
0.17173596486369122
0.4441914783546377
0.38511856760621366
0.2758078724674555
0.15414218359122933
0.10344569174335581
0.0836533589062181
0.04766619465655542
0.10330726741894082
0.1313267334552584
0.10215361998018427
0.1393090242181167
0.1431938980095276
0.21471743687970404
0.27934006468614
0.18466355393480344
0.21327557781967343
0.045524154615461436
0.1547853171352587
0.19997263772345883
0.124543962057644
0.03767516244038191
0.11476047172128738
0.09130349923558254
0.06716590568965516
0.2045413607566785
0.19959808646538071
0.25606530463334604
0.13797586183349922
0.13133658132079865
0.10758458443868692
0.056537881106873016
0.0767325951359072
0.10912248351738538
0.1056365789390031
0.10262913185177171
0.18541633610271313
0.15706572943564023
0.3172927398925647
0.19284267194354213
0.1109519271113329
0.14130320403087754
0.1545588675471106
0.31046698745989665
0.5031380818631698
0.31275337225126854
0.2055082352906207
0.41656469772266236
0.5467172426699053
0.12385307139856341
0.3325687071098197
0.1437442645118264
0.3227840150015769
0.3241852962081254
0.11023788005566622
0.05697764142660858
0.10600002429892999
0.08758061771238654
0.11975604702959293
0.06387996644506691
0.20950504851460522
0.07714821368667948
0.1876807261361048
0.1589845619922924
0.18339212747631148
0.2199229701221003
0.16158052707832354
0.27203967815930513
0.18812393581995884
0.2246891026015271
0.2960036041247313
0.267696966298678
0.10356644546912666
0.26086838096808135
0.3096645233795885
0.15903265683968906
0.4714520248084654
0.0934097154237674
0.1319042638137333
0.14916534026587966
0.15074094817497355
0.15318314483765125
0.11834189855627893
0.14079972584199546
0.08644216017057087
0.14829411532806722
0.27486580589203674
0.07871801212169541
0.12546553122194867
0.08372258320084869
0.19604563572153433
0.07456299062061131
0.1128693907333098
0.02992008982979049
0.10519223880699992
0.03971455869783848
0.06554340765450144
0.035568680779719565
0.10489636963095507
0.22784501643718436
0.1392982053043756
0.04760380211484153
0.06511309235155743
0.10772337342756007
0.1045916305919516
0.06876822413039074
0.1000393626259664
0.07280209230854792
0.13321199810779344
0.15697324706150606
0.10751652099692886
0.08170346117728133
0.15467192553557707
0.08386989823811325
0.2471073799055129
0.3145471023380595
0.24302261948194193
0.07390387026153408
0.10351769576390794
0.10751900857447265
0.21132829052336094
0.21248392575752106
0.12235035836675269
0.20450640193173625
0.06362379640038852
0.09106751190232952
0.11729989441804821
0.1060744253921934
0.07783651419322855
0.0382252627466695
0.050323876588870435
0.11022781415242851
0.13506171464475586
0.17118525522661496
0.11785576568913257
0.1683902342838049
0.0839104223298249
0.1889748933549643
0.2032074623348626
0.13338948266825382
0.17329441809558607
0.16156360984794485
0.11587272729202669
0.1006721963657266
0.07657565567569383
0.09953879237145156
0.2339602641241204
0.18430866069817042
0.10301501945411191
0.17576370407515407
0.13947969678897354
0.06676081657727133
0.08513125788969822
0.1127147590132189
0.0690026962431748
0.0962828319672205
0.1669690837833779
0.058847315692134985
0.16385443268879976
0.1380655483156586
0.08177629945691446
0.15350976028107088
0.22801897117840242
0.2500809931755332
0.22342019720115971
0.33734883975241187
0.10425920383117138
0.1698865848934924
0.10078159327505207
0.15003474908543543
0.2382034795227607
0.18738976309501448
0.1855879384498695
0.05632490453159659
0.12729287589532737
0.11130837062321756
0.14298765576824188
0.037353152504994054
0.10006961170372189
0.15458875679332795
0.21634439985406823
0.0954076719764286
0.2224612289990424
0.03927179503668018
0.05256812195207129
0.11798254427482363
0.08080206290582435
0.19648468749431386
0.09079382946288803
0.03783616740807588
0.2693174339997908
0.3632342210871959
0.1061235037638706
0.20025885099848845
0.18940081542541473
0.3289987378741699
0.14234755941820443
0.17010717556627425
0.09869608101876938
0.04459837605122131
0.13567128785114949
0.12910434148121155
0.06280924566658033
0.17825193810892462
0.14727771444715743
0.16677307551988405
0.24740155396293867
0.1606621670923021
0.16277455234008567
0.08060982049209918
0.20946493650072115
0.1861142153176541
0.2911662825379718
0.08809655148986734
0.15783186265070068
0.27477130206068745
0.3702235715452029
0.5521017590953518
0.10662553985531166
0.3268166701597569
0.1984083842563481
0.24698659203887993
0.17486279175258157
0.05839252245532309
0.069097091176476
0.11666724904840749
0.12224941407464719
0.11491817067351884
0.09215305363529322
0.18730396192143534
0.24187544371875658
0.1047783759643283
0.06911138238262363
0.1428195611084098
0.09103038618526298
0.1961572790220592
0.11251876049502667
0.05294380021002383
0.11562069632146389
0.0971296706198562
0.24011051510787376
0.1929550710739606
0.26176577891280595
0.16263794860230577
0.2276757908039247
0.08129829910937572
0.12144353148875918
0.12415429816780431
0.03638712269883041
0.040828176391054925
0.10304676638438243
0.13106129264085822
0.13642095921848943
0.17180041485809397
0.23039455784966212
0.20870280823693052
0.09110686624086917
0.0851031818757835
0.19955094934482012
0.16519203999373003
0.16058899675908908
0.17784948456763902
0.07978781801115357
0.17986227025454482
0.24628776524596513
0.3227411144147873
0.33299435465739474
0.27046508264125363
0.199975666198585
0.2223641006931784
0.16233582041014957
0.04034516148797311
0.12599902339973792
0.10886400568038254
0.04706711888919502
0.13656543818837202
0.06111480232049131
0.09523678924360275
0.10885277524174457
0.21447464429040553
0.1816399124407159
0.13147097904287675
0.14979273506768473
0.20400970261253729
0.1309606504348946
0.16430172393898476
0.18443503983728776
0.22486794983206465
0.19553910433342897
0.4417529664721953
0.3479895688225292
0.2635526181055247
0.08418542120850928
0.08790528163673941
0.12578124862384485
0.11141224436789096
0.08439768358049077
0.13063228677296626
0.13257022984312358
0.10561456229645297
0.08587789011810373
0.09229230710276502
0.1528017982813123
0.1929664675923579
0.1408953824404966
0.16114347716223432
0.17297871527444256
0.41120941262313176
0.13790835278132238
0.31796793405615087
0.19865012769062482
0.10170147126000534
0.30138050704320496
0.3454045515526065
0.3323148485954039
0.11502600363170393
0.08680851174831584
0.1997446187522804
0.10685988821539544
0.11144703284684579
0.13763225100328394
0.059826523497939044
0.0883591443426114
0.07176374804223482
0.14015621704015852
0.09750280158944513
0.17735315578256175
0.14464392206464932
0.10707207784866019
0.20799230651011757
0.08102574999197514
0.28233309011309865
0.1983825272280695
0.0702115829951989
0.18820467169753805
0.26779949290392385
0.2615802531295872
0.3501967079870484
0.3394786179664115
0.28575337468077383
0.16862209009545215
0.0924126397018716
0.071622155642283
0.04864131536553437
0.12286728056413039
0.10931069513875814
0.07839359461290181
0.1403118245652089
0.04777822416317658
0.1248631886172933
0.15810649613364983
0.12319024956766432
0.06727324233478445
0.17370567796514452
0.05739827098288953
0.14843603261613209
0.12377535629119396
0.159417846763149
0.36259575954190887
0.3139781755092223
0.3139781755092223
0.2817772867525342
0.14622986631902737
0.15107909074856574
0.13687732790170445
0.11682908364643849
0.17370447590927446
0.045027722631738445
0.15008208682962437
0.14930682232761813
0.06938653044871229
0.1529872209524614
0.1696131806128352
0.12729156755666382
0.18501406927034525
0.09232293189183328
0.19209643448907543
0.06648028833567729
0.22410582156827494
0.24935538562816817
0.09179966574682795
0.12519785102732664
0.22639220635964594
0.34837284058000095
0.4854979934330552
0.3737436516586674
0.30348370525989227
0.19641225746646518
0.29565255399589685
0.18135333185616873
0.08686222315472582
0.1230846406421014
0.10519229698293453
0.11732764060984494
0.12673294418095601
0.17297519153593582
0.13840353537658823
0.1454458925697084
0.1559094282700594
0.14727771444715743
0.141964611455674
0.14351514045968647
0.1190320108928095
0.162853176017801
0.18498164824370827
0.22666983298258672
0.26694545239607403
0.16458631510122815
0.08395067357174842
0.29502733534899545
0.25814487669412345
0.2999361546880713
0.10726327798767564
0.24963516964611482
0.12181491843520739
0.10929879121377147
0.1504469171835105
0.09386805071493526
0.07660148837392114
0.12317977491235303
0.09644197564867014
0.16247049378066025
0.3564026297086431
0.16063657774531148
0.3916909886902606
0.1542341898258564
0.1763970860980429
0.23798457837203713
0.1677998806887621
0.19953062915634415
0.09854831036644894
0.1652387121223167
0.21385709317226498
0.36601605253557157
0.21654850130516426
0.4105709595038322
0.13385404528258968
0.15663555063628265
0.17858445822692495
0.11789532535418033
0.0549126799252416
0.06091636429032718
0.1374042320321055
0.09573723215596723
0.2211096243112878
0.12251399674347958
0.31330298532117423
0.232989784750092
0.13457914075756808
0.06336372606972517
0.12210055634061372
0.12659963161478627
0.14781277116146221
0.19261789066956453
0.18109667953834613
0.17930820101730097
0.1631651176771669
0.17362884623994373
0.369129954422573
0.24873640738408656
0.152918575200295
0.2286785911510169
0.10304248280240619
0.061470844693472006
0.08167599782898641
0.1353084507329842
0.12358511477570353
0.13419303547646572
0.10600852441825369
0.20236206788442843
0.11837124635970085
0.05946450140162844
0.13347443568789233
0.154886472261394
0.07374027520382438
0.17710348906582793
0.1432625145926266
0.17104855308628683
0.23713973002553848
0.28360999635169776
0.28976918829590365
0.389327206755266
0.2518736935556306
0.10329165576483433
0.23381292892813205
0.1726421077554781
0.08039965845600314
0.11508136783235706
0.10447461074620966
0.03853385560141627
0.041311191294136664
0.1296923007762995
0.20074790222546599
0.0853135020287006
0.06713036880832986
0.08299998034661342
0.22726854543496805
0.16387379927557558
0.43417243827725144
0.240405240463385
0.1378402013530725
0.1617170775792807
0.24681571436346858
0.18970639478162868
0.20194165213153728
0.5562734085392577
0.08871373719936079
0.3436797349556068
0.23586507957537695
0.055305206402868255
0.09227685027081188
0.08241695319943049
0.10587864819562645
0.05961040037970577
0.10494470249330458
0.10026868462462317
0.08690046318252892
0.15173937547322938
0.19199197373221516
0.08665695417138765
0.1474064162075252
0.10550484170366414
0.09595693894232599
0.26368113827070455
0.277407880335645
0.29245330014164667
0.21123898234292396
0.0774836407027085
0.22132712390847417
0.1972692308021554
0.3230447455860515
0.24162253829839317
0.2395120940591868
0.06707198612516706
0.17023896388179513
0.05552452037009108
0.07428881250804181
0.04738912882458296
0.08252736162612787
0.15657054684037533
0.1690283119492575
0.15709676774651662
0.15992861574555287
0.08422366123631236
0.17086894427865384
0.13725842562503754
0.10590717756231746
0.1814947922198034
0.2023440350237144
0.1710446395283475
0.11759805739869557
0.07925469534734182
0.24025640544017207
0.2092707140070196
0.2887262759349274
0.21376797193900543
0.11652698681519508
0.17561491172549765
0.16285114921561505
0.0708778915330329
0.13989881351942296
0.07068669139401743
0.13465603060760659
0.07523725470258551
0.18957032429109646
0.18861729295877486
0.13418591976880515
0.15338834109129829
0.10175170543254691
0.2593473871190914
0.1489831483208504
0.2032760826687773
0.2581619920107507
0.12519785102732664
0.19186145395133072
0.18593441987003234
0.3137561725983608
0.2119224930445675
0.27015441350677105
0.12298096115688768
0.18573723763974542
0.1569551753465649
0.16831001025603767
0.13795147756293324
0.14551879038880203
0.04249189439055897
0.07898496043977632
0.22888544326888044
0.19316012428445326
0.051280082210519794
0.07296208452663705
0.04367259748698118
0.15098751399305005
0.2396177138728672
0.090887304263229
0.2505823274354342
0.20722047732945234
0.1898266634142414
0.27089846758074027
0.3468168551623506
0.11036890535419523
0.3223121085468963
0.1890576896619843
0.33220769898486685
0.23017222877844953
0.21274400988740264
0.12023453883500448
0.09746742309854495
0.15008208682962437
0.04297490929364079
0.11915331198565784
0.19664602886283553
0.2026860061543744
0.18182232761765849
0.11739688535549601
0.11773471835809327
0.16704669828529745
0.10371643296468948
0.06100746567536202
0.13957288527560344
0.20846213615362896
0.10961503969756656
0.19481755941576148
0.09112598625477071
0.293089388864734
0.23621225868430124
0.22997807862136277
0.2327299045532717
0.19494026636990444
0.21814948382283572
0.04403485866429255
0.07434328383425226
0.16341025643747425
0.14508515421737028
0.13466494193114723
0.13028908207865347
0.13014880756945713
0.06755500102824888
0.10120223358088533
0.240230851149525
0.2617658994219986
0.20371214885078523
0.12803564978822565
0.19483472550347986
0.1044251386301615
0.3030061528775274
0.2663697433738424
0.2208877103357557
0.3117080950652188
0.33595449514584586
0.21439449226034288
0.0971262467613687
0.26076249543962127
0.23655383555538229
0.056888421918525355
0.11869163334039404
0.1544421124409459
0.09087621950777278
0.04329691922902864
0.1176987131120673
0.1620485043004953
0.19167982177392912
0.06491244719575041
0.09725038003355754
0.1824390227229178
0.2184434723375113
0.3908245165997825
0.32357949935435426
0.10347252590463855
0.24791164505792201
0.27188619371272876
0.15157466414839676
0.2500981595210655
0.27332052937361484
0.5906147391462988
0.2987596863996513
0.24873760220350058
0.17096179101526635
0.16273444032620163
0.07034782404271687
0.058736682705550915
0.12426701901172604
0.13337792432747236
0.19729979864330816
0.19798078626396415
0.1910754166444413
0.24688944545422048
0.053386563871182235
0.09493770416767823
0.20504135836960707
0.18977674631131877
0.4219744615502047
0.12631277766371887
0.1875813568688504
0.0474696313084299
0.19816685843150533
0.3002088351111647
0.12451050834998019
0.20303542762052243
0.1520041105172945
0.23218085065805846
0.06149048057844384
0.04869058564677563
0.08678074982020398
0.09454401672389846
0.03815817734346373
0.056767321273691565
0.10117497511835435
0.14763367568307173
0.15830368592380248
0.16117182344753772
0.07124457590907826
0.06489332718184886
0.1708070464542455
0.2262317583041106
0.14472693191363858
0.19798078626396415
0.1192350449604771
0.09289986635940323
0.24310370536294665
0.1582163495268297
0.286720675240742
0.08597665274856382
0.3495968817447963
0.3099689894199203
0.19878693907333156
0.09359509098896633
0.11349695200790386
0.03971455869783848
0.039110790068986205
0.12501230990358816
0.05020671575922687
0.11122656059428206
0.15171156762433693
0.2674267965626791
0.10449804026203569
0.14070777309474541
0.0936514083295068
0.056955507321731214
0.1554645090888144
0.15672529140139524
0.20769375340962096
0.15339789492106373
0.19695659394899534
0.2883746452555369
0.21514787054212514
0.49575884713608365
0.18897405791803357
0.30549981758482353
0.4035658199255488
0.18768411296186785
0.15630062073470802
0.16281466435396882
0.13345095856063427
0.15110195629992634
0.07808613677391597
0.12861309662288017
0.17398764910335365
0.22368661072601334
0.18238193961856705
0.1246681391505629
0.1691141131228357
0.05672741695083147
0.10439830446887877
0.16981668126371569
0.2406968259759223
0.1939803371264259
0.22779612684557593
0.45152316672747317
0.1466696266387637
0.1698048434596345
0.1951143271335738
0.30001875490622604
0.33277146443089617
0.06399947465834108
0.17504882858850035
0.14841116083095612
0.10191648552231623
0.0769006959120201
0.21415972925144433
0.20583303173420742
0.2502298509095667
0.374164865507225
0.12041829875442596
0.1782920571303899
0.20642924440112748
0.539173659248451
0.3176470379450812
0.14310658211863
0.2199165958584627
0.15136227554846918
0.2758649191833173
0.3720389287713884
0.16032131656446708
0.360802418475013
0.1162590037556654
0.1525658109480588
0.15446602081049807
0.1936961493530191
0.22651404596862487
0.16864220666815513
0.10657187969705072
0.17617312822812115
0.11202318709519567
0.20704618279513395
0.2529465045556698
0.08069032297594612
0.3183714598432372
0.1399669852485987
0.2697197698584441
0.1484943242304406
0.10137431370599963
0.07285474788150777
0.1753874854604482
0.12066032349225427
0.1120939832951715
0.06750133270568429
0.11668944484113863
0.1495215743490959
0.20936701933600924
0.20378871569501048
0.20690441444728289
0.14941543937926932
0.048328324469464265
0.05232661450053038
0.1386672319959773
0.12077634098040693
0.06871732996215818
0.16546756324575804
0.1825848973746288
0.12026200218329873
0.11745424539720047
0.16061297901198648
0.2757700954504902
0.16717342687641926
0.34681351015877526
0.22560389058986022
0.09398664989133733
0.18727954766957464
0.33365173148467997
0.11756046057785807
0.17586588786642482
0.2777355841307915
0.1357903387287836
0.3242429770156885
0.3209821903564319
0.20013123737139246
0.15328379659763883
0.10754647192276787
0.1442317727851281
0.04842224403395237
0.13579546787165506
0.15213425757023064
0.12333950611156975
0.06071899844157705
0.16294040738804055
0.3790131338927407
0.2554300937426085
0.15599562199373895
0.08199379893875204
0.12620242368161474
0.0842474779713181
0.0847902488377999
0.15573791336947163
0.06473741409360498
0.16975404275585085
0.21664796328521585
0.24440250059343102
0.252143378329078
0.28309019569736327
0.18724775671523727
0.1590155109044966
0.1761065322784479
0.11546860216068873
0.07261324042996685
0.21026717677839585
0.13724345978530073
0.27548898829741325
0.3120578817536074
0.3314455707210762
0.27792908474423106
0.2457336101163405
0.17274491325495617
0.6063733138800086
0.37033468343386566
0.524665141598896
0.5152772710689548
0.32138384777736695
0.555648400093091
0.24995594173491795
0.3606885972572765
0.47291134622400705
0.2980070756129613
0.10785991127429893
0.20787982557716211
0.24904232032105117
0.11198592142135771
0.13427679262095268
0.1068043976540391
0.08349449282994895
0.25852790952207333
0.25587223116024504
0.3198488328340771
0.22125377334687504
0.22713406666564742
0.2506599747592887
0.19025298806856164
0.23110163208631912
0.20723842623319846
0.08876740552192548
0.22995061527306757
0.1955939665561671
0.23077201318810076
0.5007356490029774
0.339968788542375
0.24226459631752156
0.22871476459979775
0.25757874365772165
0.18208725091782937
0.217377273260631
0.20741922379265268
0.19485477384927014
0.22351205717148015
0.16895451871012887
0.25611145990582007
0.16306724727781755
0.19629426379983844
0.14328100416696535
0.5157508543791799
0.2865559780974564
0.19247128499709298
0.08819047105435554
0.10357311530467743
0.20974096881216195
0.14481423555892545
0.11147798175904902
0.16903690875501354
0.24975772148682054
0.2354158215837499
0.2507601403146294
0.23222276088338015
0.2222250395678053
0.1626943283123185
0.17680591025173303
0.12500265639222696
0.16589656911364903
0.10711465056353262
0.14279828090956492
0.2119288987384093
0.3053630062021168
0.3101390491969552
0.27876801295590664
0.23500387135932663
0.23963885199621232
0.31608952397503765
0.21511927640629977
0.2852114184073342
0.4820260708405144
0.38269764185019706
0.2518114405157959
0.17144345643276349
0.3949228326920431
0.15739577300146756
0.11490387861090824
0.10172830542128805
0.11081960057336378
0.17985735714543963
0.19832941272624746
0.2176213060926673
0.1666908411311054
0.16428179714001592
0.20027928532135217
0.12297299935813358
0.2788587205195359
0.19603338012888558
0.3153694153594427
0.20345606792635662
0.16032131656446708
0.2211840630518376
0.2698446909037637
0.16513711329714056
0.3289755922130528
0.3350054724553097
0.34134439985406917
0.23179065960882514
0.1629407584689791
0.11742628977144635
0.24471304879755806
0.1935891421306402
0.15695303550526468
0.22336102991659978
0.07489414413896434
0.11391704282541444
0.12962784215586814
0.11424208306173998
0.11839112607837567
0.19841347614027371
0.3193177672382348
0.2395705009260478
0.3168637340246737
0.1260008916111918
0.13154569564264015
0.29916089018606407
0.18973381593540564
0.26014417304551674
0.2923363571844612
0.26824377485999246
0.1803651188052616
0.4085643925574618
0.3389118459597594
0.20861159364794235
0.30814049065464255
0.2720030837190319
0.21200004859785904
0.3409351379797792
