tempo,bus,fp
0,bus1003,0.9107872427228
1,bus1004,0.8687551421939479
2,bus1005,0.8761871728128122
3,bus1006,0.8504993876048293
4,bus1007,0.9195487694415007
5,bus1008,0.9240664909947701
6,bus1009,0.9106768593594169
7,bus1010,0.9284233619897491
8,bus1011,0.9116763233776716
9,bus1012,0.878121607559113
10,bus1013,0.9135407080306923
11,bus1014,0.9476518612567277
12,bus1015,0.9443502432605619
13,bus1016,0.8685031978175843
14,bus1017,0.8520625333776911
