Feeder,P_base (kW),Q_base (kvar)
FeederA,284.09327499999995,152.03661648188017
FeederB,1167.882975,567.3292718795989
FeederC,2324.247575189209,1122.8142304538094
